tick	heap_used_bytes	species_counts	minimum_air	maximum_brain_memories	counters	moving_entities	position_samples
-2400	774653952	{AmericanLobsterEntityForge=20, AtlanticCodEntityForge=16, AtlanticSalmonEntityForge=16, BlackSeaNettleJellyfishEntityForge=2, BlacktipReefSharkEntityForge=6, BottlenoseDolphinEntityForge=8, CannonballJellyfishEntityForge=4, CaribbeanReefOctopusEntityForge=4, CommonOctopusEntityForge=6, CommonStingrayEntityForge=6, CommonThresherSharkEntityForge=2, GiantMorayEelEntityForge=8, GreatHammerheadSharkEntityForge=2, GreatWhiteSharkEntityForge=2, GreenSeaTurtleEntityForge=6, HarborSealEntityForge=6, NautilusEntityForge=2, OceanicWhitetipSharkEntityForge=2, OrcaEntityForge=2, SandtigerSharkEntityForge=2, ShortfinMakoSharkEntityForge=2, TigerSharkEntityForge=2}	{AmericanLobsterEntityForge=300, AtlanticCodEntityForge=300, AtlanticSalmonEntityForge=300, BlackSeaNettleJellyfishEntityForge=300, BlacktipReefSharkEntityForge=300, BottlenoseDolphinEntityForge=700, CannonballJellyfishEntityForge=300, CaribbeanReefOctopusEntityForge=300, CommonOctopusEntityForge=300, CommonStingrayEntityForge=300, CommonThresherSharkEntityForge=300, GiantMorayEelEntityForge=300, GreatHammerheadSharkEntityForge=300, GreatWhiteSharkEntityForge=300, GreenSeaTurtleEntityForge=300, HarborSealEntityForge=300, NautilusEntityForge=300, OceanicWhitetipSharkEntityForge=300, OrcaEntityForge=700, SandtigerSharkEntityForge=300, ShortfinMakoSharkEntityForge=300, TigerSharkEntityForge=300}	11	{}	0	126
-2200	945571840	{AmericanLobsterEntityForge=20, AtlanticCodEntityForge=16, AtlanticSalmonEntityForge=16, BlackSeaNettleJellyfishEntityForge=2, BlacktipReefSharkEntityForge=6, BottlenoseDolphinEntityForge=8, CannonballJellyfishEntityForge=4, CaribbeanReefOctopusEntityForge=4, CommonOctopusEntityForge=6, CommonStingrayEntityForge=6, CommonThresherSharkEntityForge=2, GiantMorayEelEntityForge=8, GreatHammerheadSharkEntityForge=2, GreatWhiteSharkEntityForge=2, GreenSeaTurtleEntityForge=6, HarborSealEntityForge=6, NautilusEntityForge=2, OceanicWhitetipSharkEntityForge=2, OrcaEntityForge=2, SandtigerSharkEntityForge=2, ShortfinMakoSharkEntityForge=2, TigerSharkEntityForge=2}	{AmericanLobsterEntityForge=300, AtlanticCodEntityForge=300, AtlanticSalmonEntityForge=300, BlackSeaNettleJellyfishEntityForge=300, BlacktipReefSharkEntityForge=300, BottlenoseDolphinEntityForge=700, CannonballJellyfishEntityForge=300, CaribbeanReefOctopusEntityForge=300, CommonOctopusEntityForge=300, CommonStingrayEntityForge=300, CommonThresherSharkEntityForge=300, GiantMorayEelEntityForge=300, GreatHammerheadSharkEntityForge=300, GreatWhiteSharkEntityForge=300, GreenSeaTurtleEntityForge=300, HarborSealEntityForge=300, NautilusEntityForge=300, OceanicWhitetipSharkEntityForge=300, OrcaEntityForge=700, SandtigerSharkEntityForge=300, ShortfinMakoSharkEntityForge=300, TigerSharkEntityForge=300}	11	{}	123	126
-2000	1107052544	{AmericanLobsterEntityForge=20, AtlanticCodEntityForge=16, AtlanticSalmonEntityForge=16, BlackSeaNettleJellyfishEntityForge=2, BlacktipReefSharkEntityForge=6, BottlenoseDolphinEntityForge=6, CannonballJellyfishEntityForge=4, CaribbeanReefOctopusEntityForge=4, CommonOctopusEntityForge=6, CommonStingrayEntityForge=6, CommonThresherSharkEntityForge=2, GiantMorayEelEntityForge=8, GreatHammerheadSharkEntityForge=2, GreatWhiteSharkEntityForge=2, GreenSeaTurtleEntityForge=6, HarborSealEntityForge=6, NautilusEntityForge=2, OceanicWhitetipSharkEntityForge=2, OrcaEntityForge=2, SandtigerSharkEntityForge=2, ShortfinMakoSharkEntityForge=2, TigerSharkEntityForge=2}	{AmericanLobsterEntityForge=300, AtlanticCodEntityForge=300, AtlanticSalmonEntityForge=300, BlackSeaNettleJellyfishEntityForge=300, BlacktipReefSharkEntityForge=300, BottlenoseDolphinEntityForge=700, CannonballJellyfishEntityForge=300, CaribbeanReefOctopusEntityForge=300, CommonOctopusEntityForge=300, CommonStingrayEntityForge=300, CommonThresherSharkEntityForge=300, GiantMorayEelEntityForge=300, GreatHammerheadSharkEntityForge=300, GreatWhiteSharkEntityForge=300, GreenSeaTurtleEntityForge=300, HarborSealEntityForge=300, NautilusEntityForge=300, OceanicWhitetipSharkEntityForge=300, OrcaEntityForge=700, SandtigerSharkEntityForge=300, ShortfinMakoSharkEntityForge=300, TigerSharkEntityForge=300}	11	{}	118	124
-1800	1274824704	{AmericanLobsterEntityForge=20, AtlanticCodEntityForge=16, AtlanticSalmonEntityForge=16, BlackSeaNettleJellyfishEntityForge=2, BlacktipReefSharkEntityForge=6, BottlenoseDolphinEntityForge=8, CannonballJellyfishEntityForge=4, CaribbeanReefOctopusEntityForge=4, CommonOctopusEntityForge=6, CommonStingrayEntityForge=6, CommonThresherSharkEntityForge=2, GiantMorayEelEntityForge=8, GreatHammerheadSharkEntityForge=2, GreatWhiteSharkEntityForge=2, GreenSeaTurtleEntityForge=6, HarborSealEntityForge=6, NautilusEntityForge=2, OceanicWhitetipSharkEntityForge=2, OrcaEntityForge=2, SandtigerSharkEntityForge=1, ShortfinMakoSharkEntityForge=2, TigerSharkEntityForge=2}	{AmericanLobsterEntityForge=300, AtlanticCodEntityForge=300, AtlanticSalmonEntityForge=300, BlackSeaNettleJellyfishEntityForge=300, BlacktipReefSharkEntityForge=300, BottlenoseDolphinEntityForge=700, CannonballJellyfishEntityForge=300, CaribbeanReefOctopusEntityForge=300, CommonOctopusEntityForge=300, CommonStingrayEntityForge=300, CommonThresherSharkEntityForge=300, GiantMorayEelEntityForge=300, GreatHammerheadSharkEntityForge=300, GreatWhiteSharkEntityForge=300, GreenSeaTurtleEntityForge=300, HarborSealEntityForge=300, NautilusEntityForge=300, OceanicWhitetipSharkEntityForge=300, OrcaEntityForge=700, SandtigerSharkEntityForge=300, ShortfinMakoSharkEntityForge=300, TigerSharkEntityForge=300}	11	{}	116	125
-1600	346811392	{AmericanLobsterEntityForge=20, AtlanticCodEntityForge=16, AtlanticSalmonEntityForge=16, BlackSeaNettleJellyfishEntityForge=2, BlacktipReefSharkEntityForge=6, BottlenoseDolphinEntityForge=8, CannonballJellyfishEntityForge=4, CaribbeanReefOctopusEntityForge=4, CommonOctopusEntityForge=6, CommonStingrayEntityForge=6, CommonThresherSharkEntityForge=2, GiantMorayEelEntityForge=8, GreatHammerheadSharkEntityForge=2, GreatWhiteSharkEntityForge=2, GreenSeaTurtleEntityForge=6, HarborSealEntityForge=6, NautilusEntityForge=2, OceanicWhitetipSharkEntityForge=2, OrcaEntityForge=2, SandtigerSharkEntityForge=2, ShortfinMakoSharkEntityForge=2, TigerSharkEntityForge=2}	{AmericanLobsterEntityForge=300, AtlanticCodEntityForge=300, AtlanticSalmonEntityForge=300, BlackSeaNettleJellyfishEntityForge=300, BlacktipReefSharkEntityForge=300, BottlenoseDolphinEntityForge=700, CannonballJellyfishEntityForge=300, CaribbeanReefOctopusEntityForge=300, CommonOctopusEntityForge=300, CommonStingrayEntityForge=300, CommonThresherSharkEntityForge=300, GiantMorayEelEntityForge=300, GreatHammerheadSharkEntityForge=300, GreatWhiteSharkEntityForge=300, GreenSeaTurtleEntityForge=300, HarborSealEntityForge=300, NautilusEntityForge=300, OceanicWhitetipSharkEntityForge=300, OrcaEntityForge=700, SandtigerSharkEntityForge=300, ShortfinMakoSharkEntityForge=300, TigerSharkEntityForge=300}	11	{}	118	126
-1400	509340672	{AmericanLobsterEntityForge=20, AtlanticCodEntityForge=16, AtlanticSalmonEntityForge=16, BlackSeaNettleJellyfishEntityForge=2, BlacktipReefSharkEntityForge=6, BottlenoseDolphinEntityForge=8, CannonballJellyfishEntityForge=4, CaribbeanReefOctopusEntityForge=4, CommonOctopusEntityForge=4, CommonStingrayEntityForge=6, CommonThresherSharkEntityForge=2, GiantMorayEelEntityForge=8, GreatHammerheadSharkEntityForge=2, GreatWhiteSharkEntityForge=2, GreenSeaTurtleEntityForge=6, HarborSealEntityForge=6, NautilusEntityForge=2, OceanicWhitetipSharkEntityForge=2, OrcaEntityForge=2, SandtigerSharkEntityForge=2, ShortfinMakoSharkEntityForge=2, TigerSharkEntityForge=2}	{AmericanLobsterEntityForge=300, AtlanticCodEntityForge=300, AtlanticSalmonEntityForge=300, BlackSeaNettleJellyfishEntityForge=300, BlacktipReefSharkEntityForge=300, BottlenoseDolphinEntityForge=700, CannonballJellyfishEntityForge=300, CaribbeanReefOctopusEntityForge=300, CommonOctopusEntityForge=300, CommonStingrayEntityForge=300, CommonThresherSharkEntityForge=300, GiantMorayEelEntityForge=300, GreatHammerheadSharkEntityForge=300, GreatWhiteSharkEntityForge=300, GreenSeaTurtleEntityForge=300, HarborSealEntityForge=300, NautilusEntityForge=300, OceanicWhitetipSharkEntityForge=300, OrcaEntityForge=699, SandtigerSharkEntityForge=300, ShortfinMakoSharkEntityForge=300, TigerSharkEntityForge=300}	11	{}	115	124
-1200	671869952	{AmericanLobsterEntityForge=20, AtlanticCodEntityForge=15, AtlanticSalmonEntityForge=16, BlackSeaNettleJellyfishEntityForge=2, BlacktipReefSharkEntityForge=6, BottlenoseDolphinEntityForge=8, CannonballJellyfishEntityForge=4, CaribbeanReefOctopusEntityForge=4, CommonOctopusEntityForge=6, CommonStingrayEntityForge=6, CommonThresherSharkEntityForge=2, GiantMorayEelEntityForge=8, GreatHammerheadSharkEntityForge=2, GreatWhiteSharkEntityForge=2, GreenSeaTurtleEntityForge=6, HarborSealEntityForge=6, NautilusEntityForge=2, OceanicWhitetipSharkEntityForge=2, OrcaEntityForge=2, SandtigerSharkEntityForge=2, ShortfinMakoSharkEntityForge=2, TigerSharkEntityForge=2}	{AmericanLobsterEntityForge=300, AtlanticCodEntityForge=300, AtlanticSalmonEntityForge=300, BlackSeaNettleJellyfishEntityForge=300, BlacktipReefSharkEntityForge=300, BottlenoseDolphinEntityForge=700, CannonballJellyfishEntityForge=300, CaribbeanReefOctopusEntityForge=300, CommonOctopusEntityForge=300, CommonStingrayEntityForge=300, CommonThresherSharkEntityForge=300, GiantMorayEelEntityForge=300, GreatHammerheadSharkEntityForge=300, GreatWhiteSharkEntityForge=300, GreenSeaTurtleEntityForge=300, HarborSealEntityForge=300, NautilusEntityForge=300, OceanicWhitetipSharkEntityForge=300, OrcaEntityForge=700, SandtigerSharkEntityForge=300, ShortfinMakoSharkEntityForge=300, TigerSharkEntityForge=300}	11	{}	110	125
-1000	836496384	{AmericanLobsterEntityForge=20, AtlanticCodEntityForge=16, AtlanticSalmonEntityForge=16, BlackSeaNettleJellyfishEntityForge=2, BlacktipReefSharkEntityForge=5, BottlenoseDolphinEntityForge=8, CannonballJellyfishEntityForge=4, CaribbeanReefOctopusEntityForge=4, CommonOctopusEntityForge=5, CommonStingrayEntityForge=6, CommonThresherSharkEntityForge=2, GiantMorayEelEntityForge=8, GreatHammerheadSharkEntityForge=2, GreatWhiteSharkEntityForge=2, GreenSeaTurtleEntityForge=6, HarborSealEntityForge=6, NautilusEntityForge=2, OceanicWhitetipSharkEntityForge=2, OrcaEntityForge=2, SandtigerSharkEntityForge=2, ShortfinMakoSharkEntityForge=2, TigerSharkEntityForge=2}	{AmericanLobsterEntityForge=300, AtlanticCodEntityForge=300, AtlanticSalmonEntityForge=300, BlackSeaNettleJellyfishEntityForge=300, BlacktipReefSharkEntityForge=300, BottlenoseDolphinEntityForge=700, CannonballJellyfishEntityForge=300, CaribbeanReefOctopusEntityForge=300, CommonOctopusEntityForge=300, CommonStingrayEntityForge=300, CommonThresherSharkEntityForge=300, GiantMorayEelEntityForge=300, GreatHammerheadSharkEntityForge=300, GreatWhiteSharkEntityForge=300, GreenSeaTurtleEntityForge=300, HarborSealEntityForge=300, NautilusEntityForge=300, OceanicWhitetipSharkEntityForge=300, OrcaEntityForge=700, SandtigerSharkEntityForge=300, ShortfinMakoSharkEntityForge=300, TigerSharkEntityForge=300}	11	{}	107	124
-800	995879936	{AmericanLobsterEntityForge=20, AtlanticCodEntityForge=16, AtlanticSalmonEntityForge=16, BlackSeaNettleJellyfishEntityForge=2, BlacktipReefSharkEntityForge=6, BottlenoseDolphinEntityForge=8, CannonballJellyfishEntityForge=4, CaribbeanReefOctopusEntityForge=4, CommonOctopusEntityForge=6, CommonStingrayEntityForge=6, CommonThresherSharkEntityForge=2, GiantMorayEelEntityForge=8, GreatHammerheadSharkEntityForge=2, GreatWhiteSharkEntityForge=2, GreenSeaTurtleEntityForge=6, HarborSealEntityForge=6, NautilusEntityForge=2, OceanicWhitetipSharkEntityForge=2, OrcaEntityForge=2, SandtigerSharkEntityForge=2, ShortfinMakoSharkEntityForge=2, TigerSharkEntityForge=2}	{AmericanLobsterEntityForge=300, AtlanticCodEntityForge=300, AtlanticSalmonEntityForge=300, BlackSeaNettleJellyfishEntityForge=300, BlacktipReefSharkEntityForge=300, BottlenoseDolphinEntityForge=700, CannonballJellyfishEntityForge=300, CaribbeanReefOctopusEntityForge=300, CommonOctopusEntityForge=300, CommonStingrayEntityForge=300, CommonThresherSharkEntityForge=300, GiantMorayEelEntityForge=300, GreatHammerheadSharkEntityForge=300, GreatWhiteSharkEntityForge=300, GreenSeaTurtleEntityForge=300, HarborSealEntityForge=300, NautilusEntityForge=300, OceanicWhitetipSharkEntityForge=300, OrcaEntityForge=700, SandtigerSharkEntityForge=300, ShortfinMakoSharkEntityForge=300, TigerSharkEntityForge=300}	11	{}	113	126
-600	1162603520	{AmericanLobsterEntityForge=19, AtlanticCodEntityForge=16, AtlanticSalmonEntityForge=16, BlackSeaNettleJellyfishEntityForge=2, BlacktipReefSharkEntityForge=6, BottlenoseDolphinEntityForge=8, CannonballJellyfishEntityForge=4, CaribbeanReefOctopusEntityForge=4, CommonOctopusEntityForge=6, CommonStingrayEntityForge=6, CommonThresherSharkEntityForge=2, GiantMorayEelEntityForge=8, GreatHammerheadSharkEntityForge=2, GreatWhiteSharkEntityForge=2, GreenSeaTurtleEntityForge=6, HarborSealEntityForge=6, NautilusEntityForge=2, OceanicWhitetipSharkEntityForge=2, OrcaEntityForge=2, SandtigerSharkEntityForge=2, ShortfinMakoSharkEntityForge=2, TigerSharkEntityForge=2}	{AmericanLobsterEntityForge=300, AtlanticCodEntityForge=300, AtlanticSalmonEntityForge=300, BlackSeaNettleJellyfishEntityForge=300, BlacktipReefSharkEntityForge=300, BottlenoseDolphinEntityForge=700, CannonballJellyfishEntityForge=300, CaribbeanReefOctopusEntityForge=300, CommonOctopusEntityForge=300, CommonStingrayEntityForge=300, CommonThresherSharkEntityForge=300, GiantMorayEelEntityForge=300, GreatHammerheadSharkEntityForge=300, GreatWhiteSharkEntityForge=300, GreenSeaTurtleEntityForge=300, HarborSealEntityForge=300, NautilusEntityForge=300, OceanicWhitetipSharkEntityForge=300, OrcaEntityForge=700, SandtigerSharkEntityForge=300, ShortfinMakoSharkEntityForge=300, TigerSharkEntityForge=300}	11	{}	112	125
-400	1330375680	{AmericanLobsterEntityForge=19, AtlanticCodEntityForge=14, AtlanticSalmonEntityForge=16, BlackSeaNettleJellyfishEntityForge=2, BlacktipReefSharkEntityForge=6, BottlenoseDolphinEntityForge=8, CannonballJellyfishEntityForge=4, CaribbeanReefOctopusEntityForge=4, CommonOctopusEntityForge=6, CommonStingrayEntityForge=6, CommonThresherSharkEntityForge=2, GiantMorayEelEntityForge=8, GreatHammerheadSharkEntityForge=2, GreatWhiteSharkEntityForge=2, GreenSeaTurtleEntityForge=6, HarborSealEntityForge=6, NautilusEntityForge=2, OceanicWhitetipSharkEntityForge=2, OrcaEntityForge=2, SandtigerSharkEntityForge=2, ShortfinMakoSharkEntityForge=2, TigerSharkEntityForge=2}	{AmericanLobsterEntityForge=300, AtlanticCodEntityForge=300, AtlanticSalmonEntityForge=300, BlackSeaNettleJellyfishEntityForge=300, BlacktipReefSharkEntityForge=300, BottlenoseDolphinEntityForge=700, CannonballJellyfishEntityForge=300, CaribbeanReefOctopusEntityForge=300, CommonOctopusEntityForge=300, CommonStingrayEntityForge=300, CommonThresherSharkEntityForge=300, GiantMorayEelEntityForge=300, GreatHammerheadSharkEntityForge=300, GreatWhiteSharkEntityForge=300, GreenSeaTurtleEntityForge=300, HarborSealEntityForge=300, NautilusEntityForge=300, OceanicWhitetipSharkEntityForge=300, OrcaEntityForge=699, SandtigerSharkEntityForge=300, ShortfinMakoSharkEntityForge=300, TigerSharkEntityForge=300}	11	{}	109	123
-200	1490807808	{AmericanLobsterEntityForge=20, AtlanticCodEntityForge=16, AtlanticSalmonEntityForge=16, BlackSeaNettleJellyfishEntityForge=2, BlacktipReefSharkEntityForge=6, BottlenoseDolphinEntityForge=8, CannonballJellyfishEntityForge=4, CaribbeanReefOctopusEntityForge=4, CommonOctopusEntityForge=6, CommonStingrayEntityForge=6, CommonThresherSharkEntityForge=2, GiantMorayEelEntityForge=8, GreatHammerheadSharkEntityForge=2, GreatWhiteSharkEntityForge=2, GreenSeaTurtleEntityForge=6, HarborSealEntityForge=6, NautilusEntityForge=2, OceanicWhitetipSharkEntityForge=2, OrcaEntityForge=2, SandtigerSharkEntityForge=2, ShortfinMakoSharkEntityForge=2, TigerSharkEntityForge=2}	{AmericanLobsterEntityForge=300, AtlanticCodEntityForge=300, AtlanticSalmonEntityForge=300, BlackSeaNettleJellyfishEntityForge=300, BlacktipReefSharkEntityForge=300, BottlenoseDolphinEntityForge=700, CannonballJellyfishEntityForge=300, CaribbeanReefOctopusEntityForge=300, CommonOctopusEntityForge=300, CommonStingrayEntityForge=300, CommonThresherSharkEntityForge=300, GiantMorayEelEntityForge=300, GreatHammerheadSharkEntityForge=300, GreatWhiteSharkEntityForge=300, GreenSeaTurtleEntityForge=300, HarborSealEntityForge=300, NautilusEntityForge=300, OceanicWhitetipSharkEntityForge=300, OrcaEntityForge=700, SandtigerSharkEntityForge=300, ShortfinMakoSharkEntityForge=300, TigerSharkEntityForge=300}	11	{}	112	126
0	379317248	{AmericanLobsterEntityForge=20, AtlanticCodEntityForge=16, AtlanticSalmonEntityForge=16, BlackSeaNettleJellyfishEntityForge=2, BlacktipReefSharkEntityForge=6, BottlenoseDolphinEntityForge=8, CannonballJellyfishEntityForge=4, CaribbeanReefOctopusEntityForge=4, CommonOctopusEntityForge=5, CommonStingrayEntityForge=6, CommonThresherSharkEntityForge=2, GiantMorayEelEntityForge=8, GreatHammerheadSharkEntityForge=2, GreatWhiteSharkEntityForge=2, GreenSeaTurtleEntityForge=6, HarborSealEntityForge=6, NautilusEntityForge=2, OceanicWhitetipSharkEntityForge=2, OrcaEntityForge=2, SandtigerSharkEntityForge=2, ShortfinMakoSharkEntityForge=2, TigerSharkEntityForge=2}	{AmericanLobsterEntityForge=300, AtlanticCodEntityForge=300, AtlanticSalmonEntityForge=300, BlackSeaNettleJellyfishEntityForge=300, BlacktipReefSharkEntityForge=300, BottlenoseDolphinEntityForge=700, CannonballJellyfishEntityForge=300, CaribbeanReefOctopusEntityForge=300, CommonOctopusEntityForge=300, CommonStingrayEntityForge=300, CommonThresherSharkEntityForge=300, GiantMorayEelEntityForge=300, GreatHammerheadSharkEntityForge=300, GreatWhiteSharkEntityForge=300, GreenSeaTurtleEntityForge=300, HarborSealEntityForge=300, NautilusEntityForge=300, OceanicWhitetipSharkEntityForge=300, OrcaEntityForge=700, SandtigerSharkEntityForge=300, ShortfinMakoSharkEntityForge=300, TigerSharkEntityForge=300}	11	{}	112	125
0	380365824	{AmericanLobsterEntityForge=20, AtlanticCodEntityForge=16, AtlanticSalmonEntityForge=16, BlackSeaNettleJellyfishEntityForge=2, BlacktipReefSharkEntityForge=6, BottlenoseDolphinEntityForge=8, CannonballJellyfishEntityForge=4, CaribbeanReefOctopusEntityForge=4, CommonOctopusEntityForge=6, CommonStingrayEntityForge=6, CommonThresherSharkEntityForge=2, GiantMorayEelEntityForge=8, GreatHammerheadSharkEntityForge=2, GreatWhiteSharkEntityForge=2, GreenSeaTurtleEntityForge=6, HarborSealEntityForge=6, NautilusEntityForge=2, OceanicWhitetipSharkEntityForge=2, OrcaEntityForge=2, SandtigerSharkEntityForge=2, ShortfinMakoSharkEntityForge=2, TigerSharkEntityForge=2}	{AmericanLobsterEntityForge=300, AtlanticCodEntityForge=300, AtlanticSalmonEntityForge=300, BlackSeaNettleJellyfishEntityForge=300, BlacktipReefSharkEntityForge=300, BottlenoseDolphinEntityForge=700, CannonballJellyfishEntityForge=300, CaribbeanReefOctopusEntityForge=300, CommonOctopusEntityForge=300, CommonStingrayEntityForge=300, CommonThresherSharkEntityForge=300, GiantMorayEelEntityForge=300, GreatHammerheadSharkEntityForge=300, GreatWhiteSharkEntityForge=300, GreenSeaTurtleEntityForge=300, HarborSealEntityForge=300, NautilusEntityForge=300, OceanicWhitetipSharkEntityForge=300, OrcaEntityForge=700, SandtigerSharkEntityForge=300, ShortfinMakoSharkEntityForge=300, TigerSharkEntityForge=300}	11	{}	75	126
200	539749376	{AmericanLobsterEntityForge=19, AtlanticCodEntityForge=16, AtlanticSalmonEntityForge=16, BlackSeaNettleJellyfishEntityForge=2, BlacktipReefSharkEntityForge=6, BottlenoseDolphinEntityForge=7, CannonballJellyfishEntityForge=4, CaribbeanReefOctopusEntityForge=4, CommonOctopusEntityForge=6, CommonStingrayEntityForge=6, CommonThresherSharkEntityForge=2, GiantMorayEelEntityForge=8, GreatHammerheadSharkEntityForge=2, GreatWhiteSharkEntityForge=2, GreenSeaTurtleEntityForge=6, HarborSealEntityForge=6, NautilusEntityForge=2, OceanicWhitetipSharkEntityForge=2, OrcaEntityForge=2, SandtigerSharkEntityForge=2, ShortfinMakoSharkEntityForge=2, TigerSharkEntityForge=2}	{AmericanLobsterEntityForge=300, AtlanticCodEntityForge=300, AtlanticSalmonEntityForge=300, BlackSeaNettleJellyfishEntityForge=300, BlacktipReefSharkEntityForge=300, BottlenoseDolphinEntityForge=700, CannonballJellyfishEntityForge=300, CaribbeanReefOctopusEntityForge=300, CommonOctopusEntityForge=300, CommonStingrayEntityForge=300, CommonThresherSharkEntityForge=300, GiantMorayEelEntityForge=300, GreatHammerheadSharkEntityForge=300, GreatWhiteSharkEntityForge=300, GreenSeaTurtleEntityForge=300, HarborSealEntityForge=300, NautilusEntityForge=300, OceanicWhitetipSharkEntityForge=300, OrcaEntityForge=700, SandtigerSharkEntityForge=300, ShortfinMakoSharkEntityForge=300, TigerSharkEntityForge=300}	11	{death_AmericanLobsterEntityForge_mob_by_SandtigerSharkEntityForge=1, death_BottlenoseDolphinEntityForge_mob_by_OceanicWhitetipSharkEntityForge=1, living_deaths=2, navigation_calls=654, sensor_calls=859}	115	124
400	701230080	{AmericanLobsterEntityForge=20, AtlanticCodEntityForge=16, AtlanticSalmonEntityForge=16, BlackSeaNettleJellyfishEntityForge=2, BlacktipReefSharkEntityForge=6, BottlenoseDolphinEntityForge=8, CannonballJellyfishEntityForge=4, CaribbeanReefOctopusEntityForge=4, CommonOctopusEntityForge=6, CommonStingrayEntityForge=6, CommonThresherSharkEntityForge=2, GiantMorayEelEntityForge=8, GreatHammerheadSharkEntityForge=2, GreatWhiteSharkEntityForge=2, GreenSeaTurtleEntityForge=6, HarborSealEntityForge=6, NautilusEntityForge=2, OceanicWhitetipSharkEntityForge=2, OrcaEntityForge=2, SandtigerSharkEntityForge=2, ShortfinMakoSharkEntityForge=2, TigerSharkEntityForge=2}	{AmericanLobsterEntityForge=300, AtlanticCodEntityForge=300, AtlanticSalmonEntityForge=300, BlackSeaNettleJellyfishEntityForge=300, BlacktipReefSharkEntityForge=300, BottlenoseDolphinEntityForge=700, CannonballJellyfishEntityForge=300, CaribbeanReefOctopusEntityForge=300, CommonOctopusEntityForge=300, CommonStingrayEntityForge=300, CommonThresherSharkEntityForge=300, GiantMorayEelEntityForge=300, GreatHammerheadSharkEntityForge=300, GreatWhiteSharkEntityForge=300, GreenSeaTurtleEntityForge=300, HarborSealEntityForge=300, NautilusEntityForge=300, OceanicWhitetipSharkEntityForge=300, OrcaEntityForge=700, SandtigerSharkEntityForge=300, ShortfinMakoSharkEntityForge=300, TigerSharkEntityForge=300}	11	{death_AmericanLobsterEntityForge_mob_by_SandtigerSharkEntityForge=1, death_AtlanticSalmonEntityForge_mob_by_BlacktipReefSharkEntityForge=1, death_BottlenoseDolphinEntityForge_mob_by_OceanicWhitetipSharkEntityForge=1, living_deaths=3, navigation_calls=1359, sensor_calls=1812}	114	126
600	863759360	{AmericanLobsterEntityForge=20, AtlanticCodEntityForge=16, AtlanticSalmonEntityForge=15, BlackSeaNettleJellyfishEntityForge=2, BlacktipReefSharkEntityForge=6, BottlenoseDolphinEntityForge=8, CannonballJellyfishEntityForge=4, CaribbeanReefOctopusEntityForge=3, CommonOctopusEntityForge=6, CommonStingrayEntityForge=6, CommonThresherSharkEntityForge=2, GiantMorayEelEntityForge=8, GreatHammerheadSharkEntityForge=2, GreatWhiteSharkEntityForge=2, GreenSeaTurtleEntityForge=6, HarborSealEntityForge=6, NautilusEntityForge=2, OceanicWhitetipSharkEntityForge=2, OrcaEntityForge=2, SandtigerSharkEntityForge=2, ShortfinMakoSharkEntityForge=2, TigerSharkEntityForge=2}	{AmericanLobsterEntityForge=300, AtlanticCodEntityForge=300, AtlanticSalmonEntityForge=300, BlackSeaNettleJellyfishEntityForge=300, BlacktipReefSharkEntityForge=300, BottlenoseDolphinEntityForge=700, CannonballJellyfishEntityForge=300, CaribbeanReefOctopusEntityForge=300, CommonOctopusEntityForge=300, CommonStingrayEntityForge=300, CommonThresherSharkEntityForge=300, GiantMorayEelEntityForge=300, GreatHammerheadSharkEntityForge=300, GreatWhiteSharkEntityForge=300, GreenSeaTurtleEntityForge=300, HarborSealEntityForge=300, NautilusEntityForge=300, OceanicWhitetipSharkEntityForge=300, OrcaEntityForge=700, SandtigerSharkEntityForge=300, ShortfinMakoSharkEntityForge=300, TigerSharkEntityForge=300}	11	{death_AmericanLobsterEntityForge_mob_by_SandtigerSharkEntityForge=1, death_AtlanticSalmonEntityForge_mob_by_BlacktipReefSharkEntityForge=1, death_BottlenoseDolphinEntityForge_mob_by_OceanicWhitetipSharkEntityForge=1, death_CaribbeanReefOctopusEntityForge_mob_by_GreatHammerheadSharkEntityForge=1, living_deaths=4, navigation_calls=2080, sensor_calls=2681}	110	124
800	1029434368	{AmericanLobsterEntityForge=20, AtlanticCodEntityForge=16, AtlanticSalmonEntityForge=16, BlackSeaNettleJellyfishEntityForge=2, BlacktipReefSharkEntityForge=6, BottlenoseDolphinEntityForge=8, CannonballJellyfishEntityForge=4, CaribbeanReefOctopusEntityForge=3, CommonOctopusEntityForge=6, CommonStingrayEntityForge=6, CommonThresherSharkEntityForge=2, GiantMorayEelEntityForge=8, GreatHammerheadSharkEntityForge=2, GreatWhiteSharkEntityForge=2, GreenSeaTurtleEntityForge=6, HarborSealEntityForge=6, NautilusEntityForge=2, OceanicWhitetipSharkEntityForge=2, OrcaEntityForge=2, SandtigerSharkEntityForge=2, ShortfinMakoSharkEntityForge=2, TigerSharkEntityForge=2}	{AmericanLobsterEntityForge=300, AtlanticCodEntityForge=300, AtlanticSalmonEntityForge=300, BlackSeaNettleJellyfishEntityForge=300, BlacktipReefSharkEntityForge=300, BottlenoseDolphinEntityForge=700, CannonballJellyfishEntityForge=300, CaribbeanReefOctopusEntityForge=300, CommonOctopusEntityForge=300, CommonStingrayEntityForge=300, CommonThresherSharkEntityForge=300, GiantMorayEelEntityForge=300, GreatHammerheadSharkEntityForge=300, GreatWhiteSharkEntityForge=300, GreenSeaTurtleEntityForge=300, HarborSealEntityForge=300, NautilusEntityForge=300, OceanicWhitetipSharkEntityForge=300, OrcaEntityForge=700, SandtigerSharkEntityForge=300, ShortfinMakoSharkEntityForge=300, TigerSharkEntityForge=300}	11	{death_AmericanLobsterEntityForge_mob_by_SandtigerSharkEntityForge=1, death_AtlanticSalmonEntityForge_mob_by_BlacktipReefSharkEntityForge=1, death_BottlenoseDolphinEntityForge_mob_by_OceanicWhitetipSharkEntityForge=1, death_CaribbeanReefOctopusEntityForge_mob_by_CommonStingrayEntityForge=1, death_CaribbeanReefOctopusEntityForge_mob_by_GreatHammerheadSharkEntityForge=1, living_deaths=5, navigation_calls=2849, sensor_calls=3627}	108	125
1000	1195109376	{AmericanLobsterEntityForge=20, AtlanticCodEntityForge=16, AtlanticSalmonEntityForge=16, BlackSeaNettleJellyfishEntityForge=2, BlacktipReefSharkEntityForge=6, BottlenoseDolphinEntityForge=8, CannonballJellyfishEntityForge=4, CaribbeanReefOctopusEntityForge=4, CommonOctopusEntityForge=6, CommonStingrayEntityForge=6, CommonThresherSharkEntityForge=2, GiantMorayEelEntityForge=8, GreatHammerheadSharkEntityForge=2, GreatWhiteSharkEntityForge=2, GreenSeaTurtleEntityForge=6, HarborSealEntityForge=6, NautilusEntityForge=2, OceanicWhitetipSharkEntityForge=2, OrcaEntityForge=2, SandtigerSharkEntityForge=2, ShortfinMakoSharkEntityForge=2, TigerSharkEntityForge=2}	{AmericanLobsterEntityForge=300, AtlanticCodEntityForge=300, AtlanticSalmonEntityForge=300, BlackSeaNettleJellyfishEntityForge=300, BlacktipReefSharkEntityForge=300, BottlenoseDolphinEntityForge=700, CannonballJellyfishEntityForge=300, CaribbeanReefOctopusEntityForge=300, CommonOctopusEntityForge=300, CommonStingrayEntityForge=300, CommonThresherSharkEntityForge=300, GiantMorayEelEntityForge=300, GreatHammerheadSharkEntityForge=300, GreatWhiteSharkEntityForge=300, GreenSeaTurtleEntityForge=300, HarborSealEntityForge=300, NautilusEntityForge=300, OceanicWhitetipSharkEntityForge=300, OrcaEntityForge=700, SandtigerSharkEntityForge=300, ShortfinMakoSharkEntityForge=300, TigerSharkEntityForge=300}	11	{death_AmericanLobsterEntityForge_mob_by_SandtigerSharkEntityForge=1, death_AtlanticSalmonEntityForge_mob_by_BlacktipReefSharkEntityForge=1, death_BottlenoseDolphinEntityForge_mob_by_OceanicWhitetipSharkEntityForge=1, death_CaribbeanReefOctopusEntityForge_mob_by_CommonStingrayEntityForge=1, death_CaribbeanReefOctopusEntityForge_mob_by_GreatHammerheadSharkEntityForge=1, living_deaths=5, navigation_calls=3599, sensor_calls=4500}	114	126
1200	1362881536	{AmericanLobsterEntityForge=20, AtlanticCodEntityForge=16, AtlanticSalmonEntityForge=16, BlackSeaNettleJellyfishEntityForge=2, BlacktipReefSharkEntityForge=6, BottlenoseDolphinEntityForge=8, CannonballJellyfishEntityForge=4, CaribbeanReefOctopusEntityForge=4, CommonOctopusEntityForge=6, CommonStingrayEntityForge=6, CommonThresherSharkEntityForge=2, GiantMorayEelEntityForge=8, GreatHammerheadSharkEntityForge=2, GreatWhiteSharkEntityForge=2, GreenSeaTurtleEntityForge=6, HarborSealEntityForge=6, NautilusEntityForge=2, OceanicWhitetipSharkEntityForge=2, OrcaEntityForge=2, SandtigerSharkEntityForge=2, ShortfinMakoSharkEntityForge=2, TigerSharkEntityForge=2}	{AmericanLobsterEntityForge=300, AtlanticCodEntityForge=300, AtlanticSalmonEntityForge=300, BlackSeaNettleJellyfishEntityForge=300, BlacktipReefSharkEntityForge=300, BottlenoseDolphinEntityForge=700, CannonballJellyfishEntityForge=300, CaribbeanReefOctopusEntityForge=300, CommonOctopusEntityForge=300, CommonStingrayEntityForge=300, CommonThresherSharkEntityForge=300, GiantMorayEelEntityForge=300, GreatHammerheadSharkEntityForge=300, GreatWhiteSharkEntityForge=300, GreenSeaTurtleEntityForge=300, HarborSealEntityForge=300, NautilusEntityForge=300, OceanicWhitetipSharkEntityForge=300, OrcaEntityForge=700, SandtigerSharkEntityForge=300, ShortfinMakoSharkEntityForge=300, TigerSharkEntityForge=300}	11	{death_AmericanLobsterEntityForge_mob_by_SandtigerSharkEntityForge=1, death_AtlanticSalmonEntityForge_mob_by_BlacktipReefSharkEntityForge=1, death_BottlenoseDolphinEntityForge_mob_by_OceanicWhitetipSharkEntityForge=1, death_CaribbeanReefOctopusEntityForge_mob_by_CommonStingrayEntityForge=1, death_CaribbeanReefOctopusEntityForge_mob_by_GreatHammerheadSharkEntityForge=1, living_deaths=5, navigation_calls=4287, sensor_calls=5451}	114	126
1400	248072392	{AmericanLobsterEntityForge=20, AtlanticCodEntityForge=16, AtlanticSalmonEntityForge=16, BlackSeaNettleJellyfishEntityForge=2, BlacktipReefSharkEntityForge=6, BottlenoseDolphinEntityForge=8, CannonballJellyfishEntityForge=4, CaribbeanReefOctopusEntityForge=4, CommonOctopusEntityForge=6, CommonStingrayEntityForge=6, CommonThresherSharkEntityForge=2, GiantMorayEelEntityForge=8, GreatHammerheadSharkEntityForge=2, GreatWhiteSharkEntityForge=2, GreenSeaTurtleEntityForge=6, HarborSealEntityForge=6, NautilusEntityForge=2, OceanicWhitetipSharkEntityForge=2, OrcaEntityForge=2, SandtigerSharkEntityForge=2, ShortfinMakoSharkEntityForge=2, TigerSharkEntityForge=2}	{AmericanLobsterEntityForge=300, AtlanticCodEntityForge=300, AtlanticSalmonEntityForge=300, BlackSeaNettleJellyfishEntityForge=300, BlacktipReefSharkEntityForge=300, BottlenoseDolphinEntityForge=700, CannonballJellyfishEntityForge=300, CaribbeanReefOctopusEntityForge=300, CommonOctopusEntityForge=300, CommonStingrayEntityForge=300, CommonThresherSharkEntityForge=300, GiantMorayEelEntityForge=300, GreatHammerheadSharkEntityForge=300, GreatWhiteSharkEntityForge=300, GreenSeaTurtleEntityForge=300, HarborSealEntityForge=300, NautilusEntityForge=300, OceanicWhitetipSharkEntityForge=300, OrcaEntityForge=700, SandtigerSharkEntityForge=300, ShortfinMakoSharkEntityForge=300, TigerSharkEntityForge=300}	11	{death_AmericanLobsterEntityForge_mob_by_SandtigerSharkEntityForge=1, death_AtlanticSalmonEntityForge_mob_by_BlacktipReefSharkEntityForge=1, death_BottlenoseDolphinEntityForge_mob_by_OceanicWhitetipSharkEntityForge=1, death_CaribbeanReefOctopusEntityForge_mob_by_CommonStingrayEntityForge=1, death_CaribbeanReefOctopusEntityForge_mob_by_GreatHammerheadSharkEntityForge=1, living_deaths=5, navigation_calls=4947, sensor_calls=6325}	115	126
1600	409553096	{AmericanLobsterEntityForge=20, AtlanticCodEntityForge=16, AtlanticSalmonEntityForge=16, BlackSeaNettleJellyfishEntityForge=2, BlacktipReefSharkEntityForge=6, BottlenoseDolphinEntityForge=8, CannonballJellyfishEntityForge=4, CaribbeanReefOctopusEntityForge=4, CommonOctopusEntityForge=6, CommonStingrayEntityForge=6, CommonThresherSharkEntityForge=2, GiantMorayEelEntityForge=8, GreatHammerheadSharkEntityForge=2, GreatWhiteSharkEntityForge=2, GreenSeaTurtleEntityForge=6, HarborSealEntityForge=6, NautilusEntityForge=2, OceanicWhitetipSharkEntityForge=2, OrcaEntityForge=2, SandtigerSharkEntityForge=2, ShortfinMakoSharkEntityForge=2, TigerSharkEntityForge=2}	{AmericanLobsterEntityForge=300, AtlanticCodEntityForge=300, AtlanticSalmonEntityForge=300, BlackSeaNettleJellyfishEntityForge=300, BlacktipReefSharkEntityForge=300, BottlenoseDolphinEntityForge=700, CannonballJellyfishEntityForge=300, CaribbeanReefOctopusEntityForge=300, CommonOctopusEntityForge=300, CommonStingrayEntityForge=300, CommonThresherSharkEntityForge=300, GiantMorayEelEntityForge=300, GreatHammerheadSharkEntityForge=300, GreatWhiteSharkEntityForge=300, GreenSeaTurtleEntityForge=300, HarborSealEntityForge=300, NautilusEntityForge=300, OceanicWhitetipSharkEntityForge=300, OrcaEntityForge=700, SandtigerSharkEntityForge=300, ShortfinMakoSharkEntityForge=300, TigerSharkEntityForge=300}	11	{death_AmericanLobsterEntityForge_mob_by_SandtigerSharkEntityForge=1, death_AtlanticSalmonEntityForge_mob_by_BlacktipReefSharkEntityForge=1, death_BottlenoseDolphinEntityForge_mob_by_OceanicWhitetipSharkEntityForge=1, death_CaribbeanReefOctopusEntityForge_mob_by_CommonStingrayEntityForge=1, death_CaribbeanReefOctopusEntityForge_mob_by_GreatHammerheadSharkEntityForge=1, living_deaths=5, navigation_calls=5545, sensor_calls=7276}	113	126
1800	566839496	{AmericanLobsterEntityForge=20, AtlanticCodEntityForge=16, AtlanticSalmonEntityForge=16, BlackSeaNettleJellyfishEntityForge=2, BlacktipReefSharkEntityForge=6, BottlenoseDolphinEntityForge=8, CannonballJellyfishEntityForge=4, CaribbeanReefOctopusEntityForge=4, CommonOctopusEntityForge=6, CommonStingrayEntityForge=6, CommonThresherSharkEntityForge=2, GiantMorayEelEntityForge=8, GreatHammerheadSharkEntityForge=2, GreatWhiteSharkEntityForge=2, GreenSeaTurtleEntityForge=6, HarborSealEntityForge=6, NautilusEntityForge=2, OceanicWhitetipSharkEntityForge=2, OrcaEntityForge=2, SandtigerSharkEntityForge=2, ShortfinMakoSharkEntityForge=2, TigerSharkEntityForge=2}	{AmericanLobsterEntityForge=300, AtlanticCodEntityForge=300, AtlanticSalmonEntityForge=300, BlackSeaNettleJellyfishEntityForge=300, BlacktipReefSharkEntityForge=300, BottlenoseDolphinEntityForge=700, CannonballJellyfishEntityForge=300, CaribbeanReefOctopusEntityForge=300, CommonOctopusEntityForge=300, CommonStingrayEntityForge=300, CommonThresherSharkEntityForge=300, GiantMorayEelEntityForge=300, GreatHammerheadSharkEntityForge=300, GreatWhiteSharkEntityForge=300, GreenSeaTurtleEntityForge=300, HarborSealEntityForge=300, NautilusEntityForge=300, OceanicWhitetipSharkEntityForge=300, OrcaEntityForge=700, SandtigerSharkEntityForge=300, ShortfinMakoSharkEntityForge=300, TigerSharkEntityForge=300}	11	{death_AmericanLobsterEntityForge_mob_by_SandtigerSharkEntityForge=1, death_AtlanticSalmonEntityForge_mob_by_BlacktipReefSharkEntityForge=1, death_BottlenoseDolphinEntityForge_mob_by_OceanicWhitetipSharkEntityForge=1, death_CaribbeanReefOctopusEntityForge_mob_by_CommonStingrayEntityForge=1, death_CaribbeanReefOctopusEntityForge_mob_by_GreatHammerheadSharkEntityForge=1, living_deaths=5, navigation_calls=6135, sensor_calls=8149}	115	126
2000	722028744	{AmericanLobsterEntityForge=20, AtlanticCodEntityForge=16, AtlanticSalmonEntityForge=16, BlackSeaNettleJellyfishEntityForge=2, BlacktipReefSharkEntityForge=6, BottlenoseDolphinEntityForge=8, CannonballJellyfishEntityForge=4, CaribbeanReefOctopusEntityForge=4, CommonOctopusEntityForge=6, CommonStingrayEntityForge=6, CommonThresherSharkEntityForge=2, GiantMorayEelEntityForge=8, GreatHammerheadSharkEntityForge=2, GreatWhiteSharkEntityForge=2, GreenSeaTurtleEntityForge=6, HarborSealEntityForge=6, NautilusEntityForge=2, OceanicWhitetipSharkEntityForge=2, OrcaEntityForge=2, SandtigerSharkEntityForge=2, ShortfinMakoSharkEntityForge=2, TigerSharkEntityForge=2}	{AmericanLobsterEntityForge=300, AtlanticCodEntityForge=300, AtlanticSalmonEntityForge=300, BlackSeaNettleJellyfishEntityForge=300, BlacktipReefSharkEntityForge=300, BottlenoseDolphinEntityForge=700, CannonballJellyfishEntityForge=300, CaribbeanReefOctopusEntityForge=300, CommonOctopusEntityForge=300, CommonStingrayEntityForge=300, CommonThresherSharkEntityForge=300, GiantMorayEelEntityForge=300, GreatHammerheadSharkEntityForge=300, GreatWhiteSharkEntityForge=300, GreenSeaTurtleEntityForge=300, HarborSealEntityForge=300, NautilusEntityForge=300, OceanicWhitetipSharkEntityForge=300, OrcaEntityForge=700, SandtigerSharkEntityForge=300, ShortfinMakoSharkEntityForge=300, TigerSharkEntityForge=300}	11	{death_AmericanLobsterEntityForge_mob_by_SandtigerSharkEntityForge=1, death_AtlanticSalmonEntityForge_mob_by_BlacktipReefSharkEntityForge=1, death_BottlenoseDolphinEntityForge_mob_by_OceanicWhitetipSharkEntityForge=1, death_CaribbeanReefOctopusEntityForge_mob_by_CommonStingrayEntityForge=1, death_CaribbeanReefOctopusEntityForge_mob_by_GreatHammerheadSharkEntityForge=1, living_deaths=5, navigation_calls=6756, sensor_calls=9100}	116	126
2200	884558024	{AmericanLobsterEntityForge=20, AtlanticCodEntityForge=16, AtlanticSalmonEntityForge=16, BlackSeaNettleJellyfishEntityForge=2, BlacktipReefSharkEntityForge=6, BottlenoseDolphinEntityForge=8, CannonballJellyfishEntityForge=4, CaribbeanReefOctopusEntityForge=4, CommonOctopusEntityForge=6, CommonStingrayEntityForge=6, CommonThresherSharkEntityForge=2, GiantMorayEelEntityForge=8, GreatHammerheadSharkEntityForge=2, GreatWhiteSharkEntityForge=2, GreenSeaTurtleEntityForge=6, HarborSealEntityForge=6, NautilusEntityForge=2, OceanicWhitetipSharkEntityForge=2, OrcaEntityForge=2, SandtigerSharkEntityForge=2, ShortfinMakoSharkEntityForge=2, TigerSharkEntityForge=2}	{AmericanLobsterEntityForge=300, AtlanticCodEntityForge=300, AtlanticSalmonEntityForge=300, BlackSeaNettleJellyfishEntityForge=300, BlacktipReefSharkEntityForge=300, BottlenoseDolphinEntityForge=700, CannonballJellyfishEntityForge=300, CaribbeanReefOctopusEntityForge=300, CommonOctopusEntityForge=300, CommonStingrayEntityForge=300, CommonThresherSharkEntityForge=300, GiantMorayEelEntityForge=300, GreatHammerheadSharkEntityForge=300, GreatWhiteSharkEntityForge=300, GreenSeaTurtleEntityForge=300, HarborSealEntityForge=300, NautilusEntityForge=300, OceanicWhitetipSharkEntityForge=300, OrcaEntityForge=700, SandtigerSharkEntityForge=300, ShortfinMakoSharkEntityForge=300, TigerSharkEntityForge=300}	11	{death_AmericanLobsterEntityForge_mob_by_BlacktipReefSharkEntityForge=1, death_AmericanLobsterEntityForge_mob_by_SandtigerSharkEntityForge=1, death_AtlanticSalmonEntityForge_mob_by_BlacktipReefSharkEntityForge=1, death_BottlenoseDolphinEntityForge_mob_by_OceanicWhitetipSharkEntityForge=1, death_CaribbeanReefOctopusEntityForge_mob_by_CommonStingrayEntityForge=1, death_CaribbeanReefOctopusEntityForge_mob_by_GreatHammerheadSharkEntityForge=1, living_deaths=6, navigation_calls=7413, sensor_calls=9972}	115	126
2400	1047087304	{AmericanLobsterEntityForge=19, AtlanticCodEntityForge=16, AtlanticSalmonEntityForge=16, BlackSeaNettleJellyfishEntityForge=2, BlacktipReefSharkEntityForge=6, BottlenoseDolphinEntityForge=8, CannonballJellyfishEntityForge=4, CaribbeanReefOctopusEntityForge=4, CommonOctopusEntityForge=6, CommonStingrayEntityForge=6, CommonThresherSharkEntityForge=2, GiantMorayEelEntityForge=8, GreatHammerheadSharkEntityForge=2, GreatWhiteSharkEntityForge=2, GreenSeaTurtleEntityForge=6, HarborSealEntityForge=6, NautilusEntityForge=2, OceanicWhitetipSharkEntityForge=2, OrcaEntityForge=2, SandtigerSharkEntityForge=2, ShortfinMakoSharkEntityForge=2, TigerSharkEntityForge=2}	{AmericanLobsterEntityForge=300, AtlanticCodEntityForge=300, AtlanticSalmonEntityForge=300, BlackSeaNettleJellyfishEntityForge=300, BlacktipReefSharkEntityForge=300, BottlenoseDolphinEntityForge=700, CannonballJellyfishEntityForge=300, CaribbeanReefOctopusEntityForge=300, CommonOctopusEntityForge=300, CommonStingrayEntityForge=300, CommonThresherSharkEntityForge=300, GiantMorayEelEntityForge=300, GreatHammerheadSharkEntityForge=300, GreatWhiteSharkEntityForge=300, GreenSeaTurtleEntityForge=300, HarborSealEntityForge=300, NautilusEntityForge=300, OceanicWhitetipSharkEntityForge=300, OrcaEntityForge=700, SandtigerSharkEntityForge=300, ShortfinMakoSharkEntityForge=300, TigerSharkEntityForge=300}	11	{death_AmericanLobsterEntityForge_mob_by_BlacktipReefSharkEntityForge=1, death_AmericanLobsterEntityForge_mob_by_SandtigerSharkEntityForge=1, death_AtlanticSalmonEntityForge_mob_by_BlacktipReefSharkEntityForge=1, death_BottlenoseDolphinEntityForge_mob_by_OceanicWhitetipSharkEntityForge=1, death_CaribbeanReefOctopusEntityForge_mob_by_CommonStingrayEntityForge=1, death_CaribbeanReefOctopusEntityForge_mob_by_GreatHammerheadSharkEntityForge=1, living_deaths=6, navigation_calls=8048, sensor_calls=10913}	112	125
2600	1210665160	{AmericanLobsterEntityForge=20, AtlanticCodEntityForge=16, AtlanticSalmonEntityForge=16, BlackSeaNettleJellyfishEntityForge=2, BlacktipReefSharkEntityForge=6, BottlenoseDolphinEntityForge=8, CannonballJellyfishEntityForge=4, CaribbeanReefOctopusEntityForge=4, CommonOctopusEntityForge=6, CommonStingrayEntityForge=6, CommonThresherSharkEntityForge=2, GiantMorayEelEntityForge=8, GreatHammerheadSharkEntityForge=2, GreatWhiteSharkEntityForge=2, GreenSeaTurtleEntityForge=6, HarborSealEntityForge=6, NautilusEntityForge=2, OceanicWhitetipSharkEntityForge=2, OrcaEntityForge=2, SandtigerSharkEntityForge=2, ShortfinMakoSharkEntityForge=2, TigerSharkEntityForge=2}	{AmericanLobsterEntityForge=300, AtlanticCodEntityForge=300, AtlanticSalmonEntityForge=300, BlackSeaNettleJellyfishEntityForge=300, BlacktipReefSharkEntityForge=300, BottlenoseDolphinEntityForge=700, CannonballJellyfishEntityForge=300, CaribbeanReefOctopusEntityForge=300, CommonOctopusEntityForge=300, CommonStingrayEntityForge=300, CommonThresherSharkEntityForge=300, GiantMorayEelEntityForge=300, GreatHammerheadSharkEntityForge=300, GreatWhiteSharkEntityForge=300, GreenSeaTurtleEntityForge=300, HarborSealEntityForge=300, NautilusEntityForge=300, OceanicWhitetipSharkEntityForge=300, OrcaEntityForge=700, SandtigerSharkEntityForge=300, ShortfinMakoSharkEntityForge=300, TigerSharkEntityForge=300}	11	{death_AmericanLobsterEntityForge_mob_by_BlacktipReefSharkEntityForge=1, death_AmericanLobsterEntityForge_mob_by_SandtigerSharkEntityForge=1, death_AtlanticSalmonEntityForge_mob_by_BlacktipReefSharkEntityForge=1, death_BottlenoseDolphinEntityForge_mob_by_OceanicWhitetipSharkEntityForge=1, death_CaribbeanReefOctopusEntityForge_mob_by_CommonStingrayEntityForge=1, death_CaribbeanReefOctopusEntityForge_mob_by_GreatHammerheadSharkEntityForge=1, living_deaths=6, navigation_calls=8670, sensor_calls=11787}	110	126
2800	1374243016	{AmericanLobsterEntityForge=20, AtlanticCodEntityForge=16, AtlanticSalmonEntityForge=15, BlackSeaNettleJellyfishEntityForge=2, BlacktipReefSharkEntityForge=6, BottlenoseDolphinEntityForge=8, CannonballJellyfishEntityForge=4, CaribbeanReefOctopusEntityForge=4, CommonOctopusEntityForge=6, CommonStingrayEntityForge=6, CommonThresherSharkEntityForge=2, GiantMorayEelEntityForge=8, GreatHammerheadSharkEntityForge=2, GreatWhiteSharkEntityForge=2, GreenSeaTurtleEntityForge=6, HarborSealEntityForge=6, NautilusEntityForge=2, OceanicWhitetipSharkEntityForge=2, OrcaEntityForge=2, SandtigerSharkEntityForge=2, ShortfinMakoSharkEntityForge=2, TigerSharkEntityForge=2}	{AmericanLobsterEntityForge=300, AtlanticCodEntityForge=300, AtlanticSalmonEntityForge=300, BlackSeaNettleJellyfishEntityForge=300, BlacktipReefSharkEntityForge=300, BottlenoseDolphinEntityForge=700, CannonballJellyfishEntityForge=300, CaribbeanReefOctopusEntityForge=300, CommonOctopusEntityForge=300, CommonStingrayEntityForge=300, CommonThresherSharkEntityForge=300, GiantMorayEelEntityForge=300, GreatHammerheadSharkEntityForge=300, GreatWhiteSharkEntityForge=300, GreenSeaTurtleEntityForge=300, HarborSealEntityForge=300, NautilusEntityForge=300, OceanicWhitetipSharkEntityForge=300, OrcaEntityForge=700, SandtigerSharkEntityForge=300, ShortfinMakoSharkEntityForge=300, TigerSharkEntityForge=300}	11	{death_AmericanLobsterEntityForge_mob_by_BlacktipReefSharkEntityForge=1, death_AmericanLobsterEntityForge_mob_by_SandtigerSharkEntityForge=1, death_AtlanticSalmonEntityForge_mob_by_BlacktipReefSharkEntityForge=1, death_AtlanticSalmonEntityForge_mob_by_CommonThresherSharkEntityForge=1, death_BottlenoseDolphinEntityForge_mob_by_OceanicWhitetipSharkEntityForge=1, death_CaribbeanReefOctopusEntityForge_mob_by_CommonStingrayEntityForge=1, death_CaribbeanReefOctopusEntityForge_mob_by_GreatHammerheadSharkEntityForge=1, living_deaths=7, navigation_calls=9344, sensor_calls=12737}	113	125
3000	258704256	{AmericanLobsterEntityForge=20, AtlanticCodEntityForge=16, AtlanticSalmonEntityForge=16, BlackSeaNettleJellyfishEntityForge=2, BlacktipReefSharkEntityForge=6, BottlenoseDolphinEntityForge=8, CannonballJellyfishEntityForge=4, CaribbeanReefOctopusEntityForge=4, CommonOctopusEntityForge=6, CommonStingrayEntityForge=6, CommonThresherSharkEntityForge=2, GiantMorayEelEntityForge=8, GreatHammerheadSharkEntityForge=2, GreatWhiteSharkEntityForge=2, GreenSeaTurtleEntityForge=6, HarborSealEntityForge=6, NautilusEntityForge=2, OceanicWhitetipSharkEntityForge=2, OrcaEntityForge=2, SandtigerSharkEntityForge=2, ShortfinMakoSharkEntityForge=2, TigerSharkEntityForge=2}	{AmericanLobsterEntityForge=300, AtlanticCodEntityForge=300, AtlanticSalmonEntityForge=300, BlackSeaNettleJellyfishEntityForge=300, BlacktipReefSharkEntityForge=300, BottlenoseDolphinEntityForge=700, CannonballJellyfishEntityForge=300, CaribbeanReefOctopusEntityForge=300, CommonOctopusEntityForge=300, CommonStingrayEntityForge=300, CommonThresherSharkEntityForge=300, GiantMorayEelEntityForge=300, GreatHammerheadSharkEntityForge=300, GreatWhiteSharkEntityForge=300, GreenSeaTurtleEntityForge=300, HarborSealEntityForge=300, NautilusEntityForge=300, OceanicWhitetipSharkEntityForge=300, OrcaEntityForge=700, SandtigerSharkEntityForge=300, ShortfinMakoSharkEntityForge=300, TigerSharkEntityForge=300}	11	{death_AmericanLobsterEntityForge_mob_by_BlacktipReefSharkEntityForge=1, death_AmericanLobsterEntityForge_mob_by_SandtigerSharkEntityForge=1, death_AtlanticSalmonEntityForge_mob_by_BlacktipReefSharkEntityForge=1, death_AtlanticSalmonEntityForge_mob_by_CommonThresherSharkEntityForge=1, death_BottlenoseDolphinEntityForge_mob_by_OceanicWhitetipSharkEntityForge=1, death_CaribbeanReefOctopusEntityForge_mob_by_CommonStingrayEntityForge=1, death_CaribbeanReefOctopusEntityForge_mob_by_GreatHammerheadSharkEntityForge=1, living_deaths=7, navigation_calls=9979, sensor_calls=13694}	112	126
3200	418087808	{AmericanLobsterEntityForge=20, AtlanticCodEntityForge=16, AtlanticSalmonEntityForge=16, BlackSeaNettleJellyfishEntityForge=2, BlacktipReefSharkEntityForge=6, BottlenoseDolphinEntityForge=8, CannonballJellyfishEntityForge=4, CaribbeanReefOctopusEntityForge=4, CommonOctopusEntityForge=6, CommonStingrayEntityForge=6, CommonThresherSharkEntityForge=2, GiantMorayEelEntityForge=8, GreatHammerheadSharkEntityForge=2, GreatWhiteSharkEntityForge=2, GreenSeaTurtleEntityForge=6, HarborSealEntityForge=6, NautilusEntityForge=2, OceanicWhitetipSharkEntityForge=2, OrcaEntityForge=2, SandtigerSharkEntityForge=2, ShortfinMakoSharkEntityForge=2, TigerSharkEntityForge=2}	{AmericanLobsterEntityForge=300, AtlanticCodEntityForge=300, AtlanticSalmonEntityForge=300, BlackSeaNettleJellyfishEntityForge=300, BlacktipReefSharkEntityForge=300, BottlenoseDolphinEntityForge=700, CannonballJellyfishEntityForge=300, CaribbeanReefOctopusEntityForge=300, CommonOctopusEntityForge=300, CommonStingrayEntityForge=300, CommonThresherSharkEntityForge=300, GiantMorayEelEntityForge=300, GreatHammerheadSharkEntityForge=300, GreatWhiteSharkEntityForge=300, GreenSeaTurtleEntityForge=300, HarborSealEntityForge=300, NautilusEntityForge=300, OceanicWhitetipSharkEntityForge=300, OrcaEntityForge=700, SandtigerSharkEntityForge=300, ShortfinMakoSharkEntityForge=300, TigerSharkEntityForge=300}	11	{death_AmericanLobsterEntityForge_mob_by_BlacktipReefSharkEntityForge=1, death_AmericanLobsterEntityForge_mob_by_SandtigerSharkEntityForge=1, death_AtlanticSalmonEntityForge_mob_by_BlacktipReefSharkEntityForge=1, death_AtlanticSalmonEntityForge_mob_by_CommonThresherSharkEntityForge=1, death_BottlenoseDolphinEntityForge_mob_by_OceanicWhitetipSharkEntityForge=1, death_CaribbeanReefOctopusEntityForge_mob_by_CommonStingrayEntityForge=1, death_CaribbeanReefOctopusEntityForge_mob_by_GreatHammerheadSharkEntityForge=1, living_deaths=7, navigation_calls=10599, sensor_calls=14563}	116	126
3400	581665664	{AmericanLobsterEntityForge=20, AtlanticCodEntityForge=16, AtlanticSalmonEntityForge=16, BlackSeaNettleJellyfishEntityForge=2, BlacktipReefSharkEntityForge=6, BottlenoseDolphinEntityForge=8, CannonballJellyfishEntityForge=4, CaribbeanReefOctopusEntityForge=4, CommonOctopusEntityForge=6, CommonStingrayEntityForge=6, CommonThresherSharkEntityForge=2, GiantMorayEelEntityForge=8, GreatHammerheadSharkEntityForge=2, GreatWhiteSharkEntityForge=2, GreenSeaTurtleEntityForge=6, HarborSealEntityForge=6, NautilusEntityForge=2, OceanicWhitetipSharkEntityForge=2, OrcaEntityForge=2, SandtigerSharkEntityForge=2, ShortfinMakoSharkEntityForge=2, TigerSharkEntityForge=2}	{AmericanLobsterEntityForge=300, AtlanticCodEntityForge=300, AtlanticSalmonEntityForge=300, BlackSeaNettleJellyfishEntityForge=300, BlacktipReefSharkEntityForge=300, BottlenoseDolphinEntityForge=700, CannonballJellyfishEntityForge=300, CaribbeanReefOctopusEntityForge=300, CommonOctopusEntityForge=300, CommonStingrayEntityForge=300, CommonThresherSharkEntityForge=300, GiantMorayEelEntityForge=300, GreatHammerheadSharkEntityForge=300, GreatWhiteSharkEntityForge=300, GreenSeaTurtleEntityForge=300, HarborSealEntityForge=300, NautilusEntityForge=300, OceanicWhitetipSharkEntityForge=300, OrcaEntityForge=700, SandtigerSharkEntityForge=300, ShortfinMakoSharkEntityForge=300, TigerSharkEntityForge=300}	11	{death_AmericanLobsterEntityForge_mob_by_BlacktipReefSharkEntityForge=1, death_AmericanLobsterEntityForge_mob_by_SandtigerSharkEntityForge=1, death_AtlanticSalmonEntityForge_mob_by_BlacktipReefSharkEntityForge=1, death_AtlanticSalmonEntityForge_mob_by_CommonThresherSharkEntityForge=1, death_BottlenoseDolphinEntityForge_mob_by_OceanicWhitetipSharkEntityForge=1, death_CaribbeanReefOctopusEntityForge_mob_by_CommonStingrayEntityForge=1, death_CaribbeanReefOctopusEntityForge_mob_by_GreatHammerheadSharkEntityForge=1, living_deaths=7, navigation_calls=11243, sensor_calls=15518}	118	126
3600	749437824	{AmericanLobsterEntityForge=20, AtlanticCodEntityForge=16, AtlanticSalmonEntityForge=16, BlackSeaNettleJellyfishEntityForge=2, BlacktipReefSharkEntityForge=6, BottlenoseDolphinEntityForge=8, CannonballJellyfishEntityForge=4, CaribbeanReefOctopusEntityForge=4, CommonOctopusEntityForge=6, CommonStingrayEntityForge=6, CommonThresherSharkEntityForge=2, GiantMorayEelEntityForge=8, GreatHammerheadSharkEntityForge=2, GreatWhiteSharkEntityForge=2, GreenSeaTurtleEntityForge=6, HarborSealEntityForge=6, NautilusEntityForge=2, OceanicWhitetipSharkEntityForge=2, OrcaEntityForge=2, SandtigerSharkEntityForge=2, ShortfinMakoSharkEntityForge=2, TigerSharkEntityForge=2}	{AmericanLobsterEntityForge=300, AtlanticCodEntityForge=300, AtlanticSalmonEntityForge=300, BlackSeaNettleJellyfishEntityForge=300, BlacktipReefSharkEntityForge=300, BottlenoseDolphinEntityForge=700, CannonballJellyfishEntityForge=300, CaribbeanReefOctopusEntityForge=300, CommonOctopusEntityForge=300, CommonStingrayEntityForge=300, CommonThresherSharkEntityForge=300, GiantMorayEelEntityForge=300, GreatHammerheadSharkEntityForge=300, GreatWhiteSharkEntityForge=300, GreenSeaTurtleEntityForge=300, HarborSealEntityForge=300, NautilusEntityForge=300, OceanicWhitetipSharkEntityForge=300, OrcaEntityForge=700, SandtigerSharkEntityForge=300, ShortfinMakoSharkEntityForge=300, TigerSharkEntityForge=300}	11	{death_AmericanLobsterEntityForge_mob_by_BlacktipReefSharkEntityForge=1, death_AmericanLobsterEntityForge_mob_by_SandtigerSharkEntityForge=1, death_AtlanticSalmonEntityForge_mob_by_BlacktipReefSharkEntityForge=1, death_AtlanticSalmonEntityForge_mob_by_CommonThresherSharkEntityForge=1, death_BottlenoseDolphinEntityForge_mob_by_OceanicWhitetipSharkEntityForge=1, death_CaribbeanReefOctopusEntityForge_mob_by_CommonStingrayEntityForge=1, death_CaribbeanReefOctopusEntityForge_mob_by_GreatHammerheadSharkEntityForge=1, living_deaths=7, navigation_calls=11872, sensor_calls=16389}	114	126
3800	914064256	{AmericanLobsterEntityForge=20, AtlanticCodEntityForge=16, AtlanticSalmonEntityForge=16, BlackSeaNettleJellyfishEntityForge=2, BlacktipReefSharkEntityForge=6, BottlenoseDolphinEntityForge=8, CannonballJellyfishEntityForge=4, CaribbeanReefOctopusEntityForge=4, CommonOctopusEntityForge=6, CommonStingrayEntityForge=6, CommonThresherSharkEntityForge=2, GiantMorayEelEntityForge=8, GreatHammerheadSharkEntityForge=2, GreatWhiteSharkEntityForge=2, GreenSeaTurtleEntityForge=6, HarborSealEntityForge=6, NautilusEntityForge=2, OceanicWhitetipSharkEntityForge=2, OrcaEntityForge=2, SandtigerSharkEntityForge=2, ShortfinMakoSharkEntityForge=2, TigerSharkEntityForge=2}	{AmericanLobsterEntityForge=300, AtlanticCodEntityForge=300, AtlanticSalmonEntityForge=300, BlackSeaNettleJellyfishEntityForge=300, BlacktipReefSharkEntityForge=300, BottlenoseDolphinEntityForge=700, CannonballJellyfishEntityForge=300, CaribbeanReefOctopusEntityForge=300, CommonOctopusEntityForge=300, CommonStingrayEntityForge=300, CommonThresherSharkEntityForge=300, GiantMorayEelEntityForge=300, GreatHammerheadSharkEntityForge=300, GreatWhiteSharkEntityForge=300, GreenSeaTurtleEntityForge=300, HarborSealEntityForge=300, NautilusEntityForge=300, OceanicWhitetipSharkEntityForge=300, OrcaEntityForge=700, SandtigerSharkEntityForge=300, ShortfinMakoSharkEntityForge=300, TigerSharkEntityForge=300}	11	{death_AmericanLobsterEntityForge_mob_by_BlacktipReefSharkEntityForge=1, death_AmericanLobsterEntityForge_mob_by_SandtigerSharkEntityForge=1, death_AtlanticSalmonEntityForge_mob_by_BlacktipReefSharkEntityForge=1, death_AtlanticSalmonEntityForge_mob_by_CommonThresherSharkEntityForge=1, death_BottlenoseDolphinEntityForge_mob_by_OceanicWhitetipSharkEntityForge=1, death_CaribbeanReefOctopusEntityForge_mob_by_CommonStingrayEntityForge=1, death_CaribbeanReefOctopusEntityForge_mob_by_GreatHammerheadSharkEntityForge=1, living_deaths=7, navigation_calls=12527, sensor_calls=17342}	115	126
4000	1084982144	{AmericanLobsterEntityForge=20, AtlanticCodEntityForge=16, AtlanticSalmonEntityForge=16, BlackSeaNettleJellyfishEntityForge=2, BlacktipReefSharkEntityForge=6, BottlenoseDolphinEntityForge=8, CannonballJellyfishEntityForge=4, CaribbeanReefOctopusEntityForge=4, CommonOctopusEntityForge=6, CommonStingrayEntityForge=6, CommonThresherSharkEntityForge=2, GiantMorayEelEntityForge=8, GreatHammerheadSharkEntityForge=2, GreatWhiteSharkEntityForge=2, GreenSeaTurtleEntityForge=6, HarborSealEntityForge=6, NautilusEntityForge=2, OceanicWhitetipSharkEntityForge=2, OrcaEntityForge=2, SandtigerSharkEntityForge=2, ShortfinMakoSharkEntityForge=2, TigerSharkEntityForge=2}	{AmericanLobsterEntityForge=300, AtlanticCodEntityForge=300, AtlanticSalmonEntityForge=300, BlackSeaNettleJellyfishEntityForge=300, BlacktipReefSharkEntityForge=300, BottlenoseDolphinEntityForge=700, CannonballJellyfishEntityForge=300, CaribbeanReefOctopusEntityForge=300, CommonOctopusEntityForge=300, CommonStingrayEntityForge=300, CommonThresherSharkEntityForge=300, GiantMorayEelEntityForge=300, GreatHammerheadSharkEntityForge=300, GreatWhiteSharkEntityForge=300, GreenSeaTurtleEntityForge=300, HarborSealEntityForge=300, NautilusEntityForge=300, OceanicWhitetipSharkEntityForge=300, OrcaEntityForge=700, SandtigerSharkEntityForge=300, ShortfinMakoSharkEntityForge=300, TigerSharkEntityForge=300}	11	{death_AmericanLobsterEntityForge_mob_by_BlacktipReefSharkEntityForge=1, death_AmericanLobsterEntityForge_mob_by_SandtigerSharkEntityForge=1, death_AtlanticSalmonEntityForge_mob_by_BlacktipReefSharkEntityForge=1, death_AtlanticSalmonEntityForge_mob_by_CommonThresherSharkEntityForge=1, death_BottlenoseDolphinEntityForge_mob_by_OceanicWhitetipSharkEntityForge=1, death_CaribbeanReefOctopusEntityForge_mob_by_CommonStingrayEntityForge=1, death_CaribbeanReefOctopusEntityForge_mob_by_GreatHammerheadSharkEntityForge=1, living_deaths=7, navigation_calls=13195, sensor_calls=18215}	116	126
4200	1245414272	{AmericanLobsterEntityForge=20, AtlanticCodEntityForge=16, AtlanticSalmonEntityForge=16, BlackSeaNettleJellyfishEntityForge=2, BlacktipReefSharkEntityForge=6, BottlenoseDolphinEntityForge=8, CannonballJellyfishEntityForge=4, CaribbeanReefOctopusEntityForge=4, CommonOctopusEntityForge=6, CommonStingrayEntityForge=6, CommonThresherSharkEntityForge=2, GiantMorayEelEntityForge=8, GreatHammerheadSharkEntityForge=2, GreatWhiteSharkEntityForge=2, GreenSeaTurtleEntityForge=6, HarborSealEntityForge=6, NautilusEntityForge=2, OceanicWhitetipSharkEntityForge=2, OrcaEntityForge=2, SandtigerSharkEntityForge=2, ShortfinMakoSharkEntityForge=2, TigerSharkEntityForge=2}	{AmericanLobsterEntityForge=300, AtlanticCodEntityForge=300, AtlanticSalmonEntityForge=300, BlackSeaNettleJellyfishEntityForge=300, BlacktipReefSharkEntityForge=300, BottlenoseDolphinEntityForge=700, CannonballJellyfishEntityForge=300, CaribbeanReefOctopusEntityForge=300, CommonOctopusEntityForge=300, CommonStingrayEntityForge=300, CommonThresherSharkEntityForge=300, GiantMorayEelEntityForge=300, GreatHammerheadSharkEntityForge=300, GreatWhiteSharkEntityForge=300, GreenSeaTurtleEntityForge=300, HarborSealEntityForge=300, NautilusEntityForge=300, OceanicWhitetipSharkEntityForge=300, OrcaEntityForge=700, SandtigerSharkEntityForge=300, ShortfinMakoSharkEntityForge=300, TigerSharkEntityForge=300}	11	{death_AmericanLobsterEntityForge_mob_by_BlacktipReefSharkEntityForge=1, death_AmericanLobsterEntityForge_mob_by_SandtigerSharkEntityForge=1, death_AtlanticSalmonEntityForge_mob_by_BlacktipReefSharkEntityForge=1, death_AtlanticSalmonEntityForge_mob_by_CommonThresherSharkEntityForge=1, death_BottlenoseDolphinEntityForge_mob_by_OceanicWhitetipSharkEntityForge=1, death_CaribbeanReefOctopusEntityForge_mob_by_CommonStingrayEntityForge=1, death_CaribbeanReefOctopusEntityForge_mob_by_GreatHammerheadSharkEntityForge=1, living_deaths=7, navigation_calls=13832, sensor_calls=19166}	110	126
4400	1405846400	{AmericanLobsterEntityForge=20, AtlanticCodEntityForge=16, AtlanticSalmonEntityForge=16, BlackSeaNettleJellyfishEntityForge=2, BlacktipReefSharkEntityForge=6, BottlenoseDolphinEntityForge=8, CannonballJellyfishEntityForge=4, CaribbeanReefOctopusEntityForge=4, CommonOctopusEntityForge=6, CommonStingrayEntityForge=6, CommonThresherSharkEntityForge=2, GiantMorayEelEntityForge=8, GreatHammerheadSharkEntityForge=2, GreatWhiteSharkEntityForge=2, GreenSeaTurtleEntityForge=6, HarborSealEntityForge=6, NautilusEntityForge=2, OceanicWhitetipSharkEntityForge=2, OrcaEntityForge=2, SandtigerSharkEntityForge=2, ShortfinMakoSharkEntityForge=2, TigerSharkEntityForge=2}	{AmericanLobsterEntityForge=300, AtlanticCodEntityForge=300, AtlanticSalmonEntityForge=300, BlackSeaNettleJellyfishEntityForge=300, BlacktipReefSharkEntityForge=300, BottlenoseDolphinEntityForge=700, CannonballJellyfishEntityForge=300, CaribbeanReefOctopusEntityForge=300, CommonOctopusEntityForge=300, CommonStingrayEntityForge=300, CommonThresherSharkEntityForge=300, GiantMorayEelEntityForge=300, GreatHammerheadSharkEntityForge=300, GreatWhiteSharkEntityForge=300, GreenSeaTurtleEntityForge=300, HarborSealEntityForge=300, NautilusEntityForge=300, OceanicWhitetipSharkEntityForge=300, OrcaEntityForge=700, SandtigerSharkEntityForge=300, ShortfinMakoSharkEntityForge=300, TigerSharkEntityForge=300}	11	{death_AmericanLobsterEntityForge_mob_by_BlacktipReefSharkEntityForge=1, death_AmericanLobsterEntityForge_mob_by_SandtigerSharkEntityForge=1, death_AtlanticSalmonEntityForge_mob_by_BlacktipReefSharkEntityForge=1, death_AtlanticSalmonEntityForge_mob_by_CommonThresherSharkEntityForge=1, death_BottlenoseDolphinEntityForge_mob_by_OceanicWhitetipSharkEntityForge=1, death_CaribbeanReefOctopusEntityForge_mob_by_CommonStingrayEntityForge=1, death_CaribbeanReefOctopusEntityForge_mob_by_GreatHammerheadSharkEntityForge=1, living_deaths=7, navigation_calls=14490, sensor_calls=20040}	112	126
4600	290188288	{AmericanLobsterEntityForge=20, AtlanticCodEntityForge=16, AtlanticSalmonEntityForge=16, BlackSeaNettleJellyfishEntityForge=2, BlacktipReefSharkEntityForge=6, BottlenoseDolphinEntityForge=8, CannonballJellyfishEntityForge=4, CaribbeanReefOctopusEntityForge=4, CommonOctopusEntityForge=6, CommonStingrayEntityForge=6, CommonThresherSharkEntityForge=2, GiantMorayEelEntityForge=8, GreatHammerheadSharkEntityForge=2, GreatWhiteSharkEntityForge=2, GreenSeaTurtleEntityForge=6, HarborSealEntityForge=6, NautilusEntityForge=2, OceanicWhitetipSharkEntityForge=2, OrcaEntityForge=2, SandtigerSharkEntityForge=2, ShortfinMakoSharkEntityForge=2, TigerSharkEntityForge=2}	{AmericanLobsterEntityForge=300, AtlanticCodEntityForge=300, AtlanticSalmonEntityForge=300, BlackSeaNettleJellyfishEntityForge=300, BlacktipReefSharkEntityForge=300, BottlenoseDolphinEntityForge=700, CannonballJellyfishEntityForge=300, CaribbeanReefOctopusEntityForge=300, CommonOctopusEntityForge=300, CommonStingrayEntityForge=300, CommonThresherSharkEntityForge=300, GiantMorayEelEntityForge=300, GreatHammerheadSharkEntityForge=300, GreatWhiteSharkEntityForge=300, GreenSeaTurtleEntityForge=300, HarborSealEntityForge=300, NautilusEntityForge=300, OceanicWhitetipSharkEntityForge=300, OrcaEntityForge=700, SandtigerSharkEntityForge=300, ShortfinMakoSharkEntityForge=300, TigerSharkEntityForge=300}	11	{death_AmericanLobsterEntityForge_mob_by_BlacktipReefSharkEntityForge=1, death_AmericanLobsterEntityForge_mob_by_SandtigerSharkEntityForge=1, death_AtlanticSalmonEntityForge_mob_by_BlacktipReefSharkEntityForge=1, death_AtlanticSalmonEntityForge_mob_by_CommonThresherSharkEntityForge=1, death_BottlenoseDolphinEntityForge_mob_by_OceanicWhitetipSharkEntityForge=1, death_CaribbeanReefOctopusEntityForge_mob_by_CommonStingrayEntityForge=1, death_CaribbeanReefOctopusEntityForge_mob_by_GreatHammerheadSharkEntityForge=1, living_deaths=7, navigation_calls=15151, sensor_calls=20991}	115	126
4800	454814720	{AmericanLobsterEntityForge=20, AtlanticCodEntityForge=16, AtlanticSalmonEntityForge=16, BlackSeaNettleJellyfishEntityForge=2, BlacktipReefSharkEntityForge=6, BottlenoseDolphinEntityForge=8, CannonballJellyfishEntityForge=4, CaribbeanReefOctopusEntityForge=4, CommonOctopusEntityForge=6, CommonStingrayEntityForge=6, CommonThresherSharkEntityForge=2, GiantMorayEelEntityForge=8, GreatHammerheadSharkEntityForge=2, GreatWhiteSharkEntityForge=2, GreenSeaTurtleEntityForge=6, HarborSealEntityForge=6, NautilusEntityForge=2, OceanicWhitetipSharkEntityForge=2, OrcaEntityForge=2, SandtigerSharkEntityForge=2, ShortfinMakoSharkEntityForge=2, TigerSharkEntityForge=2}	{AmericanLobsterEntityForge=300, AtlanticCodEntityForge=300, AtlanticSalmonEntityForge=300, BlackSeaNettleJellyfishEntityForge=300, BlacktipReefSharkEntityForge=300, BottlenoseDolphinEntityForge=700, CannonballJellyfishEntityForge=300, CaribbeanReefOctopusEntityForge=300, CommonOctopusEntityForge=300, CommonStingrayEntityForge=300, CommonThresherSharkEntityForge=300, GiantMorayEelEntityForge=300, GreatHammerheadSharkEntityForge=300, GreatWhiteSharkEntityForge=300, GreenSeaTurtleEntityForge=300, HarborSealEntityForge=300, NautilusEntityForge=300, OceanicWhitetipSharkEntityForge=300, OrcaEntityForge=700, SandtigerSharkEntityForge=300, ShortfinMakoSharkEntityForge=300, TigerSharkEntityForge=300}	11	{death_AmericanLobsterEntityForge_mob_by_BlacktipReefSharkEntityForge=1, death_AmericanLobsterEntityForge_mob_by_SandtigerSharkEntityForge=1, death_AtlanticSalmonEntityForge_mob_by_BlacktipReefSharkEntityForge=1, death_AtlanticSalmonEntityForge_mob_by_CommonThresherSharkEntityForge=1, death_BottlenoseDolphinEntityForge_mob_by_OceanicWhitetipSharkEntityForge=1, death_CaribbeanReefOctopusEntityForge_mob_by_CommonStingrayEntityForge=1, death_CaribbeanReefOctopusEntityForge_mob_by_GreatHammerheadSharkEntityForge=1, living_deaths=7, navigation_calls=15827, sensor_calls=21864}	114	126
5000	612101120	{AmericanLobsterEntityForge=20, AtlanticCodEntityForge=16, AtlanticSalmonEntityForge=16, BlackSeaNettleJellyfishEntityForge=2, BlacktipReefSharkEntityForge=6, BottlenoseDolphinEntityForge=8, CannonballJellyfishEntityForge=4, CaribbeanReefOctopusEntityForge=4, CommonOctopusEntityForge=6, CommonStingrayEntityForge=6, CommonThresherSharkEntityForge=2, GiantMorayEelEntityForge=8, GreatHammerheadSharkEntityForge=2, GreatWhiteSharkEntityForge=2, GreenSeaTurtleEntityForge=6, HarborSealEntityForge=6, NautilusEntityForge=2, OceanicWhitetipSharkEntityForge=2, OrcaEntityForge=2, SandtigerSharkEntityForge=2, ShortfinMakoSharkEntityForge=2, TigerSharkEntityForge=2}	{AmericanLobsterEntityForge=300, AtlanticCodEntityForge=300, AtlanticSalmonEntityForge=300, BlackSeaNettleJellyfishEntityForge=300, BlacktipReefSharkEntityForge=300, BottlenoseDolphinEntityForge=700, CannonballJellyfishEntityForge=300, CaribbeanReefOctopusEntityForge=300, CommonOctopusEntityForge=300, CommonStingrayEntityForge=300, CommonThresherSharkEntityForge=300, GiantMorayEelEntityForge=300, GreatHammerheadSharkEntityForge=300, GreatWhiteSharkEntityForge=300, GreenSeaTurtleEntityForge=300, HarborSealEntityForge=300, NautilusEntityForge=300, OceanicWhitetipSharkEntityForge=300, OrcaEntityForge=700, SandtigerSharkEntityForge=300, ShortfinMakoSharkEntityForge=300, TigerSharkEntityForge=300}	11	{death_AmericanLobsterEntityForge_mob_by_BlacktipReefSharkEntityForge=1, death_AmericanLobsterEntityForge_mob_by_SandtigerSharkEntityForge=1, death_AtlanticSalmonEntityForge_mob_by_BlacktipReefSharkEntityForge=1, death_AtlanticSalmonEntityForge_mob_by_CommonThresherSharkEntityForge=1, death_BottlenoseDolphinEntityForge_mob_by_OceanicWhitetipSharkEntityForge=1, death_CaribbeanReefOctopusEntityForge_mob_by_CommonStingrayEntityForge=1, death_CaribbeanReefOctopusEntityForge_mob_by_GreatHammerheadSharkEntityForge=1, living_deaths=7, navigation_calls=16468, sensor_calls=22816}	116	126
5200	774630400	{AmericanLobsterEntityForge=20, AtlanticCodEntityForge=16, AtlanticSalmonEntityForge=16, BlackSeaNettleJellyfishEntityForge=2, BlacktipReefSharkEntityForge=6, BottlenoseDolphinEntityForge=8, CannonballJellyfishEntityForge=4, CaribbeanReefOctopusEntityForge=4, CommonOctopusEntityForge=6, CommonStingrayEntityForge=6, CommonThresherSharkEntityForge=2, GiantMorayEelEntityForge=8, GreatHammerheadSharkEntityForge=2, GreatWhiteSharkEntityForge=2, GreenSeaTurtleEntityForge=6, HarborSealEntityForge=6, NautilusEntityForge=2, OceanicWhitetipSharkEntityForge=2, OrcaEntityForge=2, SandtigerSharkEntityForge=2, ShortfinMakoSharkEntityForge=2, TigerSharkEntityForge=2}	{AmericanLobsterEntityForge=300, AtlanticCodEntityForge=300, AtlanticSalmonEntityForge=300, BlackSeaNettleJellyfishEntityForge=300, BlacktipReefSharkEntityForge=300, BottlenoseDolphinEntityForge=700, CannonballJellyfishEntityForge=300, CaribbeanReefOctopusEntityForge=300, CommonOctopusEntityForge=300, CommonStingrayEntityForge=300, CommonThresherSharkEntityForge=300, GiantMorayEelEntityForge=300, GreatHammerheadSharkEntityForge=300, GreatWhiteSharkEntityForge=300, GreenSeaTurtleEntityForge=300, HarborSealEntityForge=300, NautilusEntityForge=300, OceanicWhitetipSharkEntityForge=300, OrcaEntityForge=700, SandtigerSharkEntityForge=300, ShortfinMakoSharkEntityForge=300, TigerSharkEntityForge=300}	11	{death_AmericanLobsterEntityForge_mob_by_BlacktipReefSharkEntityForge=1, death_AmericanLobsterEntityForge_mob_by_SandtigerSharkEntityForge=1, death_AtlanticSalmonEntityForge_mob_by_BlacktipReefSharkEntityForge=1, death_AtlanticSalmonEntityForge_mob_by_CommonThresherSharkEntityForge=1, death_BottlenoseDolphinEntityForge_mob_by_OceanicWhitetipSharkEntityForge=1, death_CaribbeanReefOctopusEntityForge_mob_by_CommonStingrayEntityForge=1, death_CaribbeanReefOctopusEntityForge_mob_by_GreatHammerheadSharkEntityForge=1, living_deaths=7, navigation_calls=17124, sensor_calls=23690}	115	126
5400	936111104	{AmericanLobsterEntityForge=20, AtlanticCodEntityForge=16, AtlanticSalmonEntityForge=16, BlackSeaNettleJellyfishEntityForge=2, BlacktipReefSharkEntityForge=6, BottlenoseDolphinEntityForge=8, CannonballJellyfishEntityForge=4, CaribbeanReefOctopusEntityForge=4, CommonOctopusEntityForge=6, CommonStingrayEntityForge=6, CommonThresherSharkEntityForge=2, GiantMorayEelEntityForge=8, GreatHammerheadSharkEntityForge=2, GreatWhiteSharkEntityForge=2, GreenSeaTurtleEntityForge=6, HarborSealEntityForge=6, NautilusEntityForge=2, OceanicWhitetipSharkEntityForge=2, OrcaEntityForge=2, SandtigerSharkEntityForge=2, ShortfinMakoSharkEntityForge=2, TigerSharkEntityForge=2}	{AmericanLobsterEntityForge=300, AtlanticCodEntityForge=300, AtlanticSalmonEntityForge=300, BlackSeaNettleJellyfishEntityForge=300, BlacktipReefSharkEntityForge=300, BottlenoseDolphinEntityForge=700, CannonballJellyfishEntityForge=300, CaribbeanReefOctopusEntityForge=300, CommonOctopusEntityForge=300, CommonStingrayEntityForge=300, CommonThresherSharkEntityForge=300, GiantMorayEelEntityForge=300, GreatHammerheadSharkEntityForge=300, GreatWhiteSharkEntityForge=300, GreenSeaTurtleEntityForge=300, HarborSealEntityForge=300, NautilusEntityForge=300, OceanicWhitetipSharkEntityForge=300, OrcaEntityForge=700, SandtigerSharkEntityForge=300, ShortfinMakoSharkEntityForge=300, TigerSharkEntityForge=300}	11	{death_AmericanLobsterEntityForge_mob_by_BlacktipReefSharkEntityForge=1, death_AmericanLobsterEntityForge_mob_by_SandtigerSharkEntityForge=1, death_AtlanticSalmonEntityForge_mob_by_BlacktipReefSharkEntityForge=1, death_AtlanticSalmonEntityForge_mob_by_CommonThresherSharkEntityForge=1, death_BottlenoseDolphinEntityForge_mob_by_OceanicWhitetipSharkEntityForge=1, death_CaribbeanReefOctopusEntityForge_mob_by_CommonStingrayEntityForge=1, death_CaribbeanReefOctopusEntityForge_mob_by_GreatHammerheadSharkEntityForge=1, living_deaths=7, navigation_calls=17797, sensor_calls=24640}	114	126
5600	1090251776	{AmericanLobsterEntityForge=20, AtlanticCodEntityForge=16, AtlanticSalmonEntityForge=16, BlackSeaNettleJellyfishEntityForge=2, BlacktipReefSharkEntityForge=6, BottlenoseDolphinEntityForge=8, CannonballJellyfishEntityForge=4, CaribbeanReefOctopusEntityForge=4, CommonOctopusEntityForge=6, CommonStingrayEntityForge=6, CommonThresherSharkEntityForge=2, GiantMorayEelEntityForge=8, GreatHammerheadSharkEntityForge=2, GreatWhiteSharkEntityForge=2, GreenSeaTurtleEntityForge=6, HarborSealEntityForge=6, NautilusEntityForge=2, OceanicWhitetipSharkEntityForge=2, OrcaEntityForge=2, SandtigerSharkEntityForge=2, ShortfinMakoSharkEntityForge=2, TigerSharkEntityForge=2}	{AmericanLobsterEntityForge=300, AtlanticCodEntityForge=300, AtlanticSalmonEntityForge=300, BlackSeaNettleJellyfishEntityForge=300, BlacktipReefSharkEntityForge=300, BottlenoseDolphinEntityForge=700, CannonballJellyfishEntityForge=300, CaribbeanReefOctopusEntityForge=300, CommonOctopusEntityForge=300, CommonStingrayEntityForge=300, CommonThresherSharkEntityForge=300, GiantMorayEelEntityForge=300, GreatHammerheadSharkEntityForge=300, GreatWhiteSharkEntityForge=300, GreenSeaTurtleEntityForge=300, HarborSealEntityForge=300, NautilusEntityForge=300, OceanicWhitetipSharkEntityForge=300, OrcaEntityForge=700, SandtigerSharkEntityForge=300, ShortfinMakoSharkEntityForge=300, TigerSharkEntityForge=300}	11	{death_AmericanLobsterEntityForge_mob_by_BlacktipReefSharkEntityForge=1, death_AmericanLobsterEntityForge_mob_by_SandtigerSharkEntityForge=1, death_AtlanticSalmonEntityForge_mob_by_BlacktipReefSharkEntityForge=1, death_AtlanticSalmonEntityForge_mob_by_CommonThresherSharkEntityForge=1, death_BottlenoseDolphinEntityForge_mob_by_OceanicWhitetipSharkEntityForge=1, death_CaribbeanReefOctopusEntityForge_mob_by_CommonStingrayEntityForge=1, death_CaribbeanReefOctopusEntityForge_mob_by_GreatHammerheadSharkEntityForge=1, living_deaths=7, navigation_calls=18467, sensor_calls=25515}	108	126
5800	1242295296	{AmericanLobsterEntityForge=20, AtlanticCodEntityForge=16, AtlanticSalmonEntityForge=16, BlackSeaNettleJellyfishEntityForge=2, BlacktipReefSharkEntityForge=6, BottlenoseDolphinEntityForge=8, CannonballJellyfishEntityForge=4, CaribbeanReefOctopusEntityForge=4, CommonOctopusEntityForge=6, CommonStingrayEntityForge=6, CommonThresherSharkEntityForge=2, GiantMorayEelEntityForge=8, GreatHammerheadSharkEntityForge=2, GreatWhiteSharkEntityForge=2, GreenSeaTurtleEntityForge=6, HarborSealEntityForge=6, NautilusEntityForge=2, OceanicWhitetipSharkEntityForge=2, OrcaEntityForge=2, SandtigerSharkEntityForge=2, ShortfinMakoSharkEntityForge=2, TigerSharkEntityForge=2}	{AmericanLobsterEntityForge=300, AtlanticCodEntityForge=300, AtlanticSalmonEntityForge=300, BlackSeaNettleJellyfishEntityForge=300, BlacktipReefSharkEntityForge=300, BottlenoseDolphinEntityForge=700, CannonballJellyfishEntityForge=300, CaribbeanReefOctopusEntityForge=300, CommonOctopusEntityForge=300, CommonStingrayEntityForge=300, CommonThresherSharkEntityForge=300, GiantMorayEelEntityForge=300, GreatHammerheadSharkEntityForge=300, GreatWhiteSharkEntityForge=300, GreenSeaTurtleEntityForge=300, HarborSealEntityForge=300, NautilusEntityForge=300, OceanicWhitetipSharkEntityForge=300, OrcaEntityForge=700, SandtigerSharkEntityForge=300, ShortfinMakoSharkEntityForge=300, TigerSharkEntityForge=300}	11	{death_AmericanLobsterEntityForge_mob_by_BlacktipReefSharkEntityForge=1, death_AmericanLobsterEntityForge_mob_by_SandtigerSharkEntityForge=1, death_AtlanticSalmonEntityForge_mob_by_BlacktipReefSharkEntityForge=1, death_AtlanticSalmonEntityForge_mob_by_CommonThresherSharkEntityForge=1, death_BottlenoseDolphinEntityForge_mob_by_OceanicWhitetipSharkEntityForge=1, death_CaribbeanReefOctopusEntityForge_mob_by_CommonStingrayEntityForge=1, death_CaribbeanReefOctopusEntityForge_mob_by_GreatHammerheadSharkEntityForge=1, living_deaths=7, navigation_calls=19116, sensor_calls=26465}	116	126
6000	1398533120	{AmericanLobsterEntityForge=20, AtlanticCodEntityForge=16, AtlanticSalmonEntityForge=16, BlackSeaNettleJellyfishEntityForge=2, BlacktipReefSharkEntityForge=6, BottlenoseDolphinEntityForge=8, CannonballJellyfishEntityForge=4, CaribbeanReefOctopusEntityForge=4, CommonOctopusEntityForge=6, CommonStingrayEntityForge=6, CommonThresherSharkEntityForge=2, GiantMorayEelEntityForge=8, GreatHammerheadSharkEntityForge=2, GreatWhiteSharkEntityForge=2, GreenSeaTurtleEntityForge=6, HarborSealEntityForge=6, NautilusEntityForge=2, OceanicWhitetipSharkEntityForge=2, OrcaEntityForge=2, SandtigerSharkEntityForge=2, ShortfinMakoSharkEntityForge=2, TigerSharkEntityForge=2}	{AmericanLobsterEntityForge=300, AtlanticCodEntityForge=300, AtlanticSalmonEntityForge=300, BlackSeaNettleJellyfishEntityForge=300, BlacktipReefSharkEntityForge=300, BottlenoseDolphinEntityForge=700, CannonballJellyfishEntityForge=300, CaribbeanReefOctopusEntityForge=300, CommonOctopusEntityForge=300, CommonStingrayEntityForge=300, CommonThresherSharkEntityForge=300, GiantMorayEelEntityForge=300, GreatHammerheadSharkEntityForge=300, GreatWhiteSharkEntityForge=300, GreenSeaTurtleEntityForge=300, HarborSealEntityForge=300, NautilusEntityForge=300, OceanicWhitetipSharkEntityForge=300, OrcaEntityForge=700, SandtigerSharkEntityForge=300, ShortfinMakoSharkEntityForge=300, TigerSharkEntityForge=300}	11	{death_AmericanLobsterEntityForge_mob_by_BlacktipReefSharkEntityForge=1, death_AmericanLobsterEntityForge_mob_by_SandtigerSharkEntityForge=1, death_AtlanticSalmonEntityForge_mob_by_BlacktipReefSharkEntityForge=1, death_AtlanticSalmonEntityForge_mob_by_CommonThresherSharkEntityForge=1, death_BottlenoseDolphinEntityForge_mob_by_OceanicWhitetipSharkEntityForge=1, death_CaribbeanReefOctopusEntityForge_mob_by_CommonStingrayEntityForge=1, death_CaribbeanReefOctopusEntityForge_mob_by_GreatHammerheadSharkEntityForge=1, living_deaths=7, navigation_calls=19773, sensor_calls=27339}	119	126
6200	280061160	{AmericanLobsterEntityForge=20, AtlanticCodEntityForge=16, AtlanticSalmonEntityForge=16, BlackSeaNettleJellyfishEntityForge=2, BlacktipReefSharkEntityForge=6, BottlenoseDolphinEntityForge=8, CannonballJellyfishEntityForge=4, CaribbeanReefOctopusEntityForge=4, CommonOctopusEntityForge=6, CommonStingrayEntityForge=6, CommonThresherSharkEntityForge=2, GiantMorayEelEntityForge=8, GreatHammerheadSharkEntityForge=2, GreatWhiteSharkEntityForge=2, GreenSeaTurtleEntityForge=6, HarborSealEntityForge=6, NautilusEntityForge=2, OceanicWhitetipSharkEntityForge=2, OrcaEntityForge=2, SandtigerSharkEntityForge=2, ShortfinMakoSharkEntityForge=2, TigerSharkEntityForge=2}	{AmericanLobsterEntityForge=300, AtlanticCodEntityForge=300, AtlanticSalmonEntityForge=300, BlackSeaNettleJellyfishEntityForge=300, BlacktipReefSharkEntityForge=300, BottlenoseDolphinEntityForge=700, CannonballJellyfishEntityForge=300, CaribbeanReefOctopusEntityForge=300, CommonOctopusEntityForge=300, CommonStingrayEntityForge=300, CommonThresherSharkEntityForge=300, GiantMorayEelEntityForge=300, GreatHammerheadSharkEntityForge=300, GreatWhiteSharkEntityForge=300, GreenSeaTurtleEntityForge=300, HarborSealEntityForge=300, NautilusEntityForge=300, OceanicWhitetipSharkEntityForge=300, OrcaEntityForge=700, SandtigerSharkEntityForge=300, ShortfinMakoSharkEntityForge=300, TigerSharkEntityForge=300}	11	{death_AmericanLobsterEntityForge_mob_by_BlacktipReefSharkEntityForge=1, death_AmericanLobsterEntityForge_mob_by_SandtigerSharkEntityForge=1, death_AtlanticSalmonEntityForge_mob_by_BlacktipReefSharkEntityForge=1, death_AtlanticSalmonEntityForge_mob_by_CommonThresherSharkEntityForge=1, death_BottlenoseDolphinEntityForge_mob_by_OceanicWhitetipSharkEntityForge=1, death_CaribbeanReefOctopusEntityForge_mob_by_CommonStingrayEntityForge=1, death_CaribbeanReefOctopusEntityForge_mob_by_GreatHammerheadSharkEntityForge=1, living_deaths=7, navigation_calls=20487, sensor_calls=28289}	115	126
6400	445736168	{AmericanLobsterEntityForge=20, AtlanticCodEntityForge=16, AtlanticSalmonEntityForge=16, BlackSeaNettleJellyfishEntityForge=2, BlacktipReefSharkEntityForge=6, BottlenoseDolphinEntityForge=8, CannonballJellyfishEntityForge=4, CaribbeanReefOctopusEntityForge=4, CommonOctopusEntityForge=6, CommonStingrayEntityForge=6, CommonThresherSharkEntityForge=2, GiantMorayEelEntityForge=8, GreatHammerheadSharkEntityForge=2, GreatWhiteSharkEntityForge=2, GreenSeaTurtleEntityForge=6, HarborSealEntityForge=6, NautilusEntityForge=2, OceanicWhitetipSharkEntityForge=2, OrcaEntityForge=2, SandtigerSharkEntityForge=2, ShortfinMakoSharkEntityForge=2, TigerSharkEntityForge=2}	{AmericanLobsterEntityForge=300, AtlanticCodEntityForge=300, AtlanticSalmonEntityForge=300, BlackSeaNettleJellyfishEntityForge=300, BlacktipReefSharkEntityForge=300, BottlenoseDolphinEntityForge=700, CannonballJellyfishEntityForge=300, CaribbeanReefOctopusEntityForge=300, CommonOctopusEntityForge=300, CommonStingrayEntityForge=300, CommonThresherSharkEntityForge=300, GiantMorayEelEntityForge=300, GreatHammerheadSharkEntityForge=300, GreatWhiteSharkEntityForge=300, GreenSeaTurtleEntityForge=300, HarborSealEntityForge=300, NautilusEntityForge=300, OceanicWhitetipSharkEntityForge=300, OrcaEntityForge=700, SandtigerSharkEntityForge=300, ShortfinMakoSharkEntityForge=300, TigerSharkEntityForge=300}	11	{death_AmericanLobsterEntityForge_mob_by_BlacktipReefSharkEntityForge=1, death_AmericanLobsterEntityForge_mob_by_SandtigerSharkEntityForge=1, death_AtlanticSalmonEntityForge_mob_by_BlacktipReefSharkEntityForge=1, death_AtlanticSalmonEntityForge_mob_by_CommonThresherSharkEntityForge=1, death_BottlenoseDolphinEntityForge_mob_by_OceanicWhitetipSharkEntityForge=1, death_CaribbeanReefOctopusEntityForge_mob_by_CommonStingrayEntityForge=1, death_CaribbeanReefOctopusEntityForge_mob_by_GreatHammerheadSharkEntityForge=1, living_deaths=7, navigation_calls=21204, sensor_calls=29163}	115	126
6600	610362600	{AmericanLobsterEntityForge=20, AtlanticCodEntityForge=16, AtlanticSalmonEntityForge=16, BlackSeaNettleJellyfishEntityForge=2, BlacktipReefSharkEntityForge=6, BottlenoseDolphinEntityForge=8, CannonballJellyfishEntityForge=4, CaribbeanReefOctopusEntityForge=4, CommonOctopusEntityForge=6, CommonStingrayEntityForge=6, CommonThresherSharkEntityForge=2, GiantMorayEelEntityForge=8, GreatHammerheadSharkEntityForge=2, GreatWhiteSharkEntityForge=2, GreenSeaTurtleEntityForge=6, HarborSealEntityForge=6, NautilusEntityForge=2, OceanicWhitetipSharkEntityForge=2, OrcaEntityForge=2, SandtigerSharkEntityForge=2, ShortfinMakoSharkEntityForge=2, TigerSharkEntityForge=2}	{AmericanLobsterEntityForge=300, AtlanticCodEntityForge=300, AtlanticSalmonEntityForge=300, BlackSeaNettleJellyfishEntityForge=300, BlacktipReefSharkEntityForge=300, BottlenoseDolphinEntityForge=700, CannonballJellyfishEntityForge=300, CaribbeanReefOctopusEntityForge=300, CommonOctopusEntityForge=300, CommonStingrayEntityForge=300, CommonThresherSharkEntityForge=300, GiantMorayEelEntityForge=300, GreatHammerheadSharkEntityForge=300, GreatWhiteSharkEntityForge=300, GreenSeaTurtleEntityForge=300, HarborSealEntityForge=300, NautilusEntityForge=300, OceanicWhitetipSharkEntityForge=300, OrcaEntityForge=700, SandtigerSharkEntityForge=300, ShortfinMakoSharkEntityForge=300, TigerSharkEntityForge=300}	11	{death_AmericanLobsterEntityForge_mob_by_BlacktipReefSharkEntityForge=1, death_AmericanLobsterEntityForge_mob_by_SandtigerSharkEntityForge=1, death_AtlanticSalmonEntityForge_mob_by_BlacktipReefSharkEntityForge=1, death_AtlanticSalmonEntityForge_mob_by_CommonThresherSharkEntityForge=1, death_BottlenoseDolphinEntityForge_mob_by_OceanicWhitetipSharkEntityForge=1, death_CaribbeanReefOctopusEntityForge_mob_by_CommonStingrayEntityForge=1, death_CaribbeanReefOctopusEntityForge_mob_by_GreatHammerheadSharkEntityForge=1, living_deaths=7, navigation_calls=21935, sensor_calls=30113}	112	126
6800	764503272	{AmericanLobsterEntityForge=20, AtlanticCodEntityForge=16, AtlanticSalmonEntityForge=16, BlackSeaNettleJellyfishEntityForge=2, BlacktipReefSharkEntityForge=6, BottlenoseDolphinEntityForge=8, CannonballJellyfishEntityForge=4, CaribbeanReefOctopusEntityForge=4, CommonOctopusEntityForge=6, CommonStingrayEntityForge=6, CommonThresherSharkEntityForge=2, GiantMorayEelEntityForge=8, GreatHammerheadSharkEntityForge=2, GreatWhiteSharkEntityForge=2, GreenSeaTurtleEntityForge=6, HarborSealEntityForge=6, NautilusEntityForge=2, OceanicWhitetipSharkEntityForge=2, OrcaEntityForge=2, SandtigerSharkEntityForge=2, ShortfinMakoSharkEntityForge=2, TigerSharkEntityForge=2}	{AmericanLobsterEntityForge=300, AtlanticCodEntityForge=300, AtlanticSalmonEntityForge=300, BlackSeaNettleJellyfishEntityForge=300, BlacktipReefSharkEntityForge=300, BottlenoseDolphinEntityForge=700, CannonballJellyfishEntityForge=300, CaribbeanReefOctopusEntityForge=300, CommonOctopusEntityForge=300, CommonStingrayEntityForge=300, CommonThresherSharkEntityForge=300, GiantMorayEelEntityForge=300, GreatHammerheadSharkEntityForge=300, GreatWhiteSharkEntityForge=300, GreenSeaTurtleEntityForge=300, HarborSealEntityForge=300, NautilusEntityForge=300, OceanicWhitetipSharkEntityForge=300, OrcaEntityForge=700, SandtigerSharkEntityForge=300, ShortfinMakoSharkEntityForge=300, TigerSharkEntityForge=300}	11	{death_AmericanLobsterEntityForge_mob_by_BlacktipReefSharkEntityForge=1, death_AmericanLobsterEntityForge_mob_by_SandtigerSharkEntityForge=1, death_AtlanticSalmonEntityForge_mob_by_BlacktipReefSharkEntityForge=1, death_AtlanticSalmonEntityForge_mob_by_CommonThresherSharkEntityForge=1, death_BottlenoseDolphinEntityForge_mob_by_OceanicWhitetipSharkEntityForge=1, death_CaribbeanReefOctopusEntityForge_mob_by_CommonStingrayEntityForge=1, death_CaribbeanReefOctopusEntityForge_mob_by_GreatHammerheadSharkEntityForge=1, living_deaths=7, navigation_calls=22596, sensor_calls=30987}	118	126
7000	922838248	{AmericanLobsterEntityForge=20, AtlanticCodEntityForge=16, AtlanticSalmonEntityForge=16, BlackSeaNettleJellyfishEntityForge=2, BlacktipReefSharkEntityForge=6, BottlenoseDolphinEntityForge=8, CannonballJellyfishEntityForge=4, CaribbeanReefOctopusEntityForge=4, CommonOctopusEntityForge=6, CommonStingrayEntityForge=6, CommonThresherSharkEntityForge=2, GiantMorayEelEntityForge=8, GreatHammerheadSharkEntityForge=2, GreatWhiteSharkEntityForge=2, GreenSeaTurtleEntityForge=6, HarborSealEntityForge=6, NautilusEntityForge=2, OceanicWhitetipSharkEntityForge=2, OrcaEntityForge=2, SandtigerSharkEntityForge=2, ShortfinMakoSharkEntityForge=2, TigerSharkEntityForge=2}	{AmericanLobsterEntityForge=300, AtlanticCodEntityForge=300, AtlanticSalmonEntityForge=300, BlackSeaNettleJellyfishEntityForge=300, BlacktipReefSharkEntityForge=300, BottlenoseDolphinEntityForge=700, CannonballJellyfishEntityForge=300, CaribbeanReefOctopusEntityForge=300, CommonOctopusEntityForge=300, CommonStingrayEntityForge=300, CommonThresherSharkEntityForge=300, GiantMorayEelEntityForge=300, GreatHammerheadSharkEntityForge=300, GreatWhiteSharkEntityForge=300, GreenSeaTurtleEntityForge=300, HarborSealEntityForge=300, NautilusEntityForge=300, OceanicWhitetipSharkEntityForge=300, OrcaEntityForge=700, SandtigerSharkEntityForge=300, ShortfinMakoSharkEntityForge=300, TigerSharkEntityForge=300}	11	{death_AmericanLobsterEntityForge_mob_by_BlacktipReefSharkEntityForge=1, death_AmericanLobsterEntityForge_mob_by_SandtigerSharkEntityForge=1, death_AtlanticSalmonEntityForge_mob_by_BlacktipReefSharkEntityForge=1, death_AtlanticSalmonEntityForge_mob_by_CommonThresherSharkEntityForge=1, death_BottlenoseDolphinEntityForge_mob_by_OceanicWhitetipSharkEntityForge=1, death_CaribbeanReefOctopusEntityForge_mob_by_CommonStingrayEntityForge=1, death_CaribbeanReefOctopusEntityForge_mob_by_GreatHammerheadSharkEntityForge=1, living_deaths=7, navigation_calls=23270, sensor_calls=31937}	115	126
7200	1076978920	{AmericanLobsterEntityForge=20, AtlanticCodEntityForge=16, AtlanticSalmonEntityForge=16, BlackSeaNettleJellyfishEntityForge=2, BlacktipReefSharkEntityForge=6, BottlenoseDolphinEntityForge=8, CannonballJellyfishEntityForge=4, CaribbeanReefOctopusEntityForge=4, CommonOctopusEntityForge=6, CommonStingrayEntityForge=6, CommonThresherSharkEntityForge=2, GiantMorayEelEntityForge=8, GreatHammerheadSharkEntityForge=2, GreatWhiteSharkEntityForge=2, GreenSeaTurtleEntityForge=6, HarborSealEntityForge=6, NautilusEntityForge=2, OceanicWhitetipSharkEntityForge=2, OrcaEntityForge=2, SandtigerSharkEntityForge=2, ShortfinMakoSharkEntityForge=2, TigerSharkEntityForge=2}	{AmericanLobsterEntityForge=300, AtlanticCodEntityForge=300, AtlanticSalmonEntityForge=300, BlackSeaNettleJellyfishEntityForge=300, BlacktipReefSharkEntityForge=300, BottlenoseDolphinEntityForge=700, CannonballJellyfishEntityForge=300, CaribbeanReefOctopusEntityForge=300, CommonOctopusEntityForge=300, CommonStingrayEntityForge=300, CommonThresherSharkEntityForge=300, GiantMorayEelEntityForge=300, GreatHammerheadSharkEntityForge=300, GreatWhiteSharkEntityForge=300, GreenSeaTurtleEntityForge=300, HarborSealEntityForge=300, NautilusEntityForge=300, OceanicWhitetipSharkEntityForge=300, OrcaEntityForge=700, SandtigerSharkEntityForge=300, ShortfinMakoSharkEntityForge=300, TigerSharkEntityForge=300}	11	{death_AmericanLobsterEntityForge_mob_by_BlacktipReefSharkEntityForge=1, death_AmericanLobsterEntityForge_mob_by_SandtigerSharkEntityForge=1, death_AtlanticSalmonEntityForge_mob_by_BlacktipReefSharkEntityForge=1, death_AtlanticSalmonEntityForge_mob_by_CommonThresherSharkEntityForge=1, death_BottlenoseDolphinEntityForge_mob_by_OceanicWhitetipSharkEntityForge=1, death_CaribbeanReefOctopusEntityForge_mob_by_CommonStingrayEntityForge=1, death_CaribbeanReefOctopusEntityForge_mob_by_GreatHammerheadSharkEntityForge=1, living_deaths=7, navigation_calls=23920, sensor_calls=32894}	112	126
7400	1230071016	{AmericanLobsterEntityForge=19, AtlanticCodEntityForge=16, AtlanticSalmonEntityForge=16, BlackSeaNettleJellyfishEntityForge=2, BlacktipReefSharkEntityForge=6, BottlenoseDolphinEntityForge=8, CannonballJellyfishEntityForge=4, CaribbeanReefOctopusEntityForge=4, CommonOctopusEntityForge=6, CommonStingrayEntityForge=6, CommonThresherSharkEntityForge=2, GiantMorayEelEntityForge=8, GreatHammerheadSharkEntityForge=2, GreatWhiteSharkEntityForge=2, GreenSeaTurtleEntityForge=6, HarborSealEntityForge=6, NautilusEntityForge=2, OceanicWhitetipSharkEntityForge=2, OrcaEntityForge=2, SandtigerSharkEntityForge=2, ShortfinMakoSharkEntityForge=2, TigerSharkEntityForge=2}	{AmericanLobsterEntityForge=300, AtlanticCodEntityForge=300, AtlanticSalmonEntityForge=300, BlackSeaNettleJellyfishEntityForge=300, BlacktipReefSharkEntityForge=300, BottlenoseDolphinEntityForge=700, CannonballJellyfishEntityForge=300, CaribbeanReefOctopusEntityForge=300, CommonOctopusEntityForge=300, CommonStingrayEntityForge=300, CommonThresherSharkEntityForge=300, GiantMorayEelEntityForge=300, GreatHammerheadSharkEntityForge=300, GreatWhiteSharkEntityForge=300, GreenSeaTurtleEntityForge=300, HarborSealEntityForge=300, NautilusEntityForge=300, OceanicWhitetipSharkEntityForge=300, OrcaEntityForge=700, SandtigerSharkEntityForge=300, ShortfinMakoSharkEntityForge=300, TigerSharkEntityForge=300}	11	{death_AmericanLobsterEntityForge_mob_by_BlacktipReefSharkEntityForge=1, death_AmericanLobsterEntityForge_mob_by_CommonStingrayEntityForge=1, death_AmericanLobsterEntityForge_mob_by_SandtigerSharkEntityForge=1, death_AtlanticSalmonEntityForge_mob_by_BlacktipReefSharkEntityForge=1, death_AtlanticSalmonEntityForge_mob_by_CommonThresherSharkEntityForge=1, death_BottlenoseDolphinEntityForge_mob_by_OceanicWhitetipSharkEntityForge=1, death_CaribbeanReefOctopusEntityForge_mob_by_CommonStingrayEntityForge=1, death_CaribbeanReefOctopusEntityForge_mob_by_GreatHammerheadSharkEntityForge=1, living_deaths=8, navigation_calls=24554, sensor_calls=33757}	113	125
7600	1388405992	{AmericanLobsterEntityForge=20, AtlanticCodEntityForge=16, AtlanticSalmonEntityForge=16, BlackSeaNettleJellyfishEntityForge=2, BlacktipReefSharkEntityForge=6, BottlenoseDolphinEntityForge=8, CannonballJellyfishEntityForge=4, CaribbeanReefOctopusEntityForge=4, CommonOctopusEntityForge=6, CommonStingrayEntityForge=6, CommonThresherSharkEntityForge=2, GiantMorayEelEntityForge=8, GreatHammerheadSharkEntityForge=2, GreatWhiteSharkEntityForge=2, GreenSeaTurtleEntityForge=6, HarborSealEntityForge=6, NautilusEntityForge=2, OceanicWhitetipSharkEntityForge=2, OrcaEntityForge=2, SandtigerSharkEntityForge=2, ShortfinMakoSharkEntityForge=2, TigerSharkEntityForge=2}	{AmericanLobsterEntityForge=300, AtlanticCodEntityForge=300, AtlanticSalmonEntityForge=300, BlackSeaNettleJellyfishEntityForge=300, BlacktipReefSharkEntityForge=300, BottlenoseDolphinEntityForge=700, CannonballJellyfishEntityForge=300, CaribbeanReefOctopusEntityForge=300, CommonOctopusEntityForge=300, CommonStingrayEntityForge=300, CommonThresherSharkEntityForge=300, GiantMorayEelEntityForge=300, GreatHammerheadSharkEntityForge=300, GreatWhiteSharkEntityForge=300, GreenSeaTurtleEntityForge=300, HarborSealEntityForge=300, NautilusEntityForge=300, OceanicWhitetipSharkEntityForge=300, OrcaEntityForge=700, SandtigerSharkEntityForge=300, ShortfinMakoSharkEntityForge=300, TigerSharkEntityForge=300}	11	{death_AmericanLobsterEntityForge_mob_by_BlacktipReefSharkEntityForge=1, death_AmericanLobsterEntityForge_mob_by_CommonStingrayEntityForge=1, death_AmericanLobsterEntityForge_mob_by_SandtigerSharkEntityForge=1, death_AtlanticSalmonEntityForge_mob_by_BlacktipReefSharkEntityForge=1, death_AtlanticSalmonEntityForge_mob_by_CommonThresherSharkEntityForge=1, death_BottlenoseDolphinEntityForge_mob_by_OceanicWhitetipSharkEntityForge=1, death_CaribbeanReefOctopusEntityForge_mob_by_CommonStingrayEntityForge=1, death_CaribbeanReefOctopusEntityForge_mob_by_GreatHammerheadSharkEntityForge=1, living_deaths=8, navigation_calls=25257, sensor_calls=34712}	115	126
7800	271899200	{AmericanLobsterEntityForge=20, AtlanticCodEntityForge=16, AtlanticSalmonEntityForge=16, BlackSeaNettleJellyfishEntityForge=2, BlacktipReefSharkEntityForge=6, BottlenoseDolphinEntityForge=8, CannonballJellyfishEntityForge=4, CaribbeanReefOctopusEntityForge=4, CommonOctopusEntityForge=6, CommonStingrayEntityForge=6, CommonThresherSharkEntityForge=2, GiantMorayEelEntityForge=8, GreatHammerheadSharkEntityForge=2, GreatWhiteSharkEntityForge=2, GreenSeaTurtleEntityForge=6, HarborSealEntityForge=6, NautilusEntityForge=2, OceanicWhitetipSharkEntityForge=2, OrcaEntityForge=2, SandtigerSharkEntityForge=2, ShortfinMakoSharkEntityForge=2, TigerSharkEntityForge=2}	{AmericanLobsterEntityForge=300, AtlanticCodEntityForge=300, AtlanticSalmonEntityForge=300, BlackSeaNettleJellyfishEntityForge=300, BlacktipReefSharkEntityForge=300, BottlenoseDolphinEntityForge=700, CannonballJellyfishEntityForge=300, CaribbeanReefOctopusEntityForge=300, CommonOctopusEntityForge=300, CommonStingrayEntityForge=300, CommonThresherSharkEntityForge=300, GiantMorayEelEntityForge=300, GreatHammerheadSharkEntityForge=300, GreatWhiteSharkEntityForge=300, GreenSeaTurtleEntityForge=300, HarborSealEntityForge=300, NautilusEntityForge=300, OceanicWhitetipSharkEntityForge=300, OrcaEntityForge=700, SandtigerSharkEntityForge=300, ShortfinMakoSharkEntityForge=300, TigerSharkEntityForge=300}	11	{death_AmericanLobsterEntityForge_mob_by_BlacktipReefSharkEntityForge=1, death_AmericanLobsterEntityForge_mob_by_CommonStingrayEntityForge=1, death_AmericanLobsterEntityForge_mob_by_SandtigerSharkEntityForge=1, death_AtlanticSalmonEntityForge_mob_by_BlacktipReefSharkEntityForge=1, death_AtlanticSalmonEntityForge_mob_by_CommonThresherSharkEntityForge=1, death_BottlenoseDolphinEntityForge_mob_by_OceanicWhitetipSharkEntityForge=1, death_CaribbeanReefOctopusEntityForge_mob_by_CommonStingrayEntityForge=1, death_CaribbeanReefOctopusEntityForge_mob_by_GreatHammerheadSharkEntityForge=1, living_deaths=8, navigation_calls=25963, sensor_calls=35583}	111	126
8000	428137024	{AmericanLobsterEntityForge=20, AtlanticCodEntityForge=16, AtlanticSalmonEntityForge=16, BlackSeaNettleJellyfishEntityForge=2, BlacktipReefSharkEntityForge=6, BottlenoseDolphinEntityForge=8, CannonballJellyfishEntityForge=4, CaribbeanReefOctopusEntityForge=4, CommonOctopusEntityForge=6, CommonStingrayEntityForge=6, CommonThresherSharkEntityForge=2, GiantMorayEelEntityForge=8, GreatHammerheadSharkEntityForge=2, GreatWhiteSharkEntityForge=2, GreenSeaTurtleEntityForge=6, HarborSealEntityForge=6, NautilusEntityForge=2, OceanicWhitetipSharkEntityForge=2, OrcaEntityForge=2, SandtigerSharkEntityForge=2, ShortfinMakoSharkEntityForge=2, TigerSharkEntityForge=2}	{AmericanLobsterEntityForge=300, AtlanticCodEntityForge=300, AtlanticSalmonEntityForge=300, BlackSeaNettleJellyfishEntityForge=300, BlacktipReefSharkEntityForge=300, BottlenoseDolphinEntityForge=700, CannonballJellyfishEntityForge=300, CaribbeanReefOctopusEntityForge=300, CommonOctopusEntityForge=300, CommonStingrayEntityForge=300, CommonThresherSharkEntityForge=300, GiantMorayEelEntityForge=300, GreatHammerheadSharkEntityForge=300, GreatWhiteSharkEntityForge=300, GreenSeaTurtleEntityForge=300, HarborSealEntityForge=300, NautilusEntityForge=300, OceanicWhitetipSharkEntityForge=300, OrcaEntityForge=700, SandtigerSharkEntityForge=300, ShortfinMakoSharkEntityForge=300, TigerSharkEntityForge=300}	11	{death_AmericanLobsterEntityForge_mob_by_BlacktipReefSharkEntityForge=1, death_AmericanLobsterEntityForge_mob_by_CommonStingrayEntityForge=1, death_AmericanLobsterEntityForge_mob_by_SandtigerSharkEntityForge=1, death_AtlanticSalmonEntityForge_mob_by_BlacktipReefSharkEntityForge=1, death_AtlanticSalmonEntityForge_mob_by_CommonThresherSharkEntityForge=1, death_BottlenoseDolphinEntityForge_mob_by_OceanicWhitetipSharkEntityForge=1, death_CaribbeanReefOctopusEntityForge_mob_by_CommonStingrayEntityForge=1, death_CaribbeanReefOctopusEntityForge_mob_by_GreatHammerheadSharkEntityForge=1, living_deaths=8, navigation_calls=26616, sensor_calls=36536}	113	126
8200	587520576	{AmericanLobsterEntityForge=20, AtlanticCodEntityForge=16, AtlanticSalmonEntityForge=15, BlackSeaNettleJellyfishEntityForge=2, BlacktipReefSharkEntityForge=6, BottlenoseDolphinEntityForge=8, CannonballJellyfishEntityForge=4, CaribbeanReefOctopusEntityForge=4, CommonOctopusEntityForge=6, CommonStingrayEntityForge=6, CommonThresherSharkEntityForge=2, GiantMorayEelEntityForge=8, GreatHammerheadSharkEntityForge=2, GreatWhiteSharkEntityForge=2, GreenSeaTurtleEntityForge=6, HarborSealEntityForge=6, NautilusEntityForge=2, OceanicWhitetipSharkEntityForge=2, OrcaEntityForge=2, SandtigerSharkEntityForge=2, ShortfinMakoSharkEntityForge=2, TigerSharkEntityForge=2}	{AmericanLobsterEntityForge=300, AtlanticCodEntityForge=300, AtlanticSalmonEntityForge=300, BlackSeaNettleJellyfishEntityForge=300, BlacktipReefSharkEntityForge=300, BottlenoseDolphinEntityForge=700, CannonballJellyfishEntityForge=300, CaribbeanReefOctopusEntityForge=300, CommonOctopusEntityForge=300, CommonStingrayEntityForge=300, CommonThresherSharkEntityForge=300, GiantMorayEelEntityForge=300, GreatHammerheadSharkEntityForge=300, GreatWhiteSharkEntityForge=300, GreenSeaTurtleEntityForge=300, HarborSealEntityForge=300, NautilusEntityForge=300, OceanicWhitetipSharkEntityForge=300, OrcaEntityForge=700, SandtigerSharkEntityForge=300, ShortfinMakoSharkEntityForge=300, TigerSharkEntityForge=300}	11	{death_AmericanLobsterEntityForge_mob_by_BlacktipReefSharkEntityForge=1, death_AmericanLobsterEntityForge_mob_by_CommonStingrayEntityForge=1, death_AmericanLobsterEntityForge_mob_by_SandtigerSharkEntityForge=1, death_AtlanticSalmonEntityForge_mob_by_BlacktipReefSharkEntityForge=1, death_AtlanticSalmonEntityForge_mob_by_CommonThresherSharkEntityForge=2, death_BottlenoseDolphinEntityForge_mob_by_OceanicWhitetipSharkEntityForge=1, death_CaribbeanReefOctopusEntityForge_mob_by_CommonStingrayEntityForge=1, death_CaribbeanReefOctopusEntityForge_mob_by_GreatHammerheadSharkEntityForge=1, living_deaths=9, navigation_calls=27274, sensor_calls=37410}	120	125
8400	747952704	{AmericanLobsterEntityForge=20, AtlanticCodEntityForge=16, AtlanticSalmonEntityForge=16, BlackSeaNettleJellyfishEntityForge=2, BlacktipReefSharkEntityForge=6, BottlenoseDolphinEntityForge=8, CannonballJellyfishEntityForge=4, CaribbeanReefOctopusEntityForge=4, CommonOctopusEntityForge=6, CommonStingrayEntityForge=6, CommonThresherSharkEntityForge=2, GiantMorayEelEntityForge=8, GreatHammerheadSharkEntityForge=2, GreatWhiteSharkEntityForge=2, GreenSeaTurtleEntityForge=6, HarborSealEntityForge=6, NautilusEntityForge=2, OceanicWhitetipSharkEntityForge=2, OrcaEntityForge=2, SandtigerSharkEntityForge=2, ShortfinMakoSharkEntityForge=2, TigerSharkEntityForge=2}	{AmericanLobsterEntityForge=300, AtlanticCodEntityForge=300, AtlanticSalmonEntityForge=300, BlackSeaNettleJellyfishEntityForge=300, BlacktipReefSharkEntityForge=300, BottlenoseDolphinEntityForge=700, CannonballJellyfishEntityForge=300, CaribbeanReefOctopusEntityForge=300, CommonOctopusEntityForge=300, CommonStingrayEntityForge=300, CommonThresherSharkEntityForge=300, GiantMorayEelEntityForge=300, GreatHammerheadSharkEntityForge=300, GreatWhiteSharkEntityForge=300, GreenSeaTurtleEntityForge=300, HarborSealEntityForge=300, NautilusEntityForge=300, OceanicWhitetipSharkEntityForge=300, OrcaEntityForge=700, SandtigerSharkEntityForge=300, ShortfinMakoSharkEntityForge=300, TigerSharkEntityForge=300}	11	{death_AmericanLobsterEntityForge_mob_by_BlacktipReefSharkEntityForge=1, death_AmericanLobsterEntityForge_mob_by_CommonStingrayEntityForge=1, death_AmericanLobsterEntityForge_mob_by_SandtigerSharkEntityForge=1, death_AtlanticSalmonEntityForge_mob_by_BlacktipReefSharkEntityForge=1, death_AtlanticSalmonEntityForge_mob_by_CommonThresherSharkEntityForge=2, death_BottlenoseDolphinEntityForge_mob_by_OceanicWhitetipSharkEntityForge=1, death_CaribbeanReefOctopusEntityForge_mob_by_CommonStingrayEntityForge=1, death_CaribbeanReefOctopusEntityForge_mob_by_GreatHammerheadSharkEntityForge=1, living_deaths=9, navigation_calls=27958, sensor_calls=38360}	121	126
8600	910481984	{AmericanLobsterEntityForge=20, AtlanticCodEntityForge=16, AtlanticSalmonEntityForge=16, BlackSeaNettleJellyfishEntityForge=2, BlacktipReefSharkEntityForge=6, BottlenoseDolphinEntityForge=8, CannonballJellyfishEntityForge=4, CaribbeanReefOctopusEntityForge=4, CommonOctopusEntityForge=6, CommonStingrayEntityForge=6, CommonThresherSharkEntityForge=2, GiantMorayEelEntityForge=8, GreatHammerheadSharkEntityForge=2, GreatWhiteSharkEntityForge=2, GreenSeaTurtleEntityForge=6, HarborSealEntityForge=6, NautilusEntityForge=2, OceanicWhitetipSharkEntityForge=2, OrcaEntityForge=2, SandtigerSharkEntityForge=2, ShortfinMakoSharkEntityForge=2, TigerSharkEntityForge=2}	{AmericanLobsterEntityForge=300, AtlanticCodEntityForge=300, AtlanticSalmonEntityForge=300, BlackSeaNettleJellyfishEntityForge=300, BlacktipReefSharkEntityForge=300, BottlenoseDolphinEntityForge=700, CannonballJellyfishEntityForge=300, CaribbeanReefOctopusEntityForge=300, CommonOctopusEntityForge=300, CommonStingrayEntityForge=300, CommonThresherSharkEntityForge=300, GiantMorayEelEntityForge=300, GreatHammerheadSharkEntityForge=300, GreatWhiteSharkEntityForge=300, GreenSeaTurtleEntityForge=300, HarborSealEntityForge=300, NautilusEntityForge=300, OceanicWhitetipSharkEntityForge=300, OrcaEntityForge=700, SandtigerSharkEntityForge=300, ShortfinMakoSharkEntityForge=300, TigerSharkEntityForge=300}	11	{death_AmericanLobsterEntityForge_mob_by_BlacktipReefSharkEntityForge=1, death_AmericanLobsterEntityForge_mob_by_CommonStingrayEntityForge=1, death_AmericanLobsterEntityForge_mob_by_SandtigerSharkEntityForge=1, death_AtlanticSalmonEntityForge_mob_by_BlacktipReefSharkEntityForge=1, death_AtlanticSalmonEntityForge_mob_by_CommonThresherSharkEntityForge=2, death_BottlenoseDolphinEntityForge_mob_by_OceanicWhitetipSharkEntityForge=1, death_CaribbeanReefOctopusEntityForge_mob_by_CommonStingrayEntityForge=1, death_CaribbeanReefOctopusEntityForge_mob_by_GreatHammerheadSharkEntityForge=1, living_deaths=9, navigation_calls=28640, sensor_calls=39235}	120	126
8800	1068816960	{AmericanLobsterEntityForge=20, AtlanticCodEntityForge=16, AtlanticSalmonEntityForge=16, BlackSeaNettleJellyfishEntityForge=2, BlacktipReefSharkEntityForge=6, BottlenoseDolphinEntityForge=8, CannonballJellyfishEntityForge=4, CaribbeanReefOctopusEntityForge=4, CommonOctopusEntityForge=6, CommonStingrayEntityForge=6, CommonThresherSharkEntityForge=2, GiantMorayEelEntityForge=8, GreatHammerheadSharkEntityForge=2, GreatWhiteSharkEntityForge=2, GreenSeaTurtleEntityForge=6, HarborSealEntityForge=6, NautilusEntityForge=2, OceanicWhitetipSharkEntityForge=2, OrcaEntityForge=2, SandtigerSharkEntityForge=2, ShortfinMakoSharkEntityForge=2, TigerSharkEntityForge=2}	{AmericanLobsterEntityForge=300, AtlanticCodEntityForge=300, AtlanticSalmonEntityForge=300, BlackSeaNettleJellyfishEntityForge=300, BlacktipReefSharkEntityForge=300, BottlenoseDolphinEntityForge=700, CannonballJellyfishEntityForge=300, CaribbeanReefOctopusEntityForge=300, CommonOctopusEntityForge=300, CommonStingrayEntityForge=300, CommonThresherSharkEntityForge=300, GiantMorayEelEntityForge=300, GreatHammerheadSharkEntityForge=300, GreatWhiteSharkEntityForge=300, GreenSeaTurtleEntityForge=300, HarborSealEntityForge=300, NautilusEntityForge=300, OceanicWhitetipSharkEntityForge=300, OrcaEntityForge=700, SandtigerSharkEntityForge=300, ShortfinMakoSharkEntityForge=300, TigerSharkEntityForge=300}	11	{death_AmericanLobsterEntityForge_mob_by_BlacktipReefSharkEntityForge=1, death_AmericanLobsterEntityForge_mob_by_CommonStingrayEntityForge=1, death_AmericanLobsterEntityForge_mob_by_SandtigerSharkEntityForge=1, death_AtlanticSalmonEntityForge_mob_by_BlacktipReefSharkEntityForge=1, death_AtlanticSalmonEntityForge_mob_by_CommonThresherSharkEntityForge=2, death_BottlenoseDolphinEntityForge_mob_by_OceanicWhitetipSharkEntityForge=1, death_CaribbeanReefOctopusEntityForge_mob_by_CommonStingrayEntityForge=1, death_CaribbeanReefOctopusEntityForge_mob_by_GreatHammerheadSharkEntityForge=1, living_deaths=9, navigation_calls=29303, sensor_calls=40185}	121	126
9000	1240783424	{AmericanLobsterEntityForge=20, AtlanticCodEntityForge=16, AtlanticSalmonEntityForge=16, BlackSeaNettleJellyfishEntityForge=2, BlacktipReefSharkEntityForge=6, BottlenoseDolphinEntityForge=8, CannonballJellyfishEntityForge=4, CaribbeanReefOctopusEntityForge=4, CommonOctopusEntityForge=6, CommonStingrayEntityForge=6, CommonThresherSharkEntityForge=2, GiantMorayEelEntityForge=8, GreatHammerheadSharkEntityForge=2, GreatWhiteSharkEntityForge=2, GreenSeaTurtleEntityForge=6, HarborSealEntityForge=6, NautilusEntityForge=2, OceanicWhitetipSharkEntityForge=2, OrcaEntityForge=2, SandtigerSharkEntityForge=2, ShortfinMakoSharkEntityForge=2, TigerSharkEntityForge=2}	{AmericanLobsterEntityForge=300, AtlanticCodEntityForge=300, AtlanticSalmonEntityForge=300, BlackSeaNettleJellyfishEntityForge=300, BlacktipReefSharkEntityForge=300, BottlenoseDolphinEntityForge=700, CannonballJellyfishEntityForge=300, CaribbeanReefOctopusEntityForge=300, CommonOctopusEntityForge=300, CommonStingrayEntityForge=300, CommonThresherSharkEntityForge=300, GiantMorayEelEntityForge=300, GreatHammerheadSharkEntityForge=300, GreatWhiteSharkEntityForge=300, GreenSeaTurtleEntityForge=300, HarborSealEntityForge=300, NautilusEntityForge=300, OceanicWhitetipSharkEntityForge=300, OrcaEntityForge=700, SandtigerSharkEntityForge=300, ShortfinMakoSharkEntityForge=300, TigerSharkEntityForge=300}	11	{death_AmericanLobsterEntityForge_mob_by_BlacktipReefSharkEntityForge=1, death_AmericanLobsterEntityForge_mob_by_CommonStingrayEntityForge=1, death_AmericanLobsterEntityForge_mob_by_SandtigerSharkEntityForge=1, death_AtlanticSalmonEntityForge_mob_by_BlacktipReefSharkEntityForge=1, death_AtlanticSalmonEntityForge_mob_by_CommonThresherSharkEntityForge=2, death_BottlenoseDolphinEntityForge_mob_by_OceanicWhitetipSharkEntityForge=1, death_CaribbeanReefOctopusEntityForge_mob_by_CommonStingrayEntityForge=1, death_CaribbeanReefOctopusEntityForge_mob_by_GreatHammerheadSharkEntityForge=1, living_deaths=9, navigation_calls=30023, sensor_calls=41059}	120	126
9200	1400166976	{AmericanLobsterEntityForge=20, AtlanticCodEntityForge=16, AtlanticSalmonEntityForge=16, BlackSeaNettleJellyfishEntityForge=2, BlacktipReefSharkEntityForge=6, BottlenoseDolphinEntityForge=8, CannonballJellyfishEntityForge=4, CaribbeanReefOctopusEntityForge=4, CommonOctopusEntityForge=6, CommonStingrayEntityForge=6, CommonThresherSharkEntityForge=2, GiantMorayEelEntityForge=8, GreatHammerheadSharkEntityForge=2, GreatWhiteSharkEntityForge=2, GreenSeaTurtleEntityForge=6, HarborSealEntityForge=6, NautilusEntityForge=2, OceanicWhitetipSharkEntityForge=2, OrcaEntityForge=2, SandtigerSharkEntityForge=2, ShortfinMakoSharkEntityForge=2, TigerSharkEntityForge=2}	{AmericanLobsterEntityForge=300, AtlanticCodEntityForge=300, AtlanticSalmonEntityForge=300, BlackSeaNettleJellyfishEntityForge=300, BlacktipReefSharkEntityForge=300, BottlenoseDolphinEntityForge=700, CannonballJellyfishEntityForge=300, CaribbeanReefOctopusEntityForge=300, CommonOctopusEntityForge=300, CommonStingrayEntityForge=300, CommonThresherSharkEntityForge=300, GiantMorayEelEntityForge=300, GreatHammerheadSharkEntityForge=300, GreatWhiteSharkEntityForge=300, GreenSeaTurtleEntityForge=300, HarborSealEntityForge=300, NautilusEntityForge=300, OceanicWhitetipSharkEntityForge=300, OrcaEntityForge=700, SandtigerSharkEntityForge=300, ShortfinMakoSharkEntityForge=300, TigerSharkEntityForge=300}	11	{death_AmericanLobsterEntityForge_mob_by_BlacktipReefSharkEntityForge=1, death_AmericanLobsterEntityForge_mob_by_CommonStingrayEntityForge=1, death_AmericanLobsterEntityForge_mob_by_SandtigerSharkEntityForge=1, death_AtlanticSalmonEntityForge_mob_by_BlacktipReefSharkEntityForge=1, death_AtlanticSalmonEntityForge_mob_by_CommonThresherSharkEntityForge=2, death_BottlenoseDolphinEntityForge_mob_by_OceanicWhitetipSharkEntityForge=1, death_CaribbeanReefOctopusEntityForge_mob_by_CommonStingrayEntityForge=1, death_CaribbeanReefOctopusEntityForge_mob_by_GreatHammerheadSharkEntityForge=1, living_deaths=9, navigation_calls=30678, sensor_calls=42010}	119	126
9400	279133952	{AmericanLobsterEntityForge=20, AtlanticCodEntityForge=16, AtlanticSalmonEntityForge=16, BlackSeaNettleJellyfishEntityForge=2, BlacktipReefSharkEntityForge=6, BottlenoseDolphinEntityForge=8, CannonballJellyfishEntityForge=4, CaribbeanReefOctopusEntityForge=4, CommonOctopusEntityForge=6, CommonStingrayEntityForge=6, CommonThresherSharkEntityForge=2, GiantMorayEelEntityForge=8, GreatHammerheadSharkEntityForge=2, GreatWhiteSharkEntityForge=2, GreenSeaTurtleEntityForge=6, HarborSealEntityForge=6, NautilusEntityForge=2, OceanicWhitetipSharkEntityForge=2, OrcaEntityForge=2, SandtigerSharkEntityForge=2, ShortfinMakoSharkEntityForge=2, TigerSharkEntityForge=2}	{AmericanLobsterEntityForge=300, AtlanticCodEntityForge=300, AtlanticSalmonEntityForge=300, BlackSeaNettleJellyfishEntityForge=300, BlacktipReefSharkEntityForge=300, BottlenoseDolphinEntityForge=700, CannonballJellyfishEntityForge=300, CaribbeanReefOctopusEntityForge=300, CommonOctopusEntityForge=300, CommonStingrayEntityForge=300, CommonThresherSharkEntityForge=300, GiantMorayEelEntityForge=300, GreatHammerheadSharkEntityForge=300, GreatWhiteSharkEntityForge=300, GreenSeaTurtleEntityForge=300, HarborSealEntityForge=300, NautilusEntityForge=300, OceanicWhitetipSharkEntityForge=300, OrcaEntityForge=700, SandtigerSharkEntityForge=300, ShortfinMakoSharkEntityForge=300, TigerSharkEntityForge=300}	11	{death_AmericanLobsterEntityForge_mob_by_BlacktipReefSharkEntityForge=1, death_AmericanLobsterEntityForge_mob_by_CommonStingrayEntityForge=1, death_AmericanLobsterEntityForge_mob_by_SandtigerSharkEntityForge=1, death_AtlanticSalmonEntityForge_mob_by_BlacktipReefSharkEntityForge=1, death_AtlanticSalmonEntityForge_mob_by_CommonThresherSharkEntityForge=2, death_BottlenoseDolphinEntityForge_mob_by_OceanicWhitetipSharkEntityForge=1, death_CaribbeanReefOctopusEntityForge_mob_by_CommonStingrayEntityForge=1, death_CaribbeanReefOctopusEntityForge_mob_by_GreatHammerheadSharkEntityForge=1, living_deaths=9, navigation_calls=31286, sensor_calls=42885}	119	126
9600	436420352	{AmericanLobsterEntityForge=20, AtlanticCodEntityForge=16, AtlanticSalmonEntityForge=16, BlackSeaNettleJellyfishEntityForge=2, BlacktipReefSharkEntityForge=6, BottlenoseDolphinEntityForge=8, CannonballJellyfishEntityForge=4, CaribbeanReefOctopusEntityForge=4, CommonOctopusEntityForge=6, CommonStingrayEntityForge=6, CommonThresherSharkEntityForge=2, GiantMorayEelEntityForge=8, GreatHammerheadSharkEntityForge=2, GreatWhiteSharkEntityForge=2, GreenSeaTurtleEntityForge=6, HarborSealEntityForge=6, NautilusEntityForge=2, OceanicWhitetipSharkEntityForge=2, OrcaEntityForge=2, SandtigerSharkEntityForge=2, ShortfinMakoSharkEntityForge=2, TigerSharkEntityForge=2}	{AmericanLobsterEntityForge=300, AtlanticCodEntityForge=300, AtlanticSalmonEntityForge=300, BlackSeaNettleJellyfishEntityForge=300, BlacktipReefSharkEntityForge=300, BottlenoseDolphinEntityForge=700, CannonballJellyfishEntityForge=300, CaribbeanReefOctopusEntityForge=300, CommonOctopusEntityForge=300, CommonStingrayEntityForge=300, CommonThresherSharkEntityForge=300, GiantMorayEelEntityForge=300, GreatHammerheadSharkEntityForge=300, GreatWhiteSharkEntityForge=300, GreenSeaTurtleEntityForge=300, HarborSealEntityForge=300, NautilusEntityForge=300, OceanicWhitetipSharkEntityForge=300, OrcaEntityForge=700, SandtigerSharkEntityForge=300, ShortfinMakoSharkEntityForge=300, TigerSharkEntityForge=300}	11	{death_AmericanLobsterEntityForge_mob_by_BlacktipReefSharkEntityForge=1, death_AmericanLobsterEntityForge_mob_by_CommonStingrayEntityForge=1, death_AmericanLobsterEntityForge_mob_by_SandtigerSharkEntityForge=1, death_AtlanticSalmonEntityForge_mob_by_BlacktipReefSharkEntityForge=1, death_AtlanticSalmonEntityForge_mob_by_CommonThresherSharkEntityForge=2, death_BottlenoseDolphinEntityForge_mob_by_OceanicWhitetipSharkEntityForge=1, death_CaribbeanReefOctopusEntityForge_mob_by_CommonStingrayEntityForge=1, death_CaribbeanReefOctopusEntityForge_mob_by_GreatHammerheadSharkEntityForge=1, living_deaths=9, navigation_calls=31926, sensor_calls=43834}	118	126
9800	593706752	{AmericanLobsterEntityForge=20, AtlanticCodEntityForge=16, AtlanticSalmonEntityForge=16, BlackSeaNettleJellyfishEntityForge=2, BlacktipReefSharkEntityForge=6, BottlenoseDolphinEntityForge=8, CannonballJellyfishEntityForge=4, CaribbeanReefOctopusEntityForge=4, CommonOctopusEntityForge=6, CommonStingrayEntityForge=6, CommonThresherSharkEntityForge=2, GiantMorayEelEntityForge=8, GreatHammerheadSharkEntityForge=2, GreatWhiteSharkEntityForge=2, GreenSeaTurtleEntityForge=6, HarborSealEntityForge=6, NautilusEntityForge=2, OceanicWhitetipSharkEntityForge=2, OrcaEntityForge=2, SandtigerSharkEntityForge=2, ShortfinMakoSharkEntityForge=2, TigerSharkEntityForge=2}	{AmericanLobsterEntityForge=300, AtlanticCodEntityForge=300, AtlanticSalmonEntityForge=300, BlackSeaNettleJellyfishEntityForge=300, BlacktipReefSharkEntityForge=300, BottlenoseDolphinEntityForge=700, CannonballJellyfishEntityForge=300, CaribbeanReefOctopusEntityForge=300, CommonOctopusEntityForge=300, CommonStingrayEntityForge=300, CommonThresherSharkEntityForge=300, GiantMorayEelEntityForge=300, GreatHammerheadSharkEntityForge=300, GreatWhiteSharkEntityForge=300, GreenSeaTurtleEntityForge=300, HarborSealEntityForge=300, NautilusEntityForge=300, OceanicWhitetipSharkEntityForge=300, OrcaEntityForge=700, SandtigerSharkEntityForge=300, ShortfinMakoSharkEntityForge=300, TigerSharkEntityForge=300}	11	{death_AmericanLobsterEntityForge_mob_by_BlacktipReefSharkEntityForge=1, death_AmericanLobsterEntityForge_mob_by_CommonStingrayEntityForge=1, death_AmericanLobsterEntityForge_mob_by_SandtigerSharkEntityForge=1, death_AtlanticSalmonEntityForge_mob_by_BlacktipReefSharkEntityForge=1, death_AtlanticSalmonEntityForge_mob_by_CommonThresherSharkEntityForge=2, death_BottlenoseDolphinEntityForge_mob_by_OceanicWhitetipSharkEntityForge=1, death_CaribbeanReefOctopusEntityForge_mob_by_CommonStingrayEntityForge=1, death_CaribbeanReefOctopusEntityForge_mob_by_GreatHammerheadSharkEntityForge=1, living_deaths=9, navigation_calls=32568, sensor_calls=44710}	121	126
10000	759381760	{AmericanLobsterEntityForge=20, AtlanticCodEntityForge=16, AtlanticSalmonEntityForge=16, BlackSeaNettleJellyfishEntityForge=2, BlacktipReefSharkEntityForge=6, BottlenoseDolphinEntityForge=8, CannonballJellyfishEntityForge=4, CaribbeanReefOctopusEntityForge=4, CommonOctopusEntityForge=6, CommonStingrayEntityForge=6, CommonThresherSharkEntityForge=2, GiantMorayEelEntityForge=8, GreatHammerheadSharkEntityForge=2, GreatWhiteSharkEntityForge=2, GreenSeaTurtleEntityForge=6, HarborSealEntityForge=6, NautilusEntityForge=2, OceanicWhitetipSharkEntityForge=2, OrcaEntityForge=2, SandtigerSharkEntityForge=2, ShortfinMakoSharkEntityForge=2, TigerSharkEntityForge=2}	{AmericanLobsterEntityForge=300, AtlanticCodEntityForge=300, AtlanticSalmonEntityForge=300, BlackSeaNettleJellyfishEntityForge=300, BlacktipReefSharkEntityForge=300, BottlenoseDolphinEntityForge=700, CannonballJellyfishEntityForge=300, CaribbeanReefOctopusEntityForge=300, CommonOctopusEntityForge=300, CommonStingrayEntityForge=300, CommonThresherSharkEntityForge=300, GiantMorayEelEntityForge=300, GreatHammerheadSharkEntityForge=300, GreatWhiteSharkEntityForge=300, GreenSeaTurtleEntityForge=300, HarborSealEntityForge=300, NautilusEntityForge=300, OceanicWhitetipSharkEntityForge=300, OrcaEntityForge=700, SandtigerSharkEntityForge=300, ShortfinMakoSharkEntityForge=300, TigerSharkEntityForge=300}	11	{death_AmericanLobsterEntityForge_mob_by_BlacktipReefSharkEntityForge=1, death_AmericanLobsterEntityForge_mob_by_CommonStingrayEntityForge=1, death_AmericanLobsterEntityForge_mob_by_SandtigerSharkEntityForge=1, death_AtlanticSalmonEntityForge_mob_by_BlacktipReefSharkEntityForge=1, death_AtlanticSalmonEntityForge_mob_by_CommonThresherSharkEntityForge=2, death_BottlenoseDolphinEntityForge_mob_by_OceanicWhitetipSharkEntityForge=1, death_CaribbeanReefOctopusEntityForge_mob_by_CommonStingrayEntityForge=1, death_CaribbeanReefOctopusEntityForge_mob_by_GreatHammerheadSharkEntityForge=1, living_deaths=9, navigation_calls=33305, sensor_calls=45659}	118	126
10200	925056768	{AmericanLobsterEntityForge=20, AtlanticCodEntityForge=15, AtlanticSalmonEntityForge=16, BlackSeaNettleJellyfishEntityForge=2, BlacktipReefSharkEntityForge=6, BottlenoseDolphinEntityForge=8, CannonballJellyfishEntityForge=4, CaribbeanReefOctopusEntityForge=4, CommonOctopusEntityForge=6, CommonStingrayEntityForge=6, CommonThresherSharkEntityForge=2, GiantMorayEelEntityForge=8, GreatHammerheadSharkEntityForge=2, GreatWhiteSharkEntityForge=2, GreenSeaTurtleEntityForge=6, HarborSealEntityForge=6, NautilusEntityForge=2, OceanicWhitetipSharkEntityForge=2, OrcaEntityForge=2, SandtigerSharkEntityForge=2, ShortfinMakoSharkEntityForge=2, TigerSharkEntityForge=2}	{AmericanLobsterEntityForge=300, AtlanticCodEntityForge=300, AtlanticSalmonEntityForge=300, BlackSeaNettleJellyfishEntityForge=300, BlacktipReefSharkEntityForge=300, BottlenoseDolphinEntityForge=700, CannonballJellyfishEntityForge=300, CaribbeanReefOctopusEntityForge=300, CommonOctopusEntityForge=300, CommonStingrayEntityForge=300, CommonThresherSharkEntityForge=300, GiantMorayEelEntityForge=300, GreatHammerheadSharkEntityForge=300, GreatWhiteSharkEntityForge=300, GreenSeaTurtleEntityForge=300, HarborSealEntityForge=300, NautilusEntityForge=300, OceanicWhitetipSharkEntityForge=300, OrcaEntityForge=700, SandtigerSharkEntityForge=300, ShortfinMakoSharkEntityForge=300, TigerSharkEntityForge=300}	11	{death_AmericanLobsterEntityForge_mob_by_BlacktipReefSharkEntityForge=1, death_AmericanLobsterEntityForge_mob_by_CommonStingrayEntityForge=1, death_AmericanLobsterEntityForge_mob_by_SandtigerSharkEntityForge=1, death_AtlanticCodEntityForge_mob_by_ShortfinMakoSharkEntityForge=1, death_AtlanticSalmonEntityForge_mob_by_BlacktipReefSharkEntityForge=1, death_AtlanticSalmonEntityForge_mob_by_CommonThresherSharkEntityForge=2, death_BottlenoseDolphinEntityForge_mob_by_OceanicWhitetipSharkEntityForge=1, death_CaribbeanReefOctopusEntityForge_mob_by_CommonStingrayEntityForge=1, death_CaribbeanReefOctopusEntityForge_mob_by_GreatHammerheadSharkEntityForge=1, living_deaths=10, navigation_calls=33996, sensor_calls=46534}	112	125
10400	1092828928	{AmericanLobsterEntityForge=20, AtlanticCodEntityForge=16, AtlanticSalmonEntityForge=16, BlackSeaNettleJellyfishEntityForge=2, BlacktipReefSharkEntityForge=6, BottlenoseDolphinEntityForge=8, CannonballJellyfishEntityForge=4, CaribbeanReefOctopusEntityForge=4, CommonOctopusEntityForge=6, CommonStingrayEntityForge=6, CommonThresherSharkEntityForge=2, GiantMorayEelEntityForge=8, GreatHammerheadSharkEntityForge=2, GreatWhiteSharkEntityForge=2, GreenSeaTurtleEntityForge=6, HarborSealEntityForge=6, NautilusEntityForge=2, OceanicWhitetipSharkEntityForge=2, OrcaEntityForge=2, SandtigerSharkEntityForge=2, ShortfinMakoSharkEntityForge=2, TigerSharkEntityForge=2}	{AmericanLobsterEntityForge=300, AtlanticCodEntityForge=300, AtlanticSalmonEntityForge=300, BlackSeaNettleJellyfishEntityForge=300, BlacktipReefSharkEntityForge=300, BottlenoseDolphinEntityForge=700, CannonballJellyfishEntityForge=300, CaribbeanReefOctopusEntityForge=300, CommonOctopusEntityForge=300, CommonStingrayEntityForge=300, CommonThresherSharkEntityForge=300, GiantMorayEelEntityForge=300, GreatHammerheadSharkEntityForge=300, GreatWhiteSharkEntityForge=300, GreenSeaTurtleEntityForge=300, HarborSealEntityForge=300, NautilusEntityForge=300, OceanicWhitetipSharkEntityForge=300, OrcaEntityForge=700, SandtigerSharkEntityForge=300, ShortfinMakoSharkEntityForge=300, TigerSharkEntityForge=300}	11	{death_AmericanLobsterEntityForge_mob_by_BlacktipReefSharkEntityForge=1, death_AmericanLobsterEntityForge_mob_by_CommonStingrayEntityForge=1, death_AmericanLobsterEntityForge_mob_by_SandtigerSharkEntityForge=1, death_AtlanticCodEntityForge_mob_by_ShortfinMakoSharkEntityForge=1, death_AtlanticSalmonEntityForge_mob_by_BlacktipReefSharkEntityForge=1, death_AtlanticSalmonEntityForge_mob_by_CommonThresherSharkEntityForge=2, death_BottlenoseDolphinEntityForge_mob_by_OceanicWhitetipSharkEntityForge=1, death_CaribbeanReefOctopusEntityForge_mob_by_CommonStingrayEntityForge=1, death_CaribbeanReefOctopusEntityForge_mob_by_GreatHammerheadSharkEntityForge=1, living_deaths=10, navigation_calls=34675, sensor_calls=47483}	113	126
10600	1259552512	{AmericanLobsterEntityForge=20, AtlanticCodEntityForge=16, AtlanticSalmonEntityForge=16, BlackSeaNettleJellyfishEntityForge=2, BlacktipReefSharkEntityForge=6, BottlenoseDolphinEntityForge=8, CannonballJellyfishEntityForge=4, CaribbeanReefOctopusEntityForge=4, CommonOctopusEntityForge=6, CommonStingrayEntityForge=6, CommonThresherSharkEntityForge=2, GiantMorayEelEntityForge=8, GreatHammerheadSharkEntityForge=2, GreatWhiteSharkEntityForge=2, GreenSeaTurtleEntityForge=5, HarborSealEntityForge=6, NautilusEntityForge=2, OceanicWhitetipSharkEntityForge=2, OrcaEntityForge=2, SandtigerSharkEntityForge=2, ShortfinMakoSharkEntityForge=2, TigerSharkEntityForge=2}	{AmericanLobsterEntityForge=300, AtlanticCodEntityForge=300, AtlanticSalmonEntityForge=300, BlackSeaNettleJellyfishEntityForge=300, BlacktipReefSharkEntityForge=300, BottlenoseDolphinEntityForge=700, CannonballJellyfishEntityForge=300, CaribbeanReefOctopusEntityForge=300, CommonOctopusEntityForge=300, CommonStingrayEntityForge=300, CommonThresherSharkEntityForge=300, GiantMorayEelEntityForge=300, GreatHammerheadSharkEntityForge=300, GreatWhiteSharkEntityForge=300, GreenSeaTurtleEntityForge=300, HarborSealEntityForge=300, NautilusEntityForge=300, OceanicWhitetipSharkEntityForge=300, OrcaEntityForge=700, SandtigerSharkEntityForge=300, ShortfinMakoSharkEntityForge=300, TigerSharkEntityForge=300}	11	{death_AmericanLobsterEntityForge_mob_by_BlacktipReefSharkEntityForge=1, death_AmericanLobsterEntityForge_mob_by_CommonStingrayEntityForge=1, death_AmericanLobsterEntityForge_mob_by_SandtigerSharkEntityForge=1, death_AtlanticCodEntityForge_mob_by_ShortfinMakoSharkEntityForge=1, death_AtlanticSalmonEntityForge_mob_by_BlacktipReefSharkEntityForge=1, death_AtlanticSalmonEntityForge_mob_by_CommonThresherSharkEntityForge=2, death_BottlenoseDolphinEntityForge_mob_by_OceanicWhitetipSharkEntityForge=1, death_CaribbeanReefOctopusEntityForge_mob_by_CommonStingrayEntityForge=1, death_CaribbeanReefOctopusEntityForge_mob_by_GreatHammerheadSharkEntityForge=1, death_GreenSeaTurtleEntityForge_mob_by_GreatWhiteSharkEntityForge=1, living_deaths=11, navigation_calls=35368, sensor_calls=48355}	116	125
10800	1429421824	{AmericanLobsterEntityForge=20, AtlanticCodEntityForge=16, AtlanticSalmonEntityForge=16, BlackSeaNettleJellyfishEntityForge=2, BlacktipReefSharkEntityForge=6, BottlenoseDolphinEntityForge=8, CannonballJellyfishEntityForge=4, CaribbeanReefOctopusEntityForge=4, CommonOctopusEntityForge=6, CommonStingrayEntityForge=6, CommonThresherSharkEntityForge=2, GiantMorayEelEntityForge=8, GreatHammerheadSharkEntityForge=2, GreatWhiteSharkEntityForge=2, GreenSeaTurtleEntityForge=6, HarborSealEntityForge=6, NautilusEntityForge=2, OceanicWhitetipSharkEntityForge=2, OrcaEntityForge=2, SandtigerSharkEntityForge=2, ShortfinMakoSharkEntityForge=2, TigerSharkEntityForge=2}	{AmericanLobsterEntityForge=300, AtlanticCodEntityForge=300, AtlanticSalmonEntityForge=300, BlackSeaNettleJellyfishEntityForge=300, BlacktipReefSharkEntityForge=300, BottlenoseDolphinEntityForge=700, CannonballJellyfishEntityForge=300, CaribbeanReefOctopusEntityForge=300, CommonOctopusEntityForge=300, CommonStingrayEntityForge=300, CommonThresherSharkEntityForge=300, GiantMorayEelEntityForge=300, GreatHammerheadSharkEntityForge=300, GreatWhiteSharkEntityForge=300, GreenSeaTurtleEntityForge=300, HarborSealEntityForge=300, NautilusEntityForge=300, OceanicWhitetipSharkEntityForge=300, OrcaEntityForge=700, SandtigerSharkEntityForge=300, ShortfinMakoSharkEntityForge=300, TigerSharkEntityForge=300}	11	{death_AmericanLobsterEntityForge_mob_by_BlacktipReefSharkEntityForge=1, death_AmericanLobsterEntityForge_mob_by_CommonStingrayEntityForge=1, death_AmericanLobsterEntityForge_mob_by_SandtigerSharkEntityForge=1, death_AtlanticCodEntityForge_mob_by_ShortfinMakoSharkEntityForge=1, death_AtlanticSalmonEntityForge_mob_by_BlacktipReefSharkEntityForge=1, death_AtlanticSalmonEntityForge_mob_by_CommonThresherSharkEntityForge=2, death_BottlenoseDolphinEntityForge_mob_by_OceanicWhitetipSharkEntityForge=1, death_CaribbeanReefOctopusEntityForge_mob_by_CommonStingrayEntityForge=1, death_CaribbeanReefOctopusEntityForge_mob_by_GreatHammerheadSharkEntityForge=1, death_GreenSeaTurtleEntityForge_mob_by_GreatWhiteSharkEntityForge=1, living_deaths=11, navigation_calls=36109, sensor_calls=49304}	113	126
11000	322940384	{AmericanLobsterEntityForge=20, AtlanticCodEntityForge=16, AtlanticSalmonEntityForge=16, BlackSeaNettleJellyfishEntityForge=2, BlacktipReefSharkEntityForge=6, BottlenoseDolphinEntityForge=8, CannonballJellyfishEntityForge=4, CaribbeanReefOctopusEntityForge=4, CommonOctopusEntityForge=6, CommonStingrayEntityForge=6, CommonThresherSharkEntityForge=2, GiantMorayEelEntityForge=8, GreatHammerheadSharkEntityForge=2, GreatWhiteSharkEntityForge=2, GreenSeaTurtleEntityForge=6, HarborSealEntityForge=6, NautilusEntityForge=2, OceanicWhitetipSharkEntityForge=2, OrcaEntityForge=2, SandtigerSharkEntityForge=2, ShortfinMakoSharkEntityForge=2, TigerSharkEntityForge=2}	{AmericanLobsterEntityForge=300, AtlanticCodEntityForge=300, AtlanticSalmonEntityForge=300, BlackSeaNettleJellyfishEntityForge=300, BlacktipReefSharkEntityForge=300, BottlenoseDolphinEntityForge=700, CannonballJellyfishEntityForge=300, CaribbeanReefOctopusEntityForge=300, CommonOctopusEntityForge=300, CommonStingrayEntityForge=300, CommonThresherSharkEntityForge=300, GiantMorayEelEntityForge=300, GreatHammerheadSharkEntityForge=300, GreatWhiteSharkEntityForge=300, GreenSeaTurtleEntityForge=300, HarborSealEntityForge=300, NautilusEntityForge=300, OceanicWhitetipSharkEntityForge=300, OrcaEntityForge=700, SandtigerSharkEntityForge=300, ShortfinMakoSharkEntityForge=300, TigerSharkEntityForge=300}	11	{death_AmericanLobsterEntityForge_mob_by_BlacktipReefSharkEntityForge=1, death_AmericanLobsterEntityForge_mob_by_CommonStingrayEntityForge=1, death_AmericanLobsterEntityForge_mob_by_SandtigerSharkEntityForge=1, death_AtlanticCodEntityForge_mob_by_ShortfinMakoSharkEntityForge=1, death_AtlanticSalmonEntityForge_mob_by_BlacktipReefSharkEntityForge=1, death_AtlanticSalmonEntityForge_mob_by_CommonThresherSharkEntityForge=2, death_BottlenoseDolphinEntityForge_mob_by_OceanicWhitetipSharkEntityForge=1, death_CaribbeanReefOctopusEntityForge_mob_by_CommonStingrayEntityForge=1, death_CaribbeanReefOctopusEntityForge_mob_by_GreatHammerheadSharkEntityForge=1, death_GreenSeaTurtleEntityForge_mob_by_GreatWhiteSharkEntityForge=1, living_deaths=11, navigation_calls=36888, sensor_calls=50179}	115	126
11200	503295456	{AmericanLobsterEntityForge=20, AtlanticCodEntityForge=16, AtlanticSalmonEntityForge=15, BlackSeaNettleJellyfishEntityForge=2, BlacktipReefSharkEntityForge=6, BottlenoseDolphinEntityForge=8, CannonballJellyfishEntityForge=4, CaribbeanReefOctopusEntityForge=4, CommonOctopusEntityForge=6, CommonStingrayEntityForge=6, CommonThresherSharkEntityForge=2, GiantMorayEelEntityForge=8, GreatHammerheadSharkEntityForge=2, GreatWhiteSharkEntityForge=2, GreenSeaTurtleEntityForge=6, HarborSealEntityForge=6, NautilusEntityForge=2, OceanicWhitetipSharkEntityForge=2, OrcaEntityForge=2, SandtigerSharkEntityForge=2, ShortfinMakoSharkEntityForge=2, TigerSharkEntityForge=2}	{AmericanLobsterEntityForge=300, AtlanticCodEntityForge=300, AtlanticSalmonEntityForge=300, BlackSeaNettleJellyfishEntityForge=300, BlacktipReefSharkEntityForge=300, BottlenoseDolphinEntityForge=700, CannonballJellyfishEntityForge=300, CaribbeanReefOctopusEntityForge=300, CommonOctopusEntityForge=300, CommonStingrayEntityForge=300, CommonThresherSharkEntityForge=300, GiantMorayEelEntityForge=300, GreatHammerheadSharkEntityForge=300, GreatWhiteSharkEntityForge=300, GreenSeaTurtleEntityForge=300, HarborSealEntityForge=300, NautilusEntityForge=300, OceanicWhitetipSharkEntityForge=300, OrcaEntityForge=700, SandtigerSharkEntityForge=300, ShortfinMakoSharkEntityForge=300, TigerSharkEntityForge=300}	11	{death_AmericanLobsterEntityForge_mob_by_BlacktipReefSharkEntityForge=1, death_AmericanLobsterEntityForge_mob_by_CommonStingrayEntityForge=1, death_AmericanLobsterEntityForge_mob_by_SandtigerSharkEntityForge=1, death_AtlanticCodEntityForge_mob_by_ShortfinMakoSharkEntityForge=1, death_AtlanticSalmonEntityForge_mob_by_BlacktipReefSharkEntityForge=2, death_AtlanticSalmonEntityForge_mob_by_CommonThresherSharkEntityForge=2, death_BottlenoseDolphinEntityForge_mob_by_OceanicWhitetipSharkEntityForge=1, death_CaribbeanReefOctopusEntityForge_mob_by_CommonStingrayEntityForge=1, death_CaribbeanReefOctopusEntityForge_mob_by_GreatHammerheadSharkEntityForge=1, death_GreenSeaTurtleEntityForge_mob_by_GreatWhiteSharkEntityForge=1, living_deaths=12, navigation_calls=37670, sensor_calls=51128}	117	125
11400	680504800	{AmericanLobsterEntityForge=20, AtlanticCodEntityForge=16, AtlanticSalmonEntityForge=16, BlackSeaNettleJellyfishEntityForge=2, BlacktipReefSharkEntityForge=6, BottlenoseDolphinEntityForge=7, CannonballJellyfishEntityForge=4, CaribbeanReefOctopusEntityForge=4, CommonOctopusEntityForge=6, CommonStingrayEntityForge=6, CommonThresherSharkEntityForge=2, GiantMorayEelEntityForge=8, GreatHammerheadSharkEntityForge=2, GreatWhiteSharkEntityForge=2, GreenSeaTurtleEntityForge=6, HarborSealEntityForge=6, NautilusEntityForge=2, OceanicWhitetipSharkEntityForge=2, OrcaEntityForge=2, SandtigerSharkEntityForge=2, ShortfinMakoSharkEntityForge=2, TigerSharkEntityForge=2}	{AmericanLobsterEntityForge=300, AtlanticCodEntityForge=300, AtlanticSalmonEntityForge=300, BlackSeaNettleJellyfishEntityForge=300, BlacktipReefSharkEntityForge=300, BottlenoseDolphinEntityForge=700, CannonballJellyfishEntityForge=300, CaribbeanReefOctopusEntityForge=300, CommonOctopusEntityForge=300, CommonStingrayEntityForge=300, CommonThresherSharkEntityForge=300, GiantMorayEelEntityForge=300, GreatHammerheadSharkEntityForge=300, GreatWhiteSharkEntityForge=300, GreenSeaTurtleEntityForge=300, HarborSealEntityForge=300, NautilusEntityForge=300, OceanicWhitetipSharkEntityForge=300, OrcaEntityForge=700, SandtigerSharkEntityForge=300, ShortfinMakoSharkEntityForge=300, TigerSharkEntityForge=300}	11	{death_AmericanLobsterEntityForge_mob_by_BlacktipReefSharkEntityForge=1, death_AmericanLobsterEntityForge_mob_by_CommonStingrayEntityForge=1, death_AmericanLobsterEntityForge_mob_by_SandtigerSharkEntityForge=1, death_AtlanticCodEntityForge_mob_by_ShortfinMakoSharkEntityForge=1, death_AtlanticSalmonEntityForge_mob_by_BlacktipReefSharkEntityForge=2, death_AtlanticSalmonEntityForge_mob_by_CommonThresherSharkEntityForge=2, death_BottlenoseDolphinEntityForge_mob_by_OceanicWhitetipSharkEntityForge=1, death_BottlenoseDolphinEntityForge_mob_by_ShortfinMakoSharkEntityForge=1, death_CaribbeanReefOctopusEntityForge_mob_by_CommonStingrayEntityForge=1, death_CaribbeanReefOctopusEntityForge_mob_by_GreatHammerheadSharkEntityForge=1, death_GreenSeaTurtleEntityForge_mob_by_GreatWhiteSharkEntityForge=1, living_deaths=13, navigation_calls=38461, sensor_calls=52081}	120	125
11600	856665568	{AmericanLobsterEntityForge=20, AtlanticCodEntityForge=16, AtlanticSalmonEntityForge=16, BlackSeaNettleJellyfishEntityForge=2, BlacktipReefSharkEntityForge=6, BottlenoseDolphinEntityForge=8, CannonballJellyfishEntityForge=4, CaribbeanReefOctopusEntityForge=4, CommonOctopusEntityForge=6, CommonStingrayEntityForge=6, CommonThresherSharkEntityForge=2, GiantMorayEelEntityForge=8, GreatHammerheadSharkEntityForge=2, GreatWhiteSharkEntityForge=2, GreenSeaTurtleEntityForge=6, HarborSealEntityForge=6, NautilusEntityForge=2, OceanicWhitetipSharkEntityForge=2, OrcaEntityForge=2, SandtigerSharkEntityForge=2, ShortfinMakoSharkEntityForge=2, TigerSharkEntityForge=2}	{AmericanLobsterEntityForge=300, AtlanticCodEntityForge=300, AtlanticSalmonEntityForge=300, BlackSeaNettleJellyfishEntityForge=300, BlacktipReefSharkEntityForge=300, BottlenoseDolphinEntityForge=700, CannonballJellyfishEntityForge=300, CaribbeanReefOctopusEntityForge=300, CommonOctopusEntityForge=300, CommonStingrayEntityForge=300, CommonThresherSharkEntityForge=300, GiantMorayEelEntityForge=300, GreatHammerheadSharkEntityForge=300, GreatWhiteSharkEntityForge=300, GreenSeaTurtleEntityForge=300, HarborSealEntityForge=300, NautilusEntityForge=300, OceanicWhitetipSharkEntityForge=300, OrcaEntityForge=700, SandtigerSharkEntityForge=300, ShortfinMakoSharkEntityForge=300, TigerSharkEntityForge=300}	11	{death_AmericanLobsterEntityForge_mob_by_BlacktipReefSharkEntityForge=1, death_AmericanLobsterEntityForge_mob_by_CommonStingrayEntityForge=1, death_AmericanLobsterEntityForge_mob_by_SandtigerSharkEntityForge=1, death_AtlanticCodEntityForge_mob_by_ShortfinMakoSharkEntityForge=1, death_AtlanticSalmonEntityForge_mob_by_BlacktipReefSharkEntityForge=2, death_AtlanticSalmonEntityForge_mob_by_CommonThresherSharkEntityForge=2, death_BottlenoseDolphinEntityForge_mob_by_OceanicWhitetipSharkEntityForge=1, death_BottlenoseDolphinEntityForge_mob_by_ShortfinMakoSharkEntityForge=1, death_CaribbeanReefOctopusEntityForge_mob_by_CommonStingrayEntityForge=1, death_CaribbeanReefOctopusEntityForge_mob_by_GreatHammerheadSharkEntityForge=1, death_GreenSeaTurtleEntityForge_mob_by_GreatWhiteSharkEntityForge=1, living_deaths=13, navigation_calls=39169, sensor_calls=52951}	120	126
11800	1026534880	{AmericanLobsterEntityForge=19, AtlanticCodEntityForge=15, AtlanticSalmonEntityForge=16, BlackSeaNettleJellyfishEntityForge=2, BlacktipReefSharkEntityForge=6, BottlenoseDolphinEntityForge=7, CannonballJellyfishEntityForge=4, CaribbeanReefOctopusEntityForge=4, CommonOctopusEntityForge=6, CommonStingrayEntityForge=6, CommonThresherSharkEntityForge=2, GiantMorayEelEntityForge=8, GreatHammerheadSharkEntityForge=2, GreatWhiteSharkEntityForge=2, GreenSeaTurtleEntityForge=6, HarborSealEntityForge=5, NautilusEntityForge=2, OceanicWhitetipSharkEntityForge=2, OrcaEntityForge=2, SandtigerSharkEntityForge=2, ShortfinMakoSharkEntityForge=2, TigerSharkEntityForge=2}	{AmericanLobsterEntityForge=300, AtlanticCodEntityForge=300, AtlanticSalmonEntityForge=300, BlackSeaNettleJellyfishEntityForge=300, BlacktipReefSharkEntityForge=300, BottlenoseDolphinEntityForge=700, CannonballJellyfishEntityForge=300, CaribbeanReefOctopusEntityForge=300, CommonOctopusEntityForge=300, CommonStingrayEntityForge=300, CommonThresherSharkEntityForge=300, GiantMorayEelEntityForge=300, GreatHammerheadSharkEntityForge=300, GreatWhiteSharkEntityForge=300, GreenSeaTurtleEntityForge=300, HarborSealEntityForge=300, NautilusEntityForge=300, OceanicWhitetipSharkEntityForge=300, OrcaEntityForge=700, SandtigerSharkEntityForge=300, ShortfinMakoSharkEntityForge=300, TigerSharkEntityForge=300}	11	{death_AmericanLobsterEntityForge_mob_by_BlacktipReefSharkEntityForge=1, death_AmericanLobsterEntityForge_mob_by_CommonStingrayEntityForge=1, death_AmericanLobsterEntityForge_mob_by_SandtigerSharkEntityForge=1, death_AmericanLobsterEntityForge_mob_by_TigerSharkEntityForge=1, death_AtlanticCodEntityForge_mob_by_SandtigerSharkEntityForge=1, death_AtlanticCodEntityForge_mob_by_ShortfinMakoSharkEntityForge=1, death_AtlanticSalmonEntityForge_mob_by_BlacktipReefSharkEntityForge=2, death_AtlanticSalmonEntityForge_mob_by_CommonThresherSharkEntityForge=2, death_BottlenoseDolphinEntityForge_mob_by_OceanicWhitetipSharkEntityForge=2, death_BottlenoseDolphinEntityForge_mob_by_ShortfinMakoSharkEntityForge=1, death_CaribbeanReefOctopusEntityForge_mob_by_CommonStingrayEntityForge=1, death_CaribbeanReefOctopusEntityForge_mob_by_GreatHammerheadSharkEntityForge=1, death_GreenSeaTurtleEntityForge_mob_by_GreatWhiteSharkEntityForge=1, death_HarborSealEntityForge_mob_by_TigerSharkEntityForge=1, living_deaths=17, navigation_calls=39849, sensor_calls=53894}	115	122
12000	1197452768	{AmericanLobsterEntityForge=20, AtlanticCodEntityForge=16, AtlanticSalmonEntityForge=15, BlackSeaNettleJellyfishEntityForge=2, BlacktipReefSharkEntityForge=6, BottlenoseDolphinEntityForge=7, CannonballJellyfishEntityForge=4, CaribbeanReefOctopusEntityForge=4, CommonOctopusEntityForge=6, CommonStingrayEntityForge=6, CommonThresherSharkEntityForge=2, GiantMorayEelEntityForge=8, GreatHammerheadSharkEntityForge=2, GreatWhiteSharkEntityForge=2, GreenSeaTurtleEntityForge=6, HarborSealEntityForge=6, NautilusEntityForge=2, OceanicWhitetipSharkEntityForge=2, OrcaEntityForge=2, SandtigerSharkEntityForge=2, ShortfinMakoSharkEntityForge=2, TigerSharkEntityForge=2}	{AmericanLobsterEntityForge=300, AtlanticCodEntityForge=300, AtlanticSalmonEntityForge=300, BlackSeaNettleJellyfishEntityForge=300, BlacktipReefSharkEntityForge=300, BottlenoseDolphinEntityForge=700, CannonballJellyfishEntityForge=300, CaribbeanReefOctopusEntityForge=300, CommonOctopusEntityForge=300, CommonStingrayEntityForge=300, CommonThresherSharkEntityForge=300, GiantMorayEelEntityForge=300, GreatHammerheadSharkEntityForge=300, GreatWhiteSharkEntityForge=300, GreenSeaTurtleEntityForge=300, HarborSealEntityForge=300, NautilusEntityForge=300, OceanicWhitetipSharkEntityForge=300, OrcaEntityForge=700, SandtigerSharkEntityForge=300, ShortfinMakoSharkEntityForge=300, TigerSharkEntityForge=300}	11	{death_AmericanLobsterEntityForge_mob_by_BlacktipReefSharkEntityForge=2, death_AmericanLobsterEntityForge_mob_by_CommonStingrayEntityForge=1, death_AmericanLobsterEntityForge_mob_by_SandtigerSharkEntityForge=1, death_AmericanLobsterEntityForge_mob_by_TigerSharkEntityForge=1, death_AtlanticCodEntityForge_mob_by_SandtigerSharkEntityForge=1, death_AtlanticCodEntityForge_mob_by_ShortfinMakoSharkEntityForge=1, death_AtlanticSalmonEntityForge_mob_by_BlacktipReefSharkEntityForge=3, death_AtlanticSalmonEntityForge_mob_by_CommonThresherSharkEntityForge=2, death_BottlenoseDolphinEntityForge_mob_by_GreatWhiteSharkEntityForge=1, death_BottlenoseDolphinEntityForge_mob_by_OceanicWhitetipSharkEntityForge=2, death_BottlenoseDolphinEntityForge_mob_by_ShortfinMakoSharkEntityForge=1, death_CaribbeanReefOctopusEntityForge_mob_by_BlacktipReefSharkEntityForge=1, death_CaribbeanReefOctopusEntityForge_mob_by_CommonStingrayEntityForge=1, death_CaribbeanReefOctopusEntityForge_mob_by_GreatHammerheadSharkEntityForge=1, death_GreenSeaTurtleEntityForge_mob_by_GreatWhiteSharkEntityForge=1, death_HarborSealEntityForge_mob_by_TigerSharkEntityForge=1, living_deaths=21, navigation_calls=40458, sensor_calls=54765}	111	124
12200	1357884896	{AmericanLobsterEntityForge=19, AtlanticCodEntityForge=16, AtlanticSalmonEntityForge=15, BlackSeaNettleJellyfishEntityForge=2, BlacktipReefSharkEntityForge=6, BottlenoseDolphinEntityForge=8, CannonballJellyfishEntityForge=4, CaribbeanReefOctopusEntityForge=3, CommonOctopusEntityForge=6, CommonStingrayEntityForge=6, CommonThresherSharkEntityForge=2, GiantMorayEelEntityForge=8, GreatHammerheadSharkEntityForge=2, GreatWhiteSharkEntityForge=2, GreenSeaTurtleEntityForge=6, HarborSealEntityForge=6, NautilusEntityForge=2, OceanicWhitetipSharkEntityForge=2, OrcaEntityForge=2, SandtigerSharkEntityForge=2, ShortfinMakoSharkEntityForge=2, TigerSharkEntityForge=2}	{AmericanLobsterEntityForge=300, AtlanticCodEntityForge=300, AtlanticSalmonEntityForge=300, BlackSeaNettleJellyfishEntityForge=300, BlacktipReefSharkEntityForge=300, BottlenoseDolphinEntityForge=700, CannonballJellyfishEntityForge=300, CaribbeanReefOctopusEntityForge=300, CommonOctopusEntityForge=300, CommonStingrayEntityForge=300, CommonThresherSharkEntityForge=300, GiantMorayEelEntityForge=300, GreatHammerheadSharkEntityForge=300, GreatWhiteSharkEntityForge=300, GreenSeaTurtleEntityForge=300, HarborSealEntityForge=300, NautilusEntityForge=300, OceanicWhitetipSharkEntityForge=300, OrcaEntityForge=700, SandtigerSharkEntityForge=300, ShortfinMakoSharkEntityForge=300, TigerSharkEntityForge=300}	11	{death_AmericanLobsterEntityForge_mob_by_BlacktipReefSharkEntityForge=2, death_AmericanLobsterEntityForge_mob_by_CommonStingrayEntityForge=1, death_AmericanLobsterEntityForge_mob_by_SandtigerSharkEntityForge=1, death_AmericanLobsterEntityForge_mob_by_TigerSharkEntityForge=1, death_AtlanticCodEntityForge_mob_by_SandtigerSharkEntityForge=1, death_AtlanticCodEntityForge_mob_by_ShortfinMakoSharkEntityForge=1, death_AtlanticSalmonEntityForge_mob_by_BlacktipReefSharkEntityForge=3, death_AtlanticSalmonEntityForge_mob_by_CommonThresherSharkEntityForge=2, death_AtlanticSalmonEntityForge_mob_by_GreatHammerheadSharkEntityForge=1, death_BottlenoseDolphinEntityForge_mob_by_GreatWhiteSharkEntityForge=1, death_BottlenoseDolphinEntityForge_mob_by_OceanicWhitetipSharkEntityForge=2, death_BottlenoseDolphinEntityForge_mob_by_ShortfinMakoSharkEntityForge=1, death_CaribbeanReefOctopusEntityForge_mob_by_BlacktipReefSharkEntityForge=1, death_CaribbeanReefOctopusEntityForge_mob_by_CommonStingrayEntityForge=1, death_CaribbeanReefOctopusEntityForge_mob_by_GreatHammerheadSharkEntityForge=1, death_GreenSeaTurtleEntityForge_mob_by_GreatWhiteSharkEntityForge=1, death_HarborSealEntityForge_mob_by_TigerSharkEntityForge=1, living_deaths=22, navigation_calls=41038, sensor_calls=55695}	111	123
12400	261577248	{AmericanLobsterEntityForge=20, AtlanticCodEntityForge=16, AtlanticSalmonEntityForge=15, BlackSeaNettleJellyfishEntityForge=2, BlacktipReefSharkEntityForge=6, BottlenoseDolphinEntityForge=8, CannonballJellyfishEntityForge=4, CaribbeanReefOctopusEntityForge=4, CommonOctopusEntityForge=6, CommonStingrayEntityForge=6, CommonThresherSharkEntityForge=2, GiantMorayEelEntityForge=8, GreatHammerheadSharkEntityForge=2, GreatWhiteSharkEntityForge=2, GreenSeaTurtleEntityForge=6, HarborSealEntityForge=6, NautilusEntityForge=2, OceanicWhitetipSharkEntityForge=2, OrcaEntityForge=2, SandtigerSharkEntityForge=2, ShortfinMakoSharkEntityForge=2, TigerSharkEntityForge=2}	{AmericanLobsterEntityForge=300, AtlanticCodEntityForge=300, AtlanticSalmonEntityForge=300, BlackSeaNettleJellyfishEntityForge=300, BlacktipReefSharkEntityForge=300, BottlenoseDolphinEntityForge=700, CannonballJellyfishEntityForge=300, CaribbeanReefOctopusEntityForge=300, CommonOctopusEntityForge=300, CommonStingrayEntityForge=300, CommonThresherSharkEntityForge=300, GiantMorayEelEntityForge=300, GreatHammerheadSharkEntityForge=300, GreatWhiteSharkEntityForge=300, GreenSeaTurtleEntityForge=300, HarborSealEntityForge=300, NautilusEntityForge=300, OceanicWhitetipSharkEntityForge=300, OrcaEntityForge=700, SandtigerSharkEntityForge=300, ShortfinMakoSharkEntityForge=300, TigerSharkEntityForge=300}	11	{death_AmericanLobsterEntityForge_mob_by_BlacktipReefSharkEntityForge=2, death_AmericanLobsterEntityForge_mob_by_CommonStingrayEntityForge=1, death_AmericanLobsterEntityForge_mob_by_SandtigerSharkEntityForge=1, death_AmericanLobsterEntityForge_mob_by_TigerSharkEntityForge=1, death_AtlanticCodEntityForge_mob_by_SandtigerSharkEntityForge=1, death_AtlanticCodEntityForge_mob_by_ShortfinMakoSharkEntityForge=1, death_AtlanticSalmonEntityForge_mob_by_BlacktipReefSharkEntityForge=3, death_AtlanticSalmonEntityForge_mob_by_CommonThresherSharkEntityForge=2, death_AtlanticSalmonEntityForge_mob_by_GreatHammerheadSharkEntityForge=1, death_AtlanticSalmonEntityForge_mob_by_OceanicWhitetipSharkEntityForge=1, death_BottlenoseDolphinEntityForge_mob_by_GreatWhiteSharkEntityForge=1, death_BottlenoseDolphinEntityForge_mob_by_OceanicWhitetipSharkEntityForge=2, death_BottlenoseDolphinEntityForge_mob_by_ShortfinMakoSharkEntityForge=1, death_CaribbeanReefOctopusEntityForge_mob_by_BlacktipReefSharkEntityForge=1, death_CaribbeanReefOctopusEntityForge_mob_by_CommonStingrayEntityForge=1, death_CaribbeanReefOctopusEntityForge_mob_by_GreatHammerheadSharkEntityForge=1, death_GreenSeaTurtleEntityForge_mob_by_GreatWhiteSharkEntityForge=1, death_HarborSealEntityForge_mob_by_TigerSharkEntityForge=1, living_deaths=23, navigation_calls=41655, sensor_calls=56574}	116	125
12600	438786592	{AmericanLobsterEntityForge=20, AtlanticCodEntityForge=16, AtlanticSalmonEntityForge=16, BlackSeaNettleJellyfishEntityForge=2, BlacktipReefSharkEntityForge=6, BottlenoseDolphinEntityForge=8, CannonballJellyfishEntityForge=4, CaribbeanReefOctopusEntityForge=4, CommonOctopusEntityForge=6, CommonStingrayEntityForge=6, CommonThresherSharkEntityForge=2, GiantMorayEelEntityForge=8, GreatHammerheadSharkEntityForge=2, GreatWhiteSharkEntityForge=2, GreenSeaTurtleEntityForge=6, HarborSealEntityForge=6, NautilusEntityForge=2, OceanicWhitetipSharkEntityForge=2, OrcaEntityForge=2, SandtigerSharkEntityForge=2, ShortfinMakoSharkEntityForge=2, TigerSharkEntityForge=2}	{AmericanLobsterEntityForge=300, AtlanticCodEntityForge=300, AtlanticSalmonEntityForge=300, BlackSeaNettleJellyfishEntityForge=300, BlacktipReefSharkEntityForge=300, BottlenoseDolphinEntityForge=700, CannonballJellyfishEntityForge=300, CaribbeanReefOctopusEntityForge=300, CommonOctopusEntityForge=300, CommonStingrayEntityForge=300, CommonThresherSharkEntityForge=300, GiantMorayEelEntityForge=300, GreatHammerheadSharkEntityForge=300, GreatWhiteSharkEntityForge=300, GreenSeaTurtleEntityForge=300, HarborSealEntityForge=300, NautilusEntityForge=300, OceanicWhitetipSharkEntityForge=300, OrcaEntityForge=700, SandtigerSharkEntityForge=300, ShortfinMakoSharkEntityForge=300, TigerSharkEntityForge=300}	11	{death_AmericanLobsterEntityForge_mob_by_BlacktipReefSharkEntityForge=2, death_AmericanLobsterEntityForge_mob_by_CommonStingrayEntityForge=1, death_AmericanLobsterEntityForge_mob_by_SandtigerSharkEntityForge=1, death_AmericanLobsterEntityForge_mob_by_TigerSharkEntityForge=1, death_AtlanticCodEntityForge_mob_by_SandtigerSharkEntityForge=1, death_AtlanticCodEntityForge_mob_by_ShortfinMakoSharkEntityForge=1, death_AtlanticSalmonEntityForge_mob_by_BlacktipReefSharkEntityForge=3, death_AtlanticSalmonEntityForge_mob_by_CommonThresherSharkEntityForge=2, death_AtlanticSalmonEntityForge_mob_by_GreatHammerheadSharkEntityForge=1, death_AtlanticSalmonEntityForge_mob_by_OceanicWhitetipSharkEntityForge=1, death_BottlenoseDolphinEntityForge_mob_by_GreatWhiteSharkEntityForge=1, death_BottlenoseDolphinEntityForge_mob_by_OceanicWhitetipSharkEntityForge=2, death_BottlenoseDolphinEntityForge_mob_by_ShortfinMakoSharkEntityForge=1, death_CaribbeanReefOctopusEntityForge_mob_by_BlacktipReefSharkEntityForge=1, death_CaribbeanReefOctopusEntityForge_mob_by_CommonStingrayEntityForge=1, death_CaribbeanReefOctopusEntityForge_mob_by_GreatHammerheadSharkEntityForge=1, death_GreenSeaTurtleEntityForge_mob_by_GreatWhiteSharkEntityForge=1, death_HarborSealEntityForge_mob_by_TigerSharkEntityForge=1, living_deaths=23, navigation_calls=42315, sensor_calls=57522}	119	126
12800	605510176	{AmericanLobsterEntityForge=20, AtlanticCodEntityForge=16, AtlanticSalmonEntityForge=16, BlackSeaNettleJellyfishEntityForge=2, BlacktipReefSharkEntityForge=6, BottlenoseDolphinEntityForge=8, CannonballJellyfishEntityForge=4, CaribbeanReefOctopusEntityForge=4, CommonOctopusEntityForge=6, CommonStingrayEntityForge=6, CommonThresherSharkEntityForge=2, GiantMorayEelEntityForge=8, GreatHammerheadSharkEntityForge=2, GreatWhiteSharkEntityForge=2, GreenSeaTurtleEntityForge=6, HarborSealEntityForge=6, NautilusEntityForge=2, OceanicWhitetipSharkEntityForge=2, OrcaEntityForge=2, SandtigerSharkEntityForge=2, ShortfinMakoSharkEntityForge=2, TigerSharkEntityForge=2}	{AmericanLobsterEntityForge=300, AtlanticCodEntityForge=300, AtlanticSalmonEntityForge=300, BlackSeaNettleJellyfishEntityForge=300, BlacktipReefSharkEntityForge=300, BottlenoseDolphinEntityForge=700, CannonballJellyfishEntityForge=300, CaribbeanReefOctopusEntityForge=300, CommonOctopusEntityForge=300, CommonStingrayEntityForge=300, CommonThresherSharkEntityForge=300, GiantMorayEelEntityForge=300, GreatHammerheadSharkEntityForge=300, GreatWhiteSharkEntityForge=300, GreenSeaTurtleEntityForge=300, HarborSealEntityForge=300, NautilusEntityForge=300, OceanicWhitetipSharkEntityForge=300, OrcaEntityForge=700, SandtigerSharkEntityForge=300, ShortfinMakoSharkEntityForge=300, TigerSharkEntityForge=300}	11	{death_AmericanLobsterEntityForge_mob_by_BlacktipReefSharkEntityForge=2, death_AmericanLobsterEntityForge_mob_by_CommonStingrayEntityForge=1, death_AmericanLobsterEntityForge_mob_by_SandtigerSharkEntityForge=1, death_AmericanLobsterEntityForge_mob_by_TigerSharkEntityForge=1, death_AtlanticCodEntityForge_mob_by_SandtigerSharkEntityForge=1, death_AtlanticCodEntityForge_mob_by_ShortfinMakoSharkEntityForge=1, death_AtlanticSalmonEntityForge_mob_by_BlacktipReefSharkEntityForge=3, death_AtlanticSalmonEntityForge_mob_by_CommonThresherSharkEntityForge=2, death_AtlanticSalmonEntityForge_mob_by_GreatHammerheadSharkEntityForge=1, death_AtlanticSalmonEntityForge_mob_by_OceanicWhitetipSharkEntityForge=1, death_BottlenoseDolphinEntityForge_mob_by_GreatWhiteSharkEntityForge=1, death_BottlenoseDolphinEntityForge_mob_by_OceanicWhitetipSharkEntityForge=2, death_BottlenoseDolphinEntityForge_mob_by_ShortfinMakoSharkEntityForge=1, death_CaribbeanReefOctopusEntityForge_mob_by_BlacktipReefSharkEntityForge=1, death_CaribbeanReefOctopusEntityForge_mob_by_CommonStingrayEntityForge=1, death_CaribbeanReefOctopusEntityForge_mob_by_GreatHammerheadSharkEntityForge=1, death_GreenSeaTurtleEntityForge_mob_by_GreatWhiteSharkEntityForge=1, death_HarborSealEntityForge_mob_by_TigerSharkEntityForge=1, living_deaths=23, navigation_calls=42967, sensor_calls=58400}	118	126
13000	769088032	{AmericanLobsterEntityForge=20, AtlanticCodEntityForge=16, AtlanticSalmonEntityForge=16, BlackSeaNettleJellyfishEntityForge=2, BlacktipReefSharkEntityForge=6, BottlenoseDolphinEntityForge=8, CannonballJellyfishEntityForge=4, CaribbeanReefOctopusEntityForge=3, CommonOctopusEntityForge=6, CommonStingrayEntityForge=6, CommonThresherSharkEntityForge=2, GiantMorayEelEntityForge=8, GreatHammerheadSharkEntityForge=2, GreatWhiteSharkEntityForge=2, GreenSeaTurtleEntityForge=6, HarborSealEntityForge=6, NautilusEntityForge=2, OceanicWhitetipSharkEntityForge=2, OrcaEntityForge=2, SandtigerSharkEntityForge=2, ShortfinMakoSharkEntityForge=2, TigerSharkEntityForge=2}	{AmericanLobsterEntityForge=300, AtlanticCodEntityForge=300, AtlanticSalmonEntityForge=300, BlackSeaNettleJellyfishEntityForge=300, BlacktipReefSharkEntityForge=300, BottlenoseDolphinEntityForge=700, CannonballJellyfishEntityForge=300, CaribbeanReefOctopusEntityForge=300, CommonOctopusEntityForge=300, CommonStingrayEntityForge=300, CommonThresherSharkEntityForge=300, GiantMorayEelEntityForge=300, GreatHammerheadSharkEntityForge=300, GreatWhiteSharkEntityForge=300, GreenSeaTurtleEntityForge=300, HarborSealEntityForge=300, NautilusEntityForge=300, OceanicWhitetipSharkEntityForge=300, OrcaEntityForge=700, SandtigerSharkEntityForge=300, ShortfinMakoSharkEntityForge=300, TigerSharkEntityForge=300}	11	{death_AmericanLobsterEntityForge_mob_by_BlacktipReefSharkEntityForge=2, death_AmericanLobsterEntityForge_mob_by_CommonStingrayEntityForge=1, death_AmericanLobsterEntityForge_mob_by_SandtigerSharkEntityForge=1, death_AmericanLobsterEntityForge_mob_by_TigerSharkEntityForge=1, death_AtlanticCodEntityForge_mob_by_SandtigerSharkEntityForge=1, death_AtlanticCodEntityForge_mob_by_ShortfinMakoSharkEntityForge=1, death_AtlanticSalmonEntityForge_mob_by_BlacktipReefSharkEntityForge=3, death_AtlanticSalmonEntityForge_mob_by_CommonThresherSharkEntityForge=2, death_AtlanticSalmonEntityForge_mob_by_GreatHammerheadSharkEntityForge=1, death_AtlanticSalmonEntityForge_mob_by_OceanicWhitetipSharkEntityForge=1, death_BottlenoseDolphinEntityForge_mob_by_GreatWhiteSharkEntityForge=1, death_BottlenoseDolphinEntityForge_mob_by_OceanicWhitetipSharkEntityForge=2, death_BottlenoseDolphinEntityForge_mob_by_ShortfinMakoSharkEntityForge=1, death_CaribbeanReefOctopusEntityForge_mob_by_BlacktipReefSharkEntityForge=1, death_CaribbeanReefOctopusEntityForge_mob_by_CommonStingrayEntityForge=1, death_CaribbeanReefOctopusEntityForge_mob_by_GreatHammerheadSharkEntityForge=2, death_GreenSeaTurtleEntityForge_mob_by_GreatWhiteSharkEntityForge=1, death_HarborSealEntityForge_mob_by_TigerSharkEntityForge=1, living_deaths=24, navigation_calls=43572, sensor_calls=59344}	120	125
13200	930568736	{AmericanLobsterEntityForge=20, AtlanticCodEntityForge=16, AtlanticSalmonEntityForge=16, BlackSeaNettleJellyfishEntityForge=2, BlacktipReefSharkEntityForge=6, BottlenoseDolphinEntityForge=8, CannonballJellyfishEntityForge=4, CaribbeanReefOctopusEntityForge=4, CommonOctopusEntityForge=6, CommonStingrayEntityForge=6, CommonThresherSharkEntityForge=2, GiantMorayEelEntityForge=8, GreatHammerheadSharkEntityForge=2, GreatWhiteSharkEntityForge=2, GreenSeaTurtleEntityForge=6, HarborSealEntityForge=6, NautilusEntityForge=2, OceanicWhitetipSharkEntityForge=2, OrcaEntityForge=2, SandtigerSharkEntityForge=2, ShortfinMakoSharkEntityForge=2, TigerSharkEntityForge=2}	{AmericanLobsterEntityForge=300, AtlanticCodEntityForge=300, AtlanticSalmonEntityForge=300, BlackSeaNettleJellyfishEntityForge=300, BlacktipReefSharkEntityForge=300, BottlenoseDolphinEntityForge=700, CannonballJellyfishEntityForge=300, CaribbeanReefOctopusEntityForge=300, CommonOctopusEntityForge=300, CommonStingrayEntityForge=300, CommonThresherSharkEntityForge=300, GiantMorayEelEntityForge=300, GreatHammerheadSharkEntityForge=300, GreatWhiteSharkEntityForge=300, GreenSeaTurtleEntityForge=300, HarborSealEntityForge=300, NautilusEntityForge=300, OceanicWhitetipSharkEntityForge=300, OrcaEntityForge=700, SandtigerSharkEntityForge=300, ShortfinMakoSharkEntityForge=300, TigerSharkEntityForge=300}	11	{death_AmericanLobsterEntityForge_mob_by_BlacktipReefSharkEntityForge=2, death_AmericanLobsterEntityForge_mob_by_CommonStingrayEntityForge=1, death_AmericanLobsterEntityForge_mob_by_SandtigerSharkEntityForge=1, death_AmericanLobsterEntityForge_mob_by_TigerSharkEntityForge=1, death_AtlanticCodEntityForge_mob_by_SandtigerSharkEntityForge=1, death_AtlanticCodEntityForge_mob_by_ShortfinMakoSharkEntityForge=1, death_AtlanticSalmonEntityForge_mob_by_BlacktipReefSharkEntityForge=3, death_AtlanticSalmonEntityForge_mob_by_CommonThresherSharkEntityForge=2, death_AtlanticSalmonEntityForge_mob_by_GreatHammerheadSharkEntityForge=1, death_AtlanticSalmonEntityForge_mob_by_OceanicWhitetipSharkEntityForge=1, death_BottlenoseDolphinEntityForge_mob_by_GreatWhiteSharkEntityForge=1, death_BottlenoseDolphinEntityForge_mob_by_OceanicWhitetipSharkEntityForge=2, death_BottlenoseDolphinEntityForge_mob_by_ShortfinMakoSharkEntityForge=1, death_CaribbeanReefOctopusEntityForge_mob_by_BlacktipReefSharkEntityForge=1, death_CaribbeanReefOctopusEntityForge_mob_by_CommonStingrayEntityForge=1, death_CaribbeanReefOctopusEntityForge_mob_by_GreatHammerheadSharkEntityForge=2, death_GreenSeaTurtleEntityForge_mob_by_GreatWhiteSharkEntityForge=1, death_HarborSealEntityForge_mob_by_TigerSharkEntityForge=1, living_deaths=24, navigation_calls=44111, sensor_calls=60220}	119	126
13400	1091000864	{AmericanLobsterEntityForge=20, AtlanticCodEntityForge=16, AtlanticSalmonEntityForge=16, BlackSeaNettleJellyfishEntityForge=2, BlacktipReefSharkEntityForge=6, BottlenoseDolphinEntityForge=8, CannonballJellyfishEntityForge=4, CaribbeanReefOctopusEntityForge=4, CommonOctopusEntityForge=6, CommonStingrayEntityForge=6, CommonThresherSharkEntityForge=2, GiantMorayEelEntityForge=8, GreatHammerheadSharkEntityForge=2, GreatWhiteSharkEntityForge=2, GreenSeaTurtleEntityForge=6, HarborSealEntityForge=6, NautilusEntityForge=2, OceanicWhitetipSharkEntityForge=2, OrcaEntityForge=2, SandtigerSharkEntityForge=2, ShortfinMakoSharkEntityForge=2, TigerSharkEntityForge=2}	{AmericanLobsterEntityForge=300, AtlanticCodEntityForge=300, AtlanticSalmonEntityForge=300, BlackSeaNettleJellyfishEntityForge=300, BlacktipReefSharkEntityForge=300, BottlenoseDolphinEntityForge=700, CannonballJellyfishEntityForge=300, CaribbeanReefOctopusEntityForge=300, CommonOctopusEntityForge=300, CommonStingrayEntityForge=300, CommonThresherSharkEntityForge=300, GiantMorayEelEntityForge=300, GreatHammerheadSharkEntityForge=300, GreatWhiteSharkEntityForge=300, GreenSeaTurtleEntityForge=300, HarborSealEntityForge=300, NautilusEntityForge=300, OceanicWhitetipSharkEntityForge=300, OrcaEntityForge=700, SandtigerSharkEntityForge=300, ShortfinMakoSharkEntityForge=300, TigerSharkEntityForge=300}	11	{death_AmericanLobsterEntityForge_mob_by_BlacktipReefSharkEntityForge=2, death_AmericanLobsterEntityForge_mob_by_CommonStingrayEntityForge=1, death_AmericanLobsterEntityForge_mob_by_SandtigerSharkEntityForge=1, death_AmericanLobsterEntityForge_mob_by_TigerSharkEntityForge=1, death_AtlanticCodEntityForge_mob_by_SandtigerSharkEntityForge=1, death_AtlanticCodEntityForge_mob_by_ShortfinMakoSharkEntityForge=1, death_AtlanticSalmonEntityForge_mob_by_BlacktipReefSharkEntityForge=3, death_AtlanticSalmonEntityForge_mob_by_CommonThresherSharkEntityForge=2, death_AtlanticSalmonEntityForge_mob_by_GreatHammerheadSharkEntityForge=1, death_AtlanticSalmonEntityForge_mob_by_OceanicWhitetipSharkEntityForge=1, death_BottlenoseDolphinEntityForge_mob_by_GreatWhiteSharkEntityForge=1, death_BottlenoseDolphinEntityForge_mob_by_OceanicWhitetipSharkEntityForge=2, death_BottlenoseDolphinEntityForge_mob_by_ShortfinMakoSharkEntityForge=1, death_CaribbeanReefOctopusEntityForge_mob_by_BlacktipReefSharkEntityForge=1, death_CaribbeanReefOctopusEntityForge_mob_by_CommonStingrayEntityForge=1, death_CaribbeanReefOctopusEntityForge_mob_by_GreatHammerheadSharkEntityForge=2, death_GreenSeaTurtleEntityForge_mob_by_GreatWhiteSharkEntityForge=1, death_HarborSealEntityForge_mob_by_TigerSharkEntityForge=1, living_deaths=24, navigation_calls=44718, sensor_calls=61169}	121	126
13600	1254578720	{AmericanLobsterEntityForge=20, AtlanticCodEntityForge=16, AtlanticSalmonEntityForge=16, BlackSeaNettleJellyfishEntityForge=2, BlacktipReefSharkEntityForge=6, BottlenoseDolphinEntityForge=8, CannonballJellyfishEntityForge=4, CaribbeanReefOctopusEntityForge=4, CommonOctopusEntityForge=6, CommonStingrayEntityForge=6, CommonThresherSharkEntityForge=2, GiantMorayEelEntityForge=8, GreatHammerheadSharkEntityForge=2, GreatWhiteSharkEntityForge=2, GreenSeaTurtleEntityForge=6, HarborSealEntityForge=6, NautilusEntityForge=2, OceanicWhitetipSharkEntityForge=2, OrcaEntityForge=2, SandtigerSharkEntityForge=2, ShortfinMakoSharkEntityForge=2, TigerSharkEntityForge=2}	{AmericanLobsterEntityForge=300, AtlanticCodEntityForge=300, AtlanticSalmonEntityForge=300, BlackSeaNettleJellyfishEntityForge=300, BlacktipReefSharkEntityForge=300, BottlenoseDolphinEntityForge=700, CannonballJellyfishEntityForge=300, CaribbeanReefOctopusEntityForge=300, CommonOctopusEntityForge=300, CommonStingrayEntityForge=300, CommonThresherSharkEntityForge=300, GiantMorayEelEntityForge=300, GreatHammerheadSharkEntityForge=300, GreatWhiteSharkEntityForge=300, GreenSeaTurtleEntityForge=300, HarborSealEntityForge=300, NautilusEntityForge=300, OceanicWhitetipSharkEntityForge=300, OrcaEntityForge=700, SandtigerSharkEntityForge=300, ShortfinMakoSharkEntityForge=300, TigerSharkEntityForge=300}	11	{death_AmericanLobsterEntityForge_mob_by_BlacktipReefSharkEntityForge=2, death_AmericanLobsterEntityForge_mob_by_CommonStingrayEntityForge=1, death_AmericanLobsterEntityForge_mob_by_SandtigerSharkEntityForge=1, death_AmericanLobsterEntityForge_mob_by_TigerSharkEntityForge=1, death_AtlanticCodEntityForge_mob_by_SandtigerSharkEntityForge=1, death_AtlanticCodEntityForge_mob_by_ShortfinMakoSharkEntityForge=1, death_AtlanticSalmonEntityForge_mob_by_BlacktipReefSharkEntityForge=3, death_AtlanticSalmonEntityForge_mob_by_CommonThresherSharkEntityForge=2, death_AtlanticSalmonEntityForge_mob_by_GreatHammerheadSharkEntityForge=1, death_AtlanticSalmonEntityForge_mob_by_OceanicWhitetipSharkEntityForge=1, death_BottlenoseDolphinEntityForge_mob_by_GreatWhiteSharkEntityForge=1, death_BottlenoseDolphinEntityForge_mob_by_OceanicWhitetipSharkEntityForge=2, death_BottlenoseDolphinEntityForge_mob_by_ShortfinMakoSharkEntityForge=1, death_CaribbeanReefOctopusEntityForge_mob_by_BlacktipReefSharkEntityForge=1, death_CaribbeanReefOctopusEntityForge_mob_by_CommonStingrayEntityForge=1, death_CaribbeanReefOctopusEntityForge_mob_by_GreatHammerheadSharkEntityForge=2, death_GreenSeaTurtleEntityForge_mob_by_GreatWhiteSharkEntityForge=1, death_HarborSealEntityForge_mob_by_TigerSharkEntityForge=1, living_deaths=24, navigation_calls=45314, sensor_calls=62044}	115	126
13800	1416059424	{AmericanLobsterEntityForge=20, AtlanticCodEntityForge=16, AtlanticSalmonEntityForge=16, BlackSeaNettleJellyfishEntityForge=2, BlacktipReefSharkEntityForge=6, BottlenoseDolphinEntityForge=8, CannonballJellyfishEntityForge=4, CaribbeanReefOctopusEntityForge=4, CommonOctopusEntityForge=5, CommonStingrayEntityForge=6, CommonThresherSharkEntityForge=2, GiantMorayEelEntityForge=8, GreatHammerheadSharkEntityForge=2, GreatWhiteSharkEntityForge=2, GreenSeaTurtleEntityForge=6, HarborSealEntityForge=6, NautilusEntityForge=2, OceanicWhitetipSharkEntityForge=2, OrcaEntityForge=2, SandtigerSharkEntityForge=2, ShortfinMakoSharkEntityForge=2, TigerSharkEntityForge=2}	{AmericanLobsterEntityForge=300, AtlanticCodEntityForge=300, AtlanticSalmonEntityForge=300, BlackSeaNettleJellyfishEntityForge=300, BlacktipReefSharkEntityForge=300, BottlenoseDolphinEntityForge=700, CannonballJellyfishEntityForge=300, CaribbeanReefOctopusEntityForge=300, CommonOctopusEntityForge=300, CommonStingrayEntityForge=300, CommonThresherSharkEntityForge=300, GiantMorayEelEntityForge=300, GreatHammerheadSharkEntityForge=300, GreatWhiteSharkEntityForge=300, GreenSeaTurtleEntityForge=300, HarborSealEntityForge=300, NautilusEntityForge=300, OceanicWhitetipSharkEntityForge=300, OrcaEntityForge=700, SandtigerSharkEntityForge=300, ShortfinMakoSharkEntityForge=300, TigerSharkEntityForge=300}	11	{death_AmericanLobsterEntityForge_mob_by_BlacktipReefSharkEntityForge=2, death_AmericanLobsterEntityForge_mob_by_CommonStingrayEntityForge=1, death_AmericanLobsterEntityForge_mob_by_SandtigerSharkEntityForge=1, death_AmericanLobsterEntityForge_mob_by_TigerSharkEntityForge=1, death_AtlanticCodEntityForge_mob_by_SandtigerSharkEntityForge=1, death_AtlanticCodEntityForge_mob_by_ShortfinMakoSharkEntityForge=1, death_AtlanticSalmonEntityForge_mob_by_BlacktipReefSharkEntityForge=3, death_AtlanticSalmonEntityForge_mob_by_CommonThresherSharkEntityForge=2, death_AtlanticSalmonEntityForge_mob_by_GreatHammerheadSharkEntityForge=1, death_AtlanticSalmonEntityForge_mob_by_OceanicWhitetipSharkEntityForge=1, death_BottlenoseDolphinEntityForge_mob_by_GreatWhiteSharkEntityForge=1, death_BottlenoseDolphinEntityForge_mob_by_OceanicWhitetipSharkEntityForge=2, death_BottlenoseDolphinEntityForge_mob_by_ShortfinMakoSharkEntityForge=1, death_CaribbeanReefOctopusEntityForge_mob_by_BlacktipReefSharkEntityForge=1, death_CaribbeanReefOctopusEntityForge_mob_by_CommonStingrayEntityForge=1, death_CaribbeanReefOctopusEntityForge_mob_by_GreatHammerheadSharkEntityForge=2, death_CommonOctopusEntityForge_mob_by_SandtigerSharkEntityForge=1, death_GreenSeaTurtleEntityForge_mob_by_GreatWhiteSharkEntityForge=1, death_HarborSealEntityForge_mob_by_TigerSharkEntityForge=1, living_deaths=25, navigation_calls=45957, sensor_calls=62992}	116	125
14000	309939280	{AmericanLobsterEntityForge=20, AtlanticCodEntityForge=16, AtlanticSalmonEntityForge=16, BlackSeaNettleJellyfishEntityForge=2, BlacktipReefSharkEntityForge=6, BottlenoseDolphinEntityForge=8, CannonballJellyfishEntityForge=4, CaribbeanReefOctopusEntityForge=4, CommonOctopusEntityForge=6, CommonStingrayEntityForge=6, CommonThresherSharkEntityForge=2, GiantMorayEelEntityForge=8, GreatHammerheadSharkEntityForge=2, GreatWhiteSharkEntityForge=2, GreenSeaTurtleEntityForge=6, HarborSealEntityForge=6, NautilusEntityForge=2, OceanicWhitetipSharkEntityForge=2, OrcaEntityForge=2, SandtigerSharkEntityForge=2, ShortfinMakoSharkEntityForge=2, TigerSharkEntityForge=2}	{AmericanLobsterEntityForge=300, AtlanticCodEntityForge=300, AtlanticSalmonEntityForge=300, BlackSeaNettleJellyfishEntityForge=300, BlacktipReefSharkEntityForge=300, BottlenoseDolphinEntityForge=700, CannonballJellyfishEntityForge=300, CaribbeanReefOctopusEntityForge=300, CommonOctopusEntityForge=300, CommonStingrayEntityForge=300, CommonThresherSharkEntityForge=300, GiantMorayEelEntityForge=300, GreatHammerheadSharkEntityForge=300, GreatWhiteSharkEntityForge=300, GreenSeaTurtleEntityForge=300, HarborSealEntityForge=300, NautilusEntityForge=300, OceanicWhitetipSharkEntityForge=300, OrcaEntityForge=700, SandtigerSharkEntityForge=300, ShortfinMakoSharkEntityForge=300, TigerSharkEntityForge=300}	11	{death_AmericanLobsterEntityForge_mob_by_BlacktipReefSharkEntityForge=2, death_AmericanLobsterEntityForge_mob_by_CommonStingrayEntityForge=1, death_AmericanLobsterEntityForge_mob_by_SandtigerSharkEntityForge=1, death_AmericanLobsterEntityForge_mob_by_TigerSharkEntityForge=1, death_AtlanticCodEntityForge_mob_by_SandtigerSharkEntityForge=1, death_AtlanticCodEntityForge_mob_by_ShortfinMakoSharkEntityForge=1, death_AtlanticSalmonEntityForge_mob_by_BlacktipReefSharkEntityForge=3, death_AtlanticSalmonEntityForge_mob_by_CommonThresherSharkEntityForge=2, death_AtlanticSalmonEntityForge_mob_by_GreatHammerheadSharkEntityForge=1, death_AtlanticSalmonEntityForge_mob_by_OceanicWhitetipSharkEntityForge=1, death_BottlenoseDolphinEntityForge_mob_by_GreatWhiteSharkEntityForge=1, death_BottlenoseDolphinEntityForge_mob_by_OceanicWhitetipSharkEntityForge=2, death_BottlenoseDolphinEntityForge_mob_by_ShortfinMakoSharkEntityForge=1, death_CaribbeanReefOctopusEntityForge_mob_by_BlacktipReefSharkEntityForge=1, death_CaribbeanReefOctopusEntityForge_mob_by_CommonStingrayEntityForge=1, death_CaribbeanReefOctopusEntityForge_mob_by_GreatHammerheadSharkEntityForge=2, death_CommonOctopusEntityForge_mob_by_SandtigerSharkEntityForge=1, death_GreenSeaTurtleEntityForge_mob_by_GreatWhiteSharkEntityForge=1, death_HarborSealEntityForge_mob_by_TigerSharkEntityForge=1, living_deaths=25, navigation_calls=46644, sensor_calls=63867}	114	126
14200	471419984	{AmericanLobsterEntityForge=20, AtlanticCodEntityForge=16, AtlanticSalmonEntityForge=16, BlackSeaNettleJellyfishEntityForge=2, BlacktipReefSharkEntityForge=6, BottlenoseDolphinEntityForge=8, CannonballJellyfishEntityForge=4, CaribbeanReefOctopusEntityForge=4, CommonOctopusEntityForge=6, CommonStingrayEntityForge=6, CommonThresherSharkEntityForge=2, GiantMorayEelEntityForge=8, GreatHammerheadSharkEntityForge=2, GreatWhiteSharkEntityForge=2, GreenSeaTurtleEntityForge=6, HarborSealEntityForge=6, NautilusEntityForge=2, OceanicWhitetipSharkEntityForge=2, OrcaEntityForge=2, SandtigerSharkEntityForge=2, ShortfinMakoSharkEntityForge=2, TigerSharkEntityForge=2}	{AmericanLobsterEntityForge=300, AtlanticCodEntityForge=300, AtlanticSalmonEntityForge=300, BlackSeaNettleJellyfishEntityForge=300, BlacktipReefSharkEntityForge=300, BottlenoseDolphinEntityForge=700, CannonballJellyfishEntityForge=300, CaribbeanReefOctopusEntityForge=300, CommonOctopusEntityForge=300, CommonStingrayEntityForge=300, CommonThresherSharkEntityForge=300, GiantMorayEelEntityForge=300, GreatHammerheadSharkEntityForge=300, GreatWhiteSharkEntityForge=300, GreenSeaTurtleEntityForge=300, HarborSealEntityForge=300, NautilusEntityForge=300, OceanicWhitetipSharkEntityForge=300, OrcaEntityForge=700, SandtigerSharkEntityForge=300, ShortfinMakoSharkEntityForge=300, TigerSharkEntityForge=300}	11	{death_AmericanLobsterEntityForge_mob_by_BlacktipReefSharkEntityForge=2, death_AmericanLobsterEntityForge_mob_by_CommonStingrayEntityForge=1, death_AmericanLobsterEntityForge_mob_by_SandtigerSharkEntityForge=1, death_AmericanLobsterEntityForge_mob_by_TigerSharkEntityForge=1, death_AtlanticCodEntityForge_mob_by_SandtigerSharkEntityForge=1, death_AtlanticCodEntityForge_mob_by_ShortfinMakoSharkEntityForge=1, death_AtlanticSalmonEntityForge_mob_by_BlacktipReefSharkEntityForge=3, death_AtlanticSalmonEntityForge_mob_by_CommonThresherSharkEntityForge=2, death_AtlanticSalmonEntityForge_mob_by_GreatHammerheadSharkEntityForge=1, death_AtlanticSalmonEntityForge_mob_by_OceanicWhitetipSharkEntityForge=1, death_BottlenoseDolphinEntityForge_mob_by_GreatWhiteSharkEntityForge=1, death_BottlenoseDolphinEntityForge_mob_by_OceanicWhitetipSharkEntityForge=2, death_BottlenoseDolphinEntityForge_mob_by_ShortfinMakoSharkEntityForge=1, death_CaribbeanReefOctopusEntityForge_mob_by_BlacktipReefSharkEntityForge=1, death_CaribbeanReefOctopusEntityForge_mob_by_CommonStingrayEntityForge=1, death_CaribbeanReefOctopusEntityForge_mob_by_GreatHammerheadSharkEntityForge=2, death_CommonOctopusEntityForge_mob_by_SandtigerSharkEntityForge=1, death_GreenSeaTurtleEntityForge_mob_by_GreatWhiteSharkEntityForge=1, death_HarborSealEntityForge_mob_by_TigerSharkEntityForge=1, living_deaths=25, navigation_calls=47290, sensor_calls=64817}	118	126
14400	631852112	{AmericanLobsterEntityForge=20, AtlanticCodEntityForge=16, AtlanticSalmonEntityForge=16, BlackSeaNettleJellyfishEntityForge=2, BlacktipReefSharkEntityForge=6, BottlenoseDolphinEntityForge=8, CannonballJellyfishEntityForge=4, CaribbeanReefOctopusEntityForge=4, CommonOctopusEntityForge=6, CommonStingrayEntityForge=6, CommonThresherSharkEntityForge=2, GiantMorayEelEntityForge=8, GreatHammerheadSharkEntityForge=2, GreatWhiteSharkEntityForge=2, GreenSeaTurtleEntityForge=6, HarborSealEntityForge=6, NautilusEntityForge=2, OceanicWhitetipSharkEntityForge=2, OrcaEntityForge=2, SandtigerSharkEntityForge=2, ShortfinMakoSharkEntityForge=2, TigerSharkEntityForge=2}	{AmericanLobsterEntityForge=300, AtlanticCodEntityForge=300, AtlanticSalmonEntityForge=300, BlackSeaNettleJellyfishEntityForge=300, BlacktipReefSharkEntityForge=300, BottlenoseDolphinEntityForge=700, CannonballJellyfishEntityForge=300, CaribbeanReefOctopusEntityForge=300, CommonOctopusEntityForge=300, CommonStingrayEntityForge=300, CommonThresherSharkEntityForge=300, GiantMorayEelEntityForge=300, GreatHammerheadSharkEntityForge=300, GreatWhiteSharkEntityForge=300, GreenSeaTurtleEntityForge=300, HarborSealEntityForge=300, NautilusEntityForge=300, OceanicWhitetipSharkEntityForge=300, OrcaEntityForge=700, SandtigerSharkEntityForge=300, ShortfinMakoSharkEntityForge=300, TigerSharkEntityForge=300}	11	{death_AmericanLobsterEntityForge_mob_by_BlacktipReefSharkEntityForge=2, death_AmericanLobsterEntityForge_mob_by_CommonStingrayEntityForge=1, death_AmericanLobsterEntityForge_mob_by_SandtigerSharkEntityForge=1, death_AmericanLobsterEntityForge_mob_by_TigerSharkEntityForge=1, death_AtlanticCodEntityForge_mob_by_SandtigerSharkEntityForge=1, death_AtlanticCodEntityForge_mob_by_ShortfinMakoSharkEntityForge=1, death_AtlanticSalmonEntityForge_mob_by_BlacktipReefSharkEntityForge=3, death_AtlanticSalmonEntityForge_mob_by_CommonThresherSharkEntityForge=2, death_AtlanticSalmonEntityForge_mob_by_GreatHammerheadSharkEntityForge=1, death_AtlanticSalmonEntityForge_mob_by_OceanicWhitetipSharkEntityForge=1, death_BottlenoseDolphinEntityForge_mob_by_GreatWhiteSharkEntityForge=1, death_BottlenoseDolphinEntityForge_mob_by_OceanicWhitetipSharkEntityForge=2, death_BottlenoseDolphinEntityForge_mob_by_ShortfinMakoSharkEntityForge=1, death_CaribbeanReefOctopusEntityForge_mob_by_BlacktipReefSharkEntityForge=1, death_CaribbeanReefOctopusEntityForge_mob_by_CommonStingrayEntityForge=1, death_CaribbeanReefOctopusEntityForge_mob_by_GreatHammerheadSharkEntityForge=2, death_CommonOctopusEntityForge_mob_by_SandtigerSharkEntityForge=1, death_GreenSeaTurtleEntityForge_mob_by_GreatWhiteSharkEntityForge=1, death_HarborSealEntityForge_mob_by_TigerSharkEntityForge=1, living_deaths=25, navigation_calls=47882, sensor_calls=65691}	116	126
14600	795429968	{AmericanLobsterEntityForge=20, AtlanticCodEntityForge=16, AtlanticSalmonEntityForge=16, BlackSeaNettleJellyfishEntityForge=2, BlacktipReefSharkEntityForge=6, BottlenoseDolphinEntityForge=8, CannonballJellyfishEntityForge=4, CaribbeanReefOctopusEntityForge=4, CommonOctopusEntityForge=6, CommonStingrayEntityForge=6, CommonThresherSharkEntityForge=2, GiantMorayEelEntityForge=8, GreatHammerheadSharkEntityForge=2, GreatWhiteSharkEntityForge=2, GreenSeaTurtleEntityForge=6, HarborSealEntityForge=6, NautilusEntityForge=2, OceanicWhitetipSharkEntityForge=2, OrcaEntityForge=2, SandtigerSharkEntityForge=2, ShortfinMakoSharkEntityForge=2, TigerSharkEntityForge=2}	{AmericanLobsterEntityForge=300, AtlanticCodEntityForge=300, AtlanticSalmonEntityForge=300, BlackSeaNettleJellyfishEntityForge=300, BlacktipReefSharkEntityForge=300, BottlenoseDolphinEntityForge=700, CannonballJellyfishEntityForge=300, CaribbeanReefOctopusEntityForge=300, CommonOctopusEntityForge=300, CommonStingrayEntityForge=300, CommonThresherSharkEntityForge=300, GiantMorayEelEntityForge=300, GreatHammerheadSharkEntityForge=300, GreatWhiteSharkEntityForge=300, GreenSeaTurtleEntityForge=300, HarborSealEntityForge=300, NautilusEntityForge=300, OceanicWhitetipSharkEntityForge=300, OrcaEntityForge=700, SandtigerSharkEntityForge=300, ShortfinMakoSharkEntityForge=300, TigerSharkEntityForge=300}	11	{death_AmericanLobsterEntityForge_mob_by_BlacktipReefSharkEntityForge=2, death_AmericanLobsterEntityForge_mob_by_CommonStingrayEntityForge=1, death_AmericanLobsterEntityForge_mob_by_SandtigerSharkEntityForge=1, death_AmericanLobsterEntityForge_mob_by_TigerSharkEntityForge=1, death_AtlanticCodEntityForge_mob_by_SandtigerSharkEntityForge=1, death_AtlanticCodEntityForge_mob_by_ShortfinMakoSharkEntityForge=1, death_AtlanticSalmonEntityForge_mob_by_BlacktipReefSharkEntityForge=3, death_AtlanticSalmonEntityForge_mob_by_CommonThresherSharkEntityForge=2, death_AtlanticSalmonEntityForge_mob_by_GreatHammerheadSharkEntityForge=1, death_AtlanticSalmonEntityForge_mob_by_OceanicWhitetipSharkEntityForge=1, death_BottlenoseDolphinEntityForge_mob_by_GreatWhiteSharkEntityForge=1, death_BottlenoseDolphinEntityForge_mob_by_OceanicWhitetipSharkEntityForge=2, death_BottlenoseDolphinEntityForge_mob_by_ShortfinMakoSharkEntityForge=1, death_CaribbeanReefOctopusEntityForge_mob_by_BlacktipReefSharkEntityForge=1, death_CaribbeanReefOctopusEntityForge_mob_by_CommonStingrayEntityForge=1, death_CaribbeanReefOctopusEntityForge_mob_by_GreatHammerheadSharkEntityForge=2, death_CommonOctopusEntityForge_mob_by_SandtigerSharkEntityForge=1, death_GreenSeaTurtleEntityForge_mob_by_GreatWhiteSharkEntityForge=1, death_HarborSealEntityForge_mob_by_TigerSharkEntityForge=1, living_deaths=25, navigation_calls=48498, sensor_calls=66642}	120	126
14800	955862096	{AmericanLobsterEntityForge=20, AtlanticCodEntityForge=15, AtlanticSalmonEntityForge=16, BlackSeaNettleJellyfishEntityForge=2, BlacktipReefSharkEntityForge=6, BottlenoseDolphinEntityForge=8, CannonballJellyfishEntityForge=4, CaribbeanReefOctopusEntityForge=4, CommonOctopusEntityForge=6, CommonStingrayEntityForge=6, CommonThresherSharkEntityForge=2, GiantMorayEelEntityForge=8, GreatHammerheadSharkEntityForge=2, GreatWhiteSharkEntityForge=2, GreenSeaTurtleEntityForge=6, HarborSealEntityForge=6, NautilusEntityForge=2, OceanicWhitetipSharkEntityForge=2, OrcaEntityForge=2, SandtigerSharkEntityForge=2, ShortfinMakoSharkEntityForge=2, TigerSharkEntityForge=2}	{AmericanLobsterEntityForge=300, AtlanticCodEntityForge=300, AtlanticSalmonEntityForge=300, BlackSeaNettleJellyfishEntityForge=300, BlacktipReefSharkEntityForge=300, BottlenoseDolphinEntityForge=700, CannonballJellyfishEntityForge=300, CaribbeanReefOctopusEntityForge=300, CommonOctopusEntityForge=300, CommonStingrayEntityForge=300, CommonThresherSharkEntityForge=300, GiantMorayEelEntityForge=300, GreatHammerheadSharkEntityForge=300, GreatWhiteSharkEntityForge=300, GreenSeaTurtleEntityForge=300, HarborSealEntityForge=300, NautilusEntityForge=300, OceanicWhitetipSharkEntityForge=300, OrcaEntityForge=700, SandtigerSharkEntityForge=300, ShortfinMakoSharkEntityForge=300, TigerSharkEntityForge=300}	11	{death_AmericanLobsterEntityForge_mob_by_BlacktipReefSharkEntityForge=2, death_AmericanLobsterEntityForge_mob_by_CommonStingrayEntityForge=1, death_AmericanLobsterEntityForge_mob_by_SandtigerSharkEntityForge=1, death_AmericanLobsterEntityForge_mob_by_TigerSharkEntityForge=1, death_AtlanticCodEntityForge_mob_by_CommonThresherSharkEntityForge=1, death_AtlanticCodEntityForge_mob_by_SandtigerSharkEntityForge=1, death_AtlanticCodEntityForge_mob_by_ShortfinMakoSharkEntityForge=1, death_AtlanticSalmonEntityForge_mob_by_BlacktipReefSharkEntityForge=3, death_AtlanticSalmonEntityForge_mob_by_CommonThresherSharkEntityForge=2, death_AtlanticSalmonEntityForge_mob_by_GreatHammerheadSharkEntityForge=1, death_AtlanticSalmonEntityForge_mob_by_OceanicWhitetipSharkEntityForge=1, death_BottlenoseDolphinEntityForge_mob_by_GreatWhiteSharkEntityForge=1, death_BottlenoseDolphinEntityForge_mob_by_OceanicWhitetipSharkEntityForge=2, death_BottlenoseDolphinEntityForge_mob_by_ShortfinMakoSharkEntityForge=1, death_CaribbeanReefOctopusEntityForge_mob_by_BlacktipReefSharkEntityForge=1, death_CaribbeanReefOctopusEntityForge_mob_by_CommonStingrayEntityForge=1, death_CaribbeanReefOctopusEntityForge_mob_by_GreatHammerheadSharkEntityForge=2, death_CommonOctopusEntityForge_mob_by_SandtigerSharkEntityForge=1, death_GreenSeaTurtleEntityForge_mob_by_GreatWhiteSharkEntityForge=1, death_HarborSealEntityForge_mob_by_TigerSharkEntityForge=1, living_deaths=26, navigation_calls=49053, sensor_calls=67515}	115	125
15000	1114197072	{AmericanLobsterEntityForge=20, AtlanticCodEntityForge=15, AtlanticSalmonEntityForge=16, BlackSeaNettleJellyfishEntityForge=2, BlacktipReefSharkEntityForge=6, BottlenoseDolphinEntityForge=8, CannonballJellyfishEntityForge=4, CaribbeanReefOctopusEntityForge=4, CommonOctopusEntityForge=6, CommonStingrayEntityForge=6, CommonThresherSharkEntityForge=2, GiantMorayEelEntityForge=8, GreatHammerheadSharkEntityForge=2, GreatWhiteSharkEntityForge=2, GreenSeaTurtleEntityForge=6, HarborSealEntityForge=6, NautilusEntityForge=2, OceanicWhitetipSharkEntityForge=2, OrcaEntityForge=2, SandtigerSharkEntityForge=2, ShortfinMakoSharkEntityForge=2, TigerSharkEntityForge=2}	{AmericanLobsterEntityForge=300, AtlanticCodEntityForge=300, AtlanticSalmonEntityForge=300, BlackSeaNettleJellyfishEntityForge=300, BlacktipReefSharkEntityForge=300, BottlenoseDolphinEntityForge=700, CannonballJellyfishEntityForge=300, CaribbeanReefOctopusEntityForge=300, CommonOctopusEntityForge=300, CommonStingrayEntityForge=300, CommonThresherSharkEntityForge=300, GiantMorayEelEntityForge=300, GreatHammerheadSharkEntityForge=300, GreatWhiteSharkEntityForge=300, GreenSeaTurtleEntityForge=300, HarborSealEntityForge=300, NautilusEntityForge=300, OceanicWhitetipSharkEntityForge=300, OrcaEntityForge=700, SandtigerSharkEntityForge=300, ShortfinMakoSharkEntityForge=300, TigerSharkEntityForge=300}	11	{death_AmericanLobsterEntityForge_mob_by_BlacktipReefSharkEntityForge=2, death_AmericanLobsterEntityForge_mob_by_CommonStingrayEntityForge=1, death_AmericanLobsterEntityForge_mob_by_SandtigerSharkEntityForge=1, death_AmericanLobsterEntityForge_mob_by_TigerSharkEntityForge=1, death_AtlanticCodEntityForge_mob_by_BlacktipReefSharkEntityForge=1, death_AtlanticCodEntityForge_mob_by_CommonThresherSharkEntityForge=1, death_AtlanticCodEntityForge_mob_by_SandtigerSharkEntityForge=1, death_AtlanticCodEntityForge_mob_by_ShortfinMakoSharkEntityForge=1, death_AtlanticSalmonEntityForge_mob_by_BlacktipReefSharkEntityForge=3, death_AtlanticSalmonEntityForge_mob_by_CommonThresherSharkEntityForge=2, death_AtlanticSalmonEntityForge_mob_by_GreatHammerheadSharkEntityForge=1, death_AtlanticSalmonEntityForge_mob_by_OceanicWhitetipSharkEntityForge=1, death_BottlenoseDolphinEntityForge_mob_by_GreatWhiteSharkEntityForge=1, death_BottlenoseDolphinEntityForge_mob_by_OceanicWhitetipSharkEntityForge=2, death_BottlenoseDolphinEntityForge_mob_by_ShortfinMakoSharkEntityForge=1, death_CaribbeanReefOctopusEntityForge_mob_by_BlacktipReefSharkEntityForge=1, death_CaribbeanReefOctopusEntityForge_mob_by_CommonStingrayEntityForge=1, death_CaribbeanReefOctopusEntityForge_mob_by_GreatHammerheadSharkEntityForge=2, death_CommonOctopusEntityForge_mob_by_SandtigerSharkEntityForge=1, death_GreenSeaTurtleEntityForge_mob_by_GreatWhiteSharkEntityForge=1, death_HarborSealEntityForge_mob_by_TigerSharkEntityForge=1, living_deaths=27, navigation_calls=49586, sensor_calls=68466}	112	125
15200	1271483472	{AmericanLobsterEntityForge=20, AtlanticCodEntityForge=15, AtlanticSalmonEntityForge=16, BlackSeaNettleJellyfishEntityForge=2, BlacktipReefSharkEntityForge=6, BottlenoseDolphinEntityForge=8, CannonballJellyfishEntityForge=4, CaribbeanReefOctopusEntityForge=4, CommonOctopusEntityForge=6, CommonStingrayEntityForge=6, CommonThresherSharkEntityForge=2, GiantMorayEelEntityForge=8, GreatHammerheadSharkEntityForge=2, GreatWhiteSharkEntityForge=2, GreenSeaTurtleEntityForge=6, HarborSealEntityForge=6, NautilusEntityForge=2, OceanicWhitetipSharkEntityForge=2, OrcaEntityForge=2, SandtigerSharkEntityForge=2, ShortfinMakoSharkEntityForge=2, TigerSharkEntityForge=2}	{AmericanLobsterEntityForge=300, AtlanticCodEntityForge=300, AtlanticSalmonEntityForge=300, BlackSeaNettleJellyfishEntityForge=300, BlacktipReefSharkEntityForge=300, BottlenoseDolphinEntityForge=700, CannonballJellyfishEntityForge=300, CaribbeanReefOctopusEntityForge=300, CommonOctopusEntityForge=300, CommonStingrayEntityForge=300, CommonThresherSharkEntityForge=300, GiantMorayEelEntityForge=300, GreatHammerheadSharkEntityForge=300, GreatWhiteSharkEntityForge=300, GreenSeaTurtleEntityForge=300, HarborSealEntityForge=300, NautilusEntityForge=300, OceanicWhitetipSharkEntityForge=300, OrcaEntityForge=700, SandtigerSharkEntityForge=300, ShortfinMakoSharkEntityForge=300, TigerSharkEntityForge=300}	11	{death_AmericanLobsterEntityForge_mob_by_BlacktipReefSharkEntityForge=2, death_AmericanLobsterEntityForge_mob_by_CommonStingrayEntityForge=1, death_AmericanLobsterEntityForge_mob_by_SandtigerSharkEntityForge=1, death_AmericanLobsterEntityForge_mob_by_TigerSharkEntityForge=1, death_AtlanticCodEntityForge_mob_by_BlacktipReefSharkEntityForge=2, death_AtlanticCodEntityForge_mob_by_CommonThresherSharkEntityForge=1, death_AtlanticCodEntityForge_mob_by_SandtigerSharkEntityForge=1, death_AtlanticCodEntityForge_mob_by_ShortfinMakoSharkEntityForge=1, death_AtlanticSalmonEntityForge_mob_by_BlacktipReefSharkEntityForge=3, death_AtlanticSalmonEntityForge_mob_by_CommonThresherSharkEntityForge=2, death_AtlanticSalmonEntityForge_mob_by_GreatHammerheadSharkEntityForge=1, death_AtlanticSalmonEntityForge_mob_by_OceanicWhitetipSharkEntityForge=1, death_BottlenoseDolphinEntityForge_mob_by_GreatWhiteSharkEntityForge=1, death_BottlenoseDolphinEntityForge_mob_by_OceanicWhitetipSharkEntityForge=2, death_BottlenoseDolphinEntityForge_mob_by_ShortfinMakoSharkEntityForge=1, death_CaribbeanReefOctopusEntityForge_mob_by_BlacktipReefSharkEntityForge=1, death_CaribbeanReefOctopusEntityForge_mob_by_CommonStingrayEntityForge=1, death_CaribbeanReefOctopusEntityForge_mob_by_GreatHammerheadSharkEntityForge=2, death_CommonOctopusEntityForge_mob_by_SandtigerSharkEntityForge=1, death_GreenSeaTurtleEntityForge_mob_by_GreatWhiteSharkEntityForge=1, death_HarborSealEntityForge_mob_by_TigerSharkEntityForge=1, living_deaths=28, navigation_calls=50168, sensor_calls=69339}	112	125
15400	1432964176	{AmericanLobsterEntityForge=20, AtlanticCodEntityForge=16, AtlanticSalmonEntityForge=16, BlackSeaNettleJellyfishEntityForge=2, BlacktipReefSharkEntityForge=6, BottlenoseDolphinEntityForge=8, CannonballJellyfishEntityForge=4, CaribbeanReefOctopusEntityForge=4, CommonOctopusEntityForge=6, CommonStingrayEntityForge=6, CommonThresherSharkEntityForge=2, GiantMorayEelEntityForge=8, GreatHammerheadSharkEntityForge=2, GreatWhiteSharkEntityForge=2, GreenSeaTurtleEntityForge=6, HarborSealEntityForge=6, NautilusEntityForge=2, OceanicWhitetipSharkEntityForge=2, OrcaEntityForge=2, SandtigerSharkEntityForge=2, ShortfinMakoSharkEntityForge=2, TigerSharkEntityForge=2}	{AmericanLobsterEntityForge=300, AtlanticCodEntityForge=300, AtlanticSalmonEntityForge=300, BlackSeaNettleJellyfishEntityForge=300, BlacktipReefSharkEntityForge=300, BottlenoseDolphinEntityForge=700, CannonballJellyfishEntityForge=300, CaribbeanReefOctopusEntityForge=300, CommonOctopusEntityForge=300, CommonStingrayEntityForge=300, CommonThresherSharkEntityForge=300, GiantMorayEelEntityForge=300, GreatHammerheadSharkEntityForge=300, GreatWhiteSharkEntityForge=300, GreenSeaTurtleEntityForge=300, HarborSealEntityForge=300, NautilusEntityForge=300, OceanicWhitetipSharkEntityForge=300, OrcaEntityForge=700, SandtigerSharkEntityForge=300, ShortfinMakoSharkEntityForge=300, TigerSharkEntityForge=300}	11	{death_AmericanLobsterEntityForge_mob_by_BlacktipReefSharkEntityForge=2, death_AmericanLobsterEntityForge_mob_by_CommonStingrayEntityForge=1, death_AmericanLobsterEntityForge_mob_by_SandtigerSharkEntityForge=1, death_AmericanLobsterEntityForge_mob_by_TigerSharkEntityForge=1, death_AtlanticCodEntityForge_mob_by_BlacktipReefSharkEntityForge=2, death_AtlanticCodEntityForge_mob_by_CommonThresherSharkEntityForge=1, death_AtlanticCodEntityForge_mob_by_SandtigerSharkEntityForge=1, death_AtlanticCodEntityForge_mob_by_ShortfinMakoSharkEntityForge=1, death_AtlanticSalmonEntityForge_mob_by_BlacktipReefSharkEntityForge=3, death_AtlanticSalmonEntityForge_mob_by_CommonThresherSharkEntityForge=2, death_AtlanticSalmonEntityForge_mob_by_GreatHammerheadSharkEntityForge=1, death_AtlanticSalmonEntityForge_mob_by_OceanicWhitetipSharkEntityForge=1, death_BottlenoseDolphinEntityForge_mob_by_GreatWhiteSharkEntityForge=1, death_BottlenoseDolphinEntityForge_mob_by_OceanicWhitetipSharkEntityForge=2, death_BottlenoseDolphinEntityForge_mob_by_ShortfinMakoSharkEntityForge=1, death_CaribbeanReefOctopusEntityForge_mob_by_BlacktipReefSharkEntityForge=1, death_CaribbeanReefOctopusEntityForge_mob_by_CommonStingrayEntityForge=1, death_CaribbeanReefOctopusEntityForge_mob_by_GreatHammerheadSharkEntityForge=2, death_CommonOctopusEntityForge_mob_by_SandtigerSharkEntityForge=1, death_GreenSeaTurtleEntityForge_mob_by_GreatWhiteSharkEntityForge=1, death_HarborSealEntityForge_mob_by_TigerSharkEntityForge=1, living_deaths=28, navigation_calls=50733, sensor_calls=70290}	116	126
15600	324630712	{AmericanLobsterEntityForge=20, AtlanticCodEntityForge=16, AtlanticSalmonEntityForge=16, BlackSeaNettleJellyfishEntityForge=2, BlacktipReefSharkEntityForge=6, BottlenoseDolphinEntityForge=8, CannonballJellyfishEntityForge=4, CaribbeanReefOctopusEntityForge=4, CommonOctopusEntityForge=6, CommonStingrayEntityForge=6, CommonThresherSharkEntityForge=2, GiantMorayEelEntityForge=8, GreatHammerheadSharkEntityForge=2, GreatWhiteSharkEntityForge=2, GreenSeaTurtleEntityForge=6, HarborSealEntityForge=6, NautilusEntityForge=2, OceanicWhitetipSharkEntityForge=2, OrcaEntityForge=2, SandtigerSharkEntityForge=2, ShortfinMakoSharkEntityForge=2, TigerSharkEntityForge=2}	{AmericanLobsterEntityForge=300, AtlanticCodEntityForge=300, AtlanticSalmonEntityForge=300, BlackSeaNettleJellyfishEntityForge=300, BlacktipReefSharkEntityForge=300, BottlenoseDolphinEntityForge=700, CannonballJellyfishEntityForge=300, CaribbeanReefOctopusEntityForge=300, CommonOctopusEntityForge=300, CommonStingrayEntityForge=300, CommonThresherSharkEntityForge=300, GiantMorayEelEntityForge=300, GreatHammerheadSharkEntityForge=300, GreatWhiteSharkEntityForge=300, GreenSeaTurtleEntityForge=300, HarborSealEntityForge=300, NautilusEntityForge=300, OceanicWhitetipSharkEntityForge=300, OrcaEntityForge=700, SandtigerSharkEntityForge=300, ShortfinMakoSharkEntityForge=300, TigerSharkEntityForge=300}	11	{death_AmericanLobsterEntityForge_mob_by_BlacktipReefSharkEntityForge=2, death_AmericanLobsterEntityForge_mob_by_CommonStingrayEntityForge=1, death_AmericanLobsterEntityForge_mob_by_SandtigerSharkEntityForge=1, death_AmericanLobsterEntityForge_mob_by_TigerSharkEntityForge=1, death_AtlanticCodEntityForge_mob_by_BlacktipReefSharkEntityForge=2, death_AtlanticCodEntityForge_mob_by_CommonThresherSharkEntityForge=1, death_AtlanticCodEntityForge_mob_by_SandtigerSharkEntityForge=1, death_AtlanticCodEntityForge_mob_by_ShortfinMakoSharkEntityForge=1, death_AtlanticSalmonEntityForge_mob_by_BlacktipReefSharkEntityForge=3, death_AtlanticSalmonEntityForge_mob_by_CommonThresherSharkEntityForge=2, death_AtlanticSalmonEntityForge_mob_by_GreatHammerheadSharkEntityForge=1, death_AtlanticSalmonEntityForge_mob_by_OceanicWhitetipSharkEntityForge=1, death_BottlenoseDolphinEntityForge_mob_by_GreatWhiteSharkEntityForge=1, death_BottlenoseDolphinEntityForge_mob_by_OceanicWhitetipSharkEntityForge=2, death_BottlenoseDolphinEntityForge_mob_by_ShortfinMakoSharkEntityForge=1, death_CaribbeanReefOctopusEntityForge_mob_by_BlacktipReefSharkEntityForge=1, death_CaribbeanReefOctopusEntityForge_mob_by_CommonStingrayEntityForge=1, death_CaribbeanReefOctopusEntityForge_mob_by_GreatHammerheadSharkEntityForge=2, death_CommonOctopusEntityForge_mob_by_SandtigerSharkEntityForge=1, death_GreenSeaTurtleEntityForge_mob_by_GreatWhiteSharkEntityForge=1, death_HarborSealEntityForge_mob_by_TigerSharkEntityForge=1, living_deaths=28, navigation_calls=51329, sensor_calls=71239}	115	126
15800	494500024	{AmericanLobsterEntityForge=20, AtlanticCodEntityForge=16, AtlanticSalmonEntityForge=16, BlackSeaNettleJellyfishEntityForge=2, BlacktipReefSharkEntityForge=6, BottlenoseDolphinEntityForge=8, CannonballJellyfishEntityForge=4, CaribbeanReefOctopusEntityForge=4, CommonOctopusEntityForge=6, CommonStingrayEntityForge=6, CommonThresherSharkEntityForge=2, GiantMorayEelEntityForge=8, GreatHammerheadSharkEntityForge=2, GreatWhiteSharkEntityForge=2, GreenSeaTurtleEntityForge=6, HarborSealEntityForge=6, NautilusEntityForge=2, OceanicWhitetipSharkEntityForge=2, OrcaEntityForge=2, SandtigerSharkEntityForge=2, ShortfinMakoSharkEntityForge=2, TigerSharkEntityForge=2}	{AmericanLobsterEntityForge=300, AtlanticCodEntityForge=300, AtlanticSalmonEntityForge=300, BlackSeaNettleJellyfishEntityForge=300, BlacktipReefSharkEntityForge=300, BottlenoseDolphinEntityForge=700, CannonballJellyfishEntityForge=300, CaribbeanReefOctopusEntityForge=300, CommonOctopusEntityForge=300, CommonStingrayEntityForge=300, CommonThresherSharkEntityForge=300, GiantMorayEelEntityForge=300, GreatHammerheadSharkEntityForge=300, GreatWhiteSharkEntityForge=300, GreenSeaTurtleEntityForge=300, HarborSealEntityForge=300, NautilusEntityForge=300, OceanicWhitetipSharkEntityForge=300, OrcaEntityForge=700, SandtigerSharkEntityForge=300, ShortfinMakoSharkEntityForge=300, TigerSharkEntityForge=300}	11	{death_AmericanLobsterEntityForge_mob_by_BlacktipReefSharkEntityForge=2, death_AmericanLobsterEntityForge_mob_by_CommonStingrayEntityForge=1, death_AmericanLobsterEntityForge_mob_by_SandtigerSharkEntityForge=1, death_AmericanLobsterEntityForge_mob_by_TigerSharkEntityForge=1, death_AtlanticCodEntityForge_mob_by_BlacktipReefSharkEntityForge=2, death_AtlanticCodEntityForge_mob_by_CommonThresherSharkEntityForge=1, death_AtlanticCodEntityForge_mob_by_SandtigerSharkEntityForge=1, death_AtlanticCodEntityForge_mob_by_ShortfinMakoSharkEntityForge=1, death_AtlanticSalmonEntityForge_mob_by_BlacktipReefSharkEntityForge=3, death_AtlanticSalmonEntityForge_mob_by_CommonThresherSharkEntityForge=2, death_AtlanticSalmonEntityForge_mob_by_GreatHammerheadSharkEntityForge=1, death_AtlanticSalmonEntityForge_mob_by_OceanicWhitetipSharkEntityForge=1, death_BottlenoseDolphinEntityForge_mob_by_GreatWhiteSharkEntityForge=1, death_BottlenoseDolphinEntityForge_mob_by_OceanicWhitetipSharkEntityForge=2, death_BottlenoseDolphinEntityForge_mob_by_ShortfinMakoSharkEntityForge=1, death_CaribbeanReefOctopusEntityForge_mob_by_BlacktipReefSharkEntityForge=1, death_CaribbeanReefOctopusEntityForge_mob_by_CommonStingrayEntityForge=1, death_CaribbeanReefOctopusEntityForge_mob_by_GreatHammerheadSharkEntityForge=2, death_CommonOctopusEntityForge_mob_by_SandtigerSharkEntityForge=1, death_GreenSeaTurtleEntityForge_mob_by_GreatWhiteSharkEntityForge=1, death_HarborSealEntityForge_mob_by_TigerSharkEntityForge=1, living_deaths=28, navigation_calls=51954, sensor_calls=72116}	112	126
16000	669612216	{AmericanLobsterEntityForge=20, AtlanticCodEntityForge=16, AtlanticSalmonEntityForge=16, BlackSeaNettleJellyfishEntityForge=2, BlacktipReefSharkEntityForge=6, BottlenoseDolphinEntityForge=8, CannonballJellyfishEntityForge=4, CaribbeanReefOctopusEntityForge=4, CommonOctopusEntityForge=6, CommonStingrayEntityForge=6, CommonThresherSharkEntityForge=2, GiantMorayEelEntityForge=8, GreatHammerheadSharkEntityForge=2, GreatWhiteSharkEntityForge=2, GreenSeaTurtleEntityForge=6, HarborSealEntityForge=6, NautilusEntityForge=2, OceanicWhitetipSharkEntityForge=2, OrcaEntityForge=2, SandtigerSharkEntityForge=2, ShortfinMakoSharkEntityForge=2, TigerSharkEntityForge=2}	{AmericanLobsterEntityForge=300, AtlanticCodEntityForge=300, AtlanticSalmonEntityForge=300, BlackSeaNettleJellyfishEntityForge=300, BlacktipReefSharkEntityForge=300, BottlenoseDolphinEntityForge=700, CannonballJellyfishEntityForge=300, CaribbeanReefOctopusEntityForge=300, CommonOctopusEntityForge=300, CommonStingrayEntityForge=300, CommonThresherSharkEntityForge=300, GiantMorayEelEntityForge=300, GreatHammerheadSharkEntityForge=300, GreatWhiteSharkEntityForge=300, GreenSeaTurtleEntityForge=300, HarborSealEntityForge=300, NautilusEntityForge=300, OceanicWhitetipSharkEntityForge=300, OrcaEntityForge=700, SandtigerSharkEntityForge=300, ShortfinMakoSharkEntityForge=300, TigerSharkEntityForge=300}	11	{death_AmericanLobsterEntityForge_mob_by_BlacktipReefSharkEntityForge=2, death_AmericanLobsterEntityForge_mob_by_CommonStingrayEntityForge=1, death_AmericanLobsterEntityForge_mob_by_SandtigerSharkEntityForge=1, death_AmericanLobsterEntityForge_mob_by_TigerSharkEntityForge=1, death_AtlanticCodEntityForge_mob_by_BlacktipReefSharkEntityForge=2, death_AtlanticCodEntityForge_mob_by_CommonThresherSharkEntityForge=1, death_AtlanticCodEntityForge_mob_by_SandtigerSharkEntityForge=1, death_AtlanticCodEntityForge_mob_by_ShortfinMakoSharkEntityForge=1, death_AtlanticSalmonEntityForge_mob_by_BlacktipReefSharkEntityForge=3, death_AtlanticSalmonEntityForge_mob_by_CommonThresherSharkEntityForge=2, death_AtlanticSalmonEntityForge_mob_by_GreatHammerheadSharkEntityForge=1, death_AtlanticSalmonEntityForge_mob_by_OceanicWhitetipSharkEntityForge=1, death_BottlenoseDolphinEntityForge_mob_by_GreatWhiteSharkEntityForge=1, death_BottlenoseDolphinEntityForge_mob_by_OceanicWhitetipSharkEntityForge=2, death_BottlenoseDolphinEntityForge_mob_by_ShortfinMakoSharkEntityForge=1, death_CaribbeanReefOctopusEntityForge_mob_by_BlacktipReefSharkEntityForge=1, death_CaribbeanReefOctopusEntityForge_mob_by_CommonStingrayEntityForge=1, death_CaribbeanReefOctopusEntityForge_mob_by_GreatHammerheadSharkEntityForge=2, death_CommonOctopusEntityForge_mob_by_SandtigerSharkEntityForge=1, death_GreenSeaTurtleEntityForge_mob_by_GreatWhiteSharkEntityForge=1, death_HarborSealEntityForge_mob_by_TigerSharkEntityForge=1, living_deaths=28, navigation_calls=52570, sensor_calls=73063}	116	126
16200	834238648	{AmericanLobsterEntityForge=20, AtlanticCodEntityForge=16, AtlanticSalmonEntityForge=16, BlackSeaNettleJellyfishEntityForge=2, BlacktipReefSharkEntityForge=6, BottlenoseDolphinEntityForge=8, CannonballJellyfishEntityForge=4, CaribbeanReefOctopusEntityForge=4, CommonOctopusEntityForge=6, CommonStingrayEntityForge=6, CommonThresherSharkEntityForge=2, GiantMorayEelEntityForge=8, GreatHammerheadSharkEntityForge=2, GreatWhiteSharkEntityForge=2, GreenSeaTurtleEntityForge=6, HarborSealEntityForge=6, NautilusEntityForge=2, OceanicWhitetipSharkEntityForge=2, OrcaEntityForge=2, SandtigerSharkEntityForge=2, ShortfinMakoSharkEntityForge=2, TigerSharkEntityForge=2}	{AmericanLobsterEntityForge=300, AtlanticCodEntityForge=300, AtlanticSalmonEntityForge=300, BlackSeaNettleJellyfishEntityForge=300, BlacktipReefSharkEntityForge=300, BottlenoseDolphinEntityForge=700, CannonballJellyfishEntityForge=300, CaribbeanReefOctopusEntityForge=300, CommonOctopusEntityForge=300, CommonStingrayEntityForge=300, CommonThresherSharkEntityForge=300, GiantMorayEelEntityForge=300, GreatHammerheadSharkEntityForge=300, GreatWhiteSharkEntityForge=300, GreenSeaTurtleEntityForge=300, HarborSealEntityForge=300, NautilusEntityForge=300, OceanicWhitetipSharkEntityForge=300, OrcaEntityForge=700, SandtigerSharkEntityForge=300, ShortfinMakoSharkEntityForge=300, TigerSharkEntityForge=300}	11	{death_AmericanLobsterEntityForge_mob_by_BlacktipReefSharkEntityForge=2, death_AmericanLobsterEntityForge_mob_by_CommonStingrayEntityForge=1, death_AmericanLobsterEntityForge_mob_by_SandtigerSharkEntityForge=1, death_AmericanLobsterEntityForge_mob_by_TigerSharkEntityForge=1, death_AtlanticCodEntityForge_mob_by_BlacktipReefSharkEntityForge=2, death_AtlanticCodEntityForge_mob_by_CommonThresherSharkEntityForge=1, death_AtlanticCodEntityForge_mob_by_SandtigerSharkEntityForge=1, death_AtlanticCodEntityForge_mob_by_ShortfinMakoSharkEntityForge=1, death_AtlanticSalmonEntityForge_mob_by_BlacktipReefSharkEntityForge=3, death_AtlanticSalmonEntityForge_mob_by_CommonThresherSharkEntityForge=2, death_AtlanticSalmonEntityForge_mob_by_GreatHammerheadSharkEntityForge=1, death_AtlanticSalmonEntityForge_mob_by_OceanicWhitetipSharkEntityForge=1, death_BottlenoseDolphinEntityForge_mob_by_GreatWhiteSharkEntityForge=1, death_BottlenoseDolphinEntityForge_mob_by_OceanicWhitetipSharkEntityForge=2, death_BottlenoseDolphinEntityForge_mob_by_ShortfinMakoSharkEntityForge=1, death_CaribbeanReefOctopusEntityForge_mob_by_BlacktipReefSharkEntityForge=1, death_CaribbeanReefOctopusEntityForge_mob_by_CommonStingrayEntityForge=1, death_CaribbeanReefOctopusEntityForge_mob_by_GreatHammerheadSharkEntityForge=2, death_CommonOctopusEntityForge_mob_by_SandtigerSharkEntityForge=1, death_GreenSeaTurtleEntityForge_mob_by_GreatWhiteSharkEntityForge=1, death_HarborSealEntityForge_mob_by_TigerSharkEntityForge=1, living_deaths=28, navigation_calls=53158, sensor_calls=73942}	113	126
16400	996767928	{AmericanLobsterEntityForge=20, AtlanticCodEntityForge=16, AtlanticSalmonEntityForge=16, BlackSeaNettleJellyfishEntityForge=2, BlacktipReefSharkEntityForge=6, BottlenoseDolphinEntityForge=8, CannonballJellyfishEntityForge=4, CaribbeanReefOctopusEntityForge=4, CommonOctopusEntityForge=6, CommonStingrayEntityForge=6, CommonThresherSharkEntityForge=2, GiantMorayEelEntityForge=8, GreatHammerheadSharkEntityForge=2, GreatWhiteSharkEntityForge=2, GreenSeaTurtleEntityForge=6, HarborSealEntityForge=6, NautilusEntityForge=2, OceanicWhitetipSharkEntityForge=2, OrcaEntityForge=2, SandtigerSharkEntityForge=2, ShortfinMakoSharkEntityForge=2, TigerSharkEntityForge=2}	{AmericanLobsterEntityForge=300, AtlanticCodEntityForge=300, AtlanticSalmonEntityForge=300, BlackSeaNettleJellyfishEntityForge=300, BlacktipReefSharkEntityForge=300, BottlenoseDolphinEntityForge=700, CannonballJellyfishEntityForge=300, CaribbeanReefOctopusEntityForge=300, CommonOctopusEntityForge=300, CommonStingrayEntityForge=300, CommonThresherSharkEntityForge=300, GiantMorayEelEntityForge=300, GreatHammerheadSharkEntityForge=300, GreatWhiteSharkEntityForge=300, GreenSeaTurtleEntityForge=300, HarborSealEntityForge=300, NautilusEntityForge=300, OceanicWhitetipSharkEntityForge=300, OrcaEntityForge=700, SandtigerSharkEntityForge=300, ShortfinMakoSharkEntityForge=300, TigerSharkEntityForge=300}	11	{death_AmericanLobsterEntityForge_mob_by_BlacktipReefSharkEntityForge=2, death_AmericanLobsterEntityForge_mob_by_CommonStingrayEntityForge=1, death_AmericanLobsterEntityForge_mob_by_SandtigerSharkEntityForge=1, death_AmericanLobsterEntityForge_mob_by_TigerSharkEntityForge=1, death_AtlanticCodEntityForge_mob_by_BlacktipReefSharkEntityForge=2, death_AtlanticCodEntityForge_mob_by_CommonThresherSharkEntityForge=1, death_AtlanticCodEntityForge_mob_by_SandtigerSharkEntityForge=1, death_AtlanticCodEntityForge_mob_by_ShortfinMakoSharkEntityForge=1, death_AtlanticSalmonEntityForge_mob_by_BlacktipReefSharkEntityForge=3, death_AtlanticSalmonEntityForge_mob_by_CommonThresherSharkEntityForge=2, death_AtlanticSalmonEntityForge_mob_by_GreatHammerheadSharkEntityForge=1, death_AtlanticSalmonEntityForge_mob_by_OceanicWhitetipSharkEntityForge=1, death_BottlenoseDolphinEntityForge_mob_by_GreatWhiteSharkEntityForge=1, death_BottlenoseDolphinEntityForge_mob_by_OceanicWhitetipSharkEntityForge=2, death_BottlenoseDolphinEntityForge_mob_by_ShortfinMakoSharkEntityForge=1, death_CaribbeanReefOctopusEntityForge_mob_by_BlacktipReefSharkEntityForge=1, death_CaribbeanReefOctopusEntityForge_mob_by_CommonStingrayEntityForge=1, death_CaribbeanReefOctopusEntityForge_mob_by_GreatHammerheadSharkEntityForge=2, death_CommonOctopusEntityForge_mob_by_SandtigerSharkEntityForge=1, death_GreenSeaTurtleEntityForge_mob_by_GreatWhiteSharkEntityForge=1, death_HarborSealEntityForge_mob_by_TigerSharkEntityForge=1, living_deaths=28, navigation_calls=53756, sensor_calls=74888}	114	126
16600	1179220152	{AmericanLobsterEntityForge=20, AtlanticCodEntityForge=16, AtlanticSalmonEntityForge=16, BlackSeaNettleJellyfishEntityForge=2, BlacktipReefSharkEntityForge=6, BottlenoseDolphinEntityForge=8, CannonballJellyfishEntityForge=4, CaribbeanReefOctopusEntityForge=4, CommonOctopusEntityForge=6, CommonStingrayEntityForge=6, CommonThresherSharkEntityForge=2, GiantMorayEelEntityForge=8, GreatHammerheadSharkEntityForge=2, GreatWhiteSharkEntityForge=2, GreenSeaTurtleEntityForge=6, HarborSealEntityForge=6, NautilusEntityForge=2, OceanicWhitetipSharkEntityForge=2, OrcaEntityForge=2, SandtigerSharkEntityForge=2, ShortfinMakoSharkEntityForge=2, TigerSharkEntityForge=2}	{AmericanLobsterEntityForge=300, AtlanticCodEntityForge=300, AtlanticSalmonEntityForge=300, BlackSeaNettleJellyfishEntityForge=300, BlacktipReefSharkEntityForge=300, BottlenoseDolphinEntityForge=700, CannonballJellyfishEntityForge=300, CaribbeanReefOctopusEntityForge=300, CommonOctopusEntityForge=300, CommonStingrayEntityForge=300, CommonThresherSharkEntityForge=300, GiantMorayEelEntityForge=300, GreatHammerheadSharkEntityForge=300, GreatWhiteSharkEntityForge=300, GreenSeaTurtleEntityForge=300, HarborSealEntityForge=300, NautilusEntityForge=300, OceanicWhitetipSharkEntityForge=300, OrcaEntityForge=700, SandtigerSharkEntityForge=300, ShortfinMakoSharkEntityForge=300, TigerSharkEntityForge=300}	11	{death_AmericanLobsterEntityForge_mob_by_BlacktipReefSharkEntityForge=2, death_AmericanLobsterEntityForge_mob_by_CommonStingrayEntityForge=1, death_AmericanLobsterEntityForge_mob_by_SandtigerSharkEntityForge=1, death_AmericanLobsterEntityForge_mob_by_TigerSharkEntityForge=1, death_AtlanticCodEntityForge_mob_by_BlacktipReefSharkEntityForge=2, death_AtlanticCodEntityForge_mob_by_CommonThresherSharkEntityForge=1, death_AtlanticCodEntityForge_mob_by_SandtigerSharkEntityForge=1, death_AtlanticCodEntityForge_mob_by_ShortfinMakoSharkEntityForge=1, death_AtlanticSalmonEntityForge_mob_by_BlacktipReefSharkEntityForge=3, death_AtlanticSalmonEntityForge_mob_by_CommonThresherSharkEntityForge=2, death_AtlanticSalmonEntityForge_mob_by_GreatHammerheadSharkEntityForge=1, death_AtlanticSalmonEntityForge_mob_by_OceanicWhitetipSharkEntityForge=1, death_BottlenoseDolphinEntityForge_mob_by_GreatWhiteSharkEntityForge=1, death_BottlenoseDolphinEntityForge_mob_by_OceanicWhitetipSharkEntityForge=2, death_BottlenoseDolphinEntityForge_mob_by_ShortfinMakoSharkEntityForge=1, death_CaribbeanReefOctopusEntityForge_mob_by_BlacktipReefSharkEntityForge=1, death_CaribbeanReefOctopusEntityForge_mob_by_CommonStingrayEntityForge=1, death_CaribbeanReefOctopusEntityForge_mob_by_GreatHammerheadSharkEntityForge=2, death_CommonOctopusEntityForge_mob_by_SandtigerSharkEntityForge=1, death_GreenSeaTurtleEntityForge_mob_by_GreatWhiteSharkEntityForge=1, death_HarborSealEntityForge_mob_by_TigerSharkEntityForge=1, living_deaths=28, navigation_calls=54478, sensor_calls=75768}	114	126
16800	1342798008	{AmericanLobsterEntityForge=20, AtlanticCodEntityForge=16, AtlanticSalmonEntityForge=16, BlackSeaNettleJellyfishEntityForge=2, BlacktipReefSharkEntityForge=6, BottlenoseDolphinEntityForge=8, CannonballJellyfishEntityForge=4, CaribbeanReefOctopusEntityForge=4, CommonOctopusEntityForge=6, CommonStingrayEntityForge=6, CommonThresherSharkEntityForge=2, GiantMorayEelEntityForge=8, GreatHammerheadSharkEntityForge=2, GreatWhiteSharkEntityForge=2, GreenSeaTurtleEntityForge=6, HarborSealEntityForge=6, NautilusEntityForge=2, OceanicWhitetipSharkEntityForge=2, OrcaEntityForge=2, SandtigerSharkEntityForge=2, ShortfinMakoSharkEntityForge=2, TigerSharkEntityForge=2}	{AmericanLobsterEntityForge=300, AtlanticCodEntityForge=300, AtlanticSalmonEntityForge=300, BlackSeaNettleJellyfishEntityForge=300, BlacktipReefSharkEntityForge=300, BottlenoseDolphinEntityForge=700, CannonballJellyfishEntityForge=300, CaribbeanReefOctopusEntityForge=300, CommonOctopusEntityForge=300, CommonStingrayEntityForge=300, CommonThresherSharkEntityForge=300, GiantMorayEelEntityForge=300, GreatHammerheadSharkEntityForge=300, GreatWhiteSharkEntityForge=300, GreenSeaTurtleEntityForge=300, HarborSealEntityForge=300, NautilusEntityForge=300, OceanicWhitetipSharkEntityForge=300, OrcaEntityForge=700, SandtigerSharkEntityForge=300, ShortfinMakoSharkEntityForge=300, TigerSharkEntityForge=300}	11	{death_AmericanLobsterEntityForge_mob_by_BlacktipReefSharkEntityForge=2, death_AmericanLobsterEntityForge_mob_by_CommonStingrayEntityForge=1, death_AmericanLobsterEntityForge_mob_by_SandtigerSharkEntityForge=1, death_AmericanLobsterEntityForge_mob_by_TigerSharkEntityForge=1, death_AtlanticCodEntityForge_mob_by_BlacktipReefSharkEntityForge=2, death_AtlanticCodEntityForge_mob_by_CommonThresherSharkEntityForge=1, death_AtlanticCodEntityForge_mob_by_SandtigerSharkEntityForge=1, death_AtlanticCodEntityForge_mob_by_ShortfinMakoSharkEntityForge=1, death_AtlanticSalmonEntityForge_mob_by_BlacktipReefSharkEntityForge=3, death_AtlanticSalmonEntityForge_mob_by_CommonThresherSharkEntityForge=2, death_AtlanticSalmonEntityForge_mob_by_GreatHammerheadSharkEntityForge=1, death_AtlanticSalmonEntityForge_mob_by_OceanicWhitetipSharkEntityForge=1, death_BottlenoseDolphinEntityForge_mob_by_GreatWhiteSharkEntityForge=1, death_BottlenoseDolphinEntityForge_mob_by_OceanicWhitetipSharkEntityForge=2, death_BottlenoseDolphinEntityForge_mob_by_ShortfinMakoSharkEntityForge=1, death_CaribbeanReefOctopusEntityForge_mob_by_BlacktipReefSharkEntityForge=1, death_CaribbeanReefOctopusEntityForge_mob_by_CommonStingrayEntityForge=1, death_CaribbeanReefOctopusEntityForge_mob_by_GreatHammerheadSharkEntityForge=2, death_CommonOctopusEntityForge_mob_by_SandtigerSharkEntityForge=1, death_GreenSeaTurtleEntityForge_mob_by_GreatWhiteSharkEntityForge=1, death_HarborSealEntityForge_mob_by_TigerSharkEntityForge=1, living_deaths=28, navigation_calls=55119, sensor_calls=76715}	116	126
17000	1506375864	{AmericanLobsterEntityForge=20, AtlanticCodEntityForge=16, AtlanticSalmonEntityForge=16, BlackSeaNettleJellyfishEntityForge=2, BlacktipReefSharkEntityForge=6, BottlenoseDolphinEntityForge=8, CannonballJellyfishEntityForge=4, CaribbeanReefOctopusEntityForge=4, CommonOctopusEntityForge=6, CommonStingrayEntityForge=6, CommonThresherSharkEntityForge=2, GiantMorayEelEntityForge=8, GreatHammerheadSharkEntityForge=2, GreatWhiteSharkEntityForge=2, GreenSeaTurtleEntityForge=6, HarborSealEntityForge=6, NautilusEntityForge=2, OceanicWhitetipSharkEntityForge=2, OrcaEntityForge=2, SandtigerSharkEntityForge=2, ShortfinMakoSharkEntityForge=2, TigerSharkEntityForge=2}	{AmericanLobsterEntityForge=300, AtlanticCodEntityForge=300, AtlanticSalmonEntityForge=300, BlackSeaNettleJellyfishEntityForge=300, BlacktipReefSharkEntityForge=300, BottlenoseDolphinEntityForge=700, CannonballJellyfishEntityForge=300, CaribbeanReefOctopusEntityForge=300, CommonOctopusEntityForge=300, CommonStingrayEntityForge=300, CommonThresherSharkEntityForge=300, GiantMorayEelEntityForge=300, GreatHammerheadSharkEntityForge=300, GreatWhiteSharkEntityForge=300, GreenSeaTurtleEntityForge=300, HarborSealEntityForge=300, NautilusEntityForge=300, OceanicWhitetipSharkEntityForge=300, OrcaEntityForge=700, SandtigerSharkEntityForge=300, ShortfinMakoSharkEntityForge=300, TigerSharkEntityForge=300}	11	{death_AmericanLobsterEntityForge_mob_by_BlacktipReefSharkEntityForge=2, death_AmericanLobsterEntityForge_mob_by_CommonStingrayEntityForge=1, death_AmericanLobsterEntityForge_mob_by_SandtigerSharkEntityForge=1, death_AmericanLobsterEntityForge_mob_by_TigerSharkEntityForge=1, death_AtlanticCodEntityForge_mob_by_BlacktipReefSharkEntityForge=2, death_AtlanticCodEntityForge_mob_by_CommonThresherSharkEntityForge=1, death_AtlanticCodEntityForge_mob_by_SandtigerSharkEntityForge=1, death_AtlanticCodEntityForge_mob_by_ShortfinMakoSharkEntityForge=1, death_AtlanticSalmonEntityForge_mob_by_BlacktipReefSharkEntityForge=3, death_AtlanticSalmonEntityForge_mob_by_CommonThresherSharkEntityForge=2, death_AtlanticSalmonEntityForge_mob_by_GreatHammerheadSharkEntityForge=1, death_AtlanticSalmonEntityForge_mob_by_OceanicWhitetipSharkEntityForge=1, death_BottlenoseDolphinEntityForge_mob_by_GreatWhiteSharkEntityForge=1, death_BottlenoseDolphinEntityForge_mob_by_OceanicWhitetipSharkEntityForge=2, death_BottlenoseDolphinEntityForge_mob_by_ShortfinMakoSharkEntityForge=1, death_CaribbeanReefOctopusEntityForge_mob_by_BlacktipReefSharkEntityForge=1, death_CaribbeanReefOctopusEntityForge_mob_by_CommonStingrayEntityForge=1, death_CaribbeanReefOctopusEntityForge_mob_by_GreatHammerheadSharkEntityForge=2, death_CommonOctopusEntityForge_mob_by_SandtigerSharkEntityForge=1, death_GreenSeaTurtleEntityForge_mob_by_GreatWhiteSharkEntityForge=1, death_HarborSealEntityForge_mob_by_TigerSharkEntityForge=1, living_deaths=28, navigation_calls=55712, sensor_calls=77594}	107	126
17200	389390192	{AmericanLobsterEntityForge=20, AtlanticCodEntityForge=16, AtlanticSalmonEntityForge=16, BlackSeaNettleJellyfishEntityForge=2, BlacktipReefSharkEntityForge=6, BottlenoseDolphinEntityForge=8, CannonballJellyfishEntityForge=4, CaribbeanReefOctopusEntityForge=4, CommonOctopusEntityForge=6, CommonStingrayEntityForge=6, CommonThresherSharkEntityForge=2, GiantMorayEelEntityForge=8, GreatHammerheadSharkEntityForge=2, GreatWhiteSharkEntityForge=2, GreenSeaTurtleEntityForge=6, HarborSealEntityForge=6, NautilusEntityForge=2, OceanicWhitetipSharkEntityForge=2, OrcaEntityForge=2, SandtigerSharkEntityForge=2, ShortfinMakoSharkEntityForge=2, TigerSharkEntityForge=2}	{AmericanLobsterEntityForge=300, AtlanticCodEntityForge=300, AtlanticSalmonEntityForge=300, BlackSeaNettleJellyfishEntityForge=300, BlacktipReefSharkEntityForge=300, BottlenoseDolphinEntityForge=700, CannonballJellyfishEntityForge=300, CaribbeanReefOctopusEntityForge=300, CommonOctopusEntityForge=300, CommonStingrayEntityForge=300, CommonThresherSharkEntityForge=300, GiantMorayEelEntityForge=300, GreatHammerheadSharkEntityForge=300, GreatWhiteSharkEntityForge=300, GreenSeaTurtleEntityForge=300, HarborSealEntityForge=300, NautilusEntityForge=300, OceanicWhitetipSharkEntityForge=300, OrcaEntityForge=700, SandtigerSharkEntityForge=300, ShortfinMakoSharkEntityForge=300, TigerSharkEntityForge=300}	11	{death_AmericanLobsterEntityForge_mob_by_BlacktipReefSharkEntityForge=2, death_AmericanLobsterEntityForge_mob_by_CommonStingrayEntityForge=1, death_AmericanLobsterEntityForge_mob_by_SandtigerSharkEntityForge=1, death_AmericanLobsterEntityForge_mob_by_TigerSharkEntityForge=1, death_AtlanticCodEntityForge_mob_by_BlacktipReefSharkEntityForge=2, death_AtlanticCodEntityForge_mob_by_CommonThresherSharkEntityForge=1, death_AtlanticCodEntityForge_mob_by_SandtigerSharkEntityForge=1, death_AtlanticCodEntityForge_mob_by_ShortfinMakoSharkEntityForge=1, death_AtlanticSalmonEntityForge_mob_by_BlacktipReefSharkEntityForge=3, death_AtlanticSalmonEntityForge_mob_by_CommonThresherSharkEntityForge=2, death_AtlanticSalmonEntityForge_mob_by_GreatHammerheadSharkEntityForge=1, death_AtlanticSalmonEntityForge_mob_by_OceanicWhitetipSharkEntityForge=1, death_BottlenoseDolphinEntityForge_mob_by_GreatWhiteSharkEntityForge=1, death_BottlenoseDolphinEntityForge_mob_by_OceanicWhitetipSharkEntityForge=2, death_BottlenoseDolphinEntityForge_mob_by_ShortfinMakoSharkEntityForge=1, death_CaribbeanReefOctopusEntityForge_mob_by_BlacktipReefSharkEntityForge=1, death_CaribbeanReefOctopusEntityForge_mob_by_CommonStingrayEntityForge=1, death_CaribbeanReefOctopusEntityForge_mob_by_GreatHammerheadSharkEntityForge=2, death_CommonOctopusEntityForge_mob_by_SandtigerSharkEntityForge=1, death_GreenSeaTurtleEntityForge_mob_by_GreatWhiteSharkEntityForge=1, death_HarborSealEntityForge_mob_by_TigerSharkEntityForge=1, living_deaths=28, navigation_calls=56293, sensor_calls=78542}	108	126
17400	549822320	{AmericanLobsterEntityForge=20, AtlanticCodEntityForge=16, AtlanticSalmonEntityForge=16, BlackSeaNettleJellyfishEntityForge=2, BlacktipReefSharkEntityForge=6, BottlenoseDolphinEntityForge=8, CannonballJellyfishEntityForge=4, CaribbeanReefOctopusEntityForge=4, CommonOctopusEntityForge=6, CommonStingrayEntityForge=6, CommonThresherSharkEntityForge=2, GiantMorayEelEntityForge=8, GreatHammerheadSharkEntityForge=2, GreatWhiteSharkEntityForge=2, GreenSeaTurtleEntityForge=6, HarborSealEntityForge=6, NautilusEntityForge=2, OceanicWhitetipSharkEntityForge=2, OrcaEntityForge=2, SandtigerSharkEntityForge=2, ShortfinMakoSharkEntityForge=2, TigerSharkEntityForge=2}	{AmericanLobsterEntityForge=300, AtlanticCodEntityForge=300, AtlanticSalmonEntityForge=300, BlackSeaNettleJellyfishEntityForge=300, BlacktipReefSharkEntityForge=300, BottlenoseDolphinEntityForge=700, CannonballJellyfishEntityForge=300, CaribbeanReefOctopusEntityForge=300, CommonOctopusEntityForge=300, CommonStingrayEntityForge=300, CommonThresherSharkEntityForge=300, GiantMorayEelEntityForge=300, GreatHammerheadSharkEntityForge=300, GreatWhiteSharkEntityForge=300, GreenSeaTurtleEntityForge=300, HarborSealEntityForge=300, NautilusEntityForge=300, OceanicWhitetipSharkEntityForge=300, OrcaEntityForge=700, SandtigerSharkEntityForge=300, ShortfinMakoSharkEntityForge=300, TigerSharkEntityForge=300}	11	{death_AmericanLobsterEntityForge_mob_by_BlacktipReefSharkEntityForge=2, death_AmericanLobsterEntityForge_mob_by_CommonStingrayEntityForge=1, death_AmericanLobsterEntityForge_mob_by_SandtigerSharkEntityForge=1, death_AmericanLobsterEntityForge_mob_by_TigerSharkEntityForge=1, death_AtlanticCodEntityForge_mob_by_BlacktipReefSharkEntityForge=2, death_AtlanticCodEntityForge_mob_by_CommonThresherSharkEntityForge=1, death_AtlanticCodEntityForge_mob_by_SandtigerSharkEntityForge=1, death_AtlanticCodEntityForge_mob_by_ShortfinMakoSharkEntityForge=1, death_AtlanticSalmonEntityForge_mob_by_BlacktipReefSharkEntityForge=3, death_AtlanticSalmonEntityForge_mob_by_CommonThresherSharkEntityForge=2, death_AtlanticSalmonEntityForge_mob_by_GreatHammerheadSharkEntityForge=1, death_AtlanticSalmonEntityForge_mob_by_OceanicWhitetipSharkEntityForge=1, death_BottlenoseDolphinEntityForge_mob_by_GreatWhiteSharkEntityForge=1, death_BottlenoseDolphinEntityForge_mob_by_OceanicWhitetipSharkEntityForge=2, death_BottlenoseDolphinEntityForge_mob_by_ShortfinMakoSharkEntityForge=1, death_CaribbeanReefOctopusEntityForge_mob_by_BlacktipReefSharkEntityForge=1, death_CaribbeanReefOctopusEntityForge_mob_by_CommonStingrayEntityForge=1, death_CaribbeanReefOctopusEntityForge_mob_by_GreatHammerheadSharkEntityForge=2, death_CommonOctopusEntityForge_mob_by_SandtigerSharkEntityForge=1, death_GreenSeaTurtleEntityForge_mob_by_GreatWhiteSharkEntityForge=1, death_HarborSealEntityForge_mob_by_TigerSharkEntityForge=1, living_deaths=28, navigation_calls=56900, sensor_calls=79418}	111	126
17600	706060144	{AmericanLobsterEntityForge=20, AtlanticCodEntityForge=16, AtlanticSalmonEntityForge=16, BlackSeaNettleJellyfishEntityForge=2, BlacktipReefSharkEntityForge=6, BottlenoseDolphinEntityForge=8, CannonballJellyfishEntityForge=4, CaribbeanReefOctopusEntityForge=4, CommonOctopusEntityForge=6, CommonStingrayEntityForge=6, CommonThresherSharkEntityForge=2, GiantMorayEelEntityForge=8, GreatHammerheadSharkEntityForge=2, GreatWhiteSharkEntityForge=2, GreenSeaTurtleEntityForge=6, HarborSealEntityForge=6, NautilusEntityForge=2, OceanicWhitetipSharkEntityForge=2, OrcaEntityForge=2, SandtigerSharkEntityForge=2, ShortfinMakoSharkEntityForge=2, TigerSharkEntityForge=2}	{AmericanLobsterEntityForge=300, AtlanticCodEntityForge=300, AtlanticSalmonEntityForge=300, BlackSeaNettleJellyfishEntityForge=300, BlacktipReefSharkEntityForge=300, BottlenoseDolphinEntityForge=700, CannonballJellyfishEntityForge=300, CaribbeanReefOctopusEntityForge=300, CommonOctopusEntityForge=300, CommonStingrayEntityForge=300, CommonThresherSharkEntityForge=300, GiantMorayEelEntityForge=300, GreatHammerheadSharkEntityForge=300, GreatWhiteSharkEntityForge=300, GreenSeaTurtleEntityForge=300, HarborSealEntityForge=300, NautilusEntityForge=300, OceanicWhitetipSharkEntityForge=300, OrcaEntityForge=700, SandtigerSharkEntityForge=300, ShortfinMakoSharkEntityForge=300, TigerSharkEntityForge=300}	11	{death_AmericanLobsterEntityForge_mob_by_BlacktipReefSharkEntityForge=2, death_AmericanLobsterEntityForge_mob_by_CommonStingrayEntityForge=1, death_AmericanLobsterEntityForge_mob_by_SandtigerSharkEntityForge=1, death_AmericanLobsterEntityForge_mob_by_TigerSharkEntityForge=1, death_AtlanticCodEntityForge_mob_by_BlacktipReefSharkEntityForge=2, death_AtlanticCodEntityForge_mob_by_CommonThresherSharkEntityForge=1, death_AtlanticCodEntityForge_mob_by_SandtigerSharkEntityForge=1, death_AtlanticCodEntityForge_mob_by_ShortfinMakoSharkEntityForge=1, death_AtlanticSalmonEntityForge_mob_by_BlacktipReefSharkEntityForge=3, death_AtlanticSalmonEntityForge_mob_by_CommonThresherSharkEntityForge=2, death_AtlanticSalmonEntityForge_mob_by_GreatHammerheadSharkEntityForge=1, death_AtlanticSalmonEntityForge_mob_by_OceanicWhitetipSharkEntityForge=1, death_BottlenoseDolphinEntityForge_mob_by_GreatWhiteSharkEntityForge=1, death_BottlenoseDolphinEntityForge_mob_by_OceanicWhitetipSharkEntityForge=2, death_BottlenoseDolphinEntityForge_mob_by_ShortfinMakoSharkEntityForge=1, death_CaribbeanReefOctopusEntityForge_mob_by_BlacktipReefSharkEntityForge=1, death_CaribbeanReefOctopusEntityForge_mob_by_CommonStingrayEntityForge=1, death_CaribbeanReefOctopusEntityForge_mob_by_GreatHammerheadSharkEntityForge=2, death_CommonOctopusEntityForge_mob_by_SandtigerSharkEntityForge=1, death_GreenSeaTurtleEntityForge_mob_by_GreatWhiteSharkEntityForge=1, death_HarborSealEntityForge_mob_by_TigerSharkEntityForge=1, living_deaths=28, navigation_calls=57559, sensor_calls=80367}	103	126
17800	861249392	{AmericanLobsterEntityForge=20, AtlanticCodEntityForge=16, AtlanticSalmonEntityForge=16, BlackSeaNettleJellyfishEntityForge=2, BlacktipReefSharkEntityForge=6, BottlenoseDolphinEntityForge=8, CannonballJellyfishEntityForge=4, CaribbeanReefOctopusEntityForge=4, CommonOctopusEntityForge=6, CommonStingrayEntityForge=6, CommonThresherSharkEntityForge=2, GiantMorayEelEntityForge=8, GreatHammerheadSharkEntityForge=2, GreatWhiteSharkEntityForge=2, GreenSeaTurtleEntityForge=6, HarborSealEntityForge=6, NautilusEntityForge=2, OceanicWhitetipSharkEntityForge=2, OrcaEntityForge=2, SandtigerSharkEntityForge=2, ShortfinMakoSharkEntityForge=2, TigerSharkEntityForge=2}	{AmericanLobsterEntityForge=300, AtlanticCodEntityForge=300, AtlanticSalmonEntityForge=300, BlackSeaNettleJellyfishEntityForge=300, BlacktipReefSharkEntityForge=300, BottlenoseDolphinEntityForge=700, CannonballJellyfishEntityForge=300, CaribbeanReefOctopusEntityForge=300, CommonOctopusEntityForge=300, CommonStingrayEntityForge=300, CommonThresherSharkEntityForge=300, GiantMorayEelEntityForge=300, GreatHammerheadSharkEntityForge=300, GreatWhiteSharkEntityForge=300, GreenSeaTurtleEntityForge=300, HarborSealEntityForge=300, NautilusEntityForge=300, OceanicWhitetipSharkEntityForge=300, OrcaEntityForge=700, SandtigerSharkEntityForge=300, ShortfinMakoSharkEntityForge=300, TigerSharkEntityForge=300}	11	{death_AmericanLobsterEntityForge_mob_by_BlacktipReefSharkEntityForge=2, death_AmericanLobsterEntityForge_mob_by_CommonStingrayEntityForge=1, death_AmericanLobsterEntityForge_mob_by_SandtigerSharkEntityForge=1, death_AmericanLobsterEntityForge_mob_by_TigerSharkEntityForge=1, death_AtlanticCodEntityForge_mob_by_BlacktipReefSharkEntityForge=2, death_AtlanticCodEntityForge_mob_by_CommonThresherSharkEntityForge=1, death_AtlanticCodEntityForge_mob_by_SandtigerSharkEntityForge=1, death_AtlanticCodEntityForge_mob_by_ShortfinMakoSharkEntityForge=1, death_AtlanticSalmonEntityForge_mob_by_BlacktipReefSharkEntityForge=3, death_AtlanticSalmonEntityForge_mob_by_CommonThresherSharkEntityForge=2, death_AtlanticSalmonEntityForge_mob_by_GreatHammerheadSharkEntityForge=1, death_AtlanticSalmonEntityForge_mob_by_OceanicWhitetipSharkEntityForge=1, death_BottlenoseDolphinEntityForge_mob_by_GreatWhiteSharkEntityForge=1, death_BottlenoseDolphinEntityForge_mob_by_OceanicWhitetipSharkEntityForge=2, death_BottlenoseDolphinEntityForge_mob_by_ShortfinMakoSharkEntityForge=1, death_CaribbeanReefOctopusEntityForge_mob_by_BlacktipReefSharkEntityForge=1, death_CaribbeanReefOctopusEntityForge_mob_by_CommonStingrayEntityForge=1, death_CaribbeanReefOctopusEntityForge_mob_by_GreatHammerheadSharkEntityForge=2, death_CommonOctopusEntityForge_mob_by_SandtigerSharkEntityForge=1, death_GreenSeaTurtleEntityForge_mob_by_GreatWhiteSharkEntityForge=1, death_HarborSealEntityForge_mob_by_TigerSharkEntityForge=1, living_deaths=28, navigation_calls=58163, sensor_calls=81242}	104	126
18000	1017487216	{AmericanLobsterEntityForge=20, AtlanticCodEntityForge=16, AtlanticSalmonEntityForge=16, BlackSeaNettleJellyfishEntityForge=2, BlacktipReefSharkEntityForge=6, BottlenoseDolphinEntityForge=8, CannonballJellyfishEntityForge=4, CaribbeanReefOctopusEntityForge=4, CommonOctopusEntityForge=6, CommonStingrayEntityForge=6, CommonThresherSharkEntityForge=2, GiantMorayEelEntityForge=8, GreatHammerheadSharkEntityForge=2, GreatWhiteSharkEntityForge=2, GreenSeaTurtleEntityForge=6, HarborSealEntityForge=6, NautilusEntityForge=2, OceanicWhitetipSharkEntityForge=2, OrcaEntityForge=2, SandtigerSharkEntityForge=2, ShortfinMakoSharkEntityForge=2, TigerSharkEntityForge=2}	{AmericanLobsterEntityForge=300, AtlanticCodEntityForge=300, AtlanticSalmonEntityForge=300, BlackSeaNettleJellyfishEntityForge=300, BlacktipReefSharkEntityForge=300, BottlenoseDolphinEntityForge=700, CannonballJellyfishEntityForge=300, CaribbeanReefOctopusEntityForge=300, CommonOctopusEntityForge=300, CommonStingrayEntityForge=300, CommonThresherSharkEntityForge=300, GiantMorayEelEntityForge=300, GreatHammerheadSharkEntityForge=300, GreatWhiteSharkEntityForge=300, GreenSeaTurtleEntityForge=300, HarborSealEntityForge=300, NautilusEntityForge=300, OceanicWhitetipSharkEntityForge=300, OrcaEntityForge=700, SandtigerSharkEntityForge=300, ShortfinMakoSharkEntityForge=300, TigerSharkEntityForge=300}	11	{death_AmericanLobsterEntityForge_mob_by_BlacktipReefSharkEntityForge=2, death_AmericanLobsterEntityForge_mob_by_CommonStingrayEntityForge=1, death_AmericanLobsterEntityForge_mob_by_SandtigerSharkEntityForge=1, death_AmericanLobsterEntityForge_mob_by_TigerSharkEntityForge=1, death_AtlanticCodEntityForge_mob_by_BlacktipReefSharkEntityForge=2, death_AtlanticCodEntityForge_mob_by_CommonThresherSharkEntityForge=1, death_AtlanticCodEntityForge_mob_by_SandtigerSharkEntityForge=1, death_AtlanticCodEntityForge_mob_by_ShortfinMakoSharkEntityForge=1, death_AtlanticSalmonEntityForge_mob_by_BlacktipReefSharkEntityForge=3, death_AtlanticSalmonEntityForge_mob_by_CommonThresherSharkEntityForge=2, death_AtlanticSalmonEntityForge_mob_by_GreatHammerheadSharkEntityForge=1, death_AtlanticSalmonEntityForge_mob_by_OceanicWhitetipSharkEntityForge=1, death_BottlenoseDolphinEntityForge_mob_by_GreatWhiteSharkEntityForge=1, death_BottlenoseDolphinEntityForge_mob_by_OceanicWhitetipSharkEntityForge=2, death_BottlenoseDolphinEntityForge_mob_by_ShortfinMakoSharkEntityForge=1, death_CaribbeanReefOctopusEntityForge_mob_by_BlacktipReefSharkEntityForge=1, death_CaribbeanReefOctopusEntityForge_mob_by_CommonStingrayEntityForge=1, death_CaribbeanReefOctopusEntityForge_mob_by_GreatHammerheadSharkEntityForge=2, death_CommonOctopusEntityForge_mob_by_SandtigerSharkEntityForge=1, death_GreenSeaTurtleEntityForge_mob_by_GreatWhiteSharkEntityForge=1, death_HarborSealEntityForge_mob_by_TigerSharkEntityForge=1, living_deaths=28, navigation_calls=58777, sensor_calls=82192}	106	126
18200	1172676464	{AmericanLobsterEntityForge=20, AtlanticCodEntityForge=16, AtlanticSalmonEntityForge=16, BlackSeaNettleJellyfishEntityForge=2, BlacktipReefSharkEntityForge=6, BottlenoseDolphinEntityForge=8, CannonballJellyfishEntityForge=4, CaribbeanReefOctopusEntityForge=4, CommonOctopusEntityForge=6, CommonStingrayEntityForge=6, CommonThresherSharkEntityForge=2, GiantMorayEelEntityForge=8, GreatHammerheadSharkEntityForge=2, GreatWhiteSharkEntityForge=2, GreenSeaTurtleEntityForge=6, HarborSealEntityForge=6, NautilusEntityForge=2, OceanicWhitetipSharkEntityForge=2, OrcaEntityForge=2, SandtigerSharkEntityForge=2, ShortfinMakoSharkEntityForge=2, TigerSharkEntityForge=2}	{AmericanLobsterEntityForge=300, AtlanticCodEntityForge=300, AtlanticSalmonEntityForge=300, BlackSeaNettleJellyfishEntityForge=300, BlacktipReefSharkEntityForge=300, BottlenoseDolphinEntityForge=700, CannonballJellyfishEntityForge=300, CaribbeanReefOctopusEntityForge=300, CommonOctopusEntityForge=300, CommonStingrayEntityForge=300, CommonThresherSharkEntityForge=300, GiantMorayEelEntityForge=300, GreatHammerheadSharkEntityForge=300, GreatWhiteSharkEntityForge=300, GreenSeaTurtleEntityForge=300, HarborSealEntityForge=300, NautilusEntityForge=300, OceanicWhitetipSharkEntityForge=300, OrcaEntityForge=700, SandtigerSharkEntityForge=300, ShortfinMakoSharkEntityForge=300, TigerSharkEntityForge=300}	11	{death_AmericanLobsterEntityForge_mob_by_BlacktipReefSharkEntityForge=2, death_AmericanLobsterEntityForge_mob_by_CommonStingrayEntityForge=1, death_AmericanLobsterEntityForge_mob_by_SandtigerSharkEntityForge=1, death_AmericanLobsterEntityForge_mob_by_TigerSharkEntityForge=1, death_AtlanticCodEntityForge_mob_by_BlacktipReefSharkEntityForge=2, death_AtlanticCodEntityForge_mob_by_CommonThresherSharkEntityForge=1, death_AtlanticCodEntityForge_mob_by_SandtigerSharkEntityForge=1, death_AtlanticCodEntityForge_mob_by_ShortfinMakoSharkEntityForge=1, death_AtlanticSalmonEntityForge_mob_by_BlacktipReefSharkEntityForge=3, death_AtlanticSalmonEntityForge_mob_by_CommonThresherSharkEntityForge=2, death_AtlanticSalmonEntityForge_mob_by_GreatHammerheadSharkEntityForge=1, death_AtlanticSalmonEntityForge_mob_by_OceanicWhitetipSharkEntityForge=1, death_BottlenoseDolphinEntityForge_mob_by_GreatWhiteSharkEntityForge=1, death_BottlenoseDolphinEntityForge_mob_by_OceanicWhitetipSharkEntityForge=2, death_BottlenoseDolphinEntityForge_mob_by_ShortfinMakoSharkEntityForge=1, death_CaribbeanReefOctopusEntityForge_mob_by_BlacktipReefSharkEntityForge=1, death_CaribbeanReefOctopusEntityForge_mob_by_CommonStingrayEntityForge=1, death_CaribbeanReefOctopusEntityForge_mob_by_GreatHammerheadSharkEntityForge=2, death_CommonOctopusEntityForge_mob_by_SandtigerSharkEntityForge=1, death_GreenSeaTurtleEntityForge_mob_by_GreatWhiteSharkEntityForge=1, death_HarborSealEntityForge_mob_by_TigerSharkEntityForge=1, living_deaths=28, navigation_calls=59412, sensor_calls=83067}	104	126
18400	1326817136	{AmericanLobsterEntityForge=20, AtlanticCodEntityForge=16, AtlanticSalmonEntityForge=16, BlackSeaNettleJellyfishEntityForge=2, BlacktipReefSharkEntityForge=6, BottlenoseDolphinEntityForge=8, CannonballJellyfishEntityForge=4, CaribbeanReefOctopusEntityForge=4, CommonOctopusEntityForge=6, CommonStingrayEntityForge=6, CommonThresherSharkEntityForge=2, GiantMorayEelEntityForge=8, GreatHammerheadSharkEntityForge=2, GreatWhiteSharkEntityForge=2, GreenSeaTurtleEntityForge=6, HarborSealEntityForge=6, NautilusEntityForge=2, OceanicWhitetipSharkEntityForge=2, OrcaEntityForge=2, SandtigerSharkEntityForge=2, ShortfinMakoSharkEntityForge=2, TigerSharkEntityForge=2}	{AmericanLobsterEntityForge=300, AtlanticCodEntityForge=300, AtlanticSalmonEntityForge=300, BlackSeaNettleJellyfishEntityForge=300, BlacktipReefSharkEntityForge=300, BottlenoseDolphinEntityForge=700, CannonballJellyfishEntityForge=300, CaribbeanReefOctopusEntityForge=300, CommonOctopusEntityForge=300, CommonStingrayEntityForge=300, CommonThresherSharkEntityForge=300, GiantMorayEelEntityForge=300, GreatHammerheadSharkEntityForge=300, GreatWhiteSharkEntityForge=300, GreenSeaTurtleEntityForge=300, HarborSealEntityForge=300, NautilusEntityForge=300, OceanicWhitetipSharkEntityForge=300, OrcaEntityForge=700, SandtigerSharkEntityForge=300, ShortfinMakoSharkEntityForge=300, TigerSharkEntityForge=300}	11	{death_AmericanLobsterEntityForge_mob_by_BlacktipReefSharkEntityForge=2, death_AmericanLobsterEntityForge_mob_by_CommonStingrayEntityForge=1, death_AmericanLobsterEntityForge_mob_by_SandtigerSharkEntityForge=1, death_AmericanLobsterEntityForge_mob_by_TigerSharkEntityForge=1, death_AtlanticCodEntityForge_mob_by_BlacktipReefSharkEntityForge=2, death_AtlanticCodEntityForge_mob_by_CommonThresherSharkEntityForge=1, death_AtlanticCodEntityForge_mob_by_SandtigerSharkEntityForge=1, death_AtlanticCodEntityForge_mob_by_ShortfinMakoSharkEntityForge=1, death_AtlanticSalmonEntityForge_mob_by_BlacktipReefSharkEntityForge=3, death_AtlanticSalmonEntityForge_mob_by_CommonThresherSharkEntityForge=2, death_AtlanticSalmonEntityForge_mob_by_GreatHammerheadSharkEntityForge=1, death_AtlanticSalmonEntityForge_mob_by_OceanicWhitetipSharkEntityForge=1, death_BottlenoseDolphinEntityForge_mob_by_GreatWhiteSharkEntityForge=1, death_BottlenoseDolphinEntityForge_mob_by_OceanicWhitetipSharkEntityForge=2, death_BottlenoseDolphinEntityForge_mob_by_ShortfinMakoSharkEntityForge=1, death_CaribbeanReefOctopusEntityForge_mob_by_BlacktipReefSharkEntityForge=1, death_CaribbeanReefOctopusEntityForge_mob_by_CommonStingrayEntityForge=1, death_CaribbeanReefOctopusEntityForge_mob_by_GreatHammerheadSharkEntityForge=2, death_CommonOctopusEntityForge_mob_by_SandtigerSharkEntityForge=1, death_GreenSeaTurtleEntityForge_mob_by_GreatWhiteSharkEntityForge=1, death_HarborSealEntityForge_mob_by_TigerSharkEntityForge=1, living_deaths=28, navigation_calls=60023, sensor_calls=84017}	104	126
18600	1477812080	{AmericanLobsterEntityForge=20, AtlanticCodEntityForge=16, AtlanticSalmonEntityForge=16, BlackSeaNettleJellyfishEntityForge=2, BlacktipReefSharkEntityForge=6, BottlenoseDolphinEntityForge=8, CannonballJellyfishEntityForge=4, CaribbeanReefOctopusEntityForge=4, CommonOctopusEntityForge=6, CommonStingrayEntityForge=6, CommonThresherSharkEntityForge=2, GiantMorayEelEntityForge=8, GreatHammerheadSharkEntityForge=2, GreatWhiteSharkEntityForge=2, GreenSeaTurtleEntityForge=6, HarborSealEntityForge=6, NautilusEntityForge=2, OceanicWhitetipSharkEntityForge=2, OrcaEntityForge=2, SandtigerSharkEntityForge=2, ShortfinMakoSharkEntityForge=2, TigerSharkEntityForge=2}	{AmericanLobsterEntityForge=300, AtlanticCodEntityForge=300, AtlanticSalmonEntityForge=300, BlackSeaNettleJellyfishEntityForge=300, BlacktipReefSharkEntityForge=300, BottlenoseDolphinEntityForge=700, CannonballJellyfishEntityForge=300, CaribbeanReefOctopusEntityForge=300, CommonOctopusEntityForge=300, CommonStingrayEntityForge=300, CommonThresherSharkEntityForge=300, GiantMorayEelEntityForge=300, GreatHammerheadSharkEntityForge=300, GreatWhiteSharkEntityForge=300, GreenSeaTurtleEntityForge=300, HarborSealEntityForge=300, NautilusEntityForge=300, OceanicWhitetipSharkEntityForge=300, OrcaEntityForge=700, SandtigerSharkEntityForge=300, ShortfinMakoSharkEntityForge=300, TigerSharkEntityForge=300}	11	{death_AmericanLobsterEntityForge_mob_by_BlacktipReefSharkEntityForge=2, death_AmericanLobsterEntityForge_mob_by_CommonStingrayEntityForge=1, death_AmericanLobsterEntityForge_mob_by_SandtigerSharkEntityForge=1, death_AmericanLobsterEntityForge_mob_by_TigerSharkEntityForge=1, death_AtlanticCodEntityForge_mob_by_BlacktipReefSharkEntityForge=2, death_AtlanticCodEntityForge_mob_by_CommonThresherSharkEntityForge=1, death_AtlanticCodEntityForge_mob_by_SandtigerSharkEntityForge=1, death_AtlanticCodEntityForge_mob_by_ShortfinMakoSharkEntityForge=1, death_AtlanticSalmonEntityForge_mob_by_BlacktipReefSharkEntityForge=3, death_AtlanticSalmonEntityForge_mob_by_CommonThresherSharkEntityForge=2, death_AtlanticSalmonEntityForge_mob_by_GreatHammerheadSharkEntityForge=1, death_AtlanticSalmonEntityForge_mob_by_OceanicWhitetipSharkEntityForge=1, death_BottlenoseDolphinEntityForge_mob_by_GreatWhiteSharkEntityForge=1, death_BottlenoseDolphinEntityForge_mob_by_OceanicWhitetipSharkEntityForge=2, death_BottlenoseDolphinEntityForge_mob_by_ShortfinMakoSharkEntityForge=1, death_CaribbeanReefOctopusEntityForge_mob_by_BlacktipReefSharkEntityForge=1, death_CaribbeanReefOctopusEntityForge_mob_by_CommonStingrayEntityForge=1, death_CaribbeanReefOctopusEntityForge_mob_by_GreatHammerheadSharkEntityForge=2, death_CommonOctopusEntityForge_mob_by_SandtigerSharkEntityForge=1, death_GreenSeaTurtleEntityForge_mob_by_GreatWhiteSharkEntityForge=1, death_HarborSealEntityForge_mob_by_TigerSharkEntityForge=1, living_deaths=28, navigation_calls=60650, sensor_calls=84891}	102	126
18800	361455936	{AmericanLobsterEntityForge=20, AtlanticCodEntityForge=16, AtlanticSalmonEntityForge=16, BlackSeaNettleJellyfishEntityForge=2, BlacktipReefSharkEntityForge=6, BottlenoseDolphinEntityForge=8, CannonballJellyfishEntityForge=4, CaribbeanReefOctopusEntityForge=4, CommonOctopusEntityForge=6, CommonStingrayEntityForge=6, CommonThresherSharkEntityForge=2, GiantMorayEelEntityForge=8, GreatHammerheadSharkEntityForge=2, GreatWhiteSharkEntityForge=2, GreenSeaTurtleEntityForge=6, HarborSealEntityForge=6, NautilusEntityForge=2, OceanicWhitetipSharkEntityForge=2, OrcaEntityForge=2, SandtigerSharkEntityForge=2, ShortfinMakoSharkEntityForge=2, TigerSharkEntityForge=2}	{AmericanLobsterEntityForge=300, AtlanticCodEntityForge=300, AtlanticSalmonEntityForge=300, BlackSeaNettleJellyfishEntityForge=300, BlacktipReefSharkEntityForge=300, BottlenoseDolphinEntityForge=700, CannonballJellyfishEntityForge=300, CaribbeanReefOctopusEntityForge=300, CommonOctopusEntityForge=300, CommonStingrayEntityForge=300, CommonThresherSharkEntityForge=300, GiantMorayEelEntityForge=300, GreatHammerheadSharkEntityForge=300, GreatWhiteSharkEntityForge=300, GreenSeaTurtleEntityForge=300, HarborSealEntityForge=300, NautilusEntityForge=300, OceanicWhitetipSharkEntityForge=300, OrcaEntityForge=700, SandtigerSharkEntityForge=300, ShortfinMakoSharkEntityForge=300, TigerSharkEntityForge=300}	11	{death_AmericanLobsterEntityForge_mob_by_BlacktipReefSharkEntityForge=2, death_AmericanLobsterEntityForge_mob_by_CommonStingrayEntityForge=1, death_AmericanLobsterEntityForge_mob_by_SandtigerSharkEntityForge=1, death_AmericanLobsterEntityForge_mob_by_TigerSharkEntityForge=1, death_AtlanticCodEntityForge_mob_by_BlacktipReefSharkEntityForge=2, death_AtlanticCodEntityForge_mob_by_CommonThresherSharkEntityForge=1, death_AtlanticCodEntityForge_mob_by_SandtigerSharkEntityForge=1, death_AtlanticCodEntityForge_mob_by_ShortfinMakoSharkEntityForge=1, death_AtlanticSalmonEntityForge_mob_by_BlacktipReefSharkEntityForge=3, death_AtlanticSalmonEntityForge_mob_by_CommonThresherSharkEntityForge=2, death_AtlanticSalmonEntityForge_mob_by_GreatHammerheadSharkEntityForge=1, death_AtlanticSalmonEntityForge_mob_by_OceanicWhitetipSharkEntityForge=1, death_BottlenoseDolphinEntityForge_mob_by_GreatWhiteSharkEntityForge=1, death_BottlenoseDolphinEntityForge_mob_by_OceanicWhitetipSharkEntityForge=2, death_BottlenoseDolphinEntityForge_mob_by_ShortfinMakoSharkEntityForge=1, death_CaribbeanReefOctopusEntityForge_mob_by_BlacktipReefSharkEntityForge=1, death_CaribbeanReefOctopusEntityForge_mob_by_CommonStingrayEntityForge=1, death_CaribbeanReefOctopusEntityForge_mob_by_GreatHammerheadSharkEntityForge=2, death_CommonOctopusEntityForge_mob_by_SandtigerSharkEntityForge=1, death_GreenSeaTurtleEntityForge_mob_by_GreatWhiteSharkEntityForge=1, death_HarborSealEntityForge_mob_by_TigerSharkEntityForge=1, living_deaths=28, navigation_calls=61339, sensor_calls=85842}	107	126
19000	515596608	{AmericanLobsterEntityForge=20, AtlanticCodEntityForge=16, AtlanticSalmonEntityForge=16, BlackSeaNettleJellyfishEntityForge=2, BlacktipReefSharkEntityForge=6, BottlenoseDolphinEntityForge=8, CannonballJellyfishEntityForge=4, CaribbeanReefOctopusEntityForge=4, CommonOctopusEntityForge=6, CommonStingrayEntityForge=6, CommonThresherSharkEntityForge=2, GiantMorayEelEntityForge=8, GreatHammerheadSharkEntityForge=2, GreatWhiteSharkEntityForge=2, GreenSeaTurtleEntityForge=6, HarborSealEntityForge=6, NautilusEntityForge=2, OceanicWhitetipSharkEntityForge=2, OrcaEntityForge=2, SandtigerSharkEntityForge=2, ShortfinMakoSharkEntityForge=2, TigerSharkEntityForge=2}	{AmericanLobsterEntityForge=300, AtlanticCodEntityForge=300, AtlanticSalmonEntityForge=300, BlackSeaNettleJellyfishEntityForge=300, BlacktipReefSharkEntityForge=300, BottlenoseDolphinEntityForge=700, CannonballJellyfishEntityForge=300, CaribbeanReefOctopusEntityForge=300, CommonOctopusEntityForge=300, CommonStingrayEntityForge=300, CommonThresherSharkEntityForge=300, GiantMorayEelEntityForge=300, GreatHammerheadSharkEntityForge=300, GreatWhiteSharkEntityForge=300, GreenSeaTurtleEntityForge=300, HarborSealEntityForge=300, NautilusEntityForge=300, OceanicWhitetipSharkEntityForge=300, OrcaEntityForge=700, SandtigerSharkEntityForge=300, ShortfinMakoSharkEntityForge=300, TigerSharkEntityForge=300}	11	{death_AmericanLobsterEntityForge_mob_by_BlacktipReefSharkEntityForge=2, death_AmericanLobsterEntityForge_mob_by_CommonStingrayEntityForge=1, death_AmericanLobsterEntityForge_mob_by_SandtigerSharkEntityForge=1, death_AmericanLobsterEntityForge_mob_by_TigerSharkEntityForge=1, death_AtlanticCodEntityForge_mob_by_BlacktipReefSharkEntityForge=2, death_AtlanticCodEntityForge_mob_by_CommonThresherSharkEntityForge=1, death_AtlanticCodEntityForge_mob_by_SandtigerSharkEntityForge=1, death_AtlanticCodEntityForge_mob_by_ShortfinMakoSharkEntityForge=1, death_AtlanticSalmonEntityForge_mob_by_BlacktipReefSharkEntityForge=3, death_AtlanticSalmonEntityForge_mob_by_CommonThresherSharkEntityForge=2, death_AtlanticSalmonEntityForge_mob_by_GreatHammerheadSharkEntityForge=1, death_AtlanticSalmonEntityForge_mob_by_OceanicWhitetipSharkEntityForge=1, death_BottlenoseDolphinEntityForge_mob_by_GreatWhiteSharkEntityForge=1, death_BottlenoseDolphinEntityForge_mob_by_OceanicWhitetipSharkEntityForge=2, death_BottlenoseDolphinEntityForge_mob_by_ShortfinMakoSharkEntityForge=1, death_CaribbeanReefOctopusEntityForge_mob_by_BlacktipReefSharkEntityForge=1, death_CaribbeanReefOctopusEntityForge_mob_by_CommonStingrayEntityForge=1, death_CaribbeanReefOctopusEntityForge_mob_by_GreatHammerheadSharkEntityForge=2, death_CommonOctopusEntityForge_mob_by_SandtigerSharkEntityForge=1, death_GreenSeaTurtleEntityForge_mob_by_GreatWhiteSharkEntityForge=1, death_HarborSealEntityForge_mob_by_TigerSharkEntityForge=1, living_deaths=28, navigation_calls=61964, sensor_calls=86715}	106	126
19200	672883008	{AmericanLobsterEntityForge=20, AtlanticCodEntityForge=16, AtlanticSalmonEntityForge=16, BlackSeaNettleJellyfishEntityForge=2, BlacktipReefSharkEntityForge=6, BottlenoseDolphinEntityForge=8, CannonballJellyfishEntityForge=4, CaribbeanReefOctopusEntityForge=4, CommonOctopusEntityForge=6, CommonStingrayEntityForge=6, CommonThresherSharkEntityForge=2, GiantMorayEelEntityForge=8, GreatHammerheadSharkEntityForge=2, GreatWhiteSharkEntityForge=2, GreenSeaTurtleEntityForge=6, HarborSealEntityForge=6, NautilusEntityForge=2, OceanicWhitetipSharkEntityForge=2, OrcaEntityForge=2, SandtigerSharkEntityForge=2, ShortfinMakoSharkEntityForge=2, TigerSharkEntityForge=2}	{AmericanLobsterEntityForge=300, AtlanticCodEntityForge=300, AtlanticSalmonEntityForge=300, BlackSeaNettleJellyfishEntityForge=300, BlacktipReefSharkEntityForge=300, BottlenoseDolphinEntityForge=700, CannonballJellyfishEntityForge=300, CaribbeanReefOctopusEntityForge=300, CommonOctopusEntityForge=300, CommonStingrayEntityForge=300, CommonThresherSharkEntityForge=300, GiantMorayEelEntityForge=300, GreatHammerheadSharkEntityForge=300, GreatWhiteSharkEntityForge=300, GreenSeaTurtleEntityForge=300, HarborSealEntityForge=300, NautilusEntityForge=300, OceanicWhitetipSharkEntityForge=300, OrcaEntityForge=700, SandtigerSharkEntityForge=300, ShortfinMakoSharkEntityForge=300, TigerSharkEntityForge=300}	11	{death_AmericanLobsterEntityForge_mob_by_BlacktipReefSharkEntityForge=2, death_AmericanLobsterEntityForge_mob_by_CommonStingrayEntityForge=1, death_AmericanLobsterEntityForge_mob_by_SandtigerSharkEntityForge=1, death_AmericanLobsterEntityForge_mob_by_TigerSharkEntityForge=1, death_AtlanticCodEntityForge_mob_by_BlacktipReefSharkEntityForge=2, death_AtlanticCodEntityForge_mob_by_CommonThresherSharkEntityForge=1, death_AtlanticCodEntityForge_mob_by_SandtigerSharkEntityForge=1, death_AtlanticCodEntityForge_mob_by_ShortfinMakoSharkEntityForge=1, death_AtlanticSalmonEntityForge_mob_by_BlacktipReefSharkEntityForge=3, death_AtlanticSalmonEntityForge_mob_by_CommonThresherSharkEntityForge=2, death_AtlanticSalmonEntityForge_mob_by_GreatHammerheadSharkEntityForge=1, death_AtlanticSalmonEntityForge_mob_by_OceanicWhitetipSharkEntityForge=1, death_BottlenoseDolphinEntityForge_mob_by_GreatWhiteSharkEntityForge=1, death_BottlenoseDolphinEntityForge_mob_by_OceanicWhitetipSharkEntityForge=2, death_BottlenoseDolphinEntityForge_mob_by_ShortfinMakoSharkEntityForge=1, death_CaribbeanReefOctopusEntityForge_mob_by_BlacktipReefSharkEntityForge=1, death_CaribbeanReefOctopusEntityForge_mob_by_CommonStingrayEntityForge=1, death_CaribbeanReefOctopusEntityForge_mob_by_GreatHammerheadSharkEntityForge=2, death_CommonOctopusEntityForge_mob_by_SandtigerSharkEntityForge=1, death_GreenSeaTurtleEntityForge_mob_by_GreatWhiteSharkEntityForge=1, death_HarborSealEntityForge_mob_by_TigerSharkEntityForge=1, living_deaths=28, navigation_calls=62614, sensor_calls=87666}	107	126
19400	824926528	{AmericanLobsterEntityForge=20, AtlanticCodEntityForge=16, AtlanticSalmonEntityForge=16, BlackSeaNettleJellyfishEntityForge=2, BlacktipReefSharkEntityForge=6, BottlenoseDolphinEntityForge=8, CannonballJellyfishEntityForge=4, CaribbeanReefOctopusEntityForge=4, CommonOctopusEntityForge=6, CommonStingrayEntityForge=6, CommonThresherSharkEntityForge=2, GiantMorayEelEntityForge=8, GreatHammerheadSharkEntityForge=2, GreatWhiteSharkEntityForge=2, GreenSeaTurtleEntityForge=6, HarborSealEntityForge=6, NautilusEntityForge=2, OceanicWhitetipSharkEntityForge=2, OrcaEntityForge=2, SandtigerSharkEntityForge=2, ShortfinMakoSharkEntityForge=2, TigerSharkEntityForge=2}	{AmericanLobsterEntityForge=300, AtlanticCodEntityForge=300, AtlanticSalmonEntityForge=300, BlackSeaNettleJellyfishEntityForge=300, BlacktipReefSharkEntityForge=300, BottlenoseDolphinEntityForge=700, CannonballJellyfishEntityForge=300, CaribbeanReefOctopusEntityForge=300, CommonOctopusEntityForge=300, CommonStingrayEntityForge=300, CommonThresherSharkEntityForge=300, GiantMorayEelEntityForge=300, GreatHammerheadSharkEntityForge=300, GreatWhiteSharkEntityForge=300, GreenSeaTurtleEntityForge=300, HarborSealEntityForge=300, NautilusEntityForge=300, OceanicWhitetipSharkEntityForge=300, OrcaEntityForge=700, SandtigerSharkEntityForge=300, ShortfinMakoSharkEntityForge=300, TigerSharkEntityForge=300}	11	{death_AmericanLobsterEntityForge_mob_by_BlacktipReefSharkEntityForge=2, death_AmericanLobsterEntityForge_mob_by_CommonStingrayEntityForge=1, death_AmericanLobsterEntityForge_mob_by_SandtigerSharkEntityForge=1, death_AmericanLobsterEntityForge_mob_by_TigerSharkEntityForge=1, death_AtlanticCodEntityForge_mob_by_BlacktipReefSharkEntityForge=2, death_AtlanticCodEntityForge_mob_by_CommonThresherSharkEntityForge=1, death_AtlanticCodEntityForge_mob_by_SandtigerSharkEntityForge=1, death_AtlanticCodEntityForge_mob_by_ShortfinMakoSharkEntityForge=1, death_AtlanticSalmonEntityForge_mob_by_BlacktipReefSharkEntityForge=3, death_AtlanticSalmonEntityForge_mob_by_CommonThresherSharkEntityForge=2, death_AtlanticSalmonEntityForge_mob_by_GreatHammerheadSharkEntityForge=1, death_AtlanticSalmonEntityForge_mob_by_OceanicWhitetipSharkEntityForge=1, death_BottlenoseDolphinEntityForge_mob_by_GreatWhiteSharkEntityForge=1, death_BottlenoseDolphinEntityForge_mob_by_OceanicWhitetipSharkEntityForge=2, death_BottlenoseDolphinEntityForge_mob_by_ShortfinMakoSharkEntityForge=1, death_CaribbeanReefOctopusEntityForge_mob_by_BlacktipReefSharkEntityForge=1, death_CaribbeanReefOctopusEntityForge_mob_by_CommonStingrayEntityForge=1, death_CaribbeanReefOctopusEntityForge_mob_by_GreatHammerheadSharkEntityForge=2, death_CommonOctopusEntityForge_mob_by_SandtigerSharkEntityForge=1, death_GreenSeaTurtleEntityForge_mob_by_GreatWhiteSharkEntityForge=1, death_HarborSealEntityForge_mob_by_TigerSharkEntityForge=1, living_deaths=28, navigation_calls=63221, sensor_calls=88539}	103	126
19600	982212928	{AmericanLobsterEntityForge=20, AtlanticCodEntityForge=16, AtlanticSalmonEntityForge=16, BlackSeaNettleJellyfishEntityForge=2, BlacktipReefSharkEntityForge=6, BottlenoseDolphinEntityForge=8, CannonballJellyfishEntityForge=4, CaribbeanReefOctopusEntityForge=4, CommonOctopusEntityForge=6, CommonStingrayEntityForge=6, CommonThresherSharkEntityForge=2, GiantMorayEelEntityForge=8, GreatHammerheadSharkEntityForge=2, GreatWhiteSharkEntityForge=2, GreenSeaTurtleEntityForge=6, HarborSealEntityForge=6, NautilusEntityForge=2, OceanicWhitetipSharkEntityForge=2, OrcaEntityForge=2, SandtigerSharkEntityForge=2, ShortfinMakoSharkEntityForge=2, TigerSharkEntityForge=2}	{AmericanLobsterEntityForge=300, AtlanticCodEntityForge=300, AtlanticSalmonEntityForge=300, BlackSeaNettleJellyfishEntityForge=300, BlacktipReefSharkEntityForge=300, BottlenoseDolphinEntityForge=700, CannonballJellyfishEntityForge=300, CaribbeanReefOctopusEntityForge=300, CommonOctopusEntityForge=300, CommonStingrayEntityForge=300, CommonThresherSharkEntityForge=300, GiantMorayEelEntityForge=300, GreatHammerheadSharkEntityForge=300, GreatWhiteSharkEntityForge=300, GreenSeaTurtleEntityForge=300, HarborSealEntityForge=300, NautilusEntityForge=300, OceanicWhitetipSharkEntityForge=300, OrcaEntityForge=700, SandtigerSharkEntityForge=300, ShortfinMakoSharkEntityForge=300, TigerSharkEntityForge=300}	11	{death_AmericanLobsterEntityForge_mob_by_BlacktipReefSharkEntityForge=2, death_AmericanLobsterEntityForge_mob_by_CommonStingrayEntityForge=1, death_AmericanLobsterEntityForge_mob_by_SandtigerSharkEntityForge=1, death_AmericanLobsterEntityForge_mob_by_TigerSharkEntityForge=1, death_AtlanticCodEntityForge_mob_by_BlacktipReefSharkEntityForge=2, death_AtlanticCodEntityForge_mob_by_CommonThresherSharkEntityForge=1, death_AtlanticCodEntityForge_mob_by_SandtigerSharkEntityForge=1, death_AtlanticCodEntityForge_mob_by_ShortfinMakoSharkEntityForge=1, death_AtlanticSalmonEntityForge_mob_by_BlacktipReefSharkEntityForge=3, death_AtlanticSalmonEntityForge_mob_by_CommonThresherSharkEntityForge=2, death_AtlanticSalmonEntityForge_mob_by_GreatHammerheadSharkEntityForge=1, death_AtlanticSalmonEntityForge_mob_by_OceanicWhitetipSharkEntityForge=1, death_BottlenoseDolphinEntityForge_mob_by_GreatWhiteSharkEntityForge=1, death_BottlenoseDolphinEntityForge_mob_by_OceanicWhitetipSharkEntityForge=2, death_BottlenoseDolphinEntityForge_mob_by_ShortfinMakoSharkEntityForge=1, death_CaribbeanReefOctopusEntityForge_mob_by_BlacktipReefSharkEntityForge=1, death_CaribbeanReefOctopusEntityForge_mob_by_CommonStingrayEntityForge=1, death_CaribbeanReefOctopusEntityForge_mob_by_GreatHammerheadSharkEntityForge=2, death_CommonOctopusEntityForge_mob_by_SandtigerSharkEntityForge=1, death_GreenSeaTurtleEntityForge_mob_by_GreatWhiteSharkEntityForge=1, death_HarborSealEntityForge_mob_by_TigerSharkEntityForge=1, living_deaths=28, navigation_calls=63858, sensor_calls=89490}	106	126
19800	1134256448	{AmericanLobsterEntityForge=20, AtlanticCodEntityForge=16, AtlanticSalmonEntityForge=16, BlackSeaNettleJellyfishEntityForge=2, BlacktipReefSharkEntityForge=6, BottlenoseDolphinEntityForge=8, CannonballJellyfishEntityForge=4, CaribbeanReefOctopusEntityForge=4, CommonOctopusEntityForge=6, CommonStingrayEntityForge=6, CommonThresherSharkEntityForge=2, GiantMorayEelEntityForge=8, GreatHammerheadSharkEntityForge=2, GreatWhiteSharkEntityForge=2, GreenSeaTurtleEntityForge=6, HarborSealEntityForge=6, NautilusEntityForge=2, OceanicWhitetipSharkEntityForge=2, OrcaEntityForge=2, SandtigerSharkEntityForge=2, ShortfinMakoSharkEntityForge=2, TigerSharkEntityForge=2}	{AmericanLobsterEntityForge=300, AtlanticCodEntityForge=300, AtlanticSalmonEntityForge=300, BlackSeaNettleJellyfishEntityForge=300, BlacktipReefSharkEntityForge=300, BottlenoseDolphinEntityForge=700, CannonballJellyfishEntityForge=300, CaribbeanReefOctopusEntityForge=300, CommonOctopusEntityForge=300, CommonStingrayEntityForge=300, CommonThresherSharkEntityForge=300, GiantMorayEelEntityForge=300, GreatHammerheadSharkEntityForge=300, GreatWhiteSharkEntityForge=300, GreenSeaTurtleEntityForge=300, HarborSealEntityForge=300, NautilusEntityForge=300, OceanicWhitetipSharkEntityForge=300, OrcaEntityForge=700, SandtigerSharkEntityForge=300, ShortfinMakoSharkEntityForge=300, TigerSharkEntityForge=300}	11	{death_AmericanLobsterEntityForge_mob_by_BlacktipReefSharkEntityForge=2, death_AmericanLobsterEntityForge_mob_by_CommonStingrayEntityForge=1, death_AmericanLobsterEntityForge_mob_by_SandtigerSharkEntityForge=1, death_AmericanLobsterEntityForge_mob_by_TigerSharkEntityForge=1, death_AtlanticCodEntityForge_mob_by_BlacktipReefSharkEntityForge=2, death_AtlanticCodEntityForge_mob_by_CommonThresherSharkEntityForge=1, death_AtlanticCodEntityForge_mob_by_SandtigerSharkEntityForge=1, death_AtlanticCodEntityForge_mob_by_ShortfinMakoSharkEntityForge=1, death_AtlanticSalmonEntityForge_mob_by_BlacktipReefSharkEntityForge=3, death_AtlanticSalmonEntityForge_mob_by_CommonThresherSharkEntityForge=2, death_AtlanticSalmonEntityForge_mob_by_GreatHammerheadSharkEntityForge=1, death_AtlanticSalmonEntityForge_mob_by_OceanicWhitetipSharkEntityForge=1, death_BottlenoseDolphinEntityForge_mob_by_GreatWhiteSharkEntityForge=1, death_BottlenoseDolphinEntityForge_mob_by_OceanicWhitetipSharkEntityForge=2, death_BottlenoseDolphinEntityForge_mob_by_ShortfinMakoSharkEntityForge=1, death_CaribbeanReefOctopusEntityForge_mob_by_BlacktipReefSharkEntityForge=1, death_CaribbeanReefOctopusEntityForge_mob_by_CommonStingrayEntityForge=1, death_CaribbeanReefOctopusEntityForge_mob_by_GreatHammerheadSharkEntityForge=2, death_CommonOctopusEntityForge_mob_by_SandtigerSharkEntityForge=1, death_GreenSeaTurtleEntityForge_mob_by_GreatWhiteSharkEntityForge=1, death_HarborSealEntityForge_mob_by_TigerSharkEntityForge=1, living_deaths=28, navigation_calls=64476, sensor_calls=90439}	106	126
20000	1304125760	{AmericanLobsterEntityForge=20, AtlanticCodEntityForge=16, AtlanticSalmonEntityForge=16, BlackSeaNettleJellyfishEntityForge=2, BlacktipReefSharkEntityForge=6, BottlenoseDolphinEntityForge=8, CannonballJellyfishEntityForge=4, CaribbeanReefOctopusEntityForge=4, CommonOctopusEntityForge=6, CommonStingrayEntityForge=6, CommonThresherSharkEntityForge=2, GiantMorayEelEntityForge=8, GreatHammerheadSharkEntityForge=2, GreatWhiteSharkEntityForge=2, GreenSeaTurtleEntityForge=6, HarborSealEntityForge=6, NautilusEntityForge=2, OceanicWhitetipSharkEntityForge=2, OrcaEntityForge=2, SandtigerSharkEntityForge=2, ShortfinMakoSharkEntityForge=2, TigerSharkEntityForge=2}	{AmericanLobsterEntityForge=300, AtlanticCodEntityForge=300, AtlanticSalmonEntityForge=300, BlackSeaNettleJellyfishEntityForge=300, BlacktipReefSharkEntityForge=300, BottlenoseDolphinEntityForge=700, CannonballJellyfishEntityForge=300, CaribbeanReefOctopusEntityForge=300, CommonOctopusEntityForge=300, CommonStingrayEntityForge=300, CommonThresherSharkEntityForge=300, GiantMorayEelEntityForge=300, GreatHammerheadSharkEntityForge=300, GreatWhiteSharkEntityForge=300, GreenSeaTurtleEntityForge=300, HarborSealEntityForge=300, NautilusEntityForge=300, OceanicWhitetipSharkEntityForge=300, OrcaEntityForge=700, SandtigerSharkEntityForge=300, ShortfinMakoSharkEntityForge=300, TigerSharkEntityForge=300}	11	{death_AmericanLobsterEntityForge_mob_by_BlacktipReefSharkEntityForge=2, death_AmericanLobsterEntityForge_mob_by_CommonStingrayEntityForge=1, death_AmericanLobsterEntityForge_mob_by_SandtigerSharkEntityForge=1, death_AmericanLobsterEntityForge_mob_by_TigerSharkEntityForge=1, death_AtlanticCodEntityForge_mob_by_BlacktipReefSharkEntityForge=2, death_AtlanticCodEntityForge_mob_by_CommonThresherSharkEntityForge=1, death_AtlanticCodEntityForge_mob_by_SandtigerSharkEntityForge=1, death_AtlanticCodEntityForge_mob_by_ShortfinMakoSharkEntityForge=1, death_AtlanticSalmonEntityForge_mob_by_BlacktipReefSharkEntityForge=3, death_AtlanticSalmonEntityForge_mob_by_CommonThresherSharkEntityForge=2, death_AtlanticSalmonEntityForge_mob_by_GreatHammerheadSharkEntityForge=1, death_AtlanticSalmonEntityForge_mob_by_OceanicWhitetipSharkEntityForge=1, death_BottlenoseDolphinEntityForge_mob_by_GreatWhiteSharkEntityForge=1, death_BottlenoseDolphinEntityForge_mob_by_OceanicWhitetipSharkEntityForge=2, death_BottlenoseDolphinEntityForge_mob_by_ShortfinMakoSharkEntityForge=1, death_CaribbeanReefOctopusEntityForge_mob_by_BlacktipReefSharkEntityForge=1, death_CaribbeanReefOctopusEntityForge_mob_by_CommonStingrayEntityForge=1, death_CaribbeanReefOctopusEntityForge_mob_by_GreatHammerheadSharkEntityForge=2, death_CommonOctopusEntityForge_mob_by_SandtigerSharkEntityForge=1, death_GreenSeaTurtleEntityForge_mob_by_GreatWhiteSharkEntityForge=1, death_HarborSealEntityForge_mob_by_TigerSharkEntityForge=1, living_deaths=28, navigation_calls=65137, sensor_calls=91316}	103	126
20200	1462460736	{AmericanLobsterEntityForge=20, AtlanticCodEntityForge=16, AtlanticSalmonEntityForge=16, BlackSeaNettleJellyfishEntityForge=2, BlacktipReefSharkEntityForge=6, BottlenoseDolphinEntityForge=8, CannonballJellyfishEntityForge=4, CaribbeanReefOctopusEntityForge=4, CommonOctopusEntityForge=6, CommonStingrayEntityForge=6, CommonThresherSharkEntityForge=2, GiantMorayEelEntityForge=8, GreatHammerheadSharkEntityForge=2, GreatWhiteSharkEntityForge=2, GreenSeaTurtleEntityForge=6, HarborSealEntityForge=6, NautilusEntityForge=2, OceanicWhitetipSharkEntityForge=2, OrcaEntityForge=2, SandtigerSharkEntityForge=2, ShortfinMakoSharkEntityForge=2, TigerSharkEntityForge=2}	{AmericanLobsterEntityForge=300, AtlanticCodEntityForge=300, AtlanticSalmonEntityForge=300, BlackSeaNettleJellyfishEntityForge=300, BlacktipReefSharkEntityForge=300, BottlenoseDolphinEntityForge=700, CannonballJellyfishEntityForge=300, CaribbeanReefOctopusEntityForge=300, CommonOctopusEntityForge=300, CommonStingrayEntityForge=300, CommonThresherSharkEntityForge=300, GiantMorayEelEntityForge=300, GreatHammerheadSharkEntityForge=300, GreatWhiteSharkEntityForge=300, GreenSeaTurtleEntityForge=300, HarborSealEntityForge=300, NautilusEntityForge=300, OceanicWhitetipSharkEntityForge=300, OrcaEntityForge=700, SandtigerSharkEntityForge=300, ShortfinMakoSharkEntityForge=300, TigerSharkEntityForge=300}	11	{death_AmericanLobsterEntityForge_mob_by_BlacktipReefSharkEntityForge=2, death_AmericanLobsterEntityForge_mob_by_CommonStingrayEntityForge=1, death_AmericanLobsterEntityForge_mob_by_SandtigerSharkEntityForge=1, death_AmericanLobsterEntityForge_mob_by_TigerSharkEntityForge=1, death_AtlanticCodEntityForge_mob_by_BlacktipReefSharkEntityForge=2, death_AtlanticCodEntityForge_mob_by_CommonThresherSharkEntityForge=1, death_AtlanticCodEntityForge_mob_by_SandtigerSharkEntityForge=1, death_AtlanticCodEntityForge_mob_by_ShortfinMakoSharkEntityForge=1, death_AtlanticSalmonEntityForge_mob_by_BlacktipReefSharkEntityForge=3, death_AtlanticSalmonEntityForge_mob_by_CommonThresherSharkEntityForge=2, death_AtlanticSalmonEntityForge_mob_by_GreatHammerheadSharkEntityForge=1, death_AtlanticSalmonEntityForge_mob_by_OceanicWhitetipSharkEntityForge=1, death_BottlenoseDolphinEntityForge_mob_by_GreatWhiteSharkEntityForge=1, death_BottlenoseDolphinEntityForge_mob_by_OceanicWhitetipSharkEntityForge=2, death_BottlenoseDolphinEntityForge_mob_by_ShortfinMakoSharkEntityForge=1, death_CaribbeanReefOctopusEntityForge_mob_by_BlacktipReefSharkEntityForge=1, death_CaribbeanReefOctopusEntityForge_mob_by_CommonStingrayEntityForge=1, death_CaribbeanReefOctopusEntityForge_mob_by_GreatHammerheadSharkEntityForge=2, death_CommonOctopusEntityForge_mob_by_SandtigerSharkEntityForge=1, death_GreenSeaTurtleEntityForge_mob_by_GreatWhiteSharkEntityForge=1, death_HarborSealEntityForge_mob_by_TigerSharkEntityForge=1, living_deaths=28, navigation_calls=65808, sensor_calls=92263}	109	126
20400	341274592	{AmericanLobsterEntityForge=20, AtlanticCodEntityForge=16, AtlanticSalmonEntityForge=15, BlackSeaNettleJellyfishEntityForge=2, BlacktipReefSharkEntityForge=6, BottlenoseDolphinEntityForge=8, CannonballJellyfishEntityForge=4, CaribbeanReefOctopusEntityForge=4, CommonOctopusEntityForge=6, CommonStingrayEntityForge=6, CommonThresherSharkEntityForge=2, GiantMorayEelEntityForge=8, GreatHammerheadSharkEntityForge=2, GreatWhiteSharkEntityForge=2, GreenSeaTurtleEntityForge=6, HarborSealEntityForge=6, NautilusEntityForge=2, OceanicWhitetipSharkEntityForge=2, OrcaEntityForge=2, SandtigerSharkEntityForge=2, ShortfinMakoSharkEntityForge=2, TigerSharkEntityForge=2}	{AmericanLobsterEntityForge=300, AtlanticCodEntityForge=300, AtlanticSalmonEntityForge=300, BlackSeaNettleJellyfishEntityForge=300, BlacktipReefSharkEntityForge=300, BottlenoseDolphinEntityForge=700, CannonballJellyfishEntityForge=300, CaribbeanReefOctopusEntityForge=300, CommonOctopusEntityForge=300, CommonStingrayEntityForge=300, CommonThresherSharkEntityForge=300, GiantMorayEelEntityForge=300, GreatHammerheadSharkEntityForge=300, GreatWhiteSharkEntityForge=300, GreenSeaTurtleEntityForge=300, HarborSealEntityForge=300, NautilusEntityForge=300, OceanicWhitetipSharkEntityForge=300, OrcaEntityForge=699, SandtigerSharkEntityForge=300, ShortfinMakoSharkEntityForge=300, TigerSharkEntityForge=300}	11	{death_AmericanLobsterEntityForge_mob_by_BlacktipReefSharkEntityForge=2, death_AmericanLobsterEntityForge_mob_by_CommonStingrayEntityForge=1, death_AmericanLobsterEntityForge_mob_by_SandtigerSharkEntityForge=1, death_AmericanLobsterEntityForge_mob_by_TigerSharkEntityForge=1, death_AtlanticCodEntityForge_mob_by_BlacktipReefSharkEntityForge=2, death_AtlanticCodEntityForge_mob_by_CommonThresherSharkEntityForge=1, death_AtlanticCodEntityForge_mob_by_SandtigerSharkEntityForge=1, death_AtlanticCodEntityForge_mob_by_ShortfinMakoSharkEntityForge=1, death_AtlanticSalmonEntityForge_mob_by_BlacktipReefSharkEntityForge=3, death_AtlanticSalmonEntityForge_mob_by_CommonThresherSharkEntityForge=3, death_AtlanticSalmonEntityForge_mob_by_GreatHammerheadSharkEntityForge=1, death_AtlanticSalmonEntityForge_mob_by_OceanicWhitetipSharkEntityForge=1, death_BottlenoseDolphinEntityForge_mob_by_GreatWhiteSharkEntityForge=1, death_BottlenoseDolphinEntityForge_mob_by_OceanicWhitetipSharkEntityForge=2, death_BottlenoseDolphinEntityForge_mob_by_ShortfinMakoSharkEntityForge=1, death_CaribbeanReefOctopusEntityForge_mob_by_BlacktipReefSharkEntityForge=1, death_CaribbeanReefOctopusEntityForge_mob_by_CommonStingrayEntityForge=1, death_CaribbeanReefOctopusEntityForge_mob_by_GreatHammerheadSharkEntityForge=2, death_CommonOctopusEntityForge_mob_by_SandtigerSharkEntityForge=1, death_GreenSeaTurtleEntityForge_mob_by_GreatWhiteSharkEntityForge=1, death_HarborSealEntityForge_mob_by_TigerSharkEntityForge=1, living_deaths=29, navigation_calls=66387, sensor_calls=93142}	103	125
20600	495415264	{AmericanLobsterEntityForge=20, AtlanticCodEntityForge=16, AtlanticSalmonEntityForge=16, BlackSeaNettleJellyfishEntityForge=2, BlacktipReefSharkEntityForge=6, BottlenoseDolphinEntityForge=8, CannonballJellyfishEntityForge=4, CaribbeanReefOctopusEntityForge=4, CommonOctopusEntityForge=6, CommonStingrayEntityForge=6, CommonThresherSharkEntityForge=2, GiantMorayEelEntityForge=8, GreatHammerheadSharkEntityForge=2, GreatWhiteSharkEntityForge=2, GreenSeaTurtleEntityForge=6, HarborSealEntityForge=6, NautilusEntityForge=2, OceanicWhitetipSharkEntityForge=2, OrcaEntityForge=2, SandtigerSharkEntityForge=2, ShortfinMakoSharkEntityForge=2, TigerSharkEntityForge=2}	{AmericanLobsterEntityForge=300, AtlanticCodEntityForge=300, AtlanticSalmonEntityForge=300, BlackSeaNettleJellyfishEntityForge=300, BlacktipReefSharkEntityForge=300, BottlenoseDolphinEntityForge=700, CannonballJellyfishEntityForge=300, CaribbeanReefOctopusEntityForge=300, CommonOctopusEntityForge=300, CommonStingrayEntityForge=300, CommonThresherSharkEntityForge=300, GiantMorayEelEntityForge=300, GreatHammerheadSharkEntityForge=300, GreatWhiteSharkEntityForge=300, GreenSeaTurtleEntityForge=300, HarborSealEntityForge=300, NautilusEntityForge=300, OceanicWhitetipSharkEntityForge=300, OrcaEntityForge=700, SandtigerSharkEntityForge=300, ShortfinMakoSharkEntityForge=300, TigerSharkEntityForge=300}	11	{death_AmericanLobsterEntityForge_mob_by_BlacktipReefSharkEntityForge=2, death_AmericanLobsterEntityForge_mob_by_CommonStingrayEntityForge=1, death_AmericanLobsterEntityForge_mob_by_SandtigerSharkEntityForge=1, death_AmericanLobsterEntityForge_mob_by_TigerSharkEntityForge=1, death_AtlanticCodEntityForge_mob_by_BlacktipReefSharkEntityForge=2, death_AtlanticCodEntityForge_mob_by_CommonThresherSharkEntityForge=1, death_AtlanticCodEntityForge_mob_by_SandtigerSharkEntityForge=1, death_AtlanticCodEntityForge_mob_by_ShortfinMakoSharkEntityForge=1, death_AtlanticSalmonEntityForge_mob_by_BlacktipReefSharkEntityForge=3, death_AtlanticSalmonEntityForge_mob_by_CommonThresherSharkEntityForge=3, death_AtlanticSalmonEntityForge_mob_by_GreatHammerheadSharkEntityForge=1, death_AtlanticSalmonEntityForge_mob_by_OceanicWhitetipSharkEntityForge=1, death_BottlenoseDolphinEntityForge_mob_by_GreatWhiteSharkEntityForge=1, death_BottlenoseDolphinEntityForge_mob_by_OceanicWhitetipSharkEntityForge=2, death_BottlenoseDolphinEntityForge_mob_by_ShortfinMakoSharkEntityForge=1, death_CaribbeanReefOctopusEntityForge_mob_by_BlacktipReefSharkEntityForge=1, death_CaribbeanReefOctopusEntityForge_mob_by_CommonStingrayEntityForge=1, death_CaribbeanReefOctopusEntityForge_mob_by_GreatHammerheadSharkEntityForge=2, death_CommonOctopusEntityForge_mob_by_SandtigerSharkEntityForge=1, death_GreenSeaTurtleEntityForge_mob_by_GreatWhiteSharkEntityForge=1, death_HarborSealEntityForge_mob_by_TigerSharkEntityForge=1, living_deaths=29, navigation_calls=67012, sensor_calls=94088}	103	126
20800	648507360	{AmericanLobsterEntityForge=20, AtlanticCodEntityForge=16, AtlanticSalmonEntityForge=16, BlackSeaNettleJellyfishEntityForge=2, BlacktipReefSharkEntityForge=6, BottlenoseDolphinEntityForge=8, CannonballJellyfishEntityForge=4, CaribbeanReefOctopusEntityForge=4, CommonOctopusEntityForge=6, CommonStingrayEntityForge=6, CommonThresherSharkEntityForge=2, GiantMorayEelEntityForge=8, GreatHammerheadSharkEntityForge=2, GreatWhiteSharkEntityForge=2, GreenSeaTurtleEntityForge=6, HarborSealEntityForge=6, NautilusEntityForge=2, OceanicWhitetipSharkEntityForge=2, OrcaEntityForge=2, SandtigerSharkEntityForge=2, ShortfinMakoSharkEntityForge=2, TigerSharkEntityForge=2}	{AmericanLobsterEntityForge=300, AtlanticCodEntityForge=300, AtlanticSalmonEntityForge=300, BlackSeaNettleJellyfishEntityForge=300, BlacktipReefSharkEntityForge=300, BottlenoseDolphinEntityForge=700, CannonballJellyfishEntityForge=300, CaribbeanReefOctopusEntityForge=300, CommonOctopusEntityForge=300, CommonStingrayEntityForge=300, CommonThresherSharkEntityForge=300, GiantMorayEelEntityForge=300, GreatHammerheadSharkEntityForge=300, GreatWhiteSharkEntityForge=300, GreenSeaTurtleEntityForge=300, HarborSealEntityForge=300, NautilusEntityForge=300, OceanicWhitetipSharkEntityForge=300, OrcaEntityForge=700, SandtigerSharkEntityForge=300, ShortfinMakoSharkEntityForge=300, TigerSharkEntityForge=300}	11	{death_AmericanLobsterEntityForge_mob_by_BlacktipReefSharkEntityForge=2, death_AmericanLobsterEntityForge_mob_by_CommonStingrayEntityForge=1, death_AmericanLobsterEntityForge_mob_by_SandtigerSharkEntityForge=1, death_AmericanLobsterEntityForge_mob_by_TigerSharkEntityForge=1, death_AtlanticCodEntityForge_mob_by_BlacktipReefSharkEntityForge=2, death_AtlanticCodEntityForge_mob_by_CommonThresherSharkEntityForge=1, death_AtlanticCodEntityForge_mob_by_SandtigerSharkEntityForge=1, death_AtlanticCodEntityForge_mob_by_ShortfinMakoSharkEntityForge=1, death_AtlanticSalmonEntityForge_mob_by_BlacktipReefSharkEntityForge=3, death_AtlanticSalmonEntityForge_mob_by_CommonThresherSharkEntityForge=3, death_AtlanticSalmonEntityForge_mob_by_GreatHammerheadSharkEntityForge=1, death_AtlanticSalmonEntityForge_mob_by_OceanicWhitetipSharkEntityForge=1, death_BottlenoseDolphinEntityForge_mob_by_GreatWhiteSharkEntityForge=1, death_BottlenoseDolphinEntityForge_mob_by_OceanicWhitetipSharkEntityForge=2, death_BottlenoseDolphinEntityForge_mob_by_ShortfinMakoSharkEntityForge=1, death_CaribbeanReefOctopusEntityForge_mob_by_BlacktipReefSharkEntityForge=1, death_CaribbeanReefOctopusEntityForge_mob_by_CommonStingrayEntityForge=1, death_CaribbeanReefOctopusEntityForge_mob_by_GreatHammerheadSharkEntityForge=2, death_CommonOctopusEntityForge_mob_by_SandtigerSharkEntityForge=1, death_GreenSeaTurtleEntityForge_mob_by_GreatWhiteSharkEntityForge=1, death_HarborSealEntityForge_mob_by_TigerSharkEntityForge=1, living_deaths=29, navigation_calls=67614, sensor_calls=94968}	106	126
21000	800550880	{AmericanLobsterEntityForge=20, AtlanticCodEntityForge=16, AtlanticSalmonEntityForge=16, BlackSeaNettleJellyfishEntityForge=2, BlacktipReefSharkEntityForge=6, BottlenoseDolphinEntityForge=8, CannonballJellyfishEntityForge=4, CaribbeanReefOctopusEntityForge=4, CommonOctopusEntityForge=6, CommonStingrayEntityForge=6, CommonThresherSharkEntityForge=2, GiantMorayEelEntityForge=8, GreatHammerheadSharkEntityForge=2, GreatWhiteSharkEntityForge=2, GreenSeaTurtleEntityForge=6, HarborSealEntityForge=6, NautilusEntityForge=2, OceanicWhitetipSharkEntityForge=2, OrcaEntityForge=2, SandtigerSharkEntityForge=2, ShortfinMakoSharkEntityForge=2, TigerSharkEntityForge=2}	{AmericanLobsterEntityForge=300, AtlanticCodEntityForge=300, AtlanticSalmonEntityForge=300, BlackSeaNettleJellyfishEntityForge=300, BlacktipReefSharkEntityForge=300, BottlenoseDolphinEntityForge=700, CannonballJellyfishEntityForge=300, CaribbeanReefOctopusEntityForge=300, CommonOctopusEntityForge=300, CommonStingrayEntityForge=300, CommonThresherSharkEntityForge=300, GiantMorayEelEntityForge=300, GreatHammerheadSharkEntityForge=300, GreatWhiteSharkEntityForge=300, GreenSeaTurtleEntityForge=300, HarborSealEntityForge=300, NautilusEntityForge=300, OceanicWhitetipSharkEntityForge=300, OrcaEntityForge=700, SandtigerSharkEntityForge=300, ShortfinMakoSharkEntityForge=300, TigerSharkEntityForge=300}	11	{death_AmericanLobsterEntityForge_mob_by_BlacktipReefSharkEntityForge=2, death_AmericanLobsterEntityForge_mob_by_CommonStingrayEntityForge=1, death_AmericanLobsterEntityForge_mob_by_SandtigerSharkEntityForge=1, death_AmericanLobsterEntityForge_mob_by_TigerSharkEntityForge=1, death_AtlanticCodEntityForge_mob_by_BlacktipReefSharkEntityForge=2, death_AtlanticCodEntityForge_mob_by_CommonThresherSharkEntityForge=1, death_AtlanticCodEntityForge_mob_by_SandtigerSharkEntityForge=1, death_AtlanticCodEntityForge_mob_by_ShortfinMakoSharkEntityForge=1, death_AtlanticSalmonEntityForge_mob_by_BlacktipReefSharkEntityForge=3, death_AtlanticSalmonEntityForge_mob_by_CommonThresherSharkEntityForge=3, death_AtlanticSalmonEntityForge_mob_by_GreatHammerheadSharkEntityForge=1, death_AtlanticSalmonEntityForge_mob_by_OceanicWhitetipSharkEntityForge=1, death_BottlenoseDolphinEntityForge_mob_by_GreatWhiteSharkEntityForge=1, death_BottlenoseDolphinEntityForge_mob_by_OceanicWhitetipSharkEntityForge=2, death_BottlenoseDolphinEntityForge_mob_by_ShortfinMakoSharkEntityForge=1, death_CaribbeanReefOctopusEntityForge_mob_by_BlacktipReefSharkEntityForge=1, death_CaribbeanReefOctopusEntityForge_mob_by_CommonStingrayEntityForge=1, death_CaribbeanReefOctopusEntityForge_mob_by_GreatHammerheadSharkEntityForge=2, death_CommonOctopusEntityForge_mob_by_SandtigerSharkEntityForge=1, death_GreenSeaTurtleEntityForge_mob_by_GreatWhiteSharkEntityForge=1, death_HarborSealEntityForge_mob_by_TigerSharkEntityForge=1, living_deaths=29, navigation_calls=68225, sensor_calls=95915}	104	126
21200	956788704	{AmericanLobsterEntityForge=20, AtlanticCodEntityForge=16, AtlanticSalmonEntityForge=16, BlackSeaNettleJellyfishEntityForge=2, BlacktipReefSharkEntityForge=6, BottlenoseDolphinEntityForge=8, CannonballJellyfishEntityForge=4, CaribbeanReefOctopusEntityForge=4, CommonOctopusEntityForge=6, CommonStingrayEntityForge=6, CommonThresherSharkEntityForge=2, GiantMorayEelEntityForge=8, GreatHammerheadSharkEntityForge=2, GreatWhiteSharkEntityForge=2, GreenSeaTurtleEntityForge=6, HarborSealEntityForge=6, NautilusEntityForge=2, OceanicWhitetipSharkEntityForge=2, OrcaEntityForge=2, SandtigerSharkEntityForge=2, ShortfinMakoSharkEntityForge=2, TigerSharkEntityForge=2}	{AmericanLobsterEntityForge=300, AtlanticCodEntityForge=300, AtlanticSalmonEntityForge=300, BlackSeaNettleJellyfishEntityForge=300, BlacktipReefSharkEntityForge=300, BottlenoseDolphinEntityForge=700, CannonballJellyfishEntityForge=300, CaribbeanReefOctopusEntityForge=300, CommonOctopusEntityForge=300, CommonStingrayEntityForge=300, CommonThresherSharkEntityForge=300, GiantMorayEelEntityForge=300, GreatHammerheadSharkEntityForge=300, GreatWhiteSharkEntityForge=300, GreenSeaTurtleEntityForge=300, HarborSealEntityForge=300, NautilusEntityForge=300, OceanicWhitetipSharkEntityForge=300, OrcaEntityForge=700, SandtigerSharkEntityForge=300, ShortfinMakoSharkEntityForge=300, TigerSharkEntityForge=300}	11	{death_AmericanLobsterEntityForge_mob_by_BlacktipReefSharkEntityForge=2, death_AmericanLobsterEntityForge_mob_by_CommonStingrayEntityForge=1, death_AmericanLobsterEntityForge_mob_by_SandtigerSharkEntityForge=1, death_AmericanLobsterEntityForge_mob_by_TigerSharkEntityForge=1, death_AtlanticCodEntityForge_mob_by_BlacktipReefSharkEntityForge=2, death_AtlanticCodEntityForge_mob_by_CommonThresherSharkEntityForge=1, death_AtlanticCodEntityForge_mob_by_SandtigerSharkEntityForge=1, death_AtlanticCodEntityForge_mob_by_ShortfinMakoSharkEntityForge=1, death_AtlanticSalmonEntityForge_mob_by_BlacktipReefSharkEntityForge=3, death_AtlanticSalmonEntityForge_mob_by_CommonThresherSharkEntityForge=3, death_AtlanticSalmonEntityForge_mob_by_GreatHammerheadSharkEntityForge=1, death_AtlanticSalmonEntityForge_mob_by_OceanicWhitetipSharkEntityForge=1, death_BottlenoseDolphinEntityForge_mob_by_GreatWhiteSharkEntityForge=1, death_BottlenoseDolphinEntityForge_mob_by_OceanicWhitetipSharkEntityForge=2, death_BottlenoseDolphinEntityForge_mob_by_ShortfinMakoSharkEntityForge=1, death_CaribbeanReefOctopusEntityForge_mob_by_BlacktipReefSharkEntityForge=1, death_CaribbeanReefOctopusEntityForge_mob_by_CommonStingrayEntityForge=1, death_CaribbeanReefOctopusEntityForge_mob_by_GreatHammerheadSharkEntityForge=2, death_CommonOctopusEntityForge_mob_by_SandtigerSharkEntityForge=1, death_GreenSeaTurtleEntityForge_mob_by_GreatWhiteSharkEntityForge=1, death_HarborSealEntityForge_mob_by_TigerSharkEntityForge=1, living_deaths=29, navigation_calls=68876, sensor_calls=96794}	103	126
21400	1110929376	{AmericanLobsterEntityForge=20, AtlanticCodEntityForge=16, AtlanticSalmonEntityForge=16, BlackSeaNettleJellyfishEntityForge=2, BlacktipReefSharkEntityForge=6, BottlenoseDolphinEntityForge=8, CannonballJellyfishEntityForge=4, CaribbeanReefOctopusEntityForge=4, CommonOctopusEntityForge=6, CommonStingrayEntityForge=6, CommonThresherSharkEntityForge=2, GiantMorayEelEntityForge=8, GreatHammerheadSharkEntityForge=2, GreatWhiteSharkEntityForge=2, GreenSeaTurtleEntityForge=6, HarborSealEntityForge=6, NautilusEntityForge=2, OceanicWhitetipSharkEntityForge=2, OrcaEntityForge=2, SandtigerSharkEntityForge=2, ShortfinMakoSharkEntityForge=2, TigerSharkEntityForge=2}	{AmericanLobsterEntityForge=300, AtlanticCodEntityForge=300, AtlanticSalmonEntityForge=300, BlackSeaNettleJellyfishEntityForge=300, BlacktipReefSharkEntityForge=300, BottlenoseDolphinEntityForge=700, CannonballJellyfishEntityForge=300, CaribbeanReefOctopusEntityForge=300, CommonOctopusEntityForge=300, CommonStingrayEntityForge=300, CommonThresherSharkEntityForge=300, GiantMorayEelEntityForge=300, GreatHammerheadSharkEntityForge=300, GreatWhiteSharkEntityForge=300, GreenSeaTurtleEntityForge=300, HarborSealEntityForge=300, NautilusEntityForge=300, OceanicWhitetipSharkEntityForge=300, OrcaEntityForge=698, SandtigerSharkEntityForge=300, ShortfinMakoSharkEntityForge=300, TigerSharkEntityForge=300}	11	{death_AmericanLobsterEntityForge_mob_by_BlacktipReefSharkEntityForge=2, death_AmericanLobsterEntityForge_mob_by_CommonStingrayEntityForge=1, death_AmericanLobsterEntityForge_mob_by_SandtigerSharkEntityForge=1, death_AmericanLobsterEntityForge_mob_by_TigerSharkEntityForge=1, death_AtlanticCodEntityForge_mob_by_BlacktipReefSharkEntityForge=2, death_AtlanticCodEntityForge_mob_by_CommonThresherSharkEntityForge=1, death_AtlanticCodEntityForge_mob_by_SandtigerSharkEntityForge=1, death_AtlanticCodEntityForge_mob_by_ShortfinMakoSharkEntityForge=1, death_AtlanticSalmonEntityForge_mob_by_BlacktipReefSharkEntityForge=3, death_AtlanticSalmonEntityForge_mob_by_CommonThresherSharkEntityForge=3, death_AtlanticSalmonEntityForge_mob_by_GreatHammerheadSharkEntityForge=1, death_AtlanticSalmonEntityForge_mob_by_OceanicWhitetipSharkEntityForge=1, death_BottlenoseDolphinEntityForge_mob_by_GreatWhiteSharkEntityForge=1, death_BottlenoseDolphinEntityForge_mob_by_OceanicWhitetipSharkEntityForge=2, death_BottlenoseDolphinEntityForge_mob_by_ShortfinMakoSharkEntityForge=1, death_CaribbeanReefOctopusEntityForge_mob_by_BlacktipReefSharkEntityForge=1, death_CaribbeanReefOctopusEntityForge_mob_by_CommonStingrayEntityForge=1, death_CaribbeanReefOctopusEntityForge_mob_by_GreatHammerheadSharkEntityForge=2, death_CommonOctopusEntityForge_mob_by_SandtigerSharkEntityForge=1, death_GreenSeaTurtleEntityForge_mob_by_GreatWhiteSharkEntityForge=1, death_HarborSealEntityForge_mob_by_TigerSharkEntityForge=1, living_deaths=29, navigation_calls=69542, sensor_calls=97742}	104	126
21600	1269264352	{AmericanLobsterEntityForge=20, AtlanticCodEntityForge=16, AtlanticSalmonEntityForge=16, BlackSeaNettleJellyfishEntityForge=2, BlacktipReefSharkEntityForge=6, BottlenoseDolphinEntityForge=8, CannonballJellyfishEntityForge=4, CaribbeanReefOctopusEntityForge=4, CommonOctopusEntityForge=6, CommonStingrayEntityForge=6, CommonThresherSharkEntityForge=2, GiantMorayEelEntityForge=8, GreatHammerheadSharkEntityForge=2, GreatWhiteSharkEntityForge=2, GreenSeaTurtleEntityForge=6, HarborSealEntityForge=6, NautilusEntityForge=2, OceanicWhitetipSharkEntityForge=2, OrcaEntityForge=2, SandtigerSharkEntityForge=2, ShortfinMakoSharkEntityForge=2, TigerSharkEntityForge=2}	{AmericanLobsterEntityForge=300, AtlanticCodEntityForge=300, AtlanticSalmonEntityForge=300, BlackSeaNettleJellyfishEntityForge=300, BlacktipReefSharkEntityForge=300, BottlenoseDolphinEntityForge=700, CannonballJellyfishEntityForge=300, CaribbeanReefOctopusEntityForge=300, CommonOctopusEntityForge=300, CommonStingrayEntityForge=300, CommonThresherSharkEntityForge=300, GiantMorayEelEntityForge=300, GreatHammerheadSharkEntityForge=300, GreatWhiteSharkEntityForge=300, GreenSeaTurtleEntityForge=300, HarborSealEntityForge=300, NautilusEntityForge=300, OceanicWhitetipSharkEntityForge=300, OrcaEntityForge=700, SandtigerSharkEntityForge=300, ShortfinMakoSharkEntityForge=300, TigerSharkEntityForge=300}	11	{death_AmericanLobsterEntityForge_mob_by_BlacktipReefSharkEntityForge=2, death_AmericanLobsterEntityForge_mob_by_CommonStingrayEntityForge=1, death_AmericanLobsterEntityForge_mob_by_SandtigerSharkEntityForge=1, death_AmericanLobsterEntityForge_mob_by_TigerSharkEntityForge=1, death_AtlanticCodEntityForge_mob_by_BlacktipReefSharkEntityForge=2, death_AtlanticCodEntityForge_mob_by_CommonThresherSharkEntityForge=1, death_AtlanticCodEntityForge_mob_by_SandtigerSharkEntityForge=1, death_AtlanticCodEntityForge_mob_by_ShortfinMakoSharkEntityForge=1, death_AtlanticSalmonEntityForge_mob_by_BlacktipReefSharkEntityForge=3, death_AtlanticSalmonEntityForge_mob_by_CommonThresherSharkEntityForge=3, death_AtlanticSalmonEntityForge_mob_by_GreatHammerheadSharkEntityForge=1, death_AtlanticSalmonEntityForge_mob_by_OceanicWhitetipSharkEntityForge=1, death_BottlenoseDolphinEntityForge_mob_by_GreatWhiteSharkEntityForge=1, death_BottlenoseDolphinEntityForge_mob_by_OceanicWhitetipSharkEntityForge=2, death_BottlenoseDolphinEntityForge_mob_by_ShortfinMakoSharkEntityForge=1, death_CaribbeanReefOctopusEntityForge_mob_by_BlacktipReefSharkEntityForge=1, death_CaribbeanReefOctopusEntityForge_mob_by_CommonStingrayEntityForge=1, death_CaribbeanReefOctopusEntityForge_mob_by_GreatHammerheadSharkEntityForge=2, death_CommonOctopusEntityForge_mob_by_SandtigerSharkEntityForge=1, death_GreenSeaTurtleEntityForge_mob_by_GreatWhiteSharkEntityForge=1, death_HarborSealEntityForge_mob_by_TigerSharkEntityForge=1, living_deaths=29, navigation_calls=70265, sensor_calls=98618}	102	126
21800	1427599328	{AmericanLobsterEntityForge=20, AtlanticCodEntityForge=16, AtlanticSalmonEntityForge=16, BlackSeaNettleJellyfishEntityForge=2, BlacktipReefSharkEntityForge=6, BottlenoseDolphinEntityForge=8, CannonballJellyfishEntityForge=4, CaribbeanReefOctopusEntityForge=4, CommonOctopusEntityForge=6, CommonStingrayEntityForge=6, CommonThresherSharkEntityForge=2, GiantMorayEelEntityForge=8, GreatHammerheadSharkEntityForge=2, GreatWhiteSharkEntityForge=2, GreenSeaTurtleEntityForge=6, HarborSealEntityForge=6, NautilusEntityForge=2, OceanicWhitetipSharkEntityForge=2, OrcaEntityForge=2, SandtigerSharkEntityForge=2, ShortfinMakoSharkEntityForge=2, TigerSharkEntityForge=2}	{AmericanLobsterEntityForge=300, AtlanticCodEntityForge=300, AtlanticSalmonEntityForge=300, BlackSeaNettleJellyfishEntityForge=300, BlacktipReefSharkEntityForge=300, BottlenoseDolphinEntityForge=700, CannonballJellyfishEntityForge=300, CaribbeanReefOctopusEntityForge=300, CommonOctopusEntityForge=300, CommonStingrayEntityForge=300, CommonThresherSharkEntityForge=300, GiantMorayEelEntityForge=300, GreatHammerheadSharkEntityForge=300, GreatWhiteSharkEntityForge=300, GreenSeaTurtleEntityForge=300, HarborSealEntityForge=300, NautilusEntityForge=300, OceanicWhitetipSharkEntityForge=300, OrcaEntityForge=700, SandtigerSharkEntityForge=300, ShortfinMakoSharkEntityForge=300, TigerSharkEntityForge=300}	11	{death_AmericanLobsterEntityForge_mob_by_BlacktipReefSharkEntityForge=2, death_AmericanLobsterEntityForge_mob_by_CommonStingrayEntityForge=1, death_AmericanLobsterEntityForge_mob_by_SandtigerSharkEntityForge=1, death_AmericanLobsterEntityForge_mob_by_TigerSharkEntityForge=1, death_AtlanticCodEntityForge_mob_by_BlacktipReefSharkEntityForge=2, death_AtlanticCodEntityForge_mob_by_CommonThresherSharkEntityForge=1, death_AtlanticCodEntityForge_mob_by_SandtigerSharkEntityForge=1, death_AtlanticCodEntityForge_mob_by_ShortfinMakoSharkEntityForge=1, death_AtlanticSalmonEntityForge_mob_by_BlacktipReefSharkEntityForge=3, death_AtlanticSalmonEntityForge_mob_by_CommonThresherSharkEntityForge=3, death_AtlanticSalmonEntityForge_mob_by_GreatHammerheadSharkEntityForge=1, death_AtlanticSalmonEntityForge_mob_by_OceanicWhitetipSharkEntityForge=1, death_BottlenoseDolphinEntityForge_mob_by_GreatWhiteSharkEntityForge=1, death_BottlenoseDolphinEntityForge_mob_by_OceanicWhitetipSharkEntityForge=2, death_BottlenoseDolphinEntityForge_mob_by_ShortfinMakoSharkEntityForge=1, death_CaribbeanReefOctopusEntityForge_mob_by_BlacktipReefSharkEntityForge=1, death_CaribbeanReefOctopusEntityForge_mob_by_CommonStingrayEntityForge=1, death_CaribbeanReefOctopusEntityForge_mob_by_GreatHammerheadSharkEntityForge=2, death_CommonOctopusEntityForge_mob_by_SandtigerSharkEntityForge=1, death_GreenSeaTurtleEntityForge_mob_by_GreatWhiteSharkEntityForge=1, death_HarborSealEntityForge_mob_by_TigerSharkEntityForge=1, living_deaths=29, navigation_calls=70954, sensor_calls=99567}	105	126
22000	316016352	{AmericanLobsterEntityForge=20, AtlanticCodEntityForge=16, AtlanticSalmonEntityForge=16, BlackSeaNettleJellyfishEntityForge=2, BlacktipReefSharkEntityForge=6, BottlenoseDolphinEntityForge=8, CannonballJellyfishEntityForge=4, CaribbeanReefOctopusEntityForge=4, CommonOctopusEntityForge=6, CommonStingrayEntityForge=6, CommonThresherSharkEntityForge=2, GiantMorayEelEntityForge=8, GreatHammerheadSharkEntityForge=2, GreatWhiteSharkEntityForge=2, GreenSeaTurtleEntityForge=6, HarborSealEntityForge=6, NautilusEntityForge=2, OceanicWhitetipSharkEntityForge=2, OrcaEntityForge=2, SandtigerSharkEntityForge=2, ShortfinMakoSharkEntityForge=2, TigerSharkEntityForge=2}	{AmericanLobsterEntityForge=300, AtlanticCodEntityForge=300, AtlanticSalmonEntityForge=300, BlackSeaNettleJellyfishEntityForge=300, BlacktipReefSharkEntityForge=300, BottlenoseDolphinEntityForge=700, CannonballJellyfishEntityForge=300, CaribbeanReefOctopusEntityForge=300, CommonOctopusEntityForge=300, CommonStingrayEntityForge=300, CommonThresherSharkEntityForge=300, GiantMorayEelEntityForge=300, GreatHammerheadSharkEntityForge=300, GreatWhiteSharkEntityForge=300, GreenSeaTurtleEntityForge=300, HarborSealEntityForge=300, NautilusEntityForge=300, OceanicWhitetipSharkEntityForge=300, OrcaEntityForge=700, SandtigerSharkEntityForge=300, ShortfinMakoSharkEntityForge=300, TigerSharkEntityForge=300}	11	{death_AmericanLobsterEntityForge_mob_by_BlacktipReefSharkEntityForge=2, death_AmericanLobsterEntityForge_mob_by_CommonStingrayEntityForge=1, death_AmericanLobsterEntityForge_mob_by_SandtigerSharkEntityForge=1, death_AmericanLobsterEntityForge_mob_by_TigerSharkEntityForge=1, death_AtlanticCodEntityForge_mob_by_BlacktipReefSharkEntityForge=2, death_AtlanticCodEntityForge_mob_by_CommonThresherSharkEntityForge=1, death_AtlanticCodEntityForge_mob_by_SandtigerSharkEntityForge=1, death_AtlanticCodEntityForge_mob_by_ShortfinMakoSharkEntityForge=1, death_AtlanticSalmonEntityForge_mob_by_BlacktipReefSharkEntityForge=3, death_AtlanticSalmonEntityForge_mob_by_CommonThresherSharkEntityForge=3, death_AtlanticSalmonEntityForge_mob_by_GreatHammerheadSharkEntityForge=1, death_AtlanticSalmonEntityForge_mob_by_OceanicWhitetipSharkEntityForge=1, death_BottlenoseDolphinEntityForge_mob_by_GreatWhiteSharkEntityForge=1, death_BottlenoseDolphinEntityForge_mob_by_OceanicWhitetipSharkEntityForge=2, death_BottlenoseDolphinEntityForge_mob_by_ShortfinMakoSharkEntityForge=1, death_CaribbeanReefOctopusEntityForge_mob_by_BlacktipReefSharkEntityForge=1, death_CaribbeanReefOctopusEntityForge_mob_by_CommonStingrayEntityForge=1, death_CaribbeanReefOctopusEntityForge_mob_by_GreatHammerheadSharkEntityForge=2, death_CommonOctopusEntityForge_mob_by_SandtigerSharkEntityForge=1, death_GreenSeaTurtleEntityForge_mob_by_GreatWhiteSharkEntityForge=1, death_HarborSealEntityForge_mob_by_TigerSharkEntityForge=1, living_deaths=29, navigation_calls=71698, sensor_calls=100442}	108	126
22200	471205600	{AmericanLobsterEntityForge=20, AtlanticCodEntityForge=16, AtlanticSalmonEntityForge=16, BlackSeaNettleJellyfishEntityForge=2, BlacktipReefSharkEntityForge=6, BottlenoseDolphinEntityForge=8, CannonballJellyfishEntityForge=4, CaribbeanReefOctopusEntityForge=4, CommonOctopusEntityForge=6, CommonStingrayEntityForge=6, CommonThresherSharkEntityForge=2, GiantMorayEelEntityForge=8, GreatHammerheadSharkEntityForge=2, GreatWhiteSharkEntityForge=2, GreenSeaTurtleEntityForge=6, HarborSealEntityForge=6, NautilusEntityForge=2, OceanicWhitetipSharkEntityForge=2, OrcaEntityForge=2, SandtigerSharkEntityForge=2, ShortfinMakoSharkEntityForge=2, TigerSharkEntityForge=2}	{AmericanLobsterEntityForge=300, AtlanticCodEntityForge=300, AtlanticSalmonEntityForge=300, BlackSeaNettleJellyfishEntityForge=300, BlacktipReefSharkEntityForge=300, BottlenoseDolphinEntityForge=700, CannonballJellyfishEntityForge=300, CaribbeanReefOctopusEntityForge=300, CommonOctopusEntityForge=300, CommonStingrayEntityForge=300, CommonThresherSharkEntityForge=300, GiantMorayEelEntityForge=300, GreatHammerheadSharkEntityForge=300, GreatWhiteSharkEntityForge=300, GreenSeaTurtleEntityForge=300, HarborSealEntityForge=300, NautilusEntityForge=300, OceanicWhitetipSharkEntityForge=300, OrcaEntityForge=700, SandtigerSharkEntityForge=300, ShortfinMakoSharkEntityForge=300, TigerSharkEntityForge=300}	11	{death_AmericanLobsterEntityForge_mob_by_BlacktipReefSharkEntityForge=2, death_AmericanLobsterEntityForge_mob_by_CommonStingrayEntityForge=1, death_AmericanLobsterEntityForge_mob_by_SandtigerSharkEntityForge=1, death_AmericanLobsterEntityForge_mob_by_TigerSharkEntityForge=1, death_AtlanticCodEntityForge_mob_by_BlacktipReefSharkEntityForge=2, death_AtlanticCodEntityForge_mob_by_CommonThresherSharkEntityForge=1, death_AtlanticCodEntityForge_mob_by_SandtigerSharkEntityForge=1, death_AtlanticCodEntityForge_mob_by_ShortfinMakoSharkEntityForge=1, death_AtlanticSalmonEntityForge_mob_by_BlacktipReefSharkEntityForge=3, death_AtlanticSalmonEntityForge_mob_by_CommonThresherSharkEntityForge=3, death_AtlanticSalmonEntityForge_mob_by_GreatHammerheadSharkEntityForge=1, death_AtlanticSalmonEntityForge_mob_by_OceanicWhitetipSharkEntityForge=1, death_BottlenoseDolphinEntityForge_mob_by_GreatWhiteSharkEntityForge=1, death_BottlenoseDolphinEntityForge_mob_by_OceanicWhitetipSharkEntityForge=2, death_BottlenoseDolphinEntityForge_mob_by_ShortfinMakoSharkEntityForge=1, death_CaribbeanReefOctopusEntityForge_mob_by_BlacktipReefSharkEntityForge=1, death_CaribbeanReefOctopusEntityForge_mob_by_CommonStingrayEntityForge=1, death_CaribbeanReefOctopusEntityForge_mob_by_GreatHammerheadSharkEntityForge=2, death_CommonOctopusEntityForge_mob_by_SandtigerSharkEntityForge=1, death_GreenSeaTurtleEntityForge_mob_by_GreatWhiteSharkEntityForge=1, death_HarborSealEntityForge_mob_by_TigerSharkEntityForge=1, living_deaths=29, navigation_calls=72392, sensor_calls=101392}	100	126
22400	646317792	{AmericanLobsterEntityForge=20, AtlanticCodEntityForge=16, AtlanticSalmonEntityForge=16, BlackSeaNettleJellyfishEntityForge=2, BlacktipReefSharkEntityForge=6, BottlenoseDolphinEntityForge=8, CannonballJellyfishEntityForge=4, CaribbeanReefOctopusEntityForge=4, CommonOctopusEntityForge=6, CommonStingrayEntityForge=6, CommonThresherSharkEntityForge=2, GiantMorayEelEntityForge=8, GreatHammerheadSharkEntityForge=2, GreatWhiteSharkEntityForge=2, GreenSeaTurtleEntityForge=6, HarborSealEntityForge=6, NautilusEntityForge=2, OceanicWhitetipSharkEntityForge=2, OrcaEntityForge=2, SandtigerSharkEntityForge=2, ShortfinMakoSharkEntityForge=2, TigerSharkEntityForge=2}	{AmericanLobsterEntityForge=300, AtlanticCodEntityForge=300, AtlanticSalmonEntityForge=300, BlackSeaNettleJellyfishEntityForge=300, BlacktipReefSharkEntityForge=300, BottlenoseDolphinEntityForge=700, CannonballJellyfishEntityForge=300, CaribbeanReefOctopusEntityForge=300, CommonOctopusEntityForge=300, CommonStingrayEntityForge=300, CommonThresherSharkEntityForge=300, GiantMorayEelEntityForge=300, GreatHammerheadSharkEntityForge=300, GreatWhiteSharkEntityForge=300, GreenSeaTurtleEntityForge=300, HarborSealEntityForge=300, NautilusEntityForge=300, OceanicWhitetipSharkEntityForge=300, OrcaEntityForge=700, SandtigerSharkEntityForge=300, ShortfinMakoSharkEntityForge=300, TigerSharkEntityForge=300}	11	{death_AmericanLobsterEntityForge_mob_by_BlacktipReefSharkEntityForge=2, death_AmericanLobsterEntityForge_mob_by_CommonStingrayEntityForge=1, death_AmericanLobsterEntityForge_mob_by_SandtigerSharkEntityForge=1, death_AmericanLobsterEntityForge_mob_by_TigerSharkEntityForge=1, death_AtlanticCodEntityForge_mob_by_BlacktipReefSharkEntityForge=2, death_AtlanticCodEntityForge_mob_by_CommonThresherSharkEntityForge=1, death_AtlanticCodEntityForge_mob_by_SandtigerSharkEntityForge=1, death_AtlanticCodEntityForge_mob_by_ShortfinMakoSharkEntityForge=1, death_AtlanticSalmonEntityForge_mob_by_BlacktipReefSharkEntityForge=3, death_AtlanticSalmonEntityForge_mob_by_CommonThresherSharkEntityForge=3, death_AtlanticSalmonEntityForge_mob_by_GreatHammerheadSharkEntityForge=1, death_AtlanticSalmonEntityForge_mob_by_OceanicWhitetipSharkEntityForge=1, death_BottlenoseDolphinEntityForge_mob_by_GreatWhiteSharkEntityForge=1, death_BottlenoseDolphinEntityForge_mob_by_OceanicWhitetipSharkEntityForge=2, death_BottlenoseDolphinEntityForge_mob_by_ShortfinMakoSharkEntityForge=1, death_CaribbeanReefOctopusEntityForge_mob_by_BlacktipReefSharkEntityForge=1, death_CaribbeanReefOctopusEntityForge_mob_by_CommonStingrayEntityForge=1, death_CaribbeanReefOctopusEntityForge_mob_by_GreatHammerheadSharkEntityForge=2, death_CommonOctopusEntityForge_mob_by_SandtigerSharkEntityForge=1, death_GreenSeaTurtleEntityForge_mob_by_GreatWhiteSharkEntityForge=1, death_HarborSealEntityForge_mob_by_TigerSharkEntityForge=1, living_deaths=29, navigation_calls=73134, sensor_calls=102267}	103	126
22600	811992800	{AmericanLobsterEntityForge=20, AtlanticCodEntityForge=16, AtlanticSalmonEntityForge=16, BlackSeaNettleJellyfishEntityForge=2, BlacktipReefSharkEntityForge=6, BottlenoseDolphinEntityForge=8, CannonballJellyfishEntityForge=4, CaribbeanReefOctopusEntityForge=3, CommonOctopusEntityForge=6, CommonStingrayEntityForge=6, CommonThresherSharkEntityForge=2, GiantMorayEelEntityForge=8, GreatHammerheadSharkEntityForge=2, GreatWhiteSharkEntityForge=2, GreenSeaTurtleEntityForge=6, HarborSealEntityForge=6, NautilusEntityForge=2, OceanicWhitetipSharkEntityForge=2, OrcaEntityForge=2, SandtigerSharkEntityForge=2, ShortfinMakoSharkEntityForge=2, TigerSharkEntityForge=2}	{AmericanLobsterEntityForge=300, AtlanticCodEntityForge=300, AtlanticSalmonEntityForge=300, BlackSeaNettleJellyfishEntityForge=300, BlacktipReefSharkEntityForge=300, BottlenoseDolphinEntityForge=700, CannonballJellyfishEntityForge=300, CaribbeanReefOctopusEntityForge=300, CommonOctopusEntityForge=300, CommonStingrayEntityForge=300, CommonThresherSharkEntityForge=300, GiantMorayEelEntityForge=300, GreatHammerheadSharkEntityForge=300, GreatWhiteSharkEntityForge=300, GreenSeaTurtleEntityForge=300, HarborSealEntityForge=300, NautilusEntityForge=300, OceanicWhitetipSharkEntityForge=300, OrcaEntityForge=700, SandtigerSharkEntityForge=300, ShortfinMakoSharkEntityForge=300, TigerSharkEntityForge=300}	11	{death_AmericanLobsterEntityForge_mob_by_BlacktipReefSharkEntityForge=2, death_AmericanLobsterEntityForge_mob_by_CommonStingrayEntityForge=1, death_AmericanLobsterEntityForge_mob_by_SandtigerSharkEntityForge=1, death_AmericanLobsterEntityForge_mob_by_TigerSharkEntityForge=1, death_AtlanticCodEntityForge_mob_by_BlacktipReefSharkEntityForge=2, death_AtlanticCodEntityForge_mob_by_CommonThresherSharkEntityForge=1, death_AtlanticCodEntityForge_mob_by_SandtigerSharkEntityForge=1, death_AtlanticCodEntityForge_mob_by_ShortfinMakoSharkEntityForge=1, death_AtlanticSalmonEntityForge_mob_by_BlacktipReefSharkEntityForge=3, death_AtlanticSalmonEntityForge_mob_by_CommonThresherSharkEntityForge=3, death_AtlanticSalmonEntityForge_mob_by_GreatHammerheadSharkEntityForge=1, death_AtlanticSalmonEntityForge_mob_by_OceanicWhitetipSharkEntityForge=1, death_BottlenoseDolphinEntityForge_mob_by_GreatWhiteSharkEntityForge=1, death_BottlenoseDolphinEntityForge_mob_by_OceanicWhitetipSharkEntityForge=2, death_BottlenoseDolphinEntityForge_mob_by_ShortfinMakoSharkEntityForge=1, death_CaribbeanReefOctopusEntityForge_mob_by_BlacktipReefSharkEntityForge=1, death_CaribbeanReefOctopusEntityForge_mob_by_CommonStingrayEntityForge=2, death_CaribbeanReefOctopusEntityForge_mob_by_GreatHammerheadSharkEntityForge=2, death_CommonOctopusEntityForge_mob_by_SandtigerSharkEntityForge=1, death_GreenSeaTurtleEntityForge_mob_by_GreatWhiteSharkEntityForge=1, death_HarborSealEntityForge_mob_by_TigerSharkEntityForge=1, living_deaths=30, navigation_calls=73838, sensor_calls=103209}	103	125
22800	976619232	{AmericanLobsterEntityForge=20, AtlanticCodEntityForge=15, AtlanticSalmonEntityForge=16, BlackSeaNettleJellyfishEntityForge=2, BlacktipReefSharkEntityForge=6, BottlenoseDolphinEntityForge=8, CannonballJellyfishEntityForge=4, CaribbeanReefOctopusEntityForge=4, CommonOctopusEntityForge=6, CommonStingrayEntityForge=6, CommonThresherSharkEntityForge=2, GiantMorayEelEntityForge=8, GreatHammerheadSharkEntityForge=2, GreatWhiteSharkEntityForge=2, GreenSeaTurtleEntityForge=6, HarborSealEntityForge=6, NautilusEntityForge=2, OceanicWhitetipSharkEntityForge=2, OrcaEntityForge=2, SandtigerSharkEntityForge=2, ShortfinMakoSharkEntityForge=2, TigerSharkEntityForge=2}	{AmericanLobsterEntityForge=300, AtlanticCodEntityForge=300, AtlanticSalmonEntityForge=300, BlackSeaNettleJellyfishEntityForge=300, BlacktipReefSharkEntityForge=300, BottlenoseDolphinEntityForge=700, CannonballJellyfishEntityForge=300, CaribbeanReefOctopusEntityForge=300, CommonOctopusEntityForge=300, CommonStingrayEntityForge=300, CommonThresherSharkEntityForge=300, GiantMorayEelEntityForge=300, GreatHammerheadSharkEntityForge=300, GreatWhiteSharkEntityForge=300, GreenSeaTurtleEntityForge=300, HarborSealEntityForge=300, NautilusEntityForge=300, OceanicWhitetipSharkEntityForge=300, OrcaEntityForge=700, SandtigerSharkEntityForge=300, ShortfinMakoSharkEntityForge=300, TigerSharkEntityForge=300}	11	{death_AmericanLobsterEntityForge_mob_by_BlacktipReefSharkEntityForge=2, death_AmericanLobsterEntityForge_mob_by_CommonStingrayEntityForge=1, death_AmericanLobsterEntityForge_mob_by_SandtigerSharkEntityForge=1, death_AmericanLobsterEntityForge_mob_by_TigerSharkEntityForge=1, death_AtlanticCodEntityForge_mob_by_BlacktipReefSharkEntityForge=2, death_AtlanticCodEntityForge_mob_by_CommonThresherSharkEntityForge=1, death_AtlanticCodEntityForge_mob_by_GreatWhiteSharkEntityForge=1, death_AtlanticCodEntityForge_mob_by_SandtigerSharkEntityForge=1, death_AtlanticCodEntityForge_mob_by_ShortfinMakoSharkEntityForge=1, death_AtlanticSalmonEntityForge_mob_by_BlacktipReefSharkEntityForge=3, death_AtlanticSalmonEntityForge_mob_by_CommonThresherSharkEntityForge=3, death_AtlanticSalmonEntityForge_mob_by_GreatHammerheadSharkEntityForge=1, death_AtlanticSalmonEntityForge_mob_by_OceanicWhitetipSharkEntityForge=1, death_BottlenoseDolphinEntityForge_mob_by_GreatWhiteSharkEntityForge=1, death_BottlenoseDolphinEntityForge_mob_by_OceanicWhitetipSharkEntityForge=2, death_BottlenoseDolphinEntityForge_mob_by_ShortfinMakoSharkEntityForge=1, death_CaribbeanReefOctopusEntityForge_mob_by_BlacktipReefSharkEntityForge=1, death_CaribbeanReefOctopusEntityForge_mob_by_CommonStingrayEntityForge=2, death_CaribbeanReefOctopusEntityForge_mob_by_GreatHammerheadSharkEntityForge=2, death_CommonOctopusEntityForge_mob_by_SandtigerSharkEntityForge=1, death_GreenSeaTurtleEntityForge_mob_by_GreatWhiteSharkEntityForge=1, death_HarborSealEntityForge_mob_by_TigerSharkEntityForge=1, living_deaths=31, navigation_calls=74505, sensor_calls=104084}	102	125
23000	1130759904	{AmericanLobsterEntityForge=20, AtlanticCodEntityForge=16, AtlanticSalmonEntityForge=16, BlackSeaNettleJellyfishEntityForge=2, BlacktipReefSharkEntityForge=6, BottlenoseDolphinEntityForge=8, CannonballJellyfishEntityForge=4, CaribbeanReefOctopusEntityForge=4, CommonOctopusEntityForge=6, CommonStingrayEntityForge=6, CommonThresherSharkEntityForge=2, GiantMorayEelEntityForge=8, GreatHammerheadSharkEntityForge=2, GreatWhiteSharkEntityForge=2, GreenSeaTurtleEntityForge=5, HarborSealEntityForge=6, NautilusEntityForge=2, OceanicWhitetipSharkEntityForge=2, OrcaEntityForge=2, SandtigerSharkEntityForge=2, ShortfinMakoSharkEntityForge=2, TigerSharkEntityForge=2}	{AmericanLobsterEntityForge=300, AtlanticCodEntityForge=300, AtlanticSalmonEntityForge=300, BlackSeaNettleJellyfishEntityForge=300, BlacktipReefSharkEntityForge=300, BottlenoseDolphinEntityForge=700, CannonballJellyfishEntityForge=300, CaribbeanReefOctopusEntityForge=300, CommonOctopusEntityForge=300, CommonStingrayEntityForge=300, CommonThresherSharkEntityForge=300, GiantMorayEelEntityForge=300, GreatHammerheadSharkEntityForge=300, GreatWhiteSharkEntityForge=300, GreenSeaTurtleEntityForge=300, HarborSealEntityForge=300, NautilusEntityForge=300, OceanicWhitetipSharkEntityForge=300, OrcaEntityForge=700, SandtigerSharkEntityForge=300, ShortfinMakoSharkEntityForge=300, TigerSharkEntityForge=300}	11	{death_AmericanLobsterEntityForge_mob_by_BlacktipReefSharkEntityForge=2, death_AmericanLobsterEntityForge_mob_by_CommonStingrayEntityForge=1, death_AmericanLobsterEntityForge_mob_by_SandtigerSharkEntityForge=1, death_AmericanLobsterEntityForge_mob_by_TigerSharkEntityForge=1, death_AtlanticCodEntityForge_mob_by_BlacktipReefSharkEntityForge=2, death_AtlanticCodEntityForge_mob_by_CommonThresherSharkEntityForge=1, death_AtlanticCodEntityForge_mob_by_GreatWhiteSharkEntityForge=1, death_AtlanticCodEntityForge_mob_by_SandtigerSharkEntityForge=1, death_AtlanticCodEntityForge_mob_by_ShortfinMakoSharkEntityForge=1, death_AtlanticSalmonEntityForge_mob_by_BlacktipReefSharkEntityForge=3, death_AtlanticSalmonEntityForge_mob_by_CommonThresherSharkEntityForge=3, death_AtlanticSalmonEntityForge_mob_by_GreatHammerheadSharkEntityForge=1, death_AtlanticSalmonEntityForge_mob_by_OceanicWhitetipSharkEntityForge=1, death_BottlenoseDolphinEntityForge_mob_by_GreatWhiteSharkEntityForge=1, death_BottlenoseDolphinEntityForge_mob_by_OceanicWhitetipSharkEntityForge=2, death_BottlenoseDolphinEntityForge_mob_by_ShortfinMakoSharkEntityForge=1, death_CaribbeanReefOctopusEntityForge_mob_by_BlacktipReefSharkEntityForge=1, death_CaribbeanReefOctopusEntityForge_mob_by_CommonStingrayEntityForge=2, death_CaribbeanReefOctopusEntityForge_mob_by_GreatHammerheadSharkEntityForge=2, death_CommonOctopusEntityForge_mob_by_SandtigerSharkEntityForge=1, death_GreenSeaTurtleEntityForge_mob_by_GreatWhiteSharkEntityForge=1, death_GreenSeaTurtleEntityForge_mob_by_ShortfinMakoSharkEntityForge=1, death_HarborSealEntityForge_mob_by_TigerSharkEntityForge=1, living_deaths=32, navigation_calls=75134, sensor_calls=105026}	108	125
23200	1286997728	{AmericanLobsterEntityForge=20, AtlanticCodEntityForge=16, AtlanticSalmonEntityForge=16, BlackSeaNettleJellyfishEntityForge=2, BlacktipReefSharkEntityForge=6, BottlenoseDolphinEntityForge=8, CannonballJellyfishEntityForge=4, CaribbeanReefOctopusEntityForge=4, CommonOctopusEntityForge=6, CommonStingrayEntityForge=6, CommonThresherSharkEntityForge=2, GiantMorayEelEntityForge=8, GreatHammerheadSharkEntityForge=2, GreatWhiteSharkEntityForge=2, GreenSeaTurtleEntityForge=6, HarborSealEntityForge=6, NautilusEntityForge=2, OceanicWhitetipSharkEntityForge=2, OrcaEntityForge=2, SandtigerSharkEntityForge=2, ShortfinMakoSharkEntityForge=2, TigerSharkEntityForge=2}	{AmericanLobsterEntityForge=300, AtlanticCodEntityForge=300, AtlanticSalmonEntityForge=300, BlackSeaNettleJellyfishEntityForge=300, BlacktipReefSharkEntityForge=300, BottlenoseDolphinEntityForge=700, CannonballJellyfishEntityForge=300, CaribbeanReefOctopusEntityForge=300, CommonOctopusEntityForge=300, CommonStingrayEntityForge=300, CommonThresherSharkEntityForge=300, GiantMorayEelEntityForge=300, GreatHammerheadSharkEntityForge=300, GreatWhiteSharkEntityForge=300, GreenSeaTurtleEntityForge=300, HarborSealEntityForge=300, NautilusEntityForge=300, OceanicWhitetipSharkEntityForge=300, OrcaEntityForge=700, SandtigerSharkEntityForge=300, ShortfinMakoSharkEntityForge=300, TigerSharkEntityForge=300}	11	{death_AmericanLobsterEntityForge_mob_by_BlacktipReefSharkEntityForge=2, death_AmericanLobsterEntityForge_mob_by_CommonStingrayEntityForge=1, death_AmericanLobsterEntityForge_mob_by_SandtigerSharkEntityForge=1, death_AmericanLobsterEntityForge_mob_by_TigerSharkEntityForge=1, death_AtlanticCodEntityForge_mob_by_BlacktipReefSharkEntityForge=2, death_AtlanticCodEntityForge_mob_by_CommonThresherSharkEntityForge=1, death_AtlanticCodEntityForge_mob_by_GreatWhiteSharkEntityForge=1, death_AtlanticCodEntityForge_mob_by_SandtigerSharkEntityForge=1, death_AtlanticCodEntityForge_mob_by_ShortfinMakoSharkEntityForge=1, death_AtlanticSalmonEntityForge_mob_by_BlacktipReefSharkEntityForge=3, death_AtlanticSalmonEntityForge_mob_by_CommonThresherSharkEntityForge=3, death_AtlanticSalmonEntityForge_mob_by_GreatHammerheadSharkEntityForge=1, death_AtlanticSalmonEntityForge_mob_by_OceanicWhitetipSharkEntityForge=1, death_BottlenoseDolphinEntityForge_mob_by_GreatWhiteSharkEntityForge=1, death_BottlenoseDolphinEntityForge_mob_by_OceanicWhitetipSharkEntityForge=2, death_BottlenoseDolphinEntityForge_mob_by_ShortfinMakoSharkEntityForge=1, death_CaribbeanReefOctopusEntityForge_mob_by_BlacktipReefSharkEntityForge=1, death_CaribbeanReefOctopusEntityForge_mob_by_CommonStingrayEntityForge=2, death_CaribbeanReefOctopusEntityForge_mob_by_GreatHammerheadSharkEntityForge=2, death_CommonOctopusEntityForge_mob_by_SandtigerSharkEntityForge=1, death_GreenSeaTurtleEntityForge_mob_by_GreatWhiteSharkEntityForge=1, death_GreenSeaTurtleEntityForge_mob_by_ShortfinMakoSharkEntityForge=1, death_HarborSealEntityForge_mob_by_TigerSharkEntityForge=1, living_deaths=32, navigation_calls=75771, sensor_calls=105901}	110	126
23400	1441138400	{AmericanLobsterEntityForge=19, AtlanticCodEntityForge=16, AtlanticSalmonEntityForge=16, BlackSeaNettleJellyfishEntityForge=2, BlacktipReefSharkEntityForge=6, BottlenoseDolphinEntityForge=8, CannonballJellyfishEntityForge=4, CaribbeanReefOctopusEntityForge=4, CommonOctopusEntityForge=6, CommonStingrayEntityForge=6, CommonThresherSharkEntityForge=2, GiantMorayEelEntityForge=8, GreatHammerheadSharkEntityForge=2, GreatWhiteSharkEntityForge=2, GreenSeaTurtleEntityForge=6, HarborSealEntityForge=6, NautilusEntityForge=2, OceanicWhitetipSharkEntityForge=2, OrcaEntityForge=2, SandtigerSharkEntityForge=2, ShortfinMakoSharkEntityForge=2, TigerSharkEntityForge=2}	{AmericanLobsterEntityForge=300, AtlanticCodEntityForge=300, AtlanticSalmonEntityForge=300, BlackSeaNettleJellyfishEntityForge=300, BlacktipReefSharkEntityForge=300, BottlenoseDolphinEntityForge=700, CannonballJellyfishEntityForge=300, CaribbeanReefOctopusEntityForge=300, CommonOctopusEntityForge=300, CommonStingrayEntityForge=300, CommonThresherSharkEntityForge=300, GiantMorayEelEntityForge=300, GreatHammerheadSharkEntityForge=300, GreatWhiteSharkEntityForge=300, GreenSeaTurtleEntityForge=300, HarborSealEntityForge=300, NautilusEntityForge=300, OceanicWhitetipSharkEntityForge=300, OrcaEntityForge=700, SandtigerSharkEntityForge=300, ShortfinMakoSharkEntityForge=300, TigerSharkEntityForge=300}	11	{death_AmericanLobsterEntityForge_mob_by_BlacktipReefSharkEntityForge=2, death_AmericanLobsterEntityForge_mob_by_CommonStingrayEntityForge=2, death_AmericanLobsterEntityForge_mob_by_SandtigerSharkEntityForge=1, death_AmericanLobsterEntityForge_mob_by_TigerSharkEntityForge=1, death_AtlanticCodEntityForge_mob_by_BlacktipReefSharkEntityForge=2, death_AtlanticCodEntityForge_mob_by_CommonThresherSharkEntityForge=1, death_AtlanticCodEntityForge_mob_by_GreatWhiteSharkEntityForge=1, death_AtlanticCodEntityForge_mob_by_SandtigerSharkEntityForge=1, death_AtlanticCodEntityForge_mob_by_ShortfinMakoSharkEntityForge=1, death_AtlanticSalmonEntityForge_mob_by_BlacktipReefSharkEntityForge=3, death_AtlanticSalmonEntityForge_mob_by_CommonThresherSharkEntityForge=3, death_AtlanticSalmonEntityForge_mob_by_GreatHammerheadSharkEntityForge=1, death_AtlanticSalmonEntityForge_mob_by_OceanicWhitetipSharkEntityForge=1, death_BottlenoseDolphinEntityForge_mob_by_GreatWhiteSharkEntityForge=1, death_BottlenoseDolphinEntityForge_mob_by_OceanicWhitetipSharkEntityForge=2, death_BottlenoseDolphinEntityForge_mob_by_ShortfinMakoSharkEntityForge=1, death_CaribbeanReefOctopusEntityForge_mob_by_BlacktipReefSharkEntityForge=1, death_CaribbeanReefOctopusEntityForge_mob_by_CommonStingrayEntityForge=2, death_CaribbeanReefOctopusEntityForge_mob_by_GreatHammerheadSharkEntityForge=2, death_CommonOctopusEntityForge_mob_by_SandtigerSharkEntityForge=1, death_GreenSeaTurtleEntityForge_mob_by_GreatWhiteSharkEntityForge=1, death_GreenSeaTurtleEntityForge_mob_by_ShortfinMakoSharkEntityForge=1, death_HarborSealEntityForge_mob_by_TigerSharkEntityForge=1, living_deaths=33, navigation_calls=76391, sensor_calls=106846}	110	125
23600	320440984	{AmericanLobsterEntityForge=20, AtlanticCodEntityForge=16, AtlanticSalmonEntityForge=16, BlackSeaNettleJellyfishEntityForge=2, BlacktipReefSharkEntityForge=6, BottlenoseDolphinEntityForge=8, CannonballJellyfishEntityForge=4, CaribbeanReefOctopusEntityForge=4, CommonOctopusEntityForge=6, CommonStingrayEntityForge=6, CommonThresherSharkEntityForge=2, GiantMorayEelEntityForge=8, GreatHammerheadSharkEntityForge=2, GreatWhiteSharkEntityForge=2, GreenSeaTurtleEntityForge=6, HarborSealEntityForge=6, NautilusEntityForge=2, OceanicWhitetipSharkEntityForge=2, OrcaEntityForge=2, SandtigerSharkEntityForge=2, ShortfinMakoSharkEntityForge=2, TigerSharkEntityForge=2}	{AmericanLobsterEntityForge=300, AtlanticCodEntityForge=300, AtlanticSalmonEntityForge=300, BlackSeaNettleJellyfishEntityForge=300, BlacktipReefSharkEntityForge=300, BottlenoseDolphinEntityForge=700, CannonballJellyfishEntityForge=300, CaribbeanReefOctopusEntityForge=300, CommonOctopusEntityForge=300, CommonStingrayEntityForge=300, CommonThresherSharkEntityForge=300, GiantMorayEelEntityForge=300, GreatHammerheadSharkEntityForge=300, GreatWhiteSharkEntityForge=300, GreenSeaTurtleEntityForge=300, HarborSealEntityForge=300, NautilusEntityForge=300, OceanicWhitetipSharkEntityForge=300, OrcaEntityForge=700, SandtigerSharkEntityForge=300, ShortfinMakoSharkEntityForge=300, TigerSharkEntityForge=300}	11	{death_AmericanLobsterEntityForge_mob_by_BlacktipReefSharkEntityForge=2, death_AmericanLobsterEntityForge_mob_by_CommonStingrayEntityForge=2, death_AmericanLobsterEntityForge_mob_by_SandtigerSharkEntityForge=1, death_AmericanLobsterEntityForge_mob_by_TigerSharkEntityForge=1, death_AtlanticCodEntityForge_mob_by_BlacktipReefSharkEntityForge=2, death_AtlanticCodEntityForge_mob_by_CommonThresherSharkEntityForge=1, death_AtlanticCodEntityForge_mob_by_GreatWhiteSharkEntityForge=1, death_AtlanticCodEntityForge_mob_by_SandtigerSharkEntityForge=1, death_AtlanticCodEntityForge_mob_by_ShortfinMakoSharkEntityForge=1, death_AtlanticSalmonEntityForge_mob_by_BlacktipReefSharkEntityForge=3, death_AtlanticSalmonEntityForge_mob_by_CommonThresherSharkEntityForge=3, death_AtlanticSalmonEntityForge_mob_by_GreatHammerheadSharkEntityForge=1, death_AtlanticSalmonEntityForge_mob_by_OceanicWhitetipSharkEntityForge=1, death_BottlenoseDolphinEntityForge_mob_by_GreatWhiteSharkEntityForge=1, death_BottlenoseDolphinEntityForge_mob_by_OceanicWhitetipSharkEntityForge=2, death_BottlenoseDolphinEntityForge_mob_by_ShortfinMakoSharkEntityForge=1, death_CaribbeanReefOctopusEntityForge_mob_by_BlacktipReefSharkEntityForge=1, death_CaribbeanReefOctopusEntityForge_mob_by_CommonStingrayEntityForge=2, death_CaribbeanReefOctopusEntityForge_mob_by_GreatHammerheadSharkEntityForge=2, death_CommonOctopusEntityForge_mob_by_SandtigerSharkEntityForge=1, death_GreenSeaTurtleEntityForge_mob_by_GreatWhiteSharkEntityForge=1, death_GreenSeaTurtleEntityForge_mob_by_ShortfinMakoSharkEntityForge=1, death_HarborSealEntityForge_mob_by_TigerSharkEntityForge=1, living_deaths=33, navigation_calls=77038, sensor_calls=107721}	110	126
23800	479824536	{AmericanLobsterEntityForge=20, AtlanticCodEntityForge=16, AtlanticSalmonEntityForge=16, BlackSeaNettleJellyfishEntityForge=2, BlacktipReefSharkEntityForge=5, BottlenoseDolphinEntityForge=8, CannonballJellyfishEntityForge=4, CaribbeanReefOctopusEntityForge=4, CommonOctopusEntityForge=6, CommonStingrayEntityForge=6, CommonThresherSharkEntityForge=2, GiantMorayEelEntityForge=8, GreatHammerheadSharkEntityForge=2, GreatWhiteSharkEntityForge=2, GreenSeaTurtleEntityForge=6, HarborSealEntityForge=6, NautilusEntityForge=2, OceanicWhitetipSharkEntityForge=2, OrcaEntityForge=2, SandtigerSharkEntityForge=2, ShortfinMakoSharkEntityForge=2, TigerSharkEntityForge=2}	{AmericanLobsterEntityForge=300, AtlanticCodEntityForge=300, AtlanticSalmonEntityForge=300, BlackSeaNettleJellyfishEntityForge=300, BlacktipReefSharkEntityForge=300, BottlenoseDolphinEntityForge=700, CannonballJellyfishEntityForge=300, CaribbeanReefOctopusEntityForge=300, CommonOctopusEntityForge=300, CommonStingrayEntityForge=300, CommonThresherSharkEntityForge=300, GiantMorayEelEntityForge=300, GreatHammerheadSharkEntityForge=300, GreatWhiteSharkEntityForge=300, GreenSeaTurtleEntityForge=300, HarborSealEntityForge=300, NautilusEntityForge=300, OceanicWhitetipSharkEntityForge=300, OrcaEntityForge=700, SandtigerSharkEntityForge=300, ShortfinMakoSharkEntityForge=300, TigerSharkEntityForge=300}	11	{death_AmericanLobsterEntityForge_mob_by_BlacktipReefSharkEntityForge=2, death_AmericanLobsterEntityForge_mob_by_CommonStingrayEntityForge=2, death_AmericanLobsterEntityForge_mob_by_SandtigerSharkEntityForge=1, death_AmericanLobsterEntityForge_mob_by_TigerSharkEntityForge=1, death_AtlanticCodEntityForge_mob_by_BlacktipReefSharkEntityForge=2, death_AtlanticCodEntityForge_mob_by_CommonThresherSharkEntityForge=1, death_AtlanticCodEntityForge_mob_by_GreatWhiteSharkEntityForge=1, death_AtlanticCodEntityForge_mob_by_SandtigerSharkEntityForge=1, death_AtlanticCodEntityForge_mob_by_ShortfinMakoSharkEntityForge=1, death_AtlanticSalmonEntityForge_mob_by_BlacktipReefSharkEntityForge=3, death_AtlanticSalmonEntityForge_mob_by_CommonThresherSharkEntityForge=3, death_AtlanticSalmonEntityForge_mob_by_GreatHammerheadSharkEntityForge=1, death_AtlanticSalmonEntityForge_mob_by_OceanicWhitetipSharkEntityForge=1, death_BlacktipReefSharkEntityForge_mob_by_ShortfinMakoSharkEntityForge=1, death_BottlenoseDolphinEntityForge_mob_by_GreatWhiteSharkEntityForge=1, death_BottlenoseDolphinEntityForge_mob_by_OceanicWhitetipSharkEntityForge=2, death_BottlenoseDolphinEntityForge_mob_by_ShortfinMakoSharkEntityForge=1, death_CaribbeanReefOctopusEntityForge_mob_by_BlacktipReefSharkEntityForge=1, death_CaribbeanReefOctopusEntityForge_mob_by_CommonStingrayEntityForge=2, death_CaribbeanReefOctopusEntityForge_mob_by_GreatHammerheadSharkEntityForge=2, death_CommonOctopusEntityForge_mob_by_SandtigerSharkEntityForge=1, death_GreenSeaTurtleEntityForge_mob_by_GreatWhiteSharkEntityForge=1, death_GreenSeaTurtleEntityForge_mob_by_ShortfinMakoSharkEntityForge=1, death_HarborSealEntityForge_mob_by_TigerSharkEntityForge=1, living_deaths=34, navigation_calls=77697, sensor_calls=108668}	110	125
24000	657033880	{AmericanLobsterEntityForge=20, AtlanticCodEntityForge=16, AtlanticSalmonEntityForge=16, BlackSeaNettleJellyfishEntityForge=2, BlacktipReefSharkEntityForge=6, BottlenoseDolphinEntityForge=8, CannonballJellyfishEntityForge=4, CaribbeanReefOctopusEntityForge=4, CommonOctopusEntityForge=6, CommonStingrayEntityForge=6, CommonThresherSharkEntityForge=2, GiantMorayEelEntityForge=8, GreatHammerheadSharkEntityForge=2, GreatWhiteSharkEntityForge=2, GreenSeaTurtleEntityForge=6, HarborSealEntityForge=6, NautilusEntityForge=2, OceanicWhitetipSharkEntityForge=2, OrcaEntityForge=2, SandtigerSharkEntityForge=2, ShortfinMakoSharkEntityForge=2, TigerSharkEntityForge=2}	{AmericanLobsterEntityForge=300, AtlanticCodEntityForge=300, AtlanticSalmonEntityForge=300, BlackSeaNettleJellyfishEntityForge=300, BlacktipReefSharkEntityForge=300, BottlenoseDolphinEntityForge=700, CannonballJellyfishEntityForge=300, CaribbeanReefOctopusEntityForge=300, CommonOctopusEntityForge=300, CommonStingrayEntityForge=300, CommonThresherSharkEntityForge=300, GiantMorayEelEntityForge=300, GreatHammerheadSharkEntityForge=300, GreatWhiteSharkEntityForge=300, GreenSeaTurtleEntityForge=300, HarborSealEntityForge=300, NautilusEntityForge=300, OceanicWhitetipSharkEntityForge=300, OrcaEntityForge=700, SandtigerSharkEntityForge=300, ShortfinMakoSharkEntityForge=300, TigerSharkEntityForge=300}	11	{death_AmericanLobsterEntityForge_mob_by_BlacktipReefSharkEntityForge=2, death_AmericanLobsterEntityForge_mob_by_CommonStingrayEntityForge=2, death_AmericanLobsterEntityForge_mob_by_SandtigerSharkEntityForge=1, death_AmericanLobsterEntityForge_mob_by_TigerSharkEntityForge=1, death_AtlanticCodEntityForge_mob_by_BlacktipReefSharkEntityForge=2, death_AtlanticCodEntityForge_mob_by_CommonThresherSharkEntityForge=1, death_AtlanticCodEntityForge_mob_by_GreatWhiteSharkEntityForge=1, death_AtlanticCodEntityForge_mob_by_SandtigerSharkEntityForge=1, death_AtlanticCodEntityForge_mob_by_ShortfinMakoSharkEntityForge=1, death_AtlanticSalmonEntityForge_mob_by_BlacktipReefSharkEntityForge=3, death_AtlanticSalmonEntityForge_mob_by_CommonThresherSharkEntityForge=3, death_AtlanticSalmonEntityForge_mob_by_GreatHammerheadSharkEntityForge=1, death_AtlanticSalmonEntityForge_mob_by_OceanicWhitetipSharkEntityForge=1, death_BlacktipReefSharkEntityForge_mob_by_ShortfinMakoSharkEntityForge=1, death_BottlenoseDolphinEntityForge_mob_by_GreatWhiteSharkEntityForge=1, death_BottlenoseDolphinEntityForge_mob_by_OceanicWhitetipSharkEntityForge=2, death_BottlenoseDolphinEntityForge_mob_by_ShortfinMakoSharkEntityForge=1, death_CaribbeanReefOctopusEntityForge_mob_by_BlacktipReefSharkEntityForge=1, death_CaribbeanReefOctopusEntityForge_mob_by_CommonStingrayEntityForge=2, death_CaribbeanReefOctopusEntityForge_mob_by_GreatHammerheadSharkEntityForge=2, death_CommonOctopusEntityForge_mob_by_SandtigerSharkEntityForge=1, death_GreenSeaTurtleEntityForge_mob_by_GreatWhiteSharkEntityForge=1, death_GreenSeaTurtleEntityForge_mob_by_ShortfinMakoSharkEntityForge=1, death_HarborSealEntityForge_mob_by_TigerSharkEntityForge=1, living_deaths=34, navigation_calls=78412, sensor_calls=109616}	110	126
24200	851020440	{AmericanLobsterEntityForge=19, AtlanticCodEntityForge=16, AtlanticSalmonEntityForge=16, BlackSeaNettleJellyfishEntityForge=2, BlacktipReefSharkEntityForge=6, BottlenoseDolphinEntityForge=8, CannonballJellyfishEntityForge=4, CaribbeanReefOctopusEntityForge=4, CommonOctopusEntityForge=6, CommonStingrayEntityForge=6, CommonThresherSharkEntityForge=2, GiantMorayEelEntityForge=8, GreatHammerheadSharkEntityForge=2, GreatWhiteSharkEntityForge=2, GreenSeaTurtleEntityForge=6, HarborSealEntityForge=6, NautilusEntityForge=2, OceanicWhitetipSharkEntityForge=2, OrcaEntityForge=2, SandtigerSharkEntityForge=2, ShortfinMakoSharkEntityForge=2, TigerSharkEntityForge=2}	{AmericanLobsterEntityForge=300, AtlanticCodEntityForge=300, AtlanticSalmonEntityForge=300, BlackSeaNettleJellyfishEntityForge=300, BlacktipReefSharkEntityForge=300, BottlenoseDolphinEntityForge=700, CannonballJellyfishEntityForge=300, CaribbeanReefOctopusEntityForge=300, CommonOctopusEntityForge=300, CommonStingrayEntityForge=300, CommonThresherSharkEntityForge=300, GiantMorayEelEntityForge=300, GreatHammerheadSharkEntityForge=300, GreatWhiteSharkEntityForge=300, GreenSeaTurtleEntityForge=300, HarborSealEntityForge=300, NautilusEntityForge=300, OceanicWhitetipSharkEntityForge=300, OrcaEntityForge=700, SandtigerSharkEntityForge=300, ShortfinMakoSharkEntityForge=300, TigerSharkEntityForge=300}	11	{death_AmericanLobsterEntityForge_mob_by_BlacktipReefSharkEntityForge=2, death_AmericanLobsterEntityForge_mob_by_CommonStingrayEntityForge=2, death_AmericanLobsterEntityForge_mob_by_SandtigerSharkEntityForge=1, death_AmericanLobsterEntityForge_mob_by_TigerSharkEntityForge=2, death_AtlanticCodEntityForge_mob_by_BlacktipReefSharkEntityForge=2, death_AtlanticCodEntityForge_mob_by_CommonThresherSharkEntityForge=1, death_AtlanticCodEntityForge_mob_by_GreatWhiteSharkEntityForge=1, death_AtlanticCodEntityForge_mob_by_SandtigerSharkEntityForge=1, death_AtlanticCodEntityForge_mob_by_ShortfinMakoSharkEntityForge=1, death_AtlanticSalmonEntityForge_mob_by_BlacktipReefSharkEntityForge=3, death_AtlanticSalmonEntityForge_mob_by_CommonThresherSharkEntityForge=3, death_AtlanticSalmonEntityForge_mob_by_GreatHammerheadSharkEntityForge=1, death_AtlanticSalmonEntityForge_mob_by_OceanicWhitetipSharkEntityForge=1, death_BlacktipReefSharkEntityForge_mob_by_ShortfinMakoSharkEntityForge=1, death_BottlenoseDolphinEntityForge_mob_by_GreatWhiteSharkEntityForge=1, death_BottlenoseDolphinEntityForge_mob_by_OceanicWhitetipSharkEntityForge=2, death_BottlenoseDolphinEntityForge_mob_by_ShortfinMakoSharkEntityForge=1, death_CaribbeanReefOctopusEntityForge_mob_by_BlacktipReefSharkEntityForge=1, death_CaribbeanReefOctopusEntityForge_mob_by_CommonStingrayEntityForge=2, death_CaribbeanReefOctopusEntityForge_mob_by_GreatHammerheadSharkEntityForge=2, death_CommonOctopusEntityForge_mob_by_SandtigerSharkEntityForge=1, death_GreenSeaTurtleEntityForge_mob_by_GreatWhiteSharkEntityForge=1, death_GreenSeaTurtleEntityForge_mob_by_ShortfinMakoSharkEntityForge=1, death_HarborSealEntityForge_mob_by_TigerSharkEntityForge=1, living_deaths=35, navigation_calls=79193, sensor_calls=110491}	108	125
24400	1032424088	{AmericanLobsterEntityForge=20, AtlanticCodEntityForge=16, AtlanticSalmonEntityForge=16, BlackSeaNettleJellyfishEntityForge=2, BlacktipReefSharkEntityForge=6, BottlenoseDolphinEntityForge=8, CannonballJellyfishEntityForge=4, CaribbeanReefOctopusEntityForge=4, CommonOctopusEntityForge=6, CommonStingrayEntityForge=6, CommonThresherSharkEntityForge=2, GiantMorayEelEntityForge=8, GreatHammerheadSharkEntityForge=2, GreatWhiteSharkEntityForge=2, GreenSeaTurtleEntityForge=6, HarborSealEntityForge=6, NautilusEntityForge=2, OceanicWhitetipSharkEntityForge=2, OrcaEntityForge=2, SandtigerSharkEntityForge=2, ShortfinMakoSharkEntityForge=2, TigerSharkEntityForge=2}	{AmericanLobsterEntityForge=300, AtlanticCodEntityForge=300, AtlanticSalmonEntityForge=300, BlackSeaNettleJellyfishEntityForge=300, BlacktipReefSharkEntityForge=300, BottlenoseDolphinEntityForge=700, CannonballJellyfishEntityForge=300, CaribbeanReefOctopusEntityForge=300, CommonOctopusEntityForge=300, CommonStingrayEntityForge=300, CommonThresherSharkEntityForge=300, GiantMorayEelEntityForge=300, GreatHammerheadSharkEntityForge=300, GreatWhiteSharkEntityForge=300, GreenSeaTurtleEntityForge=300, HarborSealEntityForge=300, NautilusEntityForge=300, OceanicWhitetipSharkEntityForge=300, OrcaEntityForge=700, SandtigerSharkEntityForge=300, ShortfinMakoSharkEntityForge=300, TigerSharkEntityForge=300}	11	{death_AmericanLobsterEntityForge_mob_by_BlacktipReefSharkEntityForge=2, death_AmericanLobsterEntityForge_mob_by_CommonStingrayEntityForge=2, death_AmericanLobsterEntityForge_mob_by_SandtigerSharkEntityForge=1, death_AmericanLobsterEntityForge_mob_by_TigerSharkEntityForge=2, death_AtlanticCodEntityForge_mob_by_BlacktipReefSharkEntityForge=2, death_AtlanticCodEntityForge_mob_by_CommonThresherSharkEntityForge=1, death_AtlanticCodEntityForge_mob_by_GreatWhiteSharkEntityForge=1, death_AtlanticCodEntityForge_mob_by_SandtigerSharkEntityForge=1, death_AtlanticCodEntityForge_mob_by_ShortfinMakoSharkEntityForge=1, death_AtlanticSalmonEntityForge_mob_by_BlacktipReefSharkEntityForge=3, death_AtlanticSalmonEntityForge_mob_by_CommonThresherSharkEntityForge=3, death_AtlanticSalmonEntityForge_mob_by_GreatHammerheadSharkEntityForge=1, death_AtlanticSalmonEntityForge_mob_by_OceanicWhitetipSharkEntityForge=1, death_BlacktipReefSharkEntityForge_mob_by_ShortfinMakoSharkEntityForge=1, death_BottlenoseDolphinEntityForge_mob_by_GreatWhiteSharkEntityForge=1, death_BottlenoseDolphinEntityForge_mob_by_OceanicWhitetipSharkEntityForge=2, death_BottlenoseDolphinEntityForge_mob_by_ShortfinMakoSharkEntityForge=1, death_CaribbeanReefOctopusEntityForge_mob_by_BlacktipReefSharkEntityForge=1, death_CaribbeanReefOctopusEntityForge_mob_by_CommonStingrayEntityForge=2, death_CaribbeanReefOctopusEntityForge_mob_by_GreatHammerheadSharkEntityForge=2, death_CommonOctopusEntityForge_mob_by_SandtigerSharkEntityForge=1, death_GreenSeaTurtleEntityForge_mob_by_GreatWhiteSharkEntityForge=1, death_GreenSeaTurtleEntityForge_mob_by_ShortfinMakoSharkEntityForge=1, death_HarborSealEntityForge_mob_by_TigerSharkEntityForge=1, living_deaths=35, navigation_calls=79944, sensor_calls=111436}	112	126
24600	1206487704	{AmericanLobsterEntityForge=20, AtlanticCodEntityForge=16, AtlanticSalmonEntityForge=16, BlackSeaNettleJellyfishEntityForge=2, BlacktipReefSharkEntityForge=6, BottlenoseDolphinEntityForge=8, CannonballJellyfishEntityForge=4, CaribbeanReefOctopusEntityForge=4, CommonOctopusEntityForge=6, CommonStingrayEntityForge=6, CommonThresherSharkEntityForge=2, GiantMorayEelEntityForge=8, GreatHammerheadSharkEntityForge=2, GreatWhiteSharkEntityForge=2, GreenSeaTurtleEntityForge=6, HarborSealEntityForge=6, NautilusEntityForge=2, OceanicWhitetipSharkEntityForge=2, OrcaEntityForge=2, SandtigerSharkEntityForge=2, ShortfinMakoSharkEntityForge=2, TigerSharkEntityForge=2}	{AmericanLobsterEntityForge=300, AtlanticCodEntityForge=300, AtlanticSalmonEntityForge=300, BlackSeaNettleJellyfishEntityForge=300, BlacktipReefSharkEntityForge=300, BottlenoseDolphinEntityForge=700, CannonballJellyfishEntityForge=300, CaribbeanReefOctopusEntityForge=300, CommonOctopusEntityForge=300, CommonStingrayEntityForge=300, CommonThresherSharkEntityForge=300, GiantMorayEelEntityForge=300, GreatHammerheadSharkEntityForge=300, GreatWhiteSharkEntityForge=300, GreenSeaTurtleEntityForge=300, HarborSealEntityForge=300, NautilusEntityForge=300, OceanicWhitetipSharkEntityForge=300, OrcaEntityForge=700, SandtigerSharkEntityForge=300, ShortfinMakoSharkEntityForge=300, TigerSharkEntityForge=300}	11	{death_AmericanLobsterEntityForge_mob_by_BlacktipReefSharkEntityForge=2, death_AmericanLobsterEntityForge_mob_by_CommonStingrayEntityForge=2, death_AmericanLobsterEntityForge_mob_by_SandtigerSharkEntityForge=1, death_AmericanLobsterEntityForge_mob_by_TigerSharkEntityForge=2, death_AtlanticCodEntityForge_mob_by_BlacktipReefSharkEntityForge=2, death_AtlanticCodEntityForge_mob_by_CommonThresherSharkEntityForge=1, death_AtlanticCodEntityForge_mob_by_GreatWhiteSharkEntityForge=1, death_AtlanticCodEntityForge_mob_by_SandtigerSharkEntityForge=1, death_AtlanticCodEntityForge_mob_by_ShortfinMakoSharkEntityForge=1, death_AtlanticSalmonEntityForge_mob_by_BlacktipReefSharkEntityForge=3, death_AtlanticSalmonEntityForge_mob_by_CommonThresherSharkEntityForge=3, death_AtlanticSalmonEntityForge_mob_by_GreatHammerheadSharkEntityForge=1, death_AtlanticSalmonEntityForge_mob_by_OceanicWhitetipSharkEntityForge=1, death_BlacktipReefSharkEntityForge_mob_by_ShortfinMakoSharkEntityForge=1, death_BottlenoseDolphinEntityForge_mob_by_GreatWhiteSharkEntityForge=1, death_BottlenoseDolphinEntityForge_mob_by_OceanicWhitetipSharkEntityForge=2, death_BottlenoseDolphinEntityForge_mob_by_ShortfinMakoSharkEntityForge=1, death_CaribbeanReefOctopusEntityForge_mob_by_BlacktipReefSharkEntityForge=1, death_CaribbeanReefOctopusEntityForge_mob_by_CommonStingrayEntityForge=2, death_CaribbeanReefOctopusEntityForge_mob_by_GreatHammerheadSharkEntityForge=2, death_CommonOctopusEntityForge_mob_by_SandtigerSharkEntityForge=1, death_GreenSeaTurtleEntityForge_mob_by_GreatWhiteSharkEntityForge=1, death_GreenSeaTurtleEntityForge_mob_by_ShortfinMakoSharkEntityForge=1, death_HarborSealEntityForge_mob_by_TigerSharkEntityForge=1, living_deaths=35, navigation_calls=80693, sensor_calls=112318}	115	126
24800	1373211288	{AmericanLobsterEntityForge=19, AtlanticCodEntityForge=16, AtlanticSalmonEntityForge=16, BlackSeaNettleJellyfishEntityForge=2, BlacktipReefSharkEntityForge=6, BottlenoseDolphinEntityForge=8, CannonballJellyfishEntityForge=4, CaribbeanReefOctopusEntityForge=3, CommonOctopusEntityForge=6, CommonStingrayEntityForge=5, CommonThresherSharkEntityForge=2, GiantMorayEelEntityForge=8, GreatHammerheadSharkEntityForge=2, GreatWhiteSharkEntityForge=2, GreenSeaTurtleEntityForge=6, HarborSealEntityForge=5, NautilusEntityForge=2, OceanicWhitetipSharkEntityForge=2, OrcaEntityForge=2, SandtigerSharkEntityForge=2, ShortfinMakoSharkEntityForge=2, TigerSharkEntityForge=2}	{AmericanLobsterEntityForge=300, AtlanticCodEntityForge=300, AtlanticSalmonEntityForge=300, BlackSeaNettleJellyfishEntityForge=300, BlacktipReefSharkEntityForge=300, BottlenoseDolphinEntityForge=700, CannonballJellyfishEntityForge=300, CaribbeanReefOctopusEntityForge=300, CommonOctopusEntityForge=300, CommonStingrayEntityForge=300, CommonThresherSharkEntityForge=300, GiantMorayEelEntityForge=300, GreatHammerheadSharkEntityForge=300, GreatWhiteSharkEntityForge=300, GreenSeaTurtleEntityForge=300, HarborSealEntityForge=300, NautilusEntityForge=300, OceanicWhitetipSharkEntityForge=300, OrcaEntityForge=700, SandtigerSharkEntityForge=300, ShortfinMakoSharkEntityForge=300, TigerSharkEntityForge=300}	11	{death_AmericanLobsterEntityForge_mob_by_BlacktipReefSharkEntityForge=3, death_AmericanLobsterEntityForge_mob_by_CommonStingrayEntityForge=2, death_AmericanLobsterEntityForge_mob_by_SandtigerSharkEntityForge=1, death_AmericanLobsterEntityForge_mob_by_TigerSharkEntityForge=2, death_AtlanticCodEntityForge_mob_by_BlacktipReefSharkEntityForge=2, death_AtlanticCodEntityForge_mob_by_CommonThresherSharkEntityForge=1, death_AtlanticCodEntityForge_mob_by_GreatWhiteSharkEntityForge=1, death_AtlanticCodEntityForge_mob_by_SandtigerSharkEntityForge=1, death_AtlanticCodEntityForge_mob_by_ShortfinMakoSharkEntityForge=1, death_AtlanticSalmonEntityForge_mob_by_BlacktipReefSharkEntityForge=3, death_AtlanticSalmonEntityForge_mob_by_CommonThresherSharkEntityForge=3, death_AtlanticSalmonEntityForge_mob_by_GreatHammerheadSharkEntityForge=1, death_AtlanticSalmonEntityForge_mob_by_OceanicWhitetipSharkEntityForge=1, death_BlacktipReefSharkEntityForge_mob_by_ShortfinMakoSharkEntityForge=1, death_BottlenoseDolphinEntityForge_mob_by_GreatWhiteSharkEntityForge=1, death_BottlenoseDolphinEntityForge_mob_by_OceanicWhitetipSharkEntityForge=2, death_BottlenoseDolphinEntityForge_mob_by_ShortfinMakoSharkEntityForge=1, death_CaribbeanReefOctopusEntityForge_mob_by_BlacktipReefSharkEntityForge=1, death_CaribbeanReefOctopusEntityForge_mob_by_CommonStingrayEntityForge=2, death_CaribbeanReefOctopusEntityForge_mob_by_GreatHammerheadSharkEntityForge=3, death_CommonOctopusEntityForge_mob_by_SandtigerSharkEntityForge=1, death_CommonStingrayEntityForge_mob_by_BlacktipReefSharkEntityForge=1, death_GreenSeaTurtleEntityForge_mob_by_GreatWhiteSharkEntityForge=1, death_GreenSeaTurtleEntityForge_mob_by_ShortfinMakoSharkEntityForge=1, death_HarborSealEntityForge_mob_by_TigerSharkEntityForge=2, living_deaths=39, navigation_calls=81447, sensor_calls=113247}	105	122
25000	267061080	{AmericanLobsterEntityForge=19, AtlanticCodEntityForge=16, AtlanticSalmonEntityForge=16, BlackSeaNettleJellyfishEntityForge=2, BlacktipReefSharkEntityForge=6, BottlenoseDolphinEntityForge=6, CannonballJellyfishEntityForge=4, CaribbeanReefOctopusEntityForge=4, CommonOctopusEntityForge=6, CommonStingrayEntityForge=6, CommonThresherSharkEntityForge=2, GiantMorayEelEntityForge=8, GreatHammerheadSharkEntityForge=2, GreatWhiteSharkEntityForge=2, GreenSeaTurtleEntityForge=6, HarborSealEntityForge=6, NautilusEntityForge=2, OceanicWhitetipSharkEntityForge=2, OrcaEntityForge=2, SandtigerSharkEntityForge=2, ShortfinMakoSharkEntityForge=2, TigerSharkEntityForge=2}	{AmericanLobsterEntityForge=300, AtlanticCodEntityForge=300, AtlanticSalmonEntityForge=300, BlackSeaNettleJellyfishEntityForge=300, BlacktipReefSharkEntityForge=300, BottlenoseDolphinEntityForge=700, CannonballJellyfishEntityForge=300, CaribbeanReefOctopusEntityForge=300, CommonOctopusEntityForge=300, CommonStingrayEntityForge=300, CommonThresherSharkEntityForge=300, GiantMorayEelEntityForge=300, GreatHammerheadSharkEntityForge=300, GreatWhiteSharkEntityForge=300, GreenSeaTurtleEntityForge=300, HarborSealEntityForge=300, NautilusEntityForge=300, OceanicWhitetipSharkEntityForge=300, OrcaEntityForge=700, SandtigerSharkEntityForge=300, ShortfinMakoSharkEntityForge=300, TigerSharkEntityForge=300}	11	{death_AmericanLobsterEntityForge_mob_by_BlacktipReefSharkEntityForge=4, death_AmericanLobsterEntityForge_mob_by_CommonStingrayEntityForge=2, death_AmericanLobsterEntityForge_mob_by_SandtigerSharkEntityForge=1, death_AmericanLobsterEntityForge_mob_by_TigerSharkEntityForge=2, death_AtlanticCodEntityForge_mob_by_BlacktipReefSharkEntityForge=2, death_AtlanticCodEntityForge_mob_by_CommonThresherSharkEntityForge=1, death_AtlanticCodEntityForge_mob_by_GreatWhiteSharkEntityForge=1, death_AtlanticCodEntityForge_mob_by_SandtigerSharkEntityForge=1, death_AtlanticCodEntityForge_mob_by_ShortfinMakoSharkEntityForge=1, death_AtlanticSalmonEntityForge_mob_by_BlacktipReefSharkEntityForge=3, death_AtlanticSalmonEntityForge_mob_by_CommonThresherSharkEntityForge=3, death_AtlanticSalmonEntityForge_mob_by_GreatHammerheadSharkEntityForge=1, death_AtlanticSalmonEntityForge_mob_by_OceanicWhitetipSharkEntityForge=1, death_BlacktipReefSharkEntityForge_mob_by_ShortfinMakoSharkEntityForge=1, death_BottlenoseDolphinEntityForge_mob_by_GreatWhiteSharkEntityForge=1, death_BottlenoseDolphinEntityForge_mob_by_OceanicWhitetipSharkEntityForge=4, death_BottlenoseDolphinEntityForge_mob_by_ShortfinMakoSharkEntityForge=1, death_CaribbeanReefOctopusEntityForge_mob_by_BlacktipReefSharkEntityForge=1, death_CaribbeanReefOctopusEntityForge_mob_by_CommonStingrayEntityForge=2, death_CaribbeanReefOctopusEntityForge_mob_by_GreatHammerheadSharkEntityForge=3, death_CommonOctopusEntityForge_mob_by_SandtigerSharkEntityForge=1, death_CommonStingrayEntityForge_mob_by_BlacktipReefSharkEntityForge=1, death_GreenSeaTurtleEntityForge_mob_by_GreatWhiteSharkEntityForge=1, death_GreenSeaTurtleEntityForge_mob_by_ShortfinMakoSharkEntityForge=1, death_HarborSealEntityForge_mob_by_TigerSharkEntityForge=2, living_deaths=42, navigation_calls=82215, sensor_calls=114108}	102	123
25200	434833240	{AmericanLobsterEntityForge=20, AtlanticCodEntityForge=16, AtlanticSalmonEntityForge=16, BlackSeaNettleJellyfishEntityForge=2, BlacktipReefSharkEntityForge=6, BottlenoseDolphinEntityForge=8, CannonballJellyfishEntityForge=4, CaribbeanReefOctopusEntityForge=4, CommonOctopusEntityForge=6, CommonStingrayEntityForge=6, CommonThresherSharkEntityForge=2, GiantMorayEelEntityForge=8, GreatHammerheadSharkEntityForge=2, GreatWhiteSharkEntityForge=2, GreenSeaTurtleEntityForge=6, HarborSealEntityForge=6, NautilusEntityForge=2, OceanicWhitetipSharkEntityForge=2, OrcaEntityForge=2, SandtigerSharkEntityForge=2, ShortfinMakoSharkEntityForge=2, TigerSharkEntityForge=2}	{AmericanLobsterEntityForge=300, AtlanticCodEntityForge=300, AtlanticSalmonEntityForge=300, BlackSeaNettleJellyfishEntityForge=300, BlacktipReefSharkEntityForge=300, BottlenoseDolphinEntityForge=700, CannonballJellyfishEntityForge=300, CaribbeanReefOctopusEntityForge=300, CommonOctopusEntityForge=300, CommonStingrayEntityForge=300, CommonThresherSharkEntityForge=300, GiantMorayEelEntityForge=300, GreatHammerheadSharkEntityForge=300, GreatWhiteSharkEntityForge=300, GreenSeaTurtleEntityForge=300, HarborSealEntityForge=300, NautilusEntityForge=300, OceanicWhitetipSharkEntityForge=300, OrcaEntityForge=700, SandtigerSharkEntityForge=300, ShortfinMakoSharkEntityForge=300, TigerSharkEntityForge=300}	11	{death_AmericanLobsterEntityForge_mob_by_BlacktipReefSharkEntityForge=4, death_AmericanLobsterEntityForge_mob_by_CommonStingrayEntityForge=2, death_AmericanLobsterEntityForge_mob_by_SandtigerSharkEntityForge=1, death_AmericanLobsterEntityForge_mob_by_TigerSharkEntityForge=2, death_AtlanticCodEntityForge_mob_by_BlacktipReefSharkEntityForge=2, death_AtlanticCodEntityForge_mob_by_CommonThresherSharkEntityForge=1, death_AtlanticCodEntityForge_mob_by_GreatWhiteSharkEntityForge=1, death_AtlanticCodEntityForge_mob_by_SandtigerSharkEntityForge=1, death_AtlanticCodEntityForge_mob_by_ShortfinMakoSharkEntityForge=1, death_AtlanticSalmonEntityForge_mob_by_BlacktipReefSharkEntityForge=3, death_AtlanticSalmonEntityForge_mob_by_CommonThresherSharkEntityForge=3, death_AtlanticSalmonEntityForge_mob_by_GreatHammerheadSharkEntityForge=1, death_AtlanticSalmonEntityForge_mob_by_OceanicWhitetipSharkEntityForge=1, death_BlacktipReefSharkEntityForge_mob_by_ShortfinMakoSharkEntityForge=1, death_BottlenoseDolphinEntityForge_mob_by_GreatWhiteSharkEntityForge=1, death_BottlenoseDolphinEntityForge_mob_by_OceanicWhitetipSharkEntityForge=4, death_BottlenoseDolphinEntityForge_mob_by_ShortfinMakoSharkEntityForge=1, death_CaribbeanReefOctopusEntityForge_mob_by_BlacktipReefSharkEntityForge=1, death_CaribbeanReefOctopusEntityForge_mob_by_CommonStingrayEntityForge=2, death_CaribbeanReefOctopusEntityForge_mob_by_GreatHammerheadSharkEntityForge=3, death_CommonOctopusEntityForge_mob_by_SandtigerSharkEntityForge=1, death_CommonStingrayEntityForge_mob_by_BlacktipReefSharkEntityForge=1, death_GreenSeaTurtleEntityForge_mob_by_GreatWhiteSharkEntityForge=1, death_GreenSeaTurtleEntityForge_mob_by_ShortfinMakoSharkEntityForge=1, death_HarborSealEntityForge_mob_by_TigerSharkEntityForge=2, living_deaths=42, navigation_calls=83001, sensor_calls=115050}	105	126
25400	628819800	{AmericanLobsterEntityForge=20, AtlanticCodEntityForge=16, AtlanticSalmonEntityForge=16, BlackSeaNettleJellyfishEntityForge=2, BlacktipReefSharkEntityForge=6, BottlenoseDolphinEntityForge=8, CannonballJellyfishEntityForge=4, CaribbeanReefOctopusEntityForge=3, CommonOctopusEntityForge=6, CommonStingrayEntityForge=6, CommonThresherSharkEntityForge=2, GiantMorayEelEntityForge=8, GreatHammerheadSharkEntityForge=2, GreatWhiteSharkEntityForge=2, GreenSeaTurtleEntityForge=6, HarborSealEntityForge=6, NautilusEntityForge=2, OceanicWhitetipSharkEntityForge=2, OrcaEntityForge=2, SandtigerSharkEntityForge=2, ShortfinMakoSharkEntityForge=2, TigerSharkEntityForge=2}	{AmericanLobsterEntityForge=300, AtlanticCodEntityForge=300, AtlanticSalmonEntityForge=300, BlackSeaNettleJellyfishEntityForge=300, BlacktipReefSharkEntityForge=300, BottlenoseDolphinEntityForge=700, CannonballJellyfishEntityForge=300, CaribbeanReefOctopusEntityForge=300, CommonOctopusEntityForge=300, CommonStingrayEntityForge=300, CommonThresherSharkEntityForge=300, GiantMorayEelEntityForge=300, GreatHammerheadSharkEntityForge=300, GreatWhiteSharkEntityForge=300, GreenSeaTurtleEntityForge=300, HarborSealEntityForge=300, NautilusEntityForge=300, OceanicWhitetipSharkEntityForge=300, OrcaEntityForge=700, SandtigerSharkEntityForge=300, ShortfinMakoSharkEntityForge=300, TigerSharkEntityForge=300}	11	{death_AmericanLobsterEntityForge_mob_by_BlacktipReefSharkEntityForge=4, death_AmericanLobsterEntityForge_mob_by_CommonStingrayEntityForge=2, death_AmericanLobsterEntityForge_mob_by_SandtigerSharkEntityForge=1, death_AmericanLobsterEntityForge_mob_by_TigerSharkEntityForge=2, death_AtlanticCodEntityForge_mob_by_BlacktipReefSharkEntityForge=2, death_AtlanticCodEntityForge_mob_by_CommonThresherSharkEntityForge=1, death_AtlanticCodEntityForge_mob_by_GreatWhiteSharkEntityForge=1, death_AtlanticCodEntityForge_mob_by_SandtigerSharkEntityForge=1, death_AtlanticCodEntityForge_mob_by_ShortfinMakoSharkEntityForge=1, death_AtlanticSalmonEntityForge_mob_by_BlacktipReefSharkEntityForge=3, death_AtlanticSalmonEntityForge_mob_by_CommonThresherSharkEntityForge=3, death_AtlanticSalmonEntityForge_mob_by_GreatHammerheadSharkEntityForge=1, death_AtlanticSalmonEntityForge_mob_by_OceanicWhitetipSharkEntityForge=1, death_BlacktipReefSharkEntityForge_mob_by_ShortfinMakoSharkEntityForge=1, death_BottlenoseDolphinEntityForge_mob_by_GreatWhiteSharkEntityForge=1, death_BottlenoseDolphinEntityForge_mob_by_OceanicWhitetipSharkEntityForge=4, death_BottlenoseDolphinEntityForge_mob_by_ShortfinMakoSharkEntityForge=1, death_CaribbeanReefOctopusEntityForge_mob_by_BlacktipReefSharkEntityForge=2, death_CaribbeanReefOctopusEntityForge_mob_by_CommonStingrayEntityForge=2, death_CaribbeanReefOctopusEntityForge_mob_by_GreatHammerheadSharkEntityForge=3, death_CommonOctopusEntityForge_mob_by_SandtigerSharkEntityForge=1, death_CommonStingrayEntityForge_mob_by_BlacktipReefSharkEntityForge=1, death_GreenSeaTurtleEntityForge_mob_by_GreatWhiteSharkEntityForge=1, death_GreenSeaTurtleEntityForge_mob_by_ShortfinMakoSharkEntityForge=1, death_HarborSealEntityForge_mob_by_TigerSharkEntityForge=2, living_deaths=43, navigation_calls=83854, sensor_calls=115932}	109	125
25600	816514904	{AmericanLobsterEntityForge=20, AtlanticCodEntityForge=16, AtlanticSalmonEntityForge=16, BlackSeaNettleJellyfishEntityForge=2, BlacktipReefSharkEntityForge=6, BottlenoseDolphinEntityForge=8, CannonballJellyfishEntityForge=4, CaribbeanReefOctopusEntityForge=4, CommonOctopusEntityForge=6, CommonStingrayEntityForge=6, CommonThresherSharkEntityForge=2, GiantMorayEelEntityForge=8, GreatHammerheadSharkEntityForge=2, GreatWhiteSharkEntityForge=2, GreenSeaTurtleEntityForge=6, HarborSealEntityForge=6, NautilusEntityForge=2, OceanicWhitetipSharkEntityForge=2, OrcaEntityForge=2, SandtigerSharkEntityForge=2, ShortfinMakoSharkEntityForge=2, TigerSharkEntityForge=2}	{AmericanLobsterEntityForge=300, AtlanticCodEntityForge=300, AtlanticSalmonEntityForge=300, BlackSeaNettleJellyfishEntityForge=300, BlacktipReefSharkEntityForge=300, BottlenoseDolphinEntityForge=700, CannonballJellyfishEntityForge=300, CaribbeanReefOctopusEntityForge=300, CommonOctopusEntityForge=300, CommonStingrayEntityForge=300, CommonThresherSharkEntityForge=300, GiantMorayEelEntityForge=300, GreatHammerheadSharkEntityForge=300, GreatWhiteSharkEntityForge=300, GreenSeaTurtleEntityForge=300, HarborSealEntityForge=300, NautilusEntityForge=300, OceanicWhitetipSharkEntityForge=300, OrcaEntityForge=700, SandtigerSharkEntityForge=300, ShortfinMakoSharkEntityForge=300, TigerSharkEntityForge=300}	11	{death_AmericanLobsterEntityForge_mob_by_BlacktipReefSharkEntityForge=4, death_AmericanLobsterEntityForge_mob_by_CommonStingrayEntityForge=2, death_AmericanLobsterEntityForge_mob_by_SandtigerSharkEntityForge=1, death_AmericanLobsterEntityForge_mob_by_TigerSharkEntityForge=2, death_AtlanticCodEntityForge_mob_by_BlacktipReefSharkEntityForge=2, death_AtlanticCodEntityForge_mob_by_CommonThresherSharkEntityForge=1, death_AtlanticCodEntityForge_mob_by_GreatWhiteSharkEntityForge=1, death_AtlanticCodEntityForge_mob_by_SandtigerSharkEntityForge=1, death_AtlanticCodEntityForge_mob_by_ShortfinMakoSharkEntityForge=1, death_AtlanticSalmonEntityForge_mob_by_BlacktipReefSharkEntityForge=3, death_AtlanticSalmonEntityForge_mob_by_CommonThresherSharkEntityForge=3, death_AtlanticSalmonEntityForge_mob_by_GreatHammerheadSharkEntityForge=1, death_AtlanticSalmonEntityForge_mob_by_OceanicWhitetipSharkEntityForge=1, death_BlacktipReefSharkEntityForge_mob_by_ShortfinMakoSharkEntityForge=1, death_BottlenoseDolphinEntityForge_mob_by_GreatWhiteSharkEntityForge=1, death_BottlenoseDolphinEntityForge_mob_by_OceanicWhitetipSharkEntityForge=4, death_BottlenoseDolphinEntityForge_mob_by_ShortfinMakoSharkEntityForge=1, death_CaribbeanReefOctopusEntityForge_mob_by_BlacktipReefSharkEntityForge=2, death_CaribbeanReefOctopusEntityForge_mob_by_CommonStingrayEntityForge=2, death_CaribbeanReefOctopusEntityForge_mob_by_GreatHammerheadSharkEntityForge=3, death_CommonOctopusEntityForge_mob_by_SandtigerSharkEntityForge=1, death_CommonStingrayEntityForge_mob_by_BlacktipReefSharkEntityForge=1, death_GreenSeaTurtleEntityForge_mob_by_GreatWhiteSharkEntityForge=1, death_GreenSeaTurtleEntityForge_mob_by_ShortfinMakoSharkEntityForge=1, death_HarborSealEntityForge_mob_by_TigerSharkEntityForge=2, living_deaths=43, navigation_calls=84595, sensor_calls=116878}	107	126
25800	991627096	{AmericanLobsterEntityForge=20, AtlanticCodEntityForge=16, AtlanticSalmonEntityForge=16, BlackSeaNettleJellyfishEntityForge=2, BlacktipReefSharkEntityForge=6, BottlenoseDolphinEntityForge=8, CannonballJellyfishEntityForge=4, CaribbeanReefOctopusEntityForge=4, CommonOctopusEntityForge=6, CommonStingrayEntityForge=6, CommonThresherSharkEntityForge=2, GiantMorayEelEntityForge=8, GreatHammerheadSharkEntityForge=2, GreatWhiteSharkEntityForge=2, GreenSeaTurtleEntityForge=6, HarborSealEntityForge=6, NautilusEntityForge=2, OceanicWhitetipSharkEntityForge=2, OrcaEntityForge=2, SandtigerSharkEntityForge=2, ShortfinMakoSharkEntityForge=2, TigerSharkEntityForge=2}	{AmericanLobsterEntityForge=300, AtlanticCodEntityForge=300, AtlanticSalmonEntityForge=300, BlackSeaNettleJellyfishEntityForge=300, BlacktipReefSharkEntityForge=300, BottlenoseDolphinEntityForge=700, CannonballJellyfishEntityForge=300, CaribbeanReefOctopusEntityForge=300, CommonOctopusEntityForge=300, CommonStingrayEntityForge=300, CommonThresherSharkEntityForge=300, GiantMorayEelEntityForge=300, GreatHammerheadSharkEntityForge=300, GreatWhiteSharkEntityForge=300, GreenSeaTurtleEntityForge=300, HarborSealEntityForge=300, NautilusEntityForge=300, OceanicWhitetipSharkEntityForge=300, OrcaEntityForge=700, SandtigerSharkEntityForge=300, ShortfinMakoSharkEntityForge=300, TigerSharkEntityForge=300}	11	{death_AmericanLobsterEntityForge_mob_by_BlacktipReefSharkEntityForge=4, death_AmericanLobsterEntityForge_mob_by_CommonStingrayEntityForge=2, death_AmericanLobsterEntityForge_mob_by_SandtigerSharkEntityForge=1, death_AmericanLobsterEntityForge_mob_by_TigerSharkEntityForge=2, death_AtlanticCodEntityForge_mob_by_BlacktipReefSharkEntityForge=2, death_AtlanticCodEntityForge_mob_by_CommonThresherSharkEntityForge=1, death_AtlanticCodEntityForge_mob_by_GreatWhiteSharkEntityForge=1, death_AtlanticCodEntityForge_mob_by_SandtigerSharkEntityForge=1, death_AtlanticCodEntityForge_mob_by_ShortfinMakoSharkEntityForge=1, death_AtlanticSalmonEntityForge_mob_by_BlacktipReefSharkEntityForge=3, death_AtlanticSalmonEntityForge_mob_by_CommonThresherSharkEntityForge=3, death_AtlanticSalmonEntityForge_mob_by_GreatHammerheadSharkEntityForge=1, death_AtlanticSalmonEntityForge_mob_by_OceanicWhitetipSharkEntityForge=1, death_BlacktipReefSharkEntityForge_mob_by_ShortfinMakoSharkEntityForge=1, death_BottlenoseDolphinEntityForge_mob_by_GreatWhiteSharkEntityForge=1, death_BottlenoseDolphinEntityForge_mob_by_OceanicWhitetipSharkEntityForge=4, death_BottlenoseDolphinEntityForge_mob_by_ShortfinMakoSharkEntityForge=1, death_CaribbeanReefOctopusEntityForge_mob_by_BlacktipReefSharkEntityForge=2, death_CaribbeanReefOctopusEntityForge_mob_by_CommonStingrayEntityForge=2, death_CaribbeanReefOctopusEntityForge_mob_by_GreatHammerheadSharkEntityForge=3, death_CommonOctopusEntityForge_mob_by_SandtigerSharkEntityForge=1, death_CommonStingrayEntityForge_mob_by_BlacktipReefSharkEntityForge=1, death_GreenSeaTurtleEntityForge_mob_by_GreatWhiteSharkEntityForge=1, death_GreenSeaTurtleEntityForge_mob_by_ShortfinMakoSharkEntityForge=1, death_HarborSealEntityForge_mob_by_TigerSharkEntityForge=2, living_deaths=43, navigation_calls=85318, sensor_calls=117759}	112	126
26000	1171982168	{AmericanLobsterEntityForge=20, AtlanticCodEntityForge=16, AtlanticSalmonEntityForge=16, BlackSeaNettleJellyfishEntityForge=2, BlacktipReefSharkEntityForge=6, BottlenoseDolphinEntityForge=8, CannonballJellyfishEntityForge=4, CaribbeanReefOctopusEntityForge=4, CommonOctopusEntityForge=6, CommonStingrayEntityForge=6, CommonThresherSharkEntityForge=2, GiantMorayEelEntityForge=8, GreatHammerheadSharkEntityForge=2, GreatWhiteSharkEntityForge=2, GreenSeaTurtleEntityForge=6, HarborSealEntityForge=6, NautilusEntityForge=2, OceanicWhitetipSharkEntityForge=2, OrcaEntityForge=2, SandtigerSharkEntityForge=2, ShortfinMakoSharkEntityForge=2, TigerSharkEntityForge=2}	{AmericanLobsterEntityForge=300, AtlanticCodEntityForge=300, AtlanticSalmonEntityForge=300, BlackSeaNettleJellyfishEntityForge=300, BlacktipReefSharkEntityForge=300, BottlenoseDolphinEntityForge=700, CannonballJellyfishEntityForge=300, CaribbeanReefOctopusEntityForge=300, CommonOctopusEntityForge=300, CommonStingrayEntityForge=300, CommonThresherSharkEntityForge=300, GiantMorayEelEntityForge=300, GreatHammerheadSharkEntityForge=300, GreatWhiteSharkEntityForge=300, GreenSeaTurtleEntityForge=300, HarborSealEntityForge=300, NautilusEntityForge=300, OceanicWhitetipSharkEntityForge=300, OrcaEntityForge=700, SandtigerSharkEntityForge=300, ShortfinMakoSharkEntityForge=300, TigerSharkEntityForge=300}	11	{death_AmericanLobsterEntityForge_mob_by_BlacktipReefSharkEntityForge=4, death_AmericanLobsterEntityForge_mob_by_CommonStingrayEntityForge=2, death_AmericanLobsterEntityForge_mob_by_SandtigerSharkEntityForge=1, death_AmericanLobsterEntityForge_mob_by_TigerSharkEntityForge=2, death_AtlanticCodEntityForge_mob_by_BlacktipReefSharkEntityForge=2, death_AtlanticCodEntityForge_mob_by_CommonThresherSharkEntityForge=1, death_AtlanticCodEntityForge_mob_by_GreatWhiteSharkEntityForge=1, death_AtlanticCodEntityForge_mob_by_SandtigerSharkEntityForge=1, death_AtlanticCodEntityForge_mob_by_ShortfinMakoSharkEntityForge=1, death_AtlanticSalmonEntityForge_mob_by_BlacktipReefSharkEntityForge=3, death_AtlanticSalmonEntityForge_mob_by_CommonThresherSharkEntityForge=3, death_AtlanticSalmonEntityForge_mob_by_GreatHammerheadSharkEntityForge=1, death_AtlanticSalmonEntityForge_mob_by_OceanicWhitetipSharkEntityForge=1, death_BlacktipReefSharkEntityForge_mob_by_ShortfinMakoSharkEntityForge=1, death_BottlenoseDolphinEntityForge_mob_by_GreatWhiteSharkEntityForge=1, death_BottlenoseDolphinEntityForge_mob_by_OceanicWhitetipSharkEntityForge=4, death_BottlenoseDolphinEntityForge_mob_by_ShortfinMakoSharkEntityForge=1, death_CaribbeanReefOctopusEntityForge_mob_by_BlacktipReefSharkEntityForge=2, death_CaribbeanReefOctopusEntityForge_mob_by_CommonStingrayEntityForge=2, death_CaribbeanReefOctopusEntityForge_mob_by_GreatHammerheadSharkEntityForge=3, death_CommonOctopusEntityForge_mob_by_SandtigerSharkEntityForge=1, death_CommonStingrayEntityForge_mob_by_BlacktipReefSharkEntityForge=1, death_GreenSeaTurtleEntityForge_mob_by_GreatWhiteSharkEntityForge=2, death_GreenSeaTurtleEntityForge_mob_by_ShortfinMakoSharkEntityForge=1, death_HarborSealEntityForge_mob_by_TigerSharkEntityForge=2, living_deaths=44, navigation_calls=86048, sensor_calls=118703}	112	126
26200	1332414296	{AmericanLobsterEntityForge=20, AtlanticCodEntityForge=16, AtlanticSalmonEntityForge=16, BlackSeaNettleJellyfishEntityForge=2, BlacktipReefSharkEntityForge=6, BottlenoseDolphinEntityForge=8, CannonballJellyfishEntityForge=4, CaribbeanReefOctopusEntityForge=4, CommonOctopusEntityForge=5, CommonStingrayEntityForge=6, CommonThresherSharkEntityForge=2, GiantMorayEelEntityForge=8, GreatHammerheadSharkEntityForge=2, GreatWhiteSharkEntityForge=2, GreenSeaTurtleEntityForge=5, HarborSealEntityForge=6, NautilusEntityForge=2, OceanicWhitetipSharkEntityForge=2, OrcaEntityForge=2, SandtigerSharkEntityForge=2, ShortfinMakoSharkEntityForge=2, TigerSharkEntityForge=2}	{AmericanLobsterEntityForge=300, AtlanticCodEntityForge=300, AtlanticSalmonEntityForge=300, BlackSeaNettleJellyfishEntityForge=300, BlacktipReefSharkEntityForge=300, BottlenoseDolphinEntityForge=700, CannonballJellyfishEntityForge=300, CaribbeanReefOctopusEntityForge=300, CommonOctopusEntityForge=300, CommonStingrayEntityForge=300, CommonThresherSharkEntityForge=300, GiantMorayEelEntityForge=300, GreatHammerheadSharkEntityForge=300, GreatWhiteSharkEntityForge=300, GreenSeaTurtleEntityForge=300, HarborSealEntityForge=300, NautilusEntityForge=300, OceanicWhitetipSharkEntityForge=300, OrcaEntityForge=700, SandtigerSharkEntityForge=300, ShortfinMakoSharkEntityForge=300, TigerSharkEntityForge=300}	11	{death_AmericanLobsterEntityForge_mob_by_BlacktipReefSharkEntityForge=4, death_AmericanLobsterEntityForge_mob_by_CommonStingrayEntityForge=2, death_AmericanLobsterEntityForge_mob_by_SandtigerSharkEntityForge=1, death_AmericanLobsterEntityForge_mob_by_TigerSharkEntityForge=2, death_AtlanticCodEntityForge_mob_by_BlacktipReefSharkEntityForge=2, death_AtlanticCodEntityForge_mob_by_CommonThresherSharkEntityForge=1, death_AtlanticCodEntityForge_mob_by_GreatWhiteSharkEntityForge=1, death_AtlanticCodEntityForge_mob_by_SandtigerSharkEntityForge=1, death_AtlanticCodEntityForge_mob_by_ShortfinMakoSharkEntityForge=1, death_AtlanticSalmonEntityForge_mob_by_BlacktipReefSharkEntityForge=3, death_AtlanticSalmonEntityForge_mob_by_CommonThresherSharkEntityForge=3, death_AtlanticSalmonEntityForge_mob_by_GreatHammerheadSharkEntityForge=1, death_AtlanticSalmonEntityForge_mob_by_OceanicWhitetipSharkEntityForge=1, death_BlacktipReefSharkEntityForge_mob_by_ShortfinMakoSharkEntityForge=1, death_BottlenoseDolphinEntityForge_mob_by_GreatWhiteSharkEntityForge=1, death_BottlenoseDolphinEntityForge_mob_by_OceanicWhitetipSharkEntityForge=4, death_BottlenoseDolphinEntityForge_mob_by_ShortfinMakoSharkEntityForge=1, death_CaribbeanReefOctopusEntityForge_mob_by_BlacktipReefSharkEntityForge=2, death_CaribbeanReefOctopusEntityForge_mob_by_CommonStingrayEntityForge=2, death_CaribbeanReefOctopusEntityForge_mob_by_GreatHammerheadSharkEntityForge=3, death_CommonOctopusEntityForge_mob_by_SandtigerSharkEntityForge=2, death_CommonStingrayEntityForge_mob_by_BlacktipReefSharkEntityForge=1, death_GreenSeaTurtleEntityForge_mob_by_GreatWhiteSharkEntityForge=2, death_GreenSeaTurtleEntityForge_mob_by_ShortfinMakoSharkEntityForge=1, death_HarborSealEntityForge_mob_by_TigerSharkEntityForge=2, living_deaths=45, navigation_calls=86695, sensor_calls=119571}	106	124
26400	1495992152	{AmericanLobsterEntityForge=20, AtlanticCodEntityForge=16, AtlanticSalmonEntityForge=16, BlackSeaNettleJellyfishEntityForge=2, BlacktipReefSharkEntityForge=6, BottlenoseDolphinEntityForge=8, CannonballJellyfishEntityForge=4, CaribbeanReefOctopusEntityForge=3, CommonOctopusEntityForge=6, CommonStingrayEntityForge=6, CommonThresherSharkEntityForge=2, GiantMorayEelEntityForge=8, GreatHammerheadSharkEntityForge=2, GreatWhiteSharkEntityForge=2, GreenSeaTurtleEntityForge=6, HarborSealEntityForge=6, NautilusEntityForge=2, OceanicWhitetipSharkEntityForge=2, OrcaEntityForge=2, SandtigerSharkEntityForge=2, ShortfinMakoSharkEntityForge=2, TigerSharkEntityForge=2}	{AmericanLobsterEntityForge=300, AtlanticCodEntityForge=300, AtlanticSalmonEntityForge=300, BlackSeaNettleJellyfishEntityForge=300, BlacktipReefSharkEntityForge=300, BottlenoseDolphinEntityForge=700, CannonballJellyfishEntityForge=300, CaribbeanReefOctopusEntityForge=300, CommonOctopusEntityForge=300, CommonStingrayEntityForge=300, CommonThresherSharkEntityForge=300, GiantMorayEelEntityForge=300, GreatHammerheadSharkEntityForge=300, GreatWhiteSharkEntityForge=300, GreenSeaTurtleEntityForge=300, HarborSealEntityForge=300, NautilusEntityForge=300, OceanicWhitetipSharkEntityForge=300, OrcaEntityForge=700, SandtigerSharkEntityForge=300, ShortfinMakoSharkEntityForge=300, TigerSharkEntityForge=300}	11	{death_AmericanLobsterEntityForge_mob_by_BlacktipReefSharkEntityForge=4, death_AmericanLobsterEntityForge_mob_by_CommonStingrayEntityForge=2, death_AmericanLobsterEntityForge_mob_by_SandtigerSharkEntityForge=1, death_AmericanLobsterEntityForge_mob_by_TigerSharkEntityForge=2, death_AtlanticCodEntityForge_mob_by_BlacktipReefSharkEntityForge=2, death_AtlanticCodEntityForge_mob_by_CommonThresherSharkEntityForge=1, death_AtlanticCodEntityForge_mob_by_GreatWhiteSharkEntityForge=1, death_AtlanticCodEntityForge_mob_by_SandtigerSharkEntityForge=1, death_AtlanticCodEntityForge_mob_by_ShortfinMakoSharkEntityForge=1, death_AtlanticSalmonEntityForge_mob_by_BlacktipReefSharkEntityForge=3, death_AtlanticSalmonEntityForge_mob_by_CommonThresherSharkEntityForge=3, death_AtlanticSalmonEntityForge_mob_by_GreatHammerheadSharkEntityForge=1, death_AtlanticSalmonEntityForge_mob_by_OceanicWhitetipSharkEntityForge=1, death_BlacktipReefSharkEntityForge_mob_by_ShortfinMakoSharkEntityForge=1, death_BottlenoseDolphinEntityForge_mob_by_GreatWhiteSharkEntityForge=1, death_BottlenoseDolphinEntityForge_mob_by_OceanicWhitetipSharkEntityForge=4, death_BottlenoseDolphinEntityForge_mob_by_ShortfinMakoSharkEntityForge=1, death_CaribbeanReefOctopusEntityForge_mob_by_BlacktipReefSharkEntityForge=2, death_CaribbeanReefOctopusEntityForge_mob_by_CommonStingrayEntityForge=2, death_CaribbeanReefOctopusEntityForge_mob_by_GreatHammerheadSharkEntityForge=4, death_CommonOctopusEntityForge_mob_by_SandtigerSharkEntityForge=2, death_CommonStingrayEntityForge_mob_by_BlacktipReefSharkEntityForge=1, death_GreenSeaTurtleEntityForge_mob_by_GreatWhiteSharkEntityForge=2, death_GreenSeaTurtleEntityForge_mob_by_ShortfinMakoSharkEntityForge=1, death_HarborSealEntityForge_mob_by_TigerSharkEntityForge=2, living_deaths=46, navigation_calls=87385, sensor_calls=120507}	104	125
26600	375533712	{AmericanLobsterEntityForge=19, AtlanticCodEntityForge=16, AtlanticSalmonEntityForge=16, BlackSeaNettleJellyfishEntityForge=2, BlacktipReefSharkEntityForge=6, BottlenoseDolphinEntityForge=8, CannonballJellyfishEntityForge=4, CaribbeanReefOctopusEntityForge=4, CommonOctopusEntityForge=6, CommonStingrayEntityForge=6, CommonThresherSharkEntityForge=2, GiantMorayEelEntityForge=8, GreatHammerheadSharkEntityForge=2, GreatWhiteSharkEntityForge=2, GreenSeaTurtleEntityForge=6, HarborSealEntityForge=6, NautilusEntityForge=2, OceanicWhitetipSharkEntityForge=2, OrcaEntityForge=2, SandtigerSharkEntityForge=2, ShortfinMakoSharkEntityForge=2, TigerSharkEntityForge=2}	{AmericanLobsterEntityForge=300, AtlanticCodEntityForge=300, AtlanticSalmonEntityForge=300, BlackSeaNettleJellyfishEntityForge=300, BlacktipReefSharkEntityForge=300, BottlenoseDolphinEntityForge=700, CannonballJellyfishEntityForge=300, CaribbeanReefOctopusEntityForge=300, CommonOctopusEntityForge=300, CommonStingrayEntityForge=300, CommonThresherSharkEntityForge=300, GiantMorayEelEntityForge=300, GreatHammerheadSharkEntityForge=300, GreatWhiteSharkEntityForge=300, GreenSeaTurtleEntityForge=300, HarborSealEntityForge=300, NautilusEntityForge=300, OceanicWhitetipSharkEntityForge=300, OrcaEntityForge=700, SandtigerSharkEntityForge=300, ShortfinMakoSharkEntityForge=300, TigerSharkEntityForge=300}	11	{death_AmericanLobsterEntityForge_mob_by_BlacktipReefSharkEntityForge=4, death_AmericanLobsterEntityForge_mob_by_CommonStingrayEntityForge=3, death_AmericanLobsterEntityForge_mob_by_SandtigerSharkEntityForge=1, death_AmericanLobsterEntityForge_mob_by_TigerSharkEntityForge=2, death_AtlanticCodEntityForge_mob_by_BlacktipReefSharkEntityForge=2, death_AtlanticCodEntityForge_mob_by_CommonThresherSharkEntityForge=1, death_AtlanticCodEntityForge_mob_by_GreatWhiteSharkEntityForge=1, death_AtlanticCodEntityForge_mob_by_SandtigerSharkEntityForge=1, death_AtlanticCodEntityForge_mob_by_ShortfinMakoSharkEntityForge=1, death_AtlanticSalmonEntityForge_mob_by_BlacktipReefSharkEntityForge=3, death_AtlanticSalmonEntityForge_mob_by_CommonThresherSharkEntityForge=3, death_AtlanticSalmonEntityForge_mob_by_GreatHammerheadSharkEntityForge=1, death_AtlanticSalmonEntityForge_mob_by_OceanicWhitetipSharkEntityForge=1, death_BlacktipReefSharkEntityForge_mob_by_ShortfinMakoSharkEntityForge=1, death_BottlenoseDolphinEntityForge_mob_by_GreatWhiteSharkEntityForge=1, death_BottlenoseDolphinEntityForge_mob_by_OceanicWhitetipSharkEntityForge=4, death_BottlenoseDolphinEntityForge_mob_by_ShortfinMakoSharkEntityForge=1, death_CaribbeanReefOctopusEntityForge_mob_by_BlacktipReefSharkEntityForge=2, death_CaribbeanReefOctopusEntityForge_mob_by_CommonStingrayEntityForge=2, death_CaribbeanReefOctopusEntityForge_mob_by_GreatHammerheadSharkEntityForge=4, death_CommonOctopusEntityForge_mob_by_SandtigerSharkEntityForge=2, death_CommonStingrayEntityForge_mob_by_BlacktipReefSharkEntityForge=1, death_GreenSeaTurtleEntityForge_mob_by_GreatWhiteSharkEntityForge=2, death_GreenSeaTurtleEntityForge_mob_by_ShortfinMakoSharkEntityForge=1, death_HarborSealEntityForge_mob_by_TigerSharkEntityForge=2, living_deaths=47, navigation_calls=87987, sensor_calls=121384}	108	125
26800	543305872	{AmericanLobsterEntityForge=20, AtlanticCodEntityForge=16, AtlanticSalmonEntityForge=16, BlackSeaNettleJellyfishEntityForge=2, BlacktipReefSharkEntityForge=6, BottlenoseDolphinEntityForge=8, CannonballJellyfishEntityForge=4, CaribbeanReefOctopusEntityForge=4, CommonOctopusEntityForge=6, CommonStingrayEntityForge=6, CommonThresherSharkEntityForge=2, GiantMorayEelEntityForge=8, GreatHammerheadSharkEntityForge=2, GreatWhiteSharkEntityForge=2, GreenSeaTurtleEntityForge=6, HarborSealEntityForge=6, NautilusEntityForge=2, OceanicWhitetipSharkEntityForge=2, OrcaEntityForge=2, SandtigerSharkEntityForge=2, ShortfinMakoSharkEntityForge=2, TigerSharkEntityForge=2}	{AmericanLobsterEntityForge=300, AtlanticCodEntityForge=300, AtlanticSalmonEntityForge=300, BlackSeaNettleJellyfishEntityForge=300, BlacktipReefSharkEntityForge=300, BottlenoseDolphinEntityForge=700, CannonballJellyfishEntityForge=300, CaribbeanReefOctopusEntityForge=300, CommonOctopusEntityForge=300, CommonStingrayEntityForge=300, CommonThresherSharkEntityForge=300, GiantMorayEelEntityForge=300, GreatHammerheadSharkEntityForge=300, GreatWhiteSharkEntityForge=300, GreenSeaTurtleEntityForge=300, HarborSealEntityForge=300, NautilusEntityForge=300, OceanicWhitetipSharkEntityForge=300, OrcaEntityForge=700, SandtigerSharkEntityForge=300, ShortfinMakoSharkEntityForge=300, TigerSharkEntityForge=300}	11	{death_AmericanLobsterEntityForge_mob_by_BlacktipReefSharkEntityForge=4, death_AmericanLobsterEntityForge_mob_by_CommonStingrayEntityForge=3, death_AmericanLobsterEntityForge_mob_by_SandtigerSharkEntityForge=1, death_AmericanLobsterEntityForge_mob_by_TigerSharkEntityForge=2, death_AtlanticCodEntityForge_mob_by_BlacktipReefSharkEntityForge=2, death_AtlanticCodEntityForge_mob_by_CommonThresherSharkEntityForge=1, death_AtlanticCodEntityForge_mob_by_GreatWhiteSharkEntityForge=1, death_AtlanticCodEntityForge_mob_by_SandtigerSharkEntityForge=1, death_AtlanticCodEntityForge_mob_by_ShortfinMakoSharkEntityForge=1, death_AtlanticSalmonEntityForge_mob_by_BlacktipReefSharkEntityForge=3, death_AtlanticSalmonEntityForge_mob_by_CommonThresherSharkEntityForge=3, death_AtlanticSalmonEntityForge_mob_by_GreatHammerheadSharkEntityForge=1, death_AtlanticSalmonEntityForge_mob_by_OceanicWhitetipSharkEntityForge=1, death_BlacktipReefSharkEntityForge_mob_by_ShortfinMakoSharkEntityForge=1, death_BottlenoseDolphinEntityForge_mob_by_GreatWhiteSharkEntityForge=1, death_BottlenoseDolphinEntityForge_mob_by_OceanicWhitetipSharkEntityForge=4, death_BottlenoseDolphinEntityForge_mob_by_ShortfinMakoSharkEntityForge=1, death_CaribbeanReefOctopusEntityForge_mob_by_BlacktipReefSharkEntityForge=2, death_CaribbeanReefOctopusEntityForge_mob_by_CommonStingrayEntityForge=2, death_CaribbeanReefOctopusEntityForge_mob_by_GreatHammerheadSharkEntityForge=4, death_CommonOctopusEntityForge_mob_by_SandtigerSharkEntityForge=2, death_CommonStingrayEntityForge_mob_by_BlacktipReefSharkEntityForge=1, death_GreenSeaTurtleEntityForge_mob_by_GreatWhiteSharkEntityForge=2, death_GreenSeaTurtleEntityForge_mob_by_ShortfinMakoSharkEntityForge=1, death_HarborSealEntityForge_mob_by_TigerSharkEntityForge=2, living_deaths=47, navigation_calls=88667, sensor_calls=122329}	111	126
27000	706883728	{AmericanLobsterEntityForge=20, AtlanticCodEntityForge=16, AtlanticSalmonEntityForge=16, BlackSeaNettleJellyfishEntityForge=2, BlacktipReefSharkEntityForge=6, BottlenoseDolphinEntityForge=8, CannonballJellyfishEntityForge=4, CaribbeanReefOctopusEntityForge=4, CommonOctopusEntityForge=6, CommonStingrayEntityForge=6, CommonThresherSharkEntityForge=2, GiantMorayEelEntityForge=8, GreatHammerheadSharkEntityForge=2, GreatWhiteSharkEntityForge=2, GreenSeaTurtleEntityForge=6, HarborSealEntityForge=6, NautilusEntityForge=2, OceanicWhitetipSharkEntityForge=2, OrcaEntityForge=2, SandtigerSharkEntityForge=2, ShortfinMakoSharkEntityForge=2, TigerSharkEntityForge=2}	{AmericanLobsterEntityForge=300, AtlanticCodEntityForge=300, AtlanticSalmonEntityForge=300, BlackSeaNettleJellyfishEntityForge=300, BlacktipReefSharkEntityForge=300, BottlenoseDolphinEntityForge=700, CannonballJellyfishEntityForge=300, CaribbeanReefOctopusEntityForge=300, CommonOctopusEntityForge=300, CommonStingrayEntityForge=300, CommonThresherSharkEntityForge=300, GiantMorayEelEntityForge=300, GreatHammerheadSharkEntityForge=300, GreatWhiteSharkEntityForge=300, GreenSeaTurtleEntityForge=300, HarborSealEntityForge=300, NautilusEntityForge=300, OceanicWhitetipSharkEntityForge=300, OrcaEntityForge=700, SandtigerSharkEntityForge=300, ShortfinMakoSharkEntityForge=300, TigerSharkEntityForge=300}	11	{death_AmericanLobsterEntityForge_mob_by_BlacktipReefSharkEntityForge=4, death_AmericanLobsterEntityForge_mob_by_CommonStingrayEntityForge=3, death_AmericanLobsterEntityForge_mob_by_SandtigerSharkEntityForge=1, death_AmericanLobsterEntityForge_mob_by_TigerSharkEntityForge=2, death_AtlanticCodEntityForge_mob_by_BlacktipReefSharkEntityForge=2, death_AtlanticCodEntityForge_mob_by_CommonThresherSharkEntityForge=1, death_AtlanticCodEntityForge_mob_by_GreatWhiteSharkEntityForge=1, death_AtlanticCodEntityForge_mob_by_SandtigerSharkEntityForge=1, death_AtlanticCodEntityForge_mob_by_ShortfinMakoSharkEntityForge=1, death_AtlanticSalmonEntityForge_mob_by_BlacktipReefSharkEntityForge=3, death_AtlanticSalmonEntityForge_mob_by_CommonThresherSharkEntityForge=3, death_AtlanticSalmonEntityForge_mob_by_GreatHammerheadSharkEntityForge=1, death_AtlanticSalmonEntityForge_mob_by_OceanicWhitetipSharkEntityForge=1, death_BlacktipReefSharkEntityForge_mob_by_ShortfinMakoSharkEntityForge=1, death_BottlenoseDolphinEntityForge_mob_by_GreatWhiteSharkEntityForge=1, death_BottlenoseDolphinEntityForge_mob_by_OceanicWhitetipSharkEntityForge=4, death_BottlenoseDolphinEntityForge_mob_by_ShortfinMakoSharkEntityForge=1, death_CaribbeanReefOctopusEntityForge_mob_by_BlacktipReefSharkEntityForge=2, death_CaribbeanReefOctopusEntityForge_mob_by_CommonStingrayEntityForge=2, death_CaribbeanReefOctopusEntityForge_mob_by_GreatHammerheadSharkEntityForge=4, death_CommonOctopusEntityForge_mob_by_SandtigerSharkEntityForge=2, death_CommonStingrayEntityForge_mob_by_BlacktipReefSharkEntityForge=1, death_GreenSeaTurtleEntityForge_mob_by_GreatWhiteSharkEntityForge=2, death_GreenSeaTurtleEntityForge_mob_by_ShortfinMakoSharkEntityForge=1, death_HarborSealEntityForge_mob_by_TigerSharkEntityForge=2, living_deaths=47, navigation_calls=89364, sensor_calls=123210}	110	126
27200	870461584	{AmericanLobsterEntityForge=19, AtlanticCodEntityForge=16, AtlanticSalmonEntityForge=16, BlackSeaNettleJellyfishEntityForge=2, BlacktipReefSharkEntityForge=6, BottlenoseDolphinEntityForge=8, CannonballJellyfishEntityForge=4, CaribbeanReefOctopusEntityForge=4, CommonOctopusEntityForge=6, CommonStingrayEntityForge=6, CommonThresherSharkEntityForge=2, GiantMorayEelEntityForge=8, GreatHammerheadSharkEntityForge=2, GreatWhiteSharkEntityForge=2, GreenSeaTurtleEntityForge=6, HarborSealEntityForge=6, NautilusEntityForge=2, OceanicWhitetipSharkEntityForge=2, OrcaEntityForge=2, SandtigerSharkEntityForge=2, ShortfinMakoSharkEntityForge=2, TigerSharkEntityForge=2}	{AmericanLobsterEntityForge=300, AtlanticCodEntityForge=300, AtlanticSalmonEntityForge=300, BlackSeaNettleJellyfishEntityForge=300, BlacktipReefSharkEntityForge=300, BottlenoseDolphinEntityForge=700, CannonballJellyfishEntityForge=300, CaribbeanReefOctopusEntityForge=300, CommonOctopusEntityForge=300, CommonStingrayEntityForge=300, CommonThresherSharkEntityForge=300, GiantMorayEelEntityForge=300, GreatHammerheadSharkEntityForge=300, GreatWhiteSharkEntityForge=300, GreenSeaTurtleEntityForge=300, HarborSealEntityForge=300, NautilusEntityForge=300, OceanicWhitetipSharkEntityForge=300, OrcaEntityForge=700, SandtigerSharkEntityForge=300, ShortfinMakoSharkEntityForge=300, TigerSharkEntityForge=300}	11	{death_AmericanLobsterEntityForge_mob_by_BlacktipReefSharkEntityForge=4, death_AmericanLobsterEntityForge_mob_by_CommonStingrayEntityForge=4, death_AmericanLobsterEntityForge_mob_by_SandtigerSharkEntityForge=1, death_AmericanLobsterEntityForge_mob_by_TigerSharkEntityForge=2, death_AtlanticCodEntityForge_mob_by_BlacktipReefSharkEntityForge=2, death_AtlanticCodEntityForge_mob_by_CommonThresherSharkEntityForge=1, death_AtlanticCodEntityForge_mob_by_GreatWhiteSharkEntityForge=1, death_AtlanticCodEntityForge_mob_by_SandtigerSharkEntityForge=1, death_AtlanticCodEntityForge_mob_by_ShortfinMakoSharkEntityForge=1, death_AtlanticSalmonEntityForge_mob_by_BlacktipReefSharkEntityForge=3, death_AtlanticSalmonEntityForge_mob_by_CommonThresherSharkEntityForge=3, death_AtlanticSalmonEntityForge_mob_by_GreatHammerheadSharkEntityForge=1, death_AtlanticSalmonEntityForge_mob_by_OceanicWhitetipSharkEntityForge=1, death_BlacktipReefSharkEntityForge_mob_by_ShortfinMakoSharkEntityForge=1, death_BottlenoseDolphinEntityForge_mob_by_GreatWhiteSharkEntityForge=1, death_BottlenoseDolphinEntityForge_mob_by_OceanicWhitetipSharkEntityForge=4, death_BottlenoseDolphinEntityForge_mob_by_ShortfinMakoSharkEntityForge=1, death_CaribbeanReefOctopusEntityForge_mob_by_BlacktipReefSharkEntityForge=2, death_CaribbeanReefOctopusEntityForge_mob_by_CommonStingrayEntityForge=2, death_CaribbeanReefOctopusEntityForge_mob_by_GreatHammerheadSharkEntityForge=4, death_CommonOctopusEntityForge_mob_by_SandtigerSharkEntityForge=2, death_CommonStingrayEntityForge_mob_by_BlacktipReefSharkEntityForge=1, death_GreenSeaTurtleEntityForge_mob_by_GreatWhiteSharkEntityForge=2, death_GreenSeaTurtleEntityForge_mob_by_ShortfinMakoSharkEntityForge=1, death_HarborSealEntityForge_mob_by_TigerSharkEntityForge=2, living_deaths=48, navigation_calls=90065, sensor_calls=124149}	112	125
27400	1030893712	{AmericanLobsterEntityForge=20, AtlanticCodEntityForge=15, AtlanticSalmonEntityForge=16, BlackSeaNettleJellyfishEntityForge=2, BlacktipReefSharkEntityForge=6, BottlenoseDolphinEntityForge=8, CannonballJellyfishEntityForge=4, CaribbeanReefOctopusEntityForge=4, CommonOctopusEntityForge=6, CommonStingrayEntityForge=6, CommonThresherSharkEntityForge=2, GiantMorayEelEntityForge=8, GreatHammerheadSharkEntityForge=2, GreatWhiteSharkEntityForge=2, GreenSeaTurtleEntityForge=6, HarborSealEntityForge=6, NautilusEntityForge=2, OceanicWhitetipSharkEntityForge=2, OrcaEntityForge=2, SandtigerSharkEntityForge=2, ShortfinMakoSharkEntityForge=2, TigerSharkEntityForge=2}	{AmericanLobsterEntityForge=300, AtlanticCodEntityForge=300, AtlanticSalmonEntityForge=300, BlackSeaNettleJellyfishEntityForge=300, BlacktipReefSharkEntityForge=300, BottlenoseDolphinEntityForge=700, CannonballJellyfishEntityForge=300, CaribbeanReefOctopusEntityForge=300, CommonOctopusEntityForge=300, CommonStingrayEntityForge=300, CommonThresherSharkEntityForge=300, GiantMorayEelEntityForge=300, GreatHammerheadSharkEntityForge=300, GreatWhiteSharkEntityForge=300, GreenSeaTurtleEntityForge=300, HarborSealEntityForge=300, NautilusEntityForge=300, OceanicWhitetipSharkEntityForge=300, OrcaEntityForge=700, SandtigerSharkEntityForge=300, ShortfinMakoSharkEntityForge=300, TigerSharkEntityForge=300}	11	{death_AmericanLobsterEntityForge_mob_by_BlacktipReefSharkEntityForge=4, death_AmericanLobsterEntityForge_mob_by_CommonStingrayEntityForge=4, death_AmericanLobsterEntityForge_mob_by_SandtigerSharkEntityForge=1, death_AmericanLobsterEntityForge_mob_by_TigerSharkEntityForge=2, death_AtlanticCodEntityForge_mob_by_BlacktipReefSharkEntityForge=2, death_AtlanticCodEntityForge_mob_by_CommonThresherSharkEntityForge=2, death_AtlanticCodEntityForge_mob_by_GreatWhiteSharkEntityForge=1, death_AtlanticCodEntityForge_mob_by_SandtigerSharkEntityForge=1, death_AtlanticCodEntityForge_mob_by_ShortfinMakoSharkEntityForge=1, death_AtlanticSalmonEntityForge_mob_by_BlacktipReefSharkEntityForge=3, death_AtlanticSalmonEntityForge_mob_by_CommonThresherSharkEntityForge=3, death_AtlanticSalmonEntityForge_mob_by_GreatHammerheadSharkEntityForge=1, death_AtlanticSalmonEntityForge_mob_by_OceanicWhitetipSharkEntityForge=1, death_BlacktipReefSharkEntityForge_mob_by_ShortfinMakoSharkEntityForge=1, death_BottlenoseDolphinEntityForge_mob_by_GreatWhiteSharkEntityForge=1, death_BottlenoseDolphinEntityForge_mob_by_OceanicWhitetipSharkEntityForge=4, death_BottlenoseDolphinEntityForge_mob_by_ShortfinMakoSharkEntityForge=1, death_CaribbeanReefOctopusEntityForge_mob_by_BlacktipReefSharkEntityForge=2, death_CaribbeanReefOctopusEntityForge_mob_by_CommonStingrayEntityForge=2, death_CaribbeanReefOctopusEntityForge_mob_by_GreatHammerheadSharkEntityForge=4, death_CommonOctopusEntityForge_mob_by_SandtigerSharkEntityForge=2, death_CommonStingrayEntityForge_mob_by_BlacktipReefSharkEntityForge=1, death_GreenSeaTurtleEntityForge_mob_by_GreatWhiteSharkEntityForge=2, death_GreenSeaTurtleEntityForge_mob_by_ShortfinMakoSharkEntityForge=1, death_HarborSealEntityForge_mob_by_TigerSharkEntityForge=2, living_deaths=49, navigation_calls=90709, sensor_calls=125030}	109	125
27600	1204957328	{AmericanLobsterEntityForge=20, AtlanticCodEntityForge=16, AtlanticSalmonEntityForge=16, BlackSeaNettleJellyfishEntityForge=2, BlacktipReefSharkEntityForge=6, BottlenoseDolphinEntityForge=8, CannonballJellyfishEntityForge=4, CaribbeanReefOctopusEntityForge=4, CommonOctopusEntityForge=6, CommonStingrayEntityForge=6, CommonThresherSharkEntityForge=2, GiantMorayEelEntityForge=8, GreatHammerheadSharkEntityForge=2, GreatWhiteSharkEntityForge=2, GreenSeaTurtleEntityForge=6, HarborSealEntityForge=6, NautilusEntityForge=2, OceanicWhitetipSharkEntityForge=2, OrcaEntityForge=2, SandtigerSharkEntityForge=2, ShortfinMakoSharkEntityForge=2, TigerSharkEntityForge=2}	{AmericanLobsterEntityForge=300, AtlanticCodEntityForge=300, AtlanticSalmonEntityForge=300, BlackSeaNettleJellyfishEntityForge=300, BlacktipReefSharkEntityForge=300, BottlenoseDolphinEntityForge=700, CannonballJellyfishEntityForge=300, CaribbeanReefOctopusEntityForge=300, CommonOctopusEntityForge=300, CommonStingrayEntityForge=300, CommonThresherSharkEntityForge=300, GiantMorayEelEntityForge=300, GreatHammerheadSharkEntityForge=300, GreatWhiteSharkEntityForge=300, GreenSeaTurtleEntityForge=300, HarborSealEntityForge=300, NautilusEntityForge=300, OceanicWhitetipSharkEntityForge=300, OrcaEntityForge=700, SandtigerSharkEntityForge=300, ShortfinMakoSharkEntityForge=300, TigerSharkEntityForge=300}	11	{death_AmericanLobsterEntityForge_mob_by_BlacktipReefSharkEntityForge=4, death_AmericanLobsterEntityForge_mob_by_CommonStingrayEntityForge=4, death_AmericanLobsterEntityForge_mob_by_SandtigerSharkEntityForge=1, death_AmericanLobsterEntityForge_mob_by_TigerSharkEntityForge=2, death_AtlanticCodEntityForge_mob_by_BlacktipReefSharkEntityForge=2, death_AtlanticCodEntityForge_mob_by_CommonThresherSharkEntityForge=2, death_AtlanticCodEntityForge_mob_by_GreatWhiteSharkEntityForge=1, death_AtlanticCodEntityForge_mob_by_SandtigerSharkEntityForge=1, death_AtlanticCodEntityForge_mob_by_ShortfinMakoSharkEntityForge=1, death_AtlanticSalmonEntityForge_mob_by_BlacktipReefSharkEntityForge=3, death_AtlanticSalmonEntityForge_mob_by_CommonThresherSharkEntityForge=3, death_AtlanticSalmonEntityForge_mob_by_GreatHammerheadSharkEntityForge=1, death_AtlanticSalmonEntityForge_mob_by_OceanicWhitetipSharkEntityForge=1, death_BlacktipReefSharkEntityForge_mob_by_ShortfinMakoSharkEntityForge=1, death_BottlenoseDolphinEntityForge_mob_by_GreatWhiteSharkEntityForge=1, death_BottlenoseDolphinEntityForge_mob_by_OceanicWhitetipSharkEntityForge=4, death_BottlenoseDolphinEntityForge_mob_by_ShortfinMakoSharkEntityForge=1, death_CaribbeanReefOctopusEntityForge_mob_by_BlacktipReefSharkEntityForge=2, death_CaribbeanReefOctopusEntityForge_mob_by_CommonStingrayEntityForge=2, death_CaribbeanReefOctopusEntityForge_mob_by_GreatHammerheadSharkEntityForge=4, death_CommonOctopusEntityForge_mob_by_SandtigerSharkEntityForge=2, death_CommonStingrayEntityForge_mob_by_BlacktipReefSharkEntityForge=1, death_GreenSeaTurtleEntityForge_mob_by_GreatWhiteSharkEntityForge=2, death_GreenSeaTurtleEntityForge_mob_by_ShortfinMakoSharkEntityForge=1, death_HarborSealEntityForge_mob_by_TigerSharkEntityForge=2, living_deaths=49, navigation_calls=91379, sensor_calls=125973}	112	126
27800	1363292304	{AmericanLobsterEntityForge=20, AtlanticCodEntityForge=16, AtlanticSalmonEntityForge=16, BlackSeaNettleJellyfishEntityForge=2, BlacktipReefSharkEntityForge=6, BottlenoseDolphinEntityForge=8, CannonballJellyfishEntityForge=4, CaribbeanReefOctopusEntityForge=4, CommonOctopusEntityForge=6, CommonStingrayEntityForge=6, CommonThresherSharkEntityForge=2, GiantMorayEelEntityForge=8, GreatHammerheadSharkEntityForge=2, GreatWhiteSharkEntityForge=2, GreenSeaTurtleEntityForge=6, HarborSealEntityForge=6, NautilusEntityForge=2, OceanicWhitetipSharkEntityForge=2, OrcaEntityForge=2, SandtigerSharkEntityForge=2, ShortfinMakoSharkEntityForge=2, TigerSharkEntityForge=2}	{AmericanLobsterEntityForge=300, AtlanticCodEntityForge=300, AtlanticSalmonEntityForge=300, BlackSeaNettleJellyfishEntityForge=300, BlacktipReefSharkEntityForge=300, BottlenoseDolphinEntityForge=700, CannonballJellyfishEntityForge=300, CaribbeanReefOctopusEntityForge=300, CommonOctopusEntityForge=300, CommonStingrayEntityForge=300, CommonThresherSharkEntityForge=300, GiantMorayEelEntityForge=300, GreatHammerheadSharkEntityForge=300, GreatWhiteSharkEntityForge=300, GreenSeaTurtleEntityForge=300, HarborSealEntityForge=300, NautilusEntityForge=300, OceanicWhitetipSharkEntityForge=300, OrcaEntityForge=700, SandtigerSharkEntityForge=300, ShortfinMakoSharkEntityForge=300, TigerSharkEntityForge=300}	11	{death_AmericanLobsterEntityForge_mob_by_BlacktipReefSharkEntityForge=4, death_AmericanLobsterEntityForge_mob_by_CommonStingrayEntityForge=4, death_AmericanLobsterEntityForge_mob_by_SandtigerSharkEntityForge=1, death_AmericanLobsterEntityForge_mob_by_TigerSharkEntityForge=2, death_AtlanticCodEntityForge_mob_by_BlacktipReefSharkEntityForge=2, death_AtlanticCodEntityForge_mob_by_CommonThresherSharkEntityForge=2, death_AtlanticCodEntityForge_mob_by_GreatWhiteSharkEntityForge=1, death_AtlanticCodEntityForge_mob_by_SandtigerSharkEntityForge=1, death_AtlanticCodEntityForge_mob_by_ShortfinMakoSharkEntityForge=1, death_AtlanticSalmonEntityForge_mob_by_BlacktipReefSharkEntityForge=3, death_AtlanticSalmonEntityForge_mob_by_CommonThresherSharkEntityForge=3, death_AtlanticSalmonEntityForge_mob_by_GreatHammerheadSharkEntityForge=1, death_AtlanticSalmonEntityForge_mob_by_OceanicWhitetipSharkEntityForge=1, death_BlacktipReefSharkEntityForge_mob_by_ShortfinMakoSharkEntityForge=1, death_BottlenoseDolphinEntityForge_mob_by_GreatWhiteSharkEntityForge=1, death_BottlenoseDolphinEntityForge_mob_by_OceanicWhitetipSharkEntityForge=4, death_BottlenoseDolphinEntityForge_mob_by_ShortfinMakoSharkEntityForge=1, death_CaribbeanReefOctopusEntityForge_mob_by_BlacktipReefSharkEntityForge=2, death_CaribbeanReefOctopusEntityForge_mob_by_CommonStingrayEntityForge=2, death_CaribbeanReefOctopusEntityForge_mob_by_GreatHammerheadSharkEntityForge=4, death_CommonOctopusEntityForge_mob_by_SandtigerSharkEntityForge=2, death_CommonStingrayEntityForge_mob_by_BlacktipReefSharkEntityForge=1, death_GreenSeaTurtleEntityForge_mob_by_GreatWhiteSharkEntityForge=2, death_GreenSeaTurtleEntityForge_mob_by_ShortfinMakoSharkEntityForge=1, death_HarborSealEntityForge_mob_by_TigerSharkEntityForge=2, living_deaths=49, navigation_calls=91989, sensor_calls=126854}	111	126
28000	250807696	{AmericanLobsterEntityForge=20, AtlanticCodEntityForge=16, AtlanticSalmonEntityForge=16, BlackSeaNettleJellyfishEntityForge=2, BlacktipReefSharkEntityForge=6, BottlenoseDolphinEntityForge=8, CannonballJellyfishEntityForge=4, CaribbeanReefOctopusEntityForge=4, CommonOctopusEntityForge=6, CommonStingrayEntityForge=6, CommonThresherSharkEntityForge=2, GiantMorayEelEntityForge=8, GreatHammerheadSharkEntityForge=2, GreatWhiteSharkEntityForge=2, GreenSeaTurtleEntityForge=6, HarborSealEntityForge=6, NautilusEntityForge=2, OceanicWhitetipSharkEntityForge=2, OrcaEntityForge=2, SandtigerSharkEntityForge=2, ShortfinMakoSharkEntityForge=2, TigerSharkEntityForge=2}	{AmericanLobsterEntityForge=300, AtlanticCodEntityForge=300, AtlanticSalmonEntityForge=300, BlackSeaNettleJellyfishEntityForge=300, BlacktipReefSharkEntityForge=300, BottlenoseDolphinEntityForge=700, CannonballJellyfishEntityForge=300, CaribbeanReefOctopusEntityForge=300, CommonOctopusEntityForge=300, CommonStingrayEntityForge=300, CommonThresherSharkEntityForge=300, GiantMorayEelEntityForge=300, GreatHammerheadSharkEntityForge=300, GreatWhiteSharkEntityForge=300, GreenSeaTurtleEntityForge=300, HarborSealEntityForge=300, NautilusEntityForge=300, OceanicWhitetipSharkEntityForge=300, OrcaEntityForge=700, SandtigerSharkEntityForge=300, ShortfinMakoSharkEntityForge=300, TigerSharkEntityForge=300}	11	{death_AmericanLobsterEntityForge_mob_by_BlacktipReefSharkEntityForge=4, death_AmericanLobsterEntityForge_mob_by_CommonStingrayEntityForge=4, death_AmericanLobsterEntityForge_mob_by_SandtigerSharkEntityForge=1, death_AmericanLobsterEntityForge_mob_by_TigerSharkEntityForge=2, death_AtlanticCodEntityForge_mob_by_BlacktipReefSharkEntityForge=2, death_AtlanticCodEntityForge_mob_by_CommonThresherSharkEntityForge=2, death_AtlanticCodEntityForge_mob_by_GreatWhiteSharkEntityForge=1, death_AtlanticCodEntityForge_mob_by_SandtigerSharkEntityForge=1, death_AtlanticCodEntityForge_mob_by_ShortfinMakoSharkEntityForge=1, death_AtlanticSalmonEntityForge_mob_by_BlacktipReefSharkEntityForge=3, death_AtlanticSalmonEntityForge_mob_by_CommonThresherSharkEntityForge=3, death_AtlanticSalmonEntityForge_mob_by_GreatHammerheadSharkEntityForge=1, death_AtlanticSalmonEntityForge_mob_by_OceanicWhitetipSharkEntityForge=1, death_BlacktipReefSharkEntityForge_mob_by_ShortfinMakoSharkEntityForge=1, death_BottlenoseDolphinEntityForge_mob_by_GreatWhiteSharkEntityForge=1, death_BottlenoseDolphinEntityForge_mob_by_OceanicWhitetipSharkEntityForge=4, death_BottlenoseDolphinEntityForge_mob_by_ShortfinMakoSharkEntityForge=1, death_CaribbeanReefOctopusEntityForge_mob_by_BlacktipReefSharkEntityForge=2, death_CaribbeanReefOctopusEntityForge_mob_by_CommonStingrayEntityForge=2, death_CaribbeanReefOctopusEntityForge_mob_by_GreatHammerheadSharkEntityForge=4, death_CommonOctopusEntityForge_mob_by_SandtigerSharkEntityForge=2, death_CommonStingrayEntityForge_mob_by_BlacktipReefSharkEntityForge=1, death_GreenSeaTurtleEntityForge_mob_by_GreatWhiteSharkEntityForge=2, death_GreenSeaTurtleEntityForge_mob_by_ShortfinMakoSharkEntityForge=1, death_HarborSealEntityForge_mob_by_TigerSharkEntityForge=2, living_deaths=49, navigation_calls=92721, sensor_calls=127799}	109	126
28200	429065616	{AmericanLobsterEntityForge=19, AtlanticCodEntityForge=16, AtlanticSalmonEntityForge=16, BlackSeaNettleJellyfishEntityForge=2, BlacktipReefSharkEntityForge=6, BottlenoseDolphinEntityForge=8, CannonballJellyfishEntityForge=4, CaribbeanReefOctopusEntityForge=4, CommonOctopusEntityForge=6, CommonStingrayEntityForge=6, CommonThresherSharkEntityForge=2, GiantMorayEelEntityForge=8, GreatHammerheadSharkEntityForge=2, GreatWhiteSharkEntityForge=2, GreenSeaTurtleEntityForge=6, HarborSealEntityForge=6, NautilusEntityForge=2, OceanicWhitetipSharkEntityForge=2, OrcaEntityForge=2, SandtigerSharkEntityForge=2, ShortfinMakoSharkEntityForge=2, TigerSharkEntityForge=2}	{AmericanLobsterEntityForge=300, AtlanticCodEntityForge=300, AtlanticSalmonEntityForge=300, BlackSeaNettleJellyfishEntityForge=300, BlacktipReefSharkEntityForge=300, BottlenoseDolphinEntityForge=700, CannonballJellyfishEntityForge=300, CaribbeanReefOctopusEntityForge=300, CommonOctopusEntityForge=300, CommonStingrayEntityForge=300, CommonThresherSharkEntityForge=300, GiantMorayEelEntityForge=300, GreatHammerheadSharkEntityForge=300, GreatWhiteSharkEntityForge=300, GreenSeaTurtleEntityForge=300, HarborSealEntityForge=300, NautilusEntityForge=300, OceanicWhitetipSharkEntityForge=300, OrcaEntityForge=700, SandtigerSharkEntityForge=300, ShortfinMakoSharkEntityForge=300, TigerSharkEntityForge=300}	11	{death_AmericanLobsterEntityForge_mob_by_BlacktipReefSharkEntityForge=5, death_AmericanLobsterEntityForge_mob_by_CommonStingrayEntityForge=4, death_AmericanLobsterEntityForge_mob_by_SandtigerSharkEntityForge=1, death_AmericanLobsterEntityForge_mob_by_TigerSharkEntityForge=2, death_AtlanticCodEntityForge_mob_by_BlacktipReefSharkEntityForge=2, death_AtlanticCodEntityForge_mob_by_CommonThresherSharkEntityForge=2, death_AtlanticCodEntityForge_mob_by_GreatWhiteSharkEntityForge=1, death_AtlanticCodEntityForge_mob_by_SandtigerSharkEntityForge=1, death_AtlanticCodEntityForge_mob_by_ShortfinMakoSharkEntityForge=1, death_AtlanticSalmonEntityForge_mob_by_BlacktipReefSharkEntityForge=3, death_AtlanticSalmonEntityForge_mob_by_CommonThresherSharkEntityForge=3, death_AtlanticSalmonEntityForge_mob_by_GreatHammerheadSharkEntityForge=1, death_AtlanticSalmonEntityForge_mob_by_OceanicWhitetipSharkEntityForge=1, death_BlacktipReefSharkEntityForge_mob_by_ShortfinMakoSharkEntityForge=1, death_BottlenoseDolphinEntityForge_mob_by_GreatWhiteSharkEntityForge=1, death_BottlenoseDolphinEntityForge_mob_by_OceanicWhitetipSharkEntityForge=4, death_BottlenoseDolphinEntityForge_mob_by_ShortfinMakoSharkEntityForge=1, death_CaribbeanReefOctopusEntityForge_mob_by_BlacktipReefSharkEntityForge=2, death_CaribbeanReefOctopusEntityForge_mob_by_CommonStingrayEntityForge=2, death_CaribbeanReefOctopusEntityForge_mob_by_GreatHammerheadSharkEntityForge=4, death_CommonOctopusEntityForge_mob_by_SandtigerSharkEntityForge=2, death_CommonStingrayEntityForge_mob_by_BlacktipReefSharkEntityForge=1, death_GreenSeaTurtleEntityForge_mob_by_GreatWhiteSharkEntityForge=2, death_GreenSeaTurtleEntityForge_mob_by_ShortfinMakoSharkEntityForge=1, death_HarborSealEntityForge_mob_by_TigerSharkEntityForge=2, living_deaths=50, navigation_calls=93469, sensor_calls=128743}	109	125
28400	599983504	{AmericanLobsterEntityForge=20, AtlanticCodEntityForge=16, AtlanticSalmonEntityForge=16, BlackSeaNettleJellyfishEntityForge=2, BlacktipReefSharkEntityForge=6, BottlenoseDolphinEntityForge=8, CannonballJellyfishEntityForge=4, CaribbeanReefOctopusEntityForge=3, CommonOctopusEntityForge=6, CommonStingrayEntityForge=6, CommonThresherSharkEntityForge=2, GiantMorayEelEntityForge=8, GreatHammerheadSharkEntityForge=2, GreatWhiteSharkEntityForge=2, GreenSeaTurtleEntityForge=6, HarborSealEntityForge=6, NautilusEntityForge=2, OceanicWhitetipSharkEntityForge=2, OrcaEntityForge=2, SandtigerSharkEntityForge=2, ShortfinMakoSharkEntityForge=2, TigerSharkEntityForge=2}	{AmericanLobsterEntityForge=300, AtlanticCodEntityForge=300, AtlanticSalmonEntityForge=300, BlackSeaNettleJellyfishEntityForge=300, BlacktipReefSharkEntityForge=300, BottlenoseDolphinEntityForge=700, CannonballJellyfishEntityForge=300, CaribbeanReefOctopusEntityForge=300, CommonOctopusEntityForge=300, CommonStingrayEntityForge=300, CommonThresherSharkEntityForge=300, GiantMorayEelEntityForge=300, GreatHammerheadSharkEntityForge=300, GreatWhiteSharkEntityForge=300, GreenSeaTurtleEntityForge=300, HarborSealEntityForge=300, NautilusEntityForge=300, OceanicWhitetipSharkEntityForge=300, OrcaEntityForge=700, SandtigerSharkEntityForge=300, ShortfinMakoSharkEntityForge=300, TigerSharkEntityForge=300}	11	{death_AmericanLobsterEntityForge_mob_by_BlacktipReefSharkEntityForge=5, death_AmericanLobsterEntityForge_mob_by_CommonStingrayEntityForge=4, death_AmericanLobsterEntityForge_mob_by_SandtigerSharkEntityForge=1, death_AmericanLobsterEntityForge_mob_by_TigerSharkEntityForge=2, death_AtlanticCodEntityForge_mob_by_BlacktipReefSharkEntityForge=2, death_AtlanticCodEntityForge_mob_by_CommonThresherSharkEntityForge=2, death_AtlanticCodEntityForge_mob_by_GreatWhiteSharkEntityForge=1, death_AtlanticCodEntityForge_mob_by_SandtigerSharkEntityForge=1, death_AtlanticCodEntityForge_mob_by_ShortfinMakoSharkEntityForge=1, death_AtlanticSalmonEntityForge_mob_by_BlacktipReefSharkEntityForge=3, death_AtlanticSalmonEntityForge_mob_by_CommonThresherSharkEntityForge=3, death_AtlanticSalmonEntityForge_mob_by_GreatHammerheadSharkEntityForge=1, death_AtlanticSalmonEntityForge_mob_by_OceanicWhitetipSharkEntityForge=1, death_BlacktipReefSharkEntityForge_mob_by_ShortfinMakoSharkEntityForge=1, death_BottlenoseDolphinEntityForge_mob_by_GreatWhiteSharkEntityForge=1, death_BottlenoseDolphinEntityForge_mob_by_OceanicWhitetipSharkEntityForge=4, death_BottlenoseDolphinEntityForge_mob_by_ShortfinMakoSharkEntityForge=1, death_CaribbeanReefOctopusEntityForge_mob_by_BlacktipReefSharkEntityForge=3, death_CaribbeanReefOctopusEntityForge_mob_by_CommonStingrayEntityForge=2, death_CaribbeanReefOctopusEntityForge_mob_by_GreatHammerheadSharkEntityForge=4, death_CommonOctopusEntityForge_mob_by_SandtigerSharkEntityForge=2, death_CommonStingrayEntityForge_mob_by_BlacktipReefSharkEntityForge=1, death_GreenSeaTurtleEntityForge_mob_by_GreatWhiteSharkEntityForge=2, death_GreenSeaTurtleEntityForge_mob_by_ShortfinMakoSharkEntityForge=1, death_HarborSealEntityForge_mob_by_TigerSharkEntityForge=2, living_deaths=51, navigation_calls=94177, sensor_calls=129623}	111	125
28600	767755664	{AmericanLobsterEntityForge=20, AtlanticCodEntityForge=16, AtlanticSalmonEntityForge=16, BlackSeaNettleJellyfishEntityForge=2, BlacktipReefSharkEntityForge=6, BottlenoseDolphinEntityForge=8, CannonballJellyfishEntityForge=4, CaribbeanReefOctopusEntityForge=4, CommonOctopusEntityForge=6, CommonStingrayEntityForge=6, CommonThresherSharkEntityForge=2, GiantMorayEelEntityForge=8, GreatHammerheadSharkEntityForge=2, GreatWhiteSharkEntityForge=2, GreenSeaTurtleEntityForge=6, HarborSealEntityForge=6, NautilusEntityForge=2, OceanicWhitetipSharkEntityForge=2, OrcaEntityForge=2, SandtigerSharkEntityForge=2, ShortfinMakoSharkEntityForge=2, TigerSharkEntityForge=2}	{AmericanLobsterEntityForge=300, AtlanticCodEntityForge=300, AtlanticSalmonEntityForge=300, BlackSeaNettleJellyfishEntityForge=300, BlacktipReefSharkEntityForge=300, BottlenoseDolphinEntityForge=700, CannonballJellyfishEntityForge=300, CaribbeanReefOctopusEntityForge=300, CommonOctopusEntityForge=300, CommonStingrayEntityForge=300, CommonThresherSharkEntityForge=300, GiantMorayEelEntityForge=300, GreatHammerheadSharkEntityForge=300, GreatWhiteSharkEntityForge=300, GreenSeaTurtleEntityForge=300, HarborSealEntityForge=300, NautilusEntityForge=300, OceanicWhitetipSharkEntityForge=300, OrcaEntityForge=700, SandtigerSharkEntityForge=300, ShortfinMakoSharkEntityForge=300, TigerSharkEntityForge=300}	11	{death_AmericanLobsterEntityForge_mob_by_BlacktipReefSharkEntityForge=5, death_AmericanLobsterEntityForge_mob_by_CommonStingrayEntityForge=4, death_AmericanLobsterEntityForge_mob_by_SandtigerSharkEntityForge=1, death_AmericanLobsterEntityForge_mob_by_TigerSharkEntityForge=2, death_AtlanticCodEntityForge_mob_by_BlacktipReefSharkEntityForge=2, death_AtlanticCodEntityForge_mob_by_CommonThresherSharkEntityForge=2, death_AtlanticCodEntityForge_mob_by_GreatWhiteSharkEntityForge=1, death_AtlanticCodEntityForge_mob_by_SandtigerSharkEntityForge=1, death_AtlanticCodEntityForge_mob_by_ShortfinMakoSharkEntityForge=1, death_AtlanticSalmonEntityForge_mob_by_BlacktipReefSharkEntityForge=3, death_AtlanticSalmonEntityForge_mob_by_CommonThresherSharkEntityForge=3, death_AtlanticSalmonEntityForge_mob_by_GreatHammerheadSharkEntityForge=1, death_AtlanticSalmonEntityForge_mob_by_OceanicWhitetipSharkEntityForge=1, death_BlacktipReefSharkEntityForge_mob_by_ShortfinMakoSharkEntityForge=1, death_BottlenoseDolphinEntityForge_mob_by_GreatWhiteSharkEntityForge=1, death_BottlenoseDolphinEntityForge_mob_by_OceanicWhitetipSharkEntityForge=4, death_BottlenoseDolphinEntityForge_mob_by_ShortfinMakoSharkEntityForge=1, death_CaribbeanReefOctopusEntityForge_mob_by_BlacktipReefSharkEntityForge=3, death_CaribbeanReefOctopusEntityForge_mob_by_CommonStingrayEntityForge=2, death_CaribbeanReefOctopusEntityForge_mob_by_GreatHammerheadSharkEntityForge=4, death_CommonOctopusEntityForge_mob_by_SandtigerSharkEntityForge=2, death_CommonStingrayEntityForge_mob_by_BlacktipReefSharkEntityForge=1, death_GreenSeaTurtleEntityForge_mob_by_GreatWhiteSharkEntityForge=2, death_GreenSeaTurtleEntityForge_mob_by_ShortfinMakoSharkEntityForge=1, death_HarborSealEntityForge_mob_by_TigerSharkEntityForge=2, living_deaths=51, navigation_calls=94880, sensor_calls=130567}	110	126
28800	932382096	{AmericanLobsterEntityForge=20, AtlanticCodEntityForge=16, AtlanticSalmonEntityForge=16, BlackSeaNettleJellyfishEntityForge=2, BlacktipReefSharkEntityForge=6, BottlenoseDolphinEntityForge=8, CannonballJellyfishEntityForge=4, CaribbeanReefOctopusEntityForge=4, CommonOctopusEntityForge=6, CommonStingrayEntityForge=6, CommonThresherSharkEntityForge=2, GiantMorayEelEntityForge=8, GreatHammerheadSharkEntityForge=2, GreatWhiteSharkEntityForge=2, GreenSeaTurtleEntityForge=6, HarborSealEntityForge=6, NautilusEntityForge=2, OceanicWhitetipSharkEntityForge=2, OrcaEntityForge=2, SandtigerSharkEntityForge=2, ShortfinMakoSharkEntityForge=2, TigerSharkEntityForge=2}	{AmericanLobsterEntityForge=300, AtlanticCodEntityForge=300, AtlanticSalmonEntityForge=300, BlackSeaNettleJellyfishEntityForge=300, BlacktipReefSharkEntityForge=300, BottlenoseDolphinEntityForge=700, CannonballJellyfishEntityForge=300, CaribbeanReefOctopusEntityForge=300, CommonOctopusEntityForge=300, CommonStingrayEntityForge=300, CommonThresherSharkEntityForge=300, GiantMorayEelEntityForge=300, GreatHammerheadSharkEntityForge=300, GreatWhiteSharkEntityForge=300, GreenSeaTurtleEntityForge=300, HarborSealEntityForge=300, NautilusEntityForge=300, OceanicWhitetipSharkEntityForge=300, OrcaEntityForge=700, SandtigerSharkEntityForge=300, ShortfinMakoSharkEntityForge=300, TigerSharkEntityForge=300}	11	{death_AmericanLobsterEntityForge_mob_by_BlacktipReefSharkEntityForge=5, death_AmericanLobsterEntityForge_mob_by_CommonStingrayEntityForge=4, death_AmericanLobsterEntityForge_mob_by_SandtigerSharkEntityForge=1, death_AmericanLobsterEntityForge_mob_by_TigerSharkEntityForge=2, death_AtlanticCodEntityForge_mob_by_BlacktipReefSharkEntityForge=2, death_AtlanticCodEntityForge_mob_by_CommonThresherSharkEntityForge=2, death_AtlanticCodEntityForge_mob_by_GreatWhiteSharkEntityForge=1, death_AtlanticCodEntityForge_mob_by_SandtigerSharkEntityForge=1, death_AtlanticCodEntityForge_mob_by_ShortfinMakoSharkEntityForge=1, death_AtlanticSalmonEntityForge_mob_by_BlacktipReefSharkEntityForge=3, death_AtlanticSalmonEntityForge_mob_by_CommonThresherSharkEntityForge=3, death_AtlanticSalmonEntityForge_mob_by_GreatHammerheadSharkEntityForge=1, death_AtlanticSalmonEntityForge_mob_by_OceanicWhitetipSharkEntityForge=1, death_BlacktipReefSharkEntityForge_mob_by_ShortfinMakoSharkEntityForge=1, death_BottlenoseDolphinEntityForge_mob_by_GreatWhiteSharkEntityForge=1, death_BottlenoseDolphinEntityForge_mob_by_OceanicWhitetipSharkEntityForge=4, death_BottlenoseDolphinEntityForge_mob_by_ShortfinMakoSharkEntityForge=1, death_CaribbeanReefOctopusEntityForge_mob_by_BlacktipReefSharkEntityForge=3, death_CaribbeanReefOctopusEntityForge_mob_by_CommonStingrayEntityForge=2, death_CaribbeanReefOctopusEntityForge_mob_by_GreatHammerheadSharkEntityForge=4, death_CommonOctopusEntityForge_mob_by_SandtigerSharkEntityForge=2, death_CommonStingrayEntityForge_mob_by_BlacktipReefSharkEntityForge=1, death_GreenSeaTurtleEntityForge_mob_by_GreatWhiteSharkEntityForge=2, death_GreenSeaTurtleEntityForge_mob_by_ShortfinMakoSharkEntityForge=1, death_HarborSealEntityForge_mob_by_TigerSharkEntityForge=2, living_deaths=51, navigation_calls=95590, sensor_calls=131449}	109	126
29000	1093862800	{AmericanLobsterEntityForge=20, AtlanticCodEntityForge=16, AtlanticSalmonEntityForge=16, BlackSeaNettleJellyfishEntityForge=2, BlacktipReefSharkEntityForge=6, BottlenoseDolphinEntityForge=8, CannonballJellyfishEntityForge=4, CaribbeanReefOctopusEntityForge=4, CommonOctopusEntityForge=6, CommonStingrayEntityForge=6, CommonThresherSharkEntityForge=2, GiantMorayEelEntityForge=8, GreatHammerheadSharkEntityForge=2, GreatWhiteSharkEntityForge=2, GreenSeaTurtleEntityForge=6, HarborSealEntityForge=6, NautilusEntityForge=2, OceanicWhitetipSharkEntityForge=2, OrcaEntityForge=2, SandtigerSharkEntityForge=2, ShortfinMakoSharkEntityForge=2, TigerSharkEntityForge=2}	{AmericanLobsterEntityForge=300, AtlanticCodEntityForge=300, AtlanticSalmonEntityForge=300, BlackSeaNettleJellyfishEntityForge=300, BlacktipReefSharkEntityForge=300, BottlenoseDolphinEntityForge=700, CannonballJellyfishEntityForge=300, CaribbeanReefOctopusEntityForge=300, CommonOctopusEntityForge=300, CommonStingrayEntityForge=300, CommonThresherSharkEntityForge=300, GiantMorayEelEntityForge=300, GreatHammerheadSharkEntityForge=300, GreatWhiteSharkEntityForge=300, GreenSeaTurtleEntityForge=300, HarborSealEntityForge=300, NautilusEntityForge=300, OceanicWhitetipSharkEntityForge=300, OrcaEntityForge=700, SandtigerSharkEntityForge=300, ShortfinMakoSharkEntityForge=300, TigerSharkEntityForge=300}	11	{death_AmericanLobsterEntityForge_mob_by_BlacktipReefSharkEntityForge=5, death_AmericanLobsterEntityForge_mob_by_CommonStingrayEntityForge=4, death_AmericanLobsterEntityForge_mob_by_SandtigerSharkEntityForge=1, death_AmericanLobsterEntityForge_mob_by_TigerSharkEntityForge=2, death_AtlanticCodEntityForge_mob_by_BlacktipReefSharkEntityForge=2, death_AtlanticCodEntityForge_mob_by_CommonThresherSharkEntityForge=2, death_AtlanticCodEntityForge_mob_by_GreatWhiteSharkEntityForge=1, death_AtlanticCodEntityForge_mob_by_SandtigerSharkEntityForge=1, death_AtlanticCodEntityForge_mob_by_ShortfinMakoSharkEntityForge=1, death_AtlanticSalmonEntityForge_mob_by_BlacktipReefSharkEntityForge=3, death_AtlanticSalmonEntityForge_mob_by_CommonThresherSharkEntityForge=3, death_AtlanticSalmonEntityForge_mob_by_GreatHammerheadSharkEntityForge=1, death_AtlanticSalmonEntityForge_mob_by_OceanicWhitetipSharkEntityForge=1, death_BlacktipReefSharkEntityForge_mob_by_ShortfinMakoSharkEntityForge=1, death_BottlenoseDolphinEntityForge_mob_by_GreatWhiteSharkEntityForge=1, death_BottlenoseDolphinEntityForge_mob_by_OceanicWhitetipSharkEntityForge=4, death_BottlenoseDolphinEntityForge_mob_by_ShortfinMakoSharkEntityForge=1, death_CaribbeanReefOctopusEntityForge_mob_by_BlacktipReefSharkEntityForge=3, death_CaribbeanReefOctopusEntityForge_mob_by_CommonStingrayEntityForge=2, death_CaribbeanReefOctopusEntityForge_mob_by_GreatHammerheadSharkEntityForge=4, death_CommonOctopusEntityForge_mob_by_SandtigerSharkEntityForge=2, death_CommonStingrayEntityForge_mob_by_BlacktipReefSharkEntityForge=1, death_GreenSeaTurtleEntityForge_mob_by_GreatWhiteSharkEntityForge=2, death_GreenSeaTurtleEntityForge_mob_by_ShortfinMakoSharkEntityForge=1, death_HarborSealEntityForge_mob_by_TigerSharkEntityForge=2, living_deaths=51, navigation_calls=96268, sensor_calls=132393}	113	126
29200	1265829264	{AmericanLobsterEntityForge=20, AtlanticCodEntityForge=16, AtlanticSalmonEntityForge=16, BlackSeaNettleJellyfishEntityForge=2, BlacktipReefSharkEntityForge=6, BottlenoseDolphinEntityForge=8, CannonballJellyfishEntityForge=4, CaribbeanReefOctopusEntityForge=4, CommonOctopusEntityForge=6, CommonStingrayEntityForge=6, CommonThresherSharkEntityForge=2, GiantMorayEelEntityForge=8, GreatHammerheadSharkEntityForge=2, GreatWhiteSharkEntityForge=2, GreenSeaTurtleEntityForge=6, HarborSealEntityForge=6, NautilusEntityForge=2, OceanicWhitetipSharkEntityForge=2, OrcaEntityForge=2, SandtigerSharkEntityForge=2, ShortfinMakoSharkEntityForge=2, TigerSharkEntityForge=2}	{AmericanLobsterEntityForge=300, AtlanticCodEntityForge=300, AtlanticSalmonEntityForge=300, BlackSeaNettleJellyfishEntityForge=300, BlacktipReefSharkEntityForge=300, BottlenoseDolphinEntityForge=700, CannonballJellyfishEntityForge=300, CaribbeanReefOctopusEntityForge=300, CommonOctopusEntityForge=300, CommonStingrayEntityForge=300, CommonThresherSharkEntityForge=300, GiantMorayEelEntityForge=300, GreatHammerheadSharkEntityForge=300, GreatWhiteSharkEntityForge=300, GreenSeaTurtleEntityForge=300, HarborSealEntityForge=300, NautilusEntityForge=300, OceanicWhitetipSharkEntityForge=300, OrcaEntityForge=700, SandtigerSharkEntityForge=300, ShortfinMakoSharkEntityForge=300, TigerSharkEntityForge=300}	11	{death_AmericanLobsterEntityForge_mob_by_BlacktipReefSharkEntityForge=5, death_AmericanLobsterEntityForge_mob_by_CommonStingrayEntityForge=4, death_AmericanLobsterEntityForge_mob_by_SandtigerSharkEntityForge=1, death_AmericanLobsterEntityForge_mob_by_TigerSharkEntityForge=2, death_AtlanticCodEntityForge_mob_by_BlacktipReefSharkEntityForge=2, death_AtlanticCodEntityForge_mob_by_CommonThresherSharkEntityForge=2, death_AtlanticCodEntityForge_mob_by_GreatWhiteSharkEntityForge=1, death_AtlanticCodEntityForge_mob_by_SandtigerSharkEntityForge=1, death_AtlanticCodEntityForge_mob_by_ShortfinMakoSharkEntityForge=1, death_AtlanticSalmonEntityForge_mob_by_BlacktipReefSharkEntityForge=3, death_AtlanticSalmonEntityForge_mob_by_CommonThresherSharkEntityForge=3, death_AtlanticSalmonEntityForge_mob_by_GreatHammerheadSharkEntityForge=1, death_AtlanticSalmonEntityForge_mob_by_OceanicWhitetipSharkEntityForge=1, death_BlacktipReefSharkEntityForge_mob_by_ShortfinMakoSharkEntityForge=1, death_BottlenoseDolphinEntityForge_mob_by_GreatWhiteSharkEntityForge=1, death_BottlenoseDolphinEntityForge_mob_by_OceanicWhitetipSharkEntityForge=4, death_BottlenoseDolphinEntityForge_mob_by_ShortfinMakoSharkEntityForge=1, death_CaribbeanReefOctopusEntityForge_mob_by_BlacktipReefSharkEntityForge=3, death_CaribbeanReefOctopusEntityForge_mob_by_CommonStingrayEntityForge=2, death_CaribbeanReefOctopusEntityForge_mob_by_GreatHammerheadSharkEntityForge=4, death_CommonOctopusEntityForge_mob_by_SandtigerSharkEntityForge=2, death_CommonStingrayEntityForge_mob_by_BlacktipReefSharkEntityForge=1, death_GreenSeaTurtleEntityForge_mob_by_GreatWhiteSharkEntityForge=2, death_GreenSeaTurtleEntityForge_mob_by_ShortfinMakoSharkEntityForge=1, death_HarborSealEntityForge_mob_by_TigerSharkEntityForge=2, living_deaths=51, navigation_calls=96996, sensor_calls=133277}	113	126
29400	1453524368	{AmericanLobsterEntityForge=20, AtlanticCodEntityForge=16, AtlanticSalmonEntityForge=16, BlackSeaNettleJellyfishEntityForge=2, BlacktipReefSharkEntityForge=6, BottlenoseDolphinEntityForge=8, CannonballJellyfishEntityForge=4, CaribbeanReefOctopusEntityForge=4, CommonOctopusEntityForge=6, CommonStingrayEntityForge=6, CommonThresherSharkEntityForge=2, GiantMorayEelEntityForge=8, GreatHammerheadSharkEntityForge=2, GreatWhiteSharkEntityForge=2, GreenSeaTurtleEntityForge=6, HarborSealEntityForge=6, NautilusEntityForge=2, OceanicWhitetipSharkEntityForge=2, OrcaEntityForge=2, SandtigerSharkEntityForge=2, ShortfinMakoSharkEntityForge=2, TigerSharkEntityForge=2}	{AmericanLobsterEntityForge=300, AtlanticCodEntityForge=300, AtlanticSalmonEntityForge=300, BlackSeaNettleJellyfishEntityForge=300, BlacktipReefSharkEntityForge=300, BottlenoseDolphinEntityForge=700, CannonballJellyfishEntityForge=300, CaribbeanReefOctopusEntityForge=300, CommonOctopusEntityForge=300, CommonStingrayEntityForge=300, CommonThresherSharkEntityForge=300, GiantMorayEelEntityForge=300, GreatHammerheadSharkEntityForge=300, GreatWhiteSharkEntityForge=300, GreenSeaTurtleEntityForge=300, HarborSealEntityForge=300, NautilusEntityForge=300, OceanicWhitetipSharkEntityForge=300, OrcaEntityForge=700, SandtigerSharkEntityForge=300, ShortfinMakoSharkEntityForge=300, TigerSharkEntityForge=300}	11	{death_AmericanLobsterEntityForge_mob_by_BlacktipReefSharkEntityForge=5, death_AmericanLobsterEntityForge_mob_by_CommonStingrayEntityForge=4, death_AmericanLobsterEntityForge_mob_by_SandtigerSharkEntityForge=1, death_AmericanLobsterEntityForge_mob_by_TigerSharkEntityForge=2, death_AtlanticCodEntityForge_mob_by_BlacktipReefSharkEntityForge=2, death_AtlanticCodEntityForge_mob_by_CommonThresherSharkEntityForge=2, death_AtlanticCodEntityForge_mob_by_GreatWhiteSharkEntityForge=1, death_AtlanticCodEntityForge_mob_by_SandtigerSharkEntityForge=1, death_AtlanticCodEntityForge_mob_by_ShortfinMakoSharkEntityForge=1, death_AtlanticSalmonEntityForge_mob_by_BlacktipReefSharkEntityForge=3, death_AtlanticSalmonEntityForge_mob_by_CommonThresherSharkEntityForge=3, death_AtlanticSalmonEntityForge_mob_by_GreatHammerheadSharkEntityForge=1, death_AtlanticSalmonEntityForge_mob_by_OceanicWhitetipSharkEntityForge=1, death_BlacktipReefSharkEntityForge_mob_by_ShortfinMakoSharkEntityForge=1, death_BottlenoseDolphinEntityForge_mob_by_GreatWhiteSharkEntityForge=1, death_BottlenoseDolphinEntityForge_mob_by_OceanicWhitetipSharkEntityForge=4, death_BottlenoseDolphinEntityForge_mob_by_ShortfinMakoSharkEntityForge=1, death_CaribbeanReefOctopusEntityForge_mob_by_BlacktipReefSharkEntityForge=3, death_CaribbeanReefOctopusEntityForge_mob_by_CommonStingrayEntityForge=2, death_CaribbeanReefOctopusEntityForge_mob_by_GreatHammerheadSharkEntityForge=4, death_CommonOctopusEntityForge_mob_by_SandtigerSharkEntityForge=2, death_CommonStingrayEntityForge_mob_by_BlacktipReefSharkEntityForge=1, death_GreenSeaTurtleEntityForge_mob_by_GreatWhiteSharkEntityForge=2, death_GreenSeaTurtleEntityForge_mob_by_ShortfinMakoSharkEntityForge=1, death_HarborSealEntityForge_mob_by_TigerSharkEntityForge=2, living_deaths=51, navigation_calls=97867, sensor_calls=134219}	111	126
29600	342423296	{AmericanLobsterEntityForge=20, AtlanticCodEntityForge=16, AtlanticSalmonEntityForge=16, BlackSeaNettleJellyfishEntityForge=2, BlacktipReefSharkEntityForge=6, BottlenoseDolphinEntityForge=8, CannonballJellyfishEntityForge=4, CaribbeanReefOctopusEntityForge=4, CommonOctopusEntityForge=6, CommonStingrayEntityForge=6, CommonThresherSharkEntityForge=2, GiantMorayEelEntityForge=8, GreatHammerheadSharkEntityForge=2, GreatWhiteSharkEntityForge=2, GreenSeaTurtleEntityForge=6, HarborSealEntityForge=6, NautilusEntityForge=2, OceanicWhitetipSharkEntityForge=2, OrcaEntityForge=2, SandtigerSharkEntityForge=2, ShortfinMakoSharkEntityForge=2, TigerSharkEntityForge=2}	{AmericanLobsterEntityForge=300, AtlanticCodEntityForge=300, AtlanticSalmonEntityForge=300, BlackSeaNettleJellyfishEntityForge=300, BlacktipReefSharkEntityForge=300, BottlenoseDolphinEntityForge=700, CannonballJellyfishEntityForge=300, CaribbeanReefOctopusEntityForge=300, CommonOctopusEntityForge=300, CommonStingrayEntityForge=300, CommonThresherSharkEntityForge=300, GiantMorayEelEntityForge=300, GreatHammerheadSharkEntityForge=300, GreatWhiteSharkEntityForge=300, GreenSeaTurtleEntityForge=300, HarborSealEntityForge=300, NautilusEntityForge=300, OceanicWhitetipSharkEntityForge=300, OrcaEntityForge=700, SandtigerSharkEntityForge=300, ShortfinMakoSharkEntityForge=300, TigerSharkEntityForge=300}	11	{death_AmericanLobsterEntityForge_mob_by_BlacktipReefSharkEntityForge=5, death_AmericanLobsterEntityForge_mob_by_CommonStingrayEntityForge=4, death_AmericanLobsterEntityForge_mob_by_SandtigerSharkEntityForge=1, death_AmericanLobsterEntityForge_mob_by_TigerSharkEntityForge=2, death_AtlanticCodEntityForge_mob_by_BlacktipReefSharkEntityForge=2, death_AtlanticCodEntityForge_mob_by_CommonThresherSharkEntityForge=2, death_AtlanticCodEntityForge_mob_by_GreatWhiteSharkEntityForge=1, death_AtlanticCodEntityForge_mob_by_SandtigerSharkEntityForge=1, death_AtlanticCodEntityForge_mob_by_ShortfinMakoSharkEntityForge=1, death_AtlanticSalmonEntityForge_mob_by_BlacktipReefSharkEntityForge=3, death_AtlanticSalmonEntityForge_mob_by_CommonThresherSharkEntityForge=3, death_AtlanticSalmonEntityForge_mob_by_GreatHammerheadSharkEntityForge=1, death_AtlanticSalmonEntityForge_mob_by_OceanicWhitetipSharkEntityForge=1, death_BlacktipReefSharkEntityForge_mob_by_ShortfinMakoSharkEntityForge=1, death_BottlenoseDolphinEntityForge_mob_by_GreatWhiteSharkEntityForge=1, death_BottlenoseDolphinEntityForge_mob_by_OceanicWhitetipSharkEntityForge=4, death_BottlenoseDolphinEntityForge_mob_by_ShortfinMakoSharkEntityForge=1, death_CaribbeanReefOctopusEntityForge_mob_by_BlacktipReefSharkEntityForge=3, death_CaribbeanReefOctopusEntityForge_mob_by_CommonStingrayEntityForge=2, death_CaribbeanReefOctopusEntityForge_mob_by_GreatHammerheadSharkEntityForge=4, death_CommonOctopusEntityForge_mob_by_SandtigerSharkEntityForge=2, death_CommonStingrayEntityForge_mob_by_BlacktipReefSharkEntityForge=1, death_GreenSeaTurtleEntityForge_mob_by_GreatWhiteSharkEntityForge=2, death_GreenSeaTurtleEntityForge_mob_by_ShortfinMakoSharkEntityForge=1, death_HarborSealEntityForge_mob_by_TigerSharkEntityForge=2, living_deaths=51, navigation_calls=98664, sensor_calls=135102}	112	126
29800	519632640	{AmericanLobsterEntityForge=20, AtlanticCodEntityForge=16, AtlanticSalmonEntityForge=16, BlackSeaNettleJellyfishEntityForge=2, BlacktipReefSharkEntityForge=6, BottlenoseDolphinEntityForge=8, CannonballJellyfishEntityForge=4, CaribbeanReefOctopusEntityForge=4, CommonOctopusEntityForge=6, CommonStingrayEntityForge=6, CommonThresherSharkEntityForge=2, GiantMorayEelEntityForge=8, GreatHammerheadSharkEntityForge=2, GreatWhiteSharkEntityForge=2, GreenSeaTurtleEntityForge=6, HarborSealEntityForge=6, NautilusEntityForge=2, OceanicWhitetipSharkEntityForge=2, OrcaEntityForge=2, SandtigerSharkEntityForge=2, ShortfinMakoSharkEntityForge=2, TigerSharkEntityForge=2}	{AmericanLobsterEntityForge=300, AtlanticCodEntityForge=300, AtlanticSalmonEntityForge=300, BlackSeaNettleJellyfishEntityForge=300, BlacktipReefSharkEntityForge=300, BottlenoseDolphinEntityForge=700, CannonballJellyfishEntityForge=300, CaribbeanReefOctopusEntityForge=300, CommonOctopusEntityForge=300, CommonStingrayEntityForge=300, CommonThresherSharkEntityForge=300, GiantMorayEelEntityForge=300, GreatHammerheadSharkEntityForge=300, GreatWhiteSharkEntityForge=300, GreenSeaTurtleEntityForge=300, HarborSealEntityForge=300, NautilusEntityForge=300, OceanicWhitetipSharkEntityForge=300, OrcaEntityForge=700, SandtigerSharkEntityForge=300, ShortfinMakoSharkEntityForge=300, TigerSharkEntityForge=300}	11	{death_AmericanLobsterEntityForge_mob_by_BlacktipReefSharkEntityForge=5, death_AmericanLobsterEntityForge_mob_by_CommonStingrayEntityForge=4, death_AmericanLobsterEntityForge_mob_by_SandtigerSharkEntityForge=1, death_AmericanLobsterEntityForge_mob_by_TigerSharkEntityForge=2, death_AtlanticCodEntityForge_mob_by_BlacktipReefSharkEntityForge=2, death_AtlanticCodEntityForge_mob_by_CommonThresherSharkEntityForge=2, death_AtlanticCodEntityForge_mob_by_GreatWhiteSharkEntityForge=1, death_AtlanticCodEntityForge_mob_by_SandtigerSharkEntityForge=1, death_AtlanticCodEntityForge_mob_by_ShortfinMakoSharkEntityForge=1, death_AtlanticSalmonEntityForge_mob_by_BlacktipReefSharkEntityForge=3, death_AtlanticSalmonEntityForge_mob_by_CommonThresherSharkEntityForge=3, death_AtlanticSalmonEntityForge_mob_by_GreatHammerheadSharkEntityForge=1, death_AtlanticSalmonEntityForge_mob_by_OceanicWhitetipSharkEntityForge=1, death_BlacktipReefSharkEntityForge_mob_by_ShortfinMakoSharkEntityForge=1, death_BottlenoseDolphinEntityForge_mob_by_GreatWhiteSharkEntityForge=1, death_BottlenoseDolphinEntityForge_mob_by_OceanicWhitetipSharkEntityForge=4, death_BottlenoseDolphinEntityForge_mob_by_ShortfinMakoSharkEntityForge=1, death_CaribbeanReefOctopusEntityForge_mob_by_BlacktipReefSharkEntityForge=3, death_CaribbeanReefOctopusEntityForge_mob_by_CommonStingrayEntityForge=2, death_CaribbeanReefOctopusEntityForge_mob_by_GreatHammerheadSharkEntityForge=4, death_CommonOctopusEntityForge_mob_by_SandtigerSharkEntityForge=2, death_CommonStingrayEntityForge_mob_by_BlacktipReefSharkEntityForge=1, death_GreenSeaTurtleEntityForge_mob_by_GreatWhiteSharkEntityForge=2, death_GreenSeaTurtleEntityForge_mob_by_ShortfinMakoSharkEntityForge=1, death_HarborSealEntityForge_mob_by_TigerSharkEntityForge=2, living_deaths=51, navigation_calls=99441, sensor_calls=136048}	108	126
30000	685307648	{AmericanLobsterEntityForge=20, AtlanticCodEntityForge=16, AtlanticSalmonEntityForge=16, BlackSeaNettleJellyfishEntityForge=2, BlacktipReefSharkEntityForge=6, BottlenoseDolphinEntityForge=8, CannonballJellyfishEntityForge=4, CaribbeanReefOctopusEntityForge=4, CommonOctopusEntityForge=6, CommonStingrayEntityForge=6, CommonThresherSharkEntityForge=2, GiantMorayEelEntityForge=8, GreatHammerheadSharkEntityForge=2, GreatWhiteSharkEntityForge=2, GreenSeaTurtleEntityForge=6, HarborSealEntityForge=6, NautilusEntityForge=2, OceanicWhitetipSharkEntityForge=2, OrcaEntityForge=2, SandtigerSharkEntityForge=2, ShortfinMakoSharkEntityForge=2, TigerSharkEntityForge=2}	{AmericanLobsterEntityForge=300, AtlanticCodEntityForge=300, AtlanticSalmonEntityForge=300, BlackSeaNettleJellyfishEntityForge=300, BlacktipReefSharkEntityForge=300, BottlenoseDolphinEntityForge=700, CannonballJellyfishEntityForge=300, CaribbeanReefOctopusEntityForge=300, CommonOctopusEntityForge=300, CommonStingrayEntityForge=300, CommonThresherSharkEntityForge=300, GiantMorayEelEntityForge=300, GreatHammerheadSharkEntityForge=300, GreatWhiteSharkEntityForge=300, GreenSeaTurtleEntityForge=300, HarborSealEntityForge=300, NautilusEntityForge=300, OceanicWhitetipSharkEntityForge=300, OrcaEntityForge=700, SandtigerSharkEntityForge=300, ShortfinMakoSharkEntityForge=300, TigerSharkEntityForge=300}	11	{death_AmericanLobsterEntityForge_mob_by_BlacktipReefSharkEntityForge=5, death_AmericanLobsterEntityForge_mob_by_CommonStingrayEntityForge=4, death_AmericanLobsterEntityForge_mob_by_SandtigerSharkEntityForge=1, death_AmericanLobsterEntityForge_mob_by_TigerSharkEntityForge=2, death_AtlanticCodEntityForge_mob_by_BlacktipReefSharkEntityForge=2, death_AtlanticCodEntityForge_mob_by_CommonThresherSharkEntityForge=2, death_AtlanticCodEntityForge_mob_by_GreatWhiteSharkEntityForge=1, death_AtlanticCodEntityForge_mob_by_SandtigerSharkEntityForge=1, death_AtlanticCodEntityForge_mob_by_ShortfinMakoSharkEntityForge=1, death_AtlanticSalmonEntityForge_mob_by_BlacktipReefSharkEntityForge=3, death_AtlanticSalmonEntityForge_mob_by_CommonThresherSharkEntityForge=3, death_AtlanticSalmonEntityForge_mob_by_GreatHammerheadSharkEntityForge=1, death_AtlanticSalmonEntityForge_mob_by_OceanicWhitetipSharkEntityForge=1, death_BlacktipReefSharkEntityForge_mob_by_ShortfinMakoSharkEntityForge=1, death_BottlenoseDolphinEntityForge_mob_by_GreatWhiteSharkEntityForge=1, death_BottlenoseDolphinEntityForge_mob_by_OceanicWhitetipSharkEntityForge=4, death_BottlenoseDolphinEntityForge_mob_by_ShortfinMakoSharkEntityForge=1, death_CaribbeanReefOctopusEntityForge_mob_by_BlacktipReefSharkEntityForge=3, death_CaribbeanReefOctopusEntityForge_mob_by_CommonStingrayEntityForge=2, death_CaribbeanReefOctopusEntityForge_mob_by_GreatHammerheadSharkEntityForge=4, death_CommonOctopusEntityForge_mob_by_SandtigerSharkEntityForge=3, death_CommonStingrayEntityForge_mob_by_BlacktipReefSharkEntityForge=1, death_GreenSeaTurtleEntityForge_mob_by_GreatWhiteSharkEntityForge=2, death_GreenSeaTurtleEntityForge_mob_by_ShortfinMakoSharkEntityForge=1, death_HarborSealEntityForge_mob_by_TigerSharkEntityForge=2, living_deaths=52, navigation_calls=100160, sensor_calls=136928}	109	126
30200	840496896	{AmericanLobsterEntityForge=20, AtlanticCodEntityForge=16, AtlanticSalmonEntityForge=16, BlackSeaNettleJellyfishEntityForge=2, BlacktipReefSharkEntityForge=6, BottlenoseDolphinEntityForge=8, CannonballJellyfishEntityForge=4, CaribbeanReefOctopusEntityForge=4, CommonOctopusEntityForge=5, CommonStingrayEntityForge=6, CommonThresherSharkEntityForge=2, GiantMorayEelEntityForge=8, GreatHammerheadSharkEntityForge=2, GreatWhiteSharkEntityForge=2, GreenSeaTurtleEntityForge=6, HarborSealEntityForge=6, NautilusEntityForge=2, OceanicWhitetipSharkEntityForge=2, OrcaEntityForge=2, SandtigerSharkEntityForge=2, ShortfinMakoSharkEntityForge=2, TigerSharkEntityForge=2}	{AmericanLobsterEntityForge=300, AtlanticCodEntityForge=300, AtlanticSalmonEntityForge=300, BlackSeaNettleJellyfishEntityForge=300, BlacktipReefSharkEntityForge=300, BottlenoseDolphinEntityForge=700, CannonballJellyfishEntityForge=300, CaribbeanReefOctopusEntityForge=300, CommonOctopusEntityForge=300, CommonStingrayEntityForge=300, CommonThresherSharkEntityForge=300, GiantMorayEelEntityForge=300, GreatHammerheadSharkEntityForge=300, GreatWhiteSharkEntityForge=300, GreenSeaTurtleEntityForge=300, HarborSealEntityForge=300, NautilusEntityForge=300, OceanicWhitetipSharkEntityForge=300, OrcaEntityForge=700, SandtigerSharkEntityForge=300, ShortfinMakoSharkEntityForge=300, TigerSharkEntityForge=300}	11	{death_AmericanLobsterEntityForge_mob_by_BlacktipReefSharkEntityForge=5, death_AmericanLobsterEntityForge_mob_by_CommonStingrayEntityForge=4, death_AmericanLobsterEntityForge_mob_by_SandtigerSharkEntityForge=1, death_AmericanLobsterEntityForge_mob_by_TigerSharkEntityForge=2, death_AtlanticCodEntityForge_mob_by_BlacktipReefSharkEntityForge=2, death_AtlanticCodEntityForge_mob_by_CommonThresherSharkEntityForge=2, death_AtlanticCodEntityForge_mob_by_GreatWhiteSharkEntityForge=1, death_AtlanticCodEntityForge_mob_by_SandtigerSharkEntityForge=1, death_AtlanticCodEntityForge_mob_by_ShortfinMakoSharkEntityForge=1, death_AtlanticSalmonEntityForge_mob_by_BlacktipReefSharkEntityForge=3, death_AtlanticSalmonEntityForge_mob_by_CommonThresherSharkEntityForge=3, death_AtlanticSalmonEntityForge_mob_by_GreatHammerheadSharkEntityForge=1, death_AtlanticSalmonEntityForge_mob_by_OceanicWhitetipSharkEntityForge=1, death_BlacktipReefSharkEntityForge_mob_by_ShortfinMakoSharkEntityForge=1, death_BottlenoseDolphinEntityForge_mob_by_GreatWhiteSharkEntityForge=1, death_BottlenoseDolphinEntityForge_mob_by_OceanicWhitetipSharkEntityForge=4, death_BottlenoseDolphinEntityForge_mob_by_ShortfinMakoSharkEntityForge=1, death_CaribbeanReefOctopusEntityForge_mob_by_BlacktipReefSharkEntityForge=3, death_CaribbeanReefOctopusEntityForge_mob_by_CommonStingrayEntityForge=2, death_CaribbeanReefOctopusEntityForge_mob_by_GreatHammerheadSharkEntityForge=4, death_CommonOctopusEntityForge_mob_by_SandtigerSharkEntityForge=3, death_CommonStingrayEntityForge_mob_by_BlacktipReefSharkEntityForge=1, death_GreenSeaTurtleEntityForge_mob_by_GreatWhiteSharkEntityForge=2, death_GreenSeaTurtleEntityForge_mob_by_ShortfinMakoSharkEntityForge=1, death_HarborSealEntityForge_mob_by_TigerSharkEntityForge=2, living_deaths=52, navigation_calls=100765, sensor_calls=137862}	107	125
30400	1005123328	{AmericanLobsterEntityForge=20, AtlanticCodEntityForge=16, AtlanticSalmonEntityForge=16, BlackSeaNettleJellyfishEntityForge=2, BlacktipReefSharkEntityForge=6, BottlenoseDolphinEntityForge=8, CannonballJellyfishEntityForge=4, CaribbeanReefOctopusEntityForge=4, CommonOctopusEntityForge=6, CommonStingrayEntityForge=6, CommonThresherSharkEntityForge=2, GiantMorayEelEntityForge=8, GreatHammerheadSharkEntityForge=2, GreatWhiteSharkEntityForge=2, GreenSeaTurtleEntityForge=6, HarborSealEntityForge=6, NautilusEntityForge=2, OceanicWhitetipSharkEntityForge=2, OrcaEntityForge=2, SandtigerSharkEntityForge=2, ShortfinMakoSharkEntityForge=2, TigerSharkEntityForge=2}	{AmericanLobsterEntityForge=300, AtlanticCodEntityForge=300, AtlanticSalmonEntityForge=300, BlackSeaNettleJellyfishEntityForge=300, BlacktipReefSharkEntityForge=300, BottlenoseDolphinEntityForge=700, CannonballJellyfishEntityForge=300, CaribbeanReefOctopusEntityForge=300, CommonOctopusEntityForge=300, CommonStingrayEntityForge=300, CommonThresherSharkEntityForge=300, GiantMorayEelEntityForge=300, GreatHammerheadSharkEntityForge=300, GreatWhiteSharkEntityForge=300, GreenSeaTurtleEntityForge=300, HarborSealEntityForge=300, NautilusEntityForge=300, OceanicWhitetipSharkEntityForge=300, OrcaEntityForge=700, SandtigerSharkEntityForge=300, ShortfinMakoSharkEntityForge=300, TigerSharkEntityForge=300}	11	{death_AmericanLobsterEntityForge_mob_by_BlacktipReefSharkEntityForge=5, death_AmericanLobsterEntityForge_mob_by_CommonStingrayEntityForge=4, death_AmericanLobsterEntityForge_mob_by_SandtigerSharkEntityForge=1, death_AmericanLobsterEntityForge_mob_by_TigerSharkEntityForge=2, death_AtlanticCodEntityForge_mob_by_BlacktipReefSharkEntityForge=2, death_AtlanticCodEntityForge_mob_by_CommonThresherSharkEntityForge=2, death_AtlanticCodEntityForge_mob_by_GreatWhiteSharkEntityForge=1, death_AtlanticCodEntityForge_mob_by_SandtigerSharkEntityForge=1, death_AtlanticCodEntityForge_mob_by_ShortfinMakoSharkEntityForge=1, death_AtlanticSalmonEntityForge_mob_by_BlacktipReefSharkEntityForge=3, death_AtlanticSalmonEntityForge_mob_by_CommonThresherSharkEntityForge=3, death_AtlanticSalmonEntityForge_mob_by_GreatHammerheadSharkEntityForge=1, death_AtlanticSalmonEntityForge_mob_by_OceanicWhitetipSharkEntityForge=1, death_BlacktipReefSharkEntityForge_mob_by_ShortfinMakoSharkEntityForge=1, death_BottlenoseDolphinEntityForge_mob_by_GreatWhiteSharkEntityForge=1, death_BottlenoseDolphinEntityForge_mob_by_OceanicWhitetipSharkEntityForge=4, death_BottlenoseDolphinEntityForge_mob_by_ShortfinMakoSharkEntityForge=1, death_CaribbeanReefOctopusEntityForge_mob_by_BlacktipReefSharkEntityForge=3, death_CaribbeanReefOctopusEntityForge_mob_by_CommonStingrayEntityForge=2, death_CaribbeanReefOctopusEntityForge_mob_by_GreatHammerheadSharkEntityForge=4, death_CommonOctopusEntityForge_mob_by_SandtigerSharkEntityForge=3, death_CommonStingrayEntityForge_mob_by_BlacktipReefSharkEntityForge=1, death_GreenSeaTurtleEntityForge_mob_by_GreatWhiteSharkEntityForge=2, death_GreenSeaTurtleEntityForge_mob_by_ShortfinMakoSharkEntityForge=1, death_HarborSealEntityForge_mob_by_TigerSharkEntityForge=2, living_deaths=52, navigation_calls=101458, sensor_calls=138744}	110	126
30600	1164506880	{AmericanLobsterEntityForge=20, AtlanticCodEntityForge=16, AtlanticSalmonEntityForge=16, BlackSeaNettleJellyfishEntityForge=2, BlacktipReefSharkEntityForge=6, BottlenoseDolphinEntityForge=8, CannonballJellyfishEntityForge=4, CaribbeanReefOctopusEntityForge=4, CommonOctopusEntityForge=6, CommonStingrayEntityForge=6, CommonThresherSharkEntityForge=2, GiantMorayEelEntityForge=8, GreatHammerheadSharkEntityForge=2, GreatWhiteSharkEntityForge=2, GreenSeaTurtleEntityForge=6, HarborSealEntityForge=6, NautilusEntityForge=2, OceanicWhitetipSharkEntityForge=2, OrcaEntityForge=2, SandtigerSharkEntityForge=2, ShortfinMakoSharkEntityForge=2, TigerSharkEntityForge=2}	{AmericanLobsterEntityForge=300, AtlanticCodEntityForge=300, AtlanticSalmonEntityForge=300, BlackSeaNettleJellyfishEntityForge=300, BlacktipReefSharkEntityForge=300, BottlenoseDolphinEntityForge=700, CannonballJellyfishEntityForge=300, CaribbeanReefOctopusEntityForge=300, CommonOctopusEntityForge=300, CommonStingrayEntityForge=300, CommonThresherSharkEntityForge=300, GiantMorayEelEntityForge=300, GreatHammerheadSharkEntityForge=300, GreatWhiteSharkEntityForge=300, GreenSeaTurtleEntityForge=300, HarborSealEntityForge=300, NautilusEntityForge=300, OceanicWhitetipSharkEntityForge=300, OrcaEntityForge=700, SandtigerSharkEntityForge=300, ShortfinMakoSharkEntityForge=300, TigerSharkEntityForge=300}	11	{death_AmericanLobsterEntityForge_mob_by_BlacktipReefSharkEntityForge=5, death_AmericanLobsterEntityForge_mob_by_CommonStingrayEntityForge=4, death_AmericanLobsterEntityForge_mob_by_SandtigerSharkEntityForge=1, death_AmericanLobsterEntityForge_mob_by_TigerSharkEntityForge=2, death_AtlanticCodEntityForge_mob_by_BlacktipReefSharkEntityForge=2, death_AtlanticCodEntityForge_mob_by_CommonThresherSharkEntityForge=2, death_AtlanticCodEntityForge_mob_by_GreatWhiteSharkEntityForge=1, death_AtlanticCodEntityForge_mob_by_SandtigerSharkEntityForge=1, death_AtlanticCodEntityForge_mob_by_ShortfinMakoSharkEntityForge=1, death_AtlanticSalmonEntityForge_mob_by_BlacktipReefSharkEntityForge=3, death_AtlanticSalmonEntityForge_mob_by_CommonThresherSharkEntityForge=3, death_AtlanticSalmonEntityForge_mob_by_GreatHammerheadSharkEntityForge=1, death_AtlanticSalmonEntityForge_mob_by_OceanicWhitetipSharkEntityForge=1, death_BlacktipReefSharkEntityForge_mob_by_ShortfinMakoSharkEntityForge=1, death_BottlenoseDolphinEntityForge_mob_by_GreatWhiteSharkEntityForge=1, death_BottlenoseDolphinEntityForge_mob_by_OceanicWhitetipSharkEntityForge=4, death_BottlenoseDolphinEntityForge_mob_by_ShortfinMakoSharkEntityForge=1, death_CaribbeanReefOctopusEntityForge_mob_by_BlacktipReefSharkEntityForge=3, death_CaribbeanReefOctopusEntityForge_mob_by_CommonStingrayEntityForge=2, death_CaribbeanReefOctopusEntityForge_mob_by_GreatHammerheadSharkEntityForge=4, death_CommonOctopusEntityForge_mob_by_SandtigerSharkEntityForge=3, death_CommonStingrayEntityForge_mob_by_BlacktipReefSharkEntityForge=1, death_GreenSeaTurtleEntityForge_mob_by_GreatWhiteSharkEntityForge=2, death_GreenSeaTurtleEntityForge_mob_by_ShortfinMakoSharkEntityForge=1, death_HarborSealEntityForge_mob_by_TigerSharkEntityForge=2, living_deaths=52, navigation_calls=102158, sensor_calls=139686}	106	126
30800	1321793280	{AmericanLobsterEntityForge=20, AtlanticCodEntityForge=16, AtlanticSalmonEntityForge=16, BlackSeaNettleJellyfishEntityForge=2, BlacktipReefSharkEntityForge=6, BottlenoseDolphinEntityForge=8, CannonballJellyfishEntityForge=4, CaribbeanReefOctopusEntityForge=4, CommonOctopusEntityForge=6, CommonStingrayEntityForge=6, CommonThresherSharkEntityForge=2, GiantMorayEelEntityForge=8, GreatHammerheadSharkEntityForge=2, GreatWhiteSharkEntityForge=2, GreenSeaTurtleEntityForge=6, HarborSealEntityForge=6, NautilusEntityForge=2, OceanicWhitetipSharkEntityForge=2, OrcaEntityForge=2, SandtigerSharkEntityForge=2, ShortfinMakoSharkEntityForge=2, TigerSharkEntityForge=2}	{AmericanLobsterEntityForge=300, AtlanticCodEntityForge=300, AtlanticSalmonEntityForge=300, BlackSeaNettleJellyfishEntityForge=300, BlacktipReefSharkEntityForge=300, BottlenoseDolphinEntityForge=700, CannonballJellyfishEntityForge=300, CaribbeanReefOctopusEntityForge=300, CommonOctopusEntityForge=300, CommonStingrayEntityForge=300, CommonThresherSharkEntityForge=300, GiantMorayEelEntityForge=300, GreatHammerheadSharkEntityForge=300, GreatWhiteSharkEntityForge=300, GreenSeaTurtleEntityForge=300, HarborSealEntityForge=300, NautilusEntityForge=300, OceanicWhitetipSharkEntityForge=300, OrcaEntityForge=700, SandtigerSharkEntityForge=300, ShortfinMakoSharkEntityForge=300, TigerSharkEntityForge=300}	11	{death_AmericanLobsterEntityForge_mob_by_BlacktipReefSharkEntityForge=5, death_AmericanLobsterEntityForge_mob_by_CommonStingrayEntityForge=4, death_AmericanLobsterEntityForge_mob_by_SandtigerSharkEntityForge=1, death_AmericanLobsterEntityForge_mob_by_TigerSharkEntityForge=2, death_AtlanticCodEntityForge_mob_by_BlacktipReefSharkEntityForge=2, death_AtlanticCodEntityForge_mob_by_CommonThresherSharkEntityForge=2, death_AtlanticCodEntityForge_mob_by_GreatWhiteSharkEntityForge=1, death_AtlanticCodEntityForge_mob_by_SandtigerSharkEntityForge=1, death_AtlanticCodEntityForge_mob_by_ShortfinMakoSharkEntityForge=1, death_AtlanticSalmonEntityForge_mob_by_BlacktipReefSharkEntityForge=3, death_AtlanticSalmonEntityForge_mob_by_CommonThresherSharkEntityForge=3, death_AtlanticSalmonEntityForge_mob_by_GreatHammerheadSharkEntityForge=1, death_AtlanticSalmonEntityForge_mob_by_OceanicWhitetipSharkEntityForge=1, death_BlacktipReefSharkEntityForge_mob_by_ShortfinMakoSharkEntityForge=1, death_BottlenoseDolphinEntityForge_mob_by_GreatWhiteSharkEntityForge=1, death_BottlenoseDolphinEntityForge_mob_by_OceanicWhitetipSharkEntityForge=4, death_BottlenoseDolphinEntityForge_mob_by_ShortfinMakoSharkEntityForge=1, death_CaribbeanReefOctopusEntityForge_mob_by_BlacktipReefSharkEntityForge=3, death_CaribbeanReefOctopusEntityForge_mob_by_CommonStingrayEntityForge=2, death_CaribbeanReefOctopusEntityForge_mob_by_GreatHammerheadSharkEntityForge=4, death_CommonOctopusEntityForge_mob_by_SandtigerSharkEntityForge=3, death_CommonStingrayEntityForge_mob_by_BlacktipReefSharkEntityForge=1, death_GreenSeaTurtleEntityForge_mob_by_GreatWhiteSharkEntityForge=2, death_GreenSeaTurtleEntityForge_mob_by_ShortfinMakoSharkEntityForge=1, death_HarborSealEntityForge_mob_by_TigerSharkEntityForge=2, living_deaths=52, navigation_calls=102819, sensor_calls=140568}	110	126
31000	1481176832	{AmericanLobsterEntityForge=20, AtlanticCodEntityForge=16, AtlanticSalmonEntityForge=16, BlackSeaNettleJellyfishEntityForge=2, BlacktipReefSharkEntityForge=6, BottlenoseDolphinEntityForge=8, CannonballJellyfishEntityForge=4, CaribbeanReefOctopusEntityForge=4, CommonOctopusEntityForge=6, CommonStingrayEntityForge=6, CommonThresherSharkEntityForge=2, GiantMorayEelEntityForge=8, GreatHammerheadSharkEntityForge=2, GreatWhiteSharkEntityForge=2, GreenSeaTurtleEntityForge=6, HarborSealEntityForge=6, NautilusEntityForge=2, OceanicWhitetipSharkEntityForge=2, OrcaEntityForge=2, SandtigerSharkEntityForge=2, ShortfinMakoSharkEntityForge=2, TigerSharkEntityForge=2}	{AmericanLobsterEntityForge=300, AtlanticCodEntityForge=300, AtlanticSalmonEntityForge=300, BlackSeaNettleJellyfishEntityForge=300, BlacktipReefSharkEntityForge=300, BottlenoseDolphinEntityForge=700, CannonballJellyfishEntityForge=300, CaribbeanReefOctopusEntityForge=300, CommonOctopusEntityForge=300, CommonStingrayEntityForge=300, CommonThresherSharkEntityForge=300, GiantMorayEelEntityForge=300, GreatHammerheadSharkEntityForge=300, GreatWhiteSharkEntityForge=300, GreenSeaTurtleEntityForge=300, HarborSealEntityForge=300, NautilusEntityForge=300, OceanicWhitetipSharkEntityForge=300, OrcaEntityForge=700, SandtigerSharkEntityForge=300, ShortfinMakoSharkEntityForge=300, TigerSharkEntityForge=300}	11	{death_AmericanLobsterEntityForge_mob_by_BlacktipReefSharkEntityForge=5, death_AmericanLobsterEntityForge_mob_by_CommonStingrayEntityForge=4, death_AmericanLobsterEntityForge_mob_by_SandtigerSharkEntityForge=1, death_AmericanLobsterEntityForge_mob_by_TigerSharkEntityForge=2, death_AtlanticCodEntityForge_mob_by_BlacktipReefSharkEntityForge=2, death_AtlanticCodEntityForge_mob_by_CommonThresherSharkEntityForge=2, death_AtlanticCodEntityForge_mob_by_GreatWhiteSharkEntityForge=1, death_AtlanticCodEntityForge_mob_by_SandtigerSharkEntityForge=1, death_AtlanticCodEntityForge_mob_by_ShortfinMakoSharkEntityForge=1, death_AtlanticSalmonEntityForge_mob_by_BlacktipReefSharkEntityForge=3, death_AtlanticSalmonEntityForge_mob_by_CommonThresherSharkEntityForge=3, death_AtlanticSalmonEntityForge_mob_by_GreatHammerheadSharkEntityForge=1, death_AtlanticSalmonEntityForge_mob_by_OceanicWhitetipSharkEntityForge=1, death_BlacktipReefSharkEntityForge_mob_by_ShortfinMakoSharkEntityForge=1, death_BottlenoseDolphinEntityForge_mob_by_GreatWhiteSharkEntityForge=1, death_BottlenoseDolphinEntityForge_mob_by_OceanicWhitetipSharkEntityForge=4, death_BottlenoseDolphinEntityForge_mob_by_ShortfinMakoSharkEntityForge=1, death_CaribbeanReefOctopusEntityForge_mob_by_BlacktipReefSharkEntityForge=3, death_CaribbeanReefOctopusEntityForge_mob_by_CommonStingrayEntityForge=2, death_CaribbeanReefOctopusEntityForge_mob_by_GreatHammerheadSharkEntityForge=4, death_CommonOctopusEntityForge_mob_by_SandtigerSharkEntityForge=3, death_CommonStingrayEntityForge_mob_by_BlacktipReefSharkEntityForge=1, death_GreenSeaTurtleEntityForge_mob_by_GreatWhiteSharkEntityForge=2, death_GreenSeaTurtleEntityForge_mob_by_ShortfinMakoSharkEntityForge=1, death_HarborSealEntityForge_mob_by_TigerSharkEntityForge=2, living_deaths=52, navigation_calls=103456, sensor_calls=141511}	108	126
31200	361664720	{AmericanLobsterEntityForge=20, AtlanticCodEntityForge=16, AtlanticSalmonEntityForge=16, BlackSeaNettleJellyfishEntityForge=2, BlacktipReefSharkEntityForge=6, BottlenoseDolphinEntityForge=8, CannonballJellyfishEntityForge=4, CaribbeanReefOctopusEntityForge=4, CommonOctopusEntityForge=6, CommonStingrayEntityForge=6, CommonThresherSharkEntityForge=2, GiantMorayEelEntityForge=8, GreatHammerheadSharkEntityForge=2, GreatWhiteSharkEntityForge=2, GreenSeaTurtleEntityForge=6, HarborSealEntityForge=6, NautilusEntityForge=2, OceanicWhitetipSharkEntityForge=2, OrcaEntityForge=2, SandtigerSharkEntityForge=2, ShortfinMakoSharkEntityForge=2, TigerSharkEntityForge=2}	{AmericanLobsterEntityForge=300, AtlanticCodEntityForge=300, AtlanticSalmonEntityForge=300, BlackSeaNettleJellyfishEntityForge=300, BlacktipReefSharkEntityForge=300, BottlenoseDolphinEntityForge=700, CannonballJellyfishEntityForge=300, CaribbeanReefOctopusEntityForge=300, CommonOctopusEntityForge=300, CommonStingrayEntityForge=300, CommonThresherSharkEntityForge=300, GiantMorayEelEntityForge=300, GreatHammerheadSharkEntityForge=300, GreatWhiteSharkEntityForge=300, GreenSeaTurtleEntityForge=300, HarborSealEntityForge=300, NautilusEntityForge=300, OceanicWhitetipSharkEntityForge=300, OrcaEntityForge=700, SandtigerSharkEntityForge=300, ShortfinMakoSharkEntityForge=300, TigerSharkEntityForge=300}	11	{death_AmericanLobsterEntityForge_mob_by_BlacktipReefSharkEntityForge=5, death_AmericanLobsterEntityForge_mob_by_CommonStingrayEntityForge=4, death_AmericanLobsterEntityForge_mob_by_SandtigerSharkEntityForge=1, death_AmericanLobsterEntityForge_mob_by_TigerSharkEntityForge=2, death_AtlanticCodEntityForge_mob_by_BlacktipReefSharkEntityForge=2, death_AtlanticCodEntityForge_mob_by_CommonThresherSharkEntityForge=2, death_AtlanticCodEntityForge_mob_by_GreatWhiteSharkEntityForge=1, death_AtlanticCodEntityForge_mob_by_SandtigerSharkEntityForge=1, death_AtlanticCodEntityForge_mob_by_ShortfinMakoSharkEntityForge=1, death_AtlanticSalmonEntityForge_mob_by_BlacktipReefSharkEntityForge=3, death_AtlanticSalmonEntityForge_mob_by_CommonThresherSharkEntityForge=3, death_AtlanticSalmonEntityForge_mob_by_GreatHammerheadSharkEntityForge=1, death_AtlanticSalmonEntityForge_mob_by_OceanicWhitetipSharkEntityForge=1, death_BlacktipReefSharkEntityForge_mob_by_ShortfinMakoSharkEntityForge=1, death_BottlenoseDolphinEntityForge_mob_by_GreatWhiteSharkEntityForge=1, death_BottlenoseDolphinEntityForge_mob_by_OceanicWhitetipSharkEntityForge=4, death_BottlenoseDolphinEntityForge_mob_by_ShortfinMakoSharkEntityForge=1, death_CaribbeanReefOctopusEntityForge_mob_by_BlacktipReefSharkEntityForge=3, death_CaribbeanReefOctopusEntityForge_mob_by_CommonStingrayEntityForge=2, death_CaribbeanReefOctopusEntityForge_mob_by_GreatHammerheadSharkEntityForge=4, death_CommonOctopusEntityForge_mob_by_SandtigerSharkEntityForge=3, death_CommonStingrayEntityForge_mob_by_BlacktipReefSharkEntityForge=1, death_GreenSeaTurtleEntityForge_mob_by_GreatWhiteSharkEntityForge=2, death_GreenSeaTurtleEntityForge_mob_by_ShortfinMakoSharkEntityForge=1, death_HarborSealEntityForge_mob_by_TigerSharkEntityForge=2, living_deaths=52, navigation_calls=104094, sensor_calls=142394}	110	126
31400	524194000	{AmericanLobsterEntityForge=20, AtlanticCodEntityForge=16, AtlanticSalmonEntityForge=16, BlackSeaNettleJellyfishEntityForge=2, BlacktipReefSharkEntityForge=6, BottlenoseDolphinEntityForge=8, CannonballJellyfishEntityForge=4, CaribbeanReefOctopusEntityForge=4, CommonOctopusEntityForge=6, CommonStingrayEntityForge=6, CommonThresherSharkEntityForge=2, GiantMorayEelEntityForge=8, GreatHammerheadSharkEntityForge=2, GreatWhiteSharkEntityForge=2, GreenSeaTurtleEntityForge=6, HarborSealEntityForge=6, NautilusEntityForge=2, OceanicWhitetipSharkEntityForge=2, OrcaEntityForge=2, SandtigerSharkEntityForge=2, ShortfinMakoSharkEntityForge=2, TigerSharkEntityForge=2}	{AmericanLobsterEntityForge=300, AtlanticCodEntityForge=300, AtlanticSalmonEntityForge=300, BlackSeaNettleJellyfishEntityForge=300, BlacktipReefSharkEntityForge=300, BottlenoseDolphinEntityForge=700, CannonballJellyfishEntityForge=300, CaribbeanReefOctopusEntityForge=300, CommonOctopusEntityForge=300, CommonStingrayEntityForge=300, CommonThresherSharkEntityForge=300, GiantMorayEelEntityForge=300, GreatHammerheadSharkEntityForge=300, GreatWhiteSharkEntityForge=300, GreenSeaTurtleEntityForge=300, HarborSealEntityForge=300, NautilusEntityForge=300, OceanicWhitetipSharkEntityForge=300, OrcaEntityForge=700, SandtigerSharkEntityForge=300, ShortfinMakoSharkEntityForge=300, TigerSharkEntityForge=300}	11	{death_AmericanLobsterEntityForge_mob_by_BlacktipReefSharkEntityForge=5, death_AmericanLobsterEntityForge_mob_by_CommonStingrayEntityForge=4, death_AmericanLobsterEntityForge_mob_by_SandtigerSharkEntityForge=1, death_AmericanLobsterEntityForge_mob_by_TigerSharkEntityForge=2, death_AtlanticCodEntityForge_mob_by_BlacktipReefSharkEntityForge=2, death_AtlanticCodEntityForge_mob_by_CommonThresherSharkEntityForge=2, death_AtlanticCodEntityForge_mob_by_GreatWhiteSharkEntityForge=1, death_AtlanticCodEntityForge_mob_by_SandtigerSharkEntityForge=1, death_AtlanticCodEntityForge_mob_by_ShortfinMakoSharkEntityForge=1, death_AtlanticSalmonEntityForge_mob_by_BlacktipReefSharkEntityForge=3, death_AtlanticSalmonEntityForge_mob_by_CommonThresherSharkEntityForge=3, death_AtlanticSalmonEntityForge_mob_by_GreatHammerheadSharkEntityForge=1, death_AtlanticSalmonEntityForge_mob_by_OceanicWhitetipSharkEntityForge=1, death_BlacktipReefSharkEntityForge_mob_by_ShortfinMakoSharkEntityForge=1, death_BottlenoseDolphinEntityForge_mob_by_GreatWhiteSharkEntityForge=1, death_BottlenoseDolphinEntityForge_mob_by_OceanicWhitetipSharkEntityForge=4, death_BottlenoseDolphinEntityForge_mob_by_ShortfinMakoSharkEntityForge=1, death_CaribbeanReefOctopusEntityForge_mob_by_BlacktipReefSharkEntityForge=3, death_CaribbeanReefOctopusEntityForge_mob_by_CommonStingrayEntityForge=2, death_CaribbeanReefOctopusEntityForge_mob_by_GreatHammerheadSharkEntityForge=4, death_CommonOctopusEntityForge_mob_by_SandtigerSharkEntityForge=3, death_CommonStingrayEntityForge_mob_by_BlacktipReefSharkEntityForge=1, death_GreenSeaTurtleEntityForge_mob_by_GreatWhiteSharkEntityForge=2, death_GreenSeaTurtleEntityForge_mob_by_ShortfinMakoSharkEntityForge=1, death_HarborSealEntityForge_mob_by_TigerSharkEntityForge=2, living_deaths=52, navigation_calls=104822, sensor_calls=143337}	111	126
31600	690917584	{AmericanLobsterEntityForge=20, AtlanticCodEntityForge=16, AtlanticSalmonEntityForge=16, BlackSeaNettleJellyfishEntityForge=2, BlacktipReefSharkEntityForge=6, BottlenoseDolphinEntityForge=8, CannonballJellyfishEntityForge=4, CaribbeanReefOctopusEntityForge=4, CommonOctopusEntityForge=6, CommonStingrayEntityForge=6, CommonThresherSharkEntityForge=2, GiantMorayEelEntityForge=8, GreatHammerheadSharkEntityForge=2, GreatWhiteSharkEntityForge=2, GreenSeaTurtleEntityForge=6, HarborSealEntityForge=6, NautilusEntityForge=2, OceanicWhitetipSharkEntityForge=2, OrcaEntityForge=2, SandtigerSharkEntityForge=2, ShortfinMakoSharkEntityForge=2, TigerSharkEntityForge=2}	{AmericanLobsterEntityForge=300, AtlanticCodEntityForge=300, AtlanticSalmonEntityForge=300, BlackSeaNettleJellyfishEntityForge=300, BlacktipReefSharkEntityForge=300, BottlenoseDolphinEntityForge=700, CannonballJellyfishEntityForge=300, CaribbeanReefOctopusEntityForge=300, CommonOctopusEntityForge=300, CommonStingrayEntityForge=300, CommonThresherSharkEntityForge=300, GiantMorayEelEntityForge=300, GreatHammerheadSharkEntityForge=300, GreatWhiteSharkEntityForge=300, GreenSeaTurtleEntityForge=300, HarborSealEntityForge=300, NautilusEntityForge=300, OceanicWhitetipSharkEntityForge=300, OrcaEntityForge=700, SandtigerSharkEntityForge=300, ShortfinMakoSharkEntityForge=300, TigerSharkEntityForge=300}	11	{death_AmericanLobsterEntityForge_mob_by_BlacktipReefSharkEntityForge=5, death_AmericanLobsterEntityForge_mob_by_CommonStingrayEntityForge=4, death_AmericanLobsterEntityForge_mob_by_SandtigerSharkEntityForge=1, death_AmericanLobsterEntityForge_mob_by_TigerSharkEntityForge=2, death_AtlanticCodEntityForge_mob_by_BlacktipReefSharkEntityForge=2, death_AtlanticCodEntityForge_mob_by_CommonThresherSharkEntityForge=2, death_AtlanticCodEntityForge_mob_by_GreatWhiteSharkEntityForge=1, death_AtlanticCodEntityForge_mob_by_SandtigerSharkEntityForge=1, death_AtlanticCodEntityForge_mob_by_ShortfinMakoSharkEntityForge=1, death_AtlanticSalmonEntityForge_mob_by_BlacktipReefSharkEntityForge=3, death_AtlanticSalmonEntityForge_mob_by_CommonThresherSharkEntityForge=3, death_AtlanticSalmonEntityForge_mob_by_GreatHammerheadSharkEntityForge=1, death_AtlanticSalmonEntityForge_mob_by_OceanicWhitetipSharkEntityForge=1, death_BlacktipReefSharkEntityForge_mob_by_ShortfinMakoSharkEntityForge=1, death_BottlenoseDolphinEntityForge_mob_by_GreatWhiteSharkEntityForge=1, death_BottlenoseDolphinEntityForge_mob_by_OceanicWhitetipSharkEntityForge=4, death_BottlenoseDolphinEntityForge_mob_by_ShortfinMakoSharkEntityForge=1, death_CaribbeanReefOctopusEntityForge_mob_by_BlacktipReefSharkEntityForge=3, death_CaribbeanReefOctopusEntityForge_mob_by_CommonStingrayEntityForge=2, death_CaribbeanReefOctopusEntityForge_mob_by_GreatHammerheadSharkEntityForge=4, death_CommonOctopusEntityForge_mob_by_SandtigerSharkEntityForge=3, death_CommonStingrayEntityForge_mob_by_BlacktipReefSharkEntityForge=1, death_GreenSeaTurtleEntityForge_mob_by_GreatWhiteSharkEntityForge=2, death_GreenSeaTurtleEntityForge_mob_by_ShortfinMakoSharkEntityForge=1, death_HarborSealEntityForge_mob_by_TigerSharkEntityForge=2, living_deaths=52, navigation_calls=105486, sensor_calls=144219}	111	126
31800	854495440	{AmericanLobsterEntityForge=20, AtlanticCodEntityForge=16, AtlanticSalmonEntityForge=16, BlackSeaNettleJellyfishEntityForge=2, BlacktipReefSharkEntityForge=6, BottlenoseDolphinEntityForge=8, CannonballJellyfishEntityForge=4, CaribbeanReefOctopusEntityForge=4, CommonOctopusEntityForge=6, CommonStingrayEntityForge=6, CommonThresherSharkEntityForge=2, GiantMorayEelEntityForge=8, GreatHammerheadSharkEntityForge=2, GreatWhiteSharkEntityForge=2, GreenSeaTurtleEntityForge=6, HarborSealEntityForge=6, NautilusEntityForge=2, OceanicWhitetipSharkEntityForge=2, OrcaEntityForge=2, SandtigerSharkEntityForge=2, ShortfinMakoSharkEntityForge=2, TigerSharkEntityForge=2}	{AmericanLobsterEntityForge=300, AtlanticCodEntityForge=300, AtlanticSalmonEntityForge=300, BlackSeaNettleJellyfishEntityForge=300, BlacktipReefSharkEntityForge=300, BottlenoseDolphinEntityForge=700, CannonballJellyfishEntityForge=300, CaribbeanReefOctopusEntityForge=300, CommonOctopusEntityForge=300, CommonStingrayEntityForge=300, CommonThresherSharkEntityForge=300, GiantMorayEelEntityForge=300, GreatHammerheadSharkEntityForge=300, GreatWhiteSharkEntityForge=300, GreenSeaTurtleEntityForge=300, HarborSealEntityForge=300, NautilusEntityForge=300, OceanicWhitetipSharkEntityForge=300, OrcaEntityForge=700, SandtigerSharkEntityForge=300, ShortfinMakoSharkEntityForge=300, TigerSharkEntityForge=300}	11	{death_AmericanLobsterEntityForge_mob_by_BlacktipReefSharkEntityForge=5, death_AmericanLobsterEntityForge_mob_by_CommonStingrayEntityForge=4, death_AmericanLobsterEntityForge_mob_by_SandtigerSharkEntityForge=1, death_AmericanLobsterEntityForge_mob_by_TigerSharkEntityForge=2, death_AtlanticCodEntityForge_mob_by_BlacktipReefSharkEntityForge=2, death_AtlanticCodEntityForge_mob_by_CommonThresherSharkEntityForge=2, death_AtlanticCodEntityForge_mob_by_GreatWhiteSharkEntityForge=1, death_AtlanticCodEntityForge_mob_by_SandtigerSharkEntityForge=1, death_AtlanticCodEntityForge_mob_by_ShortfinMakoSharkEntityForge=1, death_AtlanticSalmonEntityForge_mob_by_BlacktipReefSharkEntityForge=3, death_AtlanticSalmonEntityForge_mob_by_CommonThresherSharkEntityForge=3, death_AtlanticSalmonEntityForge_mob_by_GreatHammerheadSharkEntityForge=1, death_AtlanticSalmonEntityForge_mob_by_OceanicWhitetipSharkEntityForge=1, death_BlacktipReefSharkEntityForge_mob_by_ShortfinMakoSharkEntityForge=1, death_BottlenoseDolphinEntityForge_mob_by_GreatWhiteSharkEntityForge=1, death_BottlenoseDolphinEntityForge_mob_by_OceanicWhitetipSharkEntityForge=4, death_BottlenoseDolphinEntityForge_mob_by_ShortfinMakoSharkEntityForge=1, death_CaribbeanReefOctopusEntityForge_mob_by_BlacktipReefSharkEntityForge=3, death_CaribbeanReefOctopusEntityForge_mob_by_CommonStingrayEntityForge=2, death_CaribbeanReefOctopusEntityForge_mob_by_GreatHammerheadSharkEntityForge=4, death_CommonOctopusEntityForge_mob_by_SandtigerSharkEntityForge=3, death_CommonStingrayEntityForge_mob_by_BlacktipReefSharkEntityForge=1, death_GreenSeaTurtleEntityForge_mob_by_GreatWhiteSharkEntityForge=2, death_GreenSeaTurtleEntityForge_mob_by_ShortfinMakoSharkEntityForge=1, death_HarborSealEntityForge_mob_by_TigerSharkEntityForge=2, living_deaths=52, navigation_calls=106146, sensor_calls=145161}	108	126
32000	1018073296	{AmericanLobsterEntityForge=20, AtlanticCodEntityForge=16, AtlanticSalmonEntityForge=16, BlackSeaNettleJellyfishEntityForge=2, BlacktipReefSharkEntityForge=6, BottlenoseDolphinEntityForge=8, CannonballJellyfishEntityForge=4, CaribbeanReefOctopusEntityForge=4, CommonOctopusEntityForge=6, CommonStingrayEntityForge=6, CommonThresherSharkEntityForge=2, GiantMorayEelEntityForge=8, GreatHammerheadSharkEntityForge=2, GreatWhiteSharkEntityForge=2, GreenSeaTurtleEntityForge=6, HarborSealEntityForge=6, NautilusEntityForge=2, OceanicWhitetipSharkEntityForge=2, OrcaEntityForge=2, SandtigerSharkEntityForge=2, ShortfinMakoSharkEntityForge=2, TigerSharkEntityForge=2}	{AmericanLobsterEntityForge=300, AtlanticCodEntityForge=300, AtlanticSalmonEntityForge=300, BlackSeaNettleJellyfishEntityForge=300, BlacktipReefSharkEntityForge=300, BottlenoseDolphinEntityForge=700, CannonballJellyfishEntityForge=300, CaribbeanReefOctopusEntityForge=300, CommonOctopusEntityForge=300, CommonStingrayEntityForge=300, CommonThresherSharkEntityForge=300, GiantMorayEelEntityForge=300, GreatHammerheadSharkEntityForge=300, GreatWhiteSharkEntityForge=300, GreenSeaTurtleEntityForge=300, HarborSealEntityForge=300, NautilusEntityForge=300, OceanicWhitetipSharkEntityForge=300, OrcaEntityForge=700, SandtigerSharkEntityForge=300, ShortfinMakoSharkEntityForge=300, TigerSharkEntityForge=300}	11	{death_AmericanLobsterEntityForge_mob_by_BlacktipReefSharkEntityForge=5, death_AmericanLobsterEntityForge_mob_by_CommonStingrayEntityForge=4, death_AmericanLobsterEntityForge_mob_by_SandtigerSharkEntityForge=1, death_AmericanLobsterEntityForge_mob_by_TigerSharkEntityForge=2, death_AtlanticCodEntityForge_mob_by_BlacktipReefSharkEntityForge=2, death_AtlanticCodEntityForge_mob_by_CommonThresherSharkEntityForge=2, death_AtlanticCodEntityForge_mob_by_GreatWhiteSharkEntityForge=1, death_AtlanticCodEntityForge_mob_by_SandtigerSharkEntityForge=1, death_AtlanticCodEntityForge_mob_by_ShortfinMakoSharkEntityForge=1, death_AtlanticSalmonEntityForge_mob_by_BlacktipReefSharkEntityForge=3, death_AtlanticSalmonEntityForge_mob_by_CommonThresherSharkEntityForge=3, death_AtlanticSalmonEntityForge_mob_by_GreatHammerheadSharkEntityForge=1, death_AtlanticSalmonEntityForge_mob_by_OceanicWhitetipSharkEntityForge=1, death_BlacktipReefSharkEntityForge_mob_by_ShortfinMakoSharkEntityForge=1, death_BottlenoseDolphinEntityForge_mob_by_GreatWhiteSharkEntityForge=1, death_BottlenoseDolphinEntityForge_mob_by_OceanicWhitetipSharkEntityForge=4, death_BottlenoseDolphinEntityForge_mob_by_ShortfinMakoSharkEntityForge=1, death_CaribbeanReefOctopusEntityForge_mob_by_BlacktipReefSharkEntityForge=3, death_CaribbeanReefOctopusEntityForge_mob_by_CommonStingrayEntityForge=2, death_CaribbeanReefOctopusEntityForge_mob_by_GreatHammerheadSharkEntityForge=4, death_CommonOctopusEntityForge_mob_by_SandtigerSharkEntityForge=3, death_CommonStingrayEntityForge_mob_by_BlacktipReefSharkEntityForge=1, death_GreenSeaTurtleEntityForge_mob_by_GreatWhiteSharkEntityForge=2, death_GreenSeaTurtleEntityForge_mob_by_ShortfinMakoSharkEntityForge=1, death_HarborSealEntityForge_mob_by_TigerSharkEntityForge=2, living_deaths=52, navigation_calls=106869, sensor_calls=146043}	110	126
32200	1172213968	{AmericanLobsterEntityForge=20, AtlanticCodEntityForge=16, AtlanticSalmonEntityForge=16, BlackSeaNettleJellyfishEntityForge=2, BlacktipReefSharkEntityForge=6, BottlenoseDolphinEntityForge=8, CannonballJellyfishEntityForge=4, CaribbeanReefOctopusEntityForge=4, CommonOctopusEntityForge=6, CommonStingrayEntityForge=6, CommonThresherSharkEntityForge=2, GiantMorayEelEntityForge=8, GreatHammerheadSharkEntityForge=2, GreatWhiteSharkEntityForge=2, GreenSeaTurtleEntityForge=6, HarborSealEntityForge=6, NautilusEntityForge=2, OceanicWhitetipSharkEntityForge=2, OrcaEntityForge=2, SandtigerSharkEntityForge=2, ShortfinMakoSharkEntityForge=2, TigerSharkEntityForge=2}	{AmericanLobsterEntityForge=300, AtlanticCodEntityForge=300, AtlanticSalmonEntityForge=300, BlackSeaNettleJellyfishEntityForge=300, BlacktipReefSharkEntityForge=300, BottlenoseDolphinEntityForge=700, CannonballJellyfishEntityForge=300, CaribbeanReefOctopusEntityForge=300, CommonOctopusEntityForge=300, CommonStingrayEntityForge=300, CommonThresherSharkEntityForge=300, GiantMorayEelEntityForge=300, GreatHammerheadSharkEntityForge=300, GreatWhiteSharkEntityForge=300, GreenSeaTurtleEntityForge=300, HarborSealEntityForge=300, NautilusEntityForge=300, OceanicWhitetipSharkEntityForge=300, OrcaEntityForge=700, SandtigerSharkEntityForge=300, ShortfinMakoSharkEntityForge=300, TigerSharkEntityForge=300}	11	{death_AmericanLobsterEntityForge_mob_by_BlacktipReefSharkEntityForge=5, death_AmericanLobsterEntityForge_mob_by_CommonStingrayEntityForge=4, death_AmericanLobsterEntityForge_mob_by_SandtigerSharkEntityForge=1, death_AmericanLobsterEntityForge_mob_by_TigerSharkEntityForge=2, death_AtlanticCodEntityForge_mob_by_BlacktipReefSharkEntityForge=2, death_AtlanticCodEntityForge_mob_by_CommonThresherSharkEntityForge=2, death_AtlanticCodEntityForge_mob_by_GreatWhiteSharkEntityForge=1, death_AtlanticCodEntityForge_mob_by_SandtigerSharkEntityForge=1, death_AtlanticCodEntityForge_mob_by_ShortfinMakoSharkEntityForge=1, death_AtlanticSalmonEntityForge_mob_by_BlacktipReefSharkEntityForge=3, death_AtlanticSalmonEntityForge_mob_by_CommonThresherSharkEntityForge=3, death_AtlanticSalmonEntityForge_mob_by_GreatHammerheadSharkEntityForge=1, death_AtlanticSalmonEntityForge_mob_by_OceanicWhitetipSharkEntityForge=1, death_BlacktipReefSharkEntityForge_mob_by_ShortfinMakoSharkEntityForge=1, death_BottlenoseDolphinEntityForge_mob_by_GreatWhiteSharkEntityForge=1, death_BottlenoseDolphinEntityForge_mob_by_OceanicWhitetipSharkEntityForge=4, death_BottlenoseDolphinEntityForge_mob_by_ShortfinMakoSharkEntityForge=1, death_CaribbeanReefOctopusEntityForge_mob_by_BlacktipReefSharkEntityForge=3, death_CaribbeanReefOctopusEntityForge_mob_by_CommonStingrayEntityForge=2, death_CaribbeanReefOctopusEntityForge_mob_by_GreatHammerheadSharkEntityForge=4, death_CommonOctopusEntityForge_mob_by_SandtigerSharkEntityForge=3, death_CommonStingrayEntityForge_mob_by_BlacktipReefSharkEntityForge=1, death_GreenSeaTurtleEntityForge_mob_by_GreatWhiteSharkEntityForge=2, death_GreenSeaTurtleEntityForge_mob_by_ShortfinMakoSharkEntityForge=1, death_HarborSealEntityForge_mob_by_TigerSharkEntityForge=2, living_deaths=52, navigation_calls=107505, sensor_calls=146987}	111	126
32400	1332646096	{AmericanLobsterEntityForge=20, AtlanticCodEntityForge=16, AtlanticSalmonEntityForge=16, BlackSeaNettleJellyfishEntityForge=2, BlacktipReefSharkEntityForge=6, BottlenoseDolphinEntityForge=8, CannonballJellyfishEntityForge=4, CaribbeanReefOctopusEntityForge=4, CommonOctopusEntityForge=6, CommonStingrayEntityForge=6, CommonThresherSharkEntityForge=2, GiantMorayEelEntityForge=8, GreatHammerheadSharkEntityForge=2, GreatWhiteSharkEntityForge=2, GreenSeaTurtleEntityForge=6, HarborSealEntityForge=6, NautilusEntityForge=2, OceanicWhitetipSharkEntityForge=2, OrcaEntityForge=2, SandtigerSharkEntityForge=2, ShortfinMakoSharkEntityForge=2, TigerSharkEntityForge=2}	{AmericanLobsterEntityForge=300, AtlanticCodEntityForge=300, AtlanticSalmonEntityForge=300, BlackSeaNettleJellyfishEntityForge=300, BlacktipReefSharkEntityForge=300, BottlenoseDolphinEntityForge=700, CannonballJellyfishEntityForge=300, CaribbeanReefOctopusEntityForge=300, CommonOctopusEntityForge=300, CommonStingrayEntityForge=300, CommonThresherSharkEntityForge=300, GiantMorayEelEntityForge=300, GreatHammerheadSharkEntityForge=300, GreatWhiteSharkEntityForge=300, GreenSeaTurtleEntityForge=300, HarborSealEntityForge=300, NautilusEntityForge=300, OceanicWhitetipSharkEntityForge=300, OrcaEntityForge=700, SandtigerSharkEntityForge=300, ShortfinMakoSharkEntityForge=300, TigerSharkEntityForge=300}	11	{death_AmericanLobsterEntityForge_mob_by_BlacktipReefSharkEntityForge=5, death_AmericanLobsterEntityForge_mob_by_CommonStingrayEntityForge=4, death_AmericanLobsterEntityForge_mob_by_SandtigerSharkEntityForge=1, death_AmericanLobsterEntityForge_mob_by_TigerSharkEntityForge=2, death_AtlanticCodEntityForge_mob_by_BlacktipReefSharkEntityForge=2, death_AtlanticCodEntityForge_mob_by_CommonThresherSharkEntityForge=2, death_AtlanticCodEntityForge_mob_by_GreatWhiteSharkEntityForge=1, death_AtlanticCodEntityForge_mob_by_SandtigerSharkEntityForge=1, death_AtlanticCodEntityForge_mob_by_ShortfinMakoSharkEntityForge=1, death_AtlanticSalmonEntityForge_mob_by_BlacktipReefSharkEntityForge=3, death_AtlanticSalmonEntityForge_mob_by_CommonThresherSharkEntityForge=3, death_AtlanticSalmonEntityForge_mob_by_GreatHammerheadSharkEntityForge=1, death_AtlanticSalmonEntityForge_mob_by_OceanicWhitetipSharkEntityForge=1, death_BlacktipReefSharkEntityForge_mob_by_ShortfinMakoSharkEntityForge=1, death_BottlenoseDolphinEntityForge_mob_by_GreatWhiteSharkEntityForge=1, death_BottlenoseDolphinEntityForge_mob_by_OceanicWhitetipSharkEntityForge=4, death_BottlenoseDolphinEntityForge_mob_by_ShortfinMakoSharkEntityForge=1, death_CaribbeanReefOctopusEntityForge_mob_by_BlacktipReefSharkEntityForge=3, death_CaribbeanReefOctopusEntityForge_mob_by_CommonStingrayEntityForge=2, death_CaribbeanReefOctopusEntityForge_mob_by_GreatHammerheadSharkEntityForge=4, death_CommonOctopusEntityForge_mob_by_SandtigerSharkEntityForge=3, death_CommonStingrayEntityForge_mob_by_BlacktipReefSharkEntityForge=1, death_GreenSeaTurtleEntityForge_mob_by_GreatWhiteSharkEntityForge=2, death_GreenSeaTurtleEntityForge_mob_by_ShortfinMakoSharkEntityForge=1, death_HarborSealEntityForge_mob_by_TigerSharkEntityForge=2, living_deaths=52, navigation_calls=108145, sensor_calls=147933}	113	126
32600	1490981072	{AmericanLobsterEntityForge=20, AtlanticCodEntityForge=16, AtlanticSalmonEntityForge=16, BlackSeaNettleJellyfishEntityForge=2, BlacktipReefSharkEntityForge=6, BottlenoseDolphinEntityForge=8, CannonballJellyfishEntityForge=4, CaribbeanReefOctopusEntityForge=4, CommonOctopusEntityForge=6, CommonStingrayEntityForge=6, CommonThresherSharkEntityForge=2, GiantMorayEelEntityForge=8, GreatHammerheadSharkEntityForge=2, GreatWhiteSharkEntityForge=2, GreenSeaTurtleEntityForge=6, HarborSealEntityForge=6, NautilusEntityForge=2, OceanicWhitetipSharkEntityForge=2, OrcaEntityForge=2, SandtigerSharkEntityForge=2, ShortfinMakoSharkEntityForge=2, TigerSharkEntityForge=2}	{AmericanLobsterEntityForge=300, AtlanticCodEntityForge=300, AtlanticSalmonEntityForge=300, BlackSeaNettleJellyfishEntityForge=300, BlacktipReefSharkEntityForge=300, BottlenoseDolphinEntityForge=700, CannonballJellyfishEntityForge=300, CaribbeanReefOctopusEntityForge=300, CommonOctopusEntityForge=300, CommonStingrayEntityForge=300, CommonThresherSharkEntityForge=300, GiantMorayEelEntityForge=300, GreatHammerheadSharkEntityForge=300, GreatWhiteSharkEntityForge=300, GreenSeaTurtleEntityForge=300, HarborSealEntityForge=300, NautilusEntityForge=300, OceanicWhitetipSharkEntityForge=300, OrcaEntityForge=700, SandtigerSharkEntityForge=300, ShortfinMakoSharkEntityForge=300, TigerSharkEntityForge=300}	11	{death_AmericanLobsterEntityForge_mob_by_BlacktipReefSharkEntityForge=5, death_AmericanLobsterEntityForge_mob_by_CommonStingrayEntityForge=4, death_AmericanLobsterEntityForge_mob_by_SandtigerSharkEntityForge=1, death_AmericanLobsterEntityForge_mob_by_TigerSharkEntityForge=2, death_AtlanticCodEntityForge_mob_by_BlacktipReefSharkEntityForge=2, death_AtlanticCodEntityForge_mob_by_CommonThresherSharkEntityForge=2, death_AtlanticCodEntityForge_mob_by_GreatWhiteSharkEntityForge=1, death_AtlanticCodEntityForge_mob_by_SandtigerSharkEntityForge=1, death_AtlanticCodEntityForge_mob_by_ShortfinMakoSharkEntityForge=1, death_AtlanticSalmonEntityForge_mob_by_BlacktipReefSharkEntityForge=3, death_AtlanticSalmonEntityForge_mob_by_CommonThresherSharkEntityForge=3, death_AtlanticSalmonEntityForge_mob_by_GreatHammerheadSharkEntityForge=1, death_AtlanticSalmonEntityForge_mob_by_OceanicWhitetipSharkEntityForge=1, death_BlacktipReefSharkEntityForge_mob_by_ShortfinMakoSharkEntityForge=1, death_BottlenoseDolphinEntityForge_mob_by_GreatWhiteSharkEntityForge=1, death_BottlenoseDolphinEntityForge_mob_by_OceanicWhitetipSharkEntityForge=4, death_BottlenoseDolphinEntityForge_mob_by_ShortfinMakoSharkEntityForge=1, death_CaribbeanReefOctopusEntityForge_mob_by_BlacktipReefSharkEntityForge=3, death_CaribbeanReefOctopusEntityForge_mob_by_CommonStingrayEntityForge=2, death_CaribbeanReefOctopusEntityForge_mob_by_GreatHammerheadSharkEntityForge=4, death_CommonOctopusEntityForge_mob_by_SandtigerSharkEntityForge=3, death_CommonStingrayEntityForge_mob_by_BlacktipReefSharkEntityForge=1, death_GreenSeaTurtleEntityForge_mob_by_GreatWhiteSharkEntityForge=2, death_GreenSeaTurtleEntityForge_mob_by_ShortfinMakoSharkEntityForge=1, death_HarborSealEntityForge_mob_by_TigerSharkEntityForge=2, living_deaths=52, navigation_calls=108820, sensor_calls=148813}	110	126
32800	369760792	{AmericanLobsterEntityForge=20, AtlanticCodEntityForge=16, AtlanticSalmonEntityForge=16, BlackSeaNettleJellyfishEntityForge=2, BlacktipReefSharkEntityForge=6, BottlenoseDolphinEntityForge=8, CannonballJellyfishEntityForge=4, CaribbeanReefOctopusEntityForge=4, CommonOctopusEntityForge=6, CommonStingrayEntityForge=6, CommonThresherSharkEntityForge=2, GiantMorayEelEntityForge=8, GreatHammerheadSharkEntityForge=2, GreatWhiteSharkEntityForge=2, GreenSeaTurtleEntityForge=6, HarborSealEntityForge=6, NautilusEntityForge=2, OceanicWhitetipSharkEntityForge=2, OrcaEntityForge=2, SandtigerSharkEntityForge=2, ShortfinMakoSharkEntityForge=2, TigerSharkEntityForge=2}	{AmericanLobsterEntityForge=300, AtlanticCodEntityForge=300, AtlanticSalmonEntityForge=300, BlackSeaNettleJellyfishEntityForge=300, BlacktipReefSharkEntityForge=300, BottlenoseDolphinEntityForge=700, CannonballJellyfishEntityForge=300, CaribbeanReefOctopusEntityForge=300, CommonOctopusEntityForge=300, CommonStingrayEntityForge=300, CommonThresherSharkEntityForge=300, GiantMorayEelEntityForge=300, GreatHammerheadSharkEntityForge=300, GreatWhiteSharkEntityForge=300, GreenSeaTurtleEntityForge=300, HarborSealEntityForge=300, NautilusEntityForge=300, OceanicWhitetipSharkEntityForge=300, OrcaEntityForge=700, SandtigerSharkEntityForge=300, ShortfinMakoSharkEntityForge=300, TigerSharkEntityForge=300}	11	{death_AmericanLobsterEntityForge_mob_by_BlacktipReefSharkEntityForge=5, death_AmericanLobsterEntityForge_mob_by_CommonStingrayEntityForge=4, death_AmericanLobsterEntityForge_mob_by_SandtigerSharkEntityForge=1, death_AmericanLobsterEntityForge_mob_by_TigerSharkEntityForge=2, death_AtlanticCodEntityForge_mob_by_BlacktipReefSharkEntityForge=2, death_AtlanticCodEntityForge_mob_by_CommonThresherSharkEntityForge=2, death_AtlanticCodEntityForge_mob_by_GreatWhiteSharkEntityForge=1, death_AtlanticCodEntityForge_mob_by_SandtigerSharkEntityForge=1, death_AtlanticCodEntityForge_mob_by_ShortfinMakoSharkEntityForge=1, death_AtlanticSalmonEntityForge_mob_by_BlacktipReefSharkEntityForge=3, death_AtlanticSalmonEntityForge_mob_by_CommonThresherSharkEntityForge=3, death_AtlanticSalmonEntityForge_mob_by_GreatHammerheadSharkEntityForge=1, death_AtlanticSalmonEntityForge_mob_by_OceanicWhitetipSharkEntityForge=1, death_BlacktipReefSharkEntityForge_mob_by_ShortfinMakoSharkEntityForge=1, death_BottlenoseDolphinEntityForge_mob_by_GreatWhiteSharkEntityForge=1, death_BottlenoseDolphinEntityForge_mob_by_OceanicWhitetipSharkEntityForge=4, death_BottlenoseDolphinEntityForge_mob_by_ShortfinMakoSharkEntityForge=1, death_CaribbeanReefOctopusEntityForge_mob_by_BlacktipReefSharkEntityForge=3, death_CaribbeanReefOctopusEntityForge_mob_by_CommonStingrayEntityForge=2, death_CaribbeanReefOctopusEntityForge_mob_by_GreatHammerheadSharkEntityForge=4, death_CommonOctopusEntityForge_mob_by_SandtigerSharkEntityForge=3, death_CommonStingrayEntityForge_mob_by_BlacktipReefSharkEntityForge=1, death_GreenSeaTurtleEntityForge_mob_by_GreatWhiteSharkEntityForge=2, death_GreenSeaTurtleEntityForge_mob_by_ShortfinMakoSharkEntityForge=1, death_HarborSealEntityForge_mob_by_TigerSharkEntityForge=2, living_deaths=52, navigation_calls=109512, sensor_calls=149757}	109	126
33000	531241496	{AmericanLobsterEntityForge=20, AtlanticCodEntityForge=16, AtlanticSalmonEntityForge=16, BlackSeaNettleJellyfishEntityForge=2, BlacktipReefSharkEntityForge=6, BottlenoseDolphinEntityForge=8, CannonballJellyfishEntityForge=4, CaribbeanReefOctopusEntityForge=4, CommonOctopusEntityForge=6, CommonStingrayEntityForge=6, CommonThresherSharkEntityForge=2, GiantMorayEelEntityForge=8, GreatHammerheadSharkEntityForge=2, GreatWhiteSharkEntityForge=2, GreenSeaTurtleEntityForge=6, HarborSealEntityForge=6, NautilusEntityForge=2, OceanicWhitetipSharkEntityForge=2, OrcaEntityForge=2, SandtigerSharkEntityForge=2, ShortfinMakoSharkEntityForge=2, TigerSharkEntityForge=2}	{AmericanLobsterEntityForge=300, AtlanticCodEntityForge=300, AtlanticSalmonEntityForge=300, BlackSeaNettleJellyfishEntityForge=300, BlacktipReefSharkEntityForge=300, BottlenoseDolphinEntityForge=700, CannonballJellyfishEntityForge=300, CaribbeanReefOctopusEntityForge=300, CommonOctopusEntityForge=300, CommonStingrayEntityForge=300, CommonThresherSharkEntityForge=300, GiantMorayEelEntityForge=300, GreatHammerheadSharkEntityForge=300, GreatWhiteSharkEntityForge=300, GreenSeaTurtleEntityForge=300, HarborSealEntityForge=300, NautilusEntityForge=300, OceanicWhitetipSharkEntityForge=300, OrcaEntityForge=700, SandtigerSharkEntityForge=300, ShortfinMakoSharkEntityForge=300, TigerSharkEntityForge=300}	11	{death_AmericanLobsterEntityForge_mob_by_BlacktipReefSharkEntityForge=5, death_AmericanLobsterEntityForge_mob_by_CommonStingrayEntityForge=4, death_AmericanLobsterEntityForge_mob_by_SandtigerSharkEntityForge=1, death_AmericanLobsterEntityForge_mob_by_TigerSharkEntityForge=2, death_AtlanticCodEntityForge_mob_by_BlacktipReefSharkEntityForge=2, death_AtlanticCodEntityForge_mob_by_CommonThresherSharkEntityForge=2, death_AtlanticCodEntityForge_mob_by_GreatWhiteSharkEntityForge=1, death_AtlanticCodEntityForge_mob_by_SandtigerSharkEntityForge=1, death_AtlanticCodEntityForge_mob_by_ShortfinMakoSharkEntityForge=1, death_AtlanticSalmonEntityForge_mob_by_BlacktipReefSharkEntityForge=3, death_AtlanticSalmonEntityForge_mob_by_CommonThresherSharkEntityForge=3, death_AtlanticSalmonEntityForge_mob_by_GreatHammerheadSharkEntityForge=1, death_AtlanticSalmonEntityForge_mob_by_OceanicWhitetipSharkEntityForge=1, death_BlacktipReefSharkEntityForge_mob_by_ShortfinMakoSharkEntityForge=1, death_BottlenoseDolphinEntityForge_mob_by_GreatWhiteSharkEntityForge=1, death_BottlenoseDolphinEntityForge_mob_by_OceanicWhitetipSharkEntityForge=4, death_BottlenoseDolphinEntityForge_mob_by_ShortfinMakoSharkEntityForge=1, death_CaribbeanReefOctopusEntityForge_mob_by_BlacktipReefSharkEntityForge=3, death_CaribbeanReefOctopusEntityForge_mob_by_CommonStingrayEntityForge=2, death_CaribbeanReefOctopusEntityForge_mob_by_GreatHammerheadSharkEntityForge=4, death_CommonOctopusEntityForge_mob_by_SandtigerSharkEntityForge=3, death_CommonStingrayEntityForge_mob_by_BlacktipReefSharkEntityForge=1, death_GreenSeaTurtleEntityForge_mob_by_GreatWhiteSharkEntityForge=2, death_GreenSeaTurtleEntityForge_mob_by_ShortfinMakoSharkEntityForge=1, death_HarborSealEntityForge_mob_by_TigerSharkEntityForge=2, living_deaths=52, navigation_calls=110188, sensor_calls=150639}	111	126
33200	686430744	{AmericanLobsterEntityForge=20, AtlanticCodEntityForge=15, AtlanticSalmonEntityForge=16, BlackSeaNettleJellyfishEntityForge=2, BlacktipReefSharkEntityForge=6, BottlenoseDolphinEntityForge=8, CannonballJellyfishEntityForge=4, CaribbeanReefOctopusEntityForge=4, CommonOctopusEntityForge=6, CommonStingrayEntityForge=6, CommonThresherSharkEntityForge=2, GiantMorayEelEntityForge=8, GreatHammerheadSharkEntityForge=2, GreatWhiteSharkEntityForge=2, GreenSeaTurtleEntityForge=6, HarborSealEntityForge=6, NautilusEntityForge=2, OceanicWhitetipSharkEntityForge=2, OrcaEntityForge=2, SandtigerSharkEntityForge=2, ShortfinMakoSharkEntityForge=2, TigerSharkEntityForge=2}	{AmericanLobsterEntityForge=300, AtlanticCodEntityForge=300, AtlanticSalmonEntityForge=300, BlackSeaNettleJellyfishEntityForge=300, BlacktipReefSharkEntityForge=300, BottlenoseDolphinEntityForge=700, CannonballJellyfishEntityForge=300, CaribbeanReefOctopusEntityForge=300, CommonOctopusEntityForge=300, CommonStingrayEntityForge=300, CommonThresherSharkEntityForge=300, GiantMorayEelEntityForge=300, GreatHammerheadSharkEntityForge=300, GreatWhiteSharkEntityForge=300, GreenSeaTurtleEntityForge=300, HarborSealEntityForge=300, NautilusEntityForge=300, OceanicWhitetipSharkEntityForge=300, OrcaEntityForge=700, SandtigerSharkEntityForge=300, ShortfinMakoSharkEntityForge=300, TigerSharkEntityForge=300}	11	{death_AmericanLobsterEntityForge_mob_by_BlacktipReefSharkEntityForge=5, death_AmericanLobsterEntityForge_mob_by_CommonStingrayEntityForge=4, death_AmericanLobsterEntityForge_mob_by_SandtigerSharkEntityForge=1, death_AmericanLobsterEntityForge_mob_by_TigerSharkEntityForge=2, death_AtlanticCodEntityForge_mob_by_BlacktipReefSharkEntityForge=2, death_AtlanticCodEntityForge_mob_by_CommonThresherSharkEntityForge=3, death_AtlanticCodEntityForge_mob_by_GreatWhiteSharkEntityForge=1, death_AtlanticCodEntityForge_mob_by_SandtigerSharkEntityForge=1, death_AtlanticCodEntityForge_mob_by_ShortfinMakoSharkEntityForge=1, death_AtlanticSalmonEntityForge_mob_by_BlacktipReefSharkEntityForge=3, death_AtlanticSalmonEntityForge_mob_by_CommonThresherSharkEntityForge=3, death_AtlanticSalmonEntityForge_mob_by_GreatHammerheadSharkEntityForge=1, death_AtlanticSalmonEntityForge_mob_by_OceanicWhitetipSharkEntityForge=1, death_BlacktipReefSharkEntityForge_mob_by_ShortfinMakoSharkEntityForge=1, death_BottlenoseDolphinEntityForge_mob_by_GreatWhiteSharkEntityForge=1, death_BottlenoseDolphinEntityForge_mob_by_OceanicWhitetipSharkEntityForge=4, death_BottlenoseDolphinEntityForge_mob_by_ShortfinMakoSharkEntityForge=1, death_CaribbeanReefOctopusEntityForge_mob_by_BlacktipReefSharkEntityForge=3, death_CaribbeanReefOctopusEntityForge_mob_by_CommonStingrayEntityForge=2, death_CaribbeanReefOctopusEntityForge_mob_by_GreatHammerheadSharkEntityForge=4, death_CommonOctopusEntityForge_mob_by_SandtigerSharkEntityForge=3, death_CommonStingrayEntityForge_mob_by_BlacktipReefSharkEntityForge=1, death_GreenSeaTurtleEntityForge_mob_by_GreatWhiteSharkEntityForge=2, death_GreenSeaTurtleEntityForge_mob_by_ShortfinMakoSharkEntityForge=1, death_HarborSealEntityForge_mob_by_TigerSharkEntityForge=2, living_deaths=53, navigation_calls=110813, sensor_calls=151583}	110	125
33400	839522840	{AmericanLobsterEntityForge=20, AtlanticCodEntityForge=16, AtlanticSalmonEntityForge=16, BlackSeaNettleJellyfishEntityForge=2, BlacktipReefSharkEntityForge=6, BottlenoseDolphinEntityForge=8, CannonballJellyfishEntityForge=4, CaribbeanReefOctopusEntityForge=4, CommonOctopusEntityForge=6, CommonStingrayEntityForge=6, CommonThresherSharkEntityForge=2, GiantMorayEelEntityForge=8, GreatHammerheadSharkEntityForge=2, GreatWhiteSharkEntityForge=2, GreenSeaTurtleEntityForge=6, HarborSealEntityForge=6, NautilusEntityForge=2, OceanicWhitetipSharkEntityForge=2, OrcaEntityForge=2, SandtigerSharkEntityForge=2, ShortfinMakoSharkEntityForge=2, TigerSharkEntityForge=2}	{AmericanLobsterEntityForge=300, AtlanticCodEntityForge=300, AtlanticSalmonEntityForge=300, BlackSeaNettleJellyfishEntityForge=300, BlacktipReefSharkEntityForge=300, BottlenoseDolphinEntityForge=700, CannonballJellyfishEntityForge=300, CaribbeanReefOctopusEntityForge=300, CommonOctopusEntityForge=300, CommonStingrayEntityForge=300, CommonThresherSharkEntityForge=300, GiantMorayEelEntityForge=300, GreatHammerheadSharkEntityForge=300, GreatWhiteSharkEntityForge=300, GreenSeaTurtleEntityForge=300, HarborSealEntityForge=300, NautilusEntityForge=300, OceanicWhitetipSharkEntityForge=300, OrcaEntityForge=700, SandtigerSharkEntityForge=300, ShortfinMakoSharkEntityForge=300, TigerSharkEntityForge=300}	11	{death_AmericanLobsterEntityForge_mob_by_BlacktipReefSharkEntityForge=5, death_AmericanLobsterEntityForge_mob_by_CommonStingrayEntityForge=4, death_AmericanLobsterEntityForge_mob_by_SandtigerSharkEntityForge=1, death_AmericanLobsterEntityForge_mob_by_TigerSharkEntityForge=2, death_AtlanticCodEntityForge_mob_by_BlacktipReefSharkEntityForge=2, death_AtlanticCodEntityForge_mob_by_CommonThresherSharkEntityForge=3, death_AtlanticCodEntityForge_mob_by_GreatWhiteSharkEntityForge=1, death_AtlanticCodEntityForge_mob_by_SandtigerSharkEntityForge=1, death_AtlanticCodEntityForge_mob_by_ShortfinMakoSharkEntityForge=1, death_AtlanticSalmonEntityForge_mob_by_BlacktipReefSharkEntityForge=3, death_AtlanticSalmonEntityForge_mob_by_CommonThresherSharkEntityForge=3, death_AtlanticSalmonEntityForge_mob_by_GreatHammerheadSharkEntityForge=1, death_AtlanticSalmonEntityForge_mob_by_OceanicWhitetipSharkEntityForge=1, death_BlacktipReefSharkEntityForge_mob_by_ShortfinMakoSharkEntityForge=1, death_BottlenoseDolphinEntityForge_mob_by_GreatWhiteSharkEntityForge=1, death_BottlenoseDolphinEntityForge_mob_by_OceanicWhitetipSharkEntityForge=4, death_BottlenoseDolphinEntityForge_mob_by_ShortfinMakoSharkEntityForge=1, death_CaribbeanReefOctopusEntityForge_mob_by_BlacktipReefSharkEntityForge=3, death_CaribbeanReefOctopusEntityForge_mob_by_CommonStingrayEntityForge=2, death_CaribbeanReefOctopusEntityForge_mob_by_GreatHammerheadSharkEntityForge=4, death_CommonOctopusEntityForge_mob_by_SandtigerSharkEntityForge=3, death_CommonStingrayEntityForge_mob_by_BlacktipReefSharkEntityForge=1, death_GreenSeaTurtleEntityForge_mob_by_GreatWhiteSharkEntityForge=2, death_GreenSeaTurtleEntityForge_mob_by_ShortfinMakoSharkEntityForge=1, death_HarborSealEntityForge_mob_by_TigerSharkEntityForge=2, living_deaths=53, navigation_calls=111419, sensor_calls=152467}	112	126
33600	999954968	{AmericanLobsterEntityForge=20, AtlanticCodEntityForge=16, AtlanticSalmonEntityForge=16, BlackSeaNettleJellyfishEntityForge=2, BlacktipReefSharkEntityForge=6, BottlenoseDolphinEntityForge=8, CannonballJellyfishEntityForge=4, CaribbeanReefOctopusEntityForge=4, CommonOctopusEntityForge=6, CommonStingrayEntityForge=6, CommonThresherSharkEntityForge=2, GiantMorayEelEntityForge=8, GreatHammerheadSharkEntityForge=2, GreatWhiteSharkEntityForge=2, GreenSeaTurtleEntityForge=6, HarborSealEntityForge=6, NautilusEntityForge=2, OceanicWhitetipSharkEntityForge=2, OrcaEntityForge=2, SandtigerSharkEntityForge=2, ShortfinMakoSharkEntityForge=2, TigerSharkEntityForge=2}	{AmericanLobsterEntityForge=300, AtlanticCodEntityForge=300, AtlanticSalmonEntityForge=300, BlackSeaNettleJellyfishEntityForge=300, BlacktipReefSharkEntityForge=300, BottlenoseDolphinEntityForge=700, CannonballJellyfishEntityForge=300, CaribbeanReefOctopusEntityForge=300, CommonOctopusEntityForge=300, CommonStingrayEntityForge=300, CommonThresherSharkEntityForge=300, GiantMorayEelEntityForge=300, GreatHammerheadSharkEntityForge=300, GreatWhiteSharkEntityForge=300, GreenSeaTurtleEntityForge=300, HarborSealEntityForge=300, NautilusEntityForge=300, OceanicWhitetipSharkEntityForge=300, OrcaEntityForge=700, SandtigerSharkEntityForge=300, ShortfinMakoSharkEntityForge=300, TigerSharkEntityForge=300}	11	{death_AmericanLobsterEntityForge_mob_by_BlacktipReefSharkEntityForge=5, death_AmericanLobsterEntityForge_mob_by_CommonStingrayEntityForge=4, death_AmericanLobsterEntityForge_mob_by_SandtigerSharkEntityForge=1, death_AmericanLobsterEntityForge_mob_by_TigerSharkEntityForge=2, death_AtlanticCodEntityForge_mob_by_BlacktipReefSharkEntityForge=2, death_AtlanticCodEntityForge_mob_by_CommonThresherSharkEntityForge=3, death_AtlanticCodEntityForge_mob_by_GreatWhiteSharkEntityForge=1, death_AtlanticCodEntityForge_mob_by_SandtigerSharkEntityForge=1, death_AtlanticCodEntityForge_mob_by_ShortfinMakoSharkEntityForge=1, death_AtlanticSalmonEntityForge_mob_by_BlacktipReefSharkEntityForge=3, death_AtlanticSalmonEntityForge_mob_by_CommonThresherSharkEntityForge=3, death_AtlanticSalmonEntityForge_mob_by_GreatHammerheadSharkEntityForge=1, death_AtlanticSalmonEntityForge_mob_by_OceanicWhitetipSharkEntityForge=1, death_BlacktipReefSharkEntityForge_mob_by_ShortfinMakoSharkEntityForge=1, death_BottlenoseDolphinEntityForge_mob_by_GreatWhiteSharkEntityForge=1, death_BottlenoseDolphinEntityForge_mob_by_OceanicWhitetipSharkEntityForge=4, death_BottlenoseDolphinEntityForge_mob_by_ShortfinMakoSharkEntityForge=1, death_CaribbeanReefOctopusEntityForge_mob_by_BlacktipReefSharkEntityForge=3, death_CaribbeanReefOctopusEntityForge_mob_by_CommonStingrayEntityForge=2, death_CaribbeanReefOctopusEntityForge_mob_by_GreatHammerheadSharkEntityForge=4, death_CommonOctopusEntityForge_mob_by_SandtigerSharkEntityForge=3, death_CommonStingrayEntityForge_mob_by_BlacktipReefSharkEntityForge=1, death_GreenSeaTurtleEntityForge_mob_by_GreatWhiteSharkEntityForge=2, death_GreenSeaTurtleEntityForge_mob_by_ShortfinMakoSharkEntityForge=1, death_HarborSealEntityForge_mob_by_TigerSharkEntityForge=2, living_deaths=53, navigation_calls=112061, sensor_calls=153409}	109	126
33800	1160387096	{AmericanLobsterEntityForge=20, AtlanticCodEntityForge=16, AtlanticSalmonEntityForge=16, BlackSeaNettleJellyfishEntityForge=2, BlacktipReefSharkEntityForge=6, BottlenoseDolphinEntityForge=8, CannonballJellyfishEntityForge=4, CaribbeanReefOctopusEntityForge=4, CommonOctopusEntityForge=6, CommonStingrayEntityForge=6, CommonThresherSharkEntityForge=2, GiantMorayEelEntityForge=8, GreatHammerheadSharkEntityForge=2, GreatWhiteSharkEntityForge=2, GreenSeaTurtleEntityForge=6, HarborSealEntityForge=6, NautilusEntityForge=2, OceanicWhitetipSharkEntityForge=2, OrcaEntityForge=2, SandtigerSharkEntityForge=2, ShortfinMakoSharkEntityForge=2, TigerSharkEntityForge=2}	{AmericanLobsterEntityForge=300, AtlanticCodEntityForge=300, AtlanticSalmonEntityForge=300, BlackSeaNettleJellyfishEntityForge=300, BlacktipReefSharkEntityForge=300, BottlenoseDolphinEntityForge=700, CannonballJellyfishEntityForge=300, CaribbeanReefOctopusEntityForge=300, CommonOctopusEntityForge=300, CommonStingrayEntityForge=300, CommonThresherSharkEntityForge=300, GiantMorayEelEntityForge=300, GreatHammerheadSharkEntityForge=300, GreatWhiteSharkEntityForge=300, GreenSeaTurtleEntityForge=300, HarborSealEntityForge=300, NautilusEntityForge=300, OceanicWhitetipSharkEntityForge=300, OrcaEntityForge=700, SandtigerSharkEntityForge=300, ShortfinMakoSharkEntityForge=300, TigerSharkEntityForge=300}	11	{death_AmericanLobsterEntityForge_mob_by_BlacktipReefSharkEntityForge=5, death_AmericanLobsterEntityForge_mob_by_CommonStingrayEntityForge=4, death_AmericanLobsterEntityForge_mob_by_SandtigerSharkEntityForge=1, death_AmericanLobsterEntityForge_mob_by_TigerSharkEntityForge=2, death_AtlanticCodEntityForge_mob_by_BlacktipReefSharkEntityForge=2, death_AtlanticCodEntityForge_mob_by_CommonThresherSharkEntityForge=3, death_AtlanticCodEntityForge_mob_by_GreatWhiteSharkEntityForge=1, death_AtlanticCodEntityForge_mob_by_SandtigerSharkEntityForge=1, death_AtlanticCodEntityForge_mob_by_ShortfinMakoSharkEntityForge=1, death_AtlanticSalmonEntityForge_mob_by_BlacktipReefSharkEntityForge=3, death_AtlanticSalmonEntityForge_mob_by_CommonThresherSharkEntityForge=3, death_AtlanticSalmonEntityForge_mob_by_GreatHammerheadSharkEntityForge=1, death_AtlanticSalmonEntityForge_mob_by_OceanicWhitetipSharkEntityForge=1, death_BlacktipReefSharkEntityForge_mob_by_ShortfinMakoSharkEntityForge=1, death_BottlenoseDolphinEntityForge_mob_by_GreatWhiteSharkEntityForge=1, death_BottlenoseDolphinEntityForge_mob_by_OceanicWhitetipSharkEntityForge=4, death_BottlenoseDolphinEntityForge_mob_by_ShortfinMakoSharkEntityForge=1, death_CaribbeanReefOctopusEntityForge_mob_by_BlacktipReefSharkEntityForge=3, death_CaribbeanReefOctopusEntityForge_mob_by_CommonStingrayEntityForge=2, death_CaribbeanReefOctopusEntityForge_mob_by_GreatHammerheadSharkEntityForge=4, death_CommonOctopusEntityForge_mob_by_SandtigerSharkEntityForge=3, death_CommonStingrayEntityForge_mob_by_BlacktipReefSharkEntityForge=1, death_GreenSeaTurtleEntityForge_mob_by_GreatWhiteSharkEntityForge=2, death_GreenSeaTurtleEntityForge_mob_by_ShortfinMakoSharkEntityForge=1, death_HarborSealEntityForge_mob_by_TigerSharkEntityForge=2, living_deaths=53, navigation_calls=112714, sensor_calls=154292}	110	126
34000	1318722072	{AmericanLobsterEntityForge=20, AtlanticCodEntityForge=16, AtlanticSalmonEntityForge=16, BlackSeaNettleJellyfishEntityForge=2, BlacktipReefSharkEntityForge=6, BottlenoseDolphinEntityForge=8, CannonballJellyfishEntityForge=4, CaribbeanReefOctopusEntityForge=4, CommonOctopusEntityForge=6, CommonStingrayEntityForge=6, CommonThresherSharkEntityForge=2, GiantMorayEelEntityForge=8, GreatHammerheadSharkEntityForge=2, GreatWhiteSharkEntityForge=2, GreenSeaTurtleEntityForge=6, HarborSealEntityForge=6, NautilusEntityForge=2, OceanicWhitetipSharkEntityForge=2, OrcaEntityForge=2, SandtigerSharkEntityForge=2, ShortfinMakoSharkEntityForge=2, TigerSharkEntityForge=2}	{AmericanLobsterEntityForge=300, AtlanticCodEntityForge=300, AtlanticSalmonEntityForge=300, BlackSeaNettleJellyfishEntityForge=300, BlacktipReefSharkEntityForge=300, BottlenoseDolphinEntityForge=700, CannonballJellyfishEntityForge=300, CaribbeanReefOctopusEntityForge=300, CommonOctopusEntityForge=300, CommonStingrayEntityForge=300, CommonThresherSharkEntityForge=300, GiantMorayEelEntityForge=300, GreatHammerheadSharkEntityForge=300, GreatWhiteSharkEntityForge=300, GreenSeaTurtleEntityForge=300, HarborSealEntityForge=300, NautilusEntityForge=300, OceanicWhitetipSharkEntityForge=300, OrcaEntityForge=700, SandtigerSharkEntityForge=300, ShortfinMakoSharkEntityForge=300, TigerSharkEntityForge=300}	11	{death_AmericanLobsterEntityForge_mob_by_BlacktipReefSharkEntityForge=5, death_AmericanLobsterEntityForge_mob_by_CommonStingrayEntityForge=4, death_AmericanLobsterEntityForge_mob_by_SandtigerSharkEntityForge=1, death_AmericanLobsterEntityForge_mob_by_TigerSharkEntityForge=2, death_AtlanticCodEntityForge_mob_by_BlacktipReefSharkEntityForge=2, death_AtlanticCodEntityForge_mob_by_CommonThresherSharkEntityForge=3, death_AtlanticCodEntityForge_mob_by_GreatWhiteSharkEntityForge=1, death_AtlanticCodEntityForge_mob_by_SandtigerSharkEntityForge=1, death_AtlanticCodEntityForge_mob_by_ShortfinMakoSharkEntityForge=1, death_AtlanticSalmonEntityForge_mob_by_BlacktipReefSharkEntityForge=3, death_AtlanticSalmonEntityForge_mob_by_CommonThresherSharkEntityForge=3, death_AtlanticSalmonEntityForge_mob_by_GreatHammerheadSharkEntityForge=1, death_AtlanticSalmonEntityForge_mob_by_OceanicWhitetipSharkEntityForge=1, death_BlacktipReefSharkEntityForge_mob_by_ShortfinMakoSharkEntityForge=1, death_BottlenoseDolphinEntityForge_mob_by_GreatWhiteSharkEntityForge=1, death_BottlenoseDolphinEntityForge_mob_by_OceanicWhitetipSharkEntityForge=4, death_BottlenoseDolphinEntityForge_mob_by_ShortfinMakoSharkEntityForge=1, death_CaribbeanReefOctopusEntityForge_mob_by_BlacktipReefSharkEntityForge=3, death_CaribbeanReefOctopusEntityForge_mob_by_CommonStingrayEntityForge=2, death_CaribbeanReefOctopusEntityForge_mob_by_GreatHammerheadSharkEntityForge=4, death_CommonOctopusEntityForge_mob_by_SandtigerSharkEntityForge=3, death_CommonStingrayEntityForge_mob_by_BlacktipReefSharkEntityForge=1, death_GreenSeaTurtleEntityForge_mob_by_GreatWhiteSharkEntityForge=2, death_GreenSeaTurtleEntityForge_mob_by_ShortfinMakoSharkEntityForge=1, death_HarborSealEntityForge_mob_by_TigerSharkEntityForge=2, living_deaths=53, navigation_calls=113396, sensor_calls=155238}	109	126
34200	1472862744	{AmericanLobsterEntityForge=20, AtlanticCodEntityForge=16, AtlanticSalmonEntityForge=16, BlackSeaNettleJellyfishEntityForge=2, BlacktipReefSharkEntityForge=6, BottlenoseDolphinEntityForge=8, CannonballJellyfishEntityForge=4, CaribbeanReefOctopusEntityForge=4, CommonOctopusEntityForge=6, CommonStingrayEntityForge=6, CommonThresherSharkEntityForge=2, GiantMorayEelEntityForge=8, GreatHammerheadSharkEntityForge=2, GreatWhiteSharkEntityForge=2, GreenSeaTurtleEntityForge=6, HarborSealEntityForge=6, NautilusEntityForge=2, OceanicWhitetipSharkEntityForge=2, OrcaEntityForge=2, SandtigerSharkEntityForge=2, ShortfinMakoSharkEntityForge=2, TigerSharkEntityForge=2}	{AmericanLobsterEntityForge=300, AtlanticCodEntityForge=300, AtlanticSalmonEntityForge=300, BlackSeaNettleJellyfishEntityForge=300, BlacktipReefSharkEntityForge=300, BottlenoseDolphinEntityForge=700, CannonballJellyfishEntityForge=300, CaribbeanReefOctopusEntityForge=300, CommonOctopusEntityForge=300, CommonStingrayEntityForge=300, CommonThresherSharkEntityForge=300, GiantMorayEelEntityForge=300, GreatHammerheadSharkEntityForge=300, GreatWhiteSharkEntityForge=300, GreenSeaTurtleEntityForge=300, HarborSealEntityForge=300, NautilusEntityForge=300, OceanicWhitetipSharkEntityForge=300, OrcaEntityForge=700, SandtigerSharkEntityForge=300, ShortfinMakoSharkEntityForge=300, TigerSharkEntityForge=300}	11	{death_AmericanLobsterEntityForge_mob_by_BlacktipReefSharkEntityForge=5, death_AmericanLobsterEntityForge_mob_by_CommonStingrayEntityForge=4, death_AmericanLobsterEntityForge_mob_by_SandtigerSharkEntityForge=1, death_AmericanLobsterEntityForge_mob_by_TigerSharkEntityForge=2, death_AtlanticCodEntityForge_mob_by_BlacktipReefSharkEntityForge=2, death_AtlanticCodEntityForge_mob_by_CommonThresherSharkEntityForge=3, death_AtlanticCodEntityForge_mob_by_GreatWhiteSharkEntityForge=1, death_AtlanticCodEntityForge_mob_by_SandtigerSharkEntityForge=1, death_AtlanticCodEntityForge_mob_by_ShortfinMakoSharkEntityForge=1, death_AtlanticSalmonEntityForge_mob_by_BlacktipReefSharkEntityForge=3, death_AtlanticSalmonEntityForge_mob_by_CommonThresherSharkEntityForge=3, death_AtlanticSalmonEntityForge_mob_by_GreatHammerheadSharkEntityForge=1, death_AtlanticSalmonEntityForge_mob_by_OceanicWhitetipSharkEntityForge=1, death_BlacktipReefSharkEntityForge_mob_by_ShortfinMakoSharkEntityForge=1, death_BottlenoseDolphinEntityForge_mob_by_GreatWhiteSharkEntityForge=1, death_BottlenoseDolphinEntityForge_mob_by_OceanicWhitetipSharkEntityForge=4, death_BottlenoseDolphinEntityForge_mob_by_ShortfinMakoSharkEntityForge=1, death_CaribbeanReefOctopusEntityForge_mob_by_BlacktipReefSharkEntityForge=3, death_CaribbeanReefOctopusEntityForge_mob_by_CommonStingrayEntityForge=2, death_CaribbeanReefOctopusEntityForge_mob_by_GreatHammerheadSharkEntityForge=4, death_CommonOctopusEntityForge_mob_by_SandtigerSharkEntityForge=3, death_CommonStingrayEntityForge_mob_by_BlacktipReefSharkEntityForge=1, death_GreenSeaTurtleEntityForge_mob_by_GreatWhiteSharkEntityForge=2, death_GreenSeaTurtleEntityForge_mob_by_ShortfinMakoSharkEntityForge=1, death_HarborSealEntityForge_mob_by_TigerSharkEntityForge=2, living_deaths=53, navigation_calls=114050, sensor_calls=156119}	109	126
34400	342627032	{AmericanLobsterEntityForge=20, AtlanticCodEntityForge=16, AtlanticSalmonEntityForge=16, BlackSeaNettleJellyfishEntityForge=2, BlacktipReefSharkEntityForge=6, BottlenoseDolphinEntityForge=8, CannonballJellyfishEntityForge=4, CaribbeanReefOctopusEntityForge=4, CommonOctopusEntityForge=6, CommonStingrayEntityForge=6, CommonThresherSharkEntityForge=2, GiantMorayEelEntityForge=8, GreatHammerheadSharkEntityForge=2, GreatWhiteSharkEntityForge=2, GreenSeaTurtleEntityForge=6, HarborSealEntityForge=6, NautilusEntityForge=2, OceanicWhitetipSharkEntityForge=2, OrcaEntityForge=2, SandtigerSharkEntityForge=2, ShortfinMakoSharkEntityForge=2, TigerSharkEntityForge=2}	{AmericanLobsterEntityForge=300, AtlanticCodEntityForge=300, AtlanticSalmonEntityForge=300, BlackSeaNettleJellyfishEntityForge=300, BlacktipReefSharkEntityForge=300, BottlenoseDolphinEntityForge=700, CannonballJellyfishEntityForge=300, CaribbeanReefOctopusEntityForge=300, CommonOctopusEntityForge=300, CommonStingrayEntityForge=300, CommonThresherSharkEntityForge=300, GiantMorayEelEntityForge=300, GreatHammerheadSharkEntityForge=300, GreatWhiteSharkEntityForge=300, GreenSeaTurtleEntityForge=300, HarborSealEntityForge=300, NautilusEntityForge=300, OceanicWhitetipSharkEntityForge=300, OrcaEntityForge=700, SandtigerSharkEntityForge=300, ShortfinMakoSharkEntityForge=300, TigerSharkEntityForge=300}	11	{death_AmericanLobsterEntityForge_mob_by_BlacktipReefSharkEntityForge=5, death_AmericanLobsterEntityForge_mob_by_CommonStingrayEntityForge=4, death_AmericanLobsterEntityForge_mob_by_SandtigerSharkEntityForge=1, death_AmericanLobsterEntityForge_mob_by_TigerSharkEntityForge=2, death_AtlanticCodEntityForge_mob_by_BlacktipReefSharkEntityForge=2, death_AtlanticCodEntityForge_mob_by_CommonThresherSharkEntityForge=3, death_AtlanticCodEntityForge_mob_by_GreatWhiteSharkEntityForge=1, death_AtlanticCodEntityForge_mob_by_SandtigerSharkEntityForge=1, death_AtlanticCodEntityForge_mob_by_ShortfinMakoSharkEntityForge=1, death_AtlanticSalmonEntityForge_mob_by_BlacktipReefSharkEntityForge=3, death_AtlanticSalmonEntityForge_mob_by_CommonThresherSharkEntityForge=3, death_AtlanticSalmonEntityForge_mob_by_GreatHammerheadSharkEntityForge=1, death_AtlanticSalmonEntityForge_mob_by_OceanicWhitetipSharkEntityForge=1, death_BlacktipReefSharkEntityForge_mob_by_ShortfinMakoSharkEntityForge=1, death_BottlenoseDolphinEntityForge_mob_by_GreatWhiteSharkEntityForge=1, death_BottlenoseDolphinEntityForge_mob_by_OceanicWhitetipSharkEntityForge=4, death_BottlenoseDolphinEntityForge_mob_by_ShortfinMakoSharkEntityForge=1, death_CaribbeanReefOctopusEntityForge_mob_by_BlacktipReefSharkEntityForge=3, death_CaribbeanReefOctopusEntityForge_mob_by_CommonStingrayEntityForge=2, death_CaribbeanReefOctopusEntityForge_mob_by_GreatHammerheadSharkEntityForge=4, death_CommonOctopusEntityForge_mob_by_SandtigerSharkEntityForge=3, death_CommonStingrayEntityForge_mob_by_BlacktipReefSharkEntityForge=1, death_GreenSeaTurtleEntityForge_mob_by_GreatWhiteSharkEntityForge=2, death_GreenSeaTurtleEntityForge_mob_by_ShortfinMakoSharkEntityForge=1, death_HarborSealEntityForge_mob_by_TigerSharkEntityForge=2, living_deaths=53, navigation_calls=114678, sensor_calls=157062}	111	126
34600	500962008	{AmericanLobsterEntityForge=20, AtlanticCodEntityForge=16, AtlanticSalmonEntityForge=16, BlackSeaNettleJellyfishEntityForge=2, BlacktipReefSharkEntityForge=6, BottlenoseDolphinEntityForge=8, CannonballJellyfishEntityForge=4, CaribbeanReefOctopusEntityForge=4, CommonOctopusEntityForge=6, CommonStingrayEntityForge=6, CommonThresherSharkEntityForge=2, GiantMorayEelEntityForge=8, GreatHammerheadSharkEntityForge=2, GreatWhiteSharkEntityForge=2, GreenSeaTurtleEntityForge=6, HarborSealEntityForge=6, NautilusEntityForge=2, OceanicWhitetipSharkEntityForge=2, OrcaEntityForge=2, SandtigerSharkEntityForge=2, ShortfinMakoSharkEntityForge=2, TigerSharkEntityForge=2}	{AmericanLobsterEntityForge=300, AtlanticCodEntityForge=300, AtlanticSalmonEntityForge=300, BlackSeaNettleJellyfishEntityForge=300, BlacktipReefSharkEntityForge=300, BottlenoseDolphinEntityForge=700, CannonballJellyfishEntityForge=300, CaribbeanReefOctopusEntityForge=300, CommonOctopusEntityForge=300, CommonStingrayEntityForge=300, CommonThresherSharkEntityForge=300, GiantMorayEelEntityForge=300, GreatHammerheadSharkEntityForge=300, GreatWhiteSharkEntityForge=300, GreenSeaTurtleEntityForge=300, HarborSealEntityForge=300, NautilusEntityForge=300, OceanicWhitetipSharkEntityForge=300, OrcaEntityForge=700, SandtigerSharkEntityForge=300, ShortfinMakoSharkEntityForge=300, TigerSharkEntityForge=300}	11	{death_AmericanLobsterEntityForge_mob_by_BlacktipReefSharkEntityForge=5, death_AmericanLobsterEntityForge_mob_by_CommonStingrayEntityForge=4, death_AmericanLobsterEntityForge_mob_by_SandtigerSharkEntityForge=1, death_AmericanLobsterEntityForge_mob_by_TigerSharkEntityForge=2, death_AtlanticCodEntityForge_mob_by_BlacktipReefSharkEntityForge=2, death_AtlanticCodEntityForge_mob_by_CommonThresherSharkEntityForge=3, death_AtlanticCodEntityForge_mob_by_GreatWhiteSharkEntityForge=1, death_AtlanticCodEntityForge_mob_by_SandtigerSharkEntityForge=1, death_AtlanticCodEntityForge_mob_by_ShortfinMakoSharkEntityForge=1, death_AtlanticSalmonEntityForge_mob_by_BlacktipReefSharkEntityForge=3, death_AtlanticSalmonEntityForge_mob_by_CommonThresherSharkEntityForge=3, death_AtlanticSalmonEntityForge_mob_by_GreatHammerheadSharkEntityForge=1, death_AtlanticSalmonEntityForge_mob_by_OceanicWhitetipSharkEntityForge=1, death_BlacktipReefSharkEntityForge_mob_by_ShortfinMakoSharkEntityForge=1, death_BottlenoseDolphinEntityForge_mob_by_GreatWhiteSharkEntityForge=1, death_BottlenoseDolphinEntityForge_mob_by_OceanicWhitetipSharkEntityForge=4, death_BottlenoseDolphinEntityForge_mob_by_ShortfinMakoSharkEntityForge=1, death_CaribbeanReefOctopusEntityForge_mob_by_BlacktipReefSharkEntityForge=3, death_CaribbeanReefOctopusEntityForge_mob_by_CommonStingrayEntityForge=2, death_CaribbeanReefOctopusEntityForge_mob_by_GreatHammerheadSharkEntityForge=4, death_CommonOctopusEntityForge_mob_by_SandtigerSharkEntityForge=3, death_CommonStingrayEntityForge_mob_by_BlacktipReefSharkEntityForge=1, death_GreenSeaTurtleEntityForge_mob_by_GreatWhiteSharkEntityForge=2, death_GreenSeaTurtleEntityForge_mob_by_ShortfinMakoSharkEntityForge=1, death_HarborSealEntityForge_mob_by_TigerSharkEntityForge=2, living_deaths=53, navigation_calls=115351, sensor_calls=157944}	110	126
34800	658248408	{AmericanLobsterEntityForge=20, AtlanticCodEntityForge=16, AtlanticSalmonEntityForge=16, BlackSeaNettleJellyfishEntityForge=2, BlacktipReefSharkEntityForge=6, BottlenoseDolphinEntityForge=8, CannonballJellyfishEntityForge=4, CaribbeanReefOctopusEntityForge=4, CommonOctopusEntityForge=6, CommonStingrayEntityForge=6, CommonThresherSharkEntityForge=2, GiantMorayEelEntityForge=8, GreatHammerheadSharkEntityForge=2, GreatWhiteSharkEntityForge=2, GreenSeaTurtleEntityForge=6, HarborSealEntityForge=6, NautilusEntityForge=2, OceanicWhitetipSharkEntityForge=2, OrcaEntityForge=2, SandtigerSharkEntityForge=2, ShortfinMakoSharkEntityForge=2, TigerSharkEntityForge=2}	{AmericanLobsterEntityForge=300, AtlanticCodEntityForge=300, AtlanticSalmonEntityForge=300, BlackSeaNettleJellyfishEntityForge=300, BlacktipReefSharkEntityForge=300, BottlenoseDolphinEntityForge=700, CannonballJellyfishEntityForge=300, CaribbeanReefOctopusEntityForge=300, CommonOctopusEntityForge=300, CommonStingrayEntityForge=300, CommonThresherSharkEntityForge=300, GiantMorayEelEntityForge=300, GreatHammerheadSharkEntityForge=300, GreatWhiteSharkEntityForge=300, GreenSeaTurtleEntityForge=300, HarborSealEntityForge=300, NautilusEntityForge=300, OceanicWhitetipSharkEntityForge=300, OrcaEntityForge=700, SandtigerSharkEntityForge=300, ShortfinMakoSharkEntityForge=300, TigerSharkEntityForge=300}	11	{death_AmericanLobsterEntityForge_mob_by_BlacktipReefSharkEntityForge=5, death_AmericanLobsterEntityForge_mob_by_CommonStingrayEntityForge=4, death_AmericanLobsterEntityForge_mob_by_SandtigerSharkEntityForge=1, death_AmericanLobsterEntityForge_mob_by_TigerSharkEntityForge=2, death_AtlanticCodEntityForge_mob_by_BlacktipReefSharkEntityForge=2, death_AtlanticCodEntityForge_mob_by_CommonThresherSharkEntityForge=3, death_AtlanticCodEntityForge_mob_by_GreatWhiteSharkEntityForge=1, death_AtlanticCodEntityForge_mob_by_SandtigerSharkEntityForge=1, death_AtlanticCodEntityForge_mob_by_ShortfinMakoSharkEntityForge=1, death_AtlanticSalmonEntityForge_mob_by_BlacktipReefSharkEntityForge=3, death_AtlanticSalmonEntityForge_mob_by_CommonThresherSharkEntityForge=3, death_AtlanticSalmonEntityForge_mob_by_GreatHammerheadSharkEntityForge=1, death_AtlanticSalmonEntityForge_mob_by_OceanicWhitetipSharkEntityForge=1, death_BlacktipReefSharkEntityForge_mob_by_ShortfinMakoSharkEntityForge=1, death_BottlenoseDolphinEntityForge_mob_by_GreatWhiteSharkEntityForge=1, death_BottlenoseDolphinEntityForge_mob_by_OceanicWhitetipSharkEntityForge=4, death_BottlenoseDolphinEntityForge_mob_by_ShortfinMakoSharkEntityForge=1, death_CaribbeanReefOctopusEntityForge_mob_by_BlacktipReefSharkEntityForge=3, death_CaribbeanReefOctopusEntityForge_mob_by_CommonStingrayEntityForge=2, death_CaribbeanReefOctopusEntityForge_mob_by_GreatHammerheadSharkEntityForge=4, death_CommonOctopusEntityForge_mob_by_SandtigerSharkEntityForge=3, death_CommonStingrayEntityForge_mob_by_BlacktipReefSharkEntityForge=1, death_GreenSeaTurtleEntityForge_mob_by_GreatWhiteSharkEntityForge=2, death_GreenSeaTurtleEntityForge_mob_by_ShortfinMakoSharkEntityForge=1, death_HarborSealEntityForge_mob_by_TigerSharkEntityForge=2, living_deaths=53, navigation_calls=116022, sensor_calls=158886}	108	126
35000	823923416	{AmericanLobsterEntityForge=20, AtlanticCodEntityForge=16, AtlanticSalmonEntityForge=16, BlackSeaNettleJellyfishEntityForge=2, BlacktipReefSharkEntityForge=6, BottlenoseDolphinEntityForge=8, CannonballJellyfishEntityForge=4, CaribbeanReefOctopusEntityForge=4, CommonOctopusEntityForge=6, CommonStingrayEntityForge=6, CommonThresherSharkEntityForge=2, GiantMorayEelEntityForge=8, GreatHammerheadSharkEntityForge=2, GreatWhiteSharkEntityForge=2, GreenSeaTurtleEntityForge=6, HarborSealEntityForge=6, NautilusEntityForge=2, OceanicWhitetipSharkEntityForge=2, OrcaEntityForge=2, SandtigerSharkEntityForge=2, ShortfinMakoSharkEntityForge=2, TigerSharkEntityForge=2}	{AmericanLobsterEntityForge=300, AtlanticCodEntityForge=300, AtlanticSalmonEntityForge=300, BlackSeaNettleJellyfishEntityForge=300, BlacktipReefSharkEntityForge=300, BottlenoseDolphinEntityForge=700, CannonballJellyfishEntityForge=300, CaribbeanReefOctopusEntityForge=300, CommonOctopusEntityForge=300, CommonStingrayEntityForge=300, CommonThresherSharkEntityForge=300, GiantMorayEelEntityForge=300, GreatHammerheadSharkEntityForge=300, GreatWhiteSharkEntityForge=300, GreenSeaTurtleEntityForge=300, HarborSealEntityForge=300, NautilusEntityForge=300, OceanicWhitetipSharkEntityForge=300, OrcaEntityForge=700, SandtigerSharkEntityForge=300, ShortfinMakoSharkEntityForge=300, TigerSharkEntityForge=300}	11	{death_AmericanLobsterEntityForge_mob_by_BlacktipReefSharkEntityForge=5, death_AmericanLobsterEntityForge_mob_by_CommonStingrayEntityForge=4, death_AmericanLobsterEntityForge_mob_by_SandtigerSharkEntityForge=1, death_AmericanLobsterEntityForge_mob_by_TigerSharkEntityForge=2, death_AtlanticCodEntityForge_mob_by_BlacktipReefSharkEntityForge=2, death_AtlanticCodEntityForge_mob_by_CommonThresherSharkEntityForge=3, death_AtlanticCodEntityForge_mob_by_GreatWhiteSharkEntityForge=1, death_AtlanticCodEntityForge_mob_by_SandtigerSharkEntityForge=1, death_AtlanticCodEntityForge_mob_by_ShortfinMakoSharkEntityForge=1, death_AtlanticSalmonEntityForge_mob_by_BlacktipReefSharkEntityForge=3, death_AtlanticSalmonEntityForge_mob_by_CommonThresherSharkEntityForge=3, death_AtlanticSalmonEntityForge_mob_by_GreatHammerheadSharkEntityForge=1, death_AtlanticSalmonEntityForge_mob_by_OceanicWhitetipSharkEntityForge=1, death_BlacktipReefSharkEntityForge_mob_by_ShortfinMakoSharkEntityForge=1, death_BottlenoseDolphinEntityForge_mob_by_GreatWhiteSharkEntityForge=1, death_BottlenoseDolphinEntityForge_mob_by_OceanicWhitetipSharkEntityForge=4, death_BottlenoseDolphinEntityForge_mob_by_ShortfinMakoSharkEntityForge=1, death_CaribbeanReefOctopusEntityForge_mob_by_BlacktipReefSharkEntityForge=3, death_CaribbeanReefOctopusEntityForge_mob_by_CommonStingrayEntityForge=2, death_CaribbeanReefOctopusEntityForge_mob_by_GreatHammerheadSharkEntityForge=4, death_CommonOctopusEntityForge_mob_by_SandtigerSharkEntityForge=3, death_CommonStingrayEntityForge_mob_by_BlacktipReefSharkEntityForge=1, death_GreenSeaTurtleEntityForge_mob_by_GreatWhiteSharkEntityForge=2, death_GreenSeaTurtleEntityForge_mob_by_ShortfinMakoSharkEntityForge=1, death_HarborSealEntityForge_mob_by_TigerSharkEntityForge=2, living_deaths=53, navigation_calls=116677, sensor_calls=159768}	110	126
35200	994841304	{AmericanLobsterEntityForge=20, AtlanticCodEntityForge=16, AtlanticSalmonEntityForge=16, BlackSeaNettleJellyfishEntityForge=2, BlacktipReefSharkEntityForge=6, BottlenoseDolphinEntityForge=8, CannonballJellyfishEntityForge=4, CaribbeanReefOctopusEntityForge=4, CommonOctopusEntityForge=6, CommonStingrayEntityForge=6, CommonThresherSharkEntityForge=2, GiantMorayEelEntityForge=8, GreatHammerheadSharkEntityForge=2, GreatWhiteSharkEntityForge=2, GreenSeaTurtleEntityForge=6, HarborSealEntityForge=6, NautilusEntityForge=2, OceanicWhitetipSharkEntityForge=2, OrcaEntityForge=2, SandtigerSharkEntityForge=2, ShortfinMakoSharkEntityForge=2, TigerSharkEntityForge=2}	{AmericanLobsterEntityForge=300, AtlanticCodEntityForge=300, AtlanticSalmonEntityForge=300, BlackSeaNettleJellyfishEntityForge=300, BlacktipReefSharkEntityForge=300, BottlenoseDolphinEntityForge=700, CannonballJellyfishEntityForge=300, CaribbeanReefOctopusEntityForge=300, CommonOctopusEntityForge=300, CommonStingrayEntityForge=300, CommonThresherSharkEntityForge=300, GiantMorayEelEntityForge=300, GreatHammerheadSharkEntityForge=300, GreatWhiteSharkEntityForge=300, GreenSeaTurtleEntityForge=300, HarborSealEntityForge=300, NautilusEntityForge=300, OceanicWhitetipSharkEntityForge=300, OrcaEntityForge=700, SandtigerSharkEntityForge=300, ShortfinMakoSharkEntityForge=300, TigerSharkEntityForge=300}	11	{death_AmericanLobsterEntityForge_mob_by_BlacktipReefSharkEntityForge=5, death_AmericanLobsterEntityForge_mob_by_CommonStingrayEntityForge=4, death_AmericanLobsterEntityForge_mob_by_SandtigerSharkEntityForge=1, death_AmericanLobsterEntityForge_mob_by_TigerSharkEntityForge=2, death_AtlanticCodEntityForge_mob_by_BlacktipReefSharkEntityForge=2, death_AtlanticCodEntityForge_mob_by_CommonThresherSharkEntityForge=3, death_AtlanticCodEntityForge_mob_by_GreatWhiteSharkEntityForge=1, death_AtlanticCodEntityForge_mob_by_SandtigerSharkEntityForge=1, death_AtlanticCodEntityForge_mob_by_ShortfinMakoSharkEntityForge=1, death_AtlanticSalmonEntityForge_mob_by_BlacktipReefSharkEntityForge=3, death_AtlanticSalmonEntityForge_mob_by_CommonThresherSharkEntityForge=3, death_AtlanticSalmonEntityForge_mob_by_GreatHammerheadSharkEntityForge=1, death_AtlanticSalmonEntityForge_mob_by_OceanicWhitetipSharkEntityForge=1, death_BlacktipReefSharkEntityForge_mob_by_ShortfinMakoSharkEntityForge=1, death_BottlenoseDolphinEntityForge_mob_by_GreatWhiteSharkEntityForge=1, death_BottlenoseDolphinEntityForge_mob_by_OceanicWhitetipSharkEntityForge=4, death_BottlenoseDolphinEntityForge_mob_by_ShortfinMakoSharkEntityForge=1, death_CaribbeanReefOctopusEntityForge_mob_by_BlacktipReefSharkEntityForge=3, death_CaribbeanReefOctopusEntityForge_mob_by_CommonStingrayEntityForge=2, death_CaribbeanReefOctopusEntityForge_mob_by_GreatHammerheadSharkEntityForge=4, death_CommonOctopusEntityForge_mob_by_SandtigerSharkEntityForge=3, death_CommonStingrayEntityForge_mob_by_BlacktipReefSharkEntityForge=1, death_GreenSeaTurtleEntityForge_mob_by_GreatWhiteSharkEntityForge=2, death_GreenSeaTurtleEntityForge_mob_by_ShortfinMakoSharkEntityForge=1, death_HarborSealEntityForge_mob_by_TigerSharkEntityForge=2, living_deaths=53, navigation_calls=117370, sensor_calls=160711}	109	126
35400	1163662040	{AmericanLobsterEntityForge=20, AtlanticCodEntityForge=16, AtlanticSalmonEntityForge=15, BlackSeaNettleJellyfishEntityForge=2, BlacktipReefSharkEntityForge=6, BottlenoseDolphinEntityForge=8, CannonballJellyfishEntityForge=4, CaribbeanReefOctopusEntityForge=4, CommonOctopusEntityForge=6, CommonStingrayEntityForge=6, CommonThresherSharkEntityForge=2, GiantMorayEelEntityForge=8, GreatHammerheadSharkEntityForge=2, GreatWhiteSharkEntityForge=2, GreenSeaTurtleEntityForge=6, HarborSealEntityForge=6, NautilusEntityForge=2, OceanicWhitetipSharkEntityForge=2, OrcaEntityForge=2, SandtigerSharkEntityForge=2, ShortfinMakoSharkEntityForge=2, TigerSharkEntityForge=2}	{AmericanLobsterEntityForge=300, AtlanticCodEntityForge=300, AtlanticSalmonEntityForge=300, BlackSeaNettleJellyfishEntityForge=300, BlacktipReefSharkEntityForge=300, BottlenoseDolphinEntityForge=700, CannonballJellyfishEntityForge=300, CaribbeanReefOctopusEntityForge=300, CommonOctopusEntityForge=300, CommonStingrayEntityForge=300, CommonThresherSharkEntityForge=300, GiantMorayEelEntityForge=300, GreatHammerheadSharkEntityForge=300, GreatWhiteSharkEntityForge=300, GreenSeaTurtleEntityForge=300, HarborSealEntityForge=300, NautilusEntityForge=300, OceanicWhitetipSharkEntityForge=300, OrcaEntityForge=700, SandtigerSharkEntityForge=300, ShortfinMakoSharkEntityForge=300, TigerSharkEntityForge=300}	11	{death_AmericanLobsterEntityForge_mob_by_BlacktipReefSharkEntityForge=5, death_AmericanLobsterEntityForge_mob_by_CommonStingrayEntityForge=4, death_AmericanLobsterEntityForge_mob_by_SandtigerSharkEntityForge=1, death_AmericanLobsterEntityForge_mob_by_TigerSharkEntityForge=2, death_AtlanticCodEntityForge_mob_by_BlacktipReefSharkEntityForge=2, death_AtlanticCodEntityForge_mob_by_CommonThresherSharkEntityForge=3, death_AtlanticCodEntityForge_mob_by_GreatWhiteSharkEntityForge=1, death_AtlanticCodEntityForge_mob_by_SandtigerSharkEntityForge=1, death_AtlanticCodEntityForge_mob_by_ShortfinMakoSharkEntityForge=1, death_AtlanticSalmonEntityForge_mob_by_BlacktipReefSharkEntityForge=3, death_AtlanticSalmonEntityForge_mob_by_CommonThresherSharkEntityForge=3, death_AtlanticSalmonEntityForge_mob_by_GreatHammerheadSharkEntityForge=1, death_AtlanticSalmonEntityForge_mob_by_OceanicWhitetipSharkEntityForge=1, death_AtlanticSalmonEntityForge_mob_by_ShortfinMakoSharkEntityForge=1, death_BlacktipReefSharkEntityForge_mob_by_ShortfinMakoSharkEntityForge=1, death_BottlenoseDolphinEntityForge_mob_by_GreatWhiteSharkEntityForge=1, death_BottlenoseDolphinEntityForge_mob_by_OceanicWhitetipSharkEntityForge=4, death_BottlenoseDolphinEntityForge_mob_by_ShortfinMakoSharkEntityForge=1, death_CaribbeanReefOctopusEntityForge_mob_by_BlacktipReefSharkEntityForge=3, death_CaribbeanReefOctopusEntityForge_mob_by_CommonStingrayEntityForge=2, death_CaribbeanReefOctopusEntityForge_mob_by_GreatHammerheadSharkEntityForge=4, death_CommonOctopusEntityForge_mob_by_SandtigerSharkEntityForge=3, death_CommonStingrayEntityForge_mob_by_BlacktipReefSharkEntityForge=1, death_GreenSeaTurtleEntityForge_mob_by_GreatWhiteSharkEntityForge=2, death_GreenSeaTurtleEntityForge_mob_by_ShortfinMakoSharkEntityForge=1, death_HarborSealEntityForge_mob_by_TigerSharkEntityForge=2, living_deaths=54, navigation_calls=118099, sensor_calls=161594}	111	125
35600	1321997016	{AmericanLobsterEntityForge=20, AtlanticCodEntityForge=16, AtlanticSalmonEntityForge=16, BlackSeaNettleJellyfishEntityForge=2, BlacktipReefSharkEntityForge=6, BottlenoseDolphinEntityForge=7, CannonballJellyfishEntityForge=4, CaribbeanReefOctopusEntityForge=4, CommonOctopusEntityForge=6, CommonStingrayEntityForge=6, CommonThresherSharkEntityForge=2, GiantMorayEelEntityForge=8, GreatHammerheadSharkEntityForge=2, GreatWhiteSharkEntityForge=2, GreenSeaTurtleEntityForge=6, HarborSealEntityForge=6, NautilusEntityForge=2, OceanicWhitetipSharkEntityForge=2, OrcaEntityForge=2, SandtigerSharkEntityForge=2, ShortfinMakoSharkEntityForge=2, TigerSharkEntityForge=2}	{AmericanLobsterEntityForge=300, AtlanticCodEntityForge=300, AtlanticSalmonEntityForge=300, BlackSeaNettleJellyfishEntityForge=300, BlacktipReefSharkEntityForge=300, BottlenoseDolphinEntityForge=700, CannonballJellyfishEntityForge=300, CaribbeanReefOctopusEntityForge=300, CommonOctopusEntityForge=300, CommonStingrayEntityForge=300, CommonThresherSharkEntityForge=300, GiantMorayEelEntityForge=300, GreatHammerheadSharkEntityForge=300, GreatWhiteSharkEntityForge=300, GreenSeaTurtleEntityForge=300, HarborSealEntityForge=300, NautilusEntityForge=300, OceanicWhitetipSharkEntityForge=300, OrcaEntityForge=700, SandtigerSharkEntityForge=300, ShortfinMakoSharkEntityForge=300, TigerSharkEntityForge=300}	11	{death_AmericanLobsterEntityForge_mob_by_BlacktipReefSharkEntityForge=5, death_AmericanLobsterEntityForge_mob_by_CommonStingrayEntityForge=4, death_AmericanLobsterEntityForge_mob_by_SandtigerSharkEntityForge=1, death_AmericanLobsterEntityForge_mob_by_TigerSharkEntityForge=2, death_AtlanticCodEntityForge_mob_by_BlacktipReefSharkEntityForge=2, death_AtlanticCodEntityForge_mob_by_CommonThresherSharkEntityForge=3, death_AtlanticCodEntityForge_mob_by_GreatWhiteSharkEntityForge=1, death_AtlanticCodEntityForge_mob_by_SandtigerSharkEntityForge=1, death_AtlanticCodEntityForge_mob_by_ShortfinMakoSharkEntityForge=1, death_AtlanticSalmonEntityForge_mob_by_BlacktipReefSharkEntityForge=3, death_AtlanticSalmonEntityForge_mob_by_CommonThresherSharkEntityForge=3, death_AtlanticSalmonEntityForge_mob_by_GreatHammerheadSharkEntityForge=1, death_AtlanticSalmonEntityForge_mob_by_OceanicWhitetipSharkEntityForge=1, death_AtlanticSalmonEntityForge_mob_by_ShortfinMakoSharkEntityForge=1, death_BlacktipReefSharkEntityForge_mob_by_ShortfinMakoSharkEntityForge=1, death_BottlenoseDolphinEntityForge_mob_by_GreatWhiteSharkEntityForge=2, death_BottlenoseDolphinEntityForge_mob_by_OceanicWhitetipSharkEntityForge=4, death_BottlenoseDolphinEntityForge_mob_by_ShortfinMakoSharkEntityForge=1, death_CaribbeanReefOctopusEntityForge_mob_by_BlacktipReefSharkEntityForge=3, death_CaribbeanReefOctopusEntityForge_mob_by_CommonStingrayEntityForge=2, death_CaribbeanReefOctopusEntityForge_mob_by_GreatHammerheadSharkEntityForge=4, death_CommonOctopusEntityForge_mob_by_SandtigerSharkEntityForge=3, death_CommonStingrayEntityForge_mob_by_BlacktipReefSharkEntityForge=1, death_GreenSeaTurtleEntityForge_mob_by_GreatWhiteSharkEntityForge=2, death_GreenSeaTurtleEntityForge_mob_by_ShortfinMakoSharkEntityForge=1, death_HarborSealEntityForge_mob_by_TigerSharkEntityForge=2, living_deaths=55, navigation_calls=118768, sensor_calls=162527}	111	125
35800	1480331992	{AmericanLobsterEntityForge=20, AtlanticCodEntityForge=16, AtlanticSalmonEntityForge=16, BlackSeaNettleJellyfishEntityForge=2, BlacktipReefSharkEntityForge=6, BottlenoseDolphinEntityForge=8, CannonballJellyfishEntityForge=4, CaribbeanReefOctopusEntityForge=4, CommonOctopusEntityForge=6, CommonStingrayEntityForge=6, CommonThresherSharkEntityForge=2, GiantMorayEelEntityForge=8, GreatHammerheadSharkEntityForge=2, GreatWhiteSharkEntityForge=2, GreenSeaTurtleEntityForge=6, HarborSealEntityForge=6, NautilusEntityForge=2, OceanicWhitetipSharkEntityForge=2, OrcaEntityForge=2, SandtigerSharkEntityForge=2, ShortfinMakoSharkEntityForge=2, TigerSharkEntityForge=2}	{AmericanLobsterEntityForge=300, AtlanticCodEntityForge=300, AtlanticSalmonEntityForge=300, BlackSeaNettleJellyfishEntityForge=300, BlacktipReefSharkEntityForge=300, BottlenoseDolphinEntityForge=700, CannonballJellyfishEntityForge=300, CaribbeanReefOctopusEntityForge=300, CommonOctopusEntityForge=300, CommonStingrayEntityForge=300, CommonThresherSharkEntityForge=300, GiantMorayEelEntityForge=300, GreatHammerheadSharkEntityForge=300, GreatWhiteSharkEntityForge=300, GreenSeaTurtleEntityForge=300, HarborSealEntityForge=300, NautilusEntityForge=300, OceanicWhitetipSharkEntityForge=300, OrcaEntityForge=700, SandtigerSharkEntityForge=300, ShortfinMakoSharkEntityForge=300, TigerSharkEntityForge=300}	11	{death_AmericanLobsterEntityForge_mob_by_BlacktipReefSharkEntityForge=5, death_AmericanLobsterEntityForge_mob_by_CommonStingrayEntityForge=4, death_AmericanLobsterEntityForge_mob_by_SandtigerSharkEntityForge=1, death_AmericanLobsterEntityForge_mob_by_TigerSharkEntityForge=2, death_AtlanticCodEntityForge_mob_by_BlacktipReefSharkEntityForge=2, death_AtlanticCodEntityForge_mob_by_CommonThresherSharkEntityForge=3, death_AtlanticCodEntityForge_mob_by_GreatWhiteSharkEntityForge=1, death_AtlanticCodEntityForge_mob_by_SandtigerSharkEntityForge=1, death_AtlanticCodEntityForge_mob_by_ShortfinMakoSharkEntityForge=1, death_AtlanticSalmonEntityForge_mob_by_BlacktipReefSharkEntityForge=3, death_AtlanticSalmonEntityForge_mob_by_CommonThresherSharkEntityForge=3, death_AtlanticSalmonEntityForge_mob_by_GreatHammerheadSharkEntityForge=1, death_AtlanticSalmonEntityForge_mob_by_OceanicWhitetipSharkEntityForge=1, death_AtlanticSalmonEntityForge_mob_by_ShortfinMakoSharkEntityForge=1, death_BlacktipReefSharkEntityForge_mob_by_ShortfinMakoSharkEntityForge=1, death_BottlenoseDolphinEntityForge_mob_by_GreatWhiteSharkEntityForge=2, death_BottlenoseDolphinEntityForge_mob_by_OceanicWhitetipSharkEntityForge=4, death_BottlenoseDolphinEntityForge_mob_by_ShortfinMakoSharkEntityForge=1, death_CaribbeanReefOctopusEntityForge_mob_by_BlacktipReefSharkEntityForge=3, death_CaribbeanReefOctopusEntityForge_mob_by_CommonStingrayEntityForge=2, death_CaribbeanReefOctopusEntityForge_mob_by_GreatHammerheadSharkEntityForge=4, death_CommonOctopusEntityForge_mob_by_SandtigerSharkEntityForge=3, death_CommonStingrayEntityForge_mob_by_BlacktipReefSharkEntityForge=1, death_GreenSeaTurtleEntityForge_mob_by_GreatWhiteSharkEntityForge=2, death_GreenSeaTurtleEntityForge_mob_by_ShortfinMakoSharkEntityForge=1, death_HarborSealEntityForge_mob_by_TigerSharkEntityForge=2, living_deaths=55, navigation_calls=119409, sensor_calls=163410}	110	126
36000	362955776	{AmericanLobsterEntityForge=20, AtlanticCodEntityForge=16, AtlanticSalmonEntityForge=16, BlackSeaNettleJellyfishEntityForge=2, BlacktipReefSharkEntityForge=6, BottlenoseDolphinEntityForge=8, CannonballJellyfishEntityForge=4, CaribbeanReefOctopusEntityForge=4, CommonOctopusEntityForge=6, CommonStingrayEntityForge=6, CommonThresherSharkEntityForge=2, GiantMorayEelEntityForge=8, GreatHammerheadSharkEntityForge=2, GreatWhiteSharkEntityForge=2, GreenSeaTurtleEntityForge=6, HarborSealEntityForge=6, NautilusEntityForge=2, OceanicWhitetipSharkEntityForge=2, OrcaEntityForge=2, SandtigerSharkEntityForge=2, ShortfinMakoSharkEntityForge=2, TigerSharkEntityForge=2}	{AmericanLobsterEntityForge=300, AtlanticCodEntityForge=300, AtlanticSalmonEntityForge=300, BlackSeaNettleJellyfishEntityForge=300, BlacktipReefSharkEntityForge=300, BottlenoseDolphinEntityForge=700, CannonballJellyfishEntityForge=300, CaribbeanReefOctopusEntityForge=300, CommonOctopusEntityForge=300, CommonStingrayEntityForge=300, CommonThresherSharkEntityForge=300, GiantMorayEelEntityForge=300, GreatHammerheadSharkEntityForge=300, GreatWhiteSharkEntityForge=300, GreenSeaTurtleEntityForge=300, HarborSealEntityForge=300, NautilusEntityForge=300, OceanicWhitetipSharkEntityForge=300, OrcaEntityForge=700, SandtigerSharkEntityForge=300, ShortfinMakoSharkEntityForge=300, TigerSharkEntityForge=300}	11	{death_AmericanLobsterEntityForge_mob_by_BlacktipReefSharkEntityForge=5, death_AmericanLobsterEntityForge_mob_by_CommonStingrayEntityForge=4, death_AmericanLobsterEntityForge_mob_by_SandtigerSharkEntityForge=1, death_AmericanLobsterEntityForge_mob_by_TigerSharkEntityForge=2, death_AtlanticCodEntityForge_mob_by_BlacktipReefSharkEntityForge=2, death_AtlanticCodEntityForge_mob_by_CommonThresherSharkEntityForge=3, death_AtlanticCodEntityForge_mob_by_GreatWhiteSharkEntityForge=1, death_AtlanticCodEntityForge_mob_by_SandtigerSharkEntityForge=1, death_AtlanticCodEntityForge_mob_by_ShortfinMakoSharkEntityForge=1, death_AtlanticSalmonEntityForge_mob_by_BlacktipReefSharkEntityForge=3, death_AtlanticSalmonEntityForge_mob_by_CommonThresherSharkEntityForge=3, death_AtlanticSalmonEntityForge_mob_by_GreatHammerheadSharkEntityForge=1, death_AtlanticSalmonEntityForge_mob_by_OceanicWhitetipSharkEntityForge=1, death_AtlanticSalmonEntityForge_mob_by_ShortfinMakoSharkEntityForge=1, death_BlacktipReefSharkEntityForge_mob_by_ShortfinMakoSharkEntityForge=1, death_BottlenoseDolphinEntityForge_mob_by_GreatWhiteSharkEntityForge=2, death_BottlenoseDolphinEntityForge_mob_by_OceanicWhitetipSharkEntityForge=4, death_BottlenoseDolphinEntityForge_mob_by_ShortfinMakoSharkEntityForge=1, death_CaribbeanReefOctopusEntityForge_mob_by_BlacktipReefSharkEntityForge=3, death_CaribbeanReefOctopusEntityForge_mob_by_CommonStingrayEntityForge=2, death_CaribbeanReefOctopusEntityForge_mob_by_GreatHammerheadSharkEntityForge=4, death_CommonOctopusEntityForge_mob_by_SandtigerSharkEntityForge=3, death_CommonStingrayEntityForge_mob_by_BlacktipReefSharkEntityForge=1, death_GreenSeaTurtleEntityForge_mob_by_GreatWhiteSharkEntityForge=2, death_GreenSeaTurtleEntityForge_mob_by_ShortfinMakoSharkEntityForge=1, death_HarborSealEntityForge_mob_by_TigerSharkEntityForge=2, living_deaths=55, navigation_calls=120095, sensor_calls=164351}	111	126
