tick,duration_ns
1,9415558
2,4177660
3,6678487
4,4503173
5,2160171
6,3203823
7,3758425
8,3316276
9,2341583
10,3560685
11,2032789
12,5703322
13,6040790
14,3107155
15,5536196
16,5720888
17,5340488
18,4385838
19,4531717
20,1276707
21,4101783
22,5412183
23,3611687
24,3899991
25,3185681
26,4432739
27,3657355
28,6565749
29,3217482
30,2570735
31,2011650
32,3314454
33,2879064
34,4658691
35,4196469
36,2726848
37,2989414
38,1668024
39,2137768
40,3980591
41,1550718
42,2173706
43,2215165
44,9529644
45,1961857
46,2413744
47,4616262
48,1159944
49,2114306
50,2885966
51,6001290
52,2206354
53,2937092
54,2892871
55,4609788
56,1226797
57,2106356
58,3959634
59,4388566
60,4202610
61,3206928
62,1326889
63,3066929
64,4454550
65,9104684
66,5804075
67,3170451
68,6813499
69,4513241
70,5809652
71,5693420
72,2333436
73,2594827
74,2467584
75,2593867
76,2930972
77,3674848
78,6417250
79,3988981
80,5528771
81,7087036
82,3725780
83,11098508
84,3087018
85,4416406
86,5666625
87,4414998
88,2603924
89,4058934
90,9931196
91,6281664
92,3395305
93,2360364
94,5120145
95,2175626
96,7394650
97,5250594
98,2484255
99,1903696
100,1978543
101,5584615
102,3695948
103,3942230
104,3209177
105,2285815
106,2112342
107,1974116
108,3701366
109,2687580
110,4723117
111,4778919
112,2312090
113,1935907
114,1956375
115,3487867
116,2008206
117,4988330
118,5238577
119,1104351
120,4599186
121,2428353
122,3645681
123,2929166
124,6154947
125,3387334
126,6715701
127,2064026
128,2723923
129,1892125
130,3792156
131,2806399
132,2632276
133,3107304
134,4240874
135,4378304
136,4844893
137,2344370
138,3105867
139,3456506
140,2519481
141,3090777
142,3262781
143,2758171
144,10966770
145,2794014
146,1813253
147,3453085
148,2139269
149,1887970
150,2391126
151,1971394
152,5415789
153,6432187
154,5757953
155,2718346
156,1597290
157,8896587
158,3511757
159,2304174
160,3839975
161,2566721
162,2719684
163,3465026
164,4899802
165,3783269
166,2058684
167,7329355
168,3224661
169,1939854
170,2368605
171,2277494
172,2199510
173,5624585
174,7338732
175,4363132
176,2347236
177,3806624
178,2015650
179,1979131
180,2481939
181,2630708
182,2042883
183,2358628
184,2783226
185,1855217
186,2244258
187,2384105
188,2703829
189,3409512
190,4047110
191,1185630
192,3405009
193,2499385
194,2238721
195,4248858
196,3608925
197,3755845
198,4404552
199,2179157
200,2092264
201,4903355
202,2001756
203,3343357
204,3619939
205,2235329
206,2041108
207,4439741
208,3799691
209,2839739
210,4304285
211,4676221
212,3072334
213,9383621
214,3959322
215,4157307
216,7362398
217,4097792
218,7727201
219,8105158
220,5191080
221,4719176
222,3784724
223,1288469
224,2775582
225,3555432
226,3565175
227,3918174
228,3449229
229,3423762
230,2397188
231,4724343
232,8684411
233,3562963
234,1287624
235,11871541
236,3800883
237,3923961
238,5426327
239,4263285
240,2208574
241,3201065
242,2237715
243,2882019
244,3692615
245,1943117
246,2734146
247,2637989
248,2841045
249,1735301
250,2594309
251,2453944
252,4516674
253,6692209
254,4121029
255,1604722
256,4579452
257,3950909
258,2792402
259,4224180
260,2414757
261,4535989
262,2330250
263,2806494
264,3102345
265,2388861
266,1175628
267,12693602
268,2577743
269,2723479
270,5342496
271,4744869
272,3326054
273,3908163
274,4547526
275,3316428
276,2861737
277,2424522
278,5548889
279,3660450
280,18028272
281,3854075
282,3613494
283,4065845
284,3651552
285,2668035
286,3785621
287,2320724
288,3857555
289,5277384
290,5737709
291,4415070
292,3718563
293,6179943
294,4830352
295,13515872
296,4110467
297,4602887
298,1536874
299,4430481
300,7203653
301,4037909
302,3323314
303,5952148
304,4700294
305,3550837
306,3814825
307,2354969
308,3458472
309,1137173
310,3421849
311,2178383
312,5844591
313,2607431
314,6008143
315,3750365
316,3467774
317,3760113
318,3374367
319,3704103
320,1467780
321,4256553
322,4127236
323,1207948
324,4953234
325,4124359
326,3432681
327,4008678
328,1756703
329,2774660
330,1898539
331,4823037
332,5354728
333,4423044
334,8647428
335,3497379
336,3393383
337,4752015
338,4094759
339,3387051
340,5734621
341,2726922
342,2268173
343,2250867
344,2283480
345,1424020
346,2614914
347,2258199
348,1432887
349,4370562
350,1277199
351,2212962
352,1831074
353,3229114
354,6431402
355,4967530
356,2503912
357,5944150
358,2598056
359,5499097
360,3953040
361,3877929
362,1692268
363,4442809
364,5891234
365,3338020
366,3935991
367,3111778
368,9781583
369,4818375
370,2842443
371,1199762
372,1213862
373,1211348
374,2132406
375,3947233
376,5696720
377,4484001
378,3722503
379,6118697
380,4414113
381,3684896
382,3636943
383,3115653
384,2524363
385,2423475
386,2294846
387,2141308
388,3549040
389,3692567
390,3570770
391,3809012
392,3647416
393,8816329
394,1272547
395,3710822
396,3026205
397,2462515
398,2306358
399,2017470
400,1843197
401,1667842
402,4603748
403,2530652
404,2097120
405,4225281
406,9580733
407,4737075
408,4854686
409,2045200
410,1904370
411,3371977
412,7679777
413,4419205
414,4095913
415,4692261
416,2698206
417,5211811
418,5350270
419,3947661
420,1468622
421,2665667
422,1605866
423,1225629
424,2615173
425,2298481
426,1509543
427,1979476
428,2396564
429,2295066
430,1593150
431,2339630
432,2243810
433,1451992
434,2338394
435,2218706
436,2281216
437,2289826
438,2982265
439,1595318
440,1590481
441,1511636
442,1614133
443,2279665
444,2345293
445,2324318
446,3232438
447,1169473
448,1580794
449,2283299
450,1674399
451,1711749
452,5648449
453,2338776
454,4189337
455,3379395
456,1194808
457,2303770
458,1451081
459,1703165
460,3290866
461,2645621
462,2986631
463,2949848
464,1591103
465,2336723
466,1838526
467,1172992
468,1191608
469,2299159
470,2226264
471,2417172
472,1415490
473,2246560
474,2340950
475,1205389
476,2242396
477,2281428
478,2263020
479,2135410
480,2744608
481,1324852
482,1169895
483,2343603
484,1613641
485,2211987
486,1576888
487,2210883
488,1518581
489,2349360
490,1253115
491,2498936
492,2518428
493,1261482
494,1275354
495,1221587
496,1485270
497,2700918
498,2364015
499,2280410
500,1442568
501,3332498
502,3168191
503,2520983
504,2914509
505,7952230
506,1876168
507,1285347
508,1913808
509,2406139
510,3109045
511,2438627
512,3486278
513,2225407
514,6446414
515,2964383
516,2866861
517,3018433
518,1650493
519,3171252
520,3188067
521,2397636
522,6050772
523,4969747
524,2701556
525,2629526
526,2778074
527,3320688
528,5736543
529,2798203
530,2417443
531,3071098
532,1836274
533,1491637
534,1407083
535,2286420
536,4247351
537,4161994
538,4021917
539,2809229
540,2108698
541,2766797
542,1837084
543,1562362
544,1350850
545,2115022
546,3827728
547,3471263
548,2436831
549,2829179
550,2857229
551,1165483
552,1071541
553,1221957
554,2660957
555,1243864
556,4537662
557,2062214
558,3518548
559,2831944
560,1857823
561,5845859
562,2577842
563,3064917
564,2797764
565,3491151
566,2417416
567,2953763
568,2111392
569,2007564
570,5687209
571,2259749
572,2695292
573,4496370
574,2363630
575,5086604
576,3140493
577,5035591
578,3873712
579,2293735
580,2127747
581,8109721
582,2462883
583,3525435
584,5676923
585,3113492
586,2923801
587,3409659
588,2775287
589,4327068
590,2290319
591,2271129
592,2992990
593,5916213
594,5119423
595,5102724
596,1613839
597,2102142
598,2363895
599,3551844
600,3693438
601,4740897
602,4631012
603,4471119
604,1581830
605,4096587
606,1663377
607,6969500
608,2943230
609,2103347
610,2620126
611,3534893
612,2111759
613,3142153
614,5047329
615,3821996
616,4071926
617,1394558
618,4840909
619,4069860
620,1620086
621,2453263
622,2422232
623,2604333
624,2051711
625,2737896
626,3899897
627,2431331
628,1703031
629,4364887
630,3265686
631,2136291
632,6616022
633,3477379
634,5171638
635,3284397
636,2972982
637,5682032
638,1494151
639,4577015
640,4064334
641,4751683
642,2560745
643,3295868
644,2505408
645,5812081
646,5785054
647,5722689
648,4962317
649,1358955
650,2752109
651,4395885
652,5778030
653,4364186
654,1649615
655,5005212
656,2827397
657,2429870
658,2119094
659,2358005
660,1147154
661,4029060
662,2441658
663,4005310
664,4006868
665,2768096
666,3532081
667,3201699
668,3175767
669,4251259
670,2956301
671,3483497
672,3136012
673,5812066
674,3720764
675,3149116
676,3600731
677,3726285
678,3977721
679,3446294
680,3762799
681,1276681
682,4263629
683,6030805
684,2316030
685,3965012
686,3970530
687,6132576
688,2463464
689,2567971
690,7759281
691,4240443
692,1644208
693,5760800
694,6091136
695,6124749
696,3442718
697,3402380
698,4229312
699,5351118
700,10642946
701,4404958
702,3334800
703,1970073
704,5558750
705,5664869
706,3666477
707,3642287
708,3761677
709,3248182
710,3431249
711,6214314
712,4034024
713,3636814
714,5369346
715,5209697
716,4059582
717,2731882
718,3283115
719,2150231
720,2803037
721,4312777
722,4348664
723,2404294
724,1411215
725,4516489
726,4600454
727,3449292
728,3939275
729,3677278
730,3277936
731,3653965
732,5413751
733,3497918
734,4217580
735,2777319
736,5758902
737,3765689
738,3274821
739,4144511
740,3655122
741,4856713
742,2897139
743,1208750
744,3469942
745,1784499
746,2768892
747,3955007
748,3477476
749,5192610
750,2471491
751,2225150
752,2419615
753,2906427
754,4380046
755,3502031
756,2010814
757,1187053
758,2829486
759,4025443
760,8505551
761,7670941
762,3036776
763,1196015
764,2545048
765,3914177
766,2840039
767,4845757
768,2431429
769,2384835
770,3534618
771,4949520
772,3753244
773,2839502
774,23022034
775,4901963
776,4679874
777,3645833
778,5244605
779,6084969
780,4321727
781,5271491
782,5867475
783,3218964
784,1977810
785,2460942
786,3204998
787,1231667
788,1557301
789,4008922
790,4482360
791,3629242
792,4750220
793,2442429
794,2500486
795,1507073
796,1441024
797,2341419
798,2516530
799,2325674
800,1617726
801,1227448
802,1219474
803,3633551
804,2214187
805,2454523
806,2003769
807,1121245
808,1241112
809,1132791
810,2449383
811,1990261
812,1994233
813,2380933
814,1796016
815,3197403
816,2527883
817,3154289
818,2296975
819,6310894
820,1592917
821,2847978
822,2296303
823,4390544
824,4008479
825,1692397
826,5111987
827,2182282
828,2112165
829,4245380
830,2650840
831,1331159
832,3886612
833,5682281
834,3320959
835,2103508
836,2376764
837,3435347
838,2754311
839,5352886
840,6011835
841,3627123
842,4217839
843,3766693
844,5021136
845,2759233
846,2322218
847,3651807
848,2470343
849,3268510
850,3098537
851,3583138
852,1042519
853,8494686
854,4661780
855,3156327
856,3448319
857,2473986
858,3093188
859,3699696
860,1784807
861,2470599
862,2893494
863,1510623
864,8662237
865,2841965
866,2335704
867,3459151
868,2896631
869,2892500
870,3765418
871,3599786
872,3559181
873,1696850
874,4151920
875,2903567
876,2619919
877,5499953
878,5758691
879,6862535
880,4812689
881,3747279
882,4064083
883,4843851
884,2807671
885,3404685
886,3162282
887,3341996
888,4157392
889,5021244
890,3989785
891,5128036
892,4877729
893,7869736
894,4018547
895,968500
896,6245864
897,5212133
898,6516493
899,3899517
900,5111380
901,3852579
902,5893701
903,4384289
904,5195548
905,2162059
906,2383603
907,14008171
908,3513582
909,4424921
910,4149837
911,4291409
912,3778005
913,4068689
914,4264310
915,4415296
916,2119733
917,4912806
918,5775593
919,1143142
920,4740243
921,5830257
922,4225210
923,3388744
924,2618702
925,2119566
926,2549884
927,1164607
928,4513354
929,3928715
930,2637784
931,3908389
932,3557996
933,1660865
934,6898879
935,3995703
936,3918553
937,5420977
938,2620985
939,5729843
940,3996305
941,2918652
942,4466951
943,2066959
944,3912108
945,2635154
946,4578720
947,2206849
948,2984023
949,3222783
950,7009459
951,5003145
952,2423108
953,2695799
954,3071787
955,3698627
956,4594741
957,2379126
958,1929926
959,2397635
960,6247002
961,3878623
962,2213977
963,2479624
964,4057726
965,2987798
966,5399341
967,3674996
968,2062869
969,3972577
970,1087359
971,4339782
972,2414145
973,2611561
974,2487563
975,2764998
976,9265948
977,4750063
978,3635034
979,2136070
980,2567991
981,5436167
982,4011900
983,3247508
984,2927681
985,4143240
986,5489593
987,5598088
988,2128599
989,4912458
990,3755446
991,1282332
992,4197027
993,4121583
994,1785132
995,3955969
996,2150133
997,2006232
998,2534594
999,4319287
1000,2822919
1001,2276486
1002,1173118
1003,3160173
1004,3761481
1005,2709934
1006,4758016
1007,3462774
1008,3810685
1009,4400149
1010,5638419
1011,4583662
1012,2145807
1013,5066683
1014,6079270
1015,5331186
1016,2285418
1017,2211052
1018,5426004
1019,2747418
1020,1571333
1021,4933060
1022,3676227
1023,2261688
1024,5623352
1025,7555174
1026,2659342
1027,1729644
1028,2397139
1029,1239833
1030,5571313
1031,1733545
1032,5654214
1033,3611005
1034,2626663
1035,3485925
1036,8942017
1037,3668070
1038,3839122
1039,2801130
1040,2772519
1041,3373055
1042,3490471
1043,2197327
1044,1723141
1045,6999294
1046,1436694
1047,3944874
1048,4155670
1049,3125278
1050,5244209
1051,2311133
1052,2775678
1053,4109258
1054,2424680
1055,1179382
1056,5475021
1057,2835954
1058,2183338
1059,2567328
1060,3300036
1061,2749346
1062,2882403
1063,2538764
1064,2827415
1065,2261567
1066,1328033
1067,5784377
1068,3691741
1069,3442186
1070,2278747
1071,3476285
1072,4120772
1073,2848492
1074,4048839
1075,5136059
1076,2935766
1077,3161835
1078,3047263
1079,3543445
1080,5304988
1081,2671458
1082,3557980
1083,5742505
1084,1719030
1085,2382865
1086,5396364
1087,2140537
1088,4841977
1089,8661414
1090,5716271
1091,2659448
1092,2668766
1093,3841968
1094,2111643
1095,5674787
1096,5548357
1097,4809821
1098,1065733
1099,3639942
1100,3595574
1101,3914619
1102,3952637
1103,5272585
1104,3438290
1105,6450070
1106,3374614
1107,3804627
1108,6974096
1109,3445857
1110,4051990
1111,3530196
1112,7024274
1113,3738309
1114,4806852
1115,4814846
1116,3599435
1117,3435705
1118,3807509
1119,2965949
1120,3593728
1121,4129550
1122,2180789
1123,2903414
1124,4571395
1125,2242342
1126,2584613
1127,3873658
1128,3958571
1129,3906948
1130,1061081
1131,4013574
1132,3203345
1133,3757106
1134,8576633
1135,3820126
1136,3752059
1137,3299033
1138,9008747
1139,4653467
1140,2715978
1141,2200895
1142,2959042
1143,3706397
1144,4238972
1145,2670605
1146,3491518
1147,3016887
1148,3246998
1149,5278463
1150,3479818
1151,2723596
1152,5319347
1153,5512997
1154,2879366
1155,4098694
1156,2573038
1157,2483963
1158,3180513
1159,6064661
1160,4197635
1161,1735526
1162,2442427
1163,4048987
1164,2270976
1165,2304292
1166,3253288
1167,2508255
1168,2315830
1169,2065178
1170,2016204
1171,1913381
1172,2776502
1173,2341824
1174,1957095
1175,1883399
1176,2036194
1177,1912506
1178,2052561
1179,4424930
1180,1988727
1181,1891430
1182,4364227
1183,1627038
1184,3613346
1185,2000875
1186,2576863
1187,3591089
1188,2259768
1189,2106169
1190,2004475
1191,4046248
1192,4829444
1193,3904623
1194,3050555
1195,15285717
1196,5835600
1197,5280727
1198,4362474
1199,3524900
1200,2257943
1201,3049601
1202,9084998
1203,3084892
1204,4021779
1205,1171824
1206,6338166
1207,5729559
1208,5589348
1209,5452511
1210,4138134
1211,5500363
1212,6398435
1213,4491785
1214,3537464
1215,3859749
1216,1929572
1217,9185001
1218,2821517
1219,5233912
1220,3829014
1221,2699672
1222,5362749
1223,4445999
1224,3911906
1225,2705782
1226,2262298
1227,3439546
1228,2434958
1229,3956627
1230,1647179
1231,4274809
1232,1328848
1233,4370842
1234,4506449
1235,9955842
1236,3408293
1237,1829673
1238,3507346
1239,5650435
1240,5123099
1241,5159302
1242,4865385
1243,4087825
1244,2610291
1245,1517807
1246,4750582
1247,5143029
1248,1294723
1249,1268927
1250,2110123
1251,3143418
1252,2006584
1253,2115565
1254,2549473
1255,4144507
1256,5780481
1257,5265976
1258,3874583
1259,1329239
1260,1316740
1261,5949199
1262,3611066
1263,2612793
1264,2831308
1265,2404029
1266,2472867
1267,4763952
1268,5758700
1269,2166608
1270,3161933
1271,4593880
1272,3113812
1273,5074007
1274,6733624
1275,4430622
1276,3329579
1277,4532961
1278,4692943
1279,4200211
1280,1163179
1281,3396381
1282,2954873
1283,4996700
1284,6520855
1285,5273021
1286,3072836
1287,4036748
1288,5776993
1289,5675710
1290,5132462
1291,4325488
1292,2819219
1293,2631097
1294,4907969
1295,5418831
1296,2172345
1297,7764324
1298,4118836
1299,5297826
1300,4091030
1301,1152860
1302,4533987
1303,3542230
1304,3659219
1305,2160691
1306,3416503
1307,2764697
1308,3883820
1309,2324179
1310,4185242
1311,8270594
1312,1207013
1313,2727875
1314,4259466
1315,3780497
1316,4059655
1317,18169195
1318,3695964
1319,1305382
1320,8858629
1321,3728976
1322,3962888
1323,2143428
1324,6726940
1325,3789833
1326,4281548
1327,9652907
1328,4134331
1329,3321010
1330,2647509
1331,2431738
1332,3482637
1333,1340222
1334,2135510
1335,2122655
1336,6365364
1337,3671148
1338,1534919
1339,5572957
1340,2275539
1341,6181244
1342,1931257
1343,1169315
1344,2383520
1345,1911009
1346,1973320
1347,1324561
1348,1177870
1349,1261954
1350,1185193
1351,1199968
1352,1417450
1353,4274144
1354,1648266
1355,2421204
1356,2438306
1357,3574940
1358,4174357
1359,3864405
1360,1939726
1361,3528321
1362,2120767
1363,1245865
1364,1434796
1365,1201349
1366,11637791
1367,4726796
1368,3057436
1369,4667612
1370,2782290
1371,3680467
1372,3787382
1373,2854830
1374,2464604
1375,2262025
1376,1332708
1377,1139501
1378,1166995
1379,1129655
1380,1547293
1381,1315067
1382,1135364
1383,2545470
1384,2412254
1385,5456683
1386,3308336
1387,1613272
1388,2959950
1389,3807676
1390,2040211
1391,2191269
1392,2472495
1393,2743550
1394,2702461
1395,2305647
1396,3372972
1397,2497777
1398,3912462
1399,3578957
1400,3790497
1401,1898848
1402,3903377
1403,7140480
1404,3974716
1405,3510661
1406,4594097
1407,2387695
1408,4582111
1409,3689934
1410,2851502
1411,2480827
1412,3542096
1413,3848253
1414,2978174
1415,2543257
1416,3117431
1417,3376834
1418,1103133
1419,1907602
1420,3239179
1421,2080537
1422,4381303
1423,3485111
1424,4185768
1425,3284412
1426,2284377
1427,2762712
1428,2462410
1429,3448599
1430,5697948
1431,5984690
1432,5266027
1433,3882327
1434,3984046
1435,7684120
1436,3821518
1437,3707085
1438,3721580
1439,1209449
1440,3805561
1441,2390756
1442,2561913
1443,2095536
1444,2608766
1445,2087121
1446,5626149
1447,10067948
1448,2818977
1449,2526132
1450,1231591
1451,2668095
1452,2238082
1453,2452645
1454,4468258
1455,1962771
1456,2467203
1457,3658751
1458,2440210
1459,3102466
1460,2419703
1461,2341618
1462,2353370
1463,5612297
1464,5375010
1465,3831090
1466,2961566
1467,9317178
1468,4895831
1469,2339350
1470,2985847
1471,2024243
1472,2978082
1473,2043753
1474,5741493
1475,3895708
1476,2466136
1477,2631279
1478,2288610
1479,18176566
1480,2834679
1481,2336017
1482,1678240
1483,4737002
1484,3980770
1485,2486786
1486,3765670
1487,6252287
1488,6547388
1489,2611745
1490,3047053
1491,4234528
1492,1906245
1493,2216936
1494,4734166
1495,5558605
1496,5657353
1497,2413090
1498,4946208
1499,3850336
1500,8904658
1501,2535642
1502,3888889
1503,2499801
1504,5262435
1505,2877720
1506,4136178
1507,3403320
1508,5377968
1509,5959826
1510,4060376
1511,2388939
1512,3781511
1513,2917043
1514,1617147
1515,14911329
1516,3914177
1517,3715962
1518,2466455
1519,2961676
1520,2905096
1521,3387314
1522,3052264
1523,2530672
1524,4974141
1525,4104755
1526,4746199
1527,1868828
1528,2410789
1529,5128532
1530,4373968
1531,2484044
1532,3616633
1533,3476203
1534,3117572
1535,3488100
1536,3045274
1537,3945810
1538,3672405
1539,3009265
1540,2231366
1541,3408793
1542,5056182
1543,2461483
1544,2523081
1545,1963329
1546,1531653
1547,3636391
1548,3980276
1549,5852856
1550,3701579
1551,8987439
1552,1239438
1553,14720161
1554,3231881
1555,1544216
1556,1269026
1557,2281258
1558,2094111
1559,4197330
1560,3313097
1561,3317965
1562,4445091
1563,4757290
1564,3974104
1565,3496386
1566,1895176
1567,5798193
1568,3143890
1569,3499681
1570,3448121
1571,3509224
1572,6326628
1573,5596646
1574,2532148
1575,2002163
1576,2452295
1577,3469620
1578,2209168
1579,3448082
1580,2280351
1581,2690068
1582,2875384
1583,2214432
1584,2536939
1585,2818319
1586,2512938
1587,2436771
1588,2044691
1589,1408421
1590,2119980
1591,2293670
1592,2183766
1593,2650662
1594,1624691
1595,2381202
1596,5031602
1597,2433716
1598,2324951
1599,1815553
1600,2425199
1601,2388463
1602,1777138
1603,4016388
1604,2486553
1605,2387319
1606,2400540
1607,2374304
1608,1459368
1609,2276565
1610,1156989
1611,2448967
1612,2410949
1613,2456057
1614,2049744
1615,7452027
1616,2342302
1617,2368670
1618,2504170
1619,2939366
1620,1588453
1621,1380598
1622,2401269
1623,2117739
1624,1240842
1625,2366199
1626,2451575
1627,5685339
1628,2426160
1629,2362802
1630,2343605
1631,2348974
1632,2315715
1633,5753093
1634,1283875
1635,1901501
1636,1288651
1637,2385028
1638,1222438
1639,1825968
1640,3437153
1641,2655234
1642,2351844
1643,1319613
1644,2495030
1645,2215112
1646,2216208
1647,1197575
1648,1244700
1649,2329381
1650,1581027
1651,1266899
1652,1634445
1653,3151900
1654,2477515
1655,2485959
1656,3047522
1657,2440385
1658,2511727
1659,1661466
1660,2414229
1661,1688240
1662,1286449
1663,1277055
1664,1382014
1665,2291629
1666,2346293
1667,1280225
1668,1233580
1669,2865247
1670,2481306
1671,2440129
1672,2395140
1673,1637312
1674,1480905
1675,1901863
1676,8770602
1677,2728152
1678,6648919
1679,2400904
1680,1764851
1681,1384153
1682,1096697
1683,1226456
1684,2476107
1685,2367250
1686,1666880
1687,4190914
1688,1261389
1689,2335508
1690,2136030
1691,1194743
1692,1373862
1693,7583483
1694,2381145
1695,2562520
1696,1679035
1697,2885835
1698,4258135
1699,4347106
1700,2192958
1701,4240287
1702,6282305
1703,2544694
1704,3221359
1705,4737969
1706,1579177
1707,3857063
1708,5708979
1709,3909662
1710,3755251
1711,3596232
1712,3326910
1713,3406782
1714,3458064
1715,3488481
1716,3311304
1717,973247
1718,3282830
1719,2763561
1720,4707164
1721,6027099
1722,5127670
1723,5094137
1724,6023930
1725,3612631
1726,3406215
1727,5437007
1728,2159413
1729,3639644
1730,3751959
1731,4167873
1732,3974369
1733,9665012
1734,7689632
1735,3875157
1736,2916690
1737,4362515
1738,2262099
1739,3753154
1740,5281298
1741,3696626
1742,7935996
1743,2637634
1744,2487032
1745,2773059
1746,2477337
1747,2074907
1748,1861263
1749,2837329
1750,4579707
1751,10200991
1752,4191177
1753,3131841
1754,2842838
1755,2987327
1756,1813216
1757,4176836
1758,2199277
1759,4675546
1760,2160950
1761,5280239
1762,2578821
1763,2250834
1764,5909689
1765,2402747
1766,2427039
1767,4650049
1768,1691031
1769,2059319
1770,2469617
1771,7202765
1772,5716600
1773,4112999
1774,3929919
1775,3908197
1776,2416023
1777,4278593
1778,3822199
1779,3857138
1780,4088741
1781,1355386
1782,2813676
1783,4191553
1784,3652714
1785,2214937
1786,3162296
1787,5283728
1788,3510091
1789,3571712
1790,4954027
1791,2795598
1792,1722348
1793,7192442
1794,4438307
1795,2686457
1796,2864087
1797,6558248
1798,5762939
1799,2315309
1800,6200143
1801,4827940
1802,2330863
1803,1466026
1804,1674332
1805,3809885
1806,2348719
1807,2269139
1808,1559424
1809,2307596
1810,2573034
1811,2429879
1812,1246724
1813,1426379
1814,2378518
1815,2201189
1816,2358514
1817,4070223
1818,2304792
1819,3370559
1820,2972929
1821,7132047
1822,6821782
1823,2754486
1824,3973970
1825,1708537
1826,6789697
1827,3200865
1828,5065424
1829,4251803
1830,4478087
1831,3968672
1832,5100304
1833,5048826
1834,1552129
1835,6763868
1836,2130545
1837,2367464
1838,2178197
1839,4535872
1840,2100966
1841,4513150
1842,4837499
1843,2132376
1844,5311452
1845,2098213
1846,2107239
1847,6187448
1848,1958619
1849,5363017
1850,2848283
1851,3382251
1852,2160775
1853,4992986
1854,3058543
1855,1170645
1856,1314248
1857,5927139
1858,4981420
1859,3767223
1860,5151384
1861,2898347
1862,2985671
1863,1704599
1864,3192919
1865,2811092
1866,1630005
1867,3522535
1868,4389498
1869,1815326
1870,3788604
1871,2522722
1872,3471485
1873,4639509
1874,2273808
1875,2802604
1876,2206332
1877,9956104
1878,2850208
1879,2275428
1880,3028418
1881,3149513
1882,4527834
1883,2815946
1884,4288909
1885,2215020
1886,2614584
1887,3225807
1888,2999769
1889,3620809
1890,2104384
1891,1924975
1892,2101526
1893,2824070
1894,3073564
1895,3849027
1896,3226819
1897,11965556
1898,1128760
1899,1605337
1900,2772618
1901,4228444
1902,6375370
1903,3346230
1904,4125163
1905,2997357
1906,2306892
1907,2144834
1908,2795877
1909,1889634
1910,2453859
1911,2232818
1912,2268923
1913,3730532
1914,3391202
1915,4687727
1916,3307363
1917,3240818
1918,8708105
1919,1187559
1920,3805838
1921,4227415
1922,2026472
1923,1990587
1924,2478513
1925,5342157
1926,2046608
1927,2409664
1928,2576567
1929,5933305
1930,2348699
1931,5605824
1932,1845702
1933,1095967
1934,2701092
1935,1885554
1936,1874831
1937,1952534
1938,1784934
1939,1849538
1940,1712114
1941,4304003
1942,3303917
1943,1167392
1944,3690350
1945,4594298
1946,3265416
1947,3587311
1948,2393440
1949,22014363
1950,6991444
1951,1271360
1952,4288199
1953,4411561
1954,2774890
1955,4901594
1956,4477108
1957,5470256
1958,4402426
1959,3564721
1960,3838805
1961,5127520
1962,1277655
1963,4575569
1964,4430409
1965,2430693
1966,3160392
1967,1987881
1968,4055385
1969,3723581
1970,2162690
1971,3184529
1972,2417699
1973,4645099
1974,2158079
1975,2029689
1976,6181065
1977,6299007
1978,3042758
1979,2653114
1980,2147356
1981,3365304
1982,3763833
1983,1115716
1984,3441930
1985,1838459
1986,3522852
1987,3372443
1988,2356644
1989,4539023
1990,2961768
1991,2674852
1992,3508583
1993,2566795
1994,7386274
1995,3387198
1996,2702576
1997,6003291
1998,4927106
1999,1106214
2000,2692027
2001,4974989
2002,4594178
2003,3668937
2004,1312343
2005,4907250
2006,4088258
2007,4275405
2008,2311482
2009,5081811
2010,8413431
2011,3547946
2012,4065826
2013,8274270
2014,7145927
2015,1135107
2016,3872587
2017,3378344
2018,3385707
2019,6976140
2020,2734268
2021,5310883
2022,2398518
2023,3712992
2024,4730181
2025,2205491
2026,1299824
2027,2728344
2028,3160940
2029,3417153
2030,3576292
2031,2157590
2032,4131104
2033,1942421
2034,4419669
2035,2208845
2036,1494539
2037,3252051
2038,2562397
2039,3562688
2040,3802798
2041,3887038
2042,2730197
2043,8378485
2044,4995701
2045,3395035
2046,3132601
2047,3581129
2048,6019677
2049,6470583
2050,2735055
2051,3048425
2052,4180702
2053,6485403
2054,4216425
2055,6308162
2056,3393869
2057,3578947
2058,1207381
2059,4511032
2060,2748893
2061,2366914
2062,3029905
2063,3772421
2064,4792869
2065,6656314
2066,4729466
2067,2855873
2068,3304434
2069,4401917
2070,3714261
2071,2191256
2072,3350124
2073,4287857
2074,4748745
2075,2954004
2076,3067241
2077,2468438
2078,1911307
2079,2680737
2080,2889900
2081,3395376
2082,2511527
2083,3547024
2084,2461970
2085,1890388
2086,3216656
2087,3576382
2088,3381500
2089,4701971
2090,1533735
2091,2280783
2092,3245168
2093,4354129
2094,6656956
2095,3438957
2096,4187991
2097,3277566
2098,4197382
2099,2623770
2100,1512402
2101,5562809
2102,5656722
2103,4807303
2104,5309641
2105,8952621
2106,5060816
2107,3254345
2108,2667144
2109,4521394
2110,2052152
2111,2307442
2112,4047812
2113,3181145
2114,3651254
2115,3324426
2116,3697943
2117,5388009
2118,20781987
2119,9185034
2120,3889257
2121,1994358
2122,5267932
2123,3201405
2124,2824020
2125,2417953
2126,2048220
2127,2331235
2128,3199890
2129,3653916
2130,4054268
2131,4042456
2132,3547361
2133,3988714
2134,2402284
2135,3242616
2136,2756976
2137,3747272
2138,1827363
2139,5618979
2140,4087708
2141,4494047
2142,2009489
2143,1088198
2144,2365573
2145,1962669
2146,2187052
2147,2042818
2148,2251878
2149,5357244
2150,2504905
2151,3477780
2152,4031544
2153,3641067
2154,1192998
2155,3957506
2156,3766837
2157,2963210
2158,3025799
2159,5262629
2160,3197883
2161,2471950
2162,6546111
2163,6198046
2164,5028460
2165,3786810
2166,5492597
2167,4876751
2168,3151123
2169,7351866
2170,6152745
2171,2721975
2172,6287788
2173,1172935
2174,2242419
2175,1102157
2176,1939304
2177,2045596
2178,1952108
2179,1973977
2180,1836930
2181,6315346
2182,2757879
2183,2223459
2184,16660367
2185,1856110
2186,1143461
2187,2256542
2188,3752473
2189,4292258
2190,2271195
2191,4708427
2192,3067132
2193,1764467
2194,2765082
2195,3214796
2196,1491736
2197,3446677
2198,5559838
2199,3427106
2200,1081170
2201,2678871
2202,7753138
2203,8048138
2204,3728945
2205,2075452
2206,4692167
2207,1827961
2208,3608054
2209,4328184
2210,3399450
2211,3026224
2212,2407224
2213,2493048
2214,3368776
2215,3044219
2216,4022537
2217,3400963
2218,1657838
2219,3105367
2220,2292448
2221,4542399
2222,3720103
2223,3775978
2224,5469905
2225,3906547
2226,2506803
2227,5661021
2228,2704057
2229,1356991
2230,2265339
2231,2104291
2232,3201405
2233,3038536
2234,2604401
2235,3056841
2236,3279882
2237,4718934
2238,7370009
2239,1372590
2240,1913371
2241,2281914
2242,3204146
2243,2325525
2244,2879975
2245,3103224
2246,3122544
2247,3886222
2248,3432580
2249,4245840
2250,1527046
2251,6372080
2252,2686081
2253,2240257
2254,2496858
2255,2084034
2256,3531896
2257,4242896
2258,4167665
2259,1878966
2260,2180037
2261,1487679
2262,4955263
2263,1962941
2264,4402406
2265,10361914
2266,4116091
2267,4163091
2268,2439389
2269,5834175
2270,4044146
2271,4640732
2272,3971419
2273,6591812
2274,4416707
2275,6558921
2276,5265988
2277,2552222
2278,4177467
2279,5826827
2280,6144687
2281,2282459
2282,3512242
2283,4555442
2284,1945281
2285,2495227
2286,2683870
2287,3213299
2288,1481147
2289,1369913
2290,1164145
2291,7689251
2292,1498357
2293,1209140
2294,2444396
2295,1698232
2296,1245521
2297,1366420
2298,2501908
2299,2604005
2300,2527392
2301,2695366
2302,2499098
2303,1551761
2304,2643173
2305,2398188
2306,1163997
2307,2566541
2308,1312928
2309,2360537
2310,1425748
2311,1855013
2312,2365431
2313,2405147
2314,1692625
2315,2511101
2316,2277641
2317,1694889
2318,2575086
2319,1228368
2320,2745476
2321,2818889
2322,2698936
2323,1531404
2324,1839072
2325,2664194
2326,2511838
2327,3255215
2328,2923108
2329,2499023
2330,2695727
2331,2751760
2332,2426737
2333,2755600
2334,2565780
2335,1716988
2336,2823392
2337,2486379
2338,1699667
2339,2695286
2340,2610865
2341,1659240
2342,2725248
2343,1749702
2344,2519806
2345,2482032
2346,2416372
2347,2346302
2348,1233310
2349,1964413
2350,1634845
2351,2431602
2352,2379763
2353,3577198
2354,2532012
2355,2782829
2356,2668709
2357,2510720
2358,2414737
2359,2443395
2360,2491945
2361,2533089
2362,1983186
2363,2438241
2364,2446135
2365,1453074
2366,2336618
2367,2396884
2368,7652530
2369,1825462
2370,2034100
2371,1830348
2372,1975841
2373,2310693
2374,2619870
2375,1367450
2376,2495056
2377,2332112
2378,2293924
2379,2439486
2380,2387330
2381,2720080
2382,2376720
2383,1272031
2384,1626028
2385,2778349
2386,1640964
2387,1689929
2388,2411902
2389,2345753
2390,1596549
2391,2848718
2392,1672769
2393,6700375
2394,1661393
2395,2173146
2396,2410317
2397,1653799
2398,1729964
2399,2319401
2400,2819074
2401,2432966
2402,1769019
2403,1313491
2404,2405928
2405,2387392
2406,2390252
2407,1793800
2408,2406664
2409,1355327
2410,1375576
2411,1251767
2412,3085984
2413,3606491
2414,2405631
2415,2480723
2416,4837531
2417,2474634
2418,2646850
2419,2376252
2420,1570482
2421,2624087
2422,1403363
2423,4137707
2424,2485878
2425,2522146
2426,1673601
2427,2765058
2428,1650436
2429,1229633
2430,2410417
2431,2397389
2432,1832375
2433,2877537
2434,1277181
2435,1251339
2436,2372318
2437,2315841
2438,1563098
2439,2389525
2440,1548988
2441,1795363
2442,1760551
2443,2348009
2444,2482868
2445,2434512
2446,2455237
2447,2463782
2448,1353119
2449,6066134
2450,1151954
2451,2767720
2452,2722159
2453,2190749
2454,5499544
2455,2335003
2456,3197582
2457,2083778
2458,2746304
2459,4406557
2460,2491011
2461,1330834
2462,3611215
2463,3284728
2464,3417594
2465,6593537
2466,2261365
2467,5560132
2468,8873445
2469,1989779
2470,1187140
2471,6616788
2472,3278805
2473,3684143
2474,4067884
2475,5577898
2476,4631154
2477,3631820
2478,3535404
2479,5671843
2480,4148703
2481,4703119
2482,5341168
2483,5258953
2484,4918437
2485,2459476
2486,2200163
2487,1148112
2488,3178492
2489,2484774
2490,2270067
2491,4602686
2492,5517526
2493,1949642
2494,3197460
2495,3894670
2496,4367324
2497,3411885
2498,1357980
2499,3754675
2500,4032950
2501,5478526
2502,5661304
2503,2058398
2504,2072822
2505,1850254
2506,3319551
2507,6740578
2508,7838590
2509,2280181
2510,4123587
2511,16232067
2512,2075621
2513,4183359
2514,3374782
2515,2082371
2516,2436002
2517,2677904
2518,4841204
2519,4029176
2520,4931481
2521,3992786
2522,2539086
2523,1175682
2524,3325330
2525,2009356
2526,2085189
2527,3304028
2528,3294689
2529,2248179
2530,1190302
2531,3133092
2532,1898427
2533,5864518
2534,2339218
2535,2635699
2536,3038060
2537,2562017
2538,1348727
2539,2094836
2540,3884218
2541,1254406
2542,3009134
2543,2254588
2544,5662318
2545,1673125
2546,4139822
2547,4518400
2548,5295132
2549,5770558
2550,2516427
2551,2485469
2552,1774380
2553,2314878
2554,2813521
2555,2673291
2556,2359586
2557,2330860
2558,2894317
2559,2639633
2560,2687515
2561,2310288
2562,2190048
2563,2902578
2564,2375125
2565,2165788
2566,4290216
2567,2246047
2568,3490229
2569,2269379
2570,9974761
2571,3807940
2572,3524237
2573,1120169
2574,2075027
2575,1774040
2576,2617768
2577,2856719
2578,1225372
2579,6440235
2580,5680646
2581,3822096
2582,2327495
2583,4460173
2584,1802333
2585,1780309
2586,1909870
2587,1685222
2588,1954435
2589,1756426
2590,1866710
2591,5447842
2592,4573900
2593,3808782
2594,2279047
2595,6141966
2596,5651339
2597,4187228
2598,4082049
2599,3887818
2600,3410693
2601,4338749
2602,3825334
2603,1211520
2604,2023243
2605,1135267
2606,4187872
2607,2847370
2608,2295022
2609,2223479
2610,5957901
2611,5895533
2612,5970643
2613,3571439
2614,4032371
2615,3337309
2616,1272043
2617,4025317
2618,4151130
2619,3812818
2620,3574964
2621,2050229
2622,1542441
2623,3010002
2624,5195393
2625,4945016
2626,2325019
2627,4136140
2628,4345761
2629,2418795
2630,2141618
2631,2207970
2632,8531972
2633,2074009
2634,1922866
2635,4233038
2636,3714917
2637,4112057
2638,10205940
2639,4019782
2640,3419317
2641,10808191
2642,7898121
2643,5374009
2644,5079560
2645,4362935
2646,3425775
2647,4334549
2648,1445374
2649,5178374
2650,5862095
2651,3013749
2652,3048486
2653,3024581
2654,3440291
2655,1792385
2656,3598913
2657,4416810
2658,1560024
2659,6784781
2660,2223172
2661,4324283
2662,1971146
2663,2626447
2664,2836958
2665,2100742
2666,2223089
2667,2774881
2668,2351197
2669,2239350
2670,3769250
2671,4047189
2672,2251448
2673,4728536
2674,3798849
2675,4458982
2676,6074282
2677,5637263
2678,5265131
2679,4099562
2680,1470292
2681,3229025
2682,4669508
2683,4625650
2684,1277648
2685,6978010
2686,2493299
2687,3789378
2688,2786141
2689,2471180
2690,1513917
2691,5912710
2692,5320590
2693,5491551
2694,3436491
2695,3678524
2696,5229301
2697,3453337
2698,4712649
2699,4589893
2700,5888349
2701,1470386
2702,2729245
2703,3402671
2704,1892524
2705,3625372
2706,5563316
2707,4671628
2708,2282597
2709,1932299
2710,1473337
2711,3716912
2712,1147120
2713,4561129
2714,4228393
2715,2888842
2716,5055650
2717,9707301
2718,2579120
2719,2486935
2720,3667285
2721,5703981
2722,5693149
2723,2440366
2724,4723160
2725,3568202
2726,2206218
2727,4188262
2728,4061478
2729,1663518
2730,6210378
2731,4706148
2732,4428587
2733,3278018
2734,6419992
2735,4545520
2736,2618723
2737,2596468
2738,2705068
2739,4214177
2740,2761003
2741,2042553
2742,4264409
2743,2139941
2744,1175472
2745,5016443
2746,2305959
2747,2023161
2748,2872073
2749,2288597
2750,2148796
2751,5286407
2752,2454373
2753,2092893
2754,2733176
2755,2181982
2756,2915158
2757,3361669
2758,4971871
2759,2586350
2760,5894179
2761,5619610
2762,1175576
2763,2894937
2764,1686598
2765,2504817
2766,2879876
2767,3573618
2768,3201991
2769,4229885
2770,3616841
2771,6321549
2772,3915466
2773,3752090
2774,3799626
2775,3077291
2776,2399201
2777,2240797
2778,2149573
2779,4350306
2780,1351122
2781,2754170
2782,4713356
2783,4704162
2784,2967310
2785,4655276
2786,10526910
2787,1214343
2788,2960823
2789,4007968
2790,7369739
2791,8607841
2792,3268062
2793,4438273
2794,5549528
2795,5197022
2796,4368470
2797,4482945
2798,3420119
2799,3028452
2800,4286405
2801,4324517
2802,3799432
2803,3628075
2804,2330775
2805,2229633
2806,2270836
2807,3653661
2808,1891145
2809,1068632
2810,2250823
2811,2598261
2812,2326728
2813,2479451
2814,3306279
2815,2419063
2816,4067031
2817,3177764
2818,5797975
2819,2788165
2820,5755180
2821,4437398
2822,6684604
2823,4449179
2824,2690408
2825,2234564
2826,3444462
2827,7278329
2828,3821456
2829,3148609
2830,1443459
2831,4901615
2832,4491666
2833,3045390
2834,5437544
2835,5936161
2836,4642127
2837,4318486
2838,4657260
2839,3286353
2840,2656178
2841,1085749
2842,3111810
2843,2392923
2844,3924594
2845,1084556
2846,5953817
2847,2341605
2848,7069634
2849,5516045
2850,5658417
2851,3180065
2852,5364040
2853,2695983
2854,2535712
2855,2300307
2856,3128236
2857,2595315
2858,3787153
2859,3483378
2860,2807930
2861,4700893
2862,1197135
2863,3619364
2864,1979879
2865,2132241
2866,4818415
2867,2856119
2868,5149120
2869,4078971
2870,2769997
2871,4553419
2872,4666312
2873,1471406
2874,5432118
2875,5600926
2876,3036203
2877,4561296
2878,4149095
2879,4291432
2880,4328864
2881,3560327
2882,3490816
2883,4082074
2884,1392913
2885,2653610
2886,3295587
2887,3971942
2888,3241877
2889,4486625
2890,3675696
2891,4024893
2892,3537168
2893,4105483
2894,2748259
2895,3151136
2896,3747496
2897,3961745
2898,3973861
2899,3475237
2900,1085670
2901,3674692
2902,4366019
2903,3662205
2904,4543228
2905,1265102
2906,3736020
2907,3805794
2908,2931439
2909,4773393
2910,2868704
2911,2269367
2912,2269055
2913,2295131
2914,6243986
2915,2492050
2916,1777847
2917,2537766
2918,3068481
2919,1966718
2920,2177324
2921,1989978
2922,3060312
2923,3780538
2924,1735061
2925,13519424
2926,2719232
2927,2034349
2928,6459997
2929,2095966
2930,1701880
2931,2299898
2932,1847442
2933,1585132
2934,1984579
2935,1930389
2936,1835358
2937,1743539
2938,2946505
2939,3183656
2940,3576325
2941,2623331
2942,2543885
2943,2699046
2944,2370936
2945,2682129
2946,2462741
2947,2440486
2948,1073548
2949,3747838
2950,3156323
2951,3814985
2952,2498050
2953,2258426
2954,3342577
2955,5988946
2956,4486576
2957,3501767
2958,5755976
2959,4222052
2960,2755831
2961,4754543
2962,2921532
2963,9099806
2964,4818447
2965,2638574
2966,4883670
2967,3557975
2968,3015224
2969,6592707
2970,4085166
2971,3164669
2972,3258495
2973,6906901
2974,5321532
2975,4876994
2976,5880110
2977,5259103
2978,4576366
2979,3852497
2980,1234680
2981,4151433
2982,6157130
2983,3398334
2984,1360439
2985,3127048
2986,3174102
2987,4591202
2988,4051402
2989,4316887
2990,6467984
2991,1367313
2992,4128992
2993,4266742
2994,6272602
2995,5743446
2996,5753967
2997,4357025
2998,2496028
2999,5898022
3000,6186253
3001,4025317
3002,2274715
3003,4073967
3004,3517240
3005,3391836
3006,1102691
3007,7564890
3008,3243828
3009,3984234
3010,3048561
3011,3327462
3012,1886826
3013,3249045
3014,5937213
3015,3336512
3016,1923645
3017,2488359
3018,17635312
3019,3160779
3020,3133765
3021,3042684
3022,4014675
3023,2272244
3024,9573128
3025,4722268
3026,4584606
3027,3557034
3028,4211455
3029,3861623
3030,3557249
3031,4282986
3032,2430011
3033,2153451
3034,2284870
3035,5161966
3036,4484514
3037,5571736
3038,4725306
3039,4050234
3040,2350784
3041,4482236
3042,3487907
3043,2533067
3044,1171324
3045,3593084
3046,3402468
3047,2264133
3048,3318200
3049,3045850
3050,5405896
3051,2607320
3052,5181425
3053,4852862
3054,10675831
3055,1531361
3056,4413351
3057,2513907
3058,2036433
3059,2617909
3060,2164542
3061,5875680
3062,3499772
3063,5421924
3064,5285875
3065,2233368
3066,1870497
3067,4104457
3068,3694415
3069,5998951
3070,2049045
3071,2671457
3072,1277662
3073,2084924
3074,1990091
3075,2439526
3076,1611541
3077,2303259
3078,4042831
3079,2778465
3080,2317033
3081,5136292
3082,3206087
3083,3223987
3084,6126155
3085,5210270
3086,2170536
3087,1250502
3088,3439941
3089,4846531
3090,5495430
3091,4695311
3092,4720759
3093,4336844
3094,6146876
3095,2637175
3096,3722844
3097,6092854
3098,3986172
3099,3001817
3100,2789227
3101,4834984
3102,4428770
3103,5577756
3104,2608315
3105,7171627
3106,2726227
3107,3848003
3108,2246230
3109,5505960
3110,2927065
3111,4196257
3112,2821535
3113,3870286
3114,2745352
3115,5958202
3116,5626612
3117,4710991
3118,3682206
3119,2268811
3120,5704934
3121,4764274
3122,3933965
3123,4069998
3124,4595421
3125,5272682
3126,7283897
3127,8939827
3128,5242275
3129,2241238
3130,4899633
3131,7956821
3132,2422972
3133,2331699
3134,2681808
3135,2538981
3136,4373138
3137,2687231
3138,7745188
3139,7126683
3140,1095848
3141,4718998
3142,4921863
3143,2148918
3144,4581059
3145,4664402
3146,5926747
3147,2794708
3148,3982804
3149,4210729
3150,2517135
3151,1187531
3152,4635752
3153,5555511
3154,5904925
3155,3453533
3156,2553111
3157,2631574
3158,2140999
3159,3114136
3160,2268967
3161,2047136
3162,1475127
3163,2516066
3164,2287821
3165,2154696
3166,2342896
3167,2615878
3168,4783691
3169,4634227
3170,3375262
3171,4424086
3172,1159697
3173,8857073
3174,3912447
3175,4089403
3176,4547731
3177,3834763
3178,3667554
3179,2886237
3180,4641567
3181,4250903
3182,3482202
3183,1092450
3184,2757116
3185,1920428
3186,1457819
3187,2862145
3188,1951556
3189,2182652
3190,2780272
3191,6128466
3192,4066928
3193,3419215
3194,1344411
3195,2712568
3196,2544159
3197,2515414
3198,3108903
3199,5936792
3200,3694054
3201,5666263
3202,15898621
3203,3807134
3204,1582039
3205,2055976
3206,2102357
3207,2457011
3208,3764052
3209,3965178
3210,4528384
3211,4566427
3212,7714263
3213,4432166
3214,4328963
3215,1798549
3216,4269477
3217,4045809
3218,4513993
3219,9523816
3220,3111479
3221,6297221
3222,6060934
3223,6015938
3224,4975099
3225,3042175
3226,2504984
3227,4507067
3228,2735214
3229,4400852
3230,4081934
3231,4235339
3232,5204565
3233,6417462
3234,2688638
3235,2250720
3236,1094318
3237,3001562
3238,2023887
3239,3324084
3240,2835029
3241,2218718
3242,2317764
3243,2648146
3244,4082822
3245,1609278
3246,2524716
3247,1254724
3248,4718076
3249,5198030
3250,3761992
3251,3604795
3252,3625081
3253,2016241
3254,2028440
3255,2614758
3256,1721544
3257,2207171
3258,1222530
3259,2295500
3260,2700591
3261,3575002
3262,1949191
3263,1974209
3264,1922450
3265,1750362
3266,4369366
3267,2362099
3268,2056193
3269,2286047
3270,2420959
3271,5024994
3272,3146265
3273,3803614
3274,1916841
3275,2381682
3276,1936841
3277,2325460
3278,5794504
3279,2101679
3280,2622053
3281,5210882
3282,10985830
3283,3831074
3284,3961418
3285,3816612
3286,3794537
3287,2478246
3288,4029420
3289,2671780
3290,1080114
3291,2720811
3292,19662272
3293,2741346
3294,2804947
3295,2377237
3296,1954865
3297,1947001
3298,5635667
3299,3920510
3300,2382230
3301,3561132
3302,3004379
3303,3401343
3304,3628168
3305,2312876
3306,3493502
3307,2833220
3308,2963229
3309,7740331
3310,3372996
3311,1523871
3312,3410467
3313,4236103
3314,3788376
3315,3736554
3316,3122979
3317,2474775
3318,2008555
3319,3631955
3320,2689336
3321,3340375
3322,1072483
3323,4456639
3324,9410097
3325,4722737
3326,3830964
3327,2834954
3328,3452555
3329,3987312
3330,4248952
3331,2441770
3332,2794624
3333,2097490
3334,3736928
3335,4130965
3336,4116913
3337,3698879
3338,4315286
3339,1425555
3340,3801216
3341,5535919
3342,1249405
3343,1260986
3344,6346777
3345,3439271
3346,1325251
3347,1726029
3348,3765844
3349,4508197
3350,2540831
3351,2351959
3352,4538443
3353,4149768
3354,1126087
3355,2805616
3356,1279342
3357,1439492
3358,2869452
3359,2037784
3360,2854160
3361,2528776
3362,2074861
3363,2205677
3364,1983370
3365,3748256
3366,2738531
3367,1784914
3368,1341440
3369,3358185
3370,6523845
3371,2553946
3372,2294124
3373,2483519
3374,2492716
3375,1705330
3376,3655667
3377,1949018
3378,3198680
3379,3084465
3380,4661419
3381,4937516
3382,5314420
3383,6415523
3384,3608042
3385,1263816
3386,2259497
3387,5581487
3388,1986667
3389,1066581
3390,4157874
3391,3160796
3392,3637586
3393,3025749
3394,4405932
3395,2304325
3396,4954995
3397,4283184
3398,1762172
3399,2259472
3400,2468389
3401,2380029
3402,2132409
3403,2094175
3404,4495944
3405,2607189
3406,4333301
3407,2075958
3408,1694113
3409,2030415
3410,1824314
3411,1124920
3412,4001992
3413,3885451
3414,4473621
3415,3338661
3416,3366050
3417,2494965
3418,2380863
3419,3601607
3420,3953558
3421,4221772
3422,2542664
3423,3347869
3424,3090233
3425,3455496
3426,5765362
3427,4008498
3428,1629345
3429,4190995
3430,3793133
3431,2857736
3432,3676761
3433,2819940
3434,3480941
3435,3350094
3436,3940117
3437,3566151
3438,3518932
3439,14085392
3440,3674672
3441,4603205
3442,2523687
3443,3936109
3444,2218703
3445,1360881
3446,4766152
3447,3965267
3448,5998821
3449,2318757
3450,3381608
3451,3646810
3452,3963825
3453,4274603
3454,4054570
3455,4042207
3456,6586480
3457,4017842
3458,3262807
3459,3799981
3460,1277214
3461,2451622
3462,2374156
3463,3504560
3464,3030296
3465,1670743
3466,2214702
3467,2310394
3468,2180192
3469,12642520
3470,4960584
3471,3872897
3472,3703278
3473,2320548
3474,2404151
3475,2803656
3476,2437349
3477,1899553
3478,3282142
3479,4326991
3480,2331580
3481,1208097
3482,4042680
3483,4180345
3484,3877851
3485,4658588
3486,3271058
3487,4384590
3488,5585369
3489,2112091
3490,2983658
3491,2056563
3492,1795288
3493,5235672
3494,4632777
3495,3762301
3496,4043694
3497,3313892
3498,2194554
3499,2086440
3500,1787217
3501,2742387
3502,2042789
3503,3864780
3504,2319564
3505,5664254
3506,2565934
3507,3431929
3508,3334314
3509,3251794
3510,6158448
3511,5976332
3512,8456967
3513,1330040
3514,1667022
3515,1177535
3516,1174054
3517,1198892
3518,2221421
3519,2071105
3520,2226628
3521,1174594
3522,2350669
3523,2736227
3524,2414338
3525,2397234
3526,1266471
3527,1367740
3528,2016055
3529,2342564
3530,2387583
3531,6697824
3532,2386095
3533,2290814
3534,2415855
3535,2372062
3536,2881029
3537,1191835
3538,2423115
3539,2201951
3540,2332203
3541,2899239
3542,1636366
3543,2281224
3544,2442909
3545,2240899
3546,4604300
3547,2308535
3548,1240872
3549,1286968
3550,1434770
3551,1151181
3552,2293158
3553,2232075
3554,2391338
3555,2326554
3556,1519844
3557,2676135
3558,2313620
3559,2112104
3560,1735558
3561,2396412
3562,1363257
3563,1296516
3564,2221605
3565,2382756
3566,5530216
3567,3161113
3568,2346254
3569,2434599
3570,2337638
3571,1480862
3572,2427070
3573,2349293
3574,2305170
3575,2298654
3576,2139631
3577,2316503
3578,1238380
3579,1527672
3580,31854446
3581,1264352
3582,2366217
3583,2193447
3584,2196451
3585,2320551
3586,2289552
3587,1272694
3588,2092342
3589,1305952
3590,2386259
3591,2695864
3592,2194210
3593,2205715
3594,2190129
3595,2090336
3596,1552992
3597,2399227
3598,2253861
3599,2226727
3600,1714216
3601,2397616
3602,1785289
3603,1258084
3604,2002586
3605,1304180
3606,2971916
3607,3142806
3608,1491085
3609,5410893
3610,4071055
3611,2430524
3612,4280189
3613,5110113
3614,6998267
3615,4191467
3616,9128231
3617,2134209
3618,2287763
3619,2948478
3620,6319951
3621,2332339
3622,2645254
3623,3237998
3624,3811929
3625,1840741
3626,2085608
3627,2448230
3628,3669092
3629,1016190
3630,18431028
3631,2217402
3632,3011777
3633,3765405
3634,5373371
3635,3105810
3636,3816886
3637,2921485
3638,3481177
3639,3608508
3640,1410391
3641,2122212
3642,3009992
3643,10267535
3644,4142585
3645,3239302
3646,3207137
3647,2411616
3648,6063910
3649,3708663
3650,1065354
3651,1816942
3652,5887303
3653,3334699
3654,1934116
3655,3579735
3656,3319074
3657,2493729
3658,3649607
3659,12561184
3660,3532889
3661,1206689
3662,3590317
3663,3604492
3664,10042299
3665,2564687
3666,3500808
3667,4351066
3668,2147798
3669,5552717
3670,1190807
3671,1523468
3672,2093549
3673,18189308
3674,3318896
3675,2747871
3676,2071119
3677,5209094
3678,2449745
3679,2451371
3680,4296362
3681,4070887
3682,1615549
3683,3417097
3684,4045140
3685,1975811
3686,2056453
3687,2290582
3688,5326350
3689,4008359
3690,3964448
3691,4482574
3692,3935724
3693,1191595
3694,3699906
3695,4913447
3696,4343679
3697,5618736
3698,3193627
3699,4133444
3700,4685354
3701,6677675
3702,4020441
3703,2393939
3704,4290404
3705,2402568
3706,2653839
3707,2258280
3708,2770945
3709,3985782
3710,3403559
3711,3274181
3712,3316822
3713,3618400
3714,4553725
3715,3628665
3716,3312262
3717,5706667
3718,3508290
3719,1956308
3720,3414951
3721,3733351
3722,3518630
3723,4077107
3724,2055063
3725,1344203
3726,6355493
3727,2534310
3728,2442331
3729,6562070
3730,1687457
3731,3822251
3732,3200866
3733,2701423
3734,2945291
3735,4226126
3736,3710905
3737,3580733
3738,3545852
3739,5100623
3740,2558744
3741,4799237
3742,2510541
3743,4408293
3744,4013154
3745,1703494
3746,1219573
3747,4176302
3748,2323968
3749,6577004
3750,2284612
3751,1283311
3752,2255445
3753,2137144
3754,2309351
3755,2023031
3756,2813508
3757,2663461
3758,5686658
3759,5827719
3760,5756405
3761,4924486
3762,2716967
3763,3948017
3764,3873835
3765,4397405
3766,2073665
3767,3722118
3768,3841023
3769,3729482
3770,3834153
3771,8504341
3772,6443169
3773,4348032
3774,3988987
3775,3419037
3776,4507780
3777,3685195
3778,1077100
3779,3342488
3780,2375028
3781,3401718
3782,4110265
3783,3433292
3784,3237255
3785,2041879
3786,6200269
3787,3790517
3788,2825555
3789,3842263
3790,2819718
3791,3048864
3792,3568676
3793,2347380
3794,3615017
3795,2343045
3796,2409689
3797,3516411
3798,2779709
3799,1760003
3800,1884634
3801,2535438
3802,2573332
3803,2395397
3804,3035246
3805,2397466
3806,2305515
3807,2369758
3808,2696475
3809,3789915
3810,2764307
3811,4272943
3812,2676722
3813,2800548
3814,3550282
3815,3882036
3816,2713055
3817,3033305
3818,3927709
3819,6073758
3820,2831822
3821,1394795
3822,4275322
3823,3822536
3824,3501219
3825,2251008
3826,3246048
3827,5045312
3828,2457408
3829,2275545
3830,2239778
3831,1963873
3832,4051740
3833,5426900
3834,3820610
3835,2499586
3836,2371597
3837,2839905
3838,1861360
3839,2179696
3840,3260389
3841,1961877
3842,4630714
3843,3839915
3844,3841008
3845,3124757
3846,7237148
3847,5438718
3848,5494113
3849,3858609
3850,3623457
3851,1244436
3852,3092174
3853,1140450
3854,4009596
3855,2471590
3856,3685684
3857,3221098
3858,2813844
3859,2607323
3860,2478412
3861,5944687
3862,4614643
3863,2636517
3864,5788043
3865,3444199
3866,1620591
3867,12911682
3868,4826623
3869,2445425
3870,2263808
3871,6069853
3872,5976324
3873,3597429
3874,3249977
3875,7140326
3876,4440357
3877,3882495
3878,4161233
3879,2717131
3880,1868232
3881,15681350
3882,7846058
3883,3019045
3884,2510201
3885,1530162
3886,3018494
3887,4242345
3888,3436238
3889,1968427
3890,1878283
3891,3749888
3892,2468264
3893,3427364
3894,2196297
3895,4262219
3896,2328716
3897,4391744
3898,2437972
3899,2341051
3900,1966380
3901,3347389
3902,2368658
3903,6405199
3904,3738733
3905,1953806
3906,2561067
3907,1574110
3908,1641426
3909,1373664
3910,1158345
3911,1160246
3912,1338191
3913,2373187
3914,5747268
3915,2772675
3916,7834204
3917,1092231
3918,4472478
3919,3452211
3920,3000142
3921,5809727
3922,2717999
3923,3658567
3924,3302978
3925,3750027
3926,3351477
3927,3003150
3928,5473892
3929,5379819
3930,3884834
3931,4443741
3932,2732378
3933,5560691
3934,5184083
3935,3803420
3936,3572170
3937,3661474
3938,1067425
3939,2780232
3940,4362420
3941,2763216
3942,2502765
3943,2746924
3944,3151241
3945,3352524
3946,2856263
3947,4506533
3948,5375813
3949,4220106
3950,3720890
3951,3973744
3952,2413415
3953,4440386
3954,2390330
3955,2556622
3956,2434172
3957,2509039
3958,2581323
3959,1041169
3960,4174043
3961,2308608
3962,5867610
3963,3208235
3964,2570627
3965,12217408
3966,3167551
3967,2274457
3968,2656282
3969,3395420
3970,1137245
3971,3509742
3972,3135747
3973,1111627
3974,3460532
3975,3811800
3976,2554188
3977,1887194
3978,1816780
3979,4848798
3980,1622911
3981,4157622
3982,1098937
3983,1183607
3984,7060947
3985,4812993
3986,6675757
3987,4414251
3988,4339561
3989,4247583
3990,9745838
3991,2325313
3992,3276533
3993,5750990
3994,5667986
3995,2320686
3996,4761092
3997,6042697
3998,2771878
3999,3288949
4000,4642602
4001,7912069
4002,2283327
4003,2388192
4004,2738224
4005,5025977
4006,8701723
4007,8647143
4008,3293847
4009,2749050
4010,2223014
4011,2586010
4012,1425492
4013,4009969
4014,2784295
4015,5131953
4016,5677944
4017,5081831
4018,4227405
4019,6122502
4020,4733544
4021,5794202
4022,5545021
4023,2227830
4024,4052315
4025,3152713
4026,4069613
4027,2422498
4028,4465394
4029,5962500
4030,4060723
4031,4023669
4032,4194367
4033,1639668
4034,2340676
4035,2878584
4036,2805840
4037,6008972
4038,4672052
4039,4082387
4040,2700002
4041,2385041
4042,5694187
4043,4869872
4044,2444131
4045,3918571
4046,5159896
4047,3188735
4048,3048056
4049,2871128
4050,4174985
4051,4955306
4052,4254485
4053,1837869
4054,4313031
4055,1204046
4056,2279109
4057,2063219
4058,2069932
4059,2904893
4060,5407264
4061,3435297
4062,2289198
4063,4817315
4064,2688538
4065,3397602
4066,2530075
4067,4659847
4068,2268037
4069,2363789
4070,6168183
4071,5741509
4072,2628501
4073,3110698
4074,2408297
4075,2131030
4076,1089963
4077,2356185
4078,7343614
4079,2847800
4080,2360664
4081,4009685
4082,1253568
4083,3333149
4084,2479628
4085,1525221
4086,4575968
4087,2525255
4088,5759334
4089,3943656
4090,1866737
4091,2861897
4092,3417618
4093,5322497
4094,2157102
4095,5509247
4096,2846151
4097,1487730
4098,4100898
4099,3598466
4100,3907409
4101,3620683
4102,5906375
4103,4741253
4104,3951586
4105,5023875
4106,5694905
4107,1718702
4108,13770211
4109,2359505
4110,2581589
4111,1711966
4112,2115768
4113,5156887
4114,2294789
4115,2957427
4116,4119980
4117,3434576
4118,4574709
4119,2431739
4120,3394577
4121,2750657
4122,3310235
4123,4602580
4124,2688136
4125,2343896
4126,2250226
4127,2239633
4128,3614359
4129,3138130
4130,3275484
4131,3618444
4132,2475905
4133,2241242
4134,2845033
4135,1931001
4136,2485110
4137,2351945
4138,1763648
4139,2547924
4140,2117717
4141,4998424
4142,2451416
4143,4587833
4144,2564499
4145,2090644
4146,2519867
4147,2563281
4148,2524165
4149,2402653
4150,1974636
4151,3899937
4152,3208824
4153,2235461
4154,12578278
4155,3053365
4156,3904366
4157,4166824
4158,2665790
4159,3656395
4160,2418483
4161,1129893
4162,2906559
4163,1989125
4164,2208810
4165,2390006
4166,5201484
4167,4276196
4168,4174899
4169,4155102
4170,2181081
4171,2635430
4172,5629245
4173,2860532
4174,4925761
4175,3159079
4176,4986042
4177,2392061
4178,2326329
4179,2225017
4180,1881005
4181,2142435
4182,995884
4183,2471780
4184,3189873
4185,1613382
4186,2348375
4187,1764762
4188,2255818
4189,2006182
4190,2243114
4191,1215913
4192,2968555
4193,1189990
4194,3902124
4195,4676409
4196,2891296
4197,5977746
4198,4533888
4199,4477192
4200,13617537
4201,2113651
4202,2521734
4203,2594316
4204,3119480
4205,1738001
4206,4517010
4207,3893744
4208,11399700
4209,6334063
4210,5796819
4211,5783700
4212,4543237
4213,5116730
4214,1912193
4215,5985509
4216,2369953
4217,2015989
4218,3296892
4219,4791493
4220,1962439
4221,5576104
4222,6757449
4223,2118191
4224,2493245
4225,1171470
4226,2969041
4227,3416926
4228,2123134
4229,2119551
4230,7101026
4231,4771995
4232,2515055
4233,3688239
4234,7132918
4235,4662058
4236,2440370
4237,4059270
4238,3401088
4239,6344048
4240,3403359
4241,4430192
4242,4479455
4243,5892483
4244,3291939
4245,1597239
4246,3111408
4247,5374244
4248,5485587
4249,3844701
4250,3561597
4251,5825352
4252,5131031
4253,3069739
4254,1538448
4255,3895927
4256,4235903
4257,1154273
4258,3937542
4259,3633568
4260,6248831
4261,2899647
4262,2193076
4263,2647587
4264,1955298
4265,1844027
4266,2347837
4267,4474523
4268,4809788
4269,5151660
4270,4100076
4271,9010186
4272,4638901
4273,4463608
4274,6649129
4275,2475091
4276,1227851
4277,3012075
4278,2390648
4279,7245516
4280,3349396
4281,14669643
4282,5591780
4283,5941879
4284,1303666
4285,6346511
4286,2562726
4287,3750222
4288,4647748
4289,1193539
4290,6343242
4291,3592890
4292,5364117
4293,3757360
4294,2422941
4295,3657348
4296,2079207
4297,5206381
4298,4162879
4299,3790254
4300,2487891
4301,5161064
4302,17443644
4303,6013703
4304,4222999
4305,1496082
4306,2745130
4307,5085346
4308,4172488
4309,3475841
4310,1626826
4311,4240729
4312,2335752
4313,1767759
4314,2955681
4315,2951648
4316,2201682
4317,2056706
4318,2543630
4319,1750358
4320,5593364
4321,2374762
4322,3341137
4323,16478812
4324,2730987
4325,2837703
4326,3878672
4327,3605185
4328,3003827
4329,3452783
4330,5695264
4331,1238478
4332,3483399
4333,3430086
4334,2383496
4335,5868111
4336,2655832
4337,1761985
4338,2751694
4339,1161518
4340,6045613
4341,2500884
4342,2211601
4343,2257759
4344,5497119
4345,1385013
4346,1416935
4347,4151381
4348,1957842
4349,1282660
4350,1222425
4351,1222943
4352,1212911
4353,2319595
4354,4654950
4355,2092586
4356,4785458
4357,2054193
4358,2933070
4359,2329964
4360,1218114
4361,1110242
4362,7876957
4363,1212237
4364,2357511
4365,7274033
4366,2575718
4367,1208144
4368,1636984
4369,2306617
4370,1604910
4371,2663697
4372,4063173
4373,2130486
4374,1234609
4375,1528602
4376,1605351
4377,2455626
4378,2354104
4379,2381048
4380,1693872
4381,2502211
4382,2165028
4383,2210951
4384,1673630
4385,5631323
4386,4008940
4387,2739224
4388,4673995
4389,6031987
4390,3789027
4391,3695754
4392,5789349
4393,3780147
4394,2858695
4395,1112103
4396,2343542
4397,2059968
4398,1821030
4399,2210025
4400,1263618
4401,2415537
4402,2079151
4403,3522019
4404,2711721
4405,1370637
4406,2336081
4407,10610417
4408,3251426
4409,3524160
4410,4345272
4411,1396931
4412,2878037
4413,2531022
4414,3589632
4415,2308444
4416,1086441
4417,3473130
4418,3661730
4419,3320138
4420,3267926
4421,2189202
4422,2109626
4423,7174150
4424,3587863
4425,1843342
4426,2478212
4427,1450350
4428,11759600
4429,2783736
4430,2172785
4431,2553874
4432,2388558
4433,1917708
4434,2386669
4435,1879242
4436,2160081
4437,1229309
4438,6157319
4439,4988371
4440,4916763
4441,3889613
4442,3119526
4443,2193575
4444,2217839
4445,3524547
4446,3265429
4447,3888784
4448,1549784
4449,14795017
4450,3605839
4451,3486014
4452,11328698
4453,5055380
4454,4805629
4455,1105903
4456,3012117
4457,3866926
4458,4335699
4459,3527747
4460,3753560
4461,4106903
4462,7351703
4463,6141014
4464,5382459
4465,4159927
4466,2072066
4467,1625474
4468,2471647
4469,2108921
4470,17638120
4471,2740100
4472,2023681
4473,2138767
4474,2931065
4475,2677398
4476,2046604
4477,3651086
4478,2556378
4479,2406988
4480,2274560
4481,4832670
4482,5621015
4483,8642970
4484,2460128
4485,2348268
4486,4138350
4487,2700052
4488,4403750
4489,3026686
4490,1915646
4491,18261199
4492,2155854
4493,4702762
4494,4335682
4495,3467979
4496,3083680
4497,4061813
4498,2322944
4499,2245239
4500,2562054
4501,1341639
4502,3289866
4503,3121429
4504,4155190
4505,1841639
4506,3024062
4507,3377047
4508,1900685
4509,2692357
4510,5448358
4511,2466670
4512,5016654
4513,2629845
4514,2245068
4515,2720393
4516,2303298
4517,3984767
4518,3783488
4519,1341972
4520,4672223
4521,2021871
4522,2366050
4523,2569980
4524,2411697
4525,2340870
4526,4762335
4527,1642912
4528,1349542
4529,16615666
4530,1773538
4531,1252048
4532,2450867
4533,11616783
4534,4028347
4535,4626953
4536,3920153
4537,5870928
4538,2303761
4539,5177529
4540,2983447
4541,6666408
4542,2458314
4543,2105292
4544,1218948
4545,3415037
4546,2125824
4547,2840518
4548,2368001
4549,5499664
4550,2296674
4551,3348444
4552,2552349
4553,3695737
4554,6207898
4555,4787824
4556,6678125
4557,3384916
4558,4821327
4559,5738041
4560,3611724
4561,2494296
4562,5449445
4563,3540163
4564,4563174
4565,1446563
4566,4145689
4567,3271943
4568,6640284
4569,5300035
4570,5793926
4571,2020956
4572,1826972
4573,4203244
4574,5209936
4575,17174055
4576,1422494
4577,4245476
4578,1592283
4579,1114826
4580,4257231
4581,3771026
4582,4369181
4583,1900368
4584,2657655
4585,2411927
4586,2610019
4587,3697567
4588,2731722
4589,3929579
4590,4132227
4591,2090549
4592,3468375
4593,1679563
4594,3907852
4595,1579379
4596,9742287
4597,3651675
4598,3307014
4599,1877396
4600,4811852
4601,4344908
4602,2408501
4603,8111440
4604,3807882
4605,3246735
4606,3781491
4607,4227711
4608,1706769
4609,4483803
4610,3775515
4611,3422075
4612,3553021
4613,5746686
4614,4015528
4615,3217663
4616,4515147
4617,13413943
4618,987436
4619,4238266
4620,3703077
4621,3689646
4622,4811907
4623,4737148
4624,6318212
4625,5185134
4626,6443915
4627,3544936
4628,1600617
4629,2580200
4630,2921417
4631,1816899
4632,4929775
4633,3044850
4634,5918255
4635,6200602
4636,5474093
4637,4246979
4638,6899442
4639,2265797
4640,3208091
4641,3318377
4642,6144216
4643,3532376
4644,6050531
4645,12436600
4646,3287662
4647,2124438
4648,2094517
4649,3886108
4650,2510382
4651,2065282
4652,2667224
4653,1886832
4654,2996132
4655,2705278
4656,2139481
4657,1697467
4658,4451837
4659,9863940
4660,2534290
4661,2135883
4662,2507936
4663,2162076
4664,2427642
4665,2441347
4666,3296500
4667,5276386
4668,1644462
4669,3249039
4670,4026926
4671,3562964
4672,1799684
4673,5327165
4674,2803102
4675,6412210
4676,5165466
4677,3187705
4678,4995769
4679,4957177
4680,8809047
4681,17168161
4682,3184673
4683,2890414
4684,4855245
4685,3560944
4686,3866115
4687,1245754
4688,2489917
4689,2135447
4690,2672712
4691,2494114
4692,3785751
4693,2208638
4694,2049465
4695,5880662
4696,4065388
4697,3654533
4698,3267723
4699,3340814
4700,2956815
4701,6511370
4702,3350679
4703,4113078
4704,1453348
4705,4090108
4706,3156528
4707,2400761
4708,2034388
4709,3251306
4710,2936324
4711,3572756
4712,2446557
4713,2307116
4714,3845855
4715,1196979
4716,2936514
4717,3035239
4718,4408190
4719,1443634
4720,3534928
4721,3028913
4722,4459105
4723,2822811
4724,2594798
4725,2105741
4726,1757047
4727,2552605
4728,2452126
4729,2624754
4730,2384452
4731,2135709
4732,2137493
4733,2156137
4734,1889065
4735,1996596
4736,1091489
4737,5602892
4738,1835338
4739,1908988
4740,2244728
4741,3768223
4742,5535490
4743,2396550
4744,3198809
4745,1785671
4746,3474435
4747,1044655
4748,3458401
4749,3915226
4750,5622515
4751,4296815
4752,3621488
4753,10283410
4754,5844761
4755,2825379
4756,2024884
4757,1639689
4758,3097232
4759,8443915
4760,2145903
4761,1923049
4762,5669849
4763,3212794
4764,5184455
4765,2416649
4766,1644348
4767,1946666
4768,1906334
4769,5003215
4770,5235567
4771,5113910
4772,3244598
4773,2375574
4774,2627689
4775,2505317
4776,2706448
4777,3042226
4778,4910247
4779,1162059
4780,2085474
4781,2850466
4782,4240208
4783,6041964
4784,4403164
4785,3200922
4786,1976177
4787,3517288
4788,2864336
4789,1999654
4790,2983079
4791,3404360
4792,5034245
4793,3641924
4794,3356769
4795,4736998
4796,3944978
4797,4016832
4798,3082509
4799,3619864
4800,1258291
4801,3409298
4802,1923554
4803,2144195
4804,10276433
4805,2321672
4806,4913961
4807,3712070
4808,2847783
4809,4235494
4810,6860462
4811,1798873
4812,2115697
4813,3742705
4814,2271520
4815,3539197
4816,3159784
4817,2334546
4818,3038778
4819,2289679
4820,1138751
4821,3122768
4822,1119643
4823,1321789
4824,1780780
4825,2212185
4826,2126522
4827,2809404
4828,1819361
4829,2527106
4830,2035641
4831,2869699
4832,2192763
4833,2171772
4834,1541072
4835,6269190
4836,11533748
4837,3868749
4838,4058097
4839,3307157
4840,4660241
4841,3968679
4842,3055474
4843,2932632
4844,3907696
4845,3306923
4846,3175979
4847,4329338
4848,3844531
4849,3630269
4850,2863104
4851,3223957
4852,9966113
4853,2903244
4854,3297538
4855,5257667
4856,4288418
4857,3899069
4858,1906584
4859,3972483
4860,4913450
4861,3472737
4862,2084599
4863,3092589
4864,1299096
4865,4021705
4866,3582553
4867,3597428
4868,3211357
4869,4433704
4870,6126476
4871,5866799
4872,6381197
4873,4493326
4874,2719493
4875,2157054
4876,3269109
4877,3739005
4878,4268639
4879,3406630
4880,4968808
4881,1213158
4882,2533874
4883,3550712
4884,4023427
4885,1545138
4886,3849280
4887,1952685
4888,2380251
4889,1881125
4890,5605419
4891,2077710
4892,3635943
4893,4172914
4894,3138703
4895,2692396
4896,1502083
4897,6382032
4898,5798733
4899,5910546
4900,5401052
4901,5618016
4902,3054903
4903,2492316
4904,3576394
4905,2496173
4906,3962408
4907,2169901
4908,3978522
4909,4052073
4910,2733784
4911,6563701
4912,4053144
4913,4059706
4914,1357204
4915,1075232
4916,4311923
4917,1646215
4918,3076849
4919,7307397
4920,3123057
4921,2296385
4922,2671061
4923,2324276
4924,2783433
4925,2209420
4926,2291366
4927,2455007
4928,1129364
4929,2665722
4930,2082925
4931,2220325
4932,3208338
4933,2178836
4934,1965829
4935,1887224
4936,3308750
4937,3601605
4938,2232432
4939,2146145
4940,2274369
4941,2935946
4942,2603748
4943,2449150
4944,2561044
4945,5402454
4946,1944630
4947,2386690
4948,2015347
4949,1150415
4950,3464753
4951,6071873
4952,2824327
4953,17688519
4954,2664221
4955,8003505
4956,2753894
4957,2318616
4958,1289598
4959,5475806
4960,1919484
4961,5780506
4962,5564841
4963,3886016
4964,3685415
4965,5668458
4966,4613095
4967,3487173
4968,4431775
4969,7565098
4970,1536760
4971,2941481
4972,3477016
4973,4116756
4974,5875239
4975,3082269
4976,2913321
4977,4491292
4978,6359601
4979,6300432
4980,3389797
4981,1142071
4982,3648168
4983,4949479
4984,4967291
4985,2838103
4986,2758085
4987,2441056
4988,3600791
4989,4425792
4990,8020755
4991,4447383
4992,2646439
4993,4360865
4994,4273371
4995,4287269
4996,6728863
4997,4344147
4998,4101667
4999,3679118
5000,3556256
5001,4798056
5002,1312302
5003,3927484
5004,2818760
5005,3920701
5006,2543934
5007,2483665
5008,2875206
5009,4048619
5010,5385536
5011,4844031
5012,2134368
5013,1500244
5014,2373476
5015,1920970
5016,2093787
5017,1856523
5018,1910252
5019,5288508
5020,3145911
5021,5957952
5022,5186449
5023,3836932
5024,1258391
5025,5157100
5026,2188663
5027,3294917
5028,3548699
5029,3879132
5030,3047122
5031,8627487
5032,6157601
5033,2310240
5034,2071269
5035,2035959
5036,3295955
5037,3397740
5038,3264856
5039,3642210
5040,2619273
5041,2331496
5042,2986792
5043,2050544
5044,2751880
5045,1660403
5046,3988339
5047,3956091
5048,3836216
5049,4467937
5050,4214390
5051,5129435
5052,3483244
5053,15451573
5054,2151025
5055,4808180
5056,2082595
5057,2099221
5058,4181122
5059,1175591
5060,5468919
5061,6621399
5062,2839208
5063,1863198
5064,2503457
5065,2093691
5066,1096887
5067,4361628
5068,1232946
5069,2343616
5070,4974261
5071,5151511
5072,3625811
5073,4422409
5074,9577836
5075,3606887
5076,3137586
5077,1153997
5078,2601866
5079,4030683
5080,2053301
5081,2940536
5082,4504089
5083,2287688
5084,2584382
5085,3758686
5086,3019947
5087,3136327
5088,1562848
5089,3857182
5090,1153167
5091,6646444
5092,2621635
5093,1881144
5094,2608305
5095,4218411
5096,2367771
5097,3639032
5098,2006645
5099,3590730
5100,2529726
5101,3514409
5102,2944029
5103,12077125
5104,3168275
5105,2029752
5106,6067313
5107,6275678
5108,5434383
5109,1979935
5110,5569843
5111,3898847
5112,3247744
5113,2393363
5114,1197157
5115,3107978
5116,3792345
5117,2696815
5118,2093279
5119,1710659
5120,1343537
5121,6035296
5122,5901518
5123,3624136
5124,3705643
5125,3278046
5126,2666131
5127,6156112
5128,3087704
5129,4330061
5130,3349605
5131,3512531
5132,2063665
5133,4735834
5134,4316464
5135,3297777
5136,1982150
5137,2396156
5138,2171077
5139,1974889
5140,2085155
5141,1176866
5142,2540815
5143,1956312
5144,1941841
5145,1654831
5146,3169943
5147,1891863
5148,2376274
5149,1759994
5150,2171004
5151,2323532
5152,2479207
5153,2366924
5154,2254231
5155,2173969
5156,4552904
5157,18940729
5158,4249397
5159,1780523
5160,2129620
5161,1695476
5162,3317584
5163,3265411
5164,3511077
5165,2816394
5166,2389667
5167,2481715
5168,2509369
5169,1639245
5170,2223412
5171,3759216
5172,3398270
5173,2214695
5174,5736089
5175,4926580
5176,4507393
5177,3855847
5178,3983082
5179,4713489
5180,3484122
5181,4204636
5182,9180292
5183,4031877
5184,2444385
5185,6402997
5186,5851422
5187,4172760
5188,2473934
5189,3999902
5190,2344649
5191,6707474
5192,5879892
5193,3814446
5194,5061350
5195,1464663
5196,3862433
5197,1833678
5198,4361563
5199,2111523
5200,2857260
5201,4989188
5202,4116269
5203,4546170
5204,4388972
5205,1225249
5206,4659694
5207,5678314
5208,3330716
5209,1113379
5210,3341854
5211,5466807
5212,5547741
5213,5103677
5214,9862282
5215,4302708
5216,1184026
5217,2299591
5218,2750369
5219,3902571
5220,1930570
5221,2374947
5222,4158647
5223,2145547
5224,2139740
5225,9995811
5226,4247255
5227,2060300
5228,5759611
5229,3862735
5230,3240340
5231,5538445
5232,4332164
5233,2930786
5234,4031483
5235,4631036
5236,4357239
5237,1092584
5238,5520945
5239,5031177
5240,2913653
5241,3972969
5242,4779487
5243,4222531
5244,6022896
5245,2693014
5246,3758698
5247,7666639
5248,1855724
5249,5812580
5250,5476872
5251,3610104
5252,2279800
5253,3957539
5254,3271914
5255,3340060
5256,3978763
5257,4359853
5258,3670028
5259,1615794
5260,1332618
5261,4330463
5262,3597154
5263,4428826
5264,2581876
5265,5586903
5266,1717523
5267,3803859
5268,4030972
5269,3459190
5270,4191061
5271,4791195
5272,2104537
5273,2781254
5274,2325240
5275,3223597
5276,2388611
5277,4282742
5278,3940959
5279,2919497
5280,1041004
5281,2617205
5282,2313950
5283,3064824
5284,2060080
5285,2129998
5286,3743240
5287,1677286
5288,1752164
5289,2148343
5290,4572639
5291,3383294
5292,2774667
5293,5980190
5294,6032559
5295,2440253
5296,4208890
5297,4684793
5298,3582303
5299,3173515
5300,3655677
5301,2302190
5302,3799925
5303,3530805
5304,2972699
5305,1586980
5306,1733297
5307,2213666
5308,1833827
5309,3307507
5310,3692350
5311,4462021
5312,1138752
5313,3391459
5314,2646696
5315,2055579
5316,3826083
5317,4014331
5318,2022303
5319,3079664
5320,6515242
5321,2602867
5322,4168218
5323,1029959
5324,2326710
5325,2353922
5326,2468552
5327,2078741
5328,2340891
5329,2215294
5330,2559849
5331,5762578
5332,5370444
5333,8968237
5334,1941389
5335,3548115
5336,5867618
5337,4568915
5338,3754279
5339,3705116
5340,2994790
5341,2628864
5342,3669073
5343,4023621
5344,1676392
5345,5028596
5346,2060180
5347,3382840
5348,5232816
5349,5927366
5350,6642542
5351,5485472
5352,2965911
5353,2395948
5354,3332548
5355,1069411
5356,2582258
5357,3885372
5358,4069711
5359,3961344
5360,3416465
5361,2598856
5362,2700870
5363,3275481
5364,1964255
5365,3328491
5366,1345322
5367,1532154
5368,2888483
5369,3659367
5370,3438159
5371,3813815
5372,3678447
5373,6629940
5374,4010026
5375,4514755
5376,1485417
5377,6275339
5378,2231995
5379,1797359
5380,2698771
5381,3996990
5382,3409191
5383,3351623
5384,1782807
5385,3972678
5386,1740188
5387,3210224
5388,5522967
5389,3650890
5390,3343097
5391,4944594
5392,4623130
5393,3087880
5394,3729319
5395,5393814
5396,11435720
5397,3352750
5398,6253065
5399,3017208
5400,3740602
5401,6473982
5402,3386729
5403,3357933
5404,9735090
5405,1810688
5406,3733662
5407,4761575
5408,1627314
5409,1906286
5410,5446864
5411,1411352
5412,1203063
5413,3608753
5414,3730197
5415,14267209
5416,6865598
5417,4184606
5418,2928480
5419,1098616
5420,2710754
5421,2199747
5422,2184610
5423,5817316
5424,2206099
5425,3103829
5426,2208017
5427,8553387
5428,3899977
5429,3592259
5430,4382319
5431,3689887
5432,4838492
5433,5906771
5434,2206682
5435,2211234
5436,2547120
5437,6473961
5438,5536294
5439,3629001
5440,978402
5441,1974196
5442,1874460
5443,3712204
5444,3756357
5445,1708131
5446,2142085
5447,3518396
5448,3633191
5449,3854483
5450,2732011
5451,1082248
5452,3470039
5453,2085457
5454,2085881
5455,5965918
5456,2682349
5457,3015805
5458,2713834
5459,2795077
5460,4339146
5461,6166763
5462,1486443
5463,4993947
5464,8768086
5465,2245497
5466,3829143
5467,3492021
5468,4017967
5469,7344047
5470,3481192
5471,3455437
5472,5335058
5473,4130618
5474,5797869
5475,4998044
5476,5710393
5477,7394192
5478,3926030
5479,2458980
5480,3523716
5481,4425861
5482,2448432
5483,1375511
5484,4500781
5485,2206377
5486,7396070
5487,1222999
5488,3057404
5489,2021001
5490,1804535
5491,3152089
5492,2490998
5493,1096083
5494,1075592
5495,4178809
5496,3667762
5497,2599597
5498,2735325
5499,5910356
5500,4289716
5501,3077450
5502,3232325
5503,3205469
5504,3841223
5505,3911379
5506,2590544
5507,2114961
5508,1884222
5509,2047478
5510,1976690
5511,2452450
5512,8356625
5513,3800632
5514,3105357
5515,1068530
5516,3399196
5517,2500190
5518,3228597
5519,2383664
5520,17461493
5521,2862904
5522,2096491
5523,5937884
5524,1805446
5525,2907254
5526,1307922
5527,2719012
5528,1854503
5529,1212496
5530,1175422
5531,9286325
5532,4937480
5533,5307077
5534,10557473
5535,3632168
5536,3679250
5537,4538927
5538,3879407
5539,4019305
5540,1163424
5541,2409074
5542,5062495
5543,1487423
5544,2452681
5545,3475901
5546,2216794
5547,3557442
5548,5566564
5549,4934315
5550,3509500
5551,5778234
5552,4115228
5553,2205751
5554,3033361
5555,2341240
5556,1921378
5557,1854574
5558,1498454
5559,1520053
5560,1105743
5561,5277721
5562,21096504
5563,2702420
5564,3968675
5565,2365736
5566,3012924
5567,5937071
5568,4924514
5569,3536788
5570,1166591
5571,2690932
5572,2544976
5573,2244739
5574,2694243
5575,4552323
5576,3143003
5577,3596332
5578,3812295
5579,11466137
5580,2695197
5581,3878854
5582,4876139
5583,2419511
5584,3820155
5585,2137055
5586,2174680
5587,2661236
5588,3552211
5589,2231048
5590,1287667
5591,4638677
5592,2998850
5593,2215342
5594,2958824
5595,3884877
5596,2413527
5597,4129290
5598,2643757
5599,4171811
5600,2957770
5601,3595670
5602,3887561
5603,3240510
5604,3777800
5605,1672808
5606,3531621
5607,2137147
5608,2273351
5609,2422611
5610,3728448
5611,1402307
5612,3790817
5613,5141372
5614,1108840
5615,12667397
5616,4237971
5617,3849702
5618,4512521
5619,2498869
5620,2472360
5621,2381557
5622,2132264
5623,2331522
5624,2861775
5625,2303183
5626,2157919
5627,3134754
5628,2440871
5629,2968034
5630,6176085
5631,3856144
5632,2089354
5633,3942446
5634,9457183
5635,2743338
5636,5004522
5637,2648037
5638,2258948
5639,2400623
5640,2220216
5641,1835219
5642,2034684
5643,1193413
5644,3632257
5645,2119564
5646,22237197
5647,3691024
5648,2143443
5649,3340454
5650,1831518
5651,1934463
5652,5692887
5653,5782625
5654,1963891
5655,3460887
5656,2462548
5657,4149033
5658,3482445
5659,3118415
5660,3071574
5661,4779589
5662,3848816
5663,3287685
5664,1178373
5665,3135181
5666,1747097
5667,15541415
5668,2661565
5669,2053031
5670,4114462
5671,3800918
5672,2980099
5673,3440710
5674,1398465
5675,1654562
5676,3689174
5677,3685222
5678,2743013
5679,4070081
5680,4368327
5681,6101964
5682,6020623
5683,3127189
5684,2864744
5685,3463916
5686,2699793
5687,4014164
5688,25669764
5689,3728645
5690,4726532
5691,3408468
5692,3673172
5693,1865307
5694,1819493
5695,3937666
5696,1029268
5697,5157828
5698,3762791
5699,6043480
5700,2757126
5701,2145799
5702,3875707
5703,5187435
5704,3393585
5705,5337153
5706,4155838
5707,1007792
5708,2104850
5709,16088706
5710,1830834
5711,2962339
5712,1819084
5713,2145981
5714,2113322
5715,2055504
5716,2029648
5717,4620341
5718,4115867
5719,2762345
5720,2346533
5721,2011546
5722,5429295
5723,2558225
5724,2421127
5725,4813652
5726,1761065
5727,3469438
5728,2031046
5729,2759880
5730,18976831
5731,3083856
5732,4200525
5733,5286366
5734,5588379
5735,6308921
5736,1914413
5737,1238314
5738,3869534
5739,2167018
5740,3521298
5741,5122350
5742,3140684
5743,3343894
5744,3925649
5745,2045835
5746,1156906
5747,1738905
5748,1109077
5749,1051404
5750,1152053
5751,4221287
5752,1125334
5753,1147670
5754,2221753
5755,2081172
5756,1536087
5757,4102581
5758,2815194
5759,2456467
5760,1396223
5761,5296483
5762,4921477
5763,2006021
5764,5763222
5765,3767887
5766,3934044
5767,5680312
5768,2392917
5769,1585259
5770,1967941
5771,1033616
5772,11976509
5773,6103162
5774,2722096
5775,5678404
5776,2710152
5777,3850444
5778,3856163
5779,1812742
5780,2464838
5781,3495942
5782,5631017
5783,2674658
5784,2170547
5785,1643551
5786,1648269
5787,1711363
5788,2067558
5789,1117485
5790,1705881
5791,4309888
5792,2134760
5793,3587246
5794,3921639
5795,5801383
5796,4814810
5797,3047037
5798,2934722
5799,1847047
5800,2160914
5801,1894562
5802,1950744
5803,1672553
5804,2822179
5805,1573454
5806,1847919
5807,1617682
5808,9027296
5809,3807434
5810,2380205
5811,3253135
5812,2005071
5813,2130318
5814,4077982
5815,2224348
5816,1050305
5817,2577846
5818,1854173
5819,1977324
5820,4048914
5821,3806949
5822,3665285
5823,3303483
5824,1200744
5825,9326717
5826,3773139
5827,6335958
5828,7413986
5829,4064143
5830,3061519
5831,3428921
5832,3817219
5833,3785535
5834,3434824
5835,1744707
5836,3169012
5837,17556614
5838,1632783
5839,1172136
5840,1160913
5841,1154253
5842,1152391
5843,1545409
5844,4015222
5845,1852870
5846,1000628
5847,1023261
5848,1112582
5849,1249699
5850,4149615
5851,1165583
5852,1940458
5853,1043319
5854,1104925
5855,1020508
5856,1292185
5857,1008315
5858,1015160
5859,1129166
5860,1174496
5861,1204051
5862,1581546
5863,1183208
5864,1168700
5865,4060076
5866,1115763
5867,2267429
5868,1513030
5869,1141576
5870,1175562
5871,1001738
5872,1440489
5873,1136978
5874,1014804
5875,1096052
5876,1326576
5877,1230905
5878,1053979
5879,1087424
5880,1175759
5881,1128364
5882,1214379
5883,1266151
5884,1027413
5885,1073386
5886,989941
5887,6789912
5888,1073014
5889,1146275
5890,1548285
5891,1067924
5892,1146260
5893,2178702
5894,1096434
5895,2270738
5896,1150141
5897,1204421
5898,1233743
5899,1025875
5900,1082063
5901,1949019
5902,2596385
5903,1615534
5904,6065781
5905,3596120
5906,4449728
5907,3579598
5908,2667540
5909,2051221
5910,5490341
5911,2177499
5912,3032678
5913,1161318
5914,1639629
5915,2264330
5916,1210742
5917,3175691
5918,3532762
5919,3024268
5920,2362754
5921,3638037
5922,1177827
5923,5612762
5924,3993297
5925,2408438
5926,6072432
5927,2225132
5928,2795651
5929,1305860
5930,1726405
5931,3444162
5932,1392706
5933,2170590
5934,2415605
5935,2017336
5936,2820236
5937,1674292
5938,2228517
5939,6446496
5940,2575927
5941,1525772
5942,3867333
5943,1189825
5944,1576285
5945,2039949
5946,1127966
5947,1803228
5948,1327452
5949,1792204
5950,1190453
5951,1500084
5952,1673573
5953,1168905
5954,1078152
5955,1289958
5956,2329921
5957,2281316
5958,1126319
5959,2669663
5960,2565299
5961,7258020
5962,2773546
5963,2155944
5964,3384173
5965,2132092
5966,12343955
5967,4475576
5968,2577242
5969,5405609
5970,2127694
5971,1170568
5972,1171077
5973,1144300
5974,1065754
5975,997898
5976,1082335
5977,1102947
5978,1059304
5979,1065364
5980,983880
5981,2548047
5982,2613806
5983,5096395
5984,1390368
5985,1650920
5986,1651712
5987,1555732
5988,5553753
5989,4871864
5990,4981518
5991,5334401
5992,5339097
5993,4482263
5994,3265612
5995,2959469
5996,5370375
5997,2918198
5998,1747861
5999,2335683
6000,3140290
6001,2314741
6002,2764982
6003,3851565
6004,2254454
6005,1166997
6006,5407972
6007,4914649
6008,2183793
6009,2055564
6010,2065178
6011,1974969
6012,1942263
6013,6187695
6014,5649343
6015,2885776
6016,1125999
6017,1531644
6018,1180943
6019,1596307
6020,2751961
6021,4043148
6022,3102921
6023,1820566
6024,3891804
6025,2385031
6026,4469691
6027,1783883
6028,2862440
6029,1748982
6030,6290785
6031,3767961
6032,3770665
6033,3903825
6034,6328677
6035,2453631
6036,2510996
6037,1442626
6038,5125471
6039,3617708
6040,3873269
6041,2535008
6042,2704593
6043,2019739
6044,1231638
6045,2402569
6046,1902638
6047,1964791
6048,1143185
6049,4827564
6050,2029625
6051,1663183
6052,1806033
6053,4507497
6054,6044725
6055,15530299
6056,2042658
6057,5122882
6058,3949145
6059,2447979
6060,4101584
6061,5042475
6062,3401776
6063,2788845
6064,3295729
6065,2263652
6066,3082071
6067,1558932
6068,4699106
6069,2014512
6070,3536746
6071,8742143
6072,5353235
6073,7184369
6074,3595984
6075,2398897
6076,2393198
6077,2885380
6078,4271679
6079,4166051
6080,1990540
6081,4991353
6082,6585911
6083,7113352
6084,3198237
6085,1073387
6086,3711133
6087,5656835
6088,3650996
6089,4875244
6090,8838728
6091,2508641
6092,1177740
6093,6075879
6094,2511011
6095,2485388
6096,2102293
6097,1152089
6098,4499618
6099,3914885
6100,3679269
6101,3002710
6102,4978275
6103,4111187
6104,3735356
6105,4479688
6106,2203413
6107,1762404
6108,2275679
6109,3296911
6110,1622727
6111,3770376
6112,2230313
6113,2144793
6114,5955724
6115,3681529
6116,3149484
6117,3797779
6118,4155699
6119,1046206
6120,3077002
6121,4046147
6122,4433921
6123,2048409
6124,3946507
6125,4998364
6126,3539459
6127,2531168
6128,3284538
6129,4877156
6130,6505181
6131,2776286
6132,3546374
6133,1243936
6134,3233685
6135,2264201
6136,3479713
6137,4284755
6138,4065830
6139,3094503
6140,3907724
6141,6181359
6142,4121388
6143,2291011
6144,2039076
6145,5565604
6146,3586747
6147,4622790
6148,2385571
6149,5511805
6150,5068498
6151,4871670
6152,3962349
6153,5393398
6154,2819724
6155,1749096
6156,2776370
6157,1422489
6158,2219903
6159,4381257
6160,2700932
6161,4153701
6162,2605334
6163,4709013
6164,2438611
6165,1171937
6166,1106440
6167,2675533
6168,8097204
6169,2529428
6170,2453707
6171,1898820
6172,1943753
6173,1956641
6174,2093865
6175,3917595
6176,2588008
6177,5489437
6178,3830243
6179,2827383
6180,4557367
6181,8939788
6182,3672306
6183,3701185
6184,6267270
6185,2243323
6186,2667584
6187,1788554
6188,6706200
6189,4681227
6190,8935764
6191,3747473
6192,4531717
6193,2927546
6194,4429531
6195,3470826
6196,5612961
6197,2243064
6198,2694613
6199,5182320
6200,2671194
6201,3778315
6202,4226703
6203,2669916
6204,7734492
6205,3856541
6206,4176151
6207,3170092
6208,1164658
6209,3661674
6210,1993918
6211,3616775
6212,5911519
6213,5100832
6214,3186724
6215,2963691
6216,4007253
6217,5355164
6218,2418660
6219,2812714
6220,2292587
6221,1335668
6222,3913304
6223,3951565
6224,3304805
6225,3264935
6226,3475260
6227,11431197
6228,4524784
6229,2662975
6230,1887104
6231,3948243
6232,2851947
6233,4899099
6234,5178729
6235,2720281
6236,2442412
6237,3436348
6238,2365750
6239,5295412
6240,2413637
6241,1136481
6242,1103953
6243,1126464
6244,1623331
6245,2433216
6246,2413325
6247,2285779
6248,4659198
6249,5113475
6250,4280205
6251,1100398
6252,3433924
6253,4109589
6254,2851432
6255,4728120
6256,2176507
6257,5465785
6258,3880935
6259,3745493
6260,1816303
6261,5123336
6262,5766523
6263,2796522
6264,3538625
6265,3449837
6266,3520380
6267,3677892
6268,3416907
6269,3641998
6270,3747748
6271,5611067
6272,2111795
6273,6378861
6274,5338715
6275,4601892
6276,2845905
6277,2031069
6278,3390288
6279,4100146
6280,18560106
6281,2788998
6282,2743850
6283,1165424
6284,3325459
6285,4099054
6286,7039548
6287,5162751
6288,3824507
6289,3065952
6290,1856285
6291,3754342
6292,2417638
6293,2286002
6294,2320232
6295,2362687
6296,2157021
6297,1249894
6298,2286008
6299,6677035
6300,2322360
6301,3087882
6302,2552464
6303,4651342
6304,3237141
6305,3665998
6306,3841501
6307,2259037
6308,2442356
6309,2910422
6310,1179300
6311,1640412
6312,1278710
6313,1101893
6314,2423983
6315,1513509
6316,1229052
6317,1175252
6318,1776125
6319,1339148
6320,1011405
6321,2299989
6322,1548037
6323,1169229
6324,2003411
6325,2313688
6326,2235953
6327,3991698
6328,2073675
6329,3217439
6330,3923228
6331,3313116
6332,3457750
6333,5629055
6334,4647371
6335,3317049
6336,1017148
6337,5009307
6338,2212467
6339,11273851
6340,1317265
6341,2466781
6342,3524812
6343,2052840
6344,2707738
6345,7194781
6346,2846607
6347,2195898
6348,4457190
6349,4148919
6350,2002082
6351,3806553
6352,2599417
6353,5172248
6354,11166624
6355,3806793
6356,2084084
6357,4451786
6358,3129414
6359,2555289
6360,4725338
6361,3728782
6362,3129754
6363,5116437
6364,3711333
6365,1992559
6366,3164930
6367,6635003
6368,1435164
6369,3957520
6370,5205402
6371,3523015
6372,3627241
6373,3730368
6374,3305083
6375,2623299
6376,8282661
6377,6084308
6378,3632908
6379,1238849
6380,3447220
6381,4586596
6382,5435379
6383,5778923
6384,4030037
6385,3186829
6386,6394711
6387,3910276
6388,3369401
6389,1558635
6390,2700576
6391,4024172
6392,2407047
6393,3450823
6394,1679748
6395,4586736
6396,3514678
6397,1929774
6398,1791183
6399,2404351
6400,1681871
6401,2622021
6402,5965782
6403,5866191
6404,3431681
6405,3761314
6406,5491189
6407,3296607
6408,5209914
6409,4620231
6410,2436650
6411,1687414
6412,4085249
6413,3793853
6414,4403391
6415,1936897
6416,1973940
6417,13231098
6418,2386150
6419,5377159
6420,3178248
6421,3390927
6422,2369217
6423,2123911
6424,5948159
6425,4324449
6426,1856084
6427,1580224
6428,1763164
6429,1661161
6430,1816400
6431,1632409
6432,1718783
6433,6368923
6434,1788215
6435,4211082
6436,5970559
6437,2447013
6438,3736065
6439,2195476
6440,1917599
6441,2305804
6442,2042950
6443,1269284
6444,3470689
6445,5731315
6446,2150502
6447,3311356
6448,2219859
6449,2017529
6450,2357645
6451,1943201
6452,2260851
6453,1773399
6454,1058279
6455,6031886
6456,9265546
6457,9973640
6458,4796330
6459,4877253
6460,4483747
6461,2650800
6462,4722421
6463,2176877
6464,3869289
6465,1517281
6466,4239295
6467,1774846
6468,2293471
6469,2036072
6470,2362078
6471,2406821
6472,2213219
6473,2191255
6474,2340872
6475,1906323
6476,2804412
6477,4686615
6478,2129205
6479,1206803
6480,3502739
6481,7116931
6482,4731597
6483,3704262
6484,3393061
6485,3887022
6486,2431456
6487,4536828
6488,1395781
6489,5479662
6490,4316875
6491,3446780
6492,3908155
6493,5409667
6494,5403945
6495,1606799
6496,2290015
6497,1556695
6498,2827086
6499,1801294
6500,1574706
6501,4222893
6502,5718237
6503,2308231
6504,2519053
6505,2970597
6506,5800392
6507,1149695
6508,3066899
6509,5171209
6510,2790594
6511,3975250
6512,3627123
6513,3729637
6514,3169761
6515,3759793
6516,6472711
6517,4306015
6518,3820447
6519,2663688
6520,4044429
6521,3981568
6522,3340374
6523,7859681
6524,6719146
6525,3646810
6526,3315242
6527,2040378
6528,2536548
6529,1697530
6530,3946780
6531,9423755
6532,5390519
6533,4292549
6534,2012965
6535,1081242
6536,1334509
6537,1296221
6538,2165918
6539,2189793
6540,1952723
6541,1222741
6542,1460561
6543,1091784
6544,2283577
6545,1067640
6546,1052758
6547,1671866
6548,1067667
6549,1384263
6550,1688311
6551,2031573
6552,1479697
6553,1076505
6554,1148598
6555,2613234
6556,2090526
6557,1931116
6558,1407022
6559,1957466
6560,2036022
6561,2145751
6562,3815510
6563,7368778
6564,1311447
6565,7450517
6566,2152698
6567,2240874
6568,2218805
6569,3376732
6570,3170773
6571,975737
6572,1657693
6573,4710945
6574,2397884
6575,4878987
6576,3372852
6577,3481997
6578,5484930
6579,3982395
6580,2859359
6581,1937228
6582,2202876
6583,3932209
6584,5676229
6585,3987471
6586,4491236
6587,5182703
6588,4608087
6589,1880526
6590,2264974
6591,2123266
6592,1367453
6593,7638775
6594,2030356
6595,6022596
6596,2701110
6597,1709998
6598,1893146
6599,2075367
6600,2141963
6601,2451090
6602,2267656
6603,3269465
6604,2634819
6605,4655304
6606,4042663
6607,2725900
6608,2124526
6609,1084828
6610,1577401
6611,2149138
6612,2353394
6613,2182196
6614,1709576
6615,2177592
6616,1485548
6617,2143911
6618,1442891
6619,1076649
6620,1066960
6621,1525616
6622,1320196
6623,2180798
6624,1158936
6625,2245342
6626,2239702
6627,2414154
6628,2301351
6629,1025010
6630,1792749
6631,1165602
6632,3372061
6633,2433732
6634,3291215
6635,2161765
6636,2458149
6637,1115778
6638,1095599
6639,1106802
6640,1140445
6641,2206249
6642,2045211
6643,1148930
6644,1691987
6645,2192395
6646,2261378
6647,2329035
6648,7223439
6649,2813678
6650,2245365
6651,2255349
6652,2116232
6653,2942257
6654,2526153
6655,2251851
6656,2175362
6657,2092428
6658,1564537
6659,1174332
6660,2154074
6661,2483567
6662,2118968
6663,3326571
6664,1562590
6665,1147147
6666,1555988
6667,2324533
6668,2107269
6669,2085195
6670,9276976
6671,2115458
6672,2068568
6673,2162242
6674,2133834
6675,2378691
6676,1135968
6677,1166904
6678,2247948
6679,2061178
6680,2203016
6681,1147128
6682,1580299
6683,1674421
6684,2269836
6685,1936214
6686,2145736
6687,3706458
6688,2628833
6689,1187294
6690,1112397
6691,1883172
6692,1205139
6693,2260556
6694,1815351
6695,2209127
6696,1540123
6697,2167927
6698,2219233
6699,5615585
6700,1944191
6701,3441074
6702,2436433
6703,2234404
6704,4613348
6705,3623418
6706,1218639
6707,4187170
6708,1721935
6709,2778506
6710,3117240
6711,2339947
6712,5487554
6713,2287300
6714,2617688
6715,2048915
6716,2090919
6717,3264776
6718,3628956
6719,2133627
6720,4474583
6721,1122872
6722,1982629
6723,3569342
6724,3122304
6725,2684395
6726,2232582
6727,2788370
6728,2739668
6729,2449678
6730,1523912
6731,3049924
6732,3208895
6733,3416249
6734,3414372
6735,3379326
6736,3007494
6737,3461261
6738,4048351
6739,3627406
6740,1395840
6741,4236908
6742,2655273
6743,3809599
6744,3496701
6745,6822360
6746,2270464
6747,2027688
6748,2722633
6749,2197590
6750,2530228
6751,1016660
6752,2354881
6753,2223548
6754,4015623
6755,4324208
6756,3843635
6757,2006304
6758,1843546
6759,2679614
6760,4037089
6761,2046185
6762,2009883
6763,3515048
6764,6276680
6765,3302124
6766,3754738
6767,3085932
6768,2161631
6769,1903867
6770,3130653
6771,2206527
6772,1147379
6773,7043673
6774,2378184
6775,5857626
6776,5545632
6777,5588275
6778,5611959
6779,4567167
6780,2993920
6781,3319749
6782,3360794
6783,1328327
6784,3705615
6785,5878139
6786,3690620
6787,3387450
6788,4835196
6789,4298577
6790,3419366
6791,3490155
6792,4508226
6793,2012077
6794,3958048
6795,5169506
6796,4306865
6797,2979860
6798,2211079
6799,5562011
6800,1751011
6801,2705443
6802,3549447
6803,1103267
6804,2264378
6805,4578307
6806,2660300
6807,3118204
6808,2839022
6809,1691267
6810,2147199
6811,3853607
6812,4888456
6813,2897184
6814,3789029
6815,1889679
6816,7822857
6817,5344677
6818,4165346
6819,3194979
6820,4565991
6821,2642906
6822,3072053
6823,2234221
6824,2214535
6825,1014582
6826,2113238
6827,3190854
6828,1413866
6829,1226022
6830,5401256
6831,3446184
6832,1816883
6833,1921171
6834,2424290
6835,2027449
6836,1311353
6837,1711189
6838,2230562
6839,1683500
6840,1930983
6841,1694738
6842,3176443
6843,3936838
6844,2937796
6845,4096516
6846,1052987
6847,3672101
6848,3614605
6849,4717242
6850,3079862
6851,4983359
6852,5656385
6853,3403145
6854,5988839
6855,12054101
6856,4743199
6857,2046592
6858,1951443
6859,2829431
6860,2419054
6861,4538131
6862,1639862
6863,3796160
6864,5351066
6865,4359078
6866,14498447
6867,1828235
6868,2169207
6869,5108931
6870,3147382
6871,6080255
6872,2490669
6873,5677585
6874,4378398
6875,4584319
6876,4262230
6877,6282958
6878,1041658
6879,3650274
6880,5050184
6881,6301770
6882,5753341
6883,3594882
6884,4031708
6885,4305771
6886,5917989
6887,5045075
6888,2010410
6889,1147443
6890,2322692
6891,3668987
6892,2545158
6893,3226945
6894,3956890
6895,3803308
6896,4049199
6897,2360313
6898,3243783
6899,2432592
6900,3712549
6901,3411652
6902,6059839
6903,1520147
6904,17409489
6905,3234859
6906,3679407
6907,4498173
6908,3420629
6909,2556991
6910,1018329
6911,1223886
6912,4340040
6913,2437638
6914,2039079
6915,2050081
6916,5237888
6917,4872647
6918,5398309
6919,1268149
6920,5442811
6921,1824699
6922,4149800
6923,3634462
6924,6101604
6925,4952230
6926,5584146
6927,6383845
6928,5535198
6929,5635055
6930,5482631
6931,3082553
6932,4386961
6933,2409542
6934,1757281
6935,2287253
6936,2420476
6937,1860199
6938,1550033
6939,2371201
6940,4836947
6941,3687764
6942,2583850
6943,6033947
6944,5257689
6945,2522744
6946,2951604
6947,2368591
6948,5876661
6949,1817159
6950,2059704
6951,3293236
6952,4815553
6953,1051937
6954,6097259
6955,7423708
6956,4251764
6957,4267663
6958,6143921
6959,5151079
6960,1792804
6961,2296323
6962,3379467
6963,3614154
6964,2385781
6965,2139592
6966,5065598
6967,2609388
6968,6978389
6969,5276292
6970,3124713
6971,4036641
6972,4098550
6973,4086167
6974,2044438
6975,2897002
6976,2727252
6977,1987592
6978,1989708
6979,1599163
6980,2231519
6981,5579108
6982,3452458
6983,2403630
6984,3092887
6985,2674356
6986,3641786
6987,3259117
6988,3543885
6989,3330893
6990,3225955
6991,2398327
6992,1822012
6993,1959238
6994,3262732
6995,3811759
6996,17571039
6997,1868086
6998,2376319
6999,2249670
7000,1500501
7001,3911208
7002,3560140
7003,3113917
7004,3891740
7005,4812996
7006,2936428
7007,2064178
7008,2162465
7009,1911920
7010,2367137
7011,5723344
7012,4179068
7013,3296715
7014,3179565
7015,8455249
7016,2444284
7017,1107843
7018,7542096
7019,5316117
7020,3125248
7021,4459993
7022,4269920
7023,6165537
7024,4223825
7025,2246095
7026,2039044
7027,6813090
7028,3535085
7029,2266501
7030,2578207
7031,1105693
7032,6809283
7033,5268018
7034,4905079
7035,2893920
7036,5803016
7037,4298860
7038,1868331
7039,6199177
7040,5006486
7041,3951785
7042,3614377
7043,2471773
7044,2706290
7045,3704203
7046,2300886
7047,3342134
7048,2251824
7049,1326335
7050,2608586
7051,2100147
7052,2423861
7053,2387268
7054,3418696
7055,2972924
7056,5288979
7057,3389827
7058,3445844
7059,4021489
7060,1428574
7061,2184029
7062,5419211
7063,1846882
7064,2039126
7065,2554058
7066,2513381
7067,1987738
7068,2424283
7069,2196549
7070,2092118
7071,2332785
7072,5048020
7073,2985907
7074,3765706
7075,2734620
7076,3306062
7077,2176660
7078,2520537
7079,1102095
7080,2362635
7081,1151761
7082,1133400
7083,2440397
7084,4048374
7085,6786168
7086,4017489
7087,3475365
7088,3170465
7089,4762332
7090,3625712
7091,5141280
7092,1046046
7093,2761256
7094,2425839
7095,2024075
7096,2134532
7097,3036666
7098,2756232
7099,3001335
7100,2326768
7101,3943919
7102,2266822
7103,3445048
7104,2776114
7105,1704808
7106,4503327
7107,3738704
7108,6323640
7109,3429440
7110,3982870
7111,2783598
7112,2040652
7113,3302642
7114,2341934
7115,3585805
7116,4053138
7117,3392378
7118,3992625
7119,3033792
7120,3845108
7121,7281414
7122,2844327
7123,3756362
7124,1056932
7125,5448656
7126,3696854
7127,4441287
7128,1498912
7129,2159268
7130,1839412
7131,1768554
7132,1707066
7133,2374517
7134,6246065
7135,1368945
7136,2775627
7137,11393815
7138,7291291
7139,2014297
7140,2187563
7141,2265845
7142,5233812
7143,2902836
7144,3406394
7145,3352028
7146,2782687
7147,3530378
7148,2299811
7149,3584322
7150,3566609
7151,2884622
7152,1832043
7153,1556622
7154,1715632
7155,2902426
7156,916851
7157,5382096
7158,6584636
7159,2996555
7160,7516561
7161,3235798
7162,3168156
7163,2883511
7164,3762827
7165,1743881
7166,2708201
7167,1174674
7168,3494514
7169,1505430
7170,1721679
7171,3550158
7172,6089475
7173,4316707
7174,5474847
7175,3572603
7176,3516011
7177,4392894
7178,4073168
7179,3579794
7180,2966502
7181,3637850
7182,6517242
7183,4871487
7184,5880772
7185,4762097
7186,4462480
7187,4247374
7188,1068437
7189,2077832
7190,1784386
7191,3514545
7192,2169794
7193,2549063
7194,3098390
7195,4646321
7196,2325156
7197,4080141
7198,3668048
7199,1086780
7200,3719874
7201,7820378
7202,5051360
7203,3591726
7204,4826932
7205,2589218
7206,2189166
7207,3081093
7208,5270895
7209,2279533
7210,4243451
7211,2107043
7212,1101408
7213,4145406
7214,4627788
7215,2884178
7216,4967606
7217,3164949
7218,2002560
7219,16305299
7220,1037097
7221,5932647
7222,5098639
7223,3570991
7224,2351265
7225,2559154
7226,2281148
7227,2720041
7228,2329689
7229,3144424
7230,3316701
7231,2173633
7232,3668527
7233,1172439
7234,1742406
7235,6377864
7236,5580273
7237,5678391
7238,2426425
7239,2423656
7240,3387724
7241,3107227
7242,6302851
7243,2730323
7244,5118881
7245,4903353
7246,2567811
7247,2102969
7248,5856846
7249,2124553
7250,4182637
7251,5736340
7252,1510527
7253,4461905
7254,1973312
7255,5629366
7256,5874893
7257,3340010
7258,2890677
7259,2182707
7260,2394973
7261,5702729
7262,4884125
7263,1531640
7264,5215249
7265,9672309
7266,4297661
7267,3584297
7268,2133300
7269,2079814
7270,3988632
7271,3621608
7272,2618525
7273,3181159
7274,4360513
7275,2040922
7276,3177062
7277,4201355
7278,6472079
7279,2389882
7280,3994355
7281,1797867
7282,1820103
7283,4051585
7284,1356116
7285,2161295
7286,3378326
7287,8160945
7288,3487850
7289,1574542
7290,4231133
7291,3407409
7292,2344480
7293,4424153
7294,3701409
7295,1126798
7296,5516402
7297,5194163
7298,3545825
7299,3405591
7300,2507643
7301,5745806
7302,1207296
7303,7898270
7304,2441961
7305,4155726
7306,6334389
7307,1119695
7308,3619189
7309,4481264
7310,1754368
7311,11647520
7312,3341998
7313,2449428
7314,1313977
7315,2114504
7316,1837306
7317,1048918
7318,3758776
7319,2121099
7320,4967354
7321,2023557
7322,2425501
7323,3529155
7324,3797476
7325,2651323
7326,6219899
7327,2665920
7328,2738652
7329,2782215
7330,4726752
7331,4040532
7332,3618253
7333,2818002
7334,3450582
7335,6072414
7336,4743836
7337,3946305
7338,2169291
7339,3171072
7340,3018102
7341,3630335
7342,8207141
7343,3585354
7344,3461454
7345,2592493
7346,3063714
7347,4147212
7348,2498415
7349,1111575
7350,4138309
7351,3458146
7352,3462798
7353,2985765
7354,3806070
7355,2084207
7356,2151363
7357,2875522
7358,4053970
7359,3640573
7360,1968357
7361,4997993
7362,5201158
7363,6285363
7364,3202432
7365,3797647
7366,4877723
7367,5664465
7368,7983028
7369,5467968
7370,1538289
7371,2286397
7372,2289774
7373,2686808
7374,3033513
7375,2534111
7376,3091798
7377,2422208
7378,2159326
7379,2476006
7380,2418601
7381,1625725
7382,6570755
7383,2708882
7384,12043590
7385,3457725
7386,3820917
7387,3073756
7388,3063782
7389,8498090
7390,7112986
7391,3900239
7392,2456688
7393,5631874
7394,6024933
7395,5556561
7396,3458325
7397,3556797
7398,2511066
7399,1924136
7400,1658190
7401,3567433
7402,5211212
7403,1943929
7404,3750296
7405,2257541
7406,3467408
7407,4458967
7408,7909334
7409,5188191
7410,6151737
7411,6146634
7412,3067640
7413,1940492
7414,1316465
7415,4230622
7416,1916768
7417,1848314
7418,2147436
7419,5025580
7420,4963254
7421,2411882
7422,2530444
7423,1884715
7424,1166297
7425,3702280
7426,3117951
7427,2759900
7428,3045995
7429,3405001
7430,2897623
7431,5810003
7432,2431780
7433,1996566
7434,2139847
7435,1482060
7436,2196894
7437,1244474
7438,3502347
7439,9190037
7440,3931100
7441,3140424
7442,3856854
7443,4616835
7444,5077134
7445,1371217
7446,3726022
7447,3594864
7448,2640361
7449,4299354
7450,2776791
7451,2100127
7452,3944265
7453,5877316
7454,4173421
7455,5973612
7456,1516527
7457,4719655
7458,6057041
7459,3520282
7460,3297437
7461,3598921
7462,2753636
7463,3398400
7464,4346617
7465,2230392
7466,2559833
7467,1112552
7468,2919924
7469,5573179
7470,5791589
7471,4923229
7472,4698407
7473,3372094
7474,3325513
7475,3035176
7476,3341657
7477,2960495
7478,4103002
7479,3764840
7480,3139624
7481,3442733
7482,3508278
7483,3021568
7484,3467587
7485,5456702
7486,5568862
7487,5005537
7488,2214106
7489,3387418
7490,2500545
7491,2212031
7492,3166483
7493,4481047
7494,6461631
7495,2354740
7496,2301723
7497,2116477
7498,2245848
7499,1245465
7500,5163405
7501,4317680
7502,5953871
7503,4941262
7504,3238693
7505,4789838
7506,5785267
7507,4348770
7508,1175020
7509,4898171
7510,2704681
7511,3429688
7512,3853750
7513,3653363
7514,2227674
7515,18544229
7516,2294744
7517,4341506
7518,3058025
7519,8781989
7520,1106746
7521,4028376
7522,3547341
7523,2716331
7524,4933136
7525,3630340
7526,3872315
7527,4587809
7528,2558096
7529,3630146
7530,4630913
7531,3671841
7532,5287484
7533,4163057
7534,4224004
7535,4710322
7536,4564601
7537,4362248
7538,1799005
7539,1933981
7540,2075523
7541,2459637
7542,1886322
7543,1772792
7544,2184559
7545,2457921
7546,3060133
7547,3315427
7548,2862853
7549,3142349
7550,2706342
7551,2396957
7552,2835001
7553,2047287
7554,3340483
7555,3710375
7556,3314301
7557,6105780
7558,4585413
7559,3042289
7560,8350734
7561,7200181
7562,4013337
7563,5325249
7564,1970679
7565,2299218
7566,6372458
7567,5007912
7568,3478206
7569,4228074
7570,5769970
7571,3991634
7572,2992146
7573,4256898
7574,4009960
7575,2098834
7576,4796267
7577,1831791
7578,3455931
7579,5030406
7580,1925291
7581,2177191
7582,1771972
7583,1678672
7584,2957529
7585,1160129
7586,3176577
7587,3497687
7588,2300811
7589,3079605
7590,7135172
7591,3479623
7592,3611707
7593,3369244
7594,3219872
7595,2873765
7596,1529877
7597,3253304
7598,5185146
7599,7059527
7600,2480307
7601,1889243
7602,1895756
7603,1387347
7604,1497822
7605,2140798
7606,2418514
7607,3323570
7608,2180137
7609,2050957
7610,4122247
7611,4651153
7612,4489439
7613,5799198
7614,5039919
7615,2165521
7616,5492457
7617,2018936
7618,2568445
7619,5214288
7620,5432471
7621,7599952
7622,3751096
7623,4188775
7624,3420856
7625,5263781
7626,3836076
7627,4323552
7628,2029473
7629,6488271
7630,3555596
7631,4026150
7632,2857718
7633,3421332
7634,3299295
7635,1909331
7636,3533284
7637,6536524
7638,5197904
7639,4845669
7640,5733886
7641,5483569
7642,4754205
7643,5943216
7644,5768895
7645,4489725
7646,3311123
7647,2821790
7648,2702652
7649,1916460
7650,2364112
7651,5797318
7652,5205864
7653,5391723
7654,5826012
7655,5563629
7656,2311660
7657,1958223
7658,1960430
7659,2369354
7660,1559431
7661,5274016
7662,2196776
7663,1850478
7664,3427509
7665,3479043
7666,5178106
7667,3537686
7668,3566780
7669,3304698
7670,2895389
7671,1866134
7672,3385037
7673,4946145
7674,3609830
7675,2487648
7676,2311183
7677,2948803
7678,3715953
7679,5842398
7680,5828486
7681,5768860
7682,4460079
7683,8126402
7684,3012990
7685,3216868
7686,2527509
7687,2797643
7688,2339216
7689,3571417
7690,3118536
7691,4294124
7692,3145950
7693,2507002
7694,1995347
7695,2684420
7696,5835820
7697,2227956
7698,1703583
7699,3721167
7700,4361057
7701,4744652
7702,9431377
7703,1041159
7704,4112609
7705,2613572
7706,4710364
7707,5142118
7708,1145525
7709,2478271
7710,5156333
7711,3805347
7712,2365723
7713,4334837
7714,1792408
7715,2753194
7716,994118
7717,4983006
7718,4506533
7719,3313068
7720,5120772
7721,2682431
7722,2507555
7723,3355317
7724,3532793
7725,7952705
7726,7037403
7727,2736378
7728,3766536
7729,3526484
7730,2429876
7731,2208935
7732,2123901
7733,2112546
7734,2410669
7735,1655451
7736,3249234
7737,4776483
7738,3813525
7739,4497189
7740,4249672
7741,13641697
7742,3412361
7743,2493295
7744,2080744
7745,1989776
7746,1687571
7747,3470018
7748,2032784
7749,2524065
7750,2286814
7751,2530293
7752,2572200
7753,3872505
7754,1785956
7755,4721949
7756,5188346
7757,4898835
7758,5590774
7759,5989576
7760,10388052
7761,3439174
7762,3080435
7763,3793036
7764,2777477
7765,3294745
7766,3952219
7767,1757138
7768,3912480
7769,4294172
7770,3242834
7771,3092123
7772,4719171
7773,2912440
7774,2798983
7775,3362057
7776,6037810
7777,6175342
7778,2070353
7779,4194413
7780,3355751
7781,4284232
7782,3968281
7783,4028377
7784,5201444
7785,3767379
7786,3508267
7787,3673888
7788,10838167
7789,1763383
7790,3917505
7791,3977898
7792,5036146
7793,2435874
7794,2056899
7795,4744319
7796,6019222
7797,5698484
7798,4103485
7799,1403024
7800,4678261
7801,4237409
7802,2325472
7803,2712482
7804,5865309
7805,4855412
7806,6546666
7807,7717733
7808,5184712
7809,15632546
7810,1078990
7811,3737109
7812,5714524
7813,2022017
7814,5460347
7815,2176262
7816,2498410
7817,5116925
7818,5911307
7819,5260435
7820,4720225
7821,1603114
7822,1752035
7823,1963473
7824,2597113
7825,3292169
7826,3634861
7827,4357415
7828,3958660
7829,4173665
7830,14244701
7831,2260215
7832,3257808
7833,3604685
7834,4524464
7835,2167973
7836,1481508
7837,3176540
7838,1340554
7839,1555464
7840,2521530
7841,2214860
7842,2216536
7843,2272825
7844,1629942
7845,2365430
7846,2480246
7847,2121856
7848,2273459
7849,2413475
7850,2029743
7851,4657051
7852,4654154
7853,1100434
7854,3549455
7855,3451319
7856,3908332
7857,5570683
7858,2451391
7859,2300555
7860,4619107
7861,6804292
7862,3864178
7863,2222477
7864,1588331
7865,3331812
7866,4114700
7867,4526036
7868,4328857
7869,1738590
7870,1332891
7871,3618639
7872,10652355
7873,4004491
7874,2390172
7875,3475969
7876,3627220
7877,3465450
7878,3690673
7879,2969067
7880,3200271
7881,2312916
7882,3243266
7883,3199863
7884,3780461
7885,1039047
7886,2825583
7887,1938307
7888,3115206
7889,4460735
7890,5458304
7891,6343410
7892,4925402
7893,13323014
7894,3361414
7895,5097405
7896,3742676
7897,4916994
7898,2949556
7899,4588578
7900,3397755
7901,2096853
7902,1821423
7903,3966546
7904,3672764
7905,2664146
7906,2236524
7907,2221943
7908,3207828
7909,4255462
7910,1735467
7911,1237392
7912,5189495
7913,4827677
7914,15592811
7915,5803420
7916,3212891
7917,1224332
7918,2883973
7919,2375026
7920,5875458
7921,2239548
7922,6284212
7923,2845339
7924,2754182
7925,4027657
7926,3997998
7927,2472317
7928,1500394
7929,2602403
7930,5441768
7931,4311425
7932,5121456
7933,4605247
7934,3626787
7935,9958289
7936,3248354
7937,2920522
7938,2207554
7939,2917000
7940,5357722
7941,4166891
7942,3888332
7943,1096890
7944,4732514
7945,3108907
7946,3033782
7947,3217642
7948,2561412
7949,985053
7950,4297433
7951,1746333
7952,2377013
7953,2295087
7954,7065082
7955,1982927
7956,5619679
7957,2407095
7958,1885161
7959,2118068
7960,1122470
7961,2077476
7962,3203561
7963,3608898
7964,3536061
7965,3513155
7966,4560800
7967,3658590
7968,3599884
7969,3180203
7970,1888172
7971,6254374
7972,2509530
7973,14649580
7974,4527139
7975,2412929
7976,2923633
7977,5383281
7978,2347156
7979,2659139
7980,3409819
7981,1129249
7982,3871530
7983,2546762
7984,12423717
7985,3575785
7986,5842788
7987,3960264
7988,4330124
7989,5859128
7990,3219782
7991,1894766
7992,1315657
7993,1905440
7994,3192485
7995,2128872
7996,2776948
7997,4953515
7998,10581024
7999,2430238
8000,2012791
8001,3670467
8002,2356827
8003,6100108
8004,3146820
8005,4341896
8006,1955829
8007,2681693
8008,3385598
8009,4591198
8010,2210181
8011,4453893
8012,4330397
8013,2235767
8014,5026020
8015,5446069
8016,4011446
8017,4023723
8018,2199019
8019,19881629
8020,4177992
8021,3767916
8022,3682718
8023,3328545
8024,1978927
8025,2117937
8026,3552126
8027,4103477
8028,3559583
8029,3039710
8030,2820384
8031,3429028
8032,5620529
8033,2881874
8034,2659962
8035,5417733
8036,3831616
8037,6357052
8038,5818322
8039,3518883
8040,18050917
8041,2916288
8042,2433609
8043,2404250
8044,1114075
8045,999677
8046,4256711
8047,4015672
8048,3598773
8049,5378267
8050,7279978
8051,5389862
8052,5914772
8053,4534092
8054,5615539
8055,3727532
8056,1875199
8057,5848678
8058,5480687
8059,4047220
8060,4677873
8061,18766836
8062,3965905
8063,2768883
8064,1941426
8065,6089994
8066,2010865
8067,2046173
8068,3128380
8069,6048718
8070,2107495
8071,2241352
8072,1556046
8073,4966125
8074,1713090
8075,1243151
8076,3103743
8077,1102649
8078,3214390
8079,1879574
8080,3403084
8081,3672698
8082,26538035
8083,3540355
8084,3449386
8085,1695131
8086,2828644
8087,3306807
8088,1735820
8089,8980578
8090,4567853
8091,3179425
8092,5733519
8093,3158733
8094,3165842
8095,3205160
8096,3222808
8097,4075152
8098,4480704
8099,4957490
8100,3360611
8101,3535506
8102,3186583
8103,14553296
8104,3920799
8105,2989998
8106,2547444
8107,3241463
8108,4785767
8109,1041849
8110,3926207
8111,2502135
8112,4921215
8113,1244290
8114,2994771
8115,2274644
8116,2348020
8117,2046861
8118,1107033
8119,2110699
8120,1111675
8121,5029937
8122,4926684
8123,1906061
8124,2964334
8125,1663095
8126,3323071
8127,5702090
8128,3127793
8129,4327520
8130,1974288
8131,4230387
8132,7869337
8133,3399294
8134,3502237
8135,5800489
8136,5417113
8137,4113386
8138,3806583
8139,4119540
8140,2416410
8141,1596645
8142,2066670
8143,3390455
8144,3402887
8145,4917770
8146,4714089
8147,4129567
8148,3957144
8149,3482046
8150,3051556
8151,3254552
8152,1707708
8153,3135578
8154,4446160
8155,5683111
8156,5843980
8157,5568281
8158,4302632
8159,4473323
8160,2864701
8161,6235126
8162,1583128
8163,4655108
8164,5285173
8165,5504392
8166,9444440
8167,3786135
8168,5271255
8169,3373344
8170,3698188
8171,3594842
8172,3800666
8173,1411628
8174,3690148
8175,4321890
8176,4048341
8177,4523667
8178,3719649
8179,5396923
8180,3492474
8181,2042141
8182,2338786
8183,3955149
8184,1977730
8185,3152988
8186,3755166
8187,4194737
8188,3319311
8189,2483128
8190,3556855
8191,1810428
8192,3792935
8193,2436820
8194,1137302
8195,2356260
8196,2324599
8197,1950151
8198,2932355
8199,1826889
8200,3325431
8201,3851700
8202,3922660
8203,3373048
8204,3111822
8205,1035353
8206,7271687
8207,3738655
8208,5290952
8209,2195938
8210,2169752
8211,3329980
8212,3369775
8213,4572180
8214,4122540
8215,2856014
8216,1395070
8217,2234696
8218,2407963
8219,959757
8220,4094252
8221,4794850
8222,3566160
8223,3464803
8224,3758921
8225,6250859
8226,2427741
8227,2000654
8228,2142581
8229,2879714
8230,3144789
8231,2368889
8232,2460563
8233,2523342
8234,2243732
8235,1810488
8236,2476877
8237,1101273
8238,5743529
8239,9399440
8240,3299787
8241,5018671
8242,4202466
8243,1854168
8244,1837350
8245,5522097
8246,1378088
8247,3277008
8248,1340591
8249,3014423
8250,3596175
8251,3829036
8252,2617706
8253,5280775
8254,5449145
8255,5173670
8256,3576829
8257,4201899
8258,3443421
8259,1108350
8260,3766577
8261,5063828
8262,4929504
8263,4316281
8264,4465047
8265,4825413
8266,4393597
8267,3003017
8268,2783651
8269,3004303
8270,11119949
8271,3750237
8272,3406548
8273,3993907
8274,3964177
8275,2466989
8276,3428651
8277,3372451
8278,3596513
8279,3539494
8280,1507433
8281,5179974
8282,3309251
8283,3573596
8284,4020232
8285,3578110
8286,3715463
8287,4290626
8288,3166890
8289,3721616
8290,2722246
8291,1024299
8292,3830231
8293,4837394
8294,3348793
8295,8447295
8296,2548702
8297,3538022
8298,2356582
8299,3013895
8300,1749906
8301,2290313
8302,2421523
8303,2176338
8304,2250000
8305,2710309
8306,1939792
8307,5671813
8308,1663828
8309,2038488
8310,4738011
8311,3570950
8312,1436284
8313,2889523
8314,1176713
8315,7790814
8316,4189393
8317,2481317
8318,3652880
8319,2469669
8320,1148082
8321,10453207
8322,4049416
8323,1070886
8324,4480966
8325,3072952
8326,5829694
8327,1131799
8328,11327345
8329,5793463
8330,6059605
8331,6722613
8332,3791019
8333,3774855
8334,2706691
8335,3322851
8336,3530511
8337,3604775
8338,4973713
8339,5050441
8340,3805523
8341,3741265
8342,7849049
8343,4507415
8344,1510867
8345,2086576
8346,4473709
8347,4992755
8348,4468053
8349,2144383
8350,1712470
8351,1726576
8352,2902194
8353,6355960
8354,2167056
8355,3104584
8356,2406311
8357,2059426
8358,4258126
8359,4178393
8360,5141822
8361,2853091
8362,2270259
8363,3554058
8364,3783754
8365,1843703
8366,3880590
8367,3676693
8368,3744029
8369,3479147
8370,3252483
8371,3392461
8372,2990823
8373,2835750
8374,3323581
8375,3360075
8376,7031409
8377,2989024
8378,3290799
8379,8737144
8380,3509856
8381,4219339
8382,2877203
8383,2361674
8384,2335984
8385,2575438
8386,1279757
8387,1485994
8388,3456432
8389,3947633
8390,3063425
8391,1815828
8392,5507306
8393,1641244
8394,1896022
8395,4819265
8396,2216793
8397,3967685
8398,4474951
8399,2170280
8400,2397902
8401,3170852
8402,2110962
8403,2184932
8404,2376841
8405,2130480
8406,3266041
8407,2730256
8408,8184938
8409,3298481
8410,3140666
8411,4569986
8412,2555595
8413,3456218
8414,3250376
8415,2071704
8416,2416469
8417,3070321
8418,13279163
8419,1482807
8420,2203232
8421,2605609
8422,3352621
8423,2501829
8424,2290417
8425,2790404
8426,2444745
8427,2497885
8428,2155442
8429,1891628
8430,2208059
8431,3620487
8432,1593023
8433,3177694
8434,1996514
8435,3297442
8436,2501865
8437,2631443
8438,2132006
8439,8175237
8440,1929530
8441,2678545
8442,2842535
8443,2018419
8444,2220544
8445,2117591
8446,2958316
8447,4355928
8448,1462445
8449,1149481
8450,4763838
8451,1002318
8452,4652104
8453,5381243
8454,3381574
8455,1754285
8456,3472996
8457,3225576
8458,2860538
8459,4813990
8460,9055594
8461,3272158
8462,2545479
8463,2309861
8464,2180151
8465,1760358
8466,2148623
8467,2104491
8468,2049910
8469,2232604
8470,1933415
8471,4311210
8472,1026923
8473,2621494
8474,2697703
8475,2785044
8476,3239686
8477,4360085
8478,4960040
8479,5338869
8480,2372845
8481,21755397
8482,4571828
8483,3057012
8484,3823022
8485,2637942
8486,3170937
8487,3137763
8488,4461808
8489,3795762
8490,3720487
8491,3222028
8492,3805018
8493,2071107
8494,3552934
8495,2904321
8496,2942364
8497,2415974
8498,2073314
8499,2676641
8500,2502169
8501,2062620
8502,13138020
8503,2362459
8504,2236207
8505,5703236
8506,5361404
8507,3439460
8508,3175149
8509,3930631
8510,4049091
8511,3953085
8512,2562439
8513,2353283
8514,2209013
8515,1124022
8516,1668440
8517,3832624
8518,7753471
8519,3441304
8520,1941375
8521,3557273
8522,5502340
8523,9841385
8524,5551361
8525,3417507
8526,2028131
8527,3934226
8528,8752335
8529,3444388
8530,3388214
8531,1748548
8532,1858399
8533,1755524
8534,1912080
8535,3543151
8536,1083750
8537,1846579
8538,1827500
8539,1803931
8540,2256611
8541,4508692
8542,3007785
8543,1841801
8544,2547318
8545,1786233
8546,1323591
8547,2214373
8548,2186987
8549,3546538
8550,2096577
8551,2829433
8552,5319140
8553,3044217
8554,2211942
8555,1163552
8556,2207426
8557,2303898
8558,1539206
8559,1143711
8560,2898119
8561,4875651
8562,3250502
8563,3168925
8564,3499236
8565,1727831
8566,2292525
8567,1925129
8568,1105028
8569,2185805
8570,2755682
8571,3994930
8572,3951902
8573,4209807
8574,2927480
8575,2395880
8576,3106849
8577,3531875
8578,4002230
8579,1670400
8580,2744721
8581,4005499
8582,5150067
8583,3385818
8584,2738895
8585,2624724
8586,5943847
8587,4319778
8588,2840809
8589,2843253
8590,3145906
8591,3426752
8592,8224024
8593,4128138
8594,1795388
8595,2018941
8596,6916392
8597,4618485
8598,6325634
8599,3311971
8600,1335376
8601,3497525
8602,2733084
8603,6371509
8604,2078112
8605,1744756
8606,2195361
8607,7998395
8608,3992897
8609,2692503
8610,4241911
8611,3334203
8612,2713029
8613,2118905
8614,3641149
8615,2843512
8616,2438978
8617,4093489
8618,1978726
8619,1884645
8620,1888251
8621,1270431
8622,6920857
8623,1599359
8624,1996272
8625,1727550
8626,2698414
8627,1632437
8628,2290868
8629,2823631
8630,1825791
8631,2410332
8632,1260922
8633,1759891
8634,2978350
8635,3866868
8636,2383530
8637,2192236
8638,3341963
8639,2218955
8640,2450297
8641,2348626
8642,2651244
8643,4611532
8644,3611371
8645,2783683
8646,3929308
8647,3545292
8648,3832076
8649,6797859
8650,16689154
8651,1538651
8652,3643360
8653,3006070
8654,4376512
8655,2025980
8656,3456550
8657,3249682
8658,2293001
8659,2377849
8660,3060524
8661,3231185
8662,2813389
8663,3853459
8664,1114265
8665,5896338
8666,3855940
8667,2525400
8668,2417695
8669,1412488
8670,7391727
8671,3722940
8672,3092391
8673,2721578
8674,3537231
8675,1310419
8676,2236032
8677,2564347
8678,4664718
8679,5257443
8680,5172695
8681,4024529
8682,1923912
8683,5193466
8684,2854027
8685,2145204
8686,5563453
8687,2366294
8688,3144425
8689,1771574
8690,3488198
8691,4999625
8692,1855216
8693,1738971
8694,1962907
8695,1884983
8696,1161710
8697,3420833
8698,8360847
8699,7910615
8700,4561477
8701,6043021
8702,5592941
8703,5207910
8704,2193183
8705,2630609
8706,3397577
8707,1848068
8708,2058729
8709,1497206
8710,3453842
8711,2754759
8712,4722758
8713,2322593
8714,2471268
8715,2248722
8716,5518181
8717,2778511
8718,2219748
8719,3470880
8720,4401378
8721,3701975
8722,4304141
8723,2732255
8724,3184961
8725,5866760
8726,4775992
8727,2660697
8728,1093229
8729,3505173
8730,5773027
8731,3164142
8732,3404794
8733,6056316
8734,3634294
8735,3124721
8736,1492657
8737,2248066
8738,3617191
8739,1367893
8740,2291359
8741,10175969
8742,18438306
8743,3593333
8744,5337226
8745,5625809
8746,3870782
8747,3644299
8748,3899537
8749,1005627
8750,3455911
8751,2581256
8752,1734386
8753,2377571
8754,3429384
8755,3160409
8756,3093292
8757,2062443
8758,4700207
8759,7703104
8760,2172225
8761,4959947
8762,2137762
8763,3915214
8764,2088800
8765,1836089
8766,4801627
8767,3290365
8768,3856981
8769,2103715
8770,3505887
8771,1468282
8772,8518623
8773,6208653
8774,8401925
8775,12730517
8776,5897476
8777,2575595
8778,3288802
8779,2986567
8780,2574126
8781,3414567
8782,2746347
8783,5308682
8784,2469653
8785,1496959
8786,1895672
8787,3114395
8788,3136212
8789,3285583
8790,6974835
8791,3856398
8792,1262716
8793,3962386
8794,3749903
8795,3723855
8796,12826933
8797,4543852
8798,4903769
8799,3697152
8800,3632806
8801,4175875
8802,4773174
8803,5428851
8804,3211853
8805,2094328
8806,2193416
8807,4068134
8808,2227011
8809,2959980
8810,1651422
8811,3901534
8812,3442243
8813,1484540
8814,3596518
8815,2189469
8816,3568674
8817,7249983
8818,4447266
8819,2371225
8820,3547581
8821,3928135
8822,1738381
8823,3736019
8824,1557908
8825,1781906
8826,4458436
8827,2346786
8828,2108330
8829,1771059
8830,2804328
8831,3612290
8832,3257782
8833,2218417
8834,3124312
8835,3598871
8836,2520755
8837,9071829
8838,5720867
8839,3492184
8840,1845744
8841,4044727
8842,3220793
8843,2485288
8844,4480808
8845,1287829
8846,5068381
8847,2352650
8848,1666350
8849,11936348
8850,2654037
8851,2327265
8852,1668077
8853,1222628
8854,1308513
8855,2181149
8856,1085309
8857,3988771
8858,2652857
8859,2347834
8860,2986292
8861,2669384
8862,2398723
8863,3340504
8864,1965569
8865,1608481
8866,3632172
8867,1829873
8868,3911346
8869,2137252
8870,2075287
8871,2288262
8872,2407478
8873,2375244
8874,2258185
8875,3491645
8876,5233866
8877,1043515
8878,7244208
8879,1944968
8880,4821301
8881,1648301
8882,3699369
8883,3483970
8884,3839482
8885,2996119
8886,3791758
8887,3022590
8888,1030244
8889,3208248
8890,3324647
8891,3567695
8892,3790208
8893,3997623
8894,4402189
8895,3092832
8896,2060254
8897,2985876
8898,2702043
8899,3802476
8900,2118525
8901,2471325
8902,4208986
8903,4158244
8904,2597335
8905,1767767
8906,2464456
8907,3877994
8908,3211249
8909,959385
8910,2835989
8911,2514436
8912,2304636
8913,2409975
8914,3510051
8915,4447016
8916,3200301
8917,3723036
8918,4536266
8919,2351203
8920,13217662
8921,5943547
8922,4942419
8923,1145677
8924,4764285
8925,4246524
8926,5031694
8927,4928005
8928,5903727
8929,5176054
8930,2135841
8931,8879684
8932,7285030
8933,3700451
8934,3680772
8935,2941378
8936,4087185
8937,4911672
8938,3247867
8939,1763134
8940,2698388
8941,1826308
8942,4092664
8943,5107069
8944,3952556
8945,2116206
8946,3817361
8947,3148932
8948,3902543
8949,2596781
8950,3592159
8951,3056041
8952,2285021
8953,3378141
8954,3163181
8955,2930981
8956,2143965
8957,2356048
8958,2413932
8959,2720130
8960,2070901
8961,3676705
8962,1359927
8963,1465338
8964,2633176
8965,3388599
8966,4823404
8967,3911552
8968,2725493
8969,1688963
8970,2504378
8971,4432205
8972,1742853
8973,1165202
8974,2613172
8975,1530061
8976,2521445
8977,2146183
8978,2976730
8979,2213251
8980,2627316
8981,3924016
8982,7102402
8983,1861271
8984,3481849
8985,5605741
8986,2165638
8987,4671430
8988,1857946
8989,1961045
8990,2377773
8991,2281768
8992,2198308
8993,1908001
8994,1720312
8995,4604181
8996,1595082
8997,2062605
8998,1863884
8999,5565325
9000,3624405
9001,3662352
9002,5073830
9003,3582629
9004,1102982
9005,1665124
9006,2938974
9007,2958537
9008,1736754
9009,2044676
9010,1730598
9011,1941015
9012,3248109
9013,1711824
9014,2296402
9015,1681507
9016,2249751
9017,1643676
9018,2204667
9019,2176896
9020,1758291
9021,2441039
9022,1963173
9023,1948229
9024,1811219
9025,3430597
9026,987734
9027,2839845
9028,1864034
9029,1662519
9030,2025208
9031,1794475
9032,2522844
9033,1611149
9034,1947274
9035,1729955
9036,1695458
9037,2158367
9038,3418076
9039,1648870
9040,1743636
9041,1776209
9042,1755772
9043,4157161
9044,2000596
9045,3483179
9046,1987461
9047,967333
9048,4049658
9049,6356814
9050,3941913
9051,4936731
9052,2682913
9053,12148208
9054,2059330
9055,3640189
9056,2272777
9057,5133600
9058,4902619
9059,4869556
9060,5024333
9061,8074355
9062,4196718
9063,2892970
9064,4751220
9065,8610144
9066,5711415
9067,5530100
9068,2495853
9069,6307681
9070,3294692
9071,3673411
9072,3499273
9073,3284279
9074,3586850
9075,10489759
9076,4123753
9077,3297582
9078,3294159
9079,1150786
9080,2342770
9081,5073335
9082,3818582
9083,3700375
9084,1214050
9085,3445980
9086,3874193
9087,3208050
9088,6133872
9089,1811701
9090,6382676
9091,3622274
9092,3845324
9093,3211739
9094,3090999
9095,5449949
9096,3354870
9097,3683800
9098,3865856
9099,3360638
9100,1005521
9101,3175540
9102,4378965
9103,4267278
9104,1858190
9105,1654334
9106,2656658
9107,6376182
9108,3186883
9109,3176603
9110,5413848
9111,2579330
9112,4800178
9113,3844508
9114,4337678
9115,5403419
9116,3476119
9117,3871036
9118,1092735
9119,1854512
9120,2392038
9121,2309809
9122,4874402
9123,2062746
9124,2423592
9125,3408825
9126,2785061
9127,2693346
9128,5775362
9129,4219587
9130,3328349
9131,3422906
9132,1220341
9133,4986237
9134,4738886
9135,3816466
9136,3220682
9137,2861811
9138,5636233
9139,3412754
9140,2030859
9141,2528841
9142,4195707
9143,1180609
9144,1664933
9145,5104718
9146,3183953
9147,3619205
9148,3206477
9149,3331654
9150,3835606
9151,5713083
9152,3437725
9153,3051261
9154,9331613
9155,3923802
9156,5560180
9157,4002241
9158,23840938
9159,5695970
9160,2637579
9161,3554706
9162,4434047
9163,3294834
9164,1731180
9165,2245261
9166,5845680
9167,4497940
9168,3349340
9169,3329620
9170,3610993
9171,5043812
9172,5458386
9173,4808795
9174,3725947
9175,2094288
9176,3440576
9177,3467067
9178,3401051
9179,3596083
9180,3654868
9181,3933331
9182,5515249
9183,3841704
9184,6867233
9185,5662269
9186,2137525
9187,3525752
9188,7838592
9189,2216235
9190,1472411
9191,3102755
9192,2355033
9193,6221561
9194,7971624
9195,4271299
9196,1041979
9197,2850122
9198,3935306
9199,3503970
9200,2396297
9201,2470133
9202,2413039
9203,3307111
9204,4439165
9205,2634111
9206,3639802
9207,1113941
9208,3044783
9209,2382077
9210,2625393
9211,1969610
9212,2501071
9213,3364845
9214,2499385
9215,2352129
9216,3261609
9217,2294998
9218,4725099
9219,2463779
9220,2313822
9221,2770793
9222,2677522
9223,3609968
9224,5004006
9225,3199639
9226,4121299
9227,3466624
9228,2828180
9229,4133460
9230,3929700
9231,2148710
9232,2431290
9233,2854919
9234,3675433
9235,5962460
9236,5555986
9237,6733125
9238,3618637
9239,1618771
9240,3782676
9241,2833347
9242,2365623
9243,6239083
9244,2132392
9245,1979549
9246,2399945
9247,3726175
9248,5105393
9249,3392408
9250,2362562
9251,3387946
9252,4625635
9253,5924837
9254,5634975
9255,4987054
9256,3534137
9257,5968778
9258,1860649
9259,1148204
9260,1052048
9261,3369910
9262,3573085
9263,2373542
9264,4903962
9265,5281097
9266,3763825
9267,2275268
9268,5740722
9269,4722172
9270,1973901
9271,1126887
9272,2933239
9273,2189004
9274,3847455
9275,2502851
9276,4508672
9277,7230433
9278,3283911
9279,3920749
9280,2357350
9281,2092561
9282,6038539
9283,4819079
9284,4240211
9285,2285240
9286,2840075
9287,1737060
9288,1999344
9289,1596975
9290,1740143
9291,1749968
9292,1300944
9293,5417057
9294,13450309
9295,2251445
9296,6738003
9297,2004850
9298,5114967
9299,3288489
9300,13690798
9301,5024398
9302,5220341
9303,4439114
9304,6733260
9305,5309749
9306,4819040
9307,7904643
9308,4859405
9309,3366589
9310,3272540
9311,3197174
9312,2019238
9313,2314980
9314,1101446
9315,2173588
9316,2317634
9317,1917228
9318,1131574
9319,2247710
9320,4273954
9321,4160845
9322,1245947
9323,4067346
9324,4177547
9325,3152791
9326,3463506
9327,3726495
9328,2842340
9329,5181845
9330,4485589
9331,1989100
9332,2347395
9333,3007162
9334,3213965
9335,1023852
9336,4382487
9337,3235860
9338,2013500
9339,2915170
9340,3032228
9341,2542975
9342,2806241
9343,3554507
9344,3959219
9345,3576393
9346,1616943
9347,4117710
9348,3999726
9349,1727926
9350,3298954
9351,1999608
9352,2456301
9353,3991980
9354,1852360
9355,3728500
9356,1872633
9357,2495203
9358,1965060
9359,2018719
9360,1946116
9361,1753202
9362,1757495
9363,2192397
9364,3945693
9365,2620747
9366,3138604
9367,1107405
9368,3653045
9369,3243687
9370,6050285
9371,2287019
9372,2480328
9373,2551177
9374,6841685
9375,2703112
9376,2351785
9377,2178955
9378,1594627
9379,3052795
9380,2254044
9381,2556771
9382,3305369
9383,2200770
9384,5547481
9385,4996825
9386,3571779
9387,5498296
9388,3836637
9389,2520517
9390,3992177
9391,3479431
9392,2089692
9393,3814342
9394,3535969
9395,3320448
9396,3032621
9397,7237208
9398,3304768
9399,1479748
9400,3631439
9401,2411628
9402,3694623
9403,7726838
9404,3351782
9405,3829491
9406,2018564
9407,1994030
9408,2197855
9409,1500257
9410,1415397
9411,3903186
9412,1822821
9413,1667791
9414,1979929
9415,1904367
9416,2472923
9417,1871557
9418,1988179
9419,1831781
9420,1834604
9421,2479216
9422,5138001
9423,4877918
9424,5151147
9425,10556212
9426,3727829
9427,5190304
9428,5468329
9429,4957034
9430,5113066
9431,2068879
9432,3919398
9433,4800648
9434,18477823
9435,4287536
9436,3357574
9437,3687268
9438,4096689
9439,3790842
9440,1662402
9441,3578072
9442,1658411
9443,11602010
9444,2295748
9445,1800011
9446,2406880
9447,4398239
9448,3889885
9449,2523753
9450,3125777
9451,2860307
9452,1079954
9453,2446049
9454,3598249
9455,1639399
9456,1850741
9457,2117300
9458,3702532
9459,3953721
9460,3177647
9461,1211561
9462,4837696
9463,1126385
9464,4842588
9465,1473647
9466,1956826
9467,2248414
9468,2121912
9469,2309939
9470,1827545
9471,2385385
9472,3937129
9473,4198617
9474,2862278
9475,1561844
9476,1677733
9477,3994865
9478,2264543
9479,3779899
9480,2059219
9481,3813431
9482,2022649
9483,2365785
9484,6261432
9485,2234234
9486,1845620
9487,2073444
9488,4787881
9489,1469712
9490,1904191
9491,1635451
9492,1825719
9493,6656071
9494,4167846
9495,2052663
9496,4886836
9497,2268811
9498,1869770
9499,3059620
9500,2329031
9501,4072118
9502,3303846
9503,4246647
9504,2882715
9505,5865212
9506,4017321
9507,4090325
9508,4046315
9509,2850779
9510,4174087
9511,3757395
9512,8136671
9513,2346146
9514,2145626
9515,3703588
9516,2771717
9517,5428714
9518,5503629
9519,1206034
9520,4543500
9521,5329577
9522,3290736
9523,1690282
9524,1227290
9525,2191459
9526,6166572
9527,964460
9528,2005460
9529,3340645
9530,1664671
9531,2826998
9532,2481299
9533,2655048
9534,2311921
9535,2165513
9536,5517504
9537,1858659
9538,3893512
9539,6791254
9540,3633781
9541,4058711
9542,1307558
9543,2199562
9544,2310309
9545,2152865
9546,3560848
9547,2808254
9548,1099444
9549,1366011
9550,1604313
9551,2343203
9552,3728382
9553,2132247
9554,1723822
9555,1262826
9556,1853601
9557,1033880
9558,1087442
9559,2218190
9560,1907768
9561,1266515
9562,1778585
9563,1104095
9564,1265553
9565,1275046
9566,1936986
9567,2301124
9568,1902375
9569,2264104
9570,1152151
9571,2230363
9572,1202560
9573,2479240
9574,2218129
9575,2240069
9576,2189418
9577,2151826
9578,1536290
9579,1656854
9580,15020634
9581,2790320
9582,8073803
9583,3836868
9584,2189495
9585,2272785
9586,1669312
9587,2537668
9588,2368430
9589,1186451
9590,2836302
9591,1405312
9592,1105736
9593,2166381
9594,2702653
9595,2238815
9596,1521729
9597,5502727
9598,2581524
9599,2240891
9600,2241286
9601,3247213
9602,2208929
9603,1226530
9604,2297777
9605,1119782
9606,1970132
9607,2446725
9608,1559138
9609,2309564
9610,2113679
9611,2281416
9612,3433433
9613,2312331
9614,1216499
9615,2458499
9616,1356871
9617,2242325
9618,1568917
9619,2216560
9620,2248823
9621,3699284
9622,2807614
9623,1084478
9624,1614966
9625,1148552
9626,1203365
9627,1224491
9628,2466470
9629,1218563
9630,1169025
9631,2340030
9632,2210012
9633,2751504
9634,2210037
9635,2227635
9636,1774225
9637,1255714
9638,1931099
9639,2229117
9640,2234969
9641,2207018
9642,2250228
9643,3049009
9644,1222480
9645,2509929
9646,1540705
9647,2691774
9648,1511403
9649,1121215
9650,1350423
9651,1366026
9652,1584092
9653,2308657
9654,2267197
9655,2204485
9656,2300595
9657,3032434
9658,4203020
9659,5031146
9660,2366424
9661,2508418
9662,1562317
9663,2497719
9664,1289227
9665,2379239
9666,2300220
9667,2491393
9668,2334472
9669,1634420
9670,1824897
9671,1127239
9672,1678429
9673,1634636
9674,2194820
9675,1097229
9676,1122563
9677,2226163
9678,3305012
9679,2380238
9680,2219193
9681,2353164
9682,2645640
9683,2444615
9684,2001367
9685,2701098
9686,2510819
9687,3754612
9688,2459172
9689,1687928
9690,2369858
9691,1739319
9692,2492735
9693,2301032
9694,2482847
9695,2345444
9696,2447953
9697,2396437
9698,2311053
9699,14741992
9700,2645915
9701,2748620
9702,1366561
9703,1219154
9704,2521680
9705,2565761
9706,3191121
9707,1656655
9708,1281946
9709,1133841
9710,1233608
9711,1336794
9712,7911868
9713,2242768
9714,2416924
9715,1512694
9716,1829629
9717,2317520
9718,2271932
9719,2306035
9720,7830914
9721,2373820
9722,2283220
9723,2277558
9724,1427837
9725,2412344
9726,5165591
9727,2173296
9728,1634360
9729,1456434
9730,1748171
9731,2289052
9732,1967527
9733,2362072
9734,1737970
9735,3169111
9736,2373079
9737,1592715
9738,2337436
9739,1121066
9740,2201387
9741,5548873
9742,2605613
9743,3567477
9744,2748147
9745,1453026
9746,2163687
9747,2322582
9748,1374836
9749,2261092
9750,1534435
9751,1362101
9752,1230687
9753,2281781
9754,1404653
9755,2241496
9756,2251692
9757,1731938
9758,2305180
9759,1131403
9760,2198553
9761,2205425
9762,5376588
9763,1272946
9764,2454245
9765,2515648
9766,2253853
9767,2254100
9768,2297338
9769,2205365
9770,2278719
9771,1427878
9772,1340222
9773,3361340
9774,1259004
9775,2235446
9776,1081722
9777,1692313
9778,3623867
9779,2269454
9780,2743163
9781,1391202
9782,1676150
9783,6315923
9784,1446433
9785,1214501
9786,1708742
9787,2324938
9788,2284729
9789,1320942
9790,2230029
9791,2286276
9792,1555492
9793,2256476
9794,2322716
9795,2317229
9796,1700530
9797,1612168
9798,1528136
9799,1338304
9800,2465865
9801,1534409
9802,1258669
9803,2610260
9804,3400614
9805,1232163
9806,1391258
9807,3050736
9808,3830066
9809,1772252
9810,1670224
9811,1333701
9812,2374156
9813,2534888
9814,3208877
9815,2371563
9816,1290876
9817,2342579
9818,2424459
9819,2470308
9820,2274756
9821,2637705
9822,2405033
9823,1693339
9824,1625949
9825,3016832
9826,2434754
9827,2342525
9828,2402395
9829,2331586
9830,2248027
9831,2387126
9832,2306071
9833,2865133
9834,3209793
9835,1829452
9836,2487122
9837,2296294
9838,2303242
9839,2249477
9840,2203412
9841,2305330
9842,2175174
9843,2175708
9844,2383550
9845,2228553
9846,2464151
9847,2016471
9848,2319285
9849,1693436
9850,1646162
9851,1150534
9852,1552547
9853,3345309
9854,1870227
9855,2254285
9856,2257667
9857,2263505
9858,1193339
9859,3426100
9860,1268503
9861,1240800
9862,1205313
9863,2002818
9864,1208603
9865,2212479
9866,2306313
9867,3006142
9868,1215662
9869,2361665
9870,1605381
9871,2361861
9872,3478114
9873,2342040
9874,2288245
9875,1169720
9876,1750485
9877,2354770
9878,1158813
9879,2238256
9880,1679592
9881,2401752
9882,2922692
9883,1311324
9884,1505694
9885,2282717
9886,1519405
9887,1113075
9888,2945908
9889,5159793
9890,1568441
9891,2483046
9892,3360175
9893,2142668
9894,1557959
9895,2170717
9896,2423185
9897,2926746
9898,1173693
9899,2267483
9900,2259484
9901,1683607
9902,1540452
9903,1273496
9904,5784879
9905,2554350
9906,1872506
9907,4419742
9908,1141907
9909,1653409
9910,1113148
9911,2650883
9912,2574137
9913,2196803
9914,1283165
9915,2111348
9916,5707347
9917,1712755
9918,4430354
9919,6912481
9920,2419217
9921,3191417
9922,3943874
9923,5168018
9924,4687306
9925,1602832
9926,1657043
9927,2192544
9928,2511787
9929,11685646
9930,3103589
9931,2985788
9932,3143221
9933,3375109
9934,3474043
9935,6884812
9936,3724846
9937,2920007
9938,1593877
9939,7839855
9940,3428096
9941,4237803
9942,2133449
9943,2259488
9944,2273098
9945,1946399
9946,2796188
9947,3193705
9948,1858762
9949,1619204
9950,1666968
9951,3678900
9952,2815183
9953,2544339
9954,3166443
9955,1527063
9956,2579578
9957,1933129
9958,1461215
9959,956948
9960,4728553
9961,4846465
9962,2306451
9963,2900726
9964,5164899
9965,3342451
9966,3634419
9967,4093632
9968,4139040
9969,3582612
9970,2017642
9971,3624328
9972,2292474
9973,2578909
9974,3046875
9975,1752318
9976,2326833
9977,3378363
9978,3923163
9979,3732710
9980,1767377
9981,4456071
9982,2165541
9983,2392441
9984,6505777
9985,2364029
9986,1137537
9987,2320757
9988,4186604
9989,3346409
9990,3437838
9991,1528760
9992,2029156
9993,4612535
9994,3940969
9995,2757113
9996,1737753
9997,2435933
9998,1994915
9999,1650124
10000,1739491
10001,1508796
10002,4899279
10003,5789602
10004,3233005
10005,2756822
10006,2392558
10007,3797657
10008,4105507
10009,3851443
10010,2755349
10011,2841560
10012,1378364
10013,2532635
10014,3313854
10015,3125800
10016,2748189
10017,3030232
10018,2907899
10019,3470321
10020,3555805
10021,5482745
10022,2333627
10023,2301343
10024,2646971
10025,2456543
10026,4442536
10027,2237312
10028,1221270
10029,6428759
10030,3489860
10031,1851718
10032,2320265
10033,1589229
10034,7774836
10035,3457597
10036,6996760
10037,1904425
10038,2126371
10039,1975592
10040,2081376
10041,2215331
10042,3298969
10043,2213456
10044,1810975
10045,2521449
10046,6131470
10047,3593961
10048,2480827
10049,3034677
10050,5719926
10051,1591313
10052,3050254
10053,5380094
10054,4550707
10055,3653155
10056,6235164
10057,3390881
10058,3637837
10059,3721877
10060,2195471
10061,3859301
10062,5720375
10063,3800407
10064,4369609
10065,8922079
10066,2341839
10067,2714643
10068,2265297
10069,3495867
10070,1725852
10071,1673250
10072,1693219
10073,3625029
10074,1251731
10075,4956134
10076,1836960
10077,18485588
10078,3764030
10079,2292717
10080,6135376
10081,1763311
10082,3474721
10083,3651045
10084,2409586
10085,1887439
10086,4232348
10087,3057839
10088,5609707
10089,4034303
10090,3094117
10091,2999830
10092,2570088
10093,18995376
10094,2813491
10095,2107078
10096,2990929
10097,1017508
10098,2853700
10099,1603792
10100,3264956
10101,2940178
10102,3723055
10103,2052862
10104,2315266
10105,12078247
10106,2653757
10107,3472269
10108,2659021
10109,2296041
10110,1469679
10111,2553793
10112,1826928
10113,1130596
10114,2258332
10115,2181475
10116,1154834
10117,2420819
10118,2314531
10119,3194493
10120,1191541
10121,12028594
10122,2357854
10123,1653833
10124,1187017
10125,2253426
10126,1656462
10127,1522983
10128,1123923
10129,1164202
10130,1676514
10131,1607679
10132,1106791
10133,2182059
10134,2253644
10135,5495990
10136,2224213
10137,14804291
10138,1189531
10139,2722091
10140,2066339
10141,2824247
10142,1883370
10143,5752020
10144,2750225
10145,13248419
10146,5652109
10147,2660110
10148,7081580
10149,1975206
10150,2404477
10151,2093052
10152,1306024
10153,1190580
10154,2439182
10155,2332628
10156,2235181
10157,1074473
10158,7288779
10159,5089993
10160,2075690
10161,16170415
10162,2297373
10163,2420480
10164,2436537
10165,2209116
10166,2380302
10167,2019734
10168,1198580
10169,2765095
10170,2348014
10171,2260421
10172,3661151
10173,1801987
10174,2448446
10175,2284945
10176,2598393
10177,2422250
10178,2308695
10179,2480486
10180,3108637
10181,2550784
10182,3324633
10183,2460350
10184,2708873
10185,13443148
10186,5540881
10187,2325393
10188,1471095
10189,2306556
10190,1573941
10191,2309444
10192,2287687
10193,2298404
10194,2310298
10195,2227099
10196,2312270
10197,1194971
10198,2789273
10199,5002561
10200,1608242
10201,12587461
10202,1257900
10203,2120541
10204,1184681
10205,2315762
10206,1241820
10207,1574658
10208,1170023
10209,1547501
10210,2441036
10211,2258277
10212,2212311
10213,2381234
10214,2758587
10215,2249299
10216,2345806
10217,2332937
10218,5307397
10219,2344619
10220,3924698
10221,11028272
10222,1201188
10223,1636969
10224,3850514
10225,1730757
10226,2491022
10227,1183909
10228,2050808
10229,1148233
10230,1186361
10231,1081851
10232,1719652
10233,1680218
10234,1668133
10235,2055918
10236,1166391
10237,9211745
10238,5328665
10239,2356135
10240,2348655
10241,1688906
10242,2728919
10243,2276585
10244,1467371
10245,1928445
10246,1475349
10247,2335561
10248,2283778
10249,1358583
10250,3996190
10251,3764227
10252,1540034
10253,1123407
10254,2704648
10255,2279523
10256,2273465
10257,1147176
10258,1136276
10259,2208996
10260,1197100
10261,9072844
10262,3058686
10263,2368885
10264,5353303
10265,1640619
10266,2995991
10267,1102703
10268,3372973
10269,1346630
10270,1104653
10271,2244718
10272,1164962
10273,9870991
10274,5315927
10275,2386468
10276,1200699
10277,1614086
10278,1138025
10279,1192697
10280,1948837
10281,3826682
10282,2640333
10283,3539511
10284,2857233
10285,1910540
10286,2416916
10287,6569974
10288,2455085
10289,17349822
10290,3601784
10291,1098879
10292,3713078
10293,2069413
10294,7466933
10295,2652017
10296,1956845
10297,1979389
10298,2033095
10299,3232364
10300,3815053
10301,4433335
10302,7327456
10303,1170701
10304,10505681
10305,8767206
10306,3144602
10307,4289269
10308,4146924
10309,5156937
10310,2225158
10311,2104046
10312,1313164
10313,17128142
10314,3390933
10315,2803875
10316,2109088
10317,2267320
10318,2185813
10319,2155955
10320,3000096
10321,2629078
10322,7184224
10323,4456292
10324,2952450
10325,2062771
10326,4133960
10327,4783213
10328,2187867
10329,5171487
10330,1255677
10331,2667944
10332,3403919
10333,1976081
10334,8305577
10335,2396351
10336,2207435
10337,3714469
10338,2743492
10339,4153832
10340,3787068
10341,18012303
10342,2235264
10343,1114342
10344,1307839
10345,4341967
10346,1732413
10347,1975475
10348,3229622
10349,2767251
10350,6915091
10351,5343866
10352,1962080
10353,3831318
10354,9457338
10355,1459136
10356,2789829
10357,13277215
10358,1091357
10359,1171455
10360,3284872
10361,2141212
10362,3871833
10363,2113474
10364,4096066
10365,15640317
10366,2551615
10367,2322906
10368,1266562
10369,2206482
10370,4035714
10371,2973483
10372,2066506
10373,5396120
10374,4668405
10375,3300443
10376,1017233
10377,4326206
10378,4186921
10379,3910638
10380,8449934
10381,5260882
10382,3249479
10383,5733870
10384,5377885
10385,5560599
10386,11174315
10387,2216183
10388,2926153
10389,3902581
10390,3620611
10391,4159786
10392,5976166
10393,5326757
10394,4586571
10395,3561701
10396,2284773
10397,2267539
10398,5049230
10399,2541360
10400,3763869
10401,6177506
10402,2874975
10403,3529808
10404,1948334
10405,2062763
10406,4490523
10407,1896118
10408,1824348
10409,3988175
10410,2951549
10411,2001072
10412,4162843
10413,5893224
10414,5176431
10415,3645433
10416,6615101
10417,2346642
10418,9590517
10419,2069589
10420,4197355
10421,2182638
10422,2797945
10423,3200578
10424,5822556
10425,4509851
10426,3830489
10427,6055052
10428,5476656
10429,3634221
10430,1662645
10431,4140575
10432,3164908
10433,2380926
10434,6210234
10435,3674967
10436,3473720
10437,3255020
10438,3592133
10439,2214471
10440,2215724
10441,2088758
10442,2226085
10443,1714589
10444,2828372
10445,2611274
10446,3802464
10447,4348815
10448,3406588
10449,5129366
10450,3617583
10451,1267033
10452,2807139
10453,1556371
10454,3351925
10455,3884659
10456,4319417
10457,2516400
10458,3373850
10459,2189608
10460,1691593
10461,2326884
10462,1598989
10463,5217787
10464,3527885
10465,9932182
10466,5835844
10467,3321574
10468,6131014
10469,14290998
10470,8987929
10471,3689467
10472,2805275
10473,2269550
10474,5739440
10475,4440586
10476,7567763
10477,11528162
10478,4314609
10479,3419739
10480,3910516
10481,3788272
10482,3969401
10483,5525452
10484,3805687
10485,6945377
10486,2162558
10487,1907104
10488,2308699
10489,3388737
10490,6930707
10491,4400790
10492,3125181
10493,10734209
10494,1527797
10495,4066254
10496,2206205
10497,4122889
10498,1807187
10499,2577632
10500,3350758
10501,2554865
10502,2428210
10503,5314879
10504,3386908
10505,3201598
10506,6548104
10507,6182331
10508,3930715
10509,18312325
10510,6702049
10511,5216404
10512,1786382
10513,3710489
10514,1826924
10515,1006746
10516,2912208
10517,2237147
10518,2913535
10519,2591790
10520,2388962
10521,1820166
10522,1965279
10523,5002749
10524,2080467
10525,10252212
10526,1873811
10527,1032962
10528,2103889
10529,4975978
10530,6686880
10531,2087727
10532,1363386
10533,13156290
10534,4042992
10535,3050698
10536,3079679
10537,4755882
10538,3147564
10539,6357464
10540,5606000
10541,4196662
10542,3063274
10543,3562835
10544,3421868
10545,2481283
10546,3676661
10547,1086782
10548,5725427
10549,19913157
10550,10369230
10551,5865339
10552,5728453
10553,3919573
10554,1113547
10555,2747963
10556,2579182
10557,18153682
10558,3284398
10559,5344229
10560,4741897
10561,3362032
10562,5257612
10563,3680325
10564,3341560
10565,3295669
10566,4144677
10567,6527644
10568,6087607
10569,2835570
10570,2303311
10571,4790380
10572,3911777
10573,16313118
10574,8728672
10575,3324450
10576,3446485
10577,3360517
10578,5238611
10579,5164513
10580,1131161
10581,5784762
10582,3525766
10583,4255504
10584,2561357
10585,3154937
10586,2941387
10587,5683533
10588,4790492
10589,17854303
10590,8093110
10591,1094066
10592,4292988
10593,3325831
10594,3120241
10595,3051925
10596,2437864
10597,1250643
10598,1544860
10599,2809318
10600,1891838
10601,7868326
10602,4387364
10603,2344696
10604,6473042
10605,1917920
10606,6330271
10607,2444550
10608,3559894
10609,2107095
10610,1099399
10611,5408522
10612,1835291
10613,2940860
10614,5451844
10615,4675756
10616,5538848
10617,4631883
10618,8034261
10619,2517963
10620,1939788
10621,16538627
10622,2337047
10623,1939486
10624,9379946
10625,2483868
10626,3139168
10627,2729499
10628,2501389
10629,2467097
10630,4546223
10631,2377385
10632,3248962
10633,13033496
10634,7392964
10635,9387105
10636,5228417
10637,5166541
10638,2068709
10639,1938429
10640,2716311
10641,2183769
10642,5494349
10643,6191884
10644,3317221
10645,14831057
10646,8413980
10647,3186748
10648,2115183
10649,1921877
10650,7327177
10651,4404186
10652,4697023
10653,1637038
10654,1395905
10655,5630324
10656,5356256
10657,11470227
10658,3338569
10659,4382526
10660,2504694
10661,15428751
10662,5924726
10663,6606986
10664,4435293
10665,2428416
10666,10566820
10667,6185177
10668,1557900
10669,4220983
10670,2726646
10671,3439916
10672,1802361
10673,2343835
10674,2330714
10675,1165859
10676,1140315
10677,18515136
10678,7037334
10679,3481497
10680,3360241
10681,3452151
10682,3572412
10683,6726932
10684,4114294
10685,1711444
10686,2872499
10687,1100671
10688,2466417
10689,21128259
10690,4312237
10691,3603323
10692,5145907
10693,4023029
10694,9490547
10695,5983979
10696,4718786
10697,2188352
10698,6195342
10699,2590454
10700,2725174
10701,1238294
10702,1415321
10703,2287946
10704,2310891
10705,12098607
10706,8150642
10707,5596779
10708,1369560
10709,2377230
10710,3380749
10711,4144087
10712,4854159
10713,3468966
10714,4508289
10715,3496317
10716,2233583
10717,2237820
10718,8615480
10719,1288415
10720,3673451
10721,15386751
10722,4026267
10723,1203671
10724,2347504
10725,2210168
10726,2274865
10727,4486760
10728,6393199
10729,17033813
10730,1911264
10731,2932024
10732,3167812
10733,2057384
10734,2391825
10735,2038935
10736,2797326
10737,3719404
10738,1979746
10739,2091880
10740,1402645
10741,19174333
10742,3423552
10743,3115516
10744,2124415
10745,5070276
10746,1479303
10747,4874827
10748,2375605
10749,2780546
10750,2229859
10751,1051445
10752,3458379
10753,4497321
10754,2823432
10755,2303585
10756,2783459
10757,2164441
10758,2018411
10759,1879472
10760,2771848
10761,16976601
10762,1491030
10763,3081520
10764,2574708
10765,2206903
10766,10546900
10767,4267981
10768,2501865
10769,2556138
10770,2610409
10771,2438474
10772,1171611
10773,2960542
10774,4118964
10775,3405505
10776,3053839
10777,17362881
10778,3104811
10779,3516553
10780,3787161
10781,4081965
10782,7117135
10783,1938423
10784,3275256
10785,4043285
10786,6370809
10787,4514761
10788,3587560
10789,3752609
10790,3269754
10791,3572871
10792,3807629
10793,3604981
10794,2246508
10795,4863487
10796,2181743
10797,2489998
10798,3115275
10799,2598905
10800,1932301
10801,2411905
10802,8192511
10803,1884628
10804,3195123
10805,3271955
10806,2250776
10807,2330885
10808,2831876
10809,3565190
10810,2162179
10811,3110651
10812,6859323
10813,7380546
10814,4443531
10815,2159051
10816,3246705
10817,3562937
10818,5067039
10819,4021780
10820,3087019
10821,5511189
10822,3398233
10823,1566753
10824,2066416
10825,2500676
10826,3555145
10827,3741522
10828,2587438
10829,2731852
10830,8381704
10831,1945399
10832,2399943
10833,3013454
10834,3031990
10835,3197233
10836,1072675
10837,11690277
10838,6217527
10839,2287576
10840,2724314
10841,2076172
10842,3194141
10843,3317814
10844,5405145
10845,2268125
10846,3845888
10847,1314773
10848,2905227
10849,3117745
10850,4009203
10851,3473109
10852,3080873
10853,2262098
10854,1969933
10855,1179265
10856,1858243
10857,1426460
10858,2136301
10859,2163740
10860,1566974
10861,1128318
10862,2188785
10863,2337257
10864,1550023
10865,1432519
10866,2310974
10867,2554327
10868,1246984
10869,1792905
10870,4326649
10871,2691780
10872,2859561
10873,2911417
10874,3201596
10875,4812636
10876,4275949
10877,2079347
10878,1950561
10879,1149329
10880,5682810
10881,2341908
10882,8554478
10883,5261430
10884,3643062
10885,2351022
10886,5134921
10887,2451832
10888,2111389
10889,2472816
10890,3275796
10891,2395906
10892,2247209
10893,3510397
10894,1744759
10895,3265561
10896,4378040
10897,15924539
10898,7964361
10899,2121230
10900,1767414
10901,5381205
10902,5435597
10903,6088562
10904,2517216
10905,1712433
10906,1944080
10907,1863840
10908,2035739
10909,2514312
10910,3886070
10911,1489107
10912,2672808
10913,2781264
10914,3969225
10915,2613331
10916,1622144
10917,3189465
10918,5962912
10919,1064362
10920,4440313
10921,8022603
10922,2598877
10923,4125045
10924,2576591
10925,3103815
10926,3596920
10927,2773821
10928,4069040
10929,3610752
10930,4375821
10931,4744264
10932,1474889
10933,3458498
10934,5553639
10935,3607423
10936,1398796
10937,21711365
10938,6347446
10939,2371737
10940,2365942
10941,2093904
10942,1731557
10943,1573920
10944,3721578
10945,4607491
10946,5319692
10947,2126397
10948,3182434
10949,4578314
10950,7476715
10951,2900082
10952,4358935
10953,18432139
10954,2678812
10955,3896523
10956,1251541
10957,2659471
10958,3788626
10959,5996093
10960,6199514
10961,4314571
10962,5080148
10963,2604723
10964,1704349
10965,3577777
10966,9668353
10967,3828560
10968,2265917
10969,4006483
10970,2120218
10971,2057040
10972,2115713
10973,15750051
10974,2127732
10975,1129937
10976,4026665
10977,5143084
10978,4448670
10979,2340989
10980,2493257
10981,2848604
10982,1895840
10983,3215205
10984,3585258
10985,3527777
10986,1644689
10987,2035697
10988,2387145
10989,4468404
10990,5642401
10991,3673389
10992,3152257
10993,17828169
10994,3732273
10995,5343574
10996,1968007
10997,5835628
10998,5911570
10999,5213829
11000,3658673
11001,4544567
11002,4547521
11003,2585229
11004,7478331
11005,10759041
11006,11536765
11007,2010046
11008,6598268
11009,4648713
11010,2098383
11011,2038844
11012,2338920
11013,16966162
11014,4208290
11015,2681959
11016,3352742
11017,2975563
11018,5897707
11019,4977183
11020,3713399
11021,6539285
11022,4671171
11023,2948288
11024,3133140
11025,3722953
11026,3500527
11027,3715626
11028,1392806
11029,4469812
11030,7991101
11031,3173296
11032,1966128
11033,2112607
11034,2970000
11035,3364078
11036,3688596
11037,2956348
11038,3216938
11039,1159462
11040,2592999
11041,3927208
11042,3761602
11043,7149329
11044,6723240
11045,2797054
11046,3249859
11047,3202227
11048,8959711
11049,1757966
11050,10214549
11051,3620302
11052,3177904
11053,19481165
11054,2437641
11055,6330187
11056,4294585
11057,1194979
11058,1776698
11059,5974321
11060,1609000
11061,1911400
11062,8444212
11063,3803842
11064,2395677
11065,3741342
11066,3580964
11067,2615678
11068,2329799
11069,18209244
11070,9137335
11071,1699842
11072,3906419
11073,1248569
11074,5170756
11075,2572352
11076,2285202
11077,4888590
11078,2339089
11079,1864232
11080,2287501
11081,4146767
11082,2271925
11083,4923158
11084,7340978
11085,3281398
11086,7943132
11087,1871778
11088,2259704
11089,17279244
11090,3392913
11091,1948855
11092,1035105
11093,3673340
11094,3049593
11095,4319114
11096,1908149
11097,1849484
11098,6080643
11099,1764460
11100,3538259
11101,1695975
11102,2403499
11103,1373854
11104,3439875
11105,15932439
11106,16867494
11107,2394238
11108,2941710
11109,1930441
11110,2176564
11111,2010703
11112,3383084
11113,1259590
11114,2932332
11115,3801010
11116,1980083
11117,3789833
11118,5830001
11119,1751432
11120,4274359
11121,3916218
11122,3654033
11123,4034669
11124,1107420
11125,4442276
11126,2161090
11127,18699885
11128,4237089
11129,22063239
11130,3221579
11131,2377184
11132,2644741
11133,4023976
11134,3835080
11135,1138809
11136,2063243
11137,1217589
11138,10915357
11139,5859857
11140,8693923
11141,4721839
11142,5880325
11143,2561936
11144,5706059
11145,2272866
11146,2536513
11147,6364697
11148,19393968
11149,4604219
11150,5497373
11151,2541338
11152,3619541
11153,3127585
11154,2518823
11155,2527953
11156,1349369
11157,4997949
11158,2129121
11159,3575088
11160,2294197
11161,2157417
11162,2466705
11163,2308045
11164,2434838
11165,2157748
11166,5844938
11167,1312870
11168,3665478
11169,4607446
11170,2920419
11171,5415868
11172,2755270
11173,2371082
11174,2495412
11175,2483514
11176,2793915
11177,16392369
11178,8649190
11179,3548578
11180,2746364
11181,2878181
11182,2025156
11183,3252203
11184,2506598
11185,2190112
11186,4303015
11187,1805835
11188,1565467
11189,3954673
11190,3164621
11191,2782280
11192,2943368
11193,2356138
11194,5899437
11195,2976180
11196,3239446
11197,13038722
11198,4350197
11199,1174345
11200,3517815
11201,3023091
11202,3901267
11203,2582054
11204,2500693
11205,2911491
11206,3696499
11207,6545074
11208,3469741
11209,2697432
11210,6298982
11211,3935699
11212,2203434
11213,12797624
11214,2696310
11215,2810444
11216,2740647
11217,2334854
11218,4917952
11219,2815432
11220,1704695
11221,2168353
11222,3609150
11223,2815061
11224,4012585
11225,1995976
11226,3124870
11227,2509768
11228,5221099
11229,18119681
11230,7983456
11231,1102291
11232,5820598
11233,6124860
11234,5157241
11235,3714660
11236,1140704
11237,2561023
11238,8040550
11239,1364277
11240,3483714
11241,1230227
11242,6545492
11243,2369985
11244,3347542
11245,10862607
11246,4755139
11247,4790753
11248,4289973
11249,1303490
11250,5230205
11251,3237688
11252,2097325
11253,5950517
11254,2291814
11255,4459487
11256,2888549
11257,16076223
11258,8194059
11259,5305377
11260,4051343
11261,4595694
11262,4393523
11263,5269582
11264,4667341
11265,3563859
11266,2451427
11267,1257197
11268,3343525
11269,3349985
11270,3427941
11271,2243428
11272,3316286
11273,1208125
11274,4291281
11275,1834113
11276,1960512
11277,15405342
11278,1739692
11279,5119768
11280,1880260
11281,3209661
11282,2040999
11283,3223126
11284,1367927
11285,1986731
11286,13290056
11287,5601915
11288,2213311
11289,2475062
11290,1948287
11291,3952733
11292,3392113
11293,4985509
11294,3600697
11295,3395482
11296,5983589
11297,2905127
11298,7155331
11299,4842330
11300,2254641
11301,3536083
11302,2053275
11303,2716445
11304,6788689
11305,13426439
11306,6182180
11307,3691810
11308,3367511
11309,2444318
11310,1959885
11311,2305943
11312,5428831
11313,2744229
11314,3911685
11315,3650569
11316,6682875
11317,1939358
11318,4047084
11319,3946071
11320,3746165
11321,2469884
11322,3269174
11323,2133796
11324,2804680
11325,2081879
11326,2433917
11327,1942544
11328,3417032
11329,2584192
11330,2936124
11331,4451820
11332,7299262
11333,17503646
11334,5951587
11335,3570581
11336,2187875
11337,6633117
11338,3293629
11339,5446316
11340,2437355
11341,5194360
11342,5349260
11343,6690110
11344,2379214
11345,1807458
11346,3661613
11347,3066275
11348,1183626
11349,15999708
11350,2616695
11351,2768328
11352,5913200
11353,3567276
11354,2651662
11355,2730590
11356,4586387
11357,3926374
11358,6760653
11359,1139290
11360,3248695
11361,3355446
11362,2573026
11363,3224100
11364,3057559
11365,14968824
11366,4722342
11367,2530349
11368,5563573
11369,3359479
11370,6919929
11371,4132799
11372,3123971
11373,2492336
11374,4647487
11375,2450512
11376,4349512
11377,1086469
11378,3680639
11379,4177123
11380,1384254
11381,4180403
11382,3883256
11383,3586518
11384,5098700
11385,18532522
11386,3843258
11387,3508085
11388,3597945
11389,3961687
11390,3614457
11391,1304802
11392,4003673
11393,2433806
11394,4064571
11395,6067577
11396,5365834
11397,5374336
11398,3231738
11399,5136362
11400,4178459
11401,5370636
11402,5683315
11403,4994331
11404,3639907
11405,17922282
11406,3008434
11407,2091086
11408,6007948
11409,6101770
11410,5781925
11411,5424871
11412,2027004
11413,5185321
11414,3247557
11415,3982139
11416,5283810
11417,6554076
11418,2770530
11419,3890021
11420,3605752
11421,4262958
11422,2628319
11423,2408142
11424,2834912
11425,2415133
11426,11505546
11427,9064227
11428,3643649
11429,4857619
11430,8378761
11431,4425955
11432,4251296
11433,2666121
11434,4553906
11435,5121292
11436,4286663
11437,4302329
11438,4820158
11439,6254667
11440,4864498
11441,3114358
11442,7756148
11443,5428217
11444,2738493
11445,4706322
11446,5069790
11447,4253172
11448,4336301
11449,5223171
11450,3503654
11451,2895946
11452,3426863
11453,4203335
11454,1888001
11455,1519981
11456,2104578
11457,3759269
11458,7096762
11459,5227863
11460,2183181
11461,5909300
11462,4359887
11463,6058776
11464,3580460
11465,1977791
11466,2441368
11467,1766283
11468,1941178
11469,2625483
11470,6944041
11471,2523502
11472,3551207
11473,2069091
11474,1256072
11475,3787146
11476,1155247
11477,3420474
11478,3870496
11479,3792927
11480,3182015
11481,2586581
11482,3313880
11483,2390950
11484,10017907
11485,2286013
11486,2675056
11487,4293518
11488,2126644
11489,1812237
11490,2396996
11491,1994564
11492,2629229
11493,3913758
11494,6853835
11495,2012695
11496,2022358
11497,2619481
11498,3467920
11499,1828840
11500,2119466
11501,4315297
11502,5167226
11503,1890626
11504,1851186
11505,4048043
11506,5941513
11507,2440389
11508,1772268
11509,2257355
11510,4276895
11511,3442290
11512,4091733
11513,5795349
11514,6903322
11515,5142254
11516,3119929
11517,18634874
11518,4899815
11519,4348903
11520,2551980
11521,1824217
11522,6718135
11523,2899117
11524,2545693
11525,1806510
11526,3718315
11527,2591075
11528,2388755
11529,2049060
11530,3138850
11531,1869870
11532,5384864
11533,7953964
11534,6431221
11535,4284114
11536,3528791
11537,5841375
11538,4080373
11539,1897674
11540,7749147
11541,8706419
11542,1109305
11543,3493981
11544,2177580
11545,1188087
11546,1447227
11547,4265776
11548,1071188
11549,1086426
11550,3310317
11551,1126755
11552,3397265
11553,3228669
11554,9381627
11555,2362953
11556,2129783
11557,16024162
11558,2409453
11559,3832376
11560,1584592
11561,4639954
11562,2232975
11563,4714208
11564,2191239
11565,2436872
11566,5040751
11567,5936280
11568,6553580
11569,5682470
11570,2986187
11571,3528718
11572,3934520
11573,17964565
11574,2963511
11575,2864524
11576,3766425
11577,2260321
11578,3718124
11579,3389733
11580,3343105
11581,4288731
11582,3289947
11583,1449335
11584,4408045
11585,3220470
11586,1800518
11587,1196549
11588,2455073
11589,7737848
11590,3857378
11591,1644594
11592,1278700
11593,1885661
11594,1262572
11595,1088840
11596,994430
11597,1205772
11598,1143785
11599,1136049
11600,1227772
11601,3701228
11602,5464367
11603,2551877
11604,1302286
11605,3219250
11606,2288841
11607,1877454
11608,3598507
11609,18218611
11610,5974782
11611,3488309
11612,2800668
11613,4700056
11614,10159358
11615,2498643
11616,2592904
11617,3927409
11618,2135008
11619,2879691
11620,2099859
11621,16424713
11622,3996865
11623,4210906
11624,3712382
11625,4617848
11626,4934648
11627,4041516
11628,4106406
11629,2080710
11630,10621865
11631,4445896
11632,4082625
11633,3403049
11634,4196873
11635,3541651
11636,1203345
11637,5721806
11638,8772446
11639,6153864
11640,6102490
11641,5339723
11642,8098543
11643,4555898
11644,4003563
11645,17435981
11646,3246440
11647,1713156
11648,2203946
11649,4909358
11650,4372401
11651,3278547
11652,3494030
11653,1717048
11654,3008471
11655,4351141
11656,2750304
11657,9530710
11658,6928110
11659,2434689
11660,2100004
11661,1964640
11662,3231032
11663,3040645
11664,2812552
11665,2417374
11666,2398337
11667,2469498
11668,1147804
11669,5572375
11670,5255012
11671,3656515
11672,4249386
11673,17149650
11674,8926908
11675,4155924
11676,3459007
11677,2490452
11678,4055761
11679,2195601
11680,2670941
11681,3740690
11682,2503827
11683,6649882
11684,3197378
11685,14700816
11686,3623763
11687,1249493
11688,1716700
11689,1338547
11690,6436448
11691,2380424
11692,3210310
11693,1520346
11694,1808911
11695,2858400
11696,2413413
11697,2366926
11698,7029022
11699,4432274
11700,1129423
11701,15211988
11702,2149946
11703,3991988
11704,12862072
11705,1870088
11706,3409185
11707,2667726
11708,2482150
11709,2185033
11710,7290320
11711,2268328
11712,2035115
11713,13842711
11714,5874706
11715,4418568
11716,2321344
11717,2555367
11718,2272029
11719,1465107
11720,2013257
11721,1479037
11722,2417970
11723,2266462
11724,2077167
11725,4389834
11726,9839852
11727,3429237
11728,2571682
11729,2034934
11730,3006614
11731,1975925
11732,1100640
11733,11831108
11734,5047475
11735,3420989
11736,7092875
11737,6017760
11738,3338514
11739,2420396
11740,2575186
11741,1212306
11742,3217389
11743,1762776
11744,2155712
11745,3140527
11746,2566173
11747,1997638
11748,3601432
11749,2903485
11750,2407101
11751,3288889
11752,3036088
11753,8363278
11754,2718100
11755,1758094
11756,1817202
11757,3021651
11758,6644003
11759,2119864
11760,2035707
11761,2460931
11762,8061868
11763,2691173
11764,1794053
11765,5540959
11766,2718703
11767,1928544
11768,2016854
11769,1825792
11770,6504607
11771,2665856
11772,2540041
11773,13200088
11774,2795281
11775,1852730
11776,2009323
11777,2058717
11778,2919237
11779,2081685
11780,3329741
11781,2723570
11782,2823667
11783,2202947
11784,3000188
11785,1053502
11786,6951810
11787,1990022
11788,1830973
11789,1962796
11790,5414976
11791,1751106
11792,2868843
11793,10792872
11794,2483759
11795,1866520
11796,2308908
11797,1218653
11798,9560772
11799,5524918
11800,4690762
11801,6112556
11802,4494506
11803,4017093
11804,4151300
11805,5933577
11806,1326406
11807,2385010
11808,1806331
11809,13801096
11810,8255974
11811,3386027
11812,2013730
11813,3804703
11814,2795808
11815,5966550
11816,4884226
11817,2108370
11818,4963824
11819,3691501
11820,7937389
11821,2679628
11822,1128414
11823,2426486
11824,3830195
11825,3748414
11826,1926973
11827,2103943
11828,7382533
11829,1740841
11830,2273270
11831,1754736
11832,2266639
11833,19837011
11834,5211263
11835,6595553
11836,2266156
11837,2104764
11838,2678827
11839,3399075
11840,5340084
11841,6869516
11842,4055417
11843,2706274
11844,1849008
11845,5984355
11846,4354207
11847,3352739
11848,2312845
11849,17146983
11850,5346695
11851,3236222
11852,3642272
11853,4128383
11854,3984255
11855,3300382
11856,3378064
11857,3906179
11858,8804848
11859,1049707
11860,3909239
11861,2997253
11862,3844072
11863,4146002
11864,5881256
11865,18361165
11866,7716894
11867,7743736
11868,2875748
11869,5103288
11870,1428926
11871,2346580
11872,3732332
11873,3273979
11874,3191727
11875,1861136
11876,2438004
11877,2326468
11878,4329083
11879,2552375
11880,2579618
11881,3023617
11882,9479208
11883,5381024
11884,4061587
11885,17317454
11886,3205595
11887,3194839
11888,3726835
11889,4229198
11890,1093736
11891,2967743
11892,6951488
11893,2797836
11894,3866205
11895,2357084
11896,5340595
11897,3889469
11898,7128329
11899,4283072
11900,2139062
11901,4593904
11902,2128108
11903,2809236
11904,7677634
11905,7189195
11906,3659016
11907,2599605
11908,2258498
11909,3715963
11910,6647246
11911,4883604
11912,3093342
11913,4426558
11914,2125650
11915,2081504
11916,2068861
11917,2075715
11918,2067112
11919,2384091
11920,5696549
11921,4356422
11922,6773886
11923,1250948
11924,3451952
11925,17052767
11926,4440476
11927,4145424
11928,6014874
11929,5748437
11930,4543507
11931,5444166
11932,2890176
11933,3510902
11934,1366221
11935,2688275
11936,12297846
11937,6114117
11938,7629942
11939,2626030
11940,2543776
11941,1887459
11942,2843330
11943,3128090
11944,2221219
11945,2073651
11946,3461730
11947,5265058
11948,4419093
11949,16004664
11950,3074176
11951,3311030
11952,3207703
11953,3737275
11954,8753949
11955,1198647
11956,4731554
11957,3420998
11958,4168315
11959,3232480
11960,4113177
11961,7910218
11962,2695053
11963,3881605
11964,3583070
11965,3389709
11966,6228307
11967,4546991
11968,7031162
11969,6140247
11970,3492984
11971,2325626
11972,3731584
11973,3537854
11974,8099335
11975,2274369
11976,2420491
11977,17897945
11978,3641365
11979,2555170
11980,4347112
11981,5189784
11982,12262913
11983,4595636
11984,3506728
11985,1881119
11986,2149346
11987,2251330
11988,3952081
11989,2858063
11990,2962528
11991,1964734
11992,2071285
11993,7351497
11994,2365988
11995,2141402
11996,2063288
11997,3233377
11998,2806479
11999,3425215
12000,1835126
12001,4153888
12002,2246674
12003,3822429
12004,4942666
12005,4025322
12006,2278413
12007,3907099
12008,2851893
12009,17701500
12010,3360507
12011,1692157
12012,3754783
12013,2070720
12014,9242754
12015,2601148
12016,2278578
12017,3816372
12018,4008851
12019,2424294
12020,5105763
12021,2015810
12022,4517104
12023,4071649
12024,3526971
12025,3424323
12026,6232384
12027,1815315
12028,3502361
12029,13981633
12030,3000779
12031,3855723
12032,4240937
12033,4749389
12034,2321260
12035,2080622
12036,2467165
12037,2632226
12038,1158451
12039,1244158
12040,2223049
12041,10081915
12042,3838847
12043,2077363
12044,7370699
12045,2465622
12046,5081070
12047,2183324
12048,2210830
12049,2271937
12050,1785441
12051,2689315
12052,2895893
12053,2307731
12054,2404171
12055,2396735
12056,1184087
12057,2247812
12058,4964082
12059,2268283
12060,2232710
12061,9051422
12062,2254912
12063,2355114
12064,2388449
12065,2272493
12066,1877336
12067,1071006
12068,1059928
12069,1101769
12070,5153737
12071,1153251
12072,2943901
12073,1175002
12074,3765155
12075,3449757
12076,3337644
12077,6174918
12078,3943010
12079,2331456
12080,2353332
12081,17582171
12082,9122201
12083,1024240
12084,2681620
12085,4007306
12086,2242768
12087,5303191
12088,2442143
12089,2280577
12090,2419532
12091,4849662
12092,2291025
12093,5419775
12094,2706004
12095,1778859
12096,2515435
12097,3503187
12098,1647889
12099,2200357
12100,4066270
12101,12762523
12102,9965705
12103,3841353
12104,1132018
12105,5021704
12106,3833215
12107,5922417
12108,4298461
12109,5607922
12110,2520258
12111,5150429
12112,3626761
12113,22320975
12114,11538036
12115,2224945
12116,4645549
12117,3624677
12118,1804905
12119,1313963
12120,4203914
12121,4610497
12122,7267423
12123,5656353
12124,3574113
12125,2235556
12126,3222760
12127,3917464
12128,4286731
12129,3453741
12130,8376085
12131,2871973
12132,3304197
12133,16748236
12134,3458628
12135,3861431
12136,2172409
12137,4535323
12138,3820928
12139,4107613
12140,3265623
12141,3461376
12142,2616421
12143,3314007
12144,5297337
12145,4867827
12146,4667737
12147,1124550
12148,2420018
12149,1808630
12150,3042332
12151,1653146
12152,3560460
12153,10833877
12154,2718481
12155,2035455
12156,13594092
12157,2152089
12158,7593508
12159,4739814
12160,3425003
12161,3722152
12162,2656408
12163,2424521
12164,3647169
12165,5238990
12166,2963454
12167,2873034
12168,1037490
12169,15294302
12170,8110900
12171,3521095
12172,3265606
12173,2783045
12174,6412313
12175,2817094
12176,2203790
12177,2872461
12178,4128840
12179,1998523
12180,3526718
12181,2129199
12182,4216627
12183,5838054
12184,5562644
12185,2739492
12186,7151514
12187,3995557
12188,3775567
12189,15143883
12190,7733222
12191,3102005
12192,2335901
12193,2281608
12194,4345865
12195,4094972
12196,5130362
12197,2345308
12198,3066625
12199,2335835
12200,2327234
12201,1216110
12202,2240323
12203,2364540
12204,3681379
12205,2285022
12206,1536954
12207,3854740
12208,1243385
12209,1206780
12210,2288632
12211,1187309
12212,6417002
12213,4888657
12214,1712301
12215,1392679
12216,1480573
12217,3632871
12218,1585308
12219,1756272
12220,3036592
12221,4865851
12222,1565147
12223,1190601
12224,1935426
12225,2353158
12226,2481046
12227,2311210
12228,2247822
12229,2132437
12230,1170390
12231,2437772
12232,2349028
12233,2387189
12234,1140243
12235,2351185
12236,8153287
12237,2585517
12238,2681031
12239,2569091
12240,3004895
12241,1453093
12242,2322803
12243,1182311
12244,1632500
12245,9827245
12246,1551611
12247,2409262
12248,2316333
12249,2297783
12250,2411249
12251,2471462
12252,1154115
12253,2399851
12254,1311801
12255,2521333
12256,3549037
12257,2345890
12258,1224887
12259,2376918
12260,8048773
12261,5491721
12262,2500143
12263,3643539
12264,2478464
12265,1348594
12266,3361965
12267,2139852
12268,2158181
12269,2652977
12270,5781346
12271,3029216
12272,3505714
12273,2375494
12274,2575695
12275,2676312
12276,2389785
12277,1364356
12278,13364234
12279,1617671
12280,2616782
12281,2650919
12282,18036442
12283,3335358
12284,1776852
12285,2538661
12286,3409642
12287,2688010
12288,1302922
12289,2717478
12290,3409269
12291,4665029
12292,2649367
12293,1401293
12294,4106552
12295,3554444
12296,3346666
12297,3152247
12298,3771379
12299,1803773
12300,6032661
12301,2551930
12302,2533594
12303,10450106
12304,2611275
12305,1415610
12306,4600006
12307,2478838
12308,1421589
12309,2391968
12310,2560655
12311,2530269
12312,2659133
12313,2677454
12314,5820199
12315,2976191
12316,2905799
12317,1666109
12318,2365464
12319,2424028
12320,2559435
12321,2525550
12322,3693133
12323,2384909
12324,49025195
12325,2709233
12326,2654587
12327,3131587
12328,4596768
12329,2308784
12330,2496723
12331,2878501
12332,2553550
12333,3960606
12334,2756339
12335,2709170
12336,2549586
12337,2627530
12338,5612665
12339,2356820
12340,3723543
12341,2706103
12342,2412201
12343,2525161
12344,4006201
12345,18866022
12346,2615509
12347,2638264
12348,2807955
12349,2514509
12350,2589186
12351,2477220
12352,2322351
12353,2544502
12354,1306452
12355,7569158
12356,2529820
12357,2450371
12358,2956309
12359,2347290
12360,1656630
12361,2474687
12362,2301044
12363,1979847
12364,1982195
12365,2549696
12366,12457146
12367,2528152
12368,2342280
12369,2513029
12370,3643191
12371,2971533
12372,2369146
12373,2319491
12374,1187459
12375,2312794
12376,2441194
12377,2332527
12378,1992199
12379,1806659
12380,2338940
12381,2121965
12382,1155463
12383,2308340
12384,2187785
12385,2518627
12386,5759717
12387,3070455
12388,3862489
12389,2666640
12390,2866076
12391,2280148
12392,1248955
12393,2344286
12394,2472107
12395,2576440
12396,1734523
12397,2313615
12398,2608172
12399,1239724
12400,2395276
12401,10800079
12402,5326568
12403,2682969
12404,2815581
12405,2660945
12406,2455681
12407,7671983
12408,2827401
12409,2469003
12410,1276454
12411,1886344
12412,2453759
12413,2191584
12414,2505584
12415,2838969
12416,3064649
12417,2603060
12418,2875045
12419,1845441
12420,2358508
12421,2628610
12422,2841470
12423,1263173
12424,1927017
12425,2385017
12426,2387749
12427,1629051
12428,2311937
12429,2724216
12430,1729713
12431,2351268
12432,2382843
12433,1297130
12434,3558920
12435,1225923
12436,2499219
12437,2641059
12438,1446592
12439,1829719
12440,2362424
12441,2382129
12442,1771425
12443,4358625
12444,1800451
12445,2342274
12446,4082970
12447,2350063
12448,3724769
12449,2578271
12450,2869052
12451,5882944
12452,1859753
12453,1202010
12454,1809348
12455,2496675
12456,1224493
12457,2394881
12458,5184616
12459,1846993
12460,1648339
12461,1303907
12462,1959335
12463,2569417
12464,1211085
12465,1415980
12466,2757828
12467,2690208
12468,1664044
12469,2441511
12470,5025238
12471,4085525
12472,1249431
12473,1390128
12474,1786020
12475,1267290
12476,1922548
12477,1287448
12478,5326268
12479,2439466
12480,2353602
12481,2432478
12482,1594499
12483,3173878
12484,2162873
12485,2307004
12486,2305734
12487,4206502
12488,3285294
12489,3452703
12490,1671953
12491,4096480
12492,1401433
12493,1533319
12494,2468092
12495,10026249
12496,2518863
12497,2259889
12498,7777009
12499,1915416
12500,3267838
12501,1313345
12502,2334372
12503,2305622
12504,3164888
12505,1214682
12506,1243481
12507,5598239
12508,3340304
12509,2271590
12510,5872779
12511,1611420
12512,1285375
12513,1416342
12514,2451535
12515,1852142
12516,2531319
12517,2419924
12518,5340104
12519,2545411
12520,2359245
12521,2288864
12522,2303268
12523,1161845
12524,1454041
12525,2658085
12526,2835077
12527,1395160
12528,2372825
12529,2299954
12530,3248034
12531,1182899
12532,2298522
12533,1323055
12534,4704474
12535,2599153
12536,1318727
12537,1960509
12538,1647600
12539,2549177
12540,2572775
12541,1308428
12542,2475028
12543,1857328
12544,2828538
12545,2408276
12546,5057843
12547,2973595
12548,2835205
12549,2738199
12550,1897428
12551,7985727
12552,2215163
12553,2252942
12554,2908838
12555,2532137
12556,1394339
12557,1189171
12558,2468451
12559,2303227
12560,2282453
12561,2488413
12562,5198110
12563,2836743
12564,1261194
12565,2352174
12566,3697500
12567,8190194
12568,2619611
12569,1859364
12570,2589642
12571,1772314
12572,2438917
12573,3471724
12574,2662940
12575,2561487
12576,3873340
12577,2516520
12578,6700205
12579,2438252
12580,2622762
12581,2729541
12582,7416880
12583,1549844
12584,2309922
12585,2332169
12586,2359671
12587,2226802
12588,2105102
12589,2350319
12590,2498332
12591,1911328
12592,1320549
12593,1201993
12594,1491104
12595,5514882
12596,1201919
12597,3162790
12598,2902102
12599,2336993
12600,1509799
12601,1848811
12602,2205033
12603,1194090
12604,1688489
12605,1701552
12606,1872151
12607,2306008
12608,1295411
12609,2349318
12610,5194394
12611,2439924
12612,1780874
12613,2332685
12614,2575371
12615,1218756
12616,1583250
12617,2371188
12618,1724442
12619,5405623
12620,2332518
12621,2024083
12622,2519868
12623,1647991
12624,1836115
12625,3932602
12626,2363181
12627,2457465
12628,1211026
12629,2448220
12630,2509104
12631,1232086
12632,1212317
12633,2447188
12634,5470380
12635,2578831
12636,2416541
12637,2314824
12638,1238192
12639,2620221
12640,2398037
12641,1979368
12642,2441814
12643,1204649
12644,1629095
12645,1210442
12646,1630353
12647,3447157
12648,1617389
12649,2289519
12650,1726561
12651,1326762
12652,1542998
12653,2187808
12654,2898343
12655,2291043
12656,1233375
12657,2829444
12658,1590200
12659,2169429
12660,1447911
12661,2524456
12662,2432144
12663,1229961
12664,1203337
12665,1682236
12666,5487399
12667,2423140
12668,2155054
12669,4105970
12670,5443809
12671,4654964
12672,3607165
12673,2658586
12674,4153311
12675,4013051
12676,5809050
12677,5715842
12678,2304726
12679,2369861
12680,4729536
12681,4416644
12682,3767188
12683,1145361
12684,3664355
12685,4726601
12686,9679760
12687,2638133
12688,3708925
12689,3964899
12690,5072645
12691,5529884
12692,4910753
12693,3170202
12694,4445566
12695,5204557
12696,4974531
12697,3290744
12698,2611818
12699,3284547
12700,1195168
12701,7222145
12702,4706997
12703,4358350
12704,2364432
12705,2185926
12706,6504062
12707,6118973
12708,1450412
12709,2204544
12710,15764428
12711,11691055
12712,2454586
12713,4008000
12714,3454852
12715,3347825
12716,5953295
12717,1887306
12718,3512132
12719,1648541
12720,3816625
12721,3054933
12722,1974827
12723,4306085
12724,5678550
12725,4227052
12726,1921912
12727,6658577
12728,3674846
12729,4312809
12730,5775042
12731,5495078
12732,3543877
12733,5852993
12734,4156906
12735,8883627
12736,3383714
12737,2233804
12738,6089864
12739,5616767
12740,2588999
12741,3034995
12742,6293893
12743,1211641
12744,3784529
12745,8654331
12746,2384853
12747,1164286
12748,2921990
12749,1808079
12750,1433375
12751,1223036
12752,3760307
12753,7916632
12754,2410186
12755,12683971
12756,1091043
12757,1775148
12758,1268592
12759,1818028
12760,2629376
12761,5270618
12762,1717392
12763,1628966
12764,4858955
12765,2460882
12766,4889896
12767,2825518
12768,3363767
12769,4738594
12770,3748600
12771,13214454
12772,2740753
12773,5300836
12774,9876699
12775,4027422
12776,1930988
12777,2094986
12778,2659733
12779,1143738
12780,4050413
12781,4670328
12782,4815204
12783,5944581
12784,5824363
12785,2692057
12786,2974222
12787,19955797
12788,3850138
12789,2885507
12790,1570023
12791,3669863
12792,1892834
12793,2017235
12794,2288987
12795,8796838
12796,2676876
12797,3725939
12798,3208581
12799,2891365
12800,2323266
12801,1244614
12802,4333165
12803,4092891
12804,6653132
12805,5168359
12806,2497502
12807,3112331
12808,3593390
12809,2627078
12810,2717110
12811,2544895
12812,2287060
12813,2031338
12814,2680678
12815,2833386
12816,2949264
12817,4157068
12818,3231853
12819,2387391
12820,3817449
12821,4748540
12822,1267878
12823,5907761
12824,4679925
12825,4184071
12826,2788656
12827,2339983
12828,3629511
12829,2206113
12830,1430983
12831,2378267
12832,1627992
12833,2281094
12834,2451727
12835,5827917
12836,1325800
12837,1265679
12838,2894638
12839,1204940
12840,1357746
12841,1243063
12842,2318667
12843,1286790
12844,1844420
12845,2428891
12846,2370443
12847,2144243
12848,2298620
12849,1390061
12850,4024035
12851,2328822
12852,2303864
12853,3924124
12854,2344237
12855,7285434
12856,1383590
12857,1728208
12858,1244117
12859,2239384
12860,1352654
12861,2574140
12862,1709608
12863,2399106
12864,1339520
12865,2331198
12866,5110575
12867,2335168
12868,2201358
12869,2136646
12870,2394702
12871,2210130
12872,1433212
12873,1476369
12874,2301981
12875,2236112
12876,3430908
12877,12419903
12878,3571847
12879,7456042
12880,1092401
12881,1456840
12882,2235773
12883,2240845
12884,2252205
12885,2545351
12886,2054898
12887,2310621
12888,2191737
12889,2181435
12890,5620936
12891,1799832
12892,2219837
12893,1609785
12894,1386452
12895,2470700
12896,2316069
12897,2195483
12898,2240790
12899,7466803
12900,1508930
12901,2538107
12902,2398722
12903,1239546
12904,1257742
12905,2298896
12906,5190520
12907,2299696
12908,1232905
12909,2997159
12910,2295917
12911,2365569
12912,1981233
12913,1173656
12914,1231341
12915,1145294
12916,2321836
12917,2421717
12918,10340707
12919,2859977
12920,4637706
12921,3752328
12922,3599313
12923,3825383
12924,5919365
12925,2664840
12926,5167828
12927,5723192
12928,2146080
12929,5758544
12930,4904878
12931,4539771
12932,5204294
12933,5019665
12934,9205595
12935,4863524
12936,3931756
12937,4034073
12938,4960799
12939,2159237
12940,3520998
12941,8592004
12942,6219899
12943,5532021
12944,4545309
12945,3069775
12946,3176816
12947,5669974
12948,3922432
12949,2182478
12950,7239332
12951,1974153
12952,1858379
12953,4696088
12954,8300924
12955,4456384
12956,3829054
12957,2379748
12958,1982512
12959,2370639
12960,1137666
12961,3830963
12962,6803983
12963,10373270
12964,2782238
12965,2714205
12966,3068781
12967,3735215
12968,7548879
12969,3051691
12970,3272268
12971,948043
12972,996938
12973,3411660
12974,3074870
12975,2135685
12976,2252287
12977,3503032
12978,2242527
12979,2293371
12980,2137266
12981,1995732
12982,7016413
12983,3924915
12984,1796030
12985,4071458
12986,2112136
12987,2026888
12988,2083507
12989,4321419
12990,2013749
12991,1831256
12992,1019244
12993,2353190
12994,3447797
12995,4317664
12996,2759621
12997,2041657
12998,7764646
12999,4705811
13000,4613252
13001,2317915
13002,2313365
13003,2221410
13004,5160020
13005,2386838
13006,4682269
13007,2253513
13008,2241423
13009,4344217
13010,3432796
13011,3668736
13012,3747838
13013,3276871
13014,6669393
13015,5487908
13016,2106853
13017,2348192
13018,2079353
13019,2038049
13020,1846005
13021,2538422
13022,3936002
13023,3863955
13024,1248226
13025,2483143
13026,7283338
13027,6041838
13028,5777059
13029,5175326
13030,1231572
13031,3426079
13032,3247091
13033,3510952
13034,3700835
13035,1147409
13036,3701763
13037,3372772
13038,5383298
13039,11173174
13040,3350755
13041,3601706
13042,3148851
13043,2712653
13044,2581896
13045,7652880
13046,8875202
13047,2963735
13048,3975862
13049,4411346
13050,4194523
13051,3573331
13052,4160039
13053,1824452
13054,1296478
13055,8020497
13056,1053623
13057,3985684
13058,13356690
13059,4763574
13060,4098871
13061,2420145
13062,3316726
13063,12866356
13064,3530301
13065,2421982
13066,3464605
13067,1816762
13068,4643131
13069,6372278
13070,6067175
13071,5166089
13072,4890645
13073,3840154
13074,4483599
13075,3697285
13076,2841248
13077,1461885
13078,2667786
13079,3160972
13080,6104558
13081,2423409
13082,2798304
13083,12232398
13084,4455397
13085,6931148
13086,5713202
13087,3552578
13088,1091800
13089,2966142
13090,4034202
13091,3180382
13092,3319012
13093,2745178
13094,2654245
13095,4070396
13096,5143515
13097,4414592
13098,2279497
13099,1167366
13100,2375632
13101,2815398
13102,6693209
13103,4439181
13104,1396913
13105,1623350
13106,2660835
13107,2431782
13108,2243750
13109,2516461
13110,4225396
13111,2667376
13112,2142410
13113,4478500
13114,4536968
13115,2370190
13116,3842275
13117,4450497
13118,4216324
13119,8864952
13120,1128829
13121,4272177
13122,8838608
13123,3513303
13124,3380211
13125,5047962
13126,4206826
13127,5367874
13128,2412982
13129,2089474
13130,11354017
13131,2634565
13132,2250702
13133,2004315
13134,2520142
13135,6339848
13136,6210440
13137,4117784
13138,9090647
13139,4560083
13140,3851462
13141,1514763
13142,2873908
13143,11344281
13144,4545912
13145,3663022
13146,3983642
13147,3738271
13148,6465729
13149,2373291
13150,2442333
13151,2501733
13152,1980368
13153,1184612
13154,2202347
13155,2578354
13156,1926237
13157,3627902
13158,3732495
13159,2862508
13160,5659066
13161,5211180
13162,2547303
13163,3101459
13164,5605451
13165,5170418
13166,2876310
13167,10765283
13168,2617144
13169,12927469
13170,3364326
13171,2704385
13172,2344558
13173,2388920
13174,3206235
13175,6032458
13176,5563965
13177,4657987
13178,4074125
13179,2895265
13180,2770069
13181,17202045
13182,2805933
13183,3702336
13184,2475890
13185,4404699
13186,3426569
13187,3749307
13188,4038320
13189,2672656
13190,4859544
13191,10728435
13192,2080992
13193,3163731
13194,4668689
13195,2062558
13196,3557136
13197,8599709
13198,4335006
13199,4686327
13200,5450934
13201,6044127
13202,3001992
13203,5540791
13204,4689814
13205,1376536
13206,9409841
13207,5835551
13208,6067921
13209,4857269
13210,5981910
13211,6999519
13212,3400727
13213,6668838
13214,4259644
13215,5464819
13216,1688336
13217,3899519
13218,2492195
13219,2217328
13220,2995091
13221,3755093
13222,9085852
13223,5342286
13224,4979556
13225,3474649
13226,2130936
13227,2555265
13228,8130924
13229,4067423
13230,4427450
13231,3964148
13232,4104774
13233,3708385
13234,2509379
13235,4092441
13236,3778555
13237,2556491
13238,7611590
13239,2067489
13240,4482988
13241,5596455
13242,6370227
13243,5143764
13244,4159217
13245,2005805
13246,1094453
13247,1170592
13248,1504282
13249,1798309
13250,8675585
13251,4099398
13252,2666190
13253,2356426
13254,2835991
13255,1962467
13256,3568445
13257,3100096
13258,4412875
13259,5524818
13260,19215873
13261,3780148
13262,2921741
13263,4137224
13264,2574516
13265,3717778
13266,8130472
13267,11571678
13268,5409574
13269,1791585
13270,7384080
13271,4649543
13272,4891550
13273,3665625
13274,9985930
13275,2469036
13276,3272553
13277,4066922
13278,6764889
13279,5370689
13280,1607343
13281,3147661
13282,2526978
13283,2810022
13284,3080832
13285,2270170
13286,2855544
13287,2648959
13288,2553393
13289,3720643
13290,3272878
13291,1375832
13292,3447810
13293,3717920
13294,3655228
13295,8952911
13296,2603541
13297,2468139
13298,6170248
13299,4131684
13300,2125871
13301,2143526
13302,3665125
13303,4136106
13304,2062425
13305,2638948
13306,1467368
13307,1566204
13308,1709282
13309,5595566
13310,6216677
13311,5798509
13312,1276354
13313,3379635
13314,4434484
13315,3256926
13316,3453287
13317,6330159
13318,1632573
13319,1384462
13320,5216025
13321,3359320
13322,7284103
13323,4261238
13324,2284570
13325,1841085
13326,5188988
13327,4832901
13328,3137862
13329,2350683
13330,3191249
13331,1299794
13332,2295261
13333,2565398
13334,3710183
13335,2773598
13336,5965222
13337,4855306
13338,5185619
13339,4035231
13340,6916275
13341,8324894
13342,4802836
13343,9071160
13344,1290201
13345,5489910
13346,3535164
13347,10318442
13348,2810388
13349,3249133
13350,8292490
13351,4093055
13352,3798352
13353,5814825
13354,1798165
13355,1208576
13356,2157888
13357,6120788
13358,11133797
13359,3683868
13360,2255991
13361,5662568
13362,5781548
13363,4930781
13364,2844576
13365,1837669
13366,2378972
13367,2155851
13368,4521221
13369,1996646
13370,2241031
13371,2279400
13372,2481469
13373,2283288
13374,5999717
13375,2406114
13376,1242102
13377,4665770
13378,4707298
13379,3700010
13380,2046661
13381,2566620
13382,3854192
13383,8740599
13384,2217562
13385,1735266
13386,1935333
13387,5310949
13388,4321409
13389,3695999
13390,3410701
13391,2173060
13392,3738358
13393,6021241
13394,7870763
13395,4022639
13396,3256555
13397,3582243
13398,2601100
13399,3047669
13400,5261753
13401,3252901
13402,14572900
13403,6658299
13404,5149093
13405,2658844
13406,3518968
13407,3916210
13408,2385630
13409,4207882
13410,6249271
13411,5939393
13412,2268062
13413,2832631
13414,6296859
13415,6511961
13416,3203809
13417,3094702
13418,2899493
13419,1546836
13420,3338063
13421,3889531
13422,4050922
13423,1284728
13424,3328877
13425,1936231
13426,5771365
13427,3060313
13428,4192967
13429,2865014
13430,2483877
13431,11504057
13432,3525711
13433,1404967
13434,3178970
13435,1899273
13436,2670140
13437,5092991
13438,2041797
13439,2978640
13440,2201854
13441,3073100
13442,2727391
13443,2664676
13444,2317770
13445,1867509
13446,1894502
13447,2425986
13448,2004058
13449,2371617
13450,2282921
13451,2325960
13452,4991097
13453,2317553
13454,7255985
13455,2603392
13456,2006025
13457,2099755
13458,2266885
13459,10547025
13460,5018876
13461,5505441
13462,4268675
13463,3630836
13464,2091869
13465,5197107
13466,5555802
13467,2711409
13468,2141359
13469,6052923
13470,4780067
13471,3799791
13472,1095528
13473,3823183
13474,3712060
13475,5673962
13476,5610523
13477,7995711
13478,9085745
13479,8730743
13480,3221435
13481,3923199
13482,3665404
13483,2119335
13484,4772766
13485,4962979
13486,5827378
13487,5735014
13488,5566784
13489,4911524
13490,5139507
13491,4344417
13492,1686393
13493,2271212
13494,1662543
13495,3205342
13496,1784555
13497,2948788
13498,2071247
13499,2224379
13500,4726591
13501,1982187
13502,2721354
13503,2331576
13504,2272101
13505,3190533
13506,1849805
13507,3018058
13508,3693616
13509,2328261
13510,4723997
13511,5353523
13512,6623986
13513,1724616
13514,3528028
13515,1295846
13516,2727922
13517,6094815
13518,3665717
13519,1482541
13520,8821944
13521,5693355
13522,3966663
13523,3268134
13524,4390316
13525,2263507
13526,5585630
13527,4102296
13528,6251481
13529,5095729
13530,3190798
13531,2533419
13532,2219079
13533,2392403
13534,5770100
13535,3016356
13536,1709080
13537,3569180
13538,3634981
13539,4759421
13540,1780112
13541,4077352
13542,6518161
13543,1348382
13544,2950651
13545,2355990
13546,5899744
13547,3437746
13548,4763007
13549,4910691
13550,8378615
13551,6688336
13552,2741626
13553,1134609
13554,3787333
13555,4519814
13556,1217340
13557,2493758
13558,17620934
13559,3847024
13560,3036511
13561,2564468
13562,3447889
13563,2500678
13564,1666908
13565,5905029
13566,2438077
13567,3042265
13568,1619517
13569,4261117
13570,4474904
13571,7880671
13572,3969378
13573,6351690
13574,11793286
13575,2649305
13576,4686717
13577,2400837
13578,4575190
13579,1023467
13580,3363092
13581,4112901
13582,4008032
13583,4431346
13584,6325628
13585,3844405
13586,2111712
13587,2192991
13588,2597755
13589,5432003
13590,4165227
13591,2402033
13592,2353086
13593,2124087
13594,5508163
13595,2244300
13596,2294822
13597,4155299
13598,4001041
13599,2764718
13600,1457692
13601,3839334
13602,2258996
13603,2547497
13604,2502348
13605,4242419
13606,2322540
13607,5933407
13608,4707631
13609,4866299
13610,6000796
13611,1375348
13612,5446543
13613,2638261
13614,1709771
13615,3912277
13616,4146199
13617,2481033
13618,3404221
13619,2888611
13620,3762304
13621,2802795
13622,5714196
13623,5495384
13624,3807360
13625,3465317
13626,6913117
13627,3608883
13628,6834018
13629,6748937
13630,11151209
13631,8257173
13632,1898324
13633,4541545
13634,3305234
13635,5898581
13636,4144949
13637,4834807
13638,5854456
13639,5888176
13640,3412182
13641,3920344
13642,6121155
13643,2205203
13644,3907154
13645,2010881
13646,5362257
13647,4001991
13648,2244115
13649,2505943
13650,2182218
13651,2392336
13652,2370332
13653,3654957
13654,1985174
13655,2345991
13656,2621560
13657,2730716
13658,2708637
13659,4894068
13660,5642832
13661,3751429
13662,6008742
13663,2985017
13664,2069817
13665,2749418
13666,1894265
13667,4398733
13668,3882256
13669,2474706
13670,2086963
13671,2041122
13672,1838262
13673,4260918
13674,2113048
13675,1149766
13676,4205594
13677,4040538
13678,7486473
13679,2411338
13680,2486196
13681,3706391
13682,4381646
13683,4016164
13684,7793390
13685,1478234
13686,2634708
13687,1820797
13688,1706795
13689,2894539
13690,1709982
13691,1840485
13692,3061616
13693,16534700
13694,5324852
13695,3592224
13696,1242211
13697,4379457
13698,3481237
13699,2407398
13700,2077893
13701,4132091
13702,8266669
13703,2389279
13704,2937397
13705,6001394
13706,5813581
13707,5357572
13708,5952560
13709,4624635
13710,3660661
13711,1649365
13712,1072599
13713,4376027
13714,3065087
13715,5138956
13716,5279753
13717,5705765
13718,2140276
13719,3246423
13720,5805420
13721,2652769
13722,3544043
13723,2200535
13724,3681042
13725,3205402
13726,5660571
13727,3690415
13728,3907858
13729,1083543
13730,8666506
13731,5265214
13732,2814178
13733,2471683
13734,2163409
13735,1927291
13736,4429623
13737,4314108
13738,7288204
13739,2031692
13740,4079594
13741,6081504
13742,5642930
13743,7427008
13744,2294633
13745,3019268
13746,4560124
13747,3644822
13748,3169698
13749,4073760
13750,2573977
13751,2551942
13752,4778836
13753,2338785
13754,4408073
13755,5692950
13756,10887690
13757,5269614
13758,1270086
13759,7756858
13760,4733998
13761,1391832
13762,2563795
13763,2736428
13764,1464327
13765,3504195
13766,3687491
13767,3488215
13768,3696453
13769,3416265
13770,3827839
13771,3040360
13772,1768122
13773,4854515
13774,9674450
13775,4129871
13776,3482861
13777,2976968
13778,4059508
13779,5449329
13780,4643032
13781,5948366
13782,2000731
13783,4672308
13784,4019194
13785,1417277
13786,2059259
13787,1848973
13788,4632624
13789,3058999
13790,3889059
13791,7298463
13792,2343136
13793,2826744
13794,5670063
13795,4707836
13796,2005790
13797,2086512
13798,5063055
13799,8176673
13800,3123342
13801,2545215
13802,2306168
13803,2290867
13804,3159766
13805,3490132
13806,3481849
13807,5826077
13808,5448312
13809,3718107
13810,9586828
13811,2367422
13812,2287241
13813,4268029
13814,1562820
13815,3795007
13816,3125781
13817,2273192
13818,2228316
13819,2009349
13820,1806736
13821,4138083
13822,7692155
13823,2580094
13824,3795725
13825,1273669
13826,3616759
13827,1961364
13828,3975119
13829,4329381
13830,5119190
13831,4638356
13832,2621321
13833,6039032
13834,5159869
13835,3101222
13836,2806698
13837,4285154
13838,5561206
13839,6046228
13840,5685843
13841,5113804
13842,6310259
13843,4641855
13844,6353329
13845,3547111
13846,12741140
13847,2505885
13848,4090845
13849,2630426
13850,2356655
13851,5123659
13852,4251626
13853,2129538
13854,3939273
13855,2442108
13856,2444484
13857,2146798
13858,3049536
13859,3539528
13860,3392565
13861,2699239
13862,8174878
13863,3717324
13864,3970240
13865,6428434
13866,1974453
13867,2090405
13868,1518420
13869,3101296
13870,2017539
13871,2605007
13872,1708609
13873,1203726
13874,5098170
13875,2284636
13876,1145873
13877,2330089
13878,2535349
13879,2239766
13880,1423553
13881,2318660
13882,2288858
13883,2091598
13884,2292806
13885,4682678
13886,1481715
13887,4766965
13888,3770200
13889,1216877
13890,3342289
13891,2341977
13892,3812518
13893,5042616
13894,3428754
13895,2877778
13896,3481562
13897,4618020
13898,13475336
13899,8538106
13900,1431665
13901,3751691
13902,4084615
13903,3436308
13904,3528250
13905,3515735
13906,3887504
13907,3513586
13908,2454960
13909,3918287
13910,1794784
13911,4978237
13912,5358441
13913,2240676
13914,3020053
13915,2106557
13916,2069818
13917,4073538
13918,9306231
13919,3585153
13920,4810356
13921,1196392
13922,4115931
13923,4327328
13924,6433300
13925,4983430
13926,2183746
13927,2192915
13928,2616158
13929,3380358
13930,5936760
13931,4702693
13932,1816389
13933,4355410
13934,4129704
13935,3173065
13936,4362189
13937,3675069
13938,1597405
13939,2356596
13940,7222403
13941,2863957
13942,2483348
13943,2617003
13944,5101312
13945,4590550
13946,3555926
13947,4247108
13948,2725560
13949,3573431
13950,4449654
13951,3771048
13952,6247138
13953,2464287
13954,3988437
13955,3142098
13956,3439052
13957,5434005
13958,2415150
13959,5375525
13960,1223161
13961,1360796
13962,2551506
13963,2653649
13964,1261868
13965,3183952
13966,4254863
13967,4230468
13968,2708120
13969,3502324
13970,3984360
13971,3747748
13972,3776039
13973,3328906
13974,6575325
13975,6434375
13976,5194986
13977,3620307
13978,2183454
13979,5401370
13980,3826427
13981,4284093
13982,6609946
13983,5543563
13984,3011454
13985,1256040
13986,3874043
13987,2351025
13988,4073821
13989,2761477
13990,3607247
13991,3277921
13992,6048303
13993,4475892
13994,3359575
13995,3657947
13996,1506444
13997,4530853
13998,6495830
13999,2882688
14000,3249962
14001,5728427
14002,5331862
14003,19447495
14004,5146435
14005,3325132
14006,3917988
14007,3530337
14008,6559366
14009,6033148
14010,5869258
14011,6030216
14012,5628645
14013,4718678
14014,5993930
14015,3979060
14016,1395238
14017,3788915
14018,4626993
14019,2871228
14020,3936888
14021,4063361
14022,3673904
14023,4091205
14024,1677805
14025,4172279
14026,2281166
14027,2768081
14028,1758136
14029,3031905
14030,8269932
14031,5626499
14032,2431773
14033,2532548
14034,4428328
14035,7438955
14036,4045211
14037,2633226
14038,3834695
14039,3275134
14040,2138983
14041,1992373
14042,3252177
14043,4509381
14044,3169570
14045,2549593
14046,5411718
14047,5899975
14048,11697504
14049,5052507
14050,2883281
14051,2378130
14052,3133902
14053,2138566
14054,3856871
14055,5307785
14056,4270985
14057,3416139
14058,5882866
14059,5104609
14060,1542224
14061,4125962
14062,4019028
14063,3681052
14064,3875056
14065,4953716
14066,6294414
14067,5462810
14068,3349897
14069,2956139
14070,5891717
14071,1238187
14072,3385687
14073,3178927
14074,4599426
14075,2331232
14076,1435396
14077,2495454
14078,4591078
14079,3545230
14080,2745468
14081,2891154
14082,5105168
14083,4994492
14084,2689924
14085,2519867
14086,2586942
14087,3780239
14088,4141560
14089,3666597
14090,2598685
14091,5056387
14092,1240881
14093,3636120
14094,3793907
14095,2647339
14096,2052468
14097,2047055
14098,5827267
14099,3796914
14100,2808889
14101,3910702
14102,3127607
14103,1456533
14104,3037018
14105,4369490
14106,2848380
14107,4205826
14108,2597470
14109,4835516
14110,6243354
14111,3925473
14112,6353422
14113,1110142
14114,3027727
14115,1385853
14116,1381969
14117,1051850
14118,2232846
14119,1749958
14120,2264022
14121,2207067
14122,1874293
14123,1990170
14124,1167024
14125,2596792
14126,6782039
14127,5433634
14128,2054430
14129,2151391
14130,2086345
14131,1863040
14132,2702655
14133,5408809
14134,2235971
14135,3358211
14136,2882292
14137,1852188
14138,2292100
14139,2772159
14140,2073282
14141,4017340
14142,4133978
14143,5104600
14144,2366859
14145,1279213
14146,3866134
14147,2255312
14148,2410609
14149,2546794
14150,2555712
14151,2798953
14152,3710686
14153,2393873
14154,4872871
14155,6275592
14156,2903741
14157,5856186
14158,4263142
14159,6002283
14160,1982624
14161,1238638
14162,3545145
14163,6339871
14164,6895144
14165,2245886
14166,3397962
14167,1854518
14168,4179396
14169,3603191
14170,4624578
14171,3358746
14172,3807603
14173,2989757
14174,3170175
14175,2682066
14176,4807573
14177,3600896
14178,5121988
14179,4268485
14180,6919012
14181,5004192
14182,5706954
14183,2700333
14184,2383821
14185,2172708
14186,5216546
14187,4680884
14188,1108092
14189,3921230
14190,6696108
14191,8219233
14192,2555588
14193,3701313
14194,4077751
14195,3314592
14196,5689152
14197,3465578
14198,3911468
14199,1239389
14200,2607301
14201,7084436
14202,6315618
14203,11171299
14204,2616882
14205,3622596
14206,2989469
14207,4314051
14208,2094600
14209,4306391
14210,1840652
14211,4451067
14212,2018244
14213,3006384
14214,3273420
14215,4954716
14216,1969283
14217,5081837
14218,1048920
14219,4156447
14220,1144645
14221,6872867
14222,4413809
14223,6706288
14224,2731294
14225,6206883
14226,7190887
14227,7441452
14228,3377998
14229,2775013
14230,3234538
14231,2361358
14232,4455377
14233,3211632
14234,1189234
14235,4019317
14236,1114063
14237,2333414
14238,4508887
14239,4305756
14240,4556481
14241,4357575
14242,3378836
14243,4036318
14244,3031084
14245,1554013
14246,2291530
14247,3561904
14248,3718956
14249,5928899
14250,5635504
14251,4025367
14252,1878827
14253,3537997
14254,3787216
14255,3789611
14256,2312801
14257,1398708
14258,1269842
14259,2290304
14260,1862444
14261,3636692
14262,4087974
14263,2256454
14264,2712349
14265,3714686
14266,1849958
14267,2013831
14268,1957104
14269,2290571
14270,2165836
14271,2128772
14272,2544792
14273,2069104
14274,1049728
14275,2399902
14276,2114278
14277,2686610
14278,2659920
14279,5193175
14280,5460418
14281,3833225
14282,3635768
14283,3770879
14284,10740773
14285,1058370
14286,2879746
14287,5458608
14288,4904524
14289,7062278
14290,3686612
14291,2545566
14292,5025965
14293,2780304
14294,4574433
14295,1939264
14296,3267080
14297,4468200
14298,2950222
14299,2305041
14300,2457317
14301,2660034
14302,1928003
14303,1970810
14304,3918320
14305,4222444
14306,1959545
14307,2490492
14308,4713329
14309,3774082
14310,3235171
14311,2535546
14312,3860455
14313,1662289
14314,4822241
14315,3770104
14316,2311260
14317,2336615
14318,2060997
14319,1567113
14320,4207396
14321,4064601
14322,3219935
14323,3439329
14324,4003456
14325,6186660
14326,4259762
14327,10024801
14328,1806684
14329,6242252
14330,2900902
14331,3577430
14332,9382236
14333,4921402
14334,3682179
14335,4930200
14336,21566485
14337,8340712
14338,1157857
14339,5399723
14340,5032401
14341,2575494
14342,2632475
14343,2988686
14344,3530145
14345,1235816
14346,3512494
14347,6108052
14348,3685583
14349,2339775
14350,9836142
14351,5267931
14352,2959575
14353,4338144
14354,4230618
14355,4912286
14356,4098748
14357,8120830
14358,4340673
14359,2980653
14360,4425304
14361,2945678
14362,3089381
14363,1205841
14364,3194707
14365,5582630
14366,5011053
14367,5759011
14368,5565649
14369,4851996
14370,1963403
14371,2946615
14372,5614986
14373,4459052
14374,3711028
14375,3581752
14376,2148537
14377,2446095
14378,2498702
14379,2724791
14380,2359584
14381,1259870
14382,3904985
14383,3532251
14384,11602858
14385,2524999
14386,2372839
14387,5203622
14388,5837319
14389,4953459
14390,4908831
14391,3761550
14392,1525350
14393,2864710
14394,3407819
14395,2181752
14396,16489026
14397,2230309
14398,2916408
14399,3771551
14400,4892598
14401,6311128
14402,2375384
14403,6748969
14404,4303849
14405,3514267
14406,3950257
14407,3637325
14408,4154848
14409,3942527
14410,1146176
14411,2425320
14412,2865123
14413,1225895
14414,3308727
14415,2218219
14416,2371099
14417,3747306
14418,4556554
14419,2475015
14420,5238709
14421,3173279
14422,3179484
14423,1790624
14424,1767448
14425,3981007
14426,5193462
14427,5243573
14428,5886309
14429,5007538
14430,3863511
14431,3377513
14432,5566240
14433,4790222
14434,3566795
14435,3999593
14436,1540615
14437,2634125
14438,5935907
14439,3800480
14440,2817185
14441,3740864
14442,1862508
14443,4712704
14444,8336034
14445,2402837
14446,3169788
14447,3482750
14448,5395231
14449,5734800
14450,6159093
14451,5859556
14452,6072597
14453,10902789
14454,2901609
14455,3342671
14456,1584587
14457,1987934
14458,2923735
14459,2442049
14460,2975817
14461,2096802
14462,2774742
14463,1981389
14464,2218435
14465,10873204
14466,4726304
14467,1018415
14468,1570215
14469,4060903
14470,1897601
14471,1818145
14472,4297681
14473,3383325
14474,1991778
14475,5054194
14476,3429845
14477,2258236
14478,3977400
14479,2010259
14480,1509460
14481,1926234
14482,3634089
14483,2441048
14484,2391890
14485,1557086
14486,2018507
14487,2323499
14488,1162757
14489,2312560
14490,1896870
14491,2588467
14492,1852095
14493,2005062
14494,3420273
14495,3780687
14496,2826957
14497,2907115
14498,2296996
14499,4440272
14500,2060163
14501,2436037
14502,2218957
14503,7973960
14504,3654819
14505,5095622
14506,3565907
14507,3918925
14508,4245608
14509,1942014
14510,1294427
14511,2861309
14512,4526609
14513,2353423
14514,2453234
14515,3792405
14516,2559274
14517,2687840
14518,3123251
14519,1232974
14520,1354416
14521,4060928
14522,4026293
14523,2171565
14524,2640934
14525,1823847
14526,7760615
14527,4000574
14528,1990694
14529,5013362
14530,1175651
14531,2666299
14532,1328280
14533,2169216
14534,3788409
14535,2675816
14536,1173310
14537,2292872
14538,3902061
14539,5743305
14540,23129845
14541,2528622
14542,6336202
14543,8360739
14544,6202658
14545,3349573
14546,4101588
14547,4939889
14548,3851527
14549,2384119
14550,5226794
14551,1096531
14552,4711301
14553,1687379
14554,2168814
14555,2003117
14556,5312616
14557,4457072
14558,5839432
14559,5472137
14560,2286332
14561,5211567
14562,1485330
14563,3982260
14564,5093893
14565,5624398
14566,1147894
14567,4020344
14568,4360342
14569,3915776
14570,3561574
14571,4480875
14572,3910951
14573,2542870
14574,3341504
14575,3527029
14576,2987071
14577,2343683
14578,4005843
14579,2336038
14580,3209451
14581,2612770
14582,2432645
14583,1841674
14584,3697794
14585,2133499
14586,2177363
14587,2917040
14588,2141286
14589,4499244
14590,1909945
14591,2820157
14592,3092980
14593,3529815
14594,1400949
14595,3609573
14596,1792585
14597,3755271
14598,2251729
14599,4887225
14600,3637072
14601,6048844
14602,4259883
14603,2207954
14604,4088540
14605,1405330
14606,3631531
14607,3558348
14608,3565694
14609,3811158
14610,3546897
14611,1561937
14612,2170656
14613,1961611
14614,2134467
14615,1136295
14616,3982993
14617,5188162
14618,2163148
14619,6447277
14620,1057287
14621,11200930
14622,6610751
14623,4392636
14624,4864613
14625,7701025
14626,1825101
14627,5446176
14628,3287126
14629,3488908
14630,3521490
14631,1836594
14632,2716367
14633,5033008
14634,4444722
14635,4457009
14636,2308764
14637,1520367
14638,5349908
14639,6628080
14640,3680189
14641,4483495
14642,5133063
14643,3472346
14644,3606533
14645,3662164
14646,4489228
14647,1834104
14648,4198816
14649,2945179
14650,2017684
14651,2020862
14652,5465744
14653,3952039
14654,2011918
14655,4437604
14656,4204261
14657,3125855
14658,1119192
14659,2369055
14660,1898802
14661,4108361
14662,3447217
14663,4222703
14664,6202357
14665,1822095
14666,2184183
14667,2138620
14668,2866855
14669,1266370
14670,2417644
14671,1716560
14672,5878560
14673,4615461
14674,3768409
14675,3419504
14676,3378629
14677,3984249
14678,4702092
14679,2388957
14680,6062480
14681,4262199
14682,3000930
14683,4434751
14684,2861250
14685,4571197
14686,3946402
14687,2210885
14688,1748227
14689,3395503
14690,1762853
14691,11095734
14692,3673922
14693,2353610
14694,3936540
14695,2462934
14696,2657045
14697,3509381
14698,4206356
14699,2626765
14700,4005489
14701,1449326
14702,3707317
14703,2041262
14704,3515630
14705,3614657
14706,2470229
14707,2373912
14708,2500198
14709,4156128
14710,2413344
14711,2402234
14712,5274026
14713,2022798
14714,2412221
14715,2741075
14716,2473130
14717,2332797
14718,4294605
14719,2161527
14720,4927919
14721,2445509
14722,1229903
14723,3394714
14724,3566368
14725,3324162
14726,3551010
14727,5929206
14728,4811081
14729,3667581
14730,3688990
14731,4041001
14732,5455093
14733,1169688
14734,4469888
14735,4016740
14736,7048664
14737,3539960
14738,3745625
14739,6630967
14740,3379903
14741,5340979
14742,5123973
14743,3963383
14744,2340962
14745,3669830
14746,6154177
14747,6132030
14748,3841132
14749,3333223
14750,1767828
14751,3135505
14752,6284513
14753,2790177
14754,3044384
14755,3764606
14756,1170466
14757,3149084
14758,3631919
14759,5932204
14760,4684170
14761,2798209
14762,3606968
14763,5397907
14764,3384923
14765,1108407
14766,3305821
14767,1191070
14768,2714247
14769,4187663
14770,2331045
14771,2151814
14772,2266062
14773,2752961
14774,2296599
14775,3515190
14776,1752880
14777,3832082
14778,3469675
14779,2867297
14780,2647226
14781,2645210
14782,2488718
14783,2007076
14784,2511050
14785,2616440
14786,1107254
14787,3058235
14788,1653697
14789,3328879
14790,5746612
14791,3835268
14792,2134270
14793,5159895
14794,5629645
14795,3596477
14796,2366301
14797,2038811
14798,3249546
14799,2220161
14800,1784969
14801,2333023
14802,1839102
14803,5652371
14804,4398579
14805,9179938
14806,3022988
14807,3841215
14808,5184057
14809,5580166
14810,2253207
14811,2068725
14812,1926863
14813,5234588
14814,2971351
14815,3552964
14816,3565306
14817,2628466
14818,1103694
14819,3163114
14820,3158052
14821,8699973
14822,4308374
14823,4330958
14824,3969407
14825,3365900
14826,3328562
14827,5130397
14828,3483981
14829,1194712
14830,19115320
14831,3758960
14832,3764715
14833,3131502
14834,4635101
14835,1060080
14836,3177007
14837,3141197
14838,4181737
14839,4356640
14840,1527761
14841,6885313
14842,2860122
14843,2750381
14844,4295984
14845,2344507
14846,5129198
14847,3471543
14848,5571078
14849,3745676
14850,1243035
14851,3881416
14852,3947032
14853,3646333
14854,3876720
14855,6032130
14856,10110484
14857,4073321
14858,3942357
14859,5939825
14860,1223278
14861,2593012
14862,2003288
14863,2372928
14864,2593396
14865,1726832
14866,1190218
14867,1596681
14868,2446018
14869,3950882
14870,5622331
14871,4722474
14872,4074581
14873,4984498
14874,3310195
14875,3846217
14876,1245879
14877,2361001
14878,4034756
14879,2666568
14880,5516141
14881,5914935
14882,1309695
14883,2731063
14884,7269586
14885,2191351
14886,2678047
14887,2659829
14888,2606716
14889,2341120
14890,2857348
14891,2770173
14892,4154321
14893,1262742
14894,2102064
14895,3900638
14896,3284804
14897,4238817
14898,3808727
14899,5022555
14900,4081897
14901,5446214
14902,3553600
14903,3685355
14904,1297010
14905,2998264
14906,2891902
14907,3624596
14908,5359849
14909,3645364
14910,3656176
14911,3202811
14912,2521612
14913,4117632
14914,2421067
14915,6239748
14916,5688575
14917,5306826
14918,5678131
14919,6022283
14920,5322359
14921,5915712
14922,4893952
14923,1140311
14924,1701926
14925,1116354
14926,2676342
14927,1896680
14928,2045183
14929,1720871
14930,1954842
14931,4205944
14932,2217195
14933,2245557
14934,3968992
14935,1933877
14936,2630140
14937,4415519
14938,4178264
14939,3530017
14940,3255946
14941,4802398
14942,5099647
14943,3540228
14944,2315338
14945,2030047
14946,3091320
14947,4835652
14948,6282304
14949,4327512
14950,3475790
14951,3839894
14952,2846702
14953,3626060
14954,3077376
14955,4790532
14956,4393855
14957,2236310
14958,4465352
14959,4529583
14960,5032668
14961,1751849
14962,3643598
14963,4631915
14964,3631230
14965,2419780
14966,2736053
14967,2258325
14968,2858414
14969,2337691
14970,4582859
14971,3928513
14972,2232986
14973,2336387
14974,3536821
14975,4361052
14976,3706637
14977,2414681
14978,4025737
14979,2142549
14980,2239888
14981,5780307
14982,4399897
14983,4839403
14984,5635118
14985,1784588
14986,1888237
14987,1791838
14988,5108944
14989,7341138
14990,2137494
14991,5084847
14992,2006138
14993,3382195
14994,2181623
14995,2135354
14996,2337709
14997,4439015
14998,3699669
14999,3683333
15000,1997961
15001,7801434
15002,5556077
15003,3666358
15004,3201633
15005,5600542
15006,2900942
15007,5322452
15008,3457980
15009,3700408
15010,3264671
15011,1156103
15012,5021761
15013,3528418
15014,3909510
15015,7999153
15016,3583799
15017,3584720
15018,4074980
15019,2656625
15020,5733498
15021,4723316
15022,1322485
15023,9422885
15024,4303127
15025,3493215
15026,3805353
15027,3232814
15028,4030420
15029,3279163
15030,1786703
15031,1954431
15032,2244959
15033,5268194
15034,3547095
15035,2234665
15036,4001726
15037,3129938
15038,2813102
15039,3098777
15040,3721985
15041,3903602
15042,2329572
15043,1244498
15044,3097966
15045,2223940
15046,3659607
15047,4621539
15048,5408779
15049,3697460
15050,2130401
15051,3561751
15052,3326900
15053,4188718
15054,4678054
15055,4889442
15056,3946093
15057,2082202
15058,2087060
15059,2155400
15060,1866399
15061,3497825
15062,4798532
15063,3704125
15064,1125352
15065,3794931
15066,2924578
15067,4555604
15068,3352845
15069,5586732
15070,3118210
15071,4893554
15072,3912011
15073,4228992
15074,3551271
15075,1668897
15076,5716090
15077,21084008
15078,4351156
15079,3375601
15080,2663585
15081,4281486
15082,2501341
15083,1940931
15084,2088020
15085,2508106
15086,2398193
15087,1857994
15088,2135340
15089,3360691
15090,3795574
15091,5060268
15092,3886443
15093,3453840
15094,5545091
15095,2238431
15096,3042210
15097,2990315
15098,2696639
15099,2328644
15100,2739926
15101,2842026
15102,2525843
15103,5499628
15104,4474994
15105,2878157
15106,3603247
15107,1117566
15108,3493654
15109,3661318
15110,2286626
15111,2330632
15112,2173998
15113,3766039
15114,3529489
15115,2015293
15116,7812386
15117,4145751
15118,3081096
15119,3493366
15120,3919141
15121,2712370
15122,5860675
15123,5828015
15124,3342986
15125,1291738
15126,2670621
15127,3411323
15128,1587042
15129,11304817
15130,3360074
15131,2469279
15132,4077646
15133,2411962
15134,2053180
15135,2123591
15136,6251581
15137,2721245
15138,3624357
15139,1552560
15140,3550866
15141,3031242
15142,5962007
15143,1289757
15144,3038012
15145,3615278
15146,3528327
15147,2239450
15148,3977803
15149,6453379
15150,1087861
15151,2792076
15152,3732874
15153,4346424
15154,3708788
15155,11511881
15156,3206293
15157,5504272
15158,5431552
15159,3830306
15160,1998699
15161,3792112
15162,2720738
15163,3433560
15164,4364704
15165,2117560
15166,2452165
15167,2693963
15168,2117734
15169,3157764
15170,4718050
15171,2569665
15172,2992916
15173,1490369
15174,2825128
15175,1420995
15176,3172018
15177,2847111
15178,1175466
15179,2239761
15180,1113090
15181,1240910
15182,1610943
15183,2391202
15184,1540145
15185,2249738
15186,1749840
15187,1096924
15188,1314450
15189,4050160
15190,3844435
15191,4825427
15192,1212691
15193,1851721
15194,5228934
15195,2014257
15196,2121855
15197,1976849
15198,2613123
15199,2082844
15200,4304380
15201,2800225
15202,2683098
15203,1291754
15204,3433277
15205,3947679
15206,2395636
15207,2168067
15208,1411456
15209,2854269
15210,2234408
15211,2220559
15212,1613244
15213,1282122
15214,1100186
15215,2271484
15216,1595928
15217,1157030
15218,2155383
15219,4432342
15220,2655026
15221,2124081
15222,6496517
15223,2308999
15224,1891261
15225,6019936
15226,5850247
15227,2654267
15228,2547150
15229,3684930
15230,2468779
15231,2674665
15232,2961391
15233,5587726
15234,2428297
15235,1364278
15236,3158817
15237,3380084
15238,4564167
15239,2989808
15240,3600143
15241,3909864
15242,4082725
15243,4037436
15244,3087975
15245,2016838
15246,3877074
15247,3731274
15248,4119842
15249,3763312
15250,3363090
15251,3716892
15252,2274339
15253,2060919
15254,3801865
15255,3131043
15256,1142237
15257,4597733
15258,3980243
15259,6252603
15260,1946824
15261,2153230
15262,2075674
15263,3335035
15264,4936835
15265,2789414
15266,2213836
15267,1867085
15268,4959307
15269,4038320
15270,3207240
15271,5080217
15272,3730625
15273,5870530
15274,3944455
15275,3058328
15276,4621800
15277,1257399
15278,2990578
15279,2647221
15280,5188484
15281,2477884
15282,2238233
15283,3892989
15284,1307768
15285,5783007
15286,2855836
15287,2288050
15288,1676709
15289,4348860
15290,4106304
15291,2686708
15292,2084912
15293,2209341
15294,5740263
15295,4963663
15296,3576927
15297,3955038
15298,3371176
15299,2537050
15300,4391485
15301,5688196
15302,2593173
15303,3732195
15304,6006370
15305,4717893
15306,3491126
15307,2950095
15308,2891734
15309,1097509
15310,10036943
15311,2222001
15312,2138460
15313,4018596
15314,2077569
15315,6424152
15316,2765723
15317,3428120
15318,5076649
15319,3522932
15320,2054416
15321,4832729
15322,5496025
15323,3246375
15324,3649835
15325,2309122
15326,4085289
15327,9203596
15328,1152981
15329,2910310
15330,1375731
15331,2941859
15332,2158449
15333,3949017
15334,5851752
15335,3842490
15336,3421274
15337,2029398
15338,3611073
15339,4071270
15340,4165377
15341,1185189
15342,2879627
15343,5667126
15344,4486794
15345,3504609
15346,2272469
15347,2299811
15348,3141797
15349,1160772
15350,2977930
15351,5078886
15352,1114086
15353,2980824
15354,2596571
15355,3765297
15356,2528253
15357,4460732
15358,3012344
15359,4643375
15360,3008552
15361,3536337
15362,2726556
15363,4840298
15364,6272920
15365,2454536
15366,3767798
15367,5786037
15368,2510745
15369,3852434
15370,2352778
15371,3841774
15372,1246571
15373,2430869
15374,2982383
15375,3651781
15376,3632838
15377,5324001
15378,2588241
15379,3633490
15380,2602501
15381,1689474
15382,4050124
15383,2730549
15384,2033250
15385,3041114
15386,3443628
15387,2379530
15388,3431976
15389,3113808
15390,3526575
15391,1747733
15392,9889589
15393,5826283
15394,1283853
15395,2000616
15396,4650231
15397,4030176
15398,3633618
15399,4547415
15400,3804494
15401,4596297
15402,3754621
15403,4905684
15404,2647530
15405,2343913
15406,3898945
15407,2320166
15408,5599713
15409,1686585
15410,1784615
15411,5610718
15412,3942707
15413,1000198
15414,5586424
15415,4359285
15416,3371212
15417,4353412
15418,1849848
15419,1971489
15420,2239990
15421,2674393
15422,4665379
15423,4548962
15424,3436767
15425,5479752
15426,2658126
15427,10518337
15428,5265076
15429,2687945
15430,3631255
15431,5387203
15432,6429920
15433,5544113
15434,5509843
15435,5631778
15436,5650956
15437,1171742
15438,4686142
15439,2465414
15440,6134501
15441,5919376
15442,2598280
15443,4193701
15444,3724736
15445,1991495
15446,2288949
15447,1355038
15448,1461170
15449,1088368
15450,1609081
15451,11218811
15452,1939709
15453,3699433
15454,1761208
15455,2297557
15456,1221375
15457,2387902
15458,2364516
15459,3034053
15460,2347324
15461,1529253
15462,2262610
15463,2396991
15464,4014016
15465,2459340
15466,4974133
15467,2433393
15468,1320803
15469,1270730
15470,1406163
15471,1268510
15472,2484643
15473,2560931
15474,1764292
15475,2637234
15476,2585660
15477,2599991
15478,1618778
15479,2304107
15480,2383955
15481,2280101
15482,1940602
15483,2350690
15484,2368191
15485,2430140
15486,1309857
15487,4842727
15488,2479914
15489,2455269
15490,1641787
15491,2486745
15492,1607137
15493,2391455
15494,2376338
15495,2291605
15496,1805025
15497,1870949
15498,1317820
15499,1955635
15500,1285159
15501,2319104
15502,2365540
15503,2858109
15504,1671085
15505,2381330
15506,1759242
15507,2816721
15508,1943244
15509,1210507
15510,1949005
15511,1215503
15512,2273429
15513,2344532
15514,2045166
15515,2369359
15516,2724982
15517,2421783
15518,3121902
15519,2563044
15520,2368984
15521,1138066
15522,1227981
15523,2351505
15524,2442820
15525,1308272
15526,2289532
15527,1223588
15528,1305162
15529,2491088
15530,7984194
15531,1424242
15532,2277709
15533,2378630
15534,2479957
15535,3452193
15536,2379765
15537,2596865
15538,2384251
15539,1136432
15540,2317900
15541,2980306
15542,2204281
15543,2278745
15544,2417907
15545,2457752
15546,2858295
15547,1216885
15548,1207418
15549,1145930
15550,2167649
15551,2325806
15552,2090474
15553,13517817
15554,2289945
15555,2147199
15556,1988442
15557,2082878
15558,5643550
15559,4101835
15560,2432591
15561,2325652
15562,2280787
15563,4709112
15564,4237838
15565,2552134
15566,6422824
15567,4086804
15568,6865490
15569,3304427
15570,4406622
15571,6091544
15572,1626117
15573,1202095
15574,4867786
15575,5348730
15576,1142364
15577,3921763
15578,3237530
15579,2129747
15580,23010656
15581,3446077
15582,3027781
15583,4666828
15584,2487855
15585,2043128
15586,4566157
15587,2232141
15588,4096158
15589,3581119
15590,2849768
15591,3498860
15592,3772997
15593,3904524
15594,3378874
15595,5041813
15596,2707593
15597,1778577
15598,3553797
15599,2495178
15600,2590039
15601,2398389
15602,3486736
15603,5689023
15604,3566109
15605,4528761
15606,2761488
15607,1237880
15608,1298253
15609,3583044
15610,4673085
15611,2776930
15612,2320305
15613,1857769
15614,2956863
15615,2308560
15616,3365297
15617,3061303
15618,3108478
15619,1256868
15620,3714592
15621,4409891
15622,3660211
15623,5090784
15624,4528957
15625,4120839
15626,3922603
15627,2444882
15628,1898807
15629,2158269
15630,5645998
15631,5784124
15632,5920990
15633,6979509
15634,2892150
15635,3410900
15636,3363405
15637,1337281
15638,4406557
15639,4145298
15640,1145902
15641,3939367
15642,4572136
15643,4231078
15644,4650488
15645,4473806
15646,4513863
15647,4556842
15648,3278022
15649,2626801
15650,2144947
15651,1457366
15652,2959861
15653,3766644
15654,4311051
15655,6257897
15656,1819560
15657,5287907
15658,1881983
15659,4883856
15660,4805148
15661,2140166
15662,3817053
15663,2072531
15664,1145041
15665,5384193
15666,3199690
15667,4986748
15668,3620448
15669,5196066
15670,2237141
15671,2710928
15672,1291407
15673,1795712
15674,2393202
15675,3320965
15676,1772949
15677,3888516
15678,3386130
15679,2248883
15680,2347742
15681,3056519
15682,2128681
15683,4880987
15684,4962789
15685,2673602
15686,2771306
15687,1487428
15688,2979456
15689,1911615
15690,3294658
15691,2248723
15692,3672580
15693,2299103
15694,2898166
15695,3520619
15696,2177383
15697,2285213
15698,2140669
15699,5064203
15700,2516962
15701,2720613
15702,1981824
15703,2229794
15704,1800793
15705,11523481
15706,1808834
15707,1948669
15708,2272897
15709,2127852
15710,2019442
15711,3971814
15712,3077697
15713,2297552
15714,3642521
15715,1712893
15716,5409250
15717,2325019
15718,2901061
15719,2431138
15720,4106542
15721,4011290
15722,3567125
15723,3406708
15724,2576432
15725,2806525
15726,4026423
15727,2622443
15728,2802423
15729,2624670
15730,5360572
15731,5621336
15732,6059914
15733,2344001
15734,3701575
15735,3437348
15736,1267798
15737,4324315
15738,2107961
15739,3106616
15740,3354795
15741,9060184
15742,3592495
15743,4391953
15744,4706322
15745,5346819
15746,6047956
15747,2544764
15748,2162954
15749,5828915
15750,5231230
15751,4103208
15752,5715827
15753,5064589
15754,5703463
15755,5614773
15756,4180374
15757,2645801
15758,3164078
15759,19425973
15760,2301022
15761,4444618
15762,1912736
15763,2319196
15764,2555727
15765,6849465
15766,5855592
15767,4206289
15768,1266686
15769,3698056
15770,3051278
15771,1309657
15772,3564597
15773,2044423
15774,3702326
15775,2623745
15776,2629685
15777,3628381
15778,2927358
15779,1400626
15780,4351745
15781,2554677
15782,2683312
15783,3357843
15784,3601365
15785,3271084
15786,4194447
15787,3066172
15788,3336142
15789,2627336
15790,3470266
15791,4599272
15792,2296669
15793,6162332
15794,3035852
15795,3943394
15796,1796635
15797,1848548
15798,3083816
15799,8250593
15800,1126369
15801,6318518
15802,4635159
15803,2788887
15804,2775175
15805,3587630
15806,2549139
15807,4553531
15808,4581083
15809,3691542
15810,2306253
15811,2511855
15812,2967408
15813,4655582
15814,3785774
15815,3997582
15816,5978062
15817,4881499
15818,2345140
15819,4875093
15820,4309287
15821,2877864
15822,5267590
15823,2323947
15824,2373266
15825,2128795
15826,2936960
15827,2656312
15828,6178586
15829,5644129
15830,5109293
15831,4821766
15832,1910676
15833,4606848
15834,3502092
15835,2407991
15836,3847340
15837,4226571
15838,4238250
15839,2774385
15840,5282010
15841,4624213
15842,4773104
15843,1378274
15844,4778343
15845,4229921
15846,3826752
15847,3374446
15848,2829676
15849,4252036
15850,4085207
15851,3052757
15852,9134034
15853,1946285
15854,1878315
15855,2084696
15856,2433329
15857,2237877
15858,2257283
15859,3369300
15860,4142744
15861,6366501
15862,4904972
15863,5534920
15864,2291955
15865,5092210
15866,4940285
15867,3268461
15868,3437786
15869,4282045
15870,1800898
15871,4599256
15872,2493810
15873,4130670
15874,4823229
15875,2195774
15876,5540256
15877,3442612
15878,3592949
15879,4139265
15880,3947863
15881,14675665
15882,4535453
15883,4106044
15884,5739776
15885,4953031
15886,2412880
15887,4534778
15888,4252494
15889,2343601
15890,1994491
15891,2429148
15892,3231130
15893,3741629
15894,4068913
15895,2277267
15896,2081760
15897,3276228
15898,3891314
15899,5743530
15900,6911123
15901,4721677
15902,2406055
15903,3302602
15904,2341267
15905,1177367
15906,1677040
15907,1489746
15908,1861538
15909,1130307
15910,2278864
15911,1198134
15912,1235191
15913,3307124
15914,7628028
15915,4115152
15916,3966323
15917,3016406
15918,2688374
15919,4780205
15920,1471319
15921,2198682
15922,2273595
15923,2335906
15924,1650728
15925,2381755
15926,1874465
15927,2290680
15928,1659910
15929,1400830
15930,3445326
15931,2349760
15932,2102534
15933,2338404
15934,2903423
15935,1329854
15936,1595297
15937,2282726
15938,2219591
15939,2266028
15940,2127619
15941,2298259
15942,2567041
15943,2156936
15944,1297238
15945,1305461
15946,1670978
15947,2802813
15948,1687586
15949,2293400
15950,2303355
15951,2323418
15952,2128328
15953,5996704
15954,1774006
15955,1206023
15956,1182700
15957,2478382
15958,2290592
15959,2314278
15960,2160705
15961,2276477
15962,5230404
15963,2071335
15964,2265216
15965,2184504
15966,2205965
15967,2185881
15968,2145711
15969,2351499
15970,3161808
15971,1591308
15972,2253315
15973,2239706
15974,1241938
15975,15730145
15976,2690145
15977,4983212
15978,2586824
15979,2232342
15980,2067883
15981,2465157
15982,1877731
15983,2349669
15984,2404110
15985,2265113
15986,2223215
15987,2276440
15988,2680871
15989,2305380
15990,2237764
15991,2193466
15992,1204212
15993,1181855
15994,1257812
15995,2344318
15996,2231833
15997,1185576
15998,2220107
15999,2488498
16000,2204948
16001,3268856
16002,2275743
16003,1239846
16004,2364045
16005,4392064
16006,3142309
16007,2348930
16008,1752294
16009,2143295
16010,1196814
16011,1561468
16012,1861370
16013,2706345
16014,3967089
16015,4981800
16016,4624169
16017,3887333
16018,5567019
16019,4430999
16020,6058056
16021,3646255
16022,3880073
16023,2897824
16024,4500697
16025,3420240
16026,2658351
16027,2014366
16028,2066099
16029,3004380
16030,3340767
16031,1824359
16032,1934759
16033,1765982
16034,1491772
16035,4480055
16036,1761692
16037,2026010
16038,6075415
16039,1956338
16040,1640559
16041,2197476
16042,2352716
16043,3310062
16044,2182327
16045,6075059
16046,2509728
16047,1777019
16048,6051227
16049,5811960
16050,5409462
16051,2224983
16052,2201126
16053,1801143
16054,2941666
16055,2095804
16056,5514572
16057,5582553
16058,4704049
16059,5074759
16060,6593813
16061,3327738
16062,3136047
16063,2835641
16064,2530088
16065,3386409
16066,1157692
16067,2075694
16068,2618924
16069,2568292
16070,2373220
16071,2517832
16072,2555625
16073,2733414
16074,2317949
16075,2447082
16076,1666992
16077,8120172
16078,2245992
16079,5080197
16080,2516600
16081,2011829
16082,2442604
16083,4105931
16084,2659252
16085,4897820
16086,1909372
16087,2054705
16088,3027018
16089,2032467
16090,3709095
16091,5529963
16092,2622153
16093,6485397
16094,5199225
16095,3559844
16096,1189579
16097,1981297
16098,1803160
16099,1978911
16100,2089024
16101,8444312
16102,2572514
16103,1944306
16104,2408021
16105,1834933
16106,1989101
16107,1934642
16108,1339549
16109,2229058
16110,2219583
16111,2439502
16112,2656585
16113,2333455
16114,2171753
16115,3398609
16116,1863931
16117,1934931
16118,2058405
16119,987020
16120,1767197
16121,3135528
16122,2108188
16123,2117395
16124,2094323
16125,3730602
16126,2298358
16127,2659104
16128,4044816
16129,4342871
16130,2150458
16131,2650412
16132,2646362
16133,3006270
16134,3490263
16135,2519665
16136,2236819
16137,2931445
16138,1742536
16139,1086580
16140,2246818
16141,3918145
16142,3704627
16143,6638050
16144,3684924
16145,3498914
16146,1947409
16147,3516783
16148,4050525
16149,4636016
16150,3437716
16151,1172634
16152,3621435
16153,4399128
16154,2894150
16155,3724916
16156,3300426
16157,2734235
16158,2439415
16159,2476062
16160,2469049
16161,3985354
16162,2560022
16163,1995637
16164,2144226
16165,4146668
16166,4586353
16167,5761303
16168,4492284
16169,2256764
16170,2339540
16171,2359559
16172,1617978
16173,2766961
16174,5696847
16175,3671697
16176,2068577
16177,2091139
16178,4315410
16179,1496297
16180,3028753
16181,3974196
16182,1995747
16183,1105137
16184,3964658
16185,3860907
16186,4186352
16187,8040872
16188,3274536
16189,2180973
16190,1869558
16191,2335213
16192,2318840
16193,1779959
16194,7563559
16195,3362504
16196,2587742
16197,3104052
16198,2823684
16199,6966541
16200,4212788
16201,3417240
16202,3467718
16203,3507554
16204,1697056
16205,7988093
16206,2029650
16207,1903070
16208,2165403
16209,4756215
16210,3318713
16211,1972581
16212,3591677
16213,1907261
16214,1817417
16215,1226831
16216,1816495
16217,2431580
16218,2186986
16219,2396755
16220,2737707
16221,2723390
16222,2465999
16223,3480781
16224,3829368
16225,1245565
16226,2752661
16227,6897319
16228,1709079
16229,3752515
16230,3085739
16231,1831354
16232,1837999
16233,2157186
16234,2352286
16235,2216975
16236,1235113
16237,2370842
16238,2750889
16239,2309942
16240,1999536
16241,2358670
16242,1681307
16243,2278632
16244,3842955
16245,3156078
16246,5121626
16247,3205685
16248,2619248
16249,2274724
16250,2319265
16251,3981892
16252,2662000
16253,2064086
16254,2969070
16255,2780618
16256,2803182
16257,1317678
16258,2608032
16259,2072634
16260,7527704
16261,2130194
16262,2595132
16263,2465603
16264,6045734
16265,3758820
16266,3891858
16267,3180551
16268,3066964
16269,3696595
16270,3505647
16271,1205623
16272,5285820
16273,1842140
16274,2023497
16275,4374943
16276,18000402
16277,7590835
16278,3467807
16279,6169521
16280,5488831
16281,5047361
16282,4417064
16283,3607708
16284,3072083
16285,3303644
16286,7886827
16287,3582543
16288,3616201
16289,1129403
16290,4905707
16291,5217588
16292,5488005
16293,8690122
16294,3386292
16295,5119997
16296,3803408
16297,3472523
16298,4804471
16299,5172426
16300,1988890
16301,4951787
16302,5677800
16303,4588524
16304,3137005
16305,5217120
16306,3278047
16307,3778081
16308,5794106
16309,3372832
16310,2329638
16311,4232308
16312,3605004
16313,3035623
16314,3908015
16315,3440403
16316,5141644
16317,5341329
16318,5171247
16319,3910273
16320,4871242
16321,1203916
16322,5900391
16323,2800813
16324,3935532
16325,2494468
16326,5211128
16327,5465835
16328,4900791
16329,4039770
16330,3910333
16331,2291822
16332,1243575
16333,3233837
16334,2485629
16335,4432263
16336,2751420
16337,4023994
16338,3839152
16339,2261230
16340,3877298
16341,1740018
16342,2746974
16343,1226439
16344,3857300
16345,1865538
16346,1646049
16347,2446235
16348,4358029
16349,2283484
16350,3623162
16351,2108695
16352,2796247
16353,1422587
16354,3268951
16355,1946833
16356,2882195
16357,2496288
16358,2479419
16359,3003606
16360,2422770
16361,2483591
16362,2614153
16363,2801515
16364,1967415
16365,2621890
16366,2224647
16367,2216462
16368,2426468
16369,2344279
16370,3087792
16371,1261457
16372,2690371
16373,3309966
16374,2935033
16375,2222305
16376,2307819
16377,6029431
16378,3697570
16379,2385715
16380,3795985
16381,2706668
16382,7235770
16383,4291034
16384,2600460
16385,2464357
16386,2971570
16387,1625621
16388,2560058
16389,2270954
16390,2567486
16391,2076204
16392,2449102
16393,2248615
16394,2297871
16395,2019120
16396,1273843
16397,4025497
16398,3204239
16399,3076132
16400,2080599
16401,4574621
16402,4523050
16403,2072574
16404,2938814
16405,3331185
16406,2882698
16407,1184392
16408,1183723
16409,4839372
16410,2694399
16411,5434590
16412,2689109
16413,3720140
16414,3393040
16415,2349226
16416,2892324
16417,1484106
16418,3646745
16419,4365843
16420,2097285
16421,2569736
16422,2420905
16423,2021371
16424,2531366
16425,4911695
16426,2751636
16427,2573973
16428,1609988
16429,3641792
16430,2473295
16431,4338282
16432,5549284
16433,4164831
16434,2215655
16435,5393366
16436,2597625
16437,1866287
16438,2863842
16439,2267129
16440,2716187
16441,2219429
16442,6145553
16443,5944056
16444,4205003
16445,2483807
16446,2173449
16447,4338439
16448,3970475
16449,1415333
16450,3914374
16451,3273520
16452,3590417
16453,2945326
16454,3715441
16455,4409778
16456,2110451
16457,1887597
16458,2106052
16459,6529756
16460,4297434
16461,7101099
16462,3641300
16463,2252748
16464,4027011
16465,3020141
16466,3286605
16467,3481535
16468,3910950
16469,3560984
16470,2356704
16471,2739225
16472,1183536
16473,5591741
16474,6806297
16475,3112023
16476,3733814
16477,4961159
16478,5079890
16479,3460380
16480,4606166
16481,1131201
16482,4597435
16483,3862911
16484,3628362
16485,1797931
16486,1995200
16487,1914150
16488,2464651
16489,2066478
16490,5850898
16491,3983996
16492,2420829
16493,3649178
16494,3371128
16495,3794066
16496,2654582
16497,4369974
16498,2316655
16499,1931424
16500,4131468
16501,3477518
16502,1105050
16503,4632084
16504,2531158
16505,4054431
16506,3275897
16507,2174741
16508,1866668
16509,3912452
16510,6343636
16511,5533707
16512,2922414
16513,3195925
16514,7502925
16515,3473322
16516,2261976
16517,2193248
16518,4026576
16519,4560285
16520,2502554
16521,3415158
16522,3260410
16523,2809455
16524,1450214
16525,4403843
16526,20412667
16527,4697410
16528,1827200
16529,2449802
16530,2101524
16531,3305793
16532,2886460
16533,3306675
16534,2589535
16535,13532404
16536,3045540
16537,2427771
16538,2685696
16539,2797632
16540,4347331
16541,3005260
16542,5192188
16543,1744141
16544,2237793
16545,3004533
16546,3704826
16547,3170289
16548,3072220
16549,2693641
16550,7824965
16551,2138692
16552,2125082
16553,2205512
16554,1685805
16555,2387110
16556,4196395
16557,3700352
16558,2259293
16559,2276398
16560,2207325
16561,1263275
16562,1264892
16563,1667141
16564,2354165
16565,2321304
16566,2685674
16567,2420176
16568,2411374
16569,2795937
16570,2454926
16571,2437959
16572,2304168
16573,2463506
16574,2548413
16575,2384953
16576,1627072
16577,2329882
16578,1418451
16579,1425913
16580,1902865
16581,1916630
16582,2671130
16583,2377152
16584,2609701
16585,2363085
16586,2502387
16587,3085438
16588,2391120
16589,2370735
16590,2656512
16591,1454808
16592,5805277
16593,2414818
16594,3014818
16595,2526164
16596,2459546
16597,2407398
16598,4186688
16599,1292426
16600,1680330
16601,2402329
16602,2485174
16603,4222137
16604,1356626
16605,2310111
16606,2624246
16607,2852618
16608,5612893
16609,1729014
16610,1655023
16611,1788491
16612,2568695
16613,2345862
16614,1234256
16615,2270786
16616,1639539
16617,2422625
16618,2363292
16619,4236629
16620,1773412
16621,2811370
16622,1763537
16623,1350773
16624,1811300
16625,1813872
16626,1204949
16627,1281459
16628,1773610
16629,2539658
16630,1611505
16631,2554556
16632,2572500
16633,2338535
16634,1905916
16635,1266416
16636,2361319
16637,2352451
16638,2269112
16639,2776083
16640,4239169
16641,1209472
16642,3561713
16643,5379703
16644,2333383
16645,2560806
16646,2744074
16647,2316524
16648,1173732
16649,2351300
16650,2539688
16651,1175986
16652,1264473
16653,2342241
16654,3003491
16655,2348788
16656,2274405
16657,4596573
16658,2263258
16659,2197350
16660,2133218
16661,2277855
16662,1244746
16663,1243390
16664,2233089
16665,2369902
16666,2436440
16667,1282607
16668,2447513
16669,2730381
16670,2602113
16671,3355021
16672,1229380
16673,2372323
16674,2325928
16675,2431350
16676,2925309
16677,2382321
16678,2378956
16679,1706062
16680,2346684
16681,2339502
16682,3784598
16683,2506250
16684,2454440
16685,2396485
16686,1325832
16687,2784843
16688,1374951
16689,2349240
16690,2036672
16691,2492873
16692,1889745
16693,1360153
16694,2481234
16695,2411858
16696,1250993
16697,2303684
16698,1193921
16699,1112234
16700,3752904
16701,1720303
16702,1208428
16703,1947781
16704,1460180
16705,2361518
16706,2594769
16707,2456053
16708,2362250
16709,1261747
16710,2538563
16711,2374836
16712,2367661
16713,1510674
16714,2460528
16715,3857818
16716,1657529
16717,5236123
16718,2205246
16719,2250428
16720,5456121
16721,2322359
16722,9434986
16723,3605552
16724,4736211
16725,3238645
16726,6143217
16727,1319456
16728,6068865
16729,3495122
16730,2321575
16731,2075101
16732,1996796
16733,2385875
16734,3284353
16735,2108848
16736,2046482
16737,1464322
16738,2285120
16739,2287160
16740,3438788
16741,2827515
16742,6035787
16743,2637494
16744,2463885
16745,1196437
16746,2332344
16747,6009489
16748,2170707
16749,4223544
16750,1968502
16751,3178698
16752,2339540
16753,4438839
16754,2675361
16755,2564210
16756,4096094
16757,3321119
16758,5951952
16759,3474069
16760,5897403
16761,3546447
16762,2986803
16763,3076996
16764,3497168
16765,1190710
16766,2559651
16767,4085157
16768,3279580
16769,1958020
16770,4318116
16771,3841493
16772,4165250
16773,3962028
16774,1705876
16775,3073542
16776,4273024
16777,2729804
16778,2972135
16779,2897234
16780,1345797
16781,5693135
16782,2594024
16783,8656939
16784,1775344
16785,2998589
16786,3571795
16787,2375529
16788,3961383
16789,2040889
16790,1961997
16791,2035329
16792,2332846
16793,5700033
16794,1214182
16795,2198462
16796,2437238
16797,3516572
16798,4246134
16799,3374504
16800,3538121
16801,2743529
16802,3557694
16803,1952635
16804,1115401
16805,1131068
16806,1038896
16807,5510193
16808,22179685
16809,3718214
16810,3279998
16811,3698849
16812,4100486
16813,3841785
16814,4091725
16815,3979846
16816,2476278
16817,4256490
16818,3962653
16819,2641110
16820,2589199
16821,4439416
16822,3464431
16823,1141008
16824,3375472
16825,3211443
16826,3790168
16827,7626741
16828,2714574
16829,3357891
16830,3220049
16831,2368864
16832,2822070
16833,6182056
16834,1775479
16835,5663370
16836,9828748
16837,3543793
16838,3138834
16839,3282895
16840,3666335
16841,3855640
16842,8095827
16843,3766231
16844,1768026
16845,2260319
16846,3156177
16847,3738435
16848,6382130
16849,4219292
16850,2326138
16851,1863466
16852,1752530
16853,2664371
16854,4395263
16855,2374368
16856,5063228
16857,2029626
16858,2069297
16859,2446846
16860,2313366
16861,2196253
16862,3880412
16863,1982333
16864,2418956
16865,4328835
16866,1269490
16867,2891196
16868,2859622
16869,4634230
16870,3653611
16871,4196335
16872,2755018
16873,2260498
16874,2455572
16875,5184945
16876,4393167
16877,1262583
16878,2367865
16879,2448644
16880,1946345
16881,4306195
16882,2142400
16883,5113836
16884,4310402
16885,1672285
16886,3647374
16887,1209867
16888,2304657
16889,2298551
16890,3344247
16891,2384155
16892,2261668
16893,1254852
16894,1321548
16895,1471164
16896,1358442
16897,3626963
16898,5669014
16899,2349060
16900,2243401
16901,12573348
16902,4062850
16903,3942279
16904,3506173
16905,2653990
16906,2874272
16907,2509168
16908,2710361
16909,1913996
16910,5214623
16911,11610574
16912,5738187
16913,4080720
16914,3605036
16915,7511266
16916,7725128
16917,8346660
16918,5159318
16919,2641292
16920,4165745
16921,4494772
16922,5370856
16923,2712949
16924,5676745
16925,3174138
16926,3622491
16927,6398841
16928,2657045
16929,4012566
16930,1159459
16931,9125722
16932,2738280
16933,2475973
16934,3431070
16935,2158069
16936,4023913
16937,1827544
16938,2661245
16939,3305018
16940,2540562
16941,2961709
16942,2033276
16943,4806609
16944,2676731
16945,1920965
16946,2466313
16947,6003990
16948,1163484
16949,6659927
16950,5204418
16951,2073208
16952,5575382
16953,4252351
16954,5613124
16955,7267897
16956,1276519
16957,4363929
16958,6455225
16959,6285639
16960,2806417
16961,3128783
16962,1216217
16963,3701562
16964,1341817
16965,4354357
16966,8650835
16967,5028627
16968,3434655
16969,2202752
16970,1995674
16971,2586162
16972,2812787
16973,2055780
16974,2680714
16975,1188196
16976,4631626
16977,3179353
16978,2178691
16979,2396973
16980,3969422
16981,2542534
16982,3385016
16983,1350567
16984,6233427
16985,4758569
16986,2420991
16987,3923795
16988,2925850
16989,4912685
16990,3429562
16991,3443107
16992,3296553
16993,2675322
16994,1120126
16995,12578210
16996,3372726
16997,1620606
16998,3048392
16999,2230017
17000,2755423
17001,2330895
17002,2367418
17003,2490663
17004,1835855
17005,2825341
17006,1970952
17007,2405096
17008,3832706
17009,2505513
17010,3089165
17011,2645463
17012,3594628
17013,2569342
17014,3943972
17015,1035150
17016,3332208
17017,2125342
17018,2371759
17019,4352229
17020,4460938
17021,3847113
17022,2746849
17023,2037432
17024,1808793
17025,1786257
17026,2807143
17027,5841444
17028,4864484
17029,3613237
17030,3571887
17031,3633223
17032,2396198
17033,2666915
17034,1887179
17035,10214284
17036,1259582
17037,2419371
17038,2129063
17039,2514998
17040,3676113
17041,2582862
17042,2351526
17043,2738832
17044,2683595
17045,2514050
17046,3350585
17047,3307006
17048,5927090
17049,3922317
17050,3952481
17051,2712194
17052,3030264
17053,2042078
17054,3867909
17055,2848208
17056,3496542
17057,4474057
17058,2270384
17059,5728238
17060,7720244
17061,3933570
17062,2358541
17063,2908694
17064,3606496
17065,4998019
17066,4580890
17067,7409886
17068,1799282
17069,3832864
17070,6123386
17071,4098207
17072,3917690
17073,10735621
17074,3539803
17075,5124998
17076,2408374
17077,4539045
17078,2521637
17079,2213691
17080,4400969
17081,2854145
17082,2647537
17083,3656289
17084,4364054
17085,4630081
17086,6081167
17087,2616316
17088,3919474
17089,1222324
17090,3599722
17091,7361844
17092,4036619
17093,3519701
17094,3627419
17095,2783942
17096,6118554
17097,20789954
17098,3884718
17099,5832659
17100,1512485
17101,4346957
17102,5215871
17103,5105000
17104,3227898
17105,3153942
17106,2256268
17107,2607516
17108,2053024
17109,2443600
17110,8439935
17111,1422988
17112,2743124
17113,2238458
17114,2373886
17115,3236222
17116,3591434
17117,2123603
17118,2171084
17119,7085626
17120,1996706
17121,2725962
17122,2689018
17123,1877260
17124,2674822
17125,3975053
17126,5580982
17127,4244895
17128,1887170
17129,3944702
17130,2457964
17131,1021857
17132,1971755
17133,2420049
17134,2225786
17135,1850602
17136,3133335
17137,2422957
17138,2259731
17139,2859107
17140,3535243
17141,3292744
17142,3337329
17143,1086569
17144,3018101
17145,5080782
17146,3809464
17147,3935221
17148,3122210
17149,3148551
17150,1136853
17151,1473389
17152,2854209
17153,2257488
17154,2036842
17155,2071472
17156,2177560
17157,2385639
17158,2611106
17159,5728417
17160,5718183
17161,1929831
17162,2084059
17163,3419191
17164,1140305
17165,3176417
17166,5152355
17167,7267923
17168,5922779
17169,4248532
17170,3016389
17171,4914133
17172,2843804
17173,1396327
17174,5522230
17175,2303956
17176,5609139
17177,3806289
17178,4025002
17179,2412740
17180,1978992
17181,2463922
17182,2226590
17183,5280590
17184,2680507
17185,1159341
17186,3454534
17187,4387246
17188,1671368
17189,2714520
17190,12043141
17191,3640074
17192,4921586
17193,4326883
17194,3229409
17195,5395126
17196,2176690
17197,4759919
17198,2313661
17199,2004918
17200,3591890
17201,2425582
17202,2694396
17203,2171113
17204,3045356
17205,2011280
17206,1877780
17207,1117128
17208,2587913
17209,2115522
17210,2621155
17211,4825010
17212,5480773
17213,3305515
17214,2349709
17215,2451676
17216,2352015
17217,2006059
17218,1956265
17219,1964743
17220,2008824
17221,1961546
17222,1971095
17223,1945606
17224,3998510
17225,3621685
17226,5086293
17227,8961958
17228,1913144
17229,2985622
17230,4257957
17231,4068971
17232,4174360
17233,3727464
17234,2581524
17235,1858169
17236,2073562
17237,5533396
17238,4676091
17239,1028086
17240,2372400
17241,2682798
17242,2560870
17243,2740618
17244,2215163
17245,2255201
17246,1986359
17247,4377829
17248,2367618
17249,2167070
17250,2773816
17251,1856148
17252,2881135
17253,5806986
17254,3716481
17255,1663158
17256,2976604
17257,3455748
17258,3912629
17259,3148839
17260,1126765
17261,5041018
17262,2768871
17263,2928821
17264,1741738
17265,3594956
17266,3590584
17267,5134990
17268,3449139
17269,6400596
17270,3020979
17271,2727221
17272,3006002
17273,5475901
17274,3632888
17275,4667093
17276,5714475
17277,3325445
17278,2550590
17279,6325910
17280,2441519
17281,3051198
17282,1439240
17283,3385698
17284,4024125
17285,2549501
17286,3762275
17287,3955788
17288,7918718
17289,2272086
17290,5536425
17291,3019308
17292,1180566
17293,4786771
17294,4072242
17295,2112034
17296,5039224
17297,3637595
17298,12599189
17299,2709285
17300,2551830
17301,2374898
17302,3681147
17303,1097672
17304,3140388
17305,1935758
17306,3414893
17307,6826610
17308,4184489
17309,4819215
17310,4537002
17311,4112092
17312,6198773
17313,3948797
17314,2109579
17315,3940117
17316,3605448
17317,3918327
17318,5952633
17319,4996268
17320,4906932
17321,4474007
17322,3029825
17323,2250078
17324,1781013
17325,2630451
17326,2030141
17327,2242642
17328,3218103
17329,2435168
17330,2644855
17331,2616646
17332,2611792
17333,3121767
17334,3466656
17335,1053573
17336,2584865
17337,3411801
17338,2675165
17339,5569018
17340,6233269
17341,6344132
17342,4858128
17343,5189044
17344,3910564
17345,2317448
17346,1631381
17347,4634192
17348,2594239
17349,5246207
17350,4551996
17351,4024713
17352,5710579
17353,8945603
17354,1597954
17355,3615251
17356,1451440
17357,3814611
17358,5697739
17359,5385161
17360,3685212
17361,4582202
17362,3961088
17363,4245383
17364,4728708
17365,4634150
17366,2819264
17367,1216007
17368,4669903
17369,7157745
17370,3529871
17371,4360882
17372,3804876
17373,4573695
17374,2865627
17375,5280439
17376,3245658
17377,5515618
17378,1984000
17379,4362885
17380,1995413
17381,2201801
17382,3597578
17383,2482001
17384,4440031
17385,3942367
17386,3461535
17387,1300165
17388,1868036
17389,1244913
17390,5965269
17391,2226699
17392,3690423
17393,2532249
17394,4929934
17395,3437732
17396,2854375
17397,1941192
17398,2320733
17399,1327941
17400,4018605
17401,2938887
17402,4480368
17403,5093052
17404,5771049
17405,5503418
17406,5322181
17407,3849079
17408,2734474
17409,3991460
17410,2141860
17411,4278814
17412,2499438
17413,2165223
17414,2988319
17415,1977378
17416,2943518
17417,1830098
17418,4580296
17419,4932126
17420,2018355
17421,3970343
17422,4263617
17423,2467637
17424,2734177
17425,2306758
17426,2790933
17427,2240719
17428,3852329
17429,2620912
17430,2350197
17431,1986789
17432,2712331
17433,2153395
17434,2679890
17435,2324862
17436,2293951
17437,2340198
17438,4323946
17439,6198192
17440,4466838
17441,5070686
17442,1140461
17443,5299070
17444,6312443
17445,5753271
17446,3751819
17447,3390184
17448,3455448
17449,3152459
17450,2597612
17451,3690489
17452,3890227
17453,1513449
17454,2900865
17455,7518160
17456,7058328
17457,3240469
17458,2989517
17459,3684835
17460,3701793
17461,6878417
17462,2579243
17463,2140350
17464,4447593
17465,2334645
17466,1839551
17467,2314203
17468,2367016
17469,3337654
17470,2277515
17471,2231429
17472,2296175
17473,2080404
17474,2280515
17475,2212851
17476,2558119
17477,5339341
17478,2752775
17479,1071826
17480,3241948
17481,5187873
17482,3275534
17483,3811891
17484,4414415
17485,2666540
17486,3084547
17487,4449966
17488,3718478
17489,5206931
17490,2504830
17491,2034778
17492,2885366
17493,1965062
17494,1911297
17495,1982190
17496,1216957
17497,3660277
17498,2461743
17499,2418187
17500,2364736
17501,3486067
17502,2541926
17503,2457212
17504,3529022
17505,5105981
17506,4046001
17507,4293887
17508,8292236
17509,4614451
17510,5403791
17511,3462782
17512,3402665
17513,3884473
17514,3968735
17515,3233269
17516,3229070
17517,1161601
17518,4146154
17519,1228682
17520,4447147
17521,2721307
17522,2913251
17523,2847454
17524,1983744
17525,1656608
17526,1964269
17527,2121287
17528,3208809
17529,2087381
17530,2431891
17531,2540134
17532,2899873
17533,2862663
17534,2267748
17535,2144616
17536,3553372
17537,3478650
17538,2093780
17539,4502942
17540,5500460
17541,4613396
17542,3310530
17543,2386182
17544,1801340
17545,9590853
17546,2394437
17547,2165293
17548,2224617
17549,7361505
17550,2655500
17551,2058229
17552,7302023
17553,1933043
17554,3155413
17555,5610435
17556,1171305
17557,2817627
17558,3949557
17559,2388753
17560,1447209
17561,4543599
17562,5283504
17563,3545377
17564,1887694
17565,1790431
17566,2649355
17567,5859284
17568,5893153
17569,11381393
17570,5339514
17571,4513917
17572,4109159
17573,6076274
17574,3960527
17575,2139979
17576,5007017
17577,4697890
17578,3200523
17579,2199968
17580,4791214
17581,2619372
17582,4891451
17583,4524364
17584,6211815
17585,3112823
17586,3524338
17587,3744155
17588,4331757
17589,2264045
17590,2861294
17591,1865967
17592,1141868
17593,10086982
17594,5178556
17595,3566229
17596,3254949
17597,2787207
17598,3790949
17599,3278065
17600,3874513
17601,3699233
17602,3150252
17603,1768520
17604,3383757
17605,3392133
17606,4190046
17607,1242154
17608,2876582
17609,4876394
17610,2446398
17611,2364848
17612,2489980
17613,1401522
17614,1159781
17615,3596777
17616,3754343
17617,5242149
17618,4511201
17619,5075259
17620,2270818
17621,4366110
17622,2026514
17623,2679331
17624,1610364
17625,4703762
17626,2310533
17627,7075532
17628,5029931
17629,3637846
17630,5084379
17631,6094824
17632,3139367
17633,2474612
17634,2579601
17635,9745018
17636,1752720
17637,2351390
17638,2252997
17639,1257322
17640,4392688
17641,2332107
17642,4318369
17643,3890635
17644,2709523
17645,3457056
17646,4527091
17647,2202715
17648,2542986
17649,4062407
17650,3006900
17651,3217369
17652,3475863
17653,1561960
17654,1751558
17655,3083097
17656,2174348
17657,16886625
17658,3995473
17659,4096143
17660,2912570
17661,4024112
17662,2996526
17663,5391229
17664,3820306
17665,3507261
17666,3243486
17667,1122934
17668,2866850
17669,5764460
17670,2468126
17671,4659267
17672,2189406
17673,7364751
17674,2284530
17675,3982431
17676,3138547
17677,2478527
17678,3808565
17679,4909496
17680,2270384
17681,5258529
17682,3797685
17683,3541395
17684,2048255
17685,1881891
17686,3612846
17687,3740077
17688,1106039
17689,5669060
17690,4346571
17691,6005861
17692,4434841
17693,3981641
17694,2364869
17695,2211511
17696,2753512
17697,2486719
17698,1132578
17699,1220225
17700,3269929
17701,4035058
17702,3274455
17703,2670357
17704,2702580
17705,3543494
17706,2311507
17707,2238201
17708,1913095
17709,1115592
17710,2132990
17711,2008719
17712,3763456
17713,2141776
17714,3122037
17715,1975783
17716,1721815
17717,2298141
17718,1819227
17719,1169507
17720,1259983
17721,3757403
17722,1810452
17723,1874648
17724,2322078
17725,1629644
17726,2321088
17727,5683355
17728,2010049
17729,3860228
17730,4555882
17731,3602171
17732,2308421
17733,1919777
17734,2055054
17735,2202392
17736,1899043
17737,5269204
17738,6063090
17739,3931161
17740,2171454
17741,5381339
17742,1847666
17743,2429227
17744,2539985
17745,1745273
17746,3927937
17747,8726661
17748,4335712
17749,4621521
17750,3064413
17751,3553739
17752,1357314
17753,3833448
17754,2722080
17755,3817811
17756,3161905
17757,3592657
17758,3384407
17759,1187726
17760,3787746
17761,2568252
17762,20892872
17763,1167550
17764,5799993
17765,2573804
17766,2287193
17767,4450193
17768,5356843
17769,5500216
17770,3957944
17771,4152629
17772,4203406
17773,3770353
17774,2190836
17775,5074161
17776,2444517
17777,1933530
17778,2396447
17779,3381653
17780,1674481
17781,1554354
17782,3076516
17783,3954970
17784,4257936
17785,4665941
17786,2555078
17787,5633194
17788,7895850
17789,2400808
17790,2742402
17791,4804878
17792,2007621
17793,3853324
17794,2375090
17795,1073514
17796,5290729
17797,2117822
17798,2066867
17799,2054893
17800,2576075
17801,3217482
17802,9550969
17803,2589048
17804,1894336
17805,2248791
17806,1222430
17807,3271448
17808,2479135
17809,1943859
17810,3000302
17811,6853925
17812,3220655
17813,3018289
17814,3620176
17815,9773339
17816,2011737
17817,3999027
17818,2109793
17819,2171594
17820,4052110
17821,2117102
17822,5629605
17823,4986122
17824,3484593
17825,5074261
17826,1995098
17827,1146179
17828,1535862
17829,5663006
17830,4704006
17831,4357482
17832,3334060
17833,3898797
17834,5551824
17835,3837260
17836,3246576
17837,3513271
17838,1280398
17839,6185191
17840,4459666
17841,2235583
17842,3430313
17843,3774968
17844,3678344
17845,3042215
17846,9402414
17847,4699400
17848,2621486
17849,3236881
17850,2986973
17851,2102972
17852,1985115
17853,2653758
17854,1988599
17855,1996949
17856,2124581
17857,8245177
17858,4003633
17859,2073400
17860,5066177
17861,3807856
17862,3909640
17863,3137763
17864,3378485
17865,3117584
17866,2190960
17867,2109545
17868,2259860
17869,1903537
17870,3003012
17871,4912722
17872,4776024
17873,3009390
17874,3863186
17875,4488993
17876,4174231
17877,3708203
17878,2269275
17879,2066863
17880,1550371
17881,1363184
17882,5150270
17883,9792141
17884,10228251
17885,4975706
17886,5490119
17887,5426242
17888,3003452
17889,2836092
17890,3728627
17891,1309114
17892,1326300
17893,2222773
17894,1602142
17895,3392419
17896,2514485
17897,2114047
17898,1968230
17899,3247862
17900,2293808
17901,4415304
17902,1207317
17903,3566298
17904,2919797
17905,2705204
17906,2676402
17907,1759721
17908,2228382
17909,4166286
17910,4301142
17911,4064146
17912,3810725
17913,4301570
17914,17610569
17915,3930937
17916,8019714
17917,4123689
17918,4006464
17919,1687637
17920,3419433
17921,2608873
17922,3121530
17923,1236438
17924,3883332
17925,3864434
17926,4090739
17927,4022928
17928,3889736
17929,3498391
17930,3338893
17931,6601228
17932,4191984
17933,2231556
17934,1183747
17935,3092306
17936,2056020
17937,2087988
17938,2068869
17939,1920035
17940,1560980
17941,4600989
17942,3048558
17943,3988209
17944,1939501
17945,2459581
17946,4514645
17947,3257050
17948,3056703
17949,3188726
17950,2861334
17951,4945981
17952,5400144
17953,4246586
17954,2734042
17955,1511653
17956,2984282
17957,3083053
17958,3472917
17959,4473102
17960,1274662
17961,1231861
17962,1725530
17963,1861643
17964,2089526
17965,5137844
17966,5090988
17967,2404515
17968,1198050
17969,1977953
17970,2362578
17971,6254076
17972,6179538
17973,2949380
17974,2457037
17975,3102093
17976,4489008
17977,3222403
17978,1156204
17979,1963528
17980,2445045
17981,4846991
17982,2563104
17983,4039905
17984,1143745
17985,1997360
17986,1988428
17987,2226084
17988,3566890
17989,2412748
17990,4429044
17991,5882580
17992,3917049
17993,4992167
17994,1724715
17995,4696314
17996,5428343
17997,3592151
17998,2135532
17999,3667580
18000,2281375
18001,2321195
18002,2788461
18003,5316614
18004,5541312
18005,9673083
18006,3513884
18007,5792430
18008,1991267
18009,1828535
18010,5173043
18011,3672244
18012,2624645
18013,3375354
18014,2156424
18015,3736073
18016,2895495
18017,5914748
18018,5291091
18019,3642386
18020,5561325
18021,2242268
18022,2228231
18023,5649036
18024,5621368
18025,9990504
18026,3205314
18027,4194379
18028,2162445
18029,2104699
18030,2954241
18031,2116943
18032,1881465
18033,4920561
18034,2489053
18035,2659915
18036,2689824
18037,1956947
18038,2067699
18039,5615244
18040,6106793
18041,2189708
18042,1341993
18043,5625762
18044,4562908
18045,10708413
18046,3709239
18047,6432679
18048,5770768
18049,6137626
18050,4830359
18051,6162662
18052,1112576
18053,3542021
18054,3733266
18055,1544225
18056,3816628
18057,4283675
18058,4512808
18059,2236032
18060,2338483
18061,2782223
18062,2757673
18063,4778831
18064,2795612
18065,2695151
18066,2817758
18067,5251396
18068,1112926
18069,5455620
18070,4188546
18071,3897822
18072,4975736
18073,2183413
18074,4080500
18075,3269065
18076,3085920
18077,3244815
18078,10060398
18079,3502381
18080,5266229
18081,4047232
18082,3688855
18083,2240953
18084,2392033
18085,1484635
18086,4025973
18087,3877941
18088,3786797
18089,5061025
18090,5268694
18091,5253650
18092,5772296
18093,9209405
18094,2170267
18095,3608307
18096,3091740
18097,3560531
18098,2794280
18099,9011564
18100,8855107
18101,4186325
18102,3197745
18103,4684281
18104,4026516
18105,2145648
18106,2612012
18107,4309234
18108,4425774
18109,3183828
18110,3804925
18111,2779398
18112,3808254
18113,3253485
18114,6743348
18115,4322563
18116,3504387
18117,5991998
18118,5234289
18119,1105889
18120,3544903
18121,2698502
18122,1170021
18123,6861309
18124,2429452
18125,2057230
18126,2222759
18127,2542872
18128,1726679
18129,2344402
18130,3034060
18131,4108750
18132,3457797
18133,4738490
18134,4043955
18135,6472248
18136,3103075
18137,1373232
18138,3880541
18139,2537654
18140,7527947
18141,2818370
18142,2321790
18143,2605720
18144,4687488
18145,2611891
18146,3033898
18147,2148334
18148,1856347
18149,3664241
18150,4072146
18151,7568984
18152,3348473
18153,2193979
18154,2656871
18155,4781684
18156,3718182
18157,3948284
18158,1277856
18159,2553377
18160,5552830
18161,2016950
18162,1219968
18163,1030052
18164,3423519
18165,2125358
18166,2686609
18167,3317016
18168,3292314
18169,1050873
18170,3930754
18171,3207135
18172,5619609
18173,3791273
18174,4030806
18175,2141756
18176,2013687
18177,5457741
18178,3068735
18179,2014211
18180,1029726
18181,2307882
18182,3016777
18183,3610353
18184,4109863
18185,10958577
18186,3675438
18187,4131425
18188,4004296
18189,3451385
18190,2274767
18191,3340227
18192,3765095
18193,2539286
18194,2029596
18195,1240979
18196,1154162
18197,6984573
18198,5049107
18199,2446879
18200,5269337
18201,3434986
18202,4735665
18203,2781485
18204,3627162
18205,1857719
18206,3175852
18207,5587836
18208,4382037
18209,3721462
18210,19757578
18211,2154341
18212,1011140
18213,3236065
18214,3711486
18215,1896839
18216,5420525
18217,2092334
18218,4036416
18219,5373864
18220,3650288
18221,3629702
18222,3847635
18223,5496987
18224,3435277
18225,8614800
18226,4372893
18227,3530840
18228,2629030
18229,3925083
18230,2378899
18231,5987616
18232,9880490
18233,3411480
18234,11115963
18235,3428627
18236,2368905
18237,4286141
18238,3250468
18239,3688083
18240,9434484
18241,3768135
18242,4062831
18243,3630214
18244,1655105
18245,3583492
18246,4406390
18247,3096910
18248,3600114
18249,4152415
18250,3316592
18251,3682318
18252,2364107
18253,2359929
18254,2409905
18255,3571957
18256,2913559
18257,2067868
18258,2796060
18259,2566444
18260,2153295
18261,5253576
18262,2806193
18263,2320621
18264,2590109
18265,1901461
18266,4335064
18267,18898212
18268,2955146
18269,3736419
18270,2259426
18271,2298969
18272,5950315
18273,5100515
18274,5497901
18275,2129684
18276,1229183
18277,2270467
18278,2276534
18279,3806227
18280,4569646
18281,4017885
18282,6183810
18283,3212888
18284,7539960
18285,4821174
18286,4684251
18287,3443599
18288,3463358
18289,5707589
18290,4764055
18291,5919076
18292,5360747
18293,1916059
18294,2362385
18295,2135941
18296,2010762
18297,2021924
18298,3124704
18299,4121359
18300,3472938
18301,3570405
18302,3908892
18303,6164944
18304,4262671
18305,3119691
18306,3450946
18307,3638674
18308,1117407
18309,3971731
18310,3761819
18311,5941370
18312,4894688
18313,4808527
18314,4360080
18315,3086439
18316,2336225
18317,3974622
18318,2788572
18319,1416245
18320,3807418
18321,6384533
18322,2636321
18323,2416468
18324,5513915
18325,4571864
18326,2850865
18327,2497768
18328,2149540
18329,1992668
18330,2907479
18331,2243594
18332,4154384
18333,2202783
18334,2173510
18335,2355745
18336,2780611
18337,2822739
18338,2840926
18339,3120850
18340,1186516
18341,2887099
18342,2175382
18343,2147385
18344,4109523
18345,6953806
18346,2408229
18347,2294703
18348,2017337
18349,4151905
18350,2636423
18351,2801770
18352,4293186
18353,3113642
18354,2907972
18355,2094151
18356,3027700
18357,2942633
18358,4312378
18359,4723454
18360,2698237
18361,1784878
18362,3245513
18363,1910958
18364,1440611
18365,1272915
18366,6480478
18367,2446390
18368,1968557
18369,9752349
18370,4071363
18371,2085064
18372,1714081
18373,1981104
18374,3928545
18375,6050287
18376,6668721
18377,4025904
18378,3966544
18379,4465007
18380,1817152
18381,2420124
18382,1411651
18383,2667302
18384,3508665
18385,1919669
18386,2837175
18387,4768801
18388,1917095
18389,2530899
18390,4014995
18391,2148107
18392,2470038
18393,1128425
18394,4541258
18395,1463910
18396,2395595
18397,3213240
18398,6160562
18399,5886581
18400,2236688
18401,5936211
18402,5827149
18403,3629484
18404,1129632
18405,2325677
18406,1941220
18407,2485031
18408,7351993
18409,3155966
18410,2803944
18411,17567051
18412,2489963
18413,2802911
18414,2221902
18415,2634638
18416,2268102
18417,2229443
18418,2114298
18419,2317688
18420,2366826
18421,3017225
18422,3229159
18423,2188365
18424,3001865
18425,1519339
18426,2377178
18427,4347591
18428,2166320
18429,1856798
18430,1112880
18431,1235356
18432,3480002
18433,1263467
18434,2940340
18435,3512857
18436,1232568
18437,5403249
18438,5471349
18439,3585426
18440,2894695
18441,2293012
18442,1172898
18443,2223886
18444,2006059
18445,1939035
18446,1201962
18447,2776154
18448,1736875
18449,2222503
18450,4543670
18451,2758784
18452,4111445
18453,2107028
18454,2282400
18455,2123271
18456,1850985
18457,1061557
18458,3075955
18459,2522914
18460,2380338
18461,3386411
18462,3476616
18463,4943350
18464,5672215
18465,5913432
18466,3716500
18467,3572977
18468,2012447
18469,3539637
18470,3449870
18471,5592986
18472,2574908
18473,4428261
18474,4449057
18475,4666149
18476,2222638
18477,3832817
18478,1457887
18479,3280320
18480,3085721
18481,2297261
18482,2489318
18483,2219249
18484,2312717
18485,1666969
18486,4072735
18487,4101283
18488,3706381
18489,1064365
18490,9814330
18491,4180413
18492,5121989
18493,3854289
18494,3513820
18495,2218107
18496,2571831
18497,3583533
18498,1188388
18499,3790897
18500,1986745
18501,4014785
18502,3011000
18503,1589456
18504,1986564
18505,3379021
18506,1941582
18507,2055032
18508,2072456
18509,2303834
18510,1310342
18511,2320109
18512,8720379
18513,6204522
18514,3797189
18515,1846848
18516,3675078
18517,1368682
18518,4321749
18519,4822047
18520,3308759
18521,2290713
18522,8185819
18523,3505568
18524,6498555
18525,1420680
18526,2468695
18527,7103615
18528,2891201
18529,2233745
18530,3044912
18531,9443778
18532,2770813
18533,3027057
18534,3882387
18535,4221349
18536,2725891
18537,2334648
18538,5287141
18539,9812637
18540,4529986
18541,3278363
18542,1103125
18543,4370912
18544,2363169
18545,3768637
18546,3454124
18547,3863242
18548,5948426
18549,4086079
18550,3765078
18551,3979453
18552,3640087
18553,3542993
18554,4984824
18555,11457623
18556,3729570
18557,2923203
18558,3799219
18559,5640031
18560,4610707
18561,4327976
18562,3488104
18563,2540456
18564,1088423
18565,4040768
18566,4637151
18567,2205571
18568,9208953
18569,2010986
18570,2679641
18571,1999964
18572,2135101
18573,4895534
18574,3720237
18575,2612879
18576,4781852
18577,5104870
18578,2335655
18579,3058713
18580,3282350
18581,3229301
18582,2523292
18583,2531166
18584,2342652
18585,1871768
18586,1853318
18587,3766854
18588,3536071
18589,4759945
18590,2642888
18591,1974940
18592,2143194
18593,2511198
18594,1679191
18595,1935407
18596,1483326
18597,1917614
18598,1236224
18599,1779533
18600,3163871
18601,3665770
18602,6917534
18603,5814533
18604,3956713
18605,15143733
18606,3323426
18607,1833632
18608,3044324
18609,1785038
18610,2011122
18611,1877444
18612,1739668
18613,3511535
18614,1951029
18615,3194870
18616,1893965
18617,3601706
18618,2129939
18619,4209323
18620,2959294
18621,6191476
18622,3343764
18623,2234866
18624,4804419
18625,3111294
18626,2332872
18627,3698045
18628,1273236
18629,2663236
18630,2649965
18631,3359693
18632,3793467
18633,3535437
18634,3527036
18635,2731656
18636,3372989
18637,4077272
18638,3493590
18639,1061809
18640,4038836
18641,3330920
18642,4047552
18643,2366742
18644,2120808
18645,2719791
18646,2643328
18647,2573155
18648,2664828
18649,2193323
18650,1627654
18651,2482217
18652,2362337
18653,2544914
18654,2446428
18655,4824469
18656,2578726
18657,5071676
18658,3492264
18659,3695522
18660,2320061
18661,6442244
18662,1517280
18663,3002456
18664,3319988
18665,2296034
18666,3519938
18667,1694383
18668,2448920
18669,4873821
18670,5472644
18671,2091967
18672,4731592
18673,4644611
18674,3914921
18675,2841956
18676,2500262
18677,2151128
18678,2279173
18679,3492688
18680,2764540
18681,2073216
18682,1544911
18683,3387909
18684,2104559
18685,1671782
18686,1087926
18687,6776328
18688,4290213
18689,4877979
18690,3309813
18691,1194076
18692,2360384
18693,3346715
18694,5804188
18695,5646619
18696,2857591
18697,2044867
18698,2900018
18699,4592730
18700,3756973
18701,4775925
18702,2198757
18703,1166721
18704,3705686
18705,4300688
18706,4313439
18707,4943608
18708,6366683
18709,13397661
18710,3292283
18711,1812339
18712,2457834
18713,4270626
18714,1285183
18715,5835741
18716,2695604
18717,3024001
18718,5129289
18719,2230545
18720,5814835
18721,4391435
18722,4738664
18723,3562238
18724,1399924
18725,2199742
18726,2796315
18727,3642081
18728,4685184
18729,4495869
18730,2910971
18731,1613911
18732,3276302
18733,2069959
18734,2102216
18735,1164994
18736,2976385
18737,2787600
18738,2848865
18739,2122099
18740,3082692
18741,3562624
18742,3794979
18743,1159069
18744,7929390
18745,3581395
18746,1106328
18747,3225061
18748,3353592
18749,3518073
18750,2862652
18751,3526497
18752,3228645
18753,3291437
18754,3341220
18755,5325181
18756,1645772
18757,2419059
18758,1933517
18759,2001763
18760,2496528
18761,2603959
18762,2142202
18763,3651354
18764,3869975
18765,4150148
18766,2953448
18767,2182985
18768,2814589
18769,2506130
18770,1576244
18771,6474990
18772,2638221
18773,2823286
18774,3979762
18775,3786056
18776,3373985
18777,3904286
18778,2941847
18779,2872403
18780,3498254
18781,3157185
18782,5541497
18783,4002391
18784,3604730
18785,2526361
18786,11080124
18787,3305071
18788,2037438
18789,3808985
18790,5854760
18791,1963628
18792,2592149
18793,1798290
18794,3453731
18795,4855275
18796,3518707
18797,1955192
18798,1747838
18799,4567105
18800,1530138
18801,2478629
18802,5801118
18803,5086990
18804,3928533
18805,3115801
18806,2469389
18807,3768468
18808,2105487
18809,5780675
18810,2132658
18811,5457374
18812,3680776
18813,3233575
18814,2500346
18815,3977726
18816,2367614
18817,3395487
18818,3125236
18819,3389470
18820,3271626
18821,1687259
18822,4083277
18823,7038768
18824,3744056
18825,3947240
18826,3994318
18827,8480872
18828,4114271
18829,5262180
18830,7725128
18831,5103526
18832,1776094
18833,12827134
18834,3530858
18835,3795224
18836,5560307
18837,8002218
18838,2018141
18839,16579929
18840,3744080
18841,3783224
18842,1529060
18843,3184327
18844,5699828
18845,1854449
18846,3594837
18847,1257974
18848,3583428
18849,5215870
18850,6642585
18851,5721139
18852,2274243
18853,1389747
18854,3085046
18855,2135739
18856,1880812
18857,2906844
18858,1995988
18859,2326490
18860,2026212
18861,2425136
18862,2339235
18863,2183360
18864,1741513
18865,2032922
18866,3263395
18867,2006785
18868,2123820
18869,2062405
18870,2485196
18871,5249420
18872,2486274
18873,2008130
18874,2398397
18875,1289067
18876,3448585
18877,4630868
18878,4287345
18879,4647638
18880,2881890
18881,2354566
18882,3388920
18883,2651645
18884,2469801
18885,5055644
18886,2349143
18887,3731866
18888,2311728
18889,1908738
18890,2678514
18891,3240773
18892,2753993
18893,1902063
18894,6256027
18895,3217934
18896,1041342
18897,4385679
18898,2194703
18899,5557729
18900,5032039
18901,4399866
18902,3979119
18903,3698170
18904,6580603
18905,2978339
18906,2029302
18907,3377603
18908,3534825
18909,3499095
18910,2110928
18911,1120574
18912,1287349
18913,1149200
18914,1183896
18915,1190409
18916,1672736
18917,2380299
18918,3777914
18919,2342705
18920,6386881
18921,5726840
18922,1656320
18923,1293567
18924,1604701
18925,1277151
18926,1138715
18927,1259476
18928,2252069
18929,2269484
18930,1178258
18931,2301509
18932,2203272
18933,2405842
18934,6293226
18935,4751242
18936,3181048
18937,4581081
18938,4345773
18939,4013448
18940,4656150
18941,3893018
18942,5912095
18943,3511295
18944,2291826
18945,2032954
18946,3675728
18947,4060879
18948,1918528
18949,3561618
18950,5275225
18951,5151649
18952,4992542
18953,3488435
18954,2630560
18955,3561725
18956,1766483
18957,2052325
18958,3298679
18959,1897393
18960,1365374
18961,3568848
18962,3904442
18963,3303379
18964,3839624
18965,1675347
18966,1990751
18967,1969535
18968,2372277
18969,2224121
18970,2605256
18971,3063125
18972,1191924
18973,5436144
18974,3708037
18975,3409876
18976,2128320
18977,4368642
18978,2016380
18979,5918681
18980,2272920
18981,2102356
18982,4408518
18983,1877400
18984,3364964
18985,3026830
18986,5039604
18987,1606066
18988,1767435
18989,3266239
18990,1767815
18991,3797041
18992,1064534
18993,4125970
18994,5855695
18995,3743963
18996,4126887
18997,2451969
18998,3853600
18999,2599208
19000,1844649
19001,3166511
19002,2693978
19003,4337169
19004,3479783
19005,3897991
19006,2518940
19007,2094398
19008,3203089
19009,5413052
19010,2928853
19011,2869056
19012,5209278
19013,1159949
19014,1352516
19015,1197547
19016,1343993
19017,1301809
19018,1117738
19019,1466751
19020,1408954
19021,1209260
19022,1400017
19023,1590471
19024,1420457
19025,2158972
19026,1465662
19027,2185521
19028,1483855
19029,2133285
19030,2159432
19031,1143427
19032,1772659
19033,2226406
19034,4164001
19035,2368851
19036,1622174
19037,1273163
19038,2268266
19039,3260690
19040,2178488
19041,2313478
19042,1487700
19043,2164601
19044,1876472
19045,2216570
19046,1129794
19047,4434406
19048,1491797
19049,2152440
19050,2245437
19051,8022439
19052,1121471
19053,2222644
19054,1607719
19055,1178595
19056,1626982
19057,1160293
19058,1497811
19059,1132678
19060,2217154
19061,2367914
19062,2136565
19063,1376159
19064,2223815
19065,1258267
19066,1341388
19067,1217384
19068,1151925
19069,1316251
19070,1219239
19071,2292481
19072,2635140
19073,2758337
19074,2726802
19075,3103483
19076,1436545
19077,4002847
19078,2257495
19079,1212173
19080,1722280
19081,4826286
19082,4183446
19083,2496344
19084,2324224
19085,1379811
19086,1531914
19087,1362719
19088,2244834
19089,2277452
19090,2020048
19091,2284358
19092,1310228
19093,1228796
19094,1197217
19095,2227223
19096,2106003
19097,2219920
19098,1490404
19099,2189542
19100,2414187
19101,2534501
19102,1136556
19103,2339394
19104,1686802
19105,1108347
19106,2664049
19107,2277762
19108,2169977
19109,2114988
19110,2027446
19111,1918591
19112,1120703
19113,1076440
19114,1123235
19115,1095760
19116,973597
19117,1051241
19118,1032715
19119,2239087
19120,3386773
19121,4270232
19122,3180543
19123,3355310
19124,3449744
19125,2218917
19126,4227562
19127,2596776
19128,3323789
19129,5751608
19130,1467963
19131,4884610
19132,6086841
19133,5248510
19134,3165882
19135,4641933
19136,4185153
19137,18216822
19138,2470536
19139,3301028
19140,3927718
19141,2196274
19142,3325748
19143,3472620
19144,3209142
19145,5339943
19146,5410971
19147,5271475
19148,4918850
19149,3769458
19150,1840563
19151,2828959
19152,3391340
19153,4814667
19154,5617332
19155,5011060
19156,5701106
19157,3597276
19158,5558523
19159,3373463
19160,3914787
19161,4427498
19162,1177352
19163,3513604
19164,3194491
19165,3858683
19166,5432641
19167,3826351
19168,4575326
19169,2052754
19170,4768333
19171,5462367
19172,5065938
19173,1292401
19174,3403760
19175,2309457
19176,5321465
19177,3984331
19178,3306103
19179,6051213
19180,2314216
19181,3675597
19182,5829931
19183,3881450
19184,4001953
19185,2954035
19186,3222754
19187,1976804
19188,11524610
19189,4758461
19190,3805714
19191,12433381
19192,6335159
19193,4468221
19194,1092956
19195,3874706
19196,3341323
19197,3753767
19198,4441936
19199,5085183
19200,3090258
19201,3312316
19202,2284838
19203,1707092
19204,3882040
19205,3852341
19206,4078316
19207,2850586
19208,5737435
19209,3888361
19210,2894932
19211,2906889
19212,5641889
19213,2698772
19214,2425543
19215,3794301
19216,4585167
19217,5285538
19218,4786232
19219,4145000
19220,5871824
19221,10697627
19222,2556999
19223,3465593
19224,4896925
19225,4352918
19226,1525896
19227,11982442
19228,1778740
19229,4676155
19230,2306257
19231,4078201
19232,4298217
19233,5547922
19234,9840621
19235,2339564
19236,3804216
19237,2186415
19238,5489090
19239,4965474
19240,5014647
19241,3261719
19242,2976139
19243,7411525
19244,1157885
19245,4078032
19246,2089255
19247,2737762
19248,3945394
19249,2488413
19250,2190730
19251,2814516
19252,3921988
19253,2795750
19254,4268885
19255,2200533
19256,2046777
19257,1642874
19258,1049103
19259,2061499
19260,1301543
19261,2643137
19262,3228244
19263,3362080
19264,3014722
19265,3676071
19266,22826310
19267,2027737
19268,3624771
19269,5641207
19270,4571885
19271,4466089
19272,4222666
19273,1959349
19274,2380487
19275,4436869
19276,4304174
19277,3339879
19278,6524454
19279,1058354
19280,4194916
19281,1923173
19282,2234265
19283,4901186
19284,3756544
19285,2021813
19286,5238283
19287,4649181
19288,4776089
19289,4412771
19290,2325290
19291,1122446
19292,4239491
19293,4917527
19294,1415763
19295,5979981
19296,5353054
19297,5510229
19298,4910338
19299,3910125
19300,995343
19301,4989134
19302,5995767
19303,3203247
19304,4200756
19305,3257528
19306,2322193
19307,3009099
19308,3694652
19309,4122174
19310,2382291
19311,1836192
19312,3886828
19313,4029628
19314,3766916
19315,5114273
19316,3902179
19317,2388814
19318,3697629
19319,1243066
19320,3752542
19321,3897418
19322,1571598
19323,4140129
19324,1195081
19325,2079822
19326,2286458
19327,3747532
19328,3357981
19329,2660927
19330,3785597
19331,3830534
19332,3373936
19333,2175927
19334,3541752
19335,5885849
19336,4030681
19337,3171973
19338,4587632
19339,6763866
19340,10963477
19341,6384103
19342,5072364
19343,2397872
19344,5737339
19345,3916081
19346,2323364
19347,17224032
19348,3472240
19349,3997381
19350,5058118
19351,1439424
19352,3847834
19353,5944387
19354,1592147
19355,5497185
19356,4793792
19357,1864006
19358,3810025
19359,5381277
19360,5329909
19361,3283771
19362,3687029
19363,3429866
19364,2936620
19365,1439960
19366,3984222
19367,5669293
19368,3819789
19369,3615867
19370,3294568
19371,5366445
19372,5599647
19373,2221382
19374,2440164
19375,1994512
19376,5766304
19377,2260690
19378,2928739
19379,2022259
19380,3175938
19381,3069239
19382,1907793
19383,2225840
19384,2639541
19385,4158358
19386,1060609
19387,3924884
19388,2498954
19389,3430804
19390,2669485
19391,2544968
19392,2521432
19393,2578582
19394,6407943
19395,3228242
19396,4732769
19397,6876645
19398,4122953
19399,3153539
19400,4008476
19401,4747168
19402,4167514
19403,2615942
19404,6953381
19405,2496911
19406,1599122
19407,1198683
19408,1857807
19409,1776454
19410,2036541
19411,1891865
19412,2322321
19413,2138198
19414,6091065
19415,2268525
19416,4641677
19417,5740284
19418,1423958
19419,3598948
19420,3032101
19421,3960938
19422,6400984
19423,4179873
19424,3555810
19425,3111860
19426,5137888
19427,3934302
19428,2523292
19429,3761408
19430,2788149
19431,3623583
19432,2299884
19433,5906555
19434,15206469
19435,5653736
19436,2446249
19437,2235328
19438,2718237
19439,1010445
19440,2477336
19441,3438748
19442,2383148
19443,3126330
19444,2474885
19445,3056349
19446,2087981
19447,2966319
19448,5673591
19449,5274814
19450,3512889
19451,2151079
19452,3897155
19453,10051111
19454,4715887
19455,6664159
19456,5681905
19457,3994025
19458,5081935
19459,5986391
19460,2196096
19461,6366876
19462,5497902
19463,6127859
19464,3701240
19465,2221943
19466,5083558
19467,14851624
19468,5724743
19469,3918364
19470,3112365
19471,2211601
19472,5617746
19473,5177528
19474,4450753
19475,6481111
19476,2767042
19477,2528055
19478,3665506
19479,4144415
19480,2727442
19481,2283820
19482,3675072
19483,5891669
19484,3188652
19485,2473580
19486,3185298
19487,2770513
19488,5909205
19489,2740810
19490,4321973
19491,4023236
19492,1149318
19493,3008948
19494,7083928
19495,2670012
19496,6058730
19497,3747648
19498,4606361
19499,1515129
19500,2085133
19501,3938551
19502,3154426
19503,1194165
19504,10719617
19505,3561023
19506,5732046
19507,3449770
19508,3200425
19509,3180671
19510,2667636
19511,1891510
19512,3607408
19513,6054424
19514,4335972
19515,3128339
19516,4660913
19517,3108903
19518,3610814
19519,1343085
19520,3109240
19521,4306672
19522,3573991
19523,6415024
19524,1118303
19525,2365171
19526,3537264
19527,2729940
19528,2541719
19529,6855325
19530,2194161
19531,14894603
19532,2406682
19533,2383252
19534,3840828
19535,1230418
19536,5840223
19537,1850614
19538,2019075
19539,2243642
19540,2327271
19541,6235135
19542,5965418
19543,4749170
19544,2490740
19545,1969683
19546,3783945
19547,5313863
19548,5119541
19549,5799294
19550,4771964
19551,4107906
19552,1581727
19553,3134414
19554,3567517
19555,3900756
19556,1116357
19557,2647106
19558,2003075
19559,1982591
19560,2760839
19561,10862422
19562,4416433
19563,5043718
19564,4627473
19565,2536006
19566,3674564
19567,2142861
19568,3123424
19569,4891886
19570,1794039
19571,5358326
19572,4138474
19573,8616189
19574,2414258
19575,4083060
19576,4624539
19577,1535234
19578,4691880
19579,1117333
19580,5534988
19581,1793231
19582,4071528
19583,4024062
19584,3374222
19585,2794787
19586,5404446
19587,3035832
19588,2340545
19589,5216616
19590,6035582
19591,2742013
19592,3998737
19593,2823783
19594,5215349
19595,3565518
19596,3008466
19597,4892862
19598,4449664
19599,1335080
19600,3135693
19601,3824900
19602,2670560
19603,2207146
19604,2419347
19605,2450450
19606,2312543
19607,1187753
19608,4337905
19609,3687714
19610,1933721
19611,14321486
19612,2417360
19613,2264545
19614,11471296
19615,3156008
19616,5876012
19617,3420041
19618,3297044
19619,3300983
19620,1397719
19621,2114385
19622,3777785
19623,2997762
19624,3624302
19625,18087346
19626,3357119
19627,1883909
19628,4336698
19629,3688104
19630,3909950
19631,1047443
19632,4471384
19633,6469204
19634,2448160
19635,4415782
19636,3146627
19637,2582929
19638,2021730
19639,2781022
19640,3383637
19641,2017718
19642,3075076
19643,1693086
19644,2367272
19645,4452882
19646,1644805
19647,2288627
19648,3770553
19649,2859664
19650,3624280
19651,4112764
19652,1227511
19653,4246149
19654,3030750
19655,3762352
19656,3919411
19657,3476827
19658,5640021
19659,3678330
19660,4616812
19661,1917003
19662,4031871
19663,2177648
19664,5659319
19665,3794805
19666,3594516
19667,3472045
19668,4307051
19669,5218384
19670,6292287
19671,3632110
19672,4058780
19673,2029983
19674,14196642
19675,4102358
19676,3844839
19677,6343657
19678,3348190
19679,3059847
19680,1662067
19681,2380158
19682,3535522
19683,2223620
19684,1131189
19685,2787307
19686,3266536
19687,4710772
19688,4048393
19689,1965800
19690,2099577
19691,3723991
19692,1451298
19693,1077344
19694,2576449
19695,2957729
19696,5922972
19697,2174079
19698,3037356
19699,3483687
19700,4012201
19701,4486929
19702,7030757
19703,3416931
19704,3272274
19705,3438565
19706,2129097
19707,10936485
19708,2231417
19709,5493640
19710,5327620
19711,2520384
19712,1893266
19713,2462023
19714,1708014
19715,1198541
19716,2343588
19717,3423827
19718,5967828
19719,1374510
19720,3585711
19721,5608069
19722,7911783
19723,3794515
19724,2710293
19725,3719307
19726,1991419
19727,1186296
19728,2250493
19729,1994520
19730,4011682
19731,4013555
19732,3975688
19733,1766984
19734,3594249
19735,4090579
19736,5821395
19737,3985376
19738,2108118
19739,1339977
19740,2217960
19741,3683579
19742,2588750
19743,1431117
19744,1107961
19745,1388798
19746,2209749
19747,2303144
19748,1197898
19749,2366765
19750,2784174
19751,2231683
19752,11957933
19753,1100832
19754,2901044
19755,4981501
19756,4704747
19757,5315301
19758,3657071
19759,2287360
19760,2701822
19761,3422976
19762,2414855
19763,2495071
19764,2813294
19765,2759889
19766,5495864
19767,4889028
19768,3994818
19769,3061965
19770,2779615
19771,3886101
19772,3590724
19773,4368928
19774,5265326
19775,4245990
19776,2150493
19777,1659649
19778,3718021
19779,2372468
19780,1966258
19781,2828212
19782,1153348
19783,3837900
19784,2290282
19785,1926209
19786,2148487
19787,2657506
19788,6639573
19789,2788439
19790,2089017
19791,5170402
19792,3191596
19793,2029000
19794,4159174
19795,3108550
19796,2290611
19797,2138965
19798,6366130
19799,2552121
19800,2335176
19801,2191059
19802,2513584
19803,2221757
19804,2493521
19805,2687424
19806,2511641
19807,5492930
19808,2686784
19809,1906357
19810,2202915
19811,2491193
19812,1105303
19813,2877078
19814,2310907
19815,4568323
19816,5770628
19817,3354503
19818,1785783
19819,2480382
19820,1546511
19821,2948613
19822,4125004
19823,4374150
19824,2716501
19825,3681429
19826,2694978
19827,4328151
19828,4124288
19829,4776865
19830,4794204
19831,5680403
19832,4383526
19833,3941421
19834,6226503
19835,4603222
19836,3901735
19837,5403137
19838,3677687
19839,5189789
19840,4519209
19841,3739750
19842,9252008
19843,4961974
19844,1998030
19845,5128499
19846,5404742
19847,5591610
19848,2917673
19849,3103160
19850,3618145
19851,5569879
19852,5590753
19853,2357223
19854,2337966
19855,3139983
19856,3565304
19857,4414604
19858,8264459
19859,1651697
19860,3419767
19861,4845735
19862,2192445
19863,3390753
19864,3533387
19865,1844612
19866,2971462
19867,2378000
19868,2677793
19869,3251065
19870,2936666
19871,3674899
19872,4676733
19873,2034296
19874,1954697
19875,3953118
19876,4291456
19877,2308577
19878,1775637
19879,1640423
19880,2175739
19881,2087489
19882,3270134
19883,3376309
19884,3458427
19885,2564358
19886,2860013
19887,6645487
19888,2095477
19889,2115010
19890,3345082
19891,5431058
19892,5510272
19893,4823925
19894,3634546
19895,3895371
19896,5206794
19897,1047139
19898,2209411
19899,1849403
19900,2201831
19901,2813407
19902,2488474
19903,1708376
19904,1362548
19905,3433031
19906,2182686
19907,2561355
19908,1081569
19909,2028926
19910,2077316
19911,1059797
19912,2746532
19913,1970000
19914,2098347
19915,2097537
19916,3258376
19917,5756953
19918,1407714
19919,2702618
19920,3654077
19921,2942191
19922,3779235
19923,3381573
19924,3744612
19925,2226617
19926,4217845
19927,1930386
19928,3286411
19929,1037119
19930,2632577
19931,1945573
19932,2078748
19933,1593915
19934,1851318
19935,1759653
19936,2965630
19937,3918066
19938,2318984
19939,13550194
19940,2328988
19941,4473451
19942,1792092
19943,1699120
19944,1915038
19945,1506960
19946,1871486
19947,3799100
19948,3927536
19949,7344395
19950,2190882
19951,5029408
19952,4088306
19953,4547682
19954,996783
19955,2850237
19956,2541364
19957,4639343
19958,3480585
19959,1642310
19960,1791892
19961,1574171
19962,1855726
19963,2413197
19964,2645772
19965,1586291
19966,1130565
19967,2338451
19968,5947147
19969,1024830
19970,1129674
19971,2560593
19972,2192682
19973,2222207
19974,2205090
19975,2202704
19976,2037442
19977,3294214
19978,976236
19979,2179924
19980,4508130
19981,3016240
19982,2288676
19983,6084466
19984,2264603
19985,4918941
19986,3106292
19987,2337815
19988,5899072
19989,3206691
19990,9732433
19991,3781620
19992,3485578
19993,2052171
19994,3484783
19995,3260385
19996,4114112
19997,5896046
19998,1721290
19999,2047895
20000,2493293
20001,3481836
20002,3700452
20003,2725435
20004,2584942
20005,3531812
20006,4661298
20007,3416042
20008,2914385
20009,3687487
20010,1242914
20011,1151924
20012,2638043
20013,5293211
20014,4109505
20015,2391948
20016,2239055
20017,5250307
20018,4378884
20019,5212307
20020,3892399
20021,3969634
20022,2648014
20023,1950917
20024,1063278
20025,2083086
20026,1753093
20027,1834114
20028,1807220
20029,1726381
20030,1806665
20031,8155632
20032,4071202
20033,3408696
20034,2962450
20035,1181896
20036,4074960
20037,3526020
20038,1824658
20039,2001511
20040,3716081
20041,9412877
20042,3393229
20043,2777973
20044,5294445
20045,1640310
20046,2539292
20047,3524278
20048,3176135
20049,3313054
20050,2654154
20051,2853749
20052,10799683
20053,2984049
20054,4062376
20055,1114743
20056,1703054
20057,2258981
20058,1749083
20059,1147586
20060,1209706
20061,1154723
20062,2123110
20063,2142772
20064,1465789
20065,2084208
20066,1485637
20067,2265184
20068,1545559
20069,1339817
20070,997963
20071,982639
20072,1767846
20073,1865064
20074,1460574
20075,1038207
20076,2128956
20077,1103941
20078,1053979
20079,1214546
20080,1494867
20081,2224663
20082,2230755
20083,2028288
20084,1601103
20085,1071014
20086,1306660
20087,1934643
20088,1466025
20089,1083975
20090,923861
20091,1005527
20092,920511
20093,1007386
20094,1591913
20095,946386
20096,1032501
20097,991043
20098,1004366
20099,1006390
20100,1722212
20101,1036499
20102,899167
20103,957626
20104,1403795
20105,4052566
20106,991473
20107,1208333
20108,1719003
20109,1002843
20110,1021162
20111,982389
20112,974549
20113,1153796
20114,1180264
20115,3187292
20116,1315525
20117,1293557
20118,1153074
20119,1185639
20120,5988791
20121,3037703
20122,2327789
20123,2341125
20124,2435008
20125,1840671
20126,1884118
20127,1717733
20128,1935721
20129,2866813
20130,1144506
20131,4109390
20132,1886210
20133,2290923
20134,1721242
20135,1172317
20136,1813023
20137,2245864
20138,1720712
20139,3584131
20140,1088392
20141,4083205
20142,5911022
20143,5177670
20144,3149074
20145,2234317
20146,1176916
20147,1635013
20148,3458896
20149,2219596
20150,2275319
20151,2518764
20152,3838090
20153,2272243
20154,2533170
20155,3946049
20156,4438453
20157,4576679
20158,1178964
20159,1867301
20160,1404577
20161,12440327
20162,2295302
20163,2081591
20164,1879113
20165,1255306
20166,1846471
20167,3089077
20168,3100834
20169,1602268
20170,1852702
20171,2883812
20172,2949246
20173,2200093
20174,1320533
20175,2603015
20176,1639971
20177,1635671
20178,1910350
20179,2547094
20180,1092590
20181,1193878
20182,1559678
20183,2700947
20184,2266652
20185,1140557
20186,1120669
20187,1111177
20188,985231
20189,1036049
20190,1144358
20191,1220564
20192,2141177
20193,1228617
20194,2765867
20195,2135407
20196,1739241
20197,2499255
20198,1606669
20199,1851227
20200,1126324
20201,1014280
20202,1149020
20203,971155
20204,1051147
20205,1032849
20206,1093852
20207,1130522
20208,4072597
20209,3524227
20210,2023985
20211,5672214
20212,1106904
20213,4880204
20214,4744287
20215,10447636
20216,5898210
20217,3203245
20218,4706232
20219,2558434
20220,5927711
20221,4412324
20222,4030809
20223,5705993
20224,5548673
20225,3607887
20226,3038238
20227,2986613
20228,2706951
20229,2517301
20230,4059400
20231,4043467
20232,1914224
20233,1948220
20234,3232518
20235,3299553
20236,2617977
20237,5611210
20238,8999831
20239,3097981
20240,1704381
20241,1891418
20242,2676215
20243,1575529
20244,2362555
20245,1715002
20246,3037042
20247,1206450
20248,1956798
20249,1725972
20250,4077995
20251,4272815
20252,5301618
20253,5992834
20254,4657813
20255,1598295
20256,1428641
20257,1106574
20258,2902897
20259,2176284
20260,2148304
20261,2106072
20262,1976544
20263,3466542
20264,3631942
20265,2730320
20266,4472901
20267,3059375
20268,1095409
20269,2793687
20270,3045005
20271,3655669
20272,3472889
20273,4270488
20274,4241075
20275,3730811
20276,2970461
20277,2407740
20278,2370909
20279,1182385
20280,5868605
20281,3619376
20282,3422157
20283,5015478
20284,3647830
20285,2097016
20286,3124347
20287,8126740
20288,3500495
20289,2387167
20290,3835145
20291,2851476
20292,5862679
20293,4414561
20294,5989056
20295,4751782
20296,5667296
20297,4602340
20298,1433545
20299,3591353
20300,1296463
20301,2507155
20302,2809577
20303,1719446
20304,2187276
20305,1760455
20306,1987569
20307,1967627
20308,2520033
20309,2358820
20310,2871020
20311,1938016
20312,2033285
20313,3886644
20314,2669699
20315,1782083
20316,1918275
20317,1935173
20318,1635310
20319,1497263
20320,2284765
20321,1028159
20322,2094332
20323,15307618
20324,2031659
20325,1806898
20326,1788075
20327,2566450
20328,2433824
20329,1937148
20330,1856992
20331,1863573
20332,1505745
20333,7893825
20334,2659748
20335,1989404
20336,3409782
20337,4089598
20338,5650442
20339,4968526
20340,4700014
20341,2383118
20342,2394003
20343,3861530
20344,3234630
20345,4595521
20346,3940833
20347,4058646
20348,4605288
20349,2633939
20350,4138070
20351,6724185
20352,4812722
20353,1193091
20354,3460779
20355,3925072
20356,4285225
20357,2538972
20358,2754988
20359,5866050
20360,4659046
20361,5164540
20362,7479880
20363,3414169
20364,2110570
20365,4710324
20366,3879120
20367,3766891
20368,6753378
20369,5430692
20370,5283615
20371,5376405
20372,5577738
20373,4595385
20374,2579427
20375,2660045
20376,5246831
20377,8944998
20378,3442954
20379,3727367
20380,2422229
20381,4016458
20382,5993824
20383,4371964
20384,5620388
20385,2162433
20386,5484223
20387,7011350
20388,2594991
20389,1055824
20390,3465620
20391,4768422
20392,2927852
20393,2498383
20394,2495058
20395,2001866
20396,1098577
20397,3385616
20398,2120960
20399,2378100
20400,2370391
20401,4751767
20402,2302918
20403,2262843
20404,4152740
20405,3261462
20406,2955224
20407,5230307
20408,3404052
20409,2989476
20410,1654402
20411,2083284
20412,1982291
20413,3753772
20414,4660669
20415,4847627
20416,2338904
20417,5055151
20418,5666535
20419,2935575
20420,1910600
20421,2404563
20422,2619951
20423,4347388
20424,6269377
20425,1697448
20426,2425723
20427,3445059
20428,2252288
20429,2022700
20430,1798026
20431,1605054
20432,4180265
20433,3525595
20434,1852045
20435,1668272
20436,2591477
20437,3479191
20438,2158270
20439,2315822
20440,1739681
20441,4030326
20442,3604349
20443,5572258
20444,2490966
20445,2751552
20446,2123418
20447,2281590
20448,2314281
20449,1025439
20450,3317191
20451,2820467
20452,1955626
20453,3694191
20454,4991880
20455,5438521
20456,3793269
20457,3167728
20458,4505783
20459,4539962
20460,3038214
20461,3067535
20462,1565444
20463,1108320
20464,1044961
20465,1043218
20466,1177314
20467,1213905
20468,1669017
20469,2164492
20470,1192963
20471,1160029
20472,2374247
20473,2492722
20474,2378139
20475,2194498
20476,3311452
20477,2114957
20478,2212955
20479,3947315
20480,7181629
20481,1129968
20482,1806578
20483,1042308
20484,1194146
20485,2110458
20486,4306354
20487,1064571
20488,1584087
20489,1203727
20490,1060602
20491,1085904
20492,1099187
20493,1424009
20494,1473912
20495,1053409
20496,1114009
20497,1084127
20498,1112196
20499,1094349
20500,1168246
20501,1323425
20502,2268844
20503,1058819
20504,1138001
20505,1333958
20506,1091688
20507,1415510
20508,1976667
20509,1153804
20510,1087859
20511,1356192
20512,2391170
20513,1188713
20514,3148932
20515,3230529
20516,3612093
20517,5904161
20518,2247875
20519,1601756
20520,2572482
20521,1648209
20522,2964653
20523,1473310
20524,1078080
20525,5090507
20526,3906093
20527,2777420
20528,4325764
20529,1176378
20530,3215247
20531,3312749
20532,5750892
20533,3303404
20534,2781503
20535,2504148
20536,3513279
20537,4076467
20538,12790627
20539,2521598
20540,3351730
20541,3981594
20542,3398453
20543,6260394
20544,4823677
20545,2990105
20546,4346835
20547,5828610
20548,2965578
20549,4586130
20550,4127310
20551,6699343
20552,5973332
20553,1722086
20554,5334594
20555,5592183
20556,2268859
20557,4089579
20558,1031807
20559,2690829
20560,1670096
20561,6397423
20562,4557145
20563,3764036
20564,5482014
20565,5790397
20566,3666424
20567,3914172
20568,1966877
20569,1844153
20570,3020074
20571,3567197
20572,1993389
20573,3571370
20574,4443175
20575,3469600
20576,4551842
20577,1172528
20578,4354284
20579,1795082
20580,2130360
20581,2838585
20582,4022441
20583,6341398
20584,4684318
20585,2805793
20586,2274134
20587,4254815
20588,1037732
20589,2969886
20590,3318085
20591,1102807
20592,1833059
20593,4143147
20594,3623429
20595,3557361
20596,4111826
20597,5606773
20598,2703640
20599,3560690
20600,2711228
20601,4411948
20602,2493603
20603,3884388
20604,8659899
20605,1904829
20606,2064760
20607,2704539
20608,2568391
20609,1427643
20610,2661755
20611,3590891
20612,5974930
20613,7257460
20614,2893976
20615,2475269
20616,2189077
20617,4923109
20618,3672965
20619,4000056
20620,1490703
20621,2334786
20622,2017379
20623,1922922
20624,5601616
20625,3231656
20626,3979812
20627,1995254
20628,2621639
20629,1914220
20630,3453783
20631,1349736
20632,3975393
20633,2838306
20634,2468310
20635,3372590
20636,3247093
20637,3543175
20638,8755339
20639,4469056
20640,1985430
20641,1186310
20642,15036138
20643,2973812
20644,3917817
20645,2825361
20646,4062181
20647,2081298
20648,2493912
20649,2613873
20650,2845550
20651,2474317
20652,1126502
20653,3609724
20654,3002681
20655,7550976
20656,5258354
20657,4441463
20658,3606600
20659,3911182
20660,2634634
20661,4033985
20662,3311663
20663,2282706
20664,5016706
20665,3137152
20666,3358707
20667,4534182
20668,3641091
20669,3538586
20670,3674968
20671,3221241
20672,4327775
20673,2448674
20674,5845136
20675,6108020
20676,2700742
20677,4980696
20678,6065250
20679,3542288
20680,3445015
20681,3655885
20682,2910851
20683,3840441
20684,1537158
20685,3593380
20686,3236937
20687,3593558
20688,1839342
20689,1838326
20690,1879593
20691,3751019
20692,2121747
20693,3744218
20694,6669719
20695,3514890
20696,3437744
20697,2881831
20698,3343083
20699,3223937
20700,2927534
20701,4003400
20702,5672983
20703,16699404
20704,3170597
20705,1878290
20706,4042433
20707,3407145
20708,1997227
20709,1857618
20710,2410098
20711,1792574
20712,2005034
20713,1735802
20714,5644803
20715,2650968
20716,1010439
20717,2181468
20718,1940023
20719,1003184
20720,5458865
20721,5415679
20722,5095000
20723,5807196
20724,15673944
20725,3370847
20726,2905724
20727,5757947
20728,4058685
20729,1987223
20730,2061842
20731,3451558
20732,7206471
20733,5087544
20734,1249435
20735,2603078
20736,3800032
20737,1111744
20738,4123744
20739,2600995
20740,3339670
20741,4335659
20742,4528490
20743,3704996
20744,3693292
20745,5056813
20746,4322785
20747,5052020
20748,1505227
20749,2212479
20750,1909526
20751,3685156
20752,2746472
20753,4444226
20754,4005133
20755,3964966
20756,5705724
20757,6169899
20758,2865939
20759,2077316
20760,4105496
20761,3522799
20762,3724222
20763,4192193
20764,4562908
20765,4802530
20766,19492862
20767,6006314
20768,2748533
20769,2105679
20770,2469220
20771,1681665
20772,1870213
20773,1829379
20774,3047008
20775,2059596
20776,1730680
20777,1733614
20778,1706027
20779,4933301
20780,3162038
20781,5348005
20782,3415633
20783,3058049
20784,3708070
20785,2789247
20786,4170713
20787,13184613
20788,11859771
20789,5229619
20790,2489860
20791,3939012
20792,3932761
20793,1912361
20794,1113466
20795,3954239
20796,4281662
20797,3794487
20798,2831102
20799,5027913
20800,3231872
20801,2183204
20802,3205470
20803,5687006
20804,3955511
20805,5363799
20806,9737710
20807,3309821
20808,8365429
20809,2415061
20810,3968135
20811,8576639
20812,4351078
20813,5835939
20814,5738539
20815,4874680
20816,3360023
20817,1089077
20818,6048454
20819,4550943
20820,2850886
20821,4705079
20822,1820627
20823,6036066
20824,2856925
20825,3587938
20826,4440322
20827,3896448
20828,5490996
20829,7505588
20830,5532315
20831,2396461
20832,2388946
20833,6365489
20834,4643626
20835,5344832
20836,4527949
20837,3854945
20838,4356646
20839,4972422
20840,2337946
20841,3965275
20842,3656323
20843,4239386
20844,1540538
20845,4886060
20846,4588393
20847,5153203
20848,4393873
20849,5680271
20850,13223192
20851,5698859
20852,3671609
20853,5376201
20854,4663827
20855,3359405
20856,2815578
20857,4810080
20858,9262442
20859,3915439
20860,1511546
20861,2482901
20862,3474533
20863,3621127
20864,3982900
20865,1343495
20866,3978196
20867,4168097
20868,3370697
20869,2283994
20870,2262351
20871,5161183
20872,4296638
20873,3463532
20874,3952961
20875,3867306
20876,1561773
20877,2996602
20878,1752980
20879,4164794
20880,2493550
20881,2190219
20882,3395917
20883,5783696
20884,5989894
20885,3463154
20886,3588475
20887,1692408
20888,5717748
20889,4870135
20890,3784776
20891,3719723
20892,13546952
20893,2322909
20894,1986007
20895,4080948
20896,1920373
20897,1855748
20898,2308760
20899,1724123
20900,1381082
20901,4801931
20902,2986558
20903,4721240
20904,4469342
20905,3023457
20906,3209608
20907,4948222
20908,921321
20909,2545071
20910,6254176
20911,5570230
20912,3824489
20913,15114683
20914,6864930
20915,3479848
20916,3644851
20917,2856421
20918,1080875
20919,1421532
20920,4996737
20921,1686364
20922,3514800
20923,1949614
20924,4440780
20925,2269509
20926,1613647
20927,5392479
20928,2136244
20929,2384086
20930,2640307
20931,2426651
20932,2285594
20933,3454048
20934,15317325
20935,2238787
20936,4152590
20937,5986029
20938,2221179
20939,3043679
20940,1165055
20941,2658018
20942,3870953
20943,3750095
20944,5888999
20945,2257398
20946,3495885
20947,3904524
20948,2816327
20949,3367585
20950,2942547
20951,1023456
20952,5313028
20953,3248361
20954,4153965
20955,3982410
20956,6057339
20957,3859779
20958,2049999
20959,3508392
20960,3703077
20961,2207974
20962,1837365
20963,2072133
20964,3818396
20965,2375170
20966,5764814
20967,1924949
20968,3212268
20969,8863791
20970,3826261
20971,6845775
20972,979087
20973,2041401
20974,2562263
20975,2685190
20976,5498041
20977,3893416
20978,5984551
20979,3423673
20980,4949328
20981,3537946
20982,3322418
20983,1199217
20984,3808390
20985,2301578
20986,3154813
20987,3485618
20988,2378402
20989,2425748
20990,11345975
20991,2620334
20992,2353322
20993,4108400
20994,1266015
20995,3293314
20996,3828616
20997,7378944
20998,2216947
20999,3403456
21000,2104652
21001,3651681
21002,3404323
21003,5086540
21004,3747631
21005,1004318
21006,4081002
21007,5187579
21008,4837474
21009,4680426
21010,4668358
21011,4102156
21012,4214837
21013,2653967
21014,1756149
21015,4102340
21016,2369980
21017,2616959
21018,3148692
21019,2089323
21020,4767259
21021,6185518
21022,4700090
21023,2963552
21024,3982535
21025,2199986
21026,1527007
21027,3589446
21028,5276852
21029,2398281
21030,2402977
21031,3083070
21032,5853609
21033,1959341
21034,2233612
21035,2185724
21036,2030589
21037,1085940
21038,2869823
21039,4293450
21040,3976194
21041,4964936
21042,3866495
21043,3691065
21044,2902131
21045,3224183
21046,3282943
21047,1461601
21048,2868010
21049,3426926
21050,2092346
21051,2030118
21052,3372748
21053,2092325
21054,2510895
21055,8924493
21056,4999904
21057,3458454
21058,2071345
21059,4333812
21060,11550291
21061,1179559
21062,3324226
21063,3319446
21064,2889042
21065,3259005
21066,3081179
21067,2339445
21068,3408926
21069,1923684
21070,2324396
21071,6780337
21072,2373699
21073,3559931
21074,4869078
21075,3359056
21076,5978644
21077,2401431
21078,3706596
21079,4385696
21080,2427457
21081,2153899
21082,5483161
21083,2418335
21084,2719914
21085,5099378
21086,4114960
21087,2063685
21088,4018333
21089,2132081
21090,1336572
21091,10318023
21092,6424836
21093,3938837
21094,3415887
21095,2618557
21096,2329504
21097,2415300
21098,2132137
21099,2119210
21100,3291603
21101,1074307
21102,10210535
21103,7163156
21104,3127001
21105,4862080
21106,2558857
21107,5733166
21108,3930939
21109,1687253
21110,3146396
21111,1609058
21112,3048842
21113,2787080
21114,3840635
21115,3431196
21116,4108196
21117,1770965
21118,1677591
21119,1106478
21120,5539911
21121,1556467
21122,1034955
21123,3187506
21124,2277019
21125,3726602
21126,1930594
21127,2142579
21128,2860086
21129,2160422
21130,2298099
21131,2314903
21132,4465977
21133,1220489
21134,4898191
21135,2229087
21136,2402617
21137,2190321
21138,1771016
21139,5460572
21140,4088311
21141,2291986
21142,1034103
21143,3059366
21144,5567649
21145,6512984
21146,4909368
21147,4261736
21148,3470989
21149,3452559
21150,3538788
21151,1730188
21152,2214217
21153,3872692
21154,1194564
21155,2133859
21156,2081547
21157,1949344
21158,2323422
21159,1719624
21160,5603063
21161,1590031
21162,2978468
21163,2264786
21164,2933641
21165,1215279
21166,4346612
21167,3242403
21168,1940912
21169,2266134
21170,2742342
21171,2818428
21172,2466619
21173,1984911
21174,4553665
21175,1483371
21176,2958255
21177,5736830
21178,2756720
21179,3088404
21180,3459652
21181,2122431
21182,3637354
21183,3210420
21184,2735807
21185,1962779
21186,3897087
21187,4797275
21188,2221142
21189,1796034
21190,3308125
21191,7243287
21192,10083109
21193,2504503
21194,2376785
21195,3594302
21196,2663977
21197,1757435
21198,1128513
21199,2667304
21200,1554463
21201,3194621
21202,3331204
21203,5910410
21204,5596180
21205,3592538
21206,8424943
21207,2306637
21208,3289497
21209,1883532
21210,3673880
21211,3310584
21212,3587833
21213,1192785
21214,3268281
21215,6215118
21216,8163598
21217,4317406
21218,3039183
21219,3958055
21220,4169254
21221,2412278
21222,2118634
21223,3980237
21224,5547985
21225,4605245
21226,1749195
21227,15654028
21228,6933293
21229,969409
21230,3242957
21231,6195489
21232,5615655
21233,4367893
21234,5701886
21235,4741991
21236,4019130
21237,3781421
21238,3691166
21239,2639089
21240,1048194
21241,3593044
21242,3555835
21243,3433689
21244,3615803
21245,2047181
21246,2431075
21247,2803051
21248,2395118
21249,3497065
21250,1536920
21251,3594161
21252,2175336
21253,3009059
21254,2190165
21255,4142684
21256,3069597
21257,4769462
21258,3687457
21259,4657636
21260,2299074
21261,1227609
21262,3627268
21263,2595221
21264,3188323
21265,2217441
21266,2588295
21267,1886002
21268,1913869
21269,1920905
21270,12090353
21271,1931895
21272,1048893
21273,2631299
21274,2416384
21275,2560335
21276,2301149
21277,2236193
21278,2500764
21279,4386900
21280,2604004
21281,2362312
21282,8729818
21283,2518966
21284,5308945
21285,3036800
21286,3062832
21287,2920902
21288,3453896
21289,1741441
21290,2334703
21291,5978658
21292,3011605
21293,2119530
21294,2765121
21295,4679054
21296,1957308
21297,1813222
21298,2719295
21299,1712510
21300,3327883
21301,3477779
21302,3365837
21303,1992925
21304,1538869
21305,3713102
21306,2635739
21307,3465179
21308,4254764
21309,2998326
21310,2238037
21311,2221525
21312,10737956
21313,3953476
21314,7789274
21315,1066679
21316,3665199
21317,3754926
21318,1912799
21319,1440393
21320,3516949
21321,2424302
21322,2487301
21323,3189727
21324,3411949
21325,2791987
21326,1969336
21327,2795626
21328,2130718
21329,3336001
21330,3085118
21331,1929906
21332,3266205
21333,5241671
21334,6042952
21335,3852287
21336,1292074
21337,7230277
21338,3377825
21339,3217922
21340,4618573
21341,5385478
21342,3882311
21343,1095922
21344,3629714
21345,3847281
21346,5321214
21347,6321901
21348,4916799
21349,1933099
21350,3513498
21351,3328536
21352,4038814
21353,2033276
21354,3004127
21355,1840847
21356,1817629
21357,1804227
21358,1676581
21359,2015516
21360,2053076
21361,5330537
21362,15317807
21363,2491233
21364,1779861
21365,3699102
21366,2624083
21367,2017116
21368,5237786
21369,2784670
21370,1638334
21371,1890398
21372,1786061
21373,2051100
21374,1812726
21375,6790713
21376,3443661
21377,2318462
21378,3079022
21379,2063346
21380,5077810
21381,5103014
21382,3807400
21383,1116286
21384,4282802
21385,3227470
21386,5877299
21387,4927204
21388,2730511
21389,3384310
21390,3247961
21391,3666066
21392,2953818
21393,3557579
21394,3649108
21395,3679551
21396,13283005
21397,3787867
21398,4150811
21399,2076781
21400,1082132
21401,3864131
21402,2354136
21403,9361816
21404,1870397
21405,2315540
21406,3922278
21407,4703709
21408,1317852
21409,4763344
21410,3999238
21411,1188235
21412,3910612
21413,4573313
21414,2642303
21415,5336807
21416,4036818
21417,6084203
21418,3710671
21419,3072822
21420,2513410
21421,1301367
21422,2710238
21423,7401782
21424,2922393
21425,3760035
21426,5737140
21427,2884075
21428,2272633
21429,1865123
21430,2564566
21431,5392208
21432,1972337
21433,5784515
21434,4378571
21435,4769199
21436,3777461
21437,4420865
21438,7849204
21439,3881732
21440,1526109
21441,3620386
21442,4266814
21443,5938148
21444,5260087
21445,5185228
21446,5343288
21447,3835889
21448,5603833
21449,5493217
21450,6275842
21451,3826315
21452,2062412
21453,1726047
21454,3483386
21455,2980994
21456,2199222
21457,1868731
21458,3905809
21459,15774735
21460,3175888
21461,3548104
21462,5274156
21463,2326368
21464,1174860
21465,5771661
21466,3929846
21467,3777572
21468,3588493
21469,3117008
21470,4018491
21471,3388031
21472,3347406
21473,2269493
21474,2377130
21475,6867510
21476,3073722
21477,3576581
21478,3581111
21479,3873386
21480,2869084
21481,3311474
21482,2317919
21483,2409581
21484,9349968
21485,3149165
21486,4610504
21487,1406517
21488,2009634
21489,3617125
21490,4576171
21491,5509895
21492,3630158
21493,4191127
21494,3868221
21495,4270212
21496,988712
21497,5326190
21498,4067135
21499,5008581
21500,5175384
21501,6872365
21502,3427357
21503,2508498
21504,2209338
21505,1736173
21506,2058998
21507,1383500
21508,2363286
21509,1935367
21510,2307990
21511,2136313
21512,2834190
21513,1753113
21514,6046853
21515,5854157
21516,2468372
21517,2182824
21518,6033944
21519,2191523
21520,1550424
21521,1950289
21522,6305171
21523,1022833
21524,2100333
21525,2954916
21526,1694920
21527,3692746
21528,1096289
21529,2441895
21530,1000387
21531,1998209
21532,1297922
21533,1548561
21534,1188960
21535,2263911
21536,3175828
21537,2578198
21538,1926632
21539,1080564
21540,6334053
21541,5462107
21542,5569868
21543,5180238
21544,1828179
21545,2739735
21546,14121833
21547,4140302
21548,4111517
21549,3935030
21550,1433641
21551,2151801
21552,10622645
21553,3323508
21554,2695954
21555,18003381
21556,3412389
21557,3463346
21558,3174116
21559,3402048
21560,2168077
21561,4222761
21562,3475863
21563,4404854
21564,4010125
21565,3676879
21566,7749503
21567,4067901
21568,2464344
21569,2869999
21570,2866308
21571,1014944
21572,6004886
21573,4717494
21574,4170257
21575,2683433
21576,3969602
21577,4964740
21578,3798713
21579,3403706
21580,21081906
21581,3514268
21582,2113999
21583,3559490
21584,2867864
21585,1663972
21586,1968304
21587,3343705
21588,2149462
21589,3179490
21590,2977555
21591,3550175
21592,3330910
21593,6115894
21594,5609103
21595,3793663
21596,1647301
21597,1835832
21598,1776655
21599,1721973
21600,1851505
21601,3897480
21602,5096334
21603,2096083
21604,3000007
21605,2352035
21606,4450886
21607,992275
21608,3493502
21609,3759550
21610,3906420
21611,5055966
21612,4794657
21613,2625782
21614,2265736
21615,4576474
21616,2225655
21617,8947784
21618,4523839
21619,2103463
21620,1704475
21621,3557076
21622,1126598
21623,1643030
21624,1742053
21625,2924336
21626,5735573
21627,2821281
21628,2865368
21629,3605594
21630,3224092
21631,3185602
21632,3265376
21633,3179830
21634,3569158
21635,1640125
21636,3486686
21637,3447562
21638,2556539
21639,4284928
21640,2446609
21641,2660884
21642,3760703
21643,9333763
21644,2174957
21645,16683192
21646,994142
21647,4452771
21648,5866979
21649,3796824
21650,2132908
21651,2322009
21652,3455702
21653,2549505
21654,2407855
21655,2103795
21656,2198280
21657,4127075
21658,2774028
21659,2504804
21660,2835903
21661,7745899
21662,1858449
21663,2164900
21664,4266846
21665,2209570
21666,2264121
21667,1760168
21668,3915345
21669,9832408
21670,6535307
21671,4915174
21672,2282332
21673,2743798
21674,3033151
21675,3425078
21676,2530819
21677,2236137
21678,2094205
21679,4069959
21680,4395320
21681,4672771
21682,2376428
21683,2093624
21684,1933507
21685,2532153
21686,2160545
21687,1816095
21688,1110236
21689,2367531
21690,2516703
21691,3726465
21692,2058672
21693,6340612
21694,6057063
21695,5264936
21696,2927046
21697,2905231
21698,4192018
21699,993254
21700,3551041
21701,4230163
21702,2394499
21703,3823122
21704,3745533
21705,3232077
21706,2891940
21707,5109018
21708,2089576
21709,1623911
21710,1237184
21711,4021247
21712,2312991
21713,3946562
21714,5259704
21715,4539073
21716,5362955
21717,4790236
21718,2328755
21719,2410635
21720,2115247
21721,2262558
21722,2300536
21723,5679055
21724,5239466
21725,5383517
21726,2837646
21727,10607626
21728,4761534
21729,4490091
21730,3674159
21731,6354390
21732,4365116
21733,5124534
21734,4486952
21735,2753032
21736,3007306
21737,3279756
21738,3718700
21739,2157264
21740,2131483
21741,1795344
21742,5474427
21743,5174137
21744,4531761
21745,2058147
21746,3397282
21747,8279476
21748,2509719
21749,3401616
21750,6250480
21751,4875281
21752,2110428
21753,4904722
21754,3805979
21755,3082735
21756,3712719
21757,3401945
21758,3385389
21759,2031416
21760,3179950
21761,4722444
21762,5849533
21763,2152265
21764,5603180
21765,2221378
21766,2346616
21767,2681576
21768,2394856
21769,2418537
21770,5103642
21771,2417077
21772,2738336
21773,2244926
21774,7646365
21775,2582690
21776,3992742
21777,6156801
21778,1883893
21779,5152448
21780,2283047
21781,5258202
21782,9031795
21783,4170651
21784,1714930
21785,2925346
21786,1202486
21787,2848757
21788,2150759
21789,2388479
21790,2507592
21791,2210480
21792,2353467
21793,2654089
21794,2650427
21795,2274219
21796,2579843
21797,1877057
21798,5140290
21799,9346358
21800,2831862
21801,3375484
21802,2821898
21803,2341949
21804,2536392
21805,1125397
21806,2522907
21807,2640215
21808,4079340
21809,3759215
21810,4606477
21811,3689490
21812,3806877
21813,4026942
21814,4635404
21815,3544815
21816,1386217
21817,3118004
21818,3385592
21819,2472491
21820,6486008
21821,6664678
21822,6052331
21823,2051401
21824,1347496
21825,2342804
21826,5769932
21827,4362823
21828,3218866
21829,4971605
21830,5716029
21831,3867908
21832,3274289
21833,3844227
21834,2539735
21835,3347917
21836,5894699
21837,4305585
21838,4493910
21839,5291894
21840,4353437
21841,4382528
21842,3693713
21843,3280563
21844,3600133
21845,3310378
21846,2833492
21847,2649708
21848,2777893
21849,3731000
21850,2780187
21851,3605023
21852,3686553
21853,8420736
21854,5975418
21855,5235723
21856,2847127
21857,2655951
21858,6438674
21859,2488501
21860,4327279
21861,2002128
21862,1705732
21863,3904294
21864,5591224
21865,2231558
21866,3473238
21867,5027510
21868,3735289
21869,2120596
21870,2177243
21871,1992134
21872,1775123
21873,2180965
21874,2171711
21875,2001935
21876,2799714
21877,1972121
21878,2121687
21879,8961738
21880,1752252
21881,3841767
21882,1917492
21883,4450028
21884,4930808
21885,4023178
21886,2394619
21887,7409231
21888,4936730
21889,6917108
21890,2524092
21891,2823182
21892,4940371
21893,3931522
21894,3480268
21895,2523534
21896,2253854
21897,3172641
21898,2306763
21899,2116230
21900,5245206
21901,10113966
21902,5255976
21903,2517768
21904,2342837
21905,1360736
21906,2220989
21907,2128143
21908,1872377
21909,2196434
21910,1327665
21911,1494389
21912,1295412
21913,1921899
21914,2289492
21915,4348681
21916,3200844
21917,3187949
21918,1963234
21919,2903491
21920,2996239
21921,5252862
21922,5411767
21923,3204835
21924,3514414
21925,4096659
21926,4106104
21927,6011874
21928,4102454
21929,3382355
21930,4651186
21931,5840348
21932,3047956
21933,2001403
21934,2893560
21935,3398133
21936,7457977
21937,3100381
21938,4197467
21939,2290878
21940,3542941
21941,4505293
21942,4270645
21943,4437562
21944,1354449
21945,4820402
21946,3621747
21947,1333097
21948,2961670
21949,3081446
21950,2350279
21951,3580124
21952,3636791
21953,3921636
21954,3993656
21955,1349439
21956,2681992
21957,2692056
21958,2023071
21959,2368590
21960,3135326
21961,19537589
21962,3347582
21963,3718182
21964,3435655
21965,3428478
21966,1930662
21967,2780463
21968,3621655
21969,3648174
21970,3570986
21971,4900863
21972,5229936
21973,2270575
21974,2117775
21975,3950969
21976,920955
21977,3048606
21978,10570604
21979,3376398
21980,2697071
21981,4470707
21982,3177257
21983,5266475
21984,10999210
21985,3644714
21986,4221402
21987,1038714
21988,3266325
21989,3159483
21990,3045276
21991,2016920
21992,2096581
21993,4140918
21994,2386382
21995,1722586
21996,1922074
21997,4738783
21998,1306765
21999,4150344
22000,3439699
22001,1284437
22002,2768529
22003,2281721
22004,2415702
22005,1853852
22006,2423573
22007,1184107
22008,1039889
22009,5275966
22010,1850095
22011,2311824
22012,2291240
22013,4403903
22014,4761749
22015,2105875
22016,5609922
22017,4193820
22018,4985071
22019,2526512
22020,2113053
22021,3128674
22022,3269636
22023,2810073
22024,1975772
22025,2466908
22026,1946997
22027,1769582
22028,4719533
22029,3295763
22030,4746563
22031,2949069
22032,5997836
22033,5610283
22034,4587844
22035,2752319
22036,2619362
22037,2225306
22038,2582649
22039,2155677
22040,1048662
22041,2566344
22042,3622213
22043,2011821
22044,2214437
22045,2017044
22046,2064579
22047,2573480
22048,2193492
22049,2323264
22050,2318380
22051,4934730
22052,3198068
22053,2606861
22054,5584500
22055,2714887
22056,3288125
22057,3414516
22058,3173068
22059,4991484
22060,5715045
22061,3574509
22062,4504658
22063,3646486
22064,4169321
22065,4507749
22066,4925271
22067,3075706
22068,4291133
22069,1932500
22070,3830035
22071,2343839
22072,1092102
22073,2632677
22074,3698530
22075,4356756
22076,2594180
22077,3519514
22078,2436422
22079,3555789
22080,2813401
22081,1944164
22082,2093855
22083,2462969
22084,3273286
22085,3701278
22086,2343658
22087,1825480
22088,1789153
22089,1950958
22090,1747877
22091,1722690
22092,4480954
22093,4126884
22094,1501879
22095,3173173
22096,2972287
22097,3333300
22098,2689556
22099,12860806
22100,2324301
22101,3856753
22102,2929080
22103,7216999
22104,2810188
22105,18106561
22106,2655122
22107,2331494
22108,1219466
22109,1453322
22110,1752627
22111,1171096
22112,1119899
22113,1582589
22114,1254301
22115,1534419
22116,1322503
22117,1371987
22118,1196855
22119,1208734
22120,1156339
22121,1366789
22122,1117973
22123,1362859
22124,1310784
22125,2215058
22126,2140195
22127,2250686
22128,2106734
22129,2161955
22130,2123147
22131,2348394
22132,2152860
22133,2091731
22134,2118934
22135,2173884
22136,3271254
22137,4627943
22138,2027091
22139,2187737
22140,1510374
22141,2526194
22142,1551971
22143,2329644
22144,2104737
22145,1918238
22146,1993759
22147,1076039
22148,1048293
22149,2261806
22150,1528473
22151,2066676
22152,2228387
22153,2767850
22154,2093960
22155,1501896
22156,1314485
22157,1508805
22158,1424021
22159,1351164
22160,1132230
22161,3231979
22162,2103277
22163,1408922
22164,2152557
22165,2166343
22166,2035824
22167,2070365
22168,2038804
22169,1992421
22170,1964785
22171,1162519
22172,988973
22173,2218084
22174,1572519
22175,2700677
22176,1431467
22177,1248314
22178,1101377
22179,2395812
22180,2089558
22181,2729467
22182,2205916
22183,1129275
22184,2233860
22185,2267693
22186,1127373
22187,2160983
22188,1665924
22189,3052293
22190,1048803
22191,1313519
22192,1030232
22193,2196387
22194,1984736
22195,2730157
22196,1110916
22197,1482245
22198,1088110
22199,1289891
22200,1121470
22201,1255559
22202,1785780
22203,21462344
22204,3688058
22205,5543064
22206,5323892
22207,5152145
22208,2897258
22209,1125839
22210,2275695
22211,5138299
22212,6246814
22213,6946105
22214,3575039
22215,5402213
22216,3021221
22217,5201327
22218,2759581
22219,2485243
22220,5363081
22221,2419689
22222,8010441
22223,6060513
22224,5657540
22225,3269394
22226,2639083
22227,2267707
22228,6225826
22229,5127547
22230,4628347
22231,2462009
22232,4102010
22233,5899450
22234,5688551
22235,3793141
22236,6078147
22237,2401091
22238,2613940
22239,1650631
22240,2116246
22241,3609267
22242,1086783
22243,2246033
22244,2238395
22245,1987512
22246,7320217
22247,2022733
22248,1969376
22249,3987552
22250,2452443
22251,4123690
22252,3882714
22253,4720319
22254,2423771
22255,3784881
22256,3667499
22257,7313645
22258,3658933
22259,2253517
22260,4733540
22261,3712818
22262,2859082
22263,4411105
22264,4768863
22265,5095252
22266,5092035
22267,4022847
22268,2798707
22269,2043906
22270,2389480
22271,3847305
22272,5091400
22273,3589343
22274,1570267
22275,3925937
22276,4042922
22277,4117747
22278,6317327
22279,3431784
22280,5889353
22281,4844286
22282,3793768
22283,4425080
22284,3903527
22285,4473075
22286,5347994
22287,2703887
22288,3249386
22289,2250047
22290,5579725
22291,5352070
22292,5363282
22293,4613953
22294,4286903
22295,1760147
22296,3070898
22297,4630599
22298,4327650
22299,8246196
22300,3478145
22301,3869876
22302,3823056
22303,7395503
22304,4194401
22305,5150973
22306,2172564
22307,5309274
22308,4549122
22309,4940599
22310,17617725
22311,3541619
22312,5301024
22313,1727307
22314,4766382
22315,4323333
22316,3404432
22317,2517064
22318,1999523
22319,5134567
22320,3071939
22321,2483279
22322,2361603
22323,6205400
22324,2659951
22325,1823086
22326,2219644
22327,1164120
22328,2752300
22329,2501242
22330,2476376
22331,2341998
22332,2829331
22333,2418967
22334,5166557
22335,2706532
22336,4932697
22337,1934311
22338,1257260
22339,1993836
22340,2085841
22341,3502875
22342,2127056
22343,1664966
22344,1327391
22345,1650559
22346,1788523
22347,3844563
22348,2088389
22349,3946824
22350,1865894
22351,3772109
22352,1977380
22353,1740628
22354,2672004
22355,1737267
22356,3655129
22357,2066206
22358,2605623
22359,1211811
22360,1994379
22361,2004815
22362,3347382
22363,2058884
22364,2567361
22365,2231170
22366,2336237
22367,2636843
22368,3466697
22369,3287644
22370,1059766
22371,3628879
22372,2952761
22373,2446750
22374,2198813
22375,1706337
22376,1906073
22377,1949691
22378,4347982
22379,3896588
22380,3470201
22381,2261192
22382,4212602
22383,2640756
22384,2554819
22385,2075865
22386,2241865
22387,2418887
22388,2907504
22389,3468776
22390,3818834
22391,3258041
22392,2977045
22393,2467479
22394,2811746
22395,3900005
22396,2605744
22397,3466678
22398,2878794
22399,2195654
22400,3054412
22401,3564414
22402,1057623
22403,3359780
22404,3680687
22405,2481076
22406,3734775
22407,5618548
22408,3419975
22409,3240004
22410,3277621
22411,6090451
22412,2584799
22413,3156735
22414,4694144
22415,7743901
22416,7497451
22417,4906099
22418,4101712
22419,4203115
22420,4166043
22421,5068700
22422,3813220
22423,1429389
22424,4217427
22425,4251377
22426,3391106
22427,8789965
22428,2845706
22429,1159675
22430,1159667
22431,2190438
22432,2197463
22433,1760825
22434,2051010
22435,2072261
22436,2210046
22437,1948987
22438,2676515
22439,1916326
22440,2538667
22441,2151031
22442,2483522
22443,4247030
22444,1915967
22445,3558421
22446,2355011
22447,2311011
22448,2314071
22449,2215711
22450,3155404
22451,2473963
22452,2217629
22453,1892378
22454,2441426
22455,2201933
22456,7377277
22457,5555947
22458,5607898
22459,1765035
22460,1758738
22461,4168749
22462,6566870
22463,3813665
22464,3903108
22465,5234775
22466,2259635
22467,4361079
22468,3004137
22469,3489946
22470,3088192
22471,3654295
22472,3699903
22473,3381594
22474,3485718
22475,3583183
22476,944035
22477,5003672
22478,3664756
22479,3905820
22480,3250120
22481,4602162
22482,3341711
22483,3225252
22484,6646820
22485,5596245
22486,6027230
22487,6402771
22488,12209800
22489,3585821
22490,3187854
22491,3383586
22492,2898619
22493,5675128
22494,3802126
22495,3433201
22496,2451447
22497,2544734
22498,2688538
22499,1858549
22500,4423415
22501,3670676
22502,5800484
22503,3605790
22504,3452762
22505,2569149
22506,3892510
22507,3545766
22508,2126624
22509,2573882
22510,3653721
22511,2582196
22512,5400798
22513,10613569
22514,2280500
22515,2448095
22516,1962462
22517,2231303
22518,3359800
22519,1036568
22520,8732305
22521,3128861
22522,2887060
22523,2748751
22524,3717256
22525,2501084
22526,2879136
22527,2197828
22528,2036633
22529,1937358
22530,1424476
22531,2507868
22532,2127364
22533,3520390
22534,2878733
22535,3613812
22536,2636866
22537,5928890
22538,6512081
22539,3977143
22540,4712443
22541,2571928
22542,3940896
22543,3353156
22544,4519458
22545,3305216
22546,2039093
22547,2321211
22548,1777884
22549,5096696
22550,4945150
22551,2203272
22552,3811242
22553,3627125
22554,4078350
22555,3338570
22556,3144959
22557,1870037
22558,1907042
22559,1967392
22560,1924438
22561,1891512
22562,968215
22563,2134660
22564,6185809
22565,5180342
22566,4522808
22567,4712169
22568,5645590
22569,4222535
22570,5219667
22571,4376386
22572,3279808
22573,1728300
22574,3699873
22575,1921455
22576,4182557
22577,6353917
22578,8703606
22579,1955889
22580,3622872
22581,5682163
22582,6152153
22583,2583350
22584,7007245
22585,5890357
22586,9047755
22587,4903766
22588,3559387
22589,6081987
22590,5649207
22591,5843347
22592,5719381
22593,1562250
22594,1336635
22595,6572310
22596,5445582
22597,4484901
22598,2110334
22599,4182810
22600,4795045
22601,6011224
22602,3365230
22603,3170898
22604,6066307
22605,2110830
22606,20683408
22607,7150034
22608,5232452
22609,5281430
22610,3893481
22611,3394882
22612,4736394
22613,3039912
22614,2611277
22615,2265067
22616,5420870
22617,2154547
22618,4752283
22619,5303543
22620,5572630
22621,4838877
22622,2985874
22623,5850217
22624,3031858
22625,1677795
22626,2125225
22627,2741721
22628,4567384
22629,2745406
22630,1570615
22631,3921606
22632,2219287
22633,2001609
22634,1980798
22635,1750811
22636,5787959
22637,3094094
22638,2950046
22639,1568440
22640,2019191
22641,3428374
22642,2487903
22643,5446725
22644,2629086
22645,3510371
22646,2078217
22647,2012854
22648,2446437
22649,2094845
22650,2508257
22651,2087467
22652,2131187
22653,3384851
22654,4529893
22655,3919047
22656,3417687
22657,2825068
22658,961352
22659,2002450
22660,7223974
22661,3646845
22662,3183329
22663,2422366
22664,1854203
22665,2341000
22666,2908051
22667,3455585
22668,3672488
22669,1839972
22670,3832548
22671,4803647
22672,3359510
22673,3651567
22674,4589767
22675,3548280
22676,2540433
22677,3928560
22678,3637039
22679,3269653
22680,4714870
22681,2805518
22682,2972917
22683,2967996
22684,3568295
22685,3364795
22686,4805492
22687,2250699
22688,3054419
22689,6533733
22690,2095130
22691,6717921
22692,2349521
22693,1886139
22694,2025829
22695,7663336
22696,2244514
22697,2381058
22698,2635677
22699,2964739
22700,7469317
22701,2415728
22702,4527975
22703,5022552
22704,2330926
22705,2017090
22706,4576425
22707,3823896
22708,2658926
22709,3413389
22710,5399441
22711,5836376
22712,1147967
22713,3600622
22714,3309350
22715,3615206
22716,3549648
22717,1848121
22718,1804353
22719,1191334
22720,2113336
22721,2172079
22722,2043986
22723,2566365
22724,13440050
22725,5434876
22726,6615567
22727,2624301
22728,3131958
22729,1812194
22730,1906903
22731,3970453
22732,1117795
22733,1518535
22734,2699834
22735,1809341
22736,1856657
22737,3475012
22738,2629386
22739,1752916
22740,2535512
22741,3087307
22742,1061658
22743,3310785
22744,1392389
22745,3246065
22746,3963989
22747,4863210
22748,4866605
22749,3089275
22750,9617368
22751,3400321
22752,3668258
22753,1868018
22754,1097146
22755,1765061
22756,1847879
22757,5772194
22758,4984209
22759,3384796
22760,3259005
22761,5968766
22762,4825924
22763,4853737
22764,5376293
22765,2194140
22766,4414351
22767,3382141
22768,5816851
22769,8695338
22770,5690802
22771,5323212
22772,3727849
22773,3711286
22774,1990370
22775,3965870
22776,3899933
22777,5889679
22778,4475814
22779,1882570
22780,1949529
22781,2901324
22782,3711342
22783,1940590
22784,2025483
22785,1798725
22786,1163482
22787,3149463
22788,2316791
22789,2010194
22790,2075851
22791,1755017
22792,2857252
22793,6321062
22794,3738045
22795,3640726
22796,17138763
22797,2650583
22798,1499239
22799,2394588
22800,2562546
22801,5391728
22802,2768109
22803,1324232
22804,2089871
22805,2225536
22806,2047552
22807,1088266
22808,4199807
22809,3078811
22810,7742490
22811,5513508
22812,3854862
22813,6440446
22814,6071924
22815,3894333
22816,2310865
22817,2219657
22818,1111150
22819,3651567
22820,1420391
22821,1849278
22822,3515273
22823,2267835
22824,8457218
22825,3497317
22826,2531288
22827,1555656
22828,2538943
22829,2563890
22830,2098646
22831,5795886
22832,1167231
22833,3242878
22834,1934945
22835,2012748
22836,3666191
22837,2499461
22838,5236966
22839,1149946
22840,3398794
22841,1756887
22842,3051517
22843,2773482
22844,2894151
22845,12023183
22846,4823388
22847,2484868
22848,9489223
22849,2025962
22850,1579621
22851,2060681
22852,1606459
22853,4497999
22854,2953514
22855,4645391
22856,3364985
22857,3191175
22858,3287551
22859,4154929
22860,2024222
22861,4555943
22862,3295684
22863,4319303
22864,3143446
22865,2404426
22866,4029385
22867,5248805
22868,2841568
22869,2844423
22870,2995635
22871,887296
22872,5643052
22873,2711301
22874,3328303
22875,2643930
22876,3087145
22877,3250161
22878,3711293
22879,4548410
22880,6696578
22881,2505067
22882,4999736
22883,5329170
22884,3111178
22885,4818761
22886,3077328
22887,5389335
22888,4057290
22889,3511307
22890,3366330
22891,2691176
22892,875745
22893,2075345
22894,4690648
22895,3276816
22896,2166142
22897,5742082
22898,1517516
22899,1627062
22900,6979187
22901,2286839
22902,3833892
22903,975666
22904,2676557
22905,1848966
22906,2496270
22907,2676258
22908,11400837
22909,4172454
22910,2935155
22911,2545484
22912,2222791
22913,2767108
22914,3162738
22915,2637971
22916,5492245
22917,4813241
22918,2570942
22919,2201225
22920,2157151
22921,2204996
22922,2158790
22923,2219847
22924,1206696
22925,2124347
22926,1552379
22927,2102089
22928,1116785
22929,2911211
22930,1083296
22931,1318900
22932,2099870
22933,4647981
22934,4632018
22935,1144996
22936,2846768
22937,3702499
22938,4329557
22939,3254118
22940,1576119
22941,2694863
22942,2155351
22943,1997500
22944,2407956
22945,1437285
22946,2249130
22947,2201632
22948,2166181
22949,2252830
22950,8579490
22951,2102390
22952,4028663
22953,3700580
22954,2486913
22955,4033281
22956,1048830
22957,3639904
22958,2558925
22959,3629865
22960,2260762
22961,3773650
22962,4524266
22963,3397769
22964,3382010
22965,2549176
22966,3000825
22967,1192965
22968,5666436
22969,3020569
22970,3957430
22971,10418254
22972,3344272
22973,2821922
22974,3836749
22975,2735759
22976,2875080
22977,2007153
22978,2298854
22979,3786101
22980,2343906
22981,2655327
22982,2956539
22983,1578151
22984,1924971
22985,2952011
22986,4784887
22987,5823873
22988,1309677
22989,5371285
22990,2438702
22991,3705663
22992,4616151
22993,1872906
22994,2098244
22995,3615179
22996,1923550
22997,1981661
22998,1767920
22999,1809961
23000,2688279
23001,3090938
23002,2577213
23003,2018992
23004,2329659
23005,3136200
23006,2198084
23007,2128861
23008,1832286
23009,1985604
23010,2978116
23011,4192906
23012,5872893
23013,7428794
23014,1119668
23015,4841109
23016,2027854
23017,2216353
23018,3104523
23019,2117099
23020,1533126
23021,4433707
23022,6244831
23023,3328665
23024,3186554
23025,3805812
23026,5369398
23027,4321579
23028,5619764
23029,4419533
23030,5854921
23031,1377133
23032,3955886
23033,2347808
23034,1377192
23035,3098113
23036,3810660
23037,5640162
23038,4435700
23039,5216726
23040,3365804
23041,2744869
23042,3868164
23043,3556272
23044,5720489
23045,5075273
23046,4713451
23047,4488788
23048,3634286
23049,3381378
23050,3468412
23051,8375841
23052,1257903
23053,2993596
23054,3202389
23055,12508987
23056,2203182
23057,3321448
23058,3446670
23059,7109406
23060,2335017
23061,4009240
23062,11079701
23063,2503385
23064,4474315
23065,3019025
23066,3155622
23067,5294675
23068,3770265
23069,5002600
23070,3577633
23071,4687106
23072,10475362
23073,3270417
23074,4171029
23075,3525797
23076,13159203
23077,5677156
23078,3691824
23079,3554449
23080,2766642
23081,3861617
23082,1605970
23083,2128441
23084,3043701
23085,4602503
23086,3340187
23087,4067495
23088,3966217
23089,3550202
23090,4316408
23091,4577512
23092,3991230
23093,7974362
23094,4200180
23095,1040909
23096,3757237
23097,18927971
23098,3679189
23099,2500729
23100,3254720
23101,3814186
23102,3811319
23103,3388503
23104,1922814
23105,2839789
23106,1852537
23107,4837437
23108,3498036
23109,3996798
23110,3215102
23111,3617266
23112,3559648
23113,3491244
23114,1079229
23115,3688153
23116,2064498
23117,2464986
23118,15748690
23119,1550950
23120,2081413
23121,2150928
23122,11478835
23123,2128905
23124,3026813
23125,1746356
23126,2301439
23127,1080668
23128,3129492
23129,2175292
23130,5778779
23131,3241053
23132,2085535
23133,3660635
23134,3456547
23135,3279340
23136,3649125
23137,1710752
23138,2909392
23139,6036111
23140,1689416
23141,2012253
23142,3248413
23143,2877066
23144,5365587
23145,3647529
23146,2511094
23147,1987959
23148,1416297
23149,3904186
23150,2879492
23151,2188453
23152,1994769
23153,3635459
23154,1944837
23155,2294409
23156,2400952
23157,2302031
23158,2943179
23159,2085879
23160,3487532
23161,2621341
23162,2797067
23163,2200456
23164,2194798
23165,2741055
23166,3790312
23167,4033436
23168,2624520
23169,1626958
23170,2082553
23171,2677432
23172,2116568
23173,2185548
23174,2378391
23175,2296824
23176,2967615
23177,3351295
23178,3032444
23179,3736007
23180,1548386
23181,13691639
23182,7721006
23183,2964912
23184,3997954
23185,2167388
23186,5628485
23187,3581950
23188,2307147
23189,2066773
23190,2489558
23191,1811816
23192,2385922
23193,2275176
23194,2449045
23195,2860375
23196,3305116
23197,3603199
23198,4548435
23199,5587706
23200,7025943
23201,3383798
23202,7015176
23203,5518292
23204,2914295
23205,3865864
23206,5657794
23207,3757908
23208,5513278
23209,2577777
23210,3090649
23211,4820296
23212,1117440
23213,3789975
23214,3862156
23215,10514338
23216,5380026
23217,6155659
23218,2284390
23219,3613497
23220,3343753
23221,1046668
23222,1558458
23223,1629098
23224,1315948
23225,4068971
23226,2347925
23227,2426895
23228,3009769
23229,2373683
23230,2505695
23231,2082089
23232,2728230
23233,5151222
23234,2766475
23235,3214493
23236,3306115
23237,7952635
23238,2806718
23239,6283709
23240,4315925
23241,6103623
23242,5379129
23243,3478262
23244,2101179
23245,4470974
23246,5219450
23247,1854653
23248,1905605
23249,2078795
23250,2066791
23251,1769050
23252,3102530
23253,5463301
23254,4258239
23255,1140581
23256,4898869
23257,1943944
23258,1921618
23259,1843671
23260,2439259
23261,3987852
23262,4023314
23263,6936661
23264,4033836
23265,6403923
23266,1879344
23267,1991278
23268,1937620
23269,1935816
23270,2719003
23271,1936466
23272,2418745
23273,3758446
23274,2720420
23275,3500942
23276,1127870
23277,5651089
23278,4162906
23279,3556129
23280,2271666
23281,4162058
23282,2960453
23283,3608007
23284,4474485
23285,1709561
23286,3730193
23287,1187140
23288,4851203
23289,4118984
23290,4961229
23291,3551527
23292,3917187
23293,3697457
23294,3973076
23295,3805434
23296,3788706
23297,3731471
23298,2223732
23299,3493270
23300,1497960
23301,4416702
23302,1889750
23303,2695515
23304,5876792
23305,1958107
23306,2949667
23307,5675491
23308,1197567
23309,4603099
23310,3170416
23311,4406177
23312,2909889
23313,5427738
23314,7537842
23315,5243077
23316,2423784
23317,5337576
23318,10218240
23319,1255486
23320,4079155
23321,1831415
23322,1909452
23323,1855637
23324,6184779
23325,1742508
23326,3094089
23327,2995338
23328,2575392
23329,2163104
23330,2846881
23331,5684410
23332,4749809
23333,3689203
23334,2247601
23335,2132451
23336,1157771
23337,2478375
23338,3206264
23339,4344944
23340,1158975
23341,6418131
23342,2422309
23343,2797045
23344,2751217
23345,1873813
23346,2363819
23347,3566684
23348,4827285
23349,4118617
23350,3287895
23351,1818095
23352,3702534
23353,2931069
23354,3218495
23355,3339068
23356,2979511
23357,3225692
23358,3327328
23359,3293129
23360,4736808
23361,1158254
23362,7065514
23363,3397251
23364,3170742
23365,3867809
23366,4532618
23367,4182894
23368,4116951
23369,3330535
23370,3622806
23371,3522972
23372,1166845
23373,3940416
23374,3703312
23375,3838446
23376,18423771
23377,6103560
23378,3503795
23379,8132252
23380,4632002
23381,2693104
23382,3025833
23383,2546322
23384,5120575
23385,5162211
23386,4751796
23387,3275364
23388,2656035
23389,2233740
23390,2221098
23391,2668173
23392,2958497
23393,1598799
23394,2682753
23395,3584729
23396,7371061
23397,3300587
23398,5513350
23399,1389915
23400,1930713
23401,3100070
23402,3411360
23403,3751435
23404,1294051
23405,3661792
23406,4836066
23407,8782751
23408,3397254
23409,3209341
23410,3676636
23411,5069188
23412,5280210
23413,5316242
23414,5365727
23415,9105992
23416,2229990
23417,3415580
23418,4106143
23419,3297029
23420,3198685
23421,9317393
23422,4263424
23423,3795846
23424,1446459
23425,2221736
23426,3529852
23427,3238364
23428,2742991
23429,1135819
23430,2118299
23431,2060468
23432,5727468
23433,5565667
23434,3982315
23435,3878192
23436,3671911
23437,1481111
23438,3737486
23439,2135634
23440,1837588
23441,1904956
23442,1570620
23443,2371343
23444,3905339
23445,2953909
23446,2283572
23447,1178666
23448,4322849
23449,6073000
23450,2856320
23451,3702662
23452,3343317
23453,3213911
23454,4847452
23455,3222090
23456,4112063
23457,2219324
23458,1060218
23459,2656310
23460,2229906
23461,3861448
23462,4147908
23463,3477077
23464,3990299
23465,2569680
23466,2438381
23467,3404844
23468,2999334
23469,1630929
23470,4919994
23471,2911256
23472,2727186
23473,2902019
23474,3034241
23475,3247754
23476,1893035
23477,2812330
23478,3799842
23479,1361296
23480,2368478
23481,4191919
23482,5766839
23483,5856553
23484,5995184
23485,4900094
23486,2802364
23487,3467424
23488,5328921
23489,2494444
23490,3829385
23491,3611198
23492,4178504
23493,2816028
23494,4353720
23495,4461202
23496,8929052
23497,4476410
23498,3784949
23499,3847332
23500,2635983
23501,2619023
23502,2728764
23503,2086834
23504,2771155
23505,3458674
23506,5544012
23507,4497531
23508,2237939
23509,8138126
23510,3482541
23511,1020836
23512,3050957
23513,2608762
23514,3969194
23515,4027067
23516,3171067
23517,1983139
23518,3208850
23519,2729039
23520,2772956
23521,2749931
23522,3610712
23523,1981636
23524,1933837
23525,1596423
23526,1725717
23527,1795077
23528,2088529
23529,2245211
23530,2060560
23531,1946548
23532,2895100
23533,1144264
23534,2437576
23535,5078162
23536,4378206
23537,2504664
23538,5509978
23539,3246196
23540,3003252
23541,4215717
23542,2889980
23543,1185681
23544,3380090
23545,1784547
23546,1728121
23547,2350880
23548,1966481
23549,3449719
23550,2973204
23551,4556184
23552,1735075
23553,1888547
23554,1542644
23555,3466187
23556,3545627
23557,3031709
23558,2035471
23559,2567062
23560,2329524
23561,1741102
23562,3538546
23563,3558880
23564,2553730
23565,2040096
23566,1637438
23567,3744651
23568,3308847
23569,2966845
23570,2238076
23571,1819776
23572,2042610
23573,2184546
23574,1967568
23575,1273190
23576,4414164
23577,1830152
23578,3131974
23579,1940656
23580,2360298
23581,2469582
23582,2547303
23583,4873045
23584,3377157
23585,1878962
23586,1564576
23587,4375313
23588,1921787
23589,4096462
23590,1966208
23591,2243205
23592,2378205
23593,2069038
23594,3187930
23595,5662157
23596,3202283
23597,4724833
23598,3726494
23599,4183772
23600,3393445
23601,5582091
23602,4871588
23603,5322004
23604,5846895
23605,3669204
23606,2017824
23607,2286468
23608,6289723
23609,4466825
23610,1962739
23611,1747619
23612,1921677
23613,3723536
23614,2146166
23615,2772310
23616,4133927
23617,2427084
23618,3091858
23619,2101915
23620,2699950
23621,9757568
23622,3312484
23623,1923165
23624,4585863
23625,6014762
23626,4209603
23627,1452764
23628,1826325
23629,4396164
23630,3476002
23631,6242466
23632,3028029
23633,5289471
23634,3920713
23635,2341578
23636,2658789
23637,3515661
23638,4414628
23639,2323275
23640,4099293
23641,4377746
23642,2388431
23643,6484258
23644,5341417
23645,3510706
23646,3627711
23647,1791327
23648,2131325
23649,1317463
23650,4828157
23651,5665666
23652,2800165
23653,1820736
23654,3052319
23655,3270029
23656,4786721
23657,2399663
23658,4671030
23659,2087262
23660,1848597
23661,2628564
23662,3107903
23663,3668535
23664,7704146
23665,3286672
23666,2728493
23667,3121056
23668,4160570
23669,6394300
23670,3584577
23671,1440667
23672,5492728
23673,3882884
23674,3571494
23675,3711942
23676,3600891
23677,3526230
23678,3482636
23679,18689692
23680,3582757
23681,2986489
23682,2894630
23683,3641724
23684,4175260
23685,8770742
23686,3360142
23687,3713566
23688,3467293
23689,3478799
23690,3415989
23691,3489910
23692,1132732
23693,3532460
23694,2389560
23695,4011245
23696,9811482
23697,3777037
23698,3611553
23699,3664024
23700,3200811
23701,3304599
23702,3572164
23703,1078566
23704,5445891
23705,2065125
23706,4793500
23707,2840108
23708,5202094
23709,2177354
23710,3383188
23711,4175274
23712,2038675
23713,2077648
23714,3249071
23715,2236046
23716,3020261
23717,2417194
23718,1683032
23719,1537525
23720,1596036
23721,2383276
23722,2847477
23723,4514380
23724,1291048
23725,3818590
23726,4384477
23727,6572484
23728,7626622
23729,4113485
23730,4771051
23731,3510694
23732,4206655
23733,2896871
23734,3586049
23735,1340536
23736,1813429
23737,5417791
23738,3659332
23739,3086373
23740,6201455
23741,6468807
23742,3576771
23743,4058629
23744,3762055
23745,2192844
23746,2564298
23747,2187471
23748,7909011
23749,5006964
23750,2181210
23751,3694048
23752,4463671
23753,3292934
23754,3583114
23755,2933370
23756,1828470
23757,5340997
23758,5717029
23759,2836021
23760,3841895
23761,5865172
23762,5565824
23763,7285753
23764,3679533
23765,3223116
23766,3350929
23767,1528378
23768,5447552
23769,8755984
23770,3187278
23771,2678719
23772,7196321
23773,3687669
23774,4191926
23775,3641289
23776,2062412
23777,17832755
23778,3536526
23779,3774929
23780,3031078
23781,3942460
23782,2575517
23783,6331151
23784,4154711
23785,4015524
23786,3244751
23787,4793772
23788,1261404
23789,3050581
23790,5375986
23791,4934317
23792,4407366
23793,2054520
23794,2521601
23795,6223892
23796,3598785
23797,4727315
23798,2842283
23799,1175731
23800,2377662
23801,3373913
23802,2926983
23803,5385002
23804,3678211
23805,3568090
23806,5162380
23807,6327243
23808,3791370
23809,2512914
23810,4088057
23811,9409533
23812,3502694
23813,4227169
23814,5863688
23815,2906654
23816,4712958
23817,3449779
23818,3642653
23819,1067480
23820,2160354
23821,4465820
23822,1544213
23823,3963357
23824,5318293
23825,5741310
23826,4785471
23827,4792409
23828,3132286
23829,2221062
23830,4567898
23831,2299051
23832,16199704
23833,3335322
23834,5844800
23835,5108331
23836,4455419
23837,3508683
23838,2722572
23839,4346051
23840,2233415
23841,4815086
23842,1526334
23843,2230649
23844,2312914
23845,6458265
23846,1987201
23847,3053405
23848,6835928
23849,5538178
23850,4217356
23851,4255896
23852,1108411
23853,3284442
23854,3999980
23855,2119035
23856,1002682
23857,2190336
23858,2613348
23859,4621608
23860,1418994
23861,3049531
23862,2715414
23863,1218539
23864,4078727
23865,2093682
23866,2097015
23867,2359315
23868,3313442
23869,4813043
23870,2866163
23871,4012976
23872,2867920
23873,3186742
23874,7362771
23875,2613382
23876,3076394
23877,5211487
23878,2186938
23879,2288751
23880,1894031
23881,2146186
23882,2173484
23883,3115494
23884,1801505
23885,5827177
23886,13325494
23887,3427537
23888,4007872
23889,6443155
23890,3947152
23891,3959035
23892,2476847
23893,2369519
23894,2259452
23895,2650103
23896,4917895
23897,2619085
23898,2789322
23899,2773571
23900,2106421
23901,2817551
23902,2304198
23903,2214613
23904,3645752
23905,2008059
23906,3579769
23907,2083759
23908,5144164
23909,2380708
23910,2644901
23911,3815402
23912,3583615
23913,3734352
23914,2842808
23915,2705186
23916,1609795
23917,9716243
23918,4153167
23919,2070627
23920,2430956
23921,3088557
23922,2649022
23923,4840151
23924,3603762
23925,2355253
23926,3459720
23927,3026372
23928,5779588
23929,5916417
23930,4486455
23931,4494302
23932,6209311
23933,3574662
23934,1943512
23935,1992965
23936,2567200
23937,1214238
23938,2557053
23939,1736025
23940,2659889
23941,1646450
23942,2948581
23943,3372170
23944,3825201
23945,4332218
23946,3308873
23947,2783941
23948,2173211
23949,4202897
23950,1884220
23951,2173890
23952,1953164
23953,3309317
23954,3522909
23955,2415682
23956,4689372
23957,2525667
23958,6314253
23959,4312557
23960,3570650
23961,5809503
23962,4174106
23963,9315820
23964,3717847
23965,4905650
23966,3940094
23967,6226359
23968,2723118
23969,2665504
23970,4297377
23971,2390904
23972,4102575
23973,2743791
23974,3123351
23975,2859337
23976,4098217
23977,3756305
23978,5618585
23979,10063176
23980,1003890
23981,3253178
23982,8679938
23983,2804345
23984,4322389
23985,1859785
23986,2908625
23987,5368876
23988,3925215
23989,2220497
23990,2926631
23991,3079502
23992,2476038
23993,5264569
23994,2316568
23995,5588579
23996,6452432
23997,5733987
23998,5439710
23999,2313909
24000,7434734
24001,2765387
24002,3743711
24003,2783042
24004,2578601
24005,1984277
24006,2084876
24007,2265594
24008,3126114
24009,4750692
24010,4152867
24011,2331844
24012,1209620
24013,3401570
24014,1774883
24015,1720411
24016,1863201
24017,3884572
24018,4123390
24019,8910701
24020,1833678
24021,6972657
24022,2996542
24023,5362804
24024,4842120
24025,4512952
24026,1772803
24027,3206396
24028,4108929
24029,3547326
24030,3308804
24031,1771252
24032,2212859
24033,1056860
24034,10708206
24035,5780844
24036,3820088
24037,5811073
24038,5003851
24039,5144358
24040,3483934
24041,3916755
24042,2097869
24043,2734299
24044,1151304
24045,2722653
24046,2373430
24047,1861139
24048,1872290
24049,1745377
24050,1881331
24051,2532731
24052,3899167
24053,2889036
24054,1107849
24055,1822960
24056,1589410
24057,1873471
24058,1815616
24059,6851933
24060,4335519
24061,3669535
24062,4202361
24063,6210264
24064,3772530
24065,2085283
24066,2181224
24067,2120433
24068,1803181
24069,2362056
24070,2552358
24071,4520878
24072,2452984
24073,2580189
24074,3654504
24075,2063517
24076,2550234
24077,2056915
24078,2219622
24079,2022046
24080,1952036
24081,2397031
24082,3978115
24083,8211400
24084,2169749
24085,3174261
24086,985688
24087,2710385
24088,3030502
24089,2993645
24090,2709112
24091,3161360
24092,3300273
24093,2730464
24094,3147462
24095,3573715
24096,2345451
24097,1559049
24098,2239804
24099,2185902
24100,2101310
24101,2420951
24102,2210636
24103,2158320
24104,2722764
24105,2492570
24106,3195747
24107,2355079
24108,3871471
24109,5335414
24110,4585809
24111,5973195
24112,3501409
24113,4213043
24114,1964851
24115,3598114
24116,2198222
24117,2434812
24118,1201054
24119,1898563
24120,5426599
24121,3787973
24122,4288163
24123,2668141
24124,3270003
24125,2271306
24126,3293556
24127,1586653
24128,1839799
24129,3220871
24130,2080678
24131,1337908
24132,6271685
24133,2493523
24134,3115892
24135,3127559
24136,2958261
24137,1921344
24138,3959020
24139,1047060
24140,2391103
24141,4248568
24142,2301898
24143,3463419
24144,1730514
24145,3967690
24146,1994076
24147,4000604
24148,2868450
24149,1557213
24150,1355721
24151,3733764
24152,4635263
24153,4521601
24154,2397026
24155,4227227
24156,5116427
24157,6637730
24158,3093019
24159,2140817
24160,2458801
24161,2210889
24162,6470485
24163,5382766
24164,5625047
24165,5053439
24166,5750752
24167,3936405
24168,3733294
24169,5474251
24170,8746667
24171,3845675
24172,1326287
24173,3405112
24174,1687362
24175,1798585
24176,2955930
24177,3701915
24178,2219629
24179,2532576
24180,2201007
24181,2535038
24182,2197122
24183,3533409
24184,2294226
24185,1240712
24186,1488110
24187,4746843
24188,4174217
24189,3867188
24190,5460048
24191,2913342
24192,2072302
24193,1515948
24194,3291205
24195,2107694
24196,5966477
24197,5432921
24198,6523147
24199,3386383
24200,2813355
24201,1984050
24202,4521584
24203,5073782
24204,1760397
24205,6090337
24206,4066543
24207,4858727
24208,5833124
24209,4462717
24210,5808991
24211,3405635
24212,3874802
24213,4094187
24214,1441217
24215,2686370
24216,1819171
24217,1657282
24218,1586897
24219,2195080
24220,1480704
24221,1865323
24222,1811188
24223,4384189
24224,7005705
24225,2149536
24226,5417093
24227,2858664
24228,5582817
24229,3358263
24230,3793862
24231,2332945
24232,2766472
24233,17560306
24234,1091050
24235,2064159
24236,2703821
24237,1608470
24238,5003864
24239,1711382
24240,2500536
24241,1702641
24242,2684310
24243,1477960
24244,1205201
24245,1963139
24246,1016608
24247,4029135
24248,4307503
24249,3177988
24250,4777606
24251,4020764
24252,3394504
24253,2198910
24254,1918148
24255,3735070
24256,2670871
24257,2253993
24258,4885063
24259,6426403
24260,4022330
24261,2815948
24262,2296759
24263,4424263
24264,6031824
24265,4823380
24266,2748679
24267,2271409
24268,5915825
24269,3843228
24270,3832923
24271,5980608
24272,3310610
24273,7762723
24274,3573436
24275,4263988
24276,4406867
24277,4879069
24278,1673812
24279,3760349
24280,7291000
24281,5053918
24282,1555435
24283,2797127
24284,4040379
24285,3001581
24286,3609541
24287,2825648
24288,3092366
24289,1467581
24290,2691656
24291,3748269
24292,3866187
24293,4911680
24294,5885499
24295,5891200
24296,4807420
24297,4923437
24298,4932124
24299,2197836
24300,1479744
24301,1458520
24302,3426918
24303,2721699
24304,4003844
24305,2850168
24306,3455818
24307,3519702
24308,3826334
24309,5481483
24310,2290899
24311,5420298
24312,4057570
24313,3358522
24314,2269572
24315,4869412
24316,5489361
24317,5667261
24318,4863677
24319,1877362
24320,3741115
24321,1154053
24322,2959929
24323,4906432
24324,3137475
24325,4264541
24326,4788701
24327,4021394
24328,5752871
24329,4175824
24330,5725688
24331,4200311
24332,4616740
24333,4680083
24334,4245816
24335,3679904
24336,8574594
24337,5046056
24338,4546313
24339,4849774
24340,3676394
24341,4857446
24342,1401708
24343,3119171
24344,3571960
24345,4240067
24346,2517958
24347,3989065
24348,2603457
24349,4605467
24350,5234494
24351,4413267
24352,6806977
24353,1166841
24354,3527562
24355,4239412
24356,3443089
24357,4942355
24358,3150422
24359,10893233
24360,6076971
24361,2062013
24362,2219534
24363,2943096
24364,2568700
24365,5898729
24366,4504107
24367,6044253
24368,4710513
24369,5300620
24370,3657469
24371,4475446
24372,3925530
24373,5240706
24374,1626208
24375,2789920
24376,3924683
24377,12185200
24378,5667323
24379,3390632
24380,2933793
24381,4378213
24382,4279587
24383,2650251
24384,3759253
24385,7778333
24386,7597180
24387,2858011
24388,1665896
24389,6505160
24390,13404167
24391,3116757
24392,5499965
24393,1944707
24394,3890852
24395,1894795
24396,1665189
24397,3677575
24398,4697490
24399,5637323
24400,2852892
24401,5405353
24402,4138502
24403,1635459
24404,2144264
24405,2960165
24406,1733486
24407,2421496
24408,2489815
24409,2111723
24410,3341154
24411,3989722
24412,1088140
24413,1142685
24414,3414213
24415,4536417
24416,3042006
24417,1812086
24418,2416340
24419,2002007
24420,12136883
24421,4349111
24422,4544378
24423,8841478
24424,4239478
24425,3407941
24426,6262009
24427,2191659
24428,2791322
24429,4527705
24430,2473636
24431,1228514
24432,1276715
24433,1139494
24434,1273464
24435,1186731
24436,2213047
24437,7639730
24438,1206986
24439,4677026
24440,1177181
24441,6894926
24442,1206909
24443,1405982
24444,2386520
24445,2267791
24446,2335340
24447,1164232
24448,1116981
24449,1573435
24450,1132245
24451,1158818
24452,3971615
24453,2232440
24454,2204082
24455,2259045
24456,2130753
24457,2070784
24458,1119114
24459,1130699
24460,1539315
24461,7470875
24462,1644181
24463,1148667
24464,1099505
24465,1092219
24466,1136057
24467,1122729
24468,1099571
24469,1733697
24470,2265393
24471,2191268
24472,2270308
24473,1998287
24474,2238357
24475,2049233
24476,1874640
24477,1279982
24478,1184149
24479,1086742
24480,1172109
24481,7563168
24482,1159961
24483,3919883
24484,1378935
24485,1063374
24486,997294
24487,1102634
24488,1233084
24489,1267548
24490,2269120
24491,2211138
24492,2003830
24493,2055265
24494,2139334
24495,2254791
24496,1620112
24497,1257484
24498,1190660
24499,1194751
24500,1111535
24501,2513668
24502,2676146
24503,4447280
24504,4207001
24505,2915565
24506,2801433
24507,4085306
24508,3041040
24509,4460548
24510,2314903
24511,4461183
24512,1197065
24513,3574291
24514,1602848
24515,3713143
24516,4229715
24517,4860573
24518,1076876
24519,1117367
24520,2064164
24521,21817887
24522,3422915
24523,2845051
24524,5945638
24525,2959758
24526,8051627
24527,2830860
24528,2498586
24529,1774731
24530,5223233
24531,5227227
24532,3024798
24533,3171803
24534,4056190
24535,4187446
24536,2182274
24537,3750137
24538,2956681
24539,3364660
24540,3709107
24541,3627554
24542,3311379
24543,2793409
24544,1090451
24545,4844860
24546,1234527
24547,4398024
24548,1681523
24549,18619847
24550,8176037
24551,4106650
24552,3896143
24553,1868379
24554,1908215
24555,5665871
24556,4554015
24557,3008533
24558,3725462
24559,3105141
24560,2272570
24561,2388455
24562,3542558
24563,7315789
24564,3051700
24565,1683576
24566,3000839
24567,8606538
24568,2503077
24569,3829146
24570,3394320
24571,3261433
24572,3865881
24573,17946393
24574,3701134
24575,2741681
24576,1090803
24577,3353452
24578,2355787
24579,5302091
24580,4219333
24581,17630123
24582,2129606
24583,1295601
24584,4315402
24585,2225612
24586,3332152
24587,3532258
24588,15720009
24589,2696312
24590,3331662
24591,2283894
24592,2924450
24593,3411106
24594,2573921
24595,6449972
24596,2684804
24597,1489415
24598,2874568
24599,1860722
24600,2969085
24601,5233906
24602,5866553
24603,2384775
24604,1224437
24605,8176293
24606,1102556
24607,1294981
24608,1694345
24609,7230210
24610,5283970
24611,2371553
24612,4672584
24613,1553540
24614,1849368
24615,1776479
24616,1871802
24617,1257960
24618,1403938
24619,3163825
24620,3429069
24621,4036943
24622,3451793
24623,4209248
24624,2601825
24625,1775730
24626,2242291
24627,2201097
24628,2602652
24629,1083106
24630,12444234
24631,2412520
24632,3965496
24633,3662198
24634,2424551
24635,2228772
24636,2299799
24637,2239775
24638,2280986
24639,1219759
24640,9176303
24641,1881885
24642,3917066
24643,4172229
24644,4965017
24645,1895686
24646,1749703
24647,3534967
24648,1749029
24649,1865403
24650,1116306
24651,9120599
24652,2730790
24653,2023994
24654,1899400
24655,1747569
24656,3713396
24657,3640848
24658,1753678
24659,1959169
24660,2124228
24661,2312673
24662,3191754
24663,4348696
24664,6107220
24665,5468369
24666,7542054
24667,2160101
24668,1850207
24669,2560543
24670,2240933
24671,1991226
24672,3838283
24673,2111500
24674,2050672
24675,1798621
24676,2742194
24677,5564150
24678,2509053
24679,2225598
24680,5548674
24681,5959127
24682,2223270
24683,10389223
24684,1435255
24685,2591428
24686,4069797
24687,2844882
24688,2071596
24689,3027710
24690,3833514
24691,6078580
24692,5784085
24693,3271354
24694,1894702
24695,2007857
24696,1943647
24697,2107832
24698,2131513
24699,2034991
24700,5208772
24701,2274340
24702,1789378
24703,3684408
24704,4238191
24705,17408035
24706,3881334
24707,3731810
24708,3583391
24709,3411029
24710,3391739
24711,5919488
24712,4674853
24713,4160492
24714,2085125
24715,3419802
24716,2407211
24717,3756089
24718,2777361
24719,1043990
24720,2424909
24721,2147329
24722,3380449
24723,2884728
24724,3186718
24725,7309183
24726,4279574
24727,3192866
24728,2085120
24729,2968090
24730,2279276
24731,2694139
24732,2287191
24733,1872920
24734,10802250
24735,2017714
24736,1199308
24737,10871186
24738,3525663
24739,2432332
24740,2560756
24741,3568444
24742,3058709
24743,2012166
24744,4250972
24745,1585902
24746,2358954
24747,3481089
24748,2659445
24749,4300299
24750,4227170
24751,4134256
24752,5105268
24753,4946115
24754,2977782
24755,2198902
24756,4404161
24757,9116007
24758,4444294
24759,3995049
24760,3385657
24761,3746228
24762,4240025
24763,4171317
24764,1137497
24765,3686287
24766,3877697
24767,12610677
24768,2123295
24769,4653066
24770,3778929
24771,2541020
24772,4301447
24773,2162415
24774,2060656
24775,1915506
24776,2219408
24777,2779061
24778,1063366
24779,10612564
24780,4809820
24781,2852919
24782,2907460
24783,1914530
24784,3353413
24785,12220322
24786,4033726
24787,4097529
24788,1977238
24789,2261115
24790,4267537
24791,4386834
24792,4689180
24793,4114436
24794,6579121
24795,1806030
24796,6307256
24797,2045275
24798,4021374
24799,1741675
24800,1331277
24801,3988791
24802,4546547
24803,3721112
24804,3794648
24805,3154098
24806,3915210
24807,2554074
24808,1960871
24809,4138888
24810,8119175
24811,5922240
24812,4168139
24813,2477844
24814,7866613
24815,2541899
24816,2321955
24817,3933240
24818,3757584
24819,3382325
24820,1787636
24821,7435909
24822,4638597
24823,2227230
24824,3717550
24825,5166417
24826,5157564
24827,3784833
24828,1951653
24829,1986663
24830,2267312
24831,3922675
24832,5962544
24833,3874963
24834,4485912
24835,3754173
24836,3926422
24837,6358034
24838,4332132
24839,2275418
24840,24738193
24841,2343300
24842,2592082
24843,4321437
24844,2960969
24845,7092198
24846,4801009
24847,5329641
24848,1266937
24849,2227544
24850,5219323
24851,4964705
24852,4642001
24853,1023472
24854,3084502
24855,2015258
24856,5013898
24857,3629578
24858,3202844
24859,2171092
24860,1920477
24861,3070821
24862,1746047
24863,2215772
24864,2609567
24865,1780893
24866,2104390
24867,2078293
24868,1730467
24869,1816483
24870,1923195
24871,2143890
24872,6079976
24873,20763555
24874,3053802
24875,2596066
24876,6235099
24877,6532626
24878,4579984
24879,3411067
24880,3269602
24881,4931399
24882,4564849
24883,3652212
24884,3576406
24885,2273685
24886,3626331
24887,1886191
24888,4246883
24889,2464666
24890,2365530
24891,2051497
24892,4782928
24893,4687493
24894,2792486
24895,3402446
24896,1384803
24897,6649902
24898,11112768
24899,3781908
24900,3898844
24901,4093156
24902,3150394
24903,4252659
24904,3075733
24905,1965986
24906,1179394
24907,2902569
24908,1900591
24909,16756809
24910,2069185
24911,4239980
24912,4314216
24913,3640099
24914,5628247
24915,1912075
24916,2204304
24917,2032551
24918,1508525
24919,2359995
24920,2222394
24921,2295480
24922,1868691
24923,1984317
24924,4483657
24925,3699591
24926,1125390
24927,2694730
24928,4509141
24929,20764289
24930,3381188
24931,4501582
24932,3494804
24933,6386296
24934,5827444
24935,2327033
24936,3923241
24937,3534766
24938,5894697
24939,4775780
24940,5745442
24941,3746127
24942,3574616
24943,4618112
24944,4379171
24945,2809917
24946,2035936
24947,3978198
24948,4341309
24949,2245954
24950,5900451
24951,4587871
24952,4987730
24953,1978861
24954,1886083
24955,3240904
24956,2644269
24957,2689911
24958,5449501
24959,4478552
24960,4070822
24961,4643859
24962,3238724
24963,2836261
24964,5892673
24965,4011098
24966,3984363
24967,3309739
24968,3876047
24969,3830330
24970,2175469
24971,3703034
24972,3544204
24973,4211949
24974,2154089
24975,2066290
24976,2446903
24977,16985267
24978,2846745
24979,1781558
24980,1768678
24981,1232921
24982,4213856
24983,2668921
24984,2585653
24985,2828607
24986,2184354
24987,4887386
24988,3810736
24989,2827074
24990,2240833
24991,1752573
24992,3323217
24993,1650278
24994,2137915
24995,1810391
24996,2023145
24997,3713549
24998,5246920
24999,5443724
25000,5356765
25001,1805756
25002,1742250
25003,5016056
25004,5829277
25005,4667114
25006,2138369
25007,4459598
25008,5509759
25009,6286911
25010,5528223
25011,1673531
25012,2021268
25013,1559367
25014,3563128
25015,2531317
25016,2607050
25017,2243812
25018,2328457
25019,2255243
25020,4687195
25021,3121902
25022,3248004
25023,3187293
25024,3993992
25025,2359671
25026,3252555
25027,2951363
25028,1597085
25029,2036792
25030,1731801
25031,3733368
25032,3394545
25033,1998120
25034,3348605
25035,3554944
25036,6347019
25037,3248576
25038,3482494
25039,3187799
25040,3454027
25041,1940150
25042,5745002
25043,1096488
25044,1422708
25045,3829943
25046,3499199
25047,5524683
25048,2460915
25049,4621496
25050,1764226
25051,5356473
25052,2295291
25053,2167498
25054,2518090
25055,4095794
25056,1482759
25057,8693046
25058,3094525
25059,3204440
25060,2238134
25061,3353601
25062,4299316
25063,2380270
25064,2546534
25065,5026204
25066,3882982
25067,6048762
25068,2848401
25069,1964754
25070,5077590
25071,2988404
25072,8403114
25073,2225200
25074,4669020
25075,3723018
25076,4474283
25077,2195898
25078,3151097
25079,2108700
25080,4460367
25081,4428263
25082,4126876
25083,2704313
25084,4403952
25085,2179025
25086,6499338
25087,4708244
25088,2973384
25089,3754529
25090,3581668
25091,3941102
25092,4663140
25093,2237244
25094,5433678
25095,4970532
25096,3709245
25097,2992399
25098,2487499
25099,2211977
25100,3022588
25101,2863750
25102,3045985
25103,4442607
25104,4334998
25105,1665189
25106,1801568
25107,1731045
25108,2076615
25109,2360200
25110,2471766
25111,2983801
25112,2576183
25113,2152330
25114,2186977
25115,1972220
25116,1858632
25117,3946520
25118,1873586
25119,3435484
25120,1056304
25121,4349218
25122,2563013
25123,2241985
25124,2767536
25125,2115535
25126,2323047
25127,2252262
25128,2220758
25129,3545927
25130,2676309
25131,7206796
25132,2626425
25133,1623943
25134,6578831
25135,2141800
25136,3184168
25137,18654839
25138,3775341
25139,3615613
25140,3572986
25141,2859260
25142,4435354
25143,1855987
25144,2238517
25145,1680232
25146,3087065
25147,5895979
25148,4135245
25149,5568016
25150,5555541
25151,1161524
25152,5172440
25153,3958630
25154,2163556
25155,3419097
25156,2334282
25157,5239968
25158,1958778
25159,3259301
25160,9356393
25161,5696560
25162,3142317
25163,1022084
25164,5590574
25165,4043464
25166,1984907
25167,2301295
25168,1929911
25169,2125885
25170,2262371
25171,6822426
25172,5340115
25173,2727041
25174,1778497
25175,2379326
25176,3074356
25177,1677610
25178,1807652
25179,1775829
25180,1730900
25181,2014544
25182,2101425
25183,1998993
25184,2128873
25185,17038865
25186,2739712
25187,1687552
25188,3279217
25189,7932848
25190,2462604
25191,2388815
25192,4133589
25193,2532411
25194,2056421
25195,1102854
25196,3459902
25197,2426273
25198,3484101
25199,8492615
25200,3864709
25201,3530682
25202,3969966
25203,3039665
25204,1153133
25205,2008463
25206,2300418
25207,2183499
25208,1687457
25209,6939553
25210,1398963
25211,1137358
25212,1591795
25213,2896691
25214,1263267
25215,2168296
25216,2125916
25217,2159754
25218,1665431
25219,2267283
25220,2182169
25221,2262965
25222,1144982
25223,2137581
25224,5635349
25225,11109033
25226,1310320
25227,1168683
25228,1116474
25229,1046775
25230,2276182
25231,2257241
25232,1122143
25233,2145364
25234,1585253
25235,4300571
25236,2039999
25237,1141748
25238,1186684
25239,3426458
25240,1151679
25241,2907153
25242,1135324
25243,2152103
25244,3075711
25245,2306872
25246,1588783
25247,1280408
25248,4730670
25249,1209181
25250,1529190
25251,3568244
25252,2304971
25253,1356831
25254,1127031
25255,1491159
25256,2245367
25257,8128765
25258,2213274
25259,2158061
25260,2101204
25261,2320977
25262,2653202
25263,2033509
25264,2766630
25265,2001705
25266,3236005
25267,2603565
25268,4638174
25269,1166769
25270,2390449
25271,3649352
25272,2843659
25273,3377040
25274,4379658
25275,2205405
25276,2200536
25277,2301068
25278,2143480
25279,2223258
25280,2263618
25281,1401009
25282,1658824
25283,2591057
25284,2295342
25285,2249675
25286,3054449
25287,2283008
25288,2126514
25289,2072311
25290,2182158
25291,2146079
25292,2478253
25293,2293460
25294,1696752
25295,2193203
25296,7324176
25297,4540130
25298,4601080
25299,3523593
25300,3927275
25301,4403101
25302,4895662
25303,4173243
25304,3190040
25305,1649398
25306,1769048
25307,1813577
25308,2054762
25309,2111096
25310,4002563
25311,2259290
25312,5827612
25313,5802732
25314,3869881
25315,4138166
25316,3094924
25317,4999766
25318,5258825
25319,1998890
25320,1879128
25321,10669382
25322,1798558
25323,8637976
25324,3668391
25325,6090333
25326,4089029
25327,5004191
25328,8916563
25329,15484314
25330,1892621
25331,2446956
25332,1101130
25333,2605671
25334,4019108
25335,2342771
25336,2133791
25337,2974476
25338,2336032
25339,2946832
25340,4110317
25341,2374369
25342,2234791
25343,2557967
25344,12783666
25345,3367012
25346,3404042
25347,2193095
25348,12477226
25349,3484397
25350,2747042
25351,2857949
25352,2129636
25353,1837654
25354,4070961
25355,3305192
25356,2284064
25357,3142860
25358,2332029
25359,5562178
25360,7242916
25361,5223173
25362,3800795
25363,2012106
25364,1519475
25365,20086046
25366,2335411
25367,1881196
25368,2663721
25369,3747020
25370,3363220
25371,2551210
25372,4876880
25373,8691369
25374,2566572
25375,1825035
25376,14500235
25377,4675238
25378,3294618
25379,2252187
25380,2324780
25381,4135809
25382,2349572
25383,1717513
25384,2229094
25385,1244778
25386,14166115
25387,3627797
25388,2246193
25389,1474228
25390,4152315
25391,5325562
25392,4599279
25393,2668356
25394,4346578
25395,2942770
25396,1593550
25397,3013633
25398,3685851
25399,3036692
25400,12428620
25401,5243483
25402,6475313
25403,4179363
25404,5900734
25405,8429130
25406,1660227
25407,10125056
25408,5731115
25409,1624010
25410,4307325
25411,3733679
25412,4500329
25413,3801549
25414,2410389
25415,1713429
25416,2352968
25417,2105821
25418,5196646
25419,2203061
25420,3015735
25421,2282884
25422,2466599
25423,5802357
25424,13718217
25425,3080586
25426,2984626
25427,3252287
25428,5751045
25429,5846631
25430,2132351
25431,4657377
25432,4638891
25433,4314194
25434,5268424
25435,3380155
25436,2095479
25437,2606739
25438,1965643
25439,2406943
25440,4492169
25441,4239515
25442,3419614
25443,5114081
25444,2484409
25445,9021365
25446,1695483
25447,4579888
25448,1194868
25449,3597221
25450,8813561
25451,4787196
25452,1959731
25453,1146279
25454,3444841
25455,4215430
25456,5377103
25457,3364701
25458,2590568
25459,2020754
25460,3369333
25461,2721869
25462,3002095
25463,3384469
25464,2339094
25465,1975336
25466,2658475
25467,1886387
25468,2041797
25469,1781997
25470,2473266
25471,4610821
25472,2841497
25473,2784588
25474,1844373
25475,1779157
25476,13130664
25477,4206082
25478,3232462
25479,2763043
25480,2456542
25481,1517306
25482,1751488
25483,3455119
25484,3431527
25485,2610353
25486,3133198
25487,2904868
25488,2917935
25489,2670467
25490,1950296
25491,6439630
25492,5218666
25493,2155873
25494,4087930
25495,3292421
25496,2200907
25497,2239906
25498,2180333
25499,2410438
25500,5920716
25501,5434006
25502,1660675
25503,2624995
25504,3139142
25505,1926232
25506,2358753
25507,4801266
25508,9586095
25509,1864968
25510,5533825
25511,5461981
25512,11847299
25513,1872391
25514,2836290
25515,1876420
25516,1878347
25517,1839635
25518,2068450
25519,3292089
25520,1770358
25521,3507806
25522,3292207
25523,1033803
25524,3435460
25525,1637840
25526,2515009
25527,2134620
25528,7860409
25529,1722635
25530,2072798
25531,1945383
25532,6927733
25533,7554730
25534,2334654
25535,4418203
25536,2292155
25537,3867781
25538,3575396
25539,3283351
25540,3672529
25541,2564056
25542,3088146
25543,2177389
25544,4514238
25545,11555682
25546,6414716
25547,9647174
25548,3767724
25549,2038760
25550,8498618
25551,1903627
25552,2448966
25553,4801443
25554,2362873
25555,1652099
25556,3019809
25557,7135944
25558,5686501
25559,4826035
25560,8208007
25561,2663827
25562,2741428
25563,3508065
25564,2169255
25565,1634784
25566,1764976
25567,2710765
25568,3533983
25569,3365602
25570,2364790
25571,2642427
25572,4186144
25573,2239364
25574,1864608
25575,2212468
25576,2048068
25577,2457535
25578,5080444
25579,4917593
25580,3016365
25581,1802376
25582,2248510
25583,2780350
25584,2327419
25585,3212357
25586,3204924
25587,3313950
25588,5985278
25589,3677721
25590,1383378
25591,2556179
25592,2657314
25593,5431602
25594,1926519
25595,19863108
25596,4672933
25597,3546467
25598,3703035
25599,1813113
25600,1624675
25601,4203746
25602,3253381
25603,2221391
25604,9728206
25605,2594273
25606,1948374
25607,2083051
25608,2387451
25609,1191850
25610,3778120
25611,3545414
25612,2067538
25613,2081779
25614,3958626
25615,15058351
25616,2484417
25617,3576118
25618,2452523
25619,2393134
25620,2105870
25621,3035297
25622,3012596
25623,5447033
25624,4690789
25625,2536659
25626,3635388
25627,2090853
25628,3892647
25629,4251303
25630,7880063
25631,4316564
25632,4012551
25633,5372481
25634,3185249
25635,3452182
25636,3573540
25637,3028478
25638,3825286
25639,2576419
25640,3327290
25641,1491153
25642,2377211
25643,2585974
25644,8574812
25645,2579886
25646,4069463
25647,2809330
25648,5451207
25649,2824770
25650,1120110
25651,2656354
25652,2174106
25653,1817465
25654,3844365
25655,1144496
25656,3188444
25657,3588850
25658,2667659
25659,1984863
25660,2266228
25661,2610393
25662,2358042
25663,10356422
25664,2231121
25665,3082006
25666,3401924
25667,2500416
25668,4155968
25669,3263677
25670,2629402
25671,1288315
25672,6596081
25673,3149965
25674,4124953
25675,4188788
25676,4374356
25677,2555364
25678,4423970
25679,3369958
25680,5694257
25681,4319261
25682,3379942
25683,1578148
25684,1827158
25685,1587501
25686,2480453
25687,2392590
25688,2397993
25689,2143910
25690,2210490
25691,2694895
25692,3042441
25693,3273098
25694,2834135
25695,11922303
25696,4238064
25697,4177743
25698,2224617
25699,3728038
25700,3312531
25701,4153318
25702,2965349
25703,4188205
25704,10628111
25705,1031890
25706,2716927
25707,3691333
25708,3006035
25709,3472986
25710,2834538
25711,4135007
25712,8770658
25713,3265535
25714,6886695
25715,6024757
25716,3130379
25717,2960967
25718,4424523
25719,3580256
25720,3146112
25721,3310602
25722,20984130
25723,12776019
25724,5767723
25725,4967405
25726,2924980
25727,5018809
25728,5589232
25729,5443488
25730,3063080
25731,3634962
25732,12109283
25733,2450541
25734,2242472
25735,4174702
25736,2637023
25737,1427354
25738,8729399
25739,3167971
25740,4494757
25741,2437836
25742,3115965
25743,1710949
25744,1522609
25745,1095579
25746,3246562
25747,3985316
25748,1161858
25749,3464404
25750,2869928
25751,5179569
25752,6176443
25753,5702338
25754,3010863
25755,3554913
25756,4027609
25757,1792334
25758,1732314
25759,3219798
25760,6056832
25761,3762961
25762,3124908
25763,2433415
25764,2208241
25765,2685743
25766,5752659
25767,5967260
25768,2701410
25769,2238496
25770,4054404
25771,1053226
25772,3451668
25773,3723618
25774,2584240
25775,2676017
25776,2303262
25777,2547896
25778,5074732
25779,12404504
25780,3676293
25781,2782507
25782,2325862
25783,2090867
25784,2634889
25785,1960517
25786,1018858
25787,3337487
25788,2065523
25789,2410441
25790,1044113
25791,4495988
25792,12259799
25793,1920593
25794,2713319
25795,2361687
25796,17459602
25797,5184098
25798,4412051
25799,3564023
25800,3414479
25801,2010643
25802,2793936
25803,11801500
25804,3711371
25805,3537352
25806,4784046
25807,4445144
25808,2696141
25809,2209996
25810,2726327
25811,1734882
25812,3280186
25813,3356217
25814,7861869
25815,5376824
25816,4891892
25817,2390126
25818,3585100
25819,11792180
25820,2624753
25821,2451185
25822,1904093
25823,3124218
25824,4019328
25825,3224837
25826,3773380
25827,5923345
25828,13468431
25829,3869531
25830,3621561
25831,5039460
25832,3404607
25833,1506896
25834,3446150
25835,12360716
25836,1997082
25837,1827458
25838,1770575
25839,4843645
25840,6024206
25841,4428439
25842,4330833
25843,1566508
25844,5506079
25845,4037122
25846,3284714
25847,3522774
25848,3369960
25849,3803168
25850,2578133
25851,4436239
25852,975089
25853,1168453
25854,3946473
25855,2804211
25856,4019177
25857,9043943
25858,4546011
25859,4277322
25860,4020730
25861,3808380
25862,3947434
25863,1773504
25864,2595160
25865,1078939
25866,2636685
25867,2064631
25868,2433517
25869,4472269
25870,4640789
25871,3902400
25872,2256892
25873,5263128
25874,3963750
25875,3738970
25876,2243038
25877,2366254
25878,2021928
25879,3249085
25880,2058365
25881,2001062
25882,1759405
25883,2857004
25884,1647311
25885,2933045
25886,1054186
25887,1797486
25888,1926785
25889,1653862
25890,1883021
25891,2080106
25892,11939631
25893,2049508
25894,2283120
25895,2765367
25896,1839899
25897,1669675
25898,1801642
25899,3782220
25900,4170915
25901,4223325
25902,4794171
25903,3680491
25904,2786435
25905,1706172
25906,2832950
25907,2026517
25908,4803242
25909,4362733
25910,3345572
25911,4718707
25912,2716696
25913,2642207
25914,2827610
25915,3503596
25916,3305670
25917,4881950
25918,959560
25919,2923005
25920,10194695
25921,3767963
25922,5647860
25923,1852394
25924,3708166
25925,4413749
25926,2305685
25927,5388995
25928,3475589
25929,2391913
25930,1635228
25931,6982368
25932,5524644
25933,2171149
25934,3517111
25935,2397052
25936,1574593
25937,6926988
25938,1601207
25939,2137932
25940,1107342
25941,2403445
25942,2278068
25943,7091356
25944,2276764
25945,2244933
25946,2274550
25947,2258431
25948,6451327
25949,5351292
25950,1512433
25951,3717789
25952,3568953
25953,3374420
25954,2922839
25955,3651651
25956,8789705
25957,2807470
25958,2367119
25959,2459247
25960,4055368
25961,2051961
25962,3799614
25963,3921658
25964,6123936
25965,5253234
25966,5557171
25967,9493751
25968,2425712
25969,2599086
25970,1762863
25971,3590133
25972,1887407
25973,1414982
25974,7055601
25975,5474757
25976,3232985
25977,4113017
25978,2235997
25979,2393096
25980,12211500
25981,3362082
25982,8648266
25983,2786625
25984,2111158
25985,6109393
25986,2458314
25987,11300641
25988,3990565
25989,2384630
25990,5993580
25991,4448669
25992,1025715
25993,2845553
25994,3052692
25995,2304606
25996,2069628
25997,2124407
25998,3023526
25999,1824656
26000,4906942
26001,3607125
26002,2555819
26003,4895380
26004,3201673
26005,3453823
26006,2307555
26007,2360749
26008,2523504
26009,2063914
26010,1867448
26011,3602602
26012,2152033
26013,2125279
26014,3128853
26015,2751078
26016,4167885
26017,4971787
26018,4925180
26019,4075207
26020,2962856
26021,1195202
26022,1490790
26023,3009797
26024,3938865
26025,3445447
26026,3427942
26027,3521844
26028,3911164
26029,3729164
26030,3748466
26031,3655457
26032,3354270
26033,3429375
26034,2564980
26035,2248518
26036,4137643
26037,5196129
26038,4725727
26039,11217665
26040,5512895
26041,4603115
26042,2352657
26043,3070774
26044,11711652
26045,2233132
26046,2050393
26047,3446883
26048,4150460
26049,3079895
26050,3422691
26051,3952534
26052,3970977
26053,2979386
26054,2521413
26055,1088229
26056,1861069
26057,1223021
26058,3058205
26059,11342205
26060,9288397
26061,2038464
26062,3117413
26063,5910591
26064,3555690
26065,5617045
26066,3463103
26067,1408665
26068,2096791
26069,2672466
26070,4701769
26071,1813562
26072,6793246
26073,3915173
26074,1496372
26075,4354004
26076,20148171
26077,1328883
26078,1967896
26079,4611860
26080,3545029
26081,3332428
26082,2385755
26083,3233486
26084,5235789
26085,1423635
26086,8328233
26087,3222701
26088,3402699
26089,3918498
26090,4512204
26091,3909780
26092,3457042
26093,2444795
26094,4054128
26095,5531985
26096,5434555
26097,4724774
26098,3166278
26099,1016547
26100,3584642
26101,2110665
26102,3863106
26103,3365376
26104,4737608
26105,4432235
26106,3172998
26107,4613651
26108,8974844
26109,2502247
26110,4162320
26111,2699163
26112,2806617
26113,2454622
26114,2467714
26115,5837250
26116,5697137
26117,3592598
26118,3455504
26119,8568062
26120,1570749
26121,6261082
26122,3689567
26123,3096203
26124,4146568
26125,2425418
26126,4283335
26127,2229019
26128,4513652
26129,4747847
26130,2114347
26131,4353758
26132,6132733
26133,2056321
26134,2321184
26135,4903507
26136,6647260
26137,4063936
26138,5396164
26139,4219324
26140,7716224
26141,3809913
26142,5317281
26143,9041109
26144,2707780
26145,3097724
26146,4153860
26147,3320718
26148,3225797
26149,3115110
26150,7172666
26151,6447292
26152,1159508
26153,3707883
26154,3863281
26155,5934992
26156,13638678
26157,2314912
26158,4189179
26159,6588447
26160,2031055
26161,3306103
26162,2400480
26163,2320631
26164,1550723
26165,6908174
26166,4675825
26167,12902832
26168,2331881
26169,13455037
26170,2375893
26171,1947409
26172,2497715
26173,1843132
26174,1319554
26175,5444802
26176,12591119
26177,2247418
26178,2728921
26179,13178545
26180,2508135
26181,2590846
26182,2286092
26183,4443483
26184,1245223
26185,2158986
26186,2525383
26187,3705695
26188,2632488
26189,2160170
26190,4175895
26191,3391540
26192,3745928
26193,4759923
26194,3621287
26195,3005224
26196,3053961
26197,4006091
26198,1914733
26199,1976879
26200,8114569
26201,2310587
26202,3555226
26203,3281538
26204,2663421
26205,1143065
26206,2545390
26207,4984067
26208,3722775
26209,4495772
26210,5795288
26211,1876173
26212,5446977
26213,4440432
26214,6516433
26215,8205213
26216,1491503
26217,4051335
26218,4120441
26219,4836304
26220,7205207
26221,3643651
26222,2826252
26223,10727767
26224,1906818
26225,3769192
26226,4211769
26227,1805297
26228,3839945
26229,5255957
26230,4994444
26231,3477874
26232,4763515
26233,1865488
26234,4378140
26235,5336383
26236,5614275
26237,2066487
26238,3977834
26239,2833542
26240,2053120
26241,2877015
26242,2034555
26243,4167038
26244,1896135
26245,1662732
26246,3991134
26247,7443074
26248,1462383
26249,3320219
26250,6316439
26251,4883221
26252,6406952
26253,5005703
26254,5030430
26255,4295552
26256,1914661
26257,2614316
26258,1235368
26259,1259345
26260,3241559
26261,2199672
26262,3199826
26263,5282794
26264,2441943
26265,2959992
26266,3621965
26267,3459300
26268,4499603
26269,3365127
26270,5781652
26271,3708918
26272,6017323
26273,5374154
26274,1570316
26275,10913377
26276,4720635
26277,2491018
26278,2825712
26279,3048571
26280,1023114
26281,4016392
26282,2903456
26283,2418448
26284,2238289
26285,2133659
26286,2592056
26287,4606939
26288,2983995
26289,4154823
26290,2762191
26291,1365858
26292,3464142
26293,3999829
26294,2197518
26295,3986495
26296,2153515
26297,2239523
26298,2720548
26299,3740318
26300,2328602
26301,2239739
26302,2159060
26303,1802716
26304,7339296
26305,1812585
26306,3229441
26307,4142955
26308,2020257
26309,2167850
26310,3683829
26311,3803496
26312,1221763
26313,2399011
26314,4003795
26315,12108107
26316,1890441
26317,1864770
26318,1862963
26319,3279570
26320,8910906
26321,2032780
26322,2995047
26323,4814587
26324,2293146
26325,3748878
26326,2699511
26327,6134202
26328,2005176
26329,5849507
26330,4781100
26331,6646596
26332,3600928
26333,973876
26334,3309415
26335,3274093
26336,2149108
26337,4388204
26338,3587237
26339,3669644
26340,4283737
26341,3188136
26342,2858739
26343,5127765
26344,1673617
26345,2970119
26346,2783978
26347,3408106
26348,3739928
26349,4196422
26350,3438748
26351,6162366
26352,9761251
26353,3676046
26354,2319739
26355,1996605
26356,5867517
26357,3997031
26358,5572805
26359,7564539
26360,11398227
26361,2368405
26362,2419269
26363,3909386
26364,3516603
26365,1489795
26366,3834923
26367,5217385
26368,5027122
26369,5596837
26370,5924305
26371,4251359
26372,2869344
26373,8869694
26374,4040136
26375,8663979
26376,2236298
26377,3436135
26378,3177625
26379,2379692
26380,1931732
26381,4235291
26382,6697551
26383,3120141
26384,4431350
26385,5757281
26386,1717194
26387,3619020
26388,11286370
26389,3727551
26390,3965263
26391,5711606
26392,4981453
26393,6027223
26394,14430778
26395,4056549
26396,4687733
26397,2200138
26398,4385440
26399,5230138
26400,4989749
26401,6581275
26402,2375439
26403,2663517
26404,4123529
26405,4200850
26406,2652319
26407,2711414
26408,2614081
26409,2576390
26410,3318056
26411,2297249
26412,4617626
26413,3547730
26414,3189682
26415,3189802
26416,2747769
26417,2521169
26418,1693100
26419,2918049
26420,2767340
26421,4189477
26422,2375157
26423,4759660
26424,1998648
26425,2742859
26426,3481160
26427,4086419
26428,3622027
26429,2647540
26430,4379191
26431,3421612
26432,3254052
26433,3972937
26434,2056442
26435,3134001
26436,3098780
26437,2629149
26438,2219526
26439,1734708
26440,2006973
26441,4532984
26442,4486352
26443,5410456
26444,2850863
26445,2337709
26446,2190897
26447,3931617
26448,3003669
26449,2552049
26450,1377244
26451,3419189
26452,7366104
26453,4417762
26454,2231814
26455,3728362
26456,4996455
26457,2037624
26458,2349184
26459,4924719
26460,5209642
26461,1188899
26462,2602029
26463,4029153
26464,6429554
26465,5071879
26466,4947232
26467,4698043
26468,2440778
26469,3184941
26470,2935924
26471,5294313
26472,4603682
26473,14245287
26474,6095164
26475,5195773
26476,1623147
26477,6711523
26478,4403027
26479,3226598
26480,3267946
26481,2809577
26482,1055618
26483,3773319
26484,21943440
26485,3325479
26486,3715060
26487,5911148
26488,3629959
26489,2247901
26490,3534107
26491,5181665
26492,3864265
26493,3012648
26494,4021263
26495,3863382
26496,3087831
26497,3748488
26498,5422093
26499,13224754
26500,12773699
26501,3926524
26502,2297994
26503,3720550
26504,2133786
26505,2937678
26506,3732775
26507,3786560
26508,6212508
26509,4434117
26510,4053544
26511,7540809
26512,3912278
26513,6028863
26514,1112273
26515,8115237
26516,3244748
26517,3522743
26518,4159963
26519,2250376
26520,4949016
26521,3921006
26522,2107176
26523,5457516
26524,10591447
26525,1954277
26526,5541464
26527,2388597
26528,5848158
26529,3623220
26530,2712672
26531,4852873
26532,13850272
26533,2840839
26534,2681305
26535,2368441
26536,1120954
26537,2718424
26538,2026359
26539,2908467
26540,2223493
26541,3249606
26542,2530836
26543,2492298
26544,6080284
26545,2014031
26546,1836444
26547,2709517
26548,2084006
26549,1820735
26550,2401337
26551,1692861
26552,1566931
26553,4313305
26554,3286984
26555,2024492
26556,10573846
26557,2578805
26558,4933749
26559,3398347
26560,2742829
26561,3017192
26562,3574668
26563,2229466
26564,3639479
26565,3869710
26566,3224240
26567,3515325
26568,1589329
26569,2613985
26570,3388253
26571,3601704
26572,3140702
26573,6107312
26574,4236035
26575,3634824
26576,3776354
26577,3120200
26578,6628891
26579,4117548
26580,4021488
26581,4111367
26582,2652879
26583,5974751
26584,4575427
26585,3313935
26586,2382492
26587,1979702
26588,2706504
26589,1633039
26590,3181866
26591,3107365
26592,3663758
26593,4673626
26594,1904581
26595,2450699
26596,1942037
26597,3595895
26598,5585277
26599,16984104
26600,2521277
26601,10580196
26602,3731768
26603,9225988
26604,10333291
26605,3385446
26606,4148448
26607,4868073
26608,2943591
26609,5771501
26610,3106067
26611,3969260
26612,4033084
26613,1831449
26614,2549443
26615,1863673
26616,2423813
26617,5860075
26618,3178637
26619,2418508
26620,2378469
26621,1554810
26622,3644178
26623,1575762
26624,8164218
26625,6047751
26626,6317410
26627,4776223
26628,8321936
26629,3783970
26630,2845791
26631,3540890
26632,1099048
26633,3117490
26634,2175414
26635,1689619
26636,2937045
26637,5112038
26638,2671133
26639,1885147
26640,1956903
26641,1862946
26642,2943616
26643,5132132
26644,4276961
26645,3185947
26646,3946048
26647,1876816
26648,5484722
26649,2273415
26650,3775738
26651,3801953
26652,1845719
26653,2290676
26654,3268007
26655,3744525
26656,2182824
26657,2244416
26658,3952651
26659,2178084
26660,2161536
26661,4536769
26662,2881851
26663,5882066
26664,1894608
26665,4374821
26666,2639788
26667,5321336
26668,2673869
26669,3586230
26670,3584395
26671,2188598
26672,3513019
26673,3031082
26674,4045024
26675,4523991
26676,1204183
26677,1190022
26678,3435286
26679,2173039
26680,2197196
26681,3678806
26682,3926918
26683,6336683
26684,4180555
26685,3397863
26686,6378260
26687,4413395
26688,7672045
26689,3720591
26690,4024694
26691,2043472
26692,2256566
26693,5755278
26694,4567875
26695,2684771
26696,3875543
26697,3624232
26698,3254930
26699,2066749
26700,3398808
26701,3423495
26702,2354503
26703,1786886
26704,2110730
26705,2915843
26706,6620573
26707,2827640
26708,2716782
26709,4167315
26710,2070346
26711,5674256
26712,2149203
26713,2038817
26714,2272779
26715,3226986
26716,3782841
26717,1490525
26718,2592583
26719,2071340
26720,3711508
26721,3764566
26722,3548005
26723,3235930
26724,4132201
26725,3103839
26726,7389047
26727,2295132
26728,5170366
26729,2957519
26730,4089598
26731,4068947
26732,3324585
26733,2889375
26734,3926616
26735,3155406
26736,3538479
26737,6089712
26738,4607892
26739,1792164
26740,3937337
26741,5450991
26742,4877135
26743,1777111
26744,10396031
26745,3948145
26746,2260107
26747,2246113
26748,2285937
26749,996717
26750,1614146
26751,3755780
26752,3110652
26753,2523531
26754,1856672
26755,3086418
26756,2411943
26757,3995747
26758,3622768
26759,3930788
26760,1254429
26761,5303640
26762,3593076
26763,2009115
26764,12007009
26765,3554405
26766,3628992
26767,6148299
26768,3778837
26769,4320969
26770,3507359
26771,1156641
26772,3252641
26773,2075212
26774,1970235
26775,2326080
26776,3027342
26777,5282659
26778,1555440
26779,3619885
26780,7541761
26781,3061190
26782,4617800
26783,3581801
26784,2157368
26785,1718862
26786,4654054
26787,4215800
26788,2156697
26789,1908864
26790,2810239
26791,1607070
26792,1185816
26793,2696093
26794,1840597
26795,3398348
26796,3433375
26797,3566517
26798,2219859
26799,1685738
26800,1851259
26801,2091812
26802,2035425
26803,3193000
26804,3406262
26805,1757719
26806,4870901
26807,5228713
26808,2598030
26809,1796733
26810,2547834
26811,2004092
26812,15053872
26813,5248392
26814,4173424
26815,5886357
26816,3808574
26817,3677458
26818,1920183
26819,3485152
26820,5544359
26821,6749579
26822,5656551
26823,1695862
26824,2114399
26825,2727860
26826,3844910
26827,4122305
26828,9313448
26829,4201669
26830,1990908
26831,1945042
26832,1892833
26833,3243788
26834,3728377
26835,1213882
26836,3825964
26837,2381916
26838,3738868
26839,2092912
26840,2519012
26841,5367535
26842,2274519
26843,2068767
26844,2436708
26845,1908945
26846,2488970
26847,2346664
26848,3786901
26849,3747469
26850,3726966
26851,4115900
26852,8147880
26853,3685766
26854,3663792
26855,4069301
26856,1122585
26857,3369230
26858,5934620
26859,5601172
26860,5560283
26861,3042441
26862,2639498
26863,3227856
26864,4640198
26865,5698934
26866,2152261
26867,1651428
26868,4147518
26869,4350584
26870,3701220
26871,2321904
26872,9467988
26873,2304946
26874,2469935
26875,1899393
26876,2080478
26877,1433166
26878,4078300
26879,1041048
26880,4026576
26881,4128312
26882,2683891
26883,2111067
26884,3674952
26885,2358029
26886,2968288
26887,3037448
26888,1657869
26889,4450744
26890,2518291
26891,1792657
26892,1916552
26893,2119931
26894,4023969
26895,3545996
26896,3189787
26897,2816809
26898,2177888
26899,3942776
26900,4137620
26901,4547933
26902,9871075
26903,2620399
26904,3089347
26905,2368152
26906,2663785
26907,2752061
26908,7024677
26909,1092972
26910,2726536
26911,2168828
26912,7400588
26913,3874923
26914,3247211
26915,3134019
26916,3095127
26917,2278254
26918,2285768
26919,2374034
26920,1784128
26921,2360332
26922,2553512
26923,3216691
26924,2537470
26925,1774549
26926,4232706
26927,2401460
26928,2031180
26929,2395225
26930,1106582
26931,2703630
26932,2335245
26933,2161075
26934,2297394
26935,1984624
26936,2150328
26937,2005693
26938,2195578
26939,2883919
26940,6399751
26941,2117357
26942,2859953
26943,2237938
26944,9045763
26945,3604356
26946,3798748
26947,5441390
26948,6294852
26949,4873649
26950,4725707
26951,1105372
26952,4035300
26953,3544466
26954,3214769
26955,3261321
26956,11068797
26957,3888356
26958,6779291
26959,4783614
26960,3015493
26961,3194435
26962,1183969
26963,2169235
26964,2839568
26965,4486201
26966,1231713
26967,3917016
26968,3254802
26969,5945433
26970,3682954
26971,5378652
26972,4149590
26973,5402363
26974,5154821
26975,4294140
26976,3150741
26977,2276192
26978,1914027
26979,4036653
26980,4994952
26981,4410821
26982,3099793
26983,2140577
26984,13291906
26985,3102761
26986,3352549
26987,5137734
26988,3522406
26989,4001590
26990,3715806
26991,3725717
26992,4834032
26993,5140367
26994,2888643
26995,4616306
26996,5556770
26997,7097517
26998,4273718
26999,3553917
27000,2972500
27001,3620736
27002,3642950
27003,3673968
27004,11489144
27005,1080587
27006,3833158
27007,3966031
27008,3261235
27009,2965133
27010,2219214
27011,2886076
27012,7275501
27013,6030278
27014,2613955
27015,1838221
27016,1878247
27017,2120741
27018,4341756
27019,2360190
27020,6091763
27021,2345220
27022,3106293
27023,2158271
27024,4724299
27025,6445930
27026,1467504
27027,4117195
27028,3728037
27029,3959688
27030,3284944
27031,3417925
27032,3539137
27033,2969695
27034,3535305
27035,2500004
27036,5310450
27037,2692952
27038,3510650
27039,3538070
27040,2563578
27041,5630927
27042,2991523
27043,5163041
27044,2383609
27045,3061622
27046,2575782
27047,4491233
27048,4922761
27049,2358222
27050,7596573
27051,2682015
27052,2293879
27053,2028169
27054,3195295
27055,2400138
27056,9049244
27057,7047718
27058,1306371
27059,3102567
27060,2595835
27061,3233190
27062,4090710
27063,2114502
27064,2332791
27065,3227638
27066,2111022
27067,5455015
27068,2355222
27069,3898794
27070,6089771
27071,3310834
27072,4480511
27073,3723331
27074,3964193
27075,3970061
27076,5055702
27077,5614935
27078,5123582
27079,2813233
27080,2087837
27081,4377407
27082,3165922
27083,5276789
27084,13280331
27085,1664737
27086,2905240
27087,4447617
27088,5577396
27089,2003348
27090,1233540
27091,3334952
27092,2418092
27093,5536232
27094,6308702
27095,4177920
27096,4518110
27097,4077925
27098,5574087
27099,6896036
27100,2244946
27101,2312444
27102,11858906
27103,3617152
27104,7910867
27105,4281746
27106,3830062
27107,3515461
27108,3676223
27109,2831122
27110,2911372
27111,1990961
27112,3412037
27113,1710696
27114,2387277
27115,1785977
27116,2867469
27117,4552609
27118,3354607
27119,3424629
27120,3149222
27121,3876820
27122,2232422
27123,4078961
27124,2586952
27125,1817319
27126,2197963
27127,2405737
27128,2867792
27129,2239575
27130,2168726
27131,3668580
27132,5091644
27133,2262521
27134,2647275
27135,2693209
27136,3314835
27137,4713469
27138,3922856
27139,4486378
27140,5165264
27141,3974107
27142,3828414
27143,1253514
27144,3376890
27145,2279264
27146,2712990
27147,4156327
27148,1857025
27149,5639228
27150,4513241
27151,4872511
27152,7784238
27153,5596475
27154,1148513
27155,4007114
27156,2508668
27157,1362051
27158,1139405
27159,3935165
27160,4669424
27161,3791930
27162,6260559
27163,10350221
27164,3920490
27165,3859771
27166,5397678
27167,3731959
27168,3826514
27169,2302243
27170,6163150
27171,3720383
27172,5512201
27173,3217765
27174,4396628
27175,1925041
27176,4143283
27177,2685647
27178,3361572
27179,4841668
27180,6809937
27181,1218781
27182,3509416
27183,3744367
27184,2364836
27185,1615694
27186,2152508
27187,3362009
27188,4667608
27189,3884121
27190,4196076
27191,5424503
27192,2915875
27193,1807837
27194,3308135
27195,4928176
27196,4500509
27197,1306064
27198,2432058
27199,2990042
27200,2552282
27201,2338796
27202,3498250
27203,1973516
27204,2236233
27205,1518905
27206,2044959
27207,1546457
27208,2142489
27209,3812945
27210,4222379
27211,3828597
27212,7399470
27213,1998567
27214,3496333
27215,2616374
27216,2261674
27217,4547940
27218,2456723
27219,4917580
27220,3676239
27221,4462423
27222,6173009
27223,3936450
27224,2072675
27225,1600786
27226,1826974
27227,1710704
27228,1850839
27229,3570150
27230,2257166
27231,2135611
27232,1754295
27233,3967999
27234,3933459
27235,6224476
27236,4873690
27237,3747674
27238,2837250
27239,1057623
27240,13195103
27241,4513686
27242,8149772
27243,1990690
27244,1939204
27245,2731287
27246,2238275
27247,3857999
27248,3557039
27249,3935106
27250,1120373
27251,2246846
27252,2806162
27253,1666644
27254,2741928
27255,2349610
27256,3535446
27257,2704001
27258,3473871
27259,2834519
27260,1751880
27261,2243206
27262,2356302
27263,1876594
27264,7958373
27265,2810107
27266,2908809
27267,3556820
27268,1260672
27269,1962585
27270,2402275
27271,2318660
27272,5787149
27273,2685803
27274,3836698
27275,3957679
27276,4077297
27277,2975989
27278,3172747
27279,5356738
27280,4186360
27281,3965024
27282,1135094
27283,3663226
27284,4525200
27285,1573057
27286,3258002
27287,4797141
27288,4982972
27289,5742956
27290,5463904
27291,8899050
27292,7952173
27293,4414804
27294,3567594
27295,4517088
27296,3495789
27297,4553383
27298,2347883
27299,2126689
27300,2195413
27301,2149858
27302,2008523
27303,2862693
27304,3381588
27305,5389654
27306,3882028
27307,4381544
27308,2699219
27309,1992866
27310,2815825
27311,1892516
27312,3862301
27313,8322301
27314,1241217
27315,2560882
27316,4362231
27317,1512294
27318,2758186
27319,7644866
27320,3024928
27321,2060190
27322,1951706
27323,1715941
27324,1879080
27325,2962689
27326,2829661
27327,5415834
27328,2582303
27329,2348260
27330,10180756
27331,3757332
27332,2476211
27333,2937929
27334,3900295
27335,1330161
27336,3733657
27337,3855582
27338,2484111
27339,3540791
27340,2560981
27341,2500945
27342,3506240
27343,5954980
27344,5329576
27345,6126034
27346,2163104
27347,3974671
27348,3858365
27349,2892890
27350,3722280
27351,5160088
27352,4167386
27353,2555567
27354,5277598
27355,3847919
27356,5013789
27357,1482072
27358,3567924
27359,3117019
27360,4293293
27361,17325828
27362,3431549
27363,3186996
27364,3107400
27365,2100732
27366,2393898
27367,1057984
27368,8559916
27369,3662113
27370,3737950
27371,3345437
27372,4189997
27373,4021950
27374,3842660
27375,5357806
27376,8717726
27377,3738235
27378,1053070
27379,4047378
27380,3204957
27381,7352599
27382,3832091
27383,3049392
27384,3750089
27385,2060310
27386,1940279
27387,2744744
27388,2335810
27389,2455307
27390,7279923
27391,2511751
27392,3530823
27393,1889016
27394,2553733
27395,3635395
27396,5823910
27397,2877213
27398,2470757
27399,1168487
27400,2354169
27401,3176050
27402,2991383
27403,3159256
27404,1318365
27405,2617463
27406,2176986
27407,4865172
27408,2966605
27409,1943840
27410,2200936
27411,3330919
27412,3064252
27413,1549679
27414,2235816
27415,10217337
27416,3517887
27417,6093746
27418,2292618
27419,2128201
27420,2486636
27421,1188347
27422,1391393
27423,2716066
27424,6587500
27425,2692876
27426,3820764
27427,5727140
27428,4603946
27429,3631863
27430,5123316
27431,5799866
27432,1703819
27433,3614555
27434,3602410
27435,3423154
27436,4332700
27437,4416093
27438,6422392
27439,2642866
27440,2279984
27441,2654683
27442,1140224
27443,2962379
27444,9192701
27445,3355032
27446,3940753
27447,3509491
27448,3945042
27449,3524726
27450,3957231
27451,3623800
27452,3549182
27453,1198893
27454,3451145
27455,2457519
27456,2670515
27457,2386023
27458,2874651
27459,3428796
27460,3748589
27461,3096241
27462,2425303
27463,7853116
27464,2804358
27465,2754324
27466,2374904
27467,2293365
27468,3717490
27469,2094594
27470,1681903
27471,1264118
27472,2562106
27473,4715645
27474,3146492
27475,3579654
27476,3024945
27477,1952256
27478,2177071
27479,10649449
27480,6617308
27481,2383425
27482,2198455
27483,2934801
27484,3579110
27485,3087446
27486,8922807
27487,5075006
27488,5449135
27489,3437731
27490,3126797
27491,5643769
27492,5421235
27493,3800556
27494,2133821
27495,3248380
27496,3379481
27497,4425462
27498,4023848
27499,2332088
27500,2973485
27501,3872979
27502,3695722
27503,1283158
27504,4750684
27505,3416585
27506,1067622
27507,8371325
27508,5415320
27509,1812746
27510,1472824
27511,3981836
27512,2265925
27513,2924412
27514,5317617
27515,4914194
27516,2705331
27517,1246097
27518,2519973
27519,6603269
27520,4012780
27521,3604221
27522,5929606
27523,5453412
27524,6313274
27525,3601234
27526,3995454
27527,2510623
27528,2400647
27529,3779539
27530,2628055
27531,2985131
27532,2352061
27533,3100914
27534,3945704
27535,2129655
27536,2137255
27537,1964408
27538,983782
27539,2124077
27540,9154349
27541,2931284
27542,4109482
27543,3602826
27544,2605243
27545,1704689
27546,2408105
27547,4171892
27548,2200018
27549,3122239
27550,3238398
27551,1937763
27552,3040285
27553,2108945
27554,4712006
27555,2567612
27556,2394708
27557,2765043
27558,2570360
27559,1727434
27560,1772525
27561,2001752
27562,2083903
27563,1679517
27564,2726755
27565,2212148
27566,2397532
27567,1688299
27568,3715066
27569,4917949
27570,3447017
27571,3150483
27572,3164141
27573,1988768
27574,1460573
27575,5529515
27576,2102749
27577,1835260
27578,1762135
27579,1864690
27580,27674155
27581,2226716
27582,1995928
27583,1457187
27584,3050266
27585,4553003
27586,3131860
27587,4034056
27588,2560867
27589,2066589
27590,3382287
27591,4257195
27592,2278908
27593,4973975
27594,3954388
27595,2825773
27596,2533536
27597,3940700
27598,2433530
27599,4557450
27600,2251383
27601,3376523
27602,2466337
27603,3477409
27604,3466526
27605,2495633
27606,1133256
27607,4383493
27608,2520192
27609,3461395
27610,3436829
27611,3418695
27612,5865388
27613,1719113
27614,5986340
27615,8195671
27616,16988452
27617,4917530
27618,4146581
27619,4818042
27620,2242126
27621,2458679
27622,6408305
27623,1765682
27624,1133014
27625,1627326
27626,1676837
27627,5662701
27628,3792232
27629,3696383
27630,2027451
27631,2211808
27632,3144098
27633,2837424
27634,3374850
27635,1887484
27636,2261099
27637,3364115
27638,3526668
27639,2500771
27640,4671368
27641,3547429
27642,3624770
27643,3324423
27644,3489588
27645,1041416
27646,2932581
27647,6267720
27648,3935417
27649,4112305
27650,3992027
27651,4061098
27652,3659277
27653,3089480
27654,3910802
27655,9374804
27656,1180206
27657,5417490
27658,3178279
27659,3685627
27660,2427027
27661,2941124
27662,3804898
27663,1769920
27664,5241241
27665,5475079
27666,2295429
27667,4446399
27668,11478584
27669,4150684
27670,6249572
27671,4007556
27672,4292391
27673,2653103
27674,2110457
27675,4686135
27676,7434006
27677,1755429
27678,4544344
27679,4296629
27680,2965183
27681,3209244
27682,2697427
27683,5809126
27684,5449218
27685,2971662
27686,4370543
27687,3753430
27688,1468428
27689,2323061
27690,4874881
27691,2117539
27692,3673987
27693,3899431
27694,4234181
27695,4001776
27696,3606218
27697,6365541
27698,1054325
27699,2685278
27700,1961909
27701,2273401
27702,3784167
27703,2935077
27704,3462672
27705,1632734
27706,1835385
27707,3735791
27708,1943581
27709,1381689
27710,3069390
27711,2585933
27712,2171665
27713,2123437
27714,2042370
27715,3567873
27716,3655268
27717,6997191
27718,5952588
27719,3366514
27720,5962608
27721,6118162
27722,4841110
27723,15009672
27724,3610260
27725,1797475
27726,3627185
27727,8513305
27728,4250994
27729,2359050
27730,1185798
27731,3237466
27732,8256946
27733,3289063
27734,3676427
27735,2176043
27736,3306709
27737,2634198
27738,3903355
27739,3417429
27740,2162016
27741,7086227
27742,5437927
27743,2190395
27744,4029646
27745,8232089
27746,3708717
27747,3496953
27748,3074378
27749,3506122
27750,4063361
27751,2048734
27752,4284372
27753,2818164
27754,2938189
27755,4028849
27756,3796184
27757,3870644
27758,4248060
27759,2785189
27760,4861474
27761,2213126
27762,1230289
27763,2930574
27764,3347062
27765,4597839
27766,5141024
27767,4326892
27768,2443591
27769,2788775
27770,2263177
27771,2667132
27772,2335720
27773,2091601
27774,3477483
27775,2201149
27776,6347809
27777,3788457
27778,2238432
27779,3529286
27780,4758649
27781,2044640
27782,1975054
27783,1122914
27784,5466305
27785,3928848
27786,3546985
27787,4880121
27788,3928475
27789,3593215
27790,4656787
27791,3675331
27792,3348248
27793,3630020
27794,1583602
27795,3297210
27796,3773872
27797,3571531
27798,3409634
27799,4181524
27800,6147816
27801,4155498
27802,3904941
27803,3406882
27804,4505419
27805,4061758
27806,3508350
27807,4070407
27808,3566724
27809,2122891
27810,2587172
27811,2155224
27812,2333488
27813,1695806
27814,2613405
27815,2058277
27816,4408742
27817,2439277
27818,2531347
27819,5401054
27820,4029852
27821,2896953
27822,3561587
27823,4156399
27824,5642331
27825,2315736
27826,1521998
27827,5775911
27828,6661826
27829,3855588
27830,1900270
27831,2031614
27832,1883653
27833,1781629
27834,3438472
27835,1796369
27836,2314936
27837,6107121
27838,2443323
27839,2729585
27840,2587938
27841,2505017
27842,3233157
27843,4264328
27844,3015905
27845,1539200
27846,3121679
27847,2624092
27848,3831021
27849,3810548
27850,3624110
27851,4358893
27852,7714018
27853,5015605
27854,3859909
27855,3370412
27856,3957434
27857,2943058
27858,1018286
27859,4527845
27860,3699488
27861,4025814
27862,3593278
27863,3396724
27864,4410230
27865,1881062
27866,2147743
27867,2223602
27868,2297912
27869,1109001
27870,2825079
27871,3945971
27872,2965931
27873,2737181
27874,1626034
27875,2342234
27876,2911272
27877,5500168
27878,3620044
27879,2102666
27880,3112694
27881,3498286
27882,3497798
27883,2976667
27884,3401610
27885,4685725
27886,4008522
27887,2391174
27888,5017678
27889,2922744
27890,2109645
27891,3822846
27892,3693346
27893,3082318
27894,3426385
27895,3582719
27896,3525237
27897,6403615
27898,4559802
27899,4274774
27900,3157809
27901,1255993
27902,2248169
27903,5176281
27904,3976994
27905,1147718
27906,1644900
27907,1209596
27908,1461236
27909,1216039
27910,1199239
27911,2227261
27912,2180175
27913,4414113
27914,2455439
27915,3983187
27916,4278515
27917,4823743
27918,4959054
27919,1951370
27920,2602985
27921,2964199
27922,1063057
27923,1780316
27924,2016601
27925,1994753
27926,2880364
27927,4658622
27928,2934544
27929,4999851
27930,1712521
27931,2310143
27932,4776604
27933,2150005
27934,3465233
27935,1904612
27936,3793852
27937,4340689
27938,11530095
27939,1972639
27940,2736550
27941,2073180
27942,2333445
27943,2496906
27944,6007586
27945,1796035
27946,2168085
27947,4823204
27948,6190476
27949,6124148
27950,9223860
27951,5145231
27952,2216107
27953,1622303
27954,1019368
27955,1986155
27956,2294821
27957,4695941
27958,1999939
27959,3211095
27960,6431004
27961,3640292
27962,4293616
27963,2827757
27964,2511504
27965,4422042
27966,3494393
27967,5052072
27968,2874751
27969,2840215
27970,3392132
27971,1638446
27972,1924671
27973,1509668
27974,2841116
27975,1906591
27976,3233663
27977,4841652
27978,3580149
27979,2105487
27980,1993258
27981,5171055
27982,2449882
27983,4848353
27984,2366143
27985,1534405
27986,1843447
27987,2196332
27988,2344754
27989,2857582
27990,4539158
27991,2647436
27992,2870975
27993,3083511
27994,2498035
27995,1995915
27996,2295985
27997,2325307
27998,2945578
27999,4287834
28000,2261792
28001,3732061
28002,4005913
28003,3662944
28004,5644221
28005,1706646
28006,2223995
28007,1953997
28008,2657749
28009,4840556
28010,1636610
28011,4967864
28012,4534220
28013,1853828
28014,1702211
28015,5852997
28016,4283997
28017,5823088
28018,2051737
28019,6626772
28020,3228245
28021,3461855
28022,2726278
28023,2021775
28024,3537205
28025,2477238
28026,2543688
28027,4374188
28028,2286354
28029,5700695
28030,2964305
28031,2464526
28032,3148003
28033,4321317
28034,4933929
28035,4989941
28036,2239244
28037,2673214
28038,3374921
28039,2180290
28040,3107729
28041,20688722
28042,5163012
28043,3938650
28044,3344499
28045,5831302
28046,4211930
28047,4783854
28048,2369654
28049,1816434
28050,992895
28051,3218480
28052,3830349
28053,8043121
28054,6774156
28055,3664961
28056,3911565
28057,1470503
28058,3769167
28059,3879424
28060,3639537
28061,2189189
28062,1150225
28063,6422068
28064,4906575
28065,3540817
28066,1901512
28067,4657619
28068,2503655
28069,2336600
28070,1909482
28071,2354331
28072,1133655
28073,8381482
28074,4601668
28075,6784441
28076,2468085
28077,2184346
28078,5900111
28079,5202181
28080,3244601
28081,1696543
28082,3516606
28083,3702562
28084,8240488
28085,4264854
28086,4136332
28087,4241214
28088,4530880
28089,2229166
28090,5411085
28091,6479716
28092,6026609
28093,2270462
28094,5125039
28095,3470635
28096,2326241
28097,2189920
28098,1802409
28099,2348932
28100,1925307
28101,2426758
28102,6112745
28103,3714756
28104,2329443
28105,5024100
28106,6619118
28107,5072856
28108,3337052
28109,3779964
28110,7268815
28111,3322780
28112,2084214
28113,1754229
28114,1624306
28115,5115946
28116,4965368
28117,2547107
28118,5368647
28119,1321481
28120,5037229
28121,4872683
28122,2391804
28123,3018342
28124,2271818
28125,1113191
28126,2210896
28127,2305175
28128,2287313
28129,2221149
28130,2023019
28131,1901642
28132,2413959
28133,1869271
28134,2441432
28135,3531733
28136,2329838
28137,3219912
28138,3018587
28139,2142689
28140,2256903
28141,2782752
28142,1798261
28143,2196311
28144,3222838
28145,2156491
28146,1382050
28147,1109594
28148,5364470
28149,2725287
28150,4574955
28151,3017228
28152,2249911
28153,4749753
28154,3468013
28155,2371233
28156,3634369
28157,1098364
28158,5588890
28159,3373899
28160,4098824
28161,3876911
28162,4281313
28163,4553991
28164,3364587
28165,2726274
28166,4654002
28167,4333115
28168,2415148
28169,3448195
28170,3578274
28171,5445758
28172,4386324
28173,3286046
28174,3841115
28175,5834674
28176,2401350
28177,1137154
28178,1454248
28179,6035687
28180,1879386
28181,2514424
28182,4504019
28183,3534238
28184,3909282
28185,3144117
28186,5595098
28187,3820471
28188,5879758
28189,984233
28190,4471655
28191,3404702
28192,8779278
28193,3457895
28194,3030359
28195,17107727
28196,2426684
28197,3291919
28198,2154531
28199,2991452
28200,2519529
28201,4568965
28202,5884335
28203,4854909
28204,8518379
28205,3375521
28206,3281886
28207,3339632
28208,5839067
28209,3864130
28210,1370491
28211,3742480
28212,2837550
28213,2459859
28214,3562649
28215,5271137
28216,2578424
28217,4040083
28218,2086090
28219,2040256
28220,2909181
28221,1190894
28222,5930132
28223,2696100
28224,5271842
28225,5560645
28226,4583797
28227,1108995
28228,3298314
28229,11392416
28230,4273097
28231,3634963
28232,1576798
28233,9301722
28234,2778941
28235,4988616
28236,3222139
28237,3953192
28238,4763856
28239,3133850
28240,2528798
28241,2485517
28242,2214584
28243,3917349
28244,4112623
28245,2394404
28246,3453929
28247,2747934
28248,2261226
28249,2241068
28250,1721727
28251,2198262
28252,3565736
28253,1142284
28254,4121082
28255,2801543
28256,3293600
28257,6217624
28258,5578121
28259,4303333
28260,4114094
28261,2785993
28262,2994351
28263,1663511
28264,1875374
28265,3563249
28266,3467309
28267,3631176
28268,3538674
28269,2366409
28270,2021864
28271,6345727
28272,4070481
28273,5211398
28274,3269657
28275,3611275
28276,3690598
28277,1201562
28278,2465236
28279,5461888
28280,5317996
28281,3134333
28282,3863405
28283,3588720
28284,5385945
28285,1221734
28286,4426240
28287,2718698
28288,3556339
28289,5194553
28290,2587529
28291,2429156
28292,2711703
28293,3472682
28294,2443763
28295,5993107
28296,1205844
28297,8394623
28298,1778784
28299,4964028
28300,1216991
28301,1270583
28302,1157022
28303,2909412
28304,2224483
28305,3029412
28306,1547195
28307,2778030
28308,2285511
28309,2217280
28310,4298777
28311,2255959
28312,2133496
28313,2100251
28314,2209374
28315,2052560
28316,2126822
28317,2361339
28318,1178454
28319,1098947
28320,1586510
28321,2587768
28322,1906944
28323,1237750
28324,2337734
28325,2235771
28326,2889990
28327,2860662
28328,1872606
28329,3287868
28330,2178480
28331,2243907
28332,2271250
28333,2085432
28334,2170713
28335,2062678
28336,2122204
28337,2193951
28338,2369351
28339,1655368
28340,2179957
28341,2398388
28342,2945722
28343,2192747
28344,2448653
28345,2103989
28346,2138140
28347,2774062
28348,2008919
28349,2279385
28350,1780631
28351,2225574
28352,1551388
28353,1118653
28354,1600928
28355,2245027
28356,1554042
28357,2195104
28358,2215992
28359,2137608
28360,2238069
28361,2280820
28362,1671407
28363,2611742
28364,1587305
28365,1250049
28366,2402355
28367,1479396
28368,2063789
28369,1219518
28370,1806168
28371,2339642
28372,2612417
28373,1067804
28374,1168512
28375,1355138
28376,2233196
28377,2616042
28378,2313247
28379,2188197
28380,2566742
28381,4034134
28382,1917924
28383,2319991
28384,1679998
28385,1167950
28386,1213523
28387,1175629
28388,2244167
28389,1223475
28390,1220070
28391,1481297
28392,4173241
28393,3346117
28394,3667432
28395,2289443
28396,3420084
28397,3442899
28398,3041062
28399,2313324
28400,5845741
28401,4874571
28402,3907397
28403,3536651
28404,5331261
28405,2644049
28406,2889445
28407,2488919
28408,2639946
28409,3184002
28410,3672400
28411,3328698
28412,1169861
28413,3822807
28414,4733901
28415,5575036
28416,5590086
28417,9791090
28418,3880754
28419,3120322
28420,4335167
28421,4943183
28422,6524017
28423,1901599
28424,3447931
28425,3075877
28426,3297241
28427,3417886
28428,1957201
28429,1970708
28430,3973586
28431,2511173
28432,2877359
28433,1510778
28434,3771591
28435,2236606
28436,2468764
28437,2406135
28438,2517871
28439,4032910
28440,6122395
28441,5601610
28442,5178004
28443,4700095
28444,1472980
28445,4228022
28446,3997590
28447,4896229
28448,5231109
28449,4128286
28450,4806852
28451,2758223
28452,4021598
28453,3816059
28454,4636464
28455,4929156
28456,5582672
28457,5180855
28458,4127758
28459,5468117
28460,2360512
28461,4414221
28462,3815204
28463,4078749
28464,3556999
28465,1331354
28466,4050513
28467,4523645
28468,2570536
28469,2703013
28470,3949077
28471,3487066
28472,8902137
28473,9797799
28474,3938170
28475,3575222
28476,1333498
28477,5585714
28478,5007443
28479,5423771
28480,1157168
28481,2728048
28482,2254192
28483,4147586
28484,1928401
28485,3734607
28486,1089967
28487,3464678
28488,2637927
28489,3841916
28490,3072828
28491,3508498
28492,11457957
28493,2645126
28494,2646999
28495,2230951
28496,2224800
28497,1441360
28498,2696118
28499,2462832
28500,3569699
28501,2504274
28502,2509599
28503,2238053
28504,2740037
28505,8509651
28506,2326849
28507,2349954
28508,3366731
28509,3316291
28510,3104697
28511,2474665
28512,1965069
28513,2503459
28514,3175871
28515,3215943
28516,2859441
28517,2418133
28518,2347038
28519,2579489
28520,7259782
28521,2683460
28522,2159235
28523,2689203
28524,2380760
28525,1728153
28526,1715277
28527,3751271
28528,1984270
28529,2146296
28530,4625730
28531,1757897
28532,2005716
28533,2391379
28534,3544289
28535,2544175
28536,6943404
28537,2518640
28538,1901123
28539,4688708
28540,1750619
28541,5034316
28542,2965681
28543,5086847
28544,2224969
28545,3628900
28546,4308913
28547,4531625
28548,5436751
28549,2937010
28550,1972361
28551,5447209
28552,4296963
28553,3502949
28554,1690723
28555,2016489
28556,2156443
28557,2689011
28558,3087216
28559,4857294
28560,2768641
28561,1293052
28562,4201050
28563,2966776
28564,2776527
28565,2569249
28566,2448999
28567,3732056
28568,2798284
28569,5587036
28570,2787413
28571,2151801
28572,1513881
28573,2465769
28574,3655060
28575,3404154
28576,1761021
28577,2446957
28578,1821327
28579,1876341
28580,4284914
28581,1975011
28582,4300926
28583,4995904
28584,4748628
28585,3619176
28586,2956273
28587,5102568
28588,3825168
28589,3631852
28590,3414014
28591,5141395
28592,2709713
28593,1046259
28594,3067619
28595,6456092
28596,4850732
28597,7310439
28598,3453898
28599,2611919
28600,3768929
28601,6222943
28602,4715939
28603,6415583
28604,2551236
28605,2529424
28606,2308057
28607,8046356
28608,3389806
28609,2375501
28610,3918059
28611,2180984
28612,2150292
28613,1726660
28614,2180297
28615,3492918
28616,2499711
28617,5913574
28618,5648684
28619,3857039
28620,4138128
28621,3981506
28622,4262502
28623,4289459
28624,1732214
28625,1145524
28626,2497949
28627,3834561
28628,4155983
28629,4293480
28630,2462862
28631,3266506
28632,10224854
28633,3662743
28634,3504685
28635,2952250
28636,1697182
28637,3406559
28638,3630212
28639,2321282
28640,2236686
28641,2358557
28642,2172539
28643,3154163
28644,4276024
28645,2017558
28646,1301062
28647,3792150
28648,2628813
28649,2401659
28650,2662669
28651,3497016
28652,3804491
28653,2379093
28654,1722587
28655,2783557
28656,3670221
28657,1152786
28658,3075945
28659,2367463
28660,2601604
28661,2763667
28662,3044551
28663,2191710
28664,2751042
28665,3936883
28666,2958467
28667,1884418
28668,2413436
28669,6010129
28670,2677013
28671,4137910
28672,2538565
28673,3858390
28674,3098569
28675,2075790
28676,1726517
28677,3339738
28678,1533941
28679,3507640
28680,2448287
28681,15179746
28682,2368659
28683,3681249
28684,3912482
28685,3915265
28686,4305610
28687,5660085
28688,3691711
28689,5969392
28690,2327788
28691,1791980
28692,2146542
28693,1983729
28694,2468394
28695,2806252
28696,2146614
28697,2645953
28698,2147031
28699,1125197
28700,10158344
28701,4437871
28702,3549010
28703,7035198
28704,4575157
28705,2028995
28706,1930156
28707,2199962
28708,1943585
28709,2013909
28710,1113280
28711,2035159
28712,2349531
28713,2997168
28714,1069297
28715,4076622
28716,3118453
28717,2117471
28718,3230076
28719,1199213
28720,3767740
28721,1644929
28722,2570129
28723,2242782
28724,4991791
28725,3923672
28726,6938306
28727,3635004
28728,5646232
28729,3647884
28730,2191267
28731,3070926
28732,3493938
28733,2378318
28734,4044982
28735,3830124
28736,8879426
28737,3950924
28738,3187097
28739,5727092
28740,3908136
28741,2178041
28742,1358088
28743,2195024
28744,2608589
28745,2321212
28746,2567514
28747,3602047
28748,2507218
28749,3334050
28750,2170126
28751,2634786
28752,2875223
28753,3320061
28754,2850018
28755,1657164
28756,4500523
28757,5837140
28758,1978338
28759,1922491
28760,1876937
28761,3485515
28762,2564212
28763,1065269
28764,4729777
28765,3359120
28766,1979125
28767,8504615
28768,4549617
28769,2634108
28770,2102902
28771,2215943
28772,1926801
28773,4021834
28774,2810643
28775,4648823
28776,5503125
28777,6658024
28778,5976172
28779,3644690
28780,2023213
28781,8967184
28782,1107664
28783,2230105
28784,3289319
28785,1645423
28786,2279104
28787,3801513
28788,4298229
28789,4066430
28790,3447780
28791,4398011
28792,4063748
28793,3837262
28794,3843245
28795,979022
28796,3088951
28797,3146640
28798,4683238
28799,4024333
28800,6179815
28801,7843521
28802,1976820
28803,2064926
28804,6097211
28805,3489525
28806,1784286
28807,2938516
28808,1952164
28809,5064946
28810,2644530
28811,1886954
28812,1990213
28813,2308475
28814,2107108
28815,1521258
28816,2301687
28817,2543708
28818,2457779
28819,3346922
28820,2046852
28821,2683580
28822,1842374
28823,5358282
28824,3520479
28825,2505422
28826,2884724
28827,3391379
28828,5010480
28829,5733305
28830,5792410
28831,3581310
28832,3146252
28833,4156901
28834,3815919
28835,1948011
28836,3086362
28837,9265902
28838,1172150
28839,2499452
28840,2012081
28841,1890436
28842,2692534
28843,2339338
28844,2135333
28845,2292569
28846,3636439
28847,5313857
28848,2880027
28849,2036136
28850,2318551
28851,3836629
28852,2303535
28853,9792657
28854,4956925
28855,1743816
28856,1821832
28857,3790057
28858,3539627
28859,2472647
28860,3425995
28861,2428074
28862,1035098
28863,3360228
28864,2433402
28865,1889912
28866,2479871
28867,2443230
28868,2212358
28869,2101761
28870,1471467
28871,4999337
28872,2361462
28873,2507160
28874,2067535
28875,3229113
28876,2670133
28877,1913139
28878,6317620
28879,1747617
28880,2245312
28881,2486400
28882,2402545
28883,1723620
28884,2480241
28885,4687279
28886,11376282
28887,3040408
28888,2421840
28889,3936326
28890,4133861
28891,1144737
28892,2553927
28893,2922782
28894,3619393
28895,2548064
28896,11034752
28897,3155561
28898,3037783
28899,6366969
28900,2908597
28901,3557727
28902,2150869
28903,2894137
28904,2989744
28905,3415513
28906,4158702
28907,3903440
28908,3678672
28909,3604540
28910,4030160
28911,4312574
28912,4253741
28913,1019774
28914,4555986
28915,3024453
28916,2452453
28917,5643067
28918,4664405
28919,3090075
28920,3788892
28921,2978519
28922,3784748
28923,1203694
28924,2352888
28925,3903857
28926,2914654
28927,3131676
28928,6613649
28929,4982412
28930,5242405
28931,3946253
28932,1754003
28933,4227144
28934,1885416
28935,4225092
28936,3439824
28937,3380690
28938,3496538
28939,5139603
28940,5067262
28941,5944086
28942,4834270
28943,4094312
28944,2332220
28945,1089245
28946,3681071
28947,3534081
28948,8359363
28949,2007196
28950,1424036
28951,1094391
28952,2236858
28953,2080793
28954,1998881
28955,1926139
28956,2522768
28957,2298535
28958,2054549
28959,2547374
28960,1944793
28961,1945449
28962,2129197
28963,2042456
28964,5137203
28965,2027653
28966,1042190
28967,3550534
28968,3647277
28969,1060864
28970,3206695
28971,3339831
28972,3699769
28973,1602470
28974,3904157
28975,4008884
28976,3057243
28977,2504641
28978,4440591
28979,4028354
28980,2935605
28981,1919416
28982,5277754
28983,2524653
28984,2886687
28985,2550928
28986,7226282
28987,8421029
28988,2160808
28989,2969346
28990,3028646
28991,2688949
28992,3289596
28993,2400705
28994,3776206
28995,3530442
28996,2194472
28997,2112063
28998,1354331
28999,3238613
29000,1972977
29001,2487550
29002,3251658
29003,5361631
29004,2372702
29005,2233984
29006,2088126
29007,6222428
29008,3960797
29009,1069146
29010,2422997
29011,1812259
29012,2165456
29013,1799454
29014,1949666
29015,1879645
29016,3531056
29017,3709550
29018,4316251
29019,1386885
29020,2614822
29021,2112121
29022,1992153
29023,2669806
29024,2349860
29025,2344934
29026,3818839
29027,2541691
29028,2437571
29029,2122070
29030,1120808
29031,2758306
29032,3351725
29033,5374516
29034,2782211
29035,3544652
29036,1582246
29037,7982409
29038,2558574
29039,2383364
29040,5561140
29041,1534693
29042,2240911
29043,3890321
29044,2582712
29045,3259791
29046,2230416
29047,1303134
29048,2398873
29049,3456316
29050,3265789
29051,2314374
29052,2337429
29053,2248568
29054,2290280
29055,3595763
29056,2656326
29057,2356445
29058,2855159
29059,5294320
29060,3866855
29061,6179417
29062,983002
29063,4779889
29064,3208916
29065,5151580
29066,3121467
29067,3278880
29068,1891713
29069,2101596
29070,4639520
29071,3702519
29072,2457865
29073,3419759
29074,2277201
29075,2160552
29076,2030689
29077,5186740
29078,5674009
29079,5588355
29080,5640160
29081,4886283
29082,2807347
29083,1621316
29084,2235306
29085,6156788
29086,2099120
29087,1399318
29088,3307381
29089,1749579
29090,2812854
29091,2078452
29092,1902079
29093,2076869
29094,1562808
29095,2747959
29096,1934787
29097,1748178
29098,4425459
29099,3641247
29100,2397001
29101,2438199
29102,2374541
29103,3790083
29104,3340051
29105,5275190
29106,2896112
29107,7067897
29108,5885964
29109,6760576
29110,3314502
29111,3092909
29112,5802181
29113,4136805
29114,4713253
29115,2097397
29116,4824472
29117,4804223
29118,2918457
29119,1311941
29120,4093967
29121,3730737
29122,3928730
29123,3827501
29124,2183597
29125,3819465
29126,2336148
29127,3881820
29128,2772065
29129,2870302
29130,2871521
29131,3740931
29132,3198542
29133,5341105
29134,3324165
29135,6187585
29136,2105109
29137,4932515
29138,5770967
29139,4888117
29140,3957171
29141,4438697
29142,2247361
29143,2223018
29144,4194994
29145,2063435
29146,4585968
29147,2271549
29148,5066777
29149,1752140
29150,2470388
29151,4844641
29152,6833059
29153,3169384
29154,2048236
29155,3686853
29156,3725564
29157,2215755
29158,3434621
29159,3490401
29160,8869599
29161,5525004
29162,2969183
29163,3679048
29164,6963979
29165,7269045
29166,3113167
29167,2545567
29168,1135999
29169,3639183
29170,5021135
29171,5008167
29172,8632849
29173,3296045
29174,4127345
29175,5383646
29176,5188194
29177,3484563
29178,3419282
29179,953757
29180,3323863
29181,5948701
29182,4659895
29183,4103459
29184,3662023
29185,4698954
29186,2111689
29187,3915563
29188,3268007
29189,2622891
29190,2607306
29191,5359789
29192,3817006
29193,3347472
29194,3684538
29195,3796878
29196,4323880
29197,3577978
29198,2786745
29199,5103697
29200,1561956
29201,2612398
29202,4716705
29203,3545819
29204,3645847
29205,8993430
29206,1944996
29207,3766825
29208,4785504
29209,2194261
29210,2348874
29211,1492139
29212,2514690
29213,2318563
29214,2279602
29215,4198199
29216,2472506
29217,2348647
29218,2153651
29219,2321378
29220,1956487
29221,2403984
29222,5946810
29223,2338205
29224,2141453
29225,3858276
29226,3833693
29227,3525017
29228,3313558
29229,3524762
29230,4372533
29231,3431066
29232,1360744
29233,1981137
29234,1520521
29235,1145453
29236,1213117
29237,1184914
29238,1636235
29239,3466005
29240,1739226
29241,4518499
29242,1900536
29243,1212091
29244,1095441
29245,1225122
29246,1307700
29247,1027593
29248,1282790
29249,1106840
29250,1507768
29251,1202190
29252,1157266
29253,2333446
29254,3618635
29255,5587567
29256,5556232
29257,5120828
29258,1552153
29259,3239577
29260,7866438
29261,3141456
29262,1943199
29263,2218070
29264,2221370
29265,1865039
29266,3814156
29267,2027918
29268,5059362
29269,3796882
29270,2819570
29271,2186015
29272,3275491
29273,4690844
29274,5601404
29275,2866497
29276,2053582
29277,10389126
29278,2304414
29279,2148035
29280,2310743
29281,2852751
29282,1927291
29283,1679337
29284,1961549
29285,1141733
29286,3603971
29287,4672434
29288,1216157
29289,1847433
29290,1873023
29291,2169505
29292,2472871
29293,2164128
29294,4198828
29295,4038143
29296,1485489
29297,3455818
29298,2104555
29299,2173966
29300,2081444
29301,2472675
29302,2237525
29303,3953722
29304,1721595
29305,5212879
29306,2225351
29307,4221237
29308,1935866
29309,1967026
29310,1828761
29311,1928708
29312,2037631
29313,2128796
29314,1956872
29315,1923852
29316,1991677
29317,1068705
29318,2971322
29319,1279467
29320,2161756
29321,3717687
29322,1706760
29323,1794848
29324,2015253
29325,1733596
29326,5281614
29327,4229145
29328,4217458
29329,4559681
29330,4591262
29331,5576735
29332,4567287
29333,3543148
29334,2018217
29335,3144485
29336,2984471
29337,2217545
29338,2392598
29339,4083942
29340,6915162
29341,8033344
29342,4222826
29343,3513030
29344,3135464
29345,5217092
29346,5433876
29347,5824378
29348,4417253
29349,2374799
29350,6221192
29351,2281307
29352,3624229
29353,3134717
29354,4106754
29355,4013098
29356,2313557
29357,5499738
29358,2255842
29359,1828302
29360,3459688
29361,4530619
29362,3085357
29363,3971143
29364,3081725
29365,2385627
29366,5436270
29367,3383015
29368,3183016
29369,5013772
29370,1110282
29371,3382594
29372,3633312
29373,4731904
29374,5945817
29375,4217045
29376,3623274
29377,2891165
29378,4125070
29379,3381721
29380,3708236
29381,1152685
29382,5277610
29383,3702027
29384,3195881
29385,2786880
29386,6698825
29387,1445861
29388,1180131
29389,1210772
29390,1141020
29391,2394528
29392,5168779
29393,4293792
29394,3450979
29395,3193687
29396,1184193
29397,1261769
29398,1147134
29399,959227
29400,1194122
29401,1350739
29402,1181022
29403,1094676
29404,1392993
29405,2317488
29406,1150712
29407,2125321
29408,1036469
29409,2197130
29410,2616526
29411,4191041
29412,7682037
29413,1368336
29414,4154090
29415,2192214
29416,3891545
29417,2665452
29418,3526798
29419,3426004
29420,5668132
29421,3734311
29422,3408263
29423,2043863
29424,2448422
29425,1619443
29426,2082229
29427,2846006
29428,1977927
29429,5267682
29430,3841476
29431,3058412
29432,2791373
29433,2271964
29434,1438726
29435,2673874
29436,1130199
29437,6305113
29438,2404070
29439,2209521
29440,2181796
29441,2238800
29442,2115598
29443,2182101
29444,2122587
29445,1603434
29446,2171221
29447,2795684
29448,4274917
29449,13984368
29450,4043652
29451,2057095
29452,8627414
29453,3345697
29454,3071820
29455,3545563
29456,3287303
29457,4313495
29458,2226167
29459,1960093
29460,2150199
29461,4886150
29462,2529987
29463,2167867
29464,2900119
29465,1768744
29466,1121877
29467,4954210
29468,2541746
29469,2428177
29470,2182596
29471,2675468
29472,2909062
29473,2348308
29474,2258976
29475,6517965
29476,2195780
29477,3373163
29478,3216709
29479,4488675
29480,2139609
29481,2869754
29482,4312653
29483,3603674
29484,2553828
29485,1816110
29486,3368361
29487,2360667
29488,2757117
29489,2233998
29490,1608212
29491,8606322
29492,7810027
29493,3328372
29494,3370801
29495,3241570
29496,2940290
29497,2668261
29498,1260549
29499,3722245
29500,5952613
29501,3803377
29502,3599530
29503,19010818
29504,3776716
29505,2622328
29506,3224871
29507,3400041
29508,3572570
29509,1188974
29510,3376259
29511,4383370
29512,3931586
29513,3048837
29514,3134719
29515,2890303
29516,4979878
29517,4002080
29518,2545049
29519,1791605
29520,2015689
29521,2068670
29522,1819748
29523,2662540
29524,4989842
29525,6758756
29526,5329917
29527,2690959
29528,2280335
29529,1891057
29530,1247189
29531,4987650
29532,3282340
29533,4115110
29534,3109521
29535,2465050
29536,1892866
29537,1990448
29538,2146114
29539,1919463
29540,1918967
29541,2316442
29542,3532781
29543,2797600
29544,2252448
29545,1684992
29546,2377413
29547,2257692
29548,2219583
29549,2576888
29550,4151231
29551,5885500
29552,3024472
29553,2203288
29554,4085289
29555,2919010
29556,2063863
29557,6162630
29558,2060627
29559,10972711
29560,1955228
29561,3977310
29562,1154689
29563,5943510
29564,4976245
29565,1835983
29566,2127917
29567,2955118
29568,3161514
29569,4036781
29570,3715992
29571,3457614
29572,4374015
29573,4735431
29574,3958584
29575,4061692
29576,2053528
29577,2094798
29578,1807204
29579,1937417
29580,2157921
29581,2129128
29582,1971788
29583,1285874
29584,2818626
29585,1509209
29586,2266671
29587,1939506
29588,2574561
29589,1723223
29590,1963642
29591,2239983
29592,1879986
29593,1801138
29594,1054345
29595,2301042
29596,1970529
29597,3146278
29598,2596624
29599,5065042
29600,2953260
29601,6691587
29602,1628015
29603,3455605
29604,3979758
29605,1244874
29606,1932480
29607,3170000
29608,2267521
29609,3591521
29610,3535832
29611,2316309
29612,1696117
29613,4033666
29614,3693836
29615,2984752
29616,1292089
29617,3409568
29618,5024927
29619,4440233
29620,3387130
29621,1288673
29622,4342806
29623,2514495
29624,2592833
29625,1867593
29626,2395621
29627,1343142
29628,3883942
29629,6511145
29630,5774934
29631,6106000
29632,2443645
29633,1878566
29634,1136028
29635,1100225
29636,1151144
29637,2352512
29638,2087956
29639,1943459
29640,1424579
29641,2345396
29642,2650570
29643,5304741
29644,6537038
29645,4630027
29646,4154086
29647,2211573
29648,3785426
29649,3215482
29650,3618089
29651,3626658
29652,4235444
29653,4015510
29654,3994298
29655,2189355
29656,3575761
29657,5560798
29658,1043467
29659,4009367
29660,2543764
29661,5988386
29662,4899136
29663,2786738
29664,4570930
29665,2156987
29666,5559422
29667,4205296
29668,3454356
29669,1561837
29670,2587340
29671,3935140
29672,3683818
29673,3498752
29674,3567385
29675,2151496
29676,2660547
29677,3935956
29678,3499926
29679,1827485
29680,3666816
29681,11825318
29682,2328893
29683,4374396
29684,3927988
29685,2256702
29686,4159841
29687,4001969
29688,3692958
29689,2466436
29690,3412364
29691,3967868
29692,1276606
29693,3756545
29694,4082033
29695,2552813
29696,2608016
29697,5032802
29698,3931036
29699,2582661
29700,5886362
29701,2384589
29702,3428602
29703,4756160
29704,3601180
29705,2453351
29706,4333204
29707,4671746
29708,11046928
29709,3892495
29710,1887717
29711,1984479
29712,1194903
29713,3887706
29714,3887680
29715,3032642
29716,4018166
29717,2256739
29718,2514756
29719,1141853
29720,4657678
29721,2298462
29722,3670223
29723,4299082
29724,4162091
29725,4035216
29726,7363756
29727,2350666
29728,2504297
29729,2427985
29730,2296105
29731,2217254
29732,6521628
29733,1796901
29734,1205085
29735,2218520
29736,2160848
29737,2259104
29738,5237468
29739,3514957
29740,3073948
29741,6192137
29742,7196900
29743,5544972
29744,1552534
29745,4285434
29746,2715822
29747,2419589
29748,2749126
29749,6235338
29750,2552719
29751,3453131
29752,2166535
29753,4191311
29754,2913255
29755,3767582
29756,2095548
29757,3876663
29758,4700854
29759,4179382
29760,2246833
29761,6204924
29762,3418332
29763,2248617
29764,3453991
29765,1354063
29766,3834223
29767,4719514
29768,6492956
29769,5932616
29770,4172714
29771,4311229
29772,2588571
29773,2412864
29774,1781902
29775,2435250
29776,1608050
29777,4035297
29778,5220154
29779,5130627
29780,2402146
29781,3804055
29782,3723610
29783,3269141
29784,3791491
29785,1945442
29786,2919767
29787,4993428
29788,4700719
29789,3844853
29790,3535379
29791,4279727
29792,5145092
29793,4934070
29794,4287487
29795,4061538
29796,4568180
29797,1055175
29798,3378973
29799,4889761
29800,3855396
29801,3660684
29802,5721243
29803,4435046
29804,3185679
29805,2641681
29806,3311499
29807,5259558
29808,1597567
29809,3061462
29810,2395945
29811,2502475
29812,3580027
29813,3562674
29814,2677508
29815,3535710
29816,2097808
29817,7036545
29818,3733032
29819,8451057
29820,2509600
29821,2653018
29822,3872163
29823,2560057
29824,2701781
29825,1823355
29826,2689691
29827,2296148
29828,2156189
29829,3266453
29830,4552906
29831,3811211
29832,2167148
29833,1907383
29834,5110642
29835,5029840
29836,3876241
29837,1672502
29838,5299771
29839,6805209
29840,1646489
29841,2146823
29842,2232097
29843,4447279
29844,4506489
29845,5345814
29846,5770659
29847,4532141
29848,1906605
29849,4353779
29850,3649674
29851,1425469
29852,4943902
29853,2714711
29854,5458135
29855,2267225
29856,5396378
29857,2118169
29858,1716257
29859,5134135
29860,3715615
29861,1412641
29862,4459617
29863,2041316
29864,2750079
29865,3638863
29866,3581913
29867,3504173
29868,3789369
29869,4785732
29870,4122954
29871,4490661
29872,2296264
29873,5159545
29874,2284234
29875,3715455
29876,3268698
29877,1836577
29878,1921702
29879,1870098
29880,2895389
29881,2205193
29882,2985096
29883,1316410
29884,1696464
29885,2549034
29886,1890254
29887,2362002
29888,2132734
29889,3339523
29890,1864021
29891,3309122
29892,2245720
29893,6284766
29894,2322107
29895,10685878
29896,3996233
29897,4222687
29898,3792436
29899,2212490
29900,2137635
29901,10530970
29902,3773617
29903,3739984
29904,2428336
29905,12284882
29906,2915376
29907,2681794
29908,2739778
29909,2402619
29910,3395476
29911,1714433
29912,2926419
29913,2080124
29914,2351239
29915,3356599
29916,4456044
29917,4441598
29918,2443021
29919,2326153
29920,1976412
29921,2309612
29922,3027080
29923,3338918
29924,5878610
29925,2616742
29926,2186063
29927,5393836
29928,3650813
29929,2837791
29930,3949283
29931,5595215
29932,4617692
29933,5721158
29934,4725083
29935,5472307
29936,4530595
29937,1560701
29938,1291364
29939,1476694
29940,1363136
29941,1141701
29942,1251428
29943,1240326
29944,2403402
29945,1207251
29946,1534149
29947,2943452
29948,2128023
29949,3976831
29950,1981439
29951,2519276
29952,1670718
29953,3321068
29954,3913797
29955,3674958
29956,4170321
29957,3779635
29958,1017766
29959,4531320
29960,2730519
29961,2000393
29962,4068900
29963,4608770
29964,2092663
29965,3325729
29966,1550669
29967,3883438
29968,1748253
29969,7075671
29970,4372842
29971,4214683
29972,2110584
29973,5287273
29974,4152007
29975,4852618
29976,3614305
29977,3243811
29978,3452084
29979,1127668
29980,3163767
29981,2275436
29982,2504390
29983,4778410
29984,3007517
29985,1823317
29986,3846971
29987,2031771
29988,7442441
29989,1857369
29990,969199
29991,2026090
29992,1985595
29993,2319967
29994,1240472
29995,3370996
29996,3074807
29997,2149273
29998,2688543
29999,2234072
30000,2489006
30001,2085113
30002,3593712
30003,2391933
30004,2264653
30005,1812157
30006,2641465
30007,3653265
30008,2619443
30009,3051551
30010,8721867
30011,2286660
30012,5707796
30013,5302989
30014,2518647
30015,1751987
30016,1986019
30017,2128436
30018,1914429
30019,3767749
30020,4775142
30021,4750567
30022,1141701
30023,4036798
30024,16564673
30025,2297135
30026,1921264
30027,1822421
30028,4059758
30029,5022641
30030,6028547
30031,3110667
30032,1320236
30033,1268800
30034,1163401
30035,1089102
30036,1123405
30037,1039385
30038,1100834
30039,1197646
30040,1036840
30041,1122703
30042,1127462
30043,1124761
30044,1046199
30045,1096432
30046,1107701
30047,1070671
30048,1301831
30049,1099628
30050,1128141
30051,1198851
30052,1211154
30053,2254733
30054,1143955
30055,1212569
30056,1175926
30057,1176426
30058,960882
30059,976125
30060,1052816
30061,1237372
30062,1110360
30063,1281186
30064,1260961
30065,1055872
30066,1083283
30067,2149790
30068,2200428
30069,2357332
30070,1123299
30071,1084636
30072,1684529
30073,1041904
30074,1111387
30075,1046103
30076,1506038
30077,2064326
30078,1511056
30079,922901
30080,1030306
30081,1048466
30082,1101717
30083,1120820
30084,1116190
30085,1056286
30086,1067002
30087,1788167
30088,2026631
30089,1686648
30090,1444157
30091,1154890
30092,1192762
30093,1044882
30094,1546143
30095,1162463
30096,2722272
30097,2131207
30098,2446216
30099,2479430
30100,3797146
30101,4417947
30102,1990990
30103,1913697
30104,2076405
30105,1692925
30106,1342392
30107,1107035
30108,1422198
30109,2635082
30110,3690577
30111,3556103
30112,1174054
30113,2286295
30114,2222091
30115,3552769
30116,2314976
30117,1170009
30118,1790557
30119,1116873
30120,1623364
30121,2721187
30122,1331330
30123,2582986
30124,1331988
30125,2455087
30126,2420542
30127,1355028
30128,2054307
30129,3776302
30130,2439130
30131,2026390
30132,3131445
30133,4487960
30134,1608742
30135,4785486
30136,5150355
30137,2423645
30138,2806440
30139,1213544
30140,1684410
30141,2020342
30142,1212858
30143,1139104
30144,2302814
30145,3087778
30146,1758282
30147,2383059
30148,1223246
30149,1988066
30150,1388302
30151,1337559
30152,1406875
30153,1505984
30154,1333234
30155,4278666
30156,2336399
30157,2167261
30158,1605696
30159,1210697
30160,1212041
30161,1210726
30162,1121464
30163,1055720
30164,2284580
30165,2134134
30166,3347301
30167,1976914
30168,10754280
30169,1943277
30170,1559637
30171,2256693
30172,1035915
30173,1035479
30174,1536792
30175,1397369
30176,1404853
30177,1195512
30178,1478732
30179,1352782
30180,1275840
30181,1161211
30182,2001378
30183,4225116
30184,3827794
30185,3225824
30186,4012154
30187,4070963
30188,5683886
30189,4916787
30190,3522802
30191,2165412
30192,4840563
30193,5562125
30194,5118460
30195,5229705
30196,3597854
30197,3076494
30198,3534974
30199,3307350
30200,2270372
30201,6106258
30202,2084012
30203,4739219
30204,5828608
30205,5400430
30206,3862828
30207,5562379
30208,3501035
30209,5092970
30210,3469649
30211,4984080
30212,4384618
30213,2219285
30214,2086455
30215,3966929
30216,4237963
30217,5881056
30218,9965499
30219,5060966
30220,5606689
30221,2163693
30222,18179455
30223,1045123
30224,2568743
30225,3529241
30226,5381370
30227,6215710
30228,3070817
30229,5062066
30230,3669110
30231,4158243
30232,2186732
30233,2309836
30234,1620609
30235,6531848
30236,3648258
30237,4838498
30238,5692176
30239,3708041
30240,1585883
30241,2036105
30242,6057335
30243,1673932
30244,6497158
30245,2806628
30246,2444392
30247,2199638
30248,1824174
30249,1945016
30250,2687963
30251,2331333
30252,2966842
30253,2373439
30254,2274773
30255,1847728
30256,4115925
30257,5499991
30258,2905195
30259,7779205
30260,2678830
30261,2446825
30262,3860023
30263,2806178
30264,4032294
30265,2534656
30266,2058929
30267,6249560
30268,5863400
30269,3944071
30270,3072535
30271,2978125
30272,2750628
30273,3605137
30274,1909805
30275,2112985
30276,2583077
30277,3509241
30278,2765698
30279,2777696
30280,2691393
30281,4000654
30282,3102959
30283,4347324
30284,3109659
30285,2776558
30286,3876116
30287,2225041
30288,4794680
30289,9019177
30290,3650285
30291,2565098
30292,4050559
30293,2510852
30294,4288635
30295,1970314
30296,5871572
30297,2334131
30298,1706223
30299,4882987
30300,2680448
30301,3856584
30302,3115039
30303,5854287
30304,5023888
30305,3351058
30306,3560928
30307,2013868
30308,2248704
30309,4585288
30310,5832854
30311,6208124
30312,5842296
30313,2645789
30314,2754821
30315,2627637
30316,2653029
30317,2684980
30318,2894227
30319,2185777
30320,5772250
30321,4962570
30322,4588063
30323,4252822
30324,4250291
30325,4534169
30326,3577630
30327,4883186
30328,2928579
30329,2340589
30330,1166085
30331,3721103
30332,4031395
30333,4324256
30334,4918555
30335,3468070
30336,5338162
30337,4833617
30338,4077535
30339,3615479
30340,2130163
30341,3658106
30342,2125001
30343,2324197
30344,2624830
30345,6552063
30346,2113801
30347,2316051
30348,2153241
30349,2195827
30350,2939861
30351,2180452
30352,3356247
30353,2400885
30354,3816493
30355,2533348
30356,2888974
30357,2332992
30358,3427816
30359,1799380
30360,3222224
30361,2647334
30362,2664774
30363,2755535
30364,3433589
30365,3238262
30366,6097871
30367,5225790
30368,2725556
30369,2495725
30370,2745025
30371,3433812
30372,2537513
30373,5010485
30374,4063546
30375,2823192
30376,2384157
30377,3261280
30378,2918029
30379,2165498
30380,2459051
30381,4071512
30382,2855346
30383,1023218
30384,3432047
30385,1783925
30386,2814904
30387,12784360
30388,3794451
30389,8164390
30390,3234902
30391,3941668
30392,2340228
30393,3332795
30394,1309199
30395,2740480
30396,2989091
30397,2458642
30398,2514687
30399,2279732
30400,3721284
30401,3926687
30402,8788299
30403,2798703
30404,2258522
30405,3157626
30406,2321653
30407,2346748
30408,2464184
30409,4102016
30410,3576041
30411,2362758
30412,2604163
30413,2627147
30414,2399851
30415,2204012
30416,5604879
30417,2668149
30418,3610487
30419,2598643
30420,8856831
30421,5110245
30422,4049348
30423,5244582
30424,6140710
30425,1962399
30426,3772578
30427,4648797
30428,3461101
30429,5990162
30430,2477324
30431,2352369
30432,1222862
30433,1334390
30434,2362764
30435,4115099
30436,1532376
30437,3989884
30438,5502837
30439,6071200
30440,13813006
30441,2045562
30442,5309203
30443,4083819
30444,3029344
30445,6134299
30446,3553730
30447,1665993
30448,3697380
30449,4257646
30450,5486018
30451,3078740
30452,2448402
30453,6033944
30454,5915702
30455,4402393
30456,3394040
30457,1749059
30458,5769571
30459,2280647
30460,2454848
30461,2946563
30462,3460484
30463,4405860
30464,3637281
30465,2135612
30466,4259493
30467,4380953
30468,1237063
30469,3450691
30470,2925052
30471,4342382
30472,4190219
30473,2181645
30474,2331197
30475,2538014
30476,2565053
30477,4698774
30478,2204830
30479,2403885
30480,5981894
30481,5985590
30482,5659101
30483,4719299
30484,2701426
30485,1570205
30486,6635560
30487,2307639
30488,1796177
30489,1089214
30490,4657759
30491,3390291
30492,3589290
30493,2697127
30494,3671620
30495,4211751
30496,2614211
30497,1567252
30498,3738106
30499,1151379
30500,1682772
30501,5472672
30502,5846895
30503,1828714
30504,3806299
30505,2281663
30506,2689578
30507,2574261
30508,3123357
30509,2783312
30510,2204416
30511,3622189
30512,2333250
30513,2203210
30514,1723870
30515,2188500
30516,2221980
30517,4580698
30518,3696356
30519,3634866
30520,4045810
30521,2232819
30522,4460811
30523,5073809
30524,3734132
30525,1641936
30526,4468562
30527,1747626
30528,1123917
30529,1127246
30530,1217863
30531,1170931
30532,2337271
30533,2108534
30534,2550439
30535,2170094
30536,1626442
30537,1081141
30538,1028926
30539,1138422
30540,1175976
30541,1220797
30542,1072983
30543,2196272
30544,1499843
30545,1044248
30546,1270706
30547,4440632
30548,1185803
30549,2349757
30550,2363244
30551,2219028
30552,2861549
30553,3463694
30554,1126142
30555,2339025
30556,4660331
30557,4309856
30558,4075936
30559,3637489
30560,1955625
30561,2037939
30562,2057079
30563,5417521
30564,958173
30565,2547138
30566,1645861
30567,1768859
30568,6018444
30569,1615437
30570,1865511
30571,3737844
30572,3159363
30573,9788483
30574,2614100
30575,3844241
30576,5895312
30577,5014135
30578,3525303
30579,2929370
30580,2684439
30581,2340977
30582,3709782
30583,4919736
30584,5532954
30585,986133
30586,5247940
30587,3425525
30588,2886171
30589,4239031
30590,3389758
30591,3453900
30592,3706371
30593,2304487
30594,3186026
30595,5293718
30596,1573907
30597,2539882
30598,2475290
30599,1188448
30600,6118891
30601,3315273
30602,3041381
30603,4158913
30604,4139635
30605,2649412
30606,2545048
30607,1784388
30608,2800873
30609,1922904
30610,5552418
30611,3855326
30612,4207451
30613,4381534
30614,5858452
30615,6705534
30616,4380756
30617,1116987
30618,4050557
30619,3550854
30620,3413304
30621,7741493
30622,4020257
30623,3868640
30624,3890872
30625,2891610
30626,2708707
30627,5106600
30628,1576065
30629,4975195
30630,3481969
30631,18742268
30632,1936759
30633,2579152
30634,4877858
30635,3751033
30636,4648186
30637,4235885
30638,2444889
30639,4341815
30640,10559037
30641,4568910
30642,3914218
30643,3502215
30644,3659097
30645,2806317
30646,2419486
30647,3509215
30648,5010484
30649,2298550
30650,2158128
30651,2406910
30652,2069101
30653,1557565
30654,2127056
30655,1675667
30656,1652212
30657,2184020
30658,3989102
30659,3967501
30660,3316839
30661,8347313
30662,3908268
30663,2373220
30664,2926095
30665,2024255
30666,2734502
30667,2891312
30668,5675231
30669,3865980
30670,2583550
30671,4095097
30672,3899927
30673,3411498
30674,2329583
30675,3628581
30676,4097116
30677,7195321
30678,4282023
30679,3745890
30680,2887561
30681,1602019
30682,5836517
30683,1773783
30684,3733319
30685,2350282
30686,2773509
30687,3825853
30688,2791215
30689,3184603
30690,2532891
30691,2370475
30692,3222172
30693,1868675
30694,1988101
30695,1876468
30696,1159160
30697,1756548
30698,6477797
30699,2856479
30700,5480871
30701,4700168
30702,2276452
30703,4051374
30704,1836582
30705,1582500
30706,1622376
30707,1856436
30708,4965523
30709,1681408
30710,2351987
30711,1741169
30712,2398418
30713,1486404
30714,3410276
30715,5597171
30716,6005576
30717,2175561
30718,2333972
30719,1247898
30720,1687705
30721,1208887
30722,2177226
30723,2701357
30724,2074503
30725,1943303
30726,3609820
30727,3591494
30728,1519754
30729,2283544
30730,2087930
30731,2023213
30732,2412370
30733,1888564
30734,1170543
30735,3062131
30736,1273667
30737,3489919
30738,1850598
30739,2222642
30740,1728611
30741,5768596
30742,2137114
30743,1169559
30744,2846176
30745,3862590
30746,2036333
30747,3552297
30748,3334926
30749,2136901
30750,3653287
30751,2744934
30752,4502176
30753,2697167
30754,5278919
30755,4553358
30756,3977192
30757,4862154
30758,4854380
30759,4182119
30760,4539449
30761,5330879
30762,5594261
30763,1193073
30764,4312528
30765,4949110
30766,2217002
30767,2516972
30768,2790213
30769,3800747
30770,4438963
30771,2420812
30772,2222707
30773,3396903
30774,3537443
30775,5407493
30776,3707950
30777,6736446
30778,5949431
30779,2122882
30780,7064711
30781,2760991
30782,2530521
30783,4413978
30784,2979254
30785,2160020
30786,2787667
30787,2291609
30788,2795415
30789,4452704
30790,3946204
30791,5119716
30792,2505191
30793,3985209
30794,3549228
30795,5013158
30796,3462504
30797,2209756
30798,1773828
30799,2345588
30800,1528526
30801,3636647
30802,2596992
30803,2036577
30804,2126330
30805,1634330
30806,1949815
30807,3496234
30808,1811653
30809,1279854
30810,5415550
30811,2249760
30812,4676445
30813,3007358
30814,2489606
30815,2307556
30816,2100084
30817,2317456
30818,2496359
30819,1624288
30820,2597522
30821,2164324
30822,2268106
30823,2862045
30824,2418604
30825,1344905
30826,1863313
30827,1333106
30828,1156331
30829,1606853
30830,2009148
30831,1825454
30832,3815794
30833,3301519
30834,3869806
30835,4138368
30836,3760713
30837,4863136
30838,4087206
30839,2939319
30840,6138044
30841,1137253
30842,3825109
30843,3676437
30844,4871620
30845,3649532
30846,3781065
30847,5166696
30848,2974555
30849,5677536
30850,2204574
30851,1251005
30852,2370670
30853,4038327
30854,4868882
30855,2421029
30856,3654980
30857,6101097
30858,4824139
30859,2146430
30860,2512211
30861,3937942
30862,1064575
30863,3820909
30864,3624200
30865,3176800
30866,1921684
30867,3013502
30868,6696584
30869,3606134
30870,8374459
30871,2963178
30872,2044018
30873,1517865
30874,2153768
30875,11542816
30876,3663978
30877,2569366
30878,2534587
30879,3424239
30880,5839670
30881,2435421
30882,3585685
30883,1233280
30884,5549658
30885,6480752
30886,3805076
30887,2030884
30888,3511816
30889,4060031
30890,2793387
30891,3971636
30892,4486231
30893,3769946
30894,1099673
30895,3250625
30896,2671762
30897,1836584
30898,2035006
30899,2036158
30900,2606064
30901,1922455
30902,2323752
30903,2388022
30904,3927602
30905,1024651
30906,2516163
30907,3867699
30908,4191537
30909,4321255
30910,3436476
30911,3902065
30912,3830703
30913,3512820
30914,1905318
30915,3710029
30916,3419705
30917,5019961
30918,2726112
30919,2000280
30920,3244576
30921,2260414
30922,4475517
30923,3818509
30924,2308055
30925,4919007
30926,1055240
30927,9225048
30928,6711230
30929,4395028
30930,5833131
30931,3508189
30932,4009477
30933,7539618
30934,4058272
30935,2457816
30936,7359918
30937,1300951
30938,2584721
30939,2340209
30940,2580316
30941,2782939
30942,3463757
30943,3993753
30944,5320884
30945,5524941
30946,8716088
30947,1856800
30948,2769144
30949,4993778
30950,6079452
30951,5242031
30952,3558368
30953,2196963
30954,5102103
30955,10428735
30956,5376035
30957,4122039
30958,1544271
30959,4239711
30960,3865667
30961,3661223
30962,6007299
30963,3763757
30964,4358407
30965,3693159
30966,2728502
30967,6020451
30968,3564130
30969,3199385
30970,5890480
30971,5054250
30972,4462055
30973,3667847
30974,4598700
30975,4602651
30976,2924583
30977,3553044
30978,3464116
30979,2223422
30980,6040813
30981,4791539
30982,3745540
30983,3557119
30984,5570785
30985,4614012
30986,2453853
30987,3858016
30988,3188709
30989,3782514
30990,2094595
30991,6173011
30992,5025727
30993,4508481
30994,4234837
30995,3672015
30996,4925985
30997,4909706
30998,3435204
30999,2080300
31000,2886290
31001,2524957
31002,2751925
31003,2208031
31004,2489922
31005,1851810
31006,5060715
31007,6059196
31008,3583355
31009,3663860
31010,3046906
31011,2165861
31012,9336832
31013,4397868
31014,3441681
31015,2315829
31016,2981483
31017,2862647
31018,2926503
31019,3831319
31020,3307835
31021,3550500
31022,1121052
31023,2870695
31024,1735779
31025,3782568
31026,2146975
31027,3943283
31028,2297870
31029,1601888
31030,3398920
31031,4369365
31032,1983341
31033,1125739
31034,2665856
31035,8148492
31036,3125715
31037,3123471
31038,1724099
31039,4587075
31040,3020354
31041,1923191
31042,8983404
31043,1235463
31044,1577433
31045,1744619
31046,2060685
31047,1124533
31048,1160768
31049,2268627
31050,2298779
31051,5066300
31052,2486319
31053,3996231
31054,1108975
31055,2002000
31056,3924777
31057,5377483
31058,4956439
31059,9141339
31060,1490532
31061,3025881
31062,2240132
31063,3678215
31064,1992396
31065,1939584
31066,1131028
31067,4605743
31068,4737792
31069,2083102
31070,5688476
31071,4662403
31072,3779826
31073,3362123
31074,4491219
31075,2058520
31076,3569894
31077,2066070
31078,15719429
31079,3360770
31080,4889396
31081,2451105
31082,2637557
31083,3928750
31084,3273675
31085,2649539
31086,1420482
31087,3874966
31088,3945157
31089,7276108
31090,2844525
31091,2432165
31092,2690151
31093,2162655
31094,3865419
31095,2707035
31096,4788666
31097,1895339
31098,3582219
31099,3322137
31100,2575450
31101,1986518
31102,2716299
31103,2483871
31104,1429100
31105,1351512
31106,2784619
31107,2114307
31108,2323739
31109,1810455
31110,3100248
31111,1748040
31112,2113523
31113,2026571
31114,2138351
31115,4180612
31116,2098669
31117,2294827
31118,1093144
31119,2582147
31120,5319704
31121,6200456
31122,4864787
31123,4089243
31124,3459998
31125,5606632
31126,3653351
31127,4312921
31128,2252246
31129,1354556
31130,6896515
31131,5221092
31132,2383865
31133,3846816
31134,2480596
31135,4294847
31136,1828227
31137,2086677
31138,6294974
31139,3768448
31140,6175967
31141,4846809
31142,2090571
31143,1813694
31144,2055294
31145,1576964
31146,1583729
31147,1823496
31148,1740819
31149,7549788
31150,2743357
31151,5857569
31152,3773417
31153,3648055
31154,4092915
31155,4060410
31156,2867205
31157,3125011
31158,4139491
31159,2476301
31160,3988075
31161,1190225
31162,2596190
31163,3245589
31164,3819294
31165,1105035
31166,2596229
31167,2573214
31168,2175967
31169,4509900
31170,2318430
31171,1865330
31172,4107971
31173,3736176
31174,8730687
31175,4718903
31176,3922878
31177,3262229
31178,2516787
31179,1826494
31180,1856910
31181,2060994
31182,1427971
31183,2314178
31184,3694696
31185,5042107
31186,5095242
31187,5329134
31188,9614588
31189,3724642
31190,3786837
31191,4339766
31192,5887651
31193,1103428
31194,6639433
31195,3972552
31196,5601261
31197,4028126
31198,2519140
31199,5012819
31200,4233378
31201,6358945
31202,5660931
31203,3911980
31204,1575633
31205,1266028
31206,1650501
31207,5168552
31208,7760784
31209,4284717
31210,4351687
31211,3891011
31212,3804698
31213,3631287
31214,1824766
31215,4550843
31216,1297125
31217,7572256
31218,4247902
31219,1356872
31220,1425185
31221,3810902
31222,4327944
31223,4129398
31224,5540084
31225,1143056
31226,7131028
31227,2060365
31228,1821770
31229,2256549
31230,1993336
31231,3595955
31232,5028629
31233,3531950
31234,4807508
31235,3119994
31236,2605616
31237,2375419
31238,1655036
31239,1798709
31240,2293336
31241,2665100
31242,3649781
31243,6215814
31244,2531440
31245,2301270
31246,1221103
31247,6507680
31248,2587846
31249,2282892
31250,2400937
31251,2403873
31252,4550520
31253,2017892
31254,2630431
31255,1993539
31256,4004198
31257,1121513
31258,3499859
31259,1794275
31260,1812515
31261,3552670
31262,5265564
31263,4812326
31264,3860812
31265,3460443
31266,1847251
31267,4431379
31268,1034534
31269,18251506
31270,3782076
31271,2472822
31272,4123686
31273,1935787
31274,1926262
31275,4422119
31276,1786875
31277,6179237
31278,4619098
31279,1772293
31280,2152130
31281,2352815
31282,5965244
31283,3002314
31284,2709492
31285,2472022
31286,3366114
31287,4379885
31288,2538129
31289,1043281
31290,4977701
31291,5095132
31292,5588693
31293,3529095
31294,5411225
31295,3763644
31296,3851750
31297,3322381
31298,2969529
31299,4675054
31300,1417744
31301,4414784
31302,1905781
31303,1983903
31304,1984782
31305,1239424
31306,1140834
31307,4655055
31308,3990128
31309,6192300
31310,5002180
31311,5320128
31312,5593640
31313,4225357
31314,3827639
31315,10622318
31316,2203676
31317,1435116
31318,4179743
31319,1582725
31320,2293813
31321,2237263
31322,2991348
31323,3246426
31324,6133194
31325,7702612
31326,1415813
31327,2515091
31328,2208446
31329,2343534
31330,1268138
31331,3626875
31332,2266390
31333,6189928
31334,3779204
31335,3803779
31336,4498891
31337,2538549
31338,3036929
31339,4427183
31340,2746038
31341,2573049
31342,5928858
31343,2976625
31344,3586039
31345,2252716
31346,2793248
31347,3180596
31348,2952215
31349,2245052
31350,2788563
31351,3852050
31352,4212610
31353,1662907
31354,3146487
31355,3416188
31356,3593270
31357,4309501
31358,3720609
31359,5053587
31360,2784056
31361,1727306
31362,3933975
31363,4264746
31364,1268219
31365,9387877
31366,2091600
31367,3570379
31368,2180533
31369,3477937
31370,2463939
31371,2870449
31372,4193889
31373,3770176
31374,3882710
31375,1074363
31376,3235911
31377,2423514
31378,3149917
31379,2603082
31380,2757922
31381,2907243
31382,3693608
31383,4301343
31384,4483742
31385,2826969
31386,2358291
31387,3485569
31388,1142391
31389,5703253
31390,3293011
31391,3808479
31392,1282318
31393,1186105
31394,2009213
31395,3008875
31396,1169441
31397,1129459
31398,1281518
31399,1218584
31400,1341706
31401,1802092
31402,2204669
31403,2359347
31404,3454056
31405,2553109
31406,2247354
31407,1803897
31408,5527377
31409,1224121
31410,1785494
31411,1701140
31412,1899627
31413,2255386
31414,2464642
31415,2663864
31416,2358722
31417,2327797
31418,1349346
31419,2253227
31420,2314013
31421,7538909
31422,3278746
31423,1666745
31424,5298357
31425,1124304
31426,1823093
31427,2186289
31428,2081720
31429,1103675
31430,1317460
31431,1223065
31432,1529030
31433,1357176
31434,1935750
31435,1206907
31436,1032157
31437,1236752
31438,1130466
31439,1428934
31440,1174673
31441,1187317
31442,1208951
31443,2074993
31444,2583694
31445,1186422
31446,1217023
31447,2812648
31448,1851477
31449,1115289
31450,2197498
31451,2218831
31452,1165170
31453,1286342
31454,1081819
31455,5250144
31456,2092766
31457,2244706
31458,1458916
31459,3740387
31460,2150948
31461,2195873
31462,2179058
31463,2226924
31464,3788224
31465,2004233
31466,2039220
31467,1669978
31468,2154637
31469,1082594
31470,1240215
31471,1351968
31472,1209422
31473,2134346
31474,1665704
31475,1966421
31476,3697251
31477,2152179
31478,2543847
31479,1297632
31480,2198314
31481,2176055
31482,2639012
31483,2163743
31484,1559866
31485,1855888
31486,1807243
31487,2335801
31488,1699204
31489,1489236
31490,1360282
31491,3282973
31492,5065005
31493,5727389
31494,14816727
31495,4177005
31496,2180682
31497,3890943
31498,2728538
31499,2152875
31500,2548124
31501,3026826
31502,1051020
31503,3552854
31504,3631743
31505,3563377
31506,6597275
31507,3378737
31508,1197261
31509,2757487
31510,3966507
31511,3177759
31512,6848728
31513,2010843
31514,3544700
31515,2580711
31516,2207068
31517,2571098
31518,6647104
31519,1121558
31520,6048994
31521,2991603
31522,3219449
31523,1033307
31524,2763049
31525,2291195
31526,2524923
31527,7793270
31528,2336466
31529,2428530
31530,2073758
31531,4192078
31532,5389092
31533,3699735
31534,2096113
31535,5196150
31536,4337377
31537,4206392
31538,12554009
31539,7487857
31540,4235188
31541,4830847
31542,3851835
31543,3450474
31544,2164014
31545,1447266
31546,2907206
31547,4211217
31548,5707334
31549,3697504
31550,3009306
31551,3472115
31552,2763886
31553,2056372
31554,2214078
31555,1017523
31556,2918970
31557,6083995
31558,3023867
31559,4662149
31560,3368482
31561,3611686
31562,3495081
31563,2558279
31564,2489694
31565,5794436
31566,1076136
31567,1857454
31568,1665144
31569,6487336
31570,8910214
31571,2402656
31572,1879081
31573,13991360
31574,2506392
31575,2318495
31576,2193898
31577,1134616
31578,2775160
31579,4057640
31580,2407813
31581,6232978
31582,3481223
31583,3852972
31584,4108412
31585,2007296
31586,1775924
31587,1170582
31588,3090034
31589,3913506
31590,5404750
31591,5281039
31592,3275872
31593,8217847
31594,14270628
31595,3068965
31596,4195597
31597,3254186
31598,936597
31599,3287100
31600,3176994
31601,6442152
31602,6429954
31603,4175972
31604,3442206
31605,3387778
31606,5819208
31607,4202750
31608,4224827
31609,3231170
31610,3736750
31611,1739503
31612,3614099
31613,3362349
31614,5711843
31615,16764628
31616,4877327
31617,6335065
31618,2491752
31619,3558826
31620,1195504
31621,5146164
31622,5040672
31623,7010288
31624,3024552
31625,4064775
31626,2319584
31627,2519977
31628,2450708
31629,2405085
31630,3350254
31631,2038210
31632,2340618
31633,3613516
31634,3345475
31635,3978799
31636,13043204
31637,5261811
31638,3822580
31639,2751356
31640,6053166
31641,2302629
31642,3771578
31643,3954124
31644,19364614
31645,3653971
31646,7308985
31647,5628820
31648,2039384
31649,2494779
31650,2217312
31651,2003110
31652,1856959
31653,1810932
31654,4520736
31655,3151014
31656,3057274
31657,15945810
31658,3346301
31659,11170358
31660,2850781
31661,3182467
31662,1080002
31663,3354090
31664,4034640
31665,6211905
31666,3034532
31667,3724416
31668,3164699
31669,6042214
31670,4613726
31671,3506886
31672,4527372
31673,1085408
31674,3566085
31675,3366863
31676,5022718
31677,5820660
31678,4889793
31679,7487149
31680,5521640
31681,4190129
31682,3400752
31683,2379382
31684,3775547
31685,4020098
31686,3098572
31687,9456975
31688,2142415
31689,2034524
31690,1833431
31691,3699210
31692,2186273
31693,6154440
31694,2288980
31695,3072198
31696,2843325
31697,2461774
31698,2408318
31699,3382929
31700,2418080
31701,2157298
31702,3934451
31703,2381686
31704,3610874
31705,2513988
31706,2144334
31707,5341764
31708,2745159
31709,1481878
31710,4511442
31711,3443066
31712,4618753
31713,2022113
31714,3407489
31715,3992033
31716,1608364
31717,2784375
31718,12439055
31719,1734036
31720,4140043
31721,2100467
31722,2878060
31723,3420469
31724,2040175
31725,2605183
31726,2748698
31727,1730885
31728,3801403
31729,1101459
31730,2752373
31731,3197311
31732,2681277
31733,3256600
31734,4380531
31735,3354067
31736,3909112
31737,1068703
31738,5499718
31739,2628851
31740,4264248
31741,3632121
31742,4216058
31743,2098215
31744,2013604
31745,2702733
31746,4443982
31747,4438223
31748,3233163
31749,5482532
31750,3033532
31751,3438943
31752,4577034
31753,5944618
31754,5115861
31755,5743159
31756,8721705
31757,3112653
31758,1517028
31759,5751567
31760,5914867
31761,5834117
31762,4420542
31763,3340768
31764,4358971
31765,3519069
31766,11297091
31767,3320035
31768,3065441
31769,1079713
31770,5736861
31771,2409121
31772,1796085
31773,3552933
31774,3554434
31775,3396320
31776,3913523
31777,3683664
31778,19893638
31779,4273881
31780,1195700
31781,4765376
31782,4634723
31783,3672049
31784,3907487
31785,3850786
31786,3594366
31787,5183039
31788,6047230
31789,4332194
31790,2585906
31791,5186249
31792,5861282
31793,5125070
31794,1905340
31795,1919249
31796,2343633
31797,1970493
31798,4434993
31799,3504683
31800,4113547
31801,1471044
31802,3302392
31803,4917212
31804,4421034
31805,3332686
31806,4572935
31807,1960497
31808,1774351
31809,2614678
31810,1186838
31811,3524194
31812,1544650
31813,4764607
31814,2358448
31815,4281269
31816,1600541
31817,4077574
31818,1869878
31819,1642952
31820,4577778
31821,5982779
31822,2703383
31823,4320131
31824,4105716
31825,3460260
31826,1716882
31827,2205413
31828,2140800
31829,3665331
31830,1959618
31831,1686378
31832,1733948
31833,1231262
31834,2306742
31835,1555226
31836,1939767
31837,3297967
31838,3614134
31839,3372847
31840,3898469
31841,4359452
31842,2655974
31843,5759570
31844,2093795
31845,8968143
31846,3342152
31847,3357508
31848,2712250
31849,8013572
31850,5796445
31851,3349980
31852,2202572
31853,2578012
31854,4338971
31855,2694584
31856,2945545
31857,1675720
31858,1893009
31859,1877740
31860,1695482
31861,1714839
31862,1814353
31863,1946035
31864,1917031
31865,1021868
31866,2271687
31867,4238378
31868,3314965
31869,3918311
31870,4572542
31871,3328952
31872,3457174
31873,5690443
31874,3477389
31875,6263470
31876,1258474
31877,1884553
31878,3544647
31879,2003950
31880,2191182
31881,2430777
31882,2973321
31883,2618080
31884,2287384
31885,14847644
31886,1473873
31887,2508250
31888,2054086
31889,3985852
31890,3277399
31891,5167708
31892,4654722
31893,2854694
31894,6627202
31895,2776010
31896,3469596
31897,1129254
31898,2358797
31899,2692899
31900,2383571
31901,2461314
31902,3503498
31903,4234323
31904,3474318
31905,2811948
31906,4015241
31907,5238770
31908,1812613
31909,2007044
31910,5397080
31911,2343796
31912,5886201
31913,4769105
31914,3144083
31915,3563228
31916,2321857
31917,2285895
31918,1181270
31919,1918678
31920,3962081
31921,2171064
31922,2118261
31923,4151538
31924,3630166
31925,1854850
31926,2487299
31927,5979453
31928,5823902
31929,2088643
31930,5152286
31931,2518128
31932,3243095
31933,2450898
31934,2215433
31935,5205337
31936,4426737
31937,5656598
31938,3133057
31939,2445254
31940,1044517
31941,3992579
31942,2212847
31943,3744634
31944,5495191
31945,4707560
31946,5497298
31947,5013010
31948,3659221
31949,3577837
31950,2306943
31951,3126296
31952,2317831
31953,4816993
31954,5837919
31955,4857633
31956,4941190
31957,2333519
31958,2744934
31959,3759418
31960,2063443
31961,1836375
31962,3871408
31963,3773679
31964,2003722
31965,1168365
31966,1227488
31967,1358956
31968,1157399
31969,1226170
31970,2265020
31971,2342973
31972,1857537
31973,2187104
31974,2240305
31975,1946414
31976,3267317
31977,2215073
31978,1223501
31979,2156947
31980,15315959
31981,2059530
31982,1642998
31983,2614359
31984,2664972
31985,1855311
31986,4193698
31987,3741575
31988,2344598
31989,1556552
31990,4751950
31991,4753180
31992,2310477
31993,2050629
31994,3309471
31995,5380143
31996,2065848
31997,10217758
31998,2002162
31999,1970043
32000,1972700
32001,4702946
32002,4715217
32003,2096715
32004,2146155
32005,2020017
32006,1829799
32007,1668274
32008,1891572
32009,1874395
32010,2086359
32011,2716023
32012,2750571
32013,2176075
32014,1159037
32015,4027078
32016,2451971
32017,3399712
32018,3132949
32019,3172621
32020,4291893
32021,3741210
32022,4048672
32023,3455231
32024,1865560
32025,2739052
32026,2731656
32027,5153046
32028,5508199
32029,3799970
32030,1913415
32031,2245043
32032,2242211
32033,1806642
32034,2956802
32035,1153257
32036,4717383
32037,3211191
32038,2507247
32039,3333858
32040,2919276
32041,2453979
32042,3161618
32043,2870759
32044,2147423
32045,1978500
32046,1839401
32047,2403658
32048,3474330
32049,1888279
32050,3248791
32051,1147835
32052,4922355
32053,4038012
32054,8617606
32055,5390514
32056,2823430
32057,4831100
32058,1592970
32059,3658622
32060,2348203
32061,3596567
32062,3967803
32063,2893670
32064,3344663
32065,3101582
32066,3278391
32067,2837246
32068,4426138
32069,3412065
32070,3414592
32071,3736864
32072,6102566
32073,2302012
32074,9264921
32075,4071564
32076,2889324
32077,1976459
32078,2539410
32079,19586714
32080,3439420
32081,1689436
32082,3151322
32083,3027685
32084,1805590
32085,6727832
32086,1840796
32087,1763936
32088,1686754
32089,6751451
32090,4673227
32091,4527035
32092,3614622
32093,9382281
32094,3222385
32095,3256976
32096,3802190
32097,6224993
32098,4206628
32099,2077921
32100,5518432
32101,5032816
32102,3467179
32103,4158487
32104,12875623
32105,5235528
32106,2374809
32107,5757411
32108,3258058
32109,1749774
32110,2220382
32111,2770262
32112,5306266
32113,1388557
32114,4033699
32115,3752813
32116,2503963
32117,4098917
32118,3658673
32119,1719427
32120,1217330
32121,3327717
32122,2786806
32123,5834401
32124,2065666
32125,2093841
32126,1759655
32127,2711604
32128,1664669
32129,1649749
32130,1977275
32131,1169612
32132,2281264
32133,3204546
32134,2278147
32135,2813129
32136,2464481
32137,2215049
32138,2083635
32139,1829891
32140,2657161
32141,1776481
32142,2711624
32143,1823688
32144,3849090
32145,1991167
32146,2126400
32147,2308991
32148,4218439
32149,4023224
32150,3442494
32151,1992366
32152,1653834
32153,4280107
32154,2418129
32155,2310271
32156,2354198
32157,3518630
32158,2945681
32159,3672180
32160,3765942
32161,6016860
32162,5529869
32163,1576299
32164,2922536
32165,12536537
32166,18017924
32167,3049578
32168,3540785
32169,3216084
32170,3774763
32171,4625917
32172,3864641
32173,2404625
32174,4456854
32175,3556607
32176,3574349
32177,4489975
32178,6084502
32179,3498289
32180,3943729
32181,3826876
32182,4974135
32183,3837250
32184,1654545
32185,3029294
32186,4038931
32187,2819411
32188,4359944
32189,3413299
32190,3501983
32191,3682987
32192,2853893
32193,2758102
32194,2294880
32195,3297654
32196,2152841
32197,1850792
32198,2068196
32199,1867156
32200,5995256
32201,3753782
32202,5254318
32203,4765589
32204,5731451
32205,2320868
32206,5256448
32207,4225045
32208,4191673
32209,3741970
32210,3904622
32211,5759301
32212,4682606
32213,3988158
32214,4959808
32215,5010800
32216,1451055
32217,8491353
32218,3413654
32219,3245901
32220,3972017
32221,2325995
32222,1891398
32223,1724911
32224,2549957
32225,4023309
32226,1988375
32227,3287920
32228,1970543
32229,3577022
32230,5582281
32231,4499753
32232,4417161
32233,8757126
32234,4632558
32235,3342890
32236,1890017
32237,2172267
32238,3982785
32239,5558267
32240,4974143
32241,3749979
32242,3664754
32243,5565900
32244,4095670
32245,5360491
32246,5562421
32247,4657850
32248,1029025
32249,4426298
32250,3489742
32251,3817998
32252,1713187
32253,2705175
32254,4300222
32255,2526952
32256,3753346
32257,3387822
32258,3130435
32259,2052105
32260,3919830
32261,8713732
32262,2188132
32263,1920348
32264,1903390
32265,1622436
32266,1841091
32267,2199309
32268,3636468
32269,2692041
32270,2072807
32271,2349594
32272,2237718
32273,2007755
32274,2407158
32275,1860639
32276,1913841
32277,2102592
32278,1845085
32279,1948196
32280,1116124
32281,2913917
32282,1969925
32283,1686247
32284,1917906
32285,1637122
32286,1901595
32287,1845992
32288,3074885
32289,2635260
32290,1984056
32291,1397853
32292,2075417
32293,2360559
32294,2165658
32295,2152374
32296,1817322
32297,2126947
32298,3003103
32299,2481717
32300,1947025
32301,2317263
32302,3057382
32303,1980795
32304,2331620
32305,3873882
32306,5575571
32307,4465208
32308,1789597
32309,2735185
32310,3313714
32311,1905203
32312,1466891
32313,2555246
32314,6438688
32315,1210344
32316,9751515
32317,3926123
32318,3460296
32319,2443763
32320,5555555
32321,4671517
32322,10053566
32323,1694685
32324,2528909
32325,4055238
32326,4600798
32327,3043929
32328,4488828
32329,3191891
32330,4274399
32331,3725901
32332,3795116
32333,4327587
32334,4463115
32335,4362720
32336,3681298
32337,2893357
32338,4472434
32339,2198831
32340,2864442
32341,4936082
32342,2639734
32343,3296190
32344,2835570
32345,3290206
32346,2827498
32347,2702520
32348,3260195
32349,2541789
32350,4657741
32351,2861882
32352,1349035
32353,2581125
32354,2039538
32355,1966343
32356,2218627
32357,3753866
32358,16579378
32359,2925258
32360,2439247
32361,4268855
32362,2338387
32363,2998434
32364,4093438
32365,1993954
32366,2866330
32367,3013247
32368,2857560
32369,3899230
32370,3671026
32371,4108179
32372,4153918
32373,2030592
32374,2310207
32375,2258053
32376,1276401
32377,7846260
32378,2486341
32379,5192582
32380,3062851
32381,5067833
32382,3128685
32383,3649866
32384,6351904
32385,3836694
32386,3648534
32387,2845549
32388,3540506
32389,3321773
32390,3316613
32391,3999109
32392,5477523
32393,2449185
32394,3474226
32395,8646197
32396,3270637
32397,2023681
32398,3147326
32399,3961128
32400,5048794
32401,2878240
32402,3570720
32403,3073427
32404,3098967
32405,4022508
32406,3972961
32407,3131349
32408,1217048
32409,3660101
32410,5620694
32411,4237345
32412,3887611
32413,4676067
32414,4278030
32415,4122804
32416,2224019
32417,3891679
32418,1865985
32419,1945620
32420,3816625
32421,4673660
32422,3431642
32423,2355466
32424,7721067
32425,2293628
32426,2098127
32427,2129981
32428,2222240
32429,1078997
32430,2212896
32431,1864475
32432,1986557
32433,3409947
32434,4186650
32435,3135549
32436,3594213
32437,2641268
32438,3647217
32439,3553453
32440,1419210
32441,2591003
32442,2954155
32443,3154900
32444,2860059
32445,3063562
32446,4280629
32447,7882202
32448,4148723
32449,5429907
32450,4101632
32451,5096130
32452,4771717
32453,2153466
32454,6065735
32455,5299525
32456,5850907
32457,2544018
32458,1935153
32459,2147795
32460,2310192
32461,1976504
32462,3095097
32463,4093304
32464,4212947
32465,3596399
32466,3809862
32467,2686045
32468,3402548
32469,11722550
32470,3820153
32471,3544605
32472,1773069
32473,4459386
32474,3820798
32475,3760404
32476,4098920
32477,4588439
32478,3101869
32479,3788210
32480,3915062
32481,3383609
32482,3362077
32483,4893518
32484,3539759
32485,1887286
32486,2111032
32487,4028987
32488,2782187
32489,1880067
32490,2212577
32491,4740192
32492,2450160
32493,1077968
32494,4228645
32495,5876611
32496,23061450
32497,4554954
32498,3315811
32499,3722055
32500,4183329
32501,2468456
32502,3974736
32503,2677225
32504,1005850
32505,2380783
32506,1653385
32507,1904847
32508,1951525
32509,1780082
32510,2392470
32511,2330714
32512,1948038
32513,2439244
32514,4016617
32515,11183133
32516,2372470
32517,1108482
32518,8463346
32519,3494017
32520,3516465
32521,3728259
32522,3586431
32523,5527784
32524,4312952
32525,4296727
32526,2809925
32527,3550681
32528,2544410
32529,2631124
32530,1811248
32531,1984507
32532,2029048
32533,2754660
32534,2072562
32535,3470424
32536,1993332
32537,4508193
32538,1712689
32539,6049962
32540,2388626
32541,4933705
32542,3649183
32543,2982787
32544,2612756
32545,2844933
32546,1813684
32547,6060417
32548,3374069
32549,2282027
32550,2603423
32551,3818590
32552,3652124
32553,3922407
32554,1424236
32555,2644069
32556,2194445
32557,1005519
32558,3648616
32559,3760236
32560,3287978
32561,2492596
32562,3297503
32563,3742594
32564,2850033
32565,3428684
32566,3638738
32567,3773381
32568,5666709
32569,3484106
32570,2288083
32571,2400720
32572,2595507
32573,2331210
32574,3327560
32575,5610862
32576,4566014
32577,2292320
32578,1395072
32579,5133045
32580,2250410
32581,1960551
32582,5776365
32583,6163040
32584,1929981
32585,2084584
32586,2180424
32587,1908280
32588,2462973
32589,1219125
32590,2312648
32591,1791490
32592,3638521
32593,6200401
32594,1794711
32595,2211571
32596,2146678
32597,4537128
32598,6720869
32599,3894837
32600,1791611
32601,2274122
32602,1142899
32603,2381051
32604,2221205
32605,1919390
32606,2309908
32607,1837225
32608,2336060
32609,2280371
32610,1797816
32611,6163462
32612,4176481
32613,3607470
32614,1913407
32615,2603256
32616,6928571
32617,3931495
32618,7583024
32619,4174496
32620,4595124
32621,1199953
32622,4003565
32623,4565973
32624,3456096
32625,3721407
32626,2090465
32627,1789914
32628,2371979
32629,3579865
32630,3368876
32631,3260854
32632,3868963
32633,6360774
32634,2317718
32635,1684857
32636,2237476
32637,2042569
32638,3528774
32639,2339092
32640,2984438
32641,3249571
32642,3899528
32643,3034987
32644,3003400
32645,3186890
32646,5409723
32647,5215780
32648,4011348
32649,3167628
32650,1199603
32651,1558205
32652,9227946
32653,1033986
32654,1592470
32655,5010592
32656,3716108
32657,4110195
32658,10377653
32659,2342973
32660,4672134
32661,2217487
32662,2039145
32663,1624678
32664,3891451
32665,3532741
32666,3012115
32667,3833192
32668,4717223
32669,3721245
32670,2114819
32671,1861911
32672,1814138
32673,6181058
32674,4113907
32675,16999032
32676,1898250
32677,1944938
32678,2050441
32679,4544423
32680,3758697
32681,3810842
32682,3117591
32683,2616059
32684,3025747
32685,2379295
32686,3765676
32687,1989392
32688,3540326
32689,1957586
32690,2924049
32691,1911723
32692,2227232
32693,1857266
32694,4380375
32695,2359787
32696,1030495
32697,2221623
32698,1878964
32699,4914472
32700,3743036
32701,2602122
32702,4664236
32703,6630038
32704,2502102
32705,1886461
32706,1175948
32707,2009630
32708,2271806
32709,3758832
32710,1979352
32711,3192581
32712,3994661
32713,3166528
32714,1481346
32715,2441904
32716,5620106
32717,3780225
32718,3558769
32719,1546401
32720,3117636
32721,3052239
32722,3043377
32723,3368324
32724,6274600
32725,4443136
32726,2275763
32727,2650722
32728,2094875
32729,1787128
32730,1977451
32731,1641757
32732,2294246
32733,2750414
32734,2950154
32735,2761064
32736,2870835
32737,2406145
32738,1650418
32739,3337856
32740,2204156
32741,3212106
32742,3763461
32743,3405114
32744,4463270
32745,2754510
32746,2241219
32747,2032440
32748,2437964
32749,1084372
32750,2668308
32751,2288007
32752,1978352
32753,1910083
32754,2179515
32755,1280423
32756,3946510
32757,2806681
32758,1725699
32759,2995961
32760,1962349
32761,1964674
32762,1798165
32763,1934769
32764,2564391
32765,3903590
32766,5174140
32767,5873487
32768,2260005
32769,2034444
32770,1064434
32771,2121001
32772,2868919
32773,3778525
32774,4765312
32775,4262296
32776,4144517
32777,2870393
32778,4423304
32779,3643373
32780,3100426
32781,1681611
32782,3347548
32783,4143034
32784,3197317
32785,7891106
32786,3322869
32787,2710086
32788,5466174
32789,3850833
32790,3786900
32791,2478300
32792,2987431
32793,3308814
32794,2539696
32795,2004720
32796,4656187
32797,5480467
32798,3552946
32799,4680779
32800,2554000
32801,2393679
32802,1028025
32803,3176865
32804,2263684
32805,3235916
32806,2042345
32807,1698261
32808,4889859
32809,2020333
32810,2433841
32811,2559323
32812,2534992
32813,1357183
32814,9335958
32815,4640382
32816,5777851
32817,2177581
32818,2540651
32819,2396171
32820,2790492
32821,2359623
32822,2167896
32823,2015712
32824,2760990
32825,1543311
32826,1805426
32827,1555673
32828,1768374
32829,5100538
32830,4136534
32831,4005615
32832,8394116
32833,4396141
32834,1824551
32835,3546612
32836,2264298
32837,1984547
32838,1687424
32839,2077417
32840,6118791
32841,16901170
32842,3495906
32843,2003295
32844,2027610
32845,1643600
32846,12020061
32847,7023837
32848,2287334
32849,2621789
32850,7036439
32851,4971223
32852,4948566
32853,3821043
32854,6390533
32855,2837387
32856,1889747
32857,2643508
32858,5152747
32859,4168034
32860,3053240
32861,2464235
32862,4402089
32863,3000778
32864,2690400
32865,2530936
32866,2026592
32867,3954092
32868,4988241
32869,5377813
32870,5783660
32871,4834439
32872,3381566
32873,2595574
32874,5105988
32875,6200751
32876,6056128
32877,1441005
32878,3454474
32879,3366097
32880,3339266
32881,3060708
32882,3071074
32883,4809339
32884,3289705
32885,3003116
32886,3099651
32887,4192080
32888,2116735
32889,4911240
32890,3126987
32891,3489813
32892,5554120
32893,3807638
32894,4264994
32895,3742511
32896,3461455
32897,3637368
32898,4553940
32899,8771162
32900,3606571
32901,3811251
32902,4333242
32903,3422722
32904,5556192
32905,5003357
32906,3088211
32907,3069300
32908,3318163
32909,939514
32910,5295578
32911,5602710
32912,2803599
32913,2208183
32914,7042989
32915,2007302
32916,1920699
32917,3708093
32918,4636754
32919,3568745
32920,4203488
32921,1161808
32922,3955950
32923,2797284
32924,2372567
32925,6510898
32926,3394139
32927,5558088
32928,5479358
32929,5541848
32930,2835385
32931,3071583
32932,3848136
32933,2711330
32934,3721659
32935,2289644
32936,2309926
32937,1859501
32938,3129510
32939,5589186
32940,2871762
32941,3893781
32942,1519207
32943,3883302
32944,2097539
32945,2459120
32946,8189627
32947,5664041
32948,2355907
32949,2421339
32950,3086264
32951,4465101
32952,3508061
32953,3209953
32954,5354633
32955,4370084
32956,2403998
32957,3186390
32958,2997968
32959,5572255
32960,2541507
32961,2064489
32962,1914397
32963,1344516
32964,3038463
32965,1605499
32966,3204704
32967,2436186
32968,2177748
32969,2675255
32970,2449442
32971,4879428
32972,1959803
32973,1902636
32974,1001898
32975,2483636
32976,4784877
32977,2966615
32978,2866706
32979,3119484
32980,3663680
32981,4994347
32982,3340666
32983,2362929
32984,2932681
32985,3870900
32986,3259147
32987,4508909
32988,6802607
32989,4951358
32990,3831233
32991,6934998
32992,3323841
32993,3679464
32994,3779773
32995,1079513
32996,3908855
32997,5251301
32998,3211240
32999,3417092
33000,3343498
33001,7796886
33002,5044091
33003,3387736
33004,3567935
33005,2814371
33006,1641820
33007,2980723
33008,4704349
33009,17943405
33010,3813259
33011,3396723
33012,3801382
33013,5291616
33014,5296516
33015,3217931
33016,2447789
33017,4097000
33018,2689480
33019,3767004
33020,6298826
33021,2582987
33022,3778606
33023,2241408
33024,2156349
33025,4319021
33026,2853759
33027,3189818
33028,5403706
33029,4711479
33030,3461628
33031,1985492
33032,1604750
33033,3180781
33034,3202092
33035,4588449
33036,1846208
33037,1630550
33038,1562782
33039,1187772
33040,3046100
33041,1652271
33042,2574601
33043,3977430
33044,1219148
33045,1888846
33046,2476927
33047,3501923
33048,2279351
33049,2261364
33050,5441069
33051,2940983
33052,4656145
33053,1744783
33054,2339007
33055,2378707
33056,3040916
33057,6718727
33058,2171804
33059,1180209
33060,3925519
33061,3820332
33062,4739634
33063,5204633
33064,8182130
33065,4540201
33066,5926192
33067,4176454
33068,3162683
33069,1841011
33070,5710063
33071,3277788
33072,8674145
33073,3515649
33074,11088960
33075,5835541
33076,5736219
33077,6878388
33078,4290360
33079,3207605
33080,1678586
33081,20159356
33082,6523515
33083,3070497
33084,2365821
33085,1611221
33086,3892186
33087,1891440
33088,5585626
33089,4123572
33090,5624682
33091,1134288
33092,3958311
33093,3419070
33094,3258452
33095,3176851
33096,2511181
33097,3406173
33098,3155257
33099,8599856
33100,2356402
33101,3525337
33102,1455041
33103,1803840
33104,2415491
33105,2509126
33106,6415083
33107,4702948
33108,3298080
33109,5948839
33110,3710587
33111,2156885
33112,1061650
33113,2194689
33114,1930185
33115,1841556
33116,1897888
33117,2548420
33118,3898261
33119,1149883
33120,3176293
33121,2131842
33122,6502176
33123,2293808
33124,1339423
33125,2259726
33126,3749106
33127,1980362
33128,1992800
33129,2067620
33130,2083732
33131,3487596
33132,2459993
33133,1944236
33134,1682548
33135,1830853
33136,1415770
33137,2291684
33138,3001942
33139,5922242
33140,2588295
33141,1518691
33142,3215766
33143,3432874
33144,4187408
33145,2943114
33146,8414888
33147,4203651
33148,1949467
33149,5799687
33150,2801737
33151,2055742
33152,4993521
33153,5411890
33154,4268316
33155,1043294
33156,5740222
33157,7555411
33158,3746252
33159,3593024
33160,3281938
33161,2433463
33162,3427705
33163,2938919
33164,3428075
33165,5195631
33166,1439149
33167,3047985
33168,2347912
33169,2056995
33170,2536656
33171,4551530
33172,7311301
33173,2252512
33174,2766586
33175,1901319
33176,1829714
33177,3729481
33178,7058719
33179,3428311
33180,2977963
33181,2764459
33182,2796747
33183,3871385
33184,2718645
33185,2167686
33186,2649256
33187,1258530
33188,3364472
33189,2111350
33190,2455407
33191,3372324
33192,2429482
33193,1716252
33194,3435547
33195,2021850
33196,2184991
33197,2397039
33198,3808606
33199,4282833
33200,2251602
33201,3987646
33202,2655788
33203,3752876
33204,4198786
33205,2223788
33206,2380999
33207,1685415
33208,1516593
33209,2576390
33210,1732092
33211,3917376
33212,1787374
33213,1960230
33214,3020818
33215,2163842
33216,5220566
33217,6173568
33218,4656297
33219,3504597
33220,5587749
33221,5051849
33222,4466984
33223,3749711
33224,3863126
33225,2464984
33226,3033049
33227,5038163
33228,3751029
33229,1832272
33230,3992879
33231,4327509
33232,3943397
33233,4890650
33234,5232279
33235,3401770
33236,3702856
33237,5188769
33238,4081142
33239,4235582
33240,1310826
33241,3715447
33242,2435142
33243,3641903
33244,2983965
33245,1971054
33246,2804010
33247,4194460
33248,3521352
33249,4126277
33250,3288242
33251,3161301
33252,3700211
33253,3845640
33254,3433290
33255,5063739
33256,7997601
33257,3316141
33258,1089830
33259,3742653
33260,3118458
33261,5960605
33262,3774772
33263,6351404
33264,2646443
33265,1857685
33266,2085020
33267,1829828
33268,2462234
33269,2824686
33270,2367857
33271,2235811
33272,1197954
33273,3536653
33274,2827629
33275,2713350
33276,2265935
33277,2552336
33278,1860306
33279,2059817
33280,2744015
33281,2555582
33282,3057273
33283,3655024
33284,2325849
33285,4443370
33286,3254502
33287,3114992
33288,3320468
33289,2295886
33290,1946370
33291,2201138
33292,2877113
33293,1063929
33294,3385686
33295,2051632
33296,3124232
33297,2048602
33298,1985324
33299,2183940
33300,2080004
33301,9297683
33302,6078735
33303,6608604
33304,2510925
33305,3140924
33306,5322203
33307,2575138
33308,3783005
33309,3495331
33310,4622443
33311,3948313
33312,3494980
33313,3137469
33314,2286929
33315,16659611
33316,2738021
33317,6573063
33318,5083720
33319,1506291
33320,4608128
33321,3448805
33322,3261897
33323,2269126
33324,3347441
33325,2286870
33326,6296277
33327,3776858
33328,1803532
33329,2298967
33330,2241573
33331,2167311
33332,2273431
33333,3018534
33334,2324062
33335,4778299
33336,3819591
33337,2261623
33338,1934641
33339,3307846
33340,2076419
33341,2536868
33342,3161661
33343,3934947
33344,2701603
33345,3103050
33346,1362345
33347,2559240
33348,1722253
33349,2028355
33350,2309625
33351,2694053
33352,2618907
33353,3101768
33354,2715437
33355,3377801
33356,2516436
33357,2240326
33358,2411446
33359,4215650
33360,4285567
33361,4696844
33362,3283869
33363,3637170
33364,4050645
33365,5400781
33366,6140408
33367,2336763
33368,2182800
33369,4453525
33370,3569102
33371,1200287
33372,5585047
33373,10710675
33374,4060123
33375,4823597
33376,3913423
33377,5138281
33378,1886682
33379,4368797
33380,3719985
33381,4404645
33382,2338129
33383,2001269
33384,4231367
33385,3281917
33386,2081552
33387,2723577
33388,6964587
33389,1019175
33390,3707000
33391,4286283
33392,6304116
33393,3353243
33394,2349091
33395,2511289
33396,5649508
33397,5648769
33398,4824426
33399,2572743
33400,2284783
33401,3689454
33402,2832142
33403,2826724
33404,2205741
33405,1188920
33406,1550025
33407,4127802
33408,2880732
33409,2408398
33410,1194094
33411,2257482
33412,2248703
33413,2229468
33414,2776821
33415,2172203
33416,1534050
33417,2297255
33418,1627692
33419,2275522
33420,1554729
33421,2741070
33422,2372780
33423,1823034
33424,2332433
33425,1106596
33426,1200806
33427,2456423
33428,2368492
33429,2511862
33430,2400206
33431,2269730
33432,1350863
33433,1175028
33434,2305162
33435,2181787
33436,2286611
33437,2150384
33438,1597760
33439,1300236
33440,1655311
33441,2627784
33442,2233732
33443,2624929
33444,2909910
33445,1293570
33446,1691249
33447,3290910
33448,1391577
33449,2451117
33450,3075507
33451,2760275
33452,2720414
33453,2235377
33454,2308729
33455,2201660
33456,1127858
33457,2336230
33458,2199521
33459,1258326
33460,2251416
33461,2608412
33462,1742538
33463,1895527
33464,1693875
33465,2243136
33466,1605250
33467,2265239
33468,5229522
33469,2316757
33470,2285625
33471,2931686
33472,2455283
33473,2380245
33474,1273150
33475,2244814
33476,1238861
33477,1199754
33478,2262717
33479,2221246
33480,2856506
33481,3425595
33482,1237367
33483,1585522
33484,1182338
33485,1154098
33486,1457662
33487,1318646
33488,2250142
33489,2205310
33490,2591004
33491,1567957
33492,2445951
33493,2315932
33494,2218761
33495,2231480
33496,2194630
33497,2320900
33498,2197967
33499,1686058
33500,2330714
33501,2560703
33502,2195369
33503,1865739
33504,1259910
33505,1124973
33506,1078358
33507,2099570
33508,1491315
33509,1120708
33510,4259484
33511,1546092
33512,2385739
33513,2444759
33514,2478547
33515,1720008
33516,2403013
33517,2182821
33518,2271566
33519,2436504
33520,1176826
33521,2399839
33522,3725797
33523,1741576
33524,2369560
33525,2329915
33526,2370798
33527,2473560
33528,2471495
33529,2750341
33530,2344650
33531,2244561
33532,2198401
33533,2205794
33534,1752163
33535,2358111
33536,2254740
33537,3571154
33538,4282742
33539,2208135
33540,1639079
33541,1370793
33542,2547874
33543,2639835
33544,2488093
33545,2582649
33546,2673330
33547,3052867
33548,2534538
33549,2533867
33550,2844633
33551,2625346
33552,12677260
33553,2521410
33554,2616566
33555,2586392
33556,2383185
33557,2439487
33558,2448918
33559,1156483
33560,1583440
33561,2359424
33562,2458044
33563,2314581
33564,2507340
33565,2306071
33566,2344633
33567,2548450
33568,5073069
33569,2423518
33570,1297594
33571,2429033
33572,2452325
33573,1133274
33574,2359754
33575,1274257
33576,2447321
33577,2525596
33578,6059923
33579,1759035
33580,29854845
33581,2438917
33582,1233695
33583,1732834
33584,2323077
33585,2158202
33586,1400661
33587,1291824
33588,1479048
33589,1646586
33590,3066279
33591,2682934
33592,2808290
33593,2269971
33594,2340309
33595,2197803
33596,2231387
33597,2574450
33598,2684716
33599,4596536
33600,1292363
33601,2031669
33602,1216230
33603,2660194
33604,2538076
33605,1709482
33606,2342859
33607,2314599
33608,1532998
33609,2313893
33610,2423994
33611,2190585
33612,1266894
33613,1234221
33614,1783413
33615,2207804
33616,2327411
33617,2272733
33618,2547079
33619,2767705
33620,2308172
33621,1209460
33622,1143897
33623,2179154
33624,2879853
33625,2221916
33626,1652117
33627,1221681
33628,1142247
33629,2313884
33630,1782803
33631,2264973
33632,1553032
33633,1208377
33634,2361522
33635,2209639
33636,1134200
33637,2236287
33638,1352906
33639,2442578
33640,2320226
33641,2323147
33642,1585279
33643,1615459
33644,2316602
33645,2222783
33646,1194195
33647,2608758
33648,2060173
33649,2196003
33650,1687326
33651,2604430
33652,1794781
33653,2383922
33654,2712744
33655,2410320
33656,1408473
33657,1826828
33658,2458825
33659,2769365
33660,2502119
33661,1310937
33662,2391221
33663,2406082
33664,1628005
33665,1397203
33666,2279069
33667,2306761
33668,2261166
33669,2264043
33670,2825167
33671,3686403
33672,2505383
33673,1519808
33674,5697059
33675,3673874
33676,1596322
33677,2246265
33678,2359560
33679,2150733
33680,2264542
33681,1362127
33682,2381605
33683,2304180
33684,2509196
33685,1155618
33686,2213922
33687,1136216
33688,1786283
33689,2192139
33690,2256300
33691,2116446
33692,2457448
33693,3461393
33694,2383242
33695,1233849
33696,1507296
33697,2267467
33698,1567011
33699,2116560
33700,2228017
33701,2499375
33702,2610530
33703,2163811
33704,4880857
33705,2281552
33706,1555678
33707,1712278
33708,1536465
33709,1291291
33710,1133101
33711,2217419
33712,2365383
33713,14232697
33714,2420311
33715,2009708
33716,2632240
33717,2642801
33718,2338326
33719,2308533
33720,1599690
33721,2348050
33722,2299446
33723,1315968
33724,5248777
33725,1130056
33726,1345377
33727,1377659
33728,1297769
33729,2317349
33730,2228329
33731,2312550
33732,2337959
33733,2187151
33734,5026335
33735,7517425
33736,1201276
33737,1183665
33738,3563640
33739,2275307
33740,1592935
33741,1289941
33742,1623495
33743,2398325
33744,1951180
33745,2446784
33746,1618209
33747,1327174
33748,5060324
33749,2261382
33750,1098396
33751,5389487
33752,2666991
33753,2925888
33754,2373639
33755,1635638
33756,2396707
33757,2545229
33758,1506433
33759,2157168
33760,2487246
33761,1159997
33762,3326977
33763,5742026
33764,5094559
33765,2064651
33766,1483102
33767,2350220
33768,3336581
33769,1095891
33770,3924151
33771,2658085
33772,3254467
33773,3328909
33774,5009765
33775,5168823
33776,2966538
33777,1844045
33778,4417049
33779,3654674
33780,1789657
33781,2480554
33782,4451510
33783,3366979
33784,3641848
33785,6260162
33786,5169500
33787,3743375
33788,2778834
33789,5892000
33790,1892256
33791,2533184
33792,4757935
33793,2581663
33794,3356154
33795,4566578
33796,3058700
33797,4231516
33798,2737611
33799,4248957
33800,3105024
33801,1498879
33802,5481283
33803,3052698
33804,1525966
33805,6042002
33806,5368484
33807,1358650
33808,2576622
33809,3366994
33810,3872758
33811,2752765
33812,1321210
33813,5137652
33814,5673426
33815,2091715
33816,2599547
33817,1899715
33818,2321853
33819,9907886
33820,3200160
33821,3804278
33822,2696068
33823,3226652
33824,6940082
33825,2351899
33826,1817439
33827,4776793
33828,4229123
33829,3739346
33830,4364077
33831,2312223
33832,3625312
33833,1067971
33834,3592420
33835,6947094
33836,1967855
33837,4143906
33838,2602477
33839,4435954
33840,5559258
33841,2073950
33842,1536415
33843,1976130
33844,2709311
33845,1831414
33846,1818046
33847,2242101
33848,1931171
33849,2458884
33850,2261696
33851,13367811
33852,4741847
33853,5180469
33854,2162084
33855,4042414
33856,3159550
33857,3815978
33858,3057729
33859,3348981
33860,5438572
33861,7118161
33862,3641233
33863,3993599
33864,5839399
33865,2433072
33866,2608330
33867,3778589
33868,8054722
33869,3937200
33870,5936945
33871,5754933
33872,5463358
33873,4743786
33874,3578329
33875,3227584
33876,1033318
33877,3797020
33878,8193670
33879,5257873
33880,5993003
33881,4587756
33882,5801953
33883,2197858
33884,1959532
33885,3028955
33886,1826985
33887,1485965
33888,1824002
33889,1917707
33890,2137371
33891,3153926
33892,4425982
33893,2481869
33894,4513161
33895,5224601
33896,4070339
33897,2098180
33898,3866423
33899,2622094
33900,2438534
33901,4447730
33902,5957217
33903,4419321
33904,5004977
33905,2293886
33906,9982848
33907,2265309
33908,1533254
33909,2103988
33910,1596652
33911,1360710
33912,1513983
33913,4682465
33914,3881180
33915,5206061
33916,2357914
33917,3947343
33918,3519579
33919,2146583
33920,4026975
33921,4231201
33922,2022647
33923,2712210
33924,2534738
33925,14674598
33926,4187262
33927,4033054
33928,1157008
33929,2227501
33930,2236417
33931,5270898
33932,2443708
33933,10164973
33934,2581903
33935,3630481
33936,1991493
33937,3775575
33938,1837014
33939,1972881
33940,1595582
33941,2579302
33942,1774332
33943,1960623
33944,1633603
33945,7000116
33946,19042930
33947,8508253
33948,5745326
33949,3221943
33950,991037
33951,6123107
33952,2486953
33953,1741310
33954,13371493
33955,1866347
33956,1772885
33957,2278516
33958,2006114
33959,1890447
33960,2367641
33961,1540739
33962,4123397
33963,4369294
33964,8996084
33965,2699576
33966,2477850
33967,20215526
33968,3379365
33969,4368208
33970,2110867
33971,3585331
33972,1760356
33973,4530205
33974,1668641
33975,5449404
33976,3486130
33977,2351927
33978,5752675
33979,3380099
33980,3527629
33981,3762911
33982,2824336
33983,1933130
33984,1961926
33985,1629470
33986,1887144
33987,1755768
33988,3026547
33989,4133051
33990,3861903
33991,7607367
33992,3812174
33993,2194900
33994,4028778
33995,1917628
33996,2822987
33997,1990211
33998,3590642
33999,4966614
34000,4041638
34001,1889100
34002,1756008
34003,4229384
34004,1338796
34005,1952928
34006,2298416
34007,1712130
34008,3591278
34009,8493276
34010,3261984
34011,3455480
34012,1866749
34013,2538043
34014,2099092
34015,1998028
34016,1781434
34017,2084940
34018,3707728
34019,2475898
34020,3867034
34021,5908430
34022,3784845
34023,4777170
34024,3661308
34025,2880675
34026,4783264
34027,3805947
34028,3771243
34029,4057077
34030,8402044
34031,3398140
34032,4356363
34033,4427627
34034,5766668
34035,3716407
34036,1518403
34037,4993116
34038,4223804
34039,4657098
34040,4579739
34041,5554465
34042,2592065
34043,3520741
34044,3901821
34045,1485789
34046,3107138
34047,3203686
34048,2519645
34049,3755176
34050,4190854
34051,16574264
34052,2914357
34053,6161616
34054,3810672
34055,4136905
34056,6320180
34057,2174798
34058,4726047
34059,4444601
34060,5521363
34061,2208464
34062,2017398
34063,1867662
34064,2949251
34065,2104791
34066,1888043
34067,9460188
34068,1543503
34069,3434152
34070,3308972
34071,3040340
34072,13100678
34073,3321987
34074,7157399
34075,4193972
34076,5859230
34077,4233584
34078,2665873
34079,4184479
34080,4742893
34081,2298652
34082,1877371
34083,4214303
34084,2907260
34085,2068709
34086,2109897
34087,2412937
34088,7793322
34089,1147698
34090,2104181
34091,2028303
34092,2018601
34093,6559873
34094,2077862
34095,3504224
34096,2224914
34097,1973861
34098,1790866
34099,1808962
34100,3592355
34101,8335182
34102,6598311
34103,3483321
34104,2123006
34105,1940255
34106,3822976
34107,1819920
34108,3326091
34109,2163509
34110,1178963
34111,2098433
34112,2289977
34113,1883913
34114,2324410
34115,2026216
34116,5388023
34117,4364267
34118,3830214
34119,3692497
34120,11434766
34121,4459876
34122,8250691
34123,5458756
34124,3483535
34125,3802884
34126,3771543
34127,3975204
34128,2913764
34129,5653445
34130,1563331
34131,2207412
34132,1150574
34133,1138110
34134,2480458
34135,4147919
34136,4824952
34137,7352068
34138,2819679
34139,3666166
34140,3983343
34141,3664704
34142,1640913
34143,6999892
34144,3553831
34145,2200505
34146,2036876
34147,1867505
34148,1695840
34149,1986196
34150,1996492
34151,2090805
34152,1973524
34153,2146857
34154,2648590
34155,2393172
34156,2118974
34157,4649105
34158,5387167
34159,2012720
34160,2284007
34161,2537419
34162,3735377
34163,2193472
34164,3127336
34165,2209867
34166,2368496
34167,2323663
34168,2604390
34169,3951879
34170,3437632
34171,2828008
34172,3289666
34173,10693819
34174,1285265
34175,3051723
34176,2658988
34177,3836367
34178,3338722
34179,4519663
34180,4695325
34181,5169511
34182,2713512
34183,2548881
34184,2457432
34185,2710956
34186,2992540
34187,1926787
34188,1840016
34189,2019202
34190,2300128
34191,3398336
34192,2167123
34193,2216930
34194,3462023
34195,2008177
34196,3143994
34197,3493066
34198,3607909
34199,3126948
34200,6949473
34201,3765136
34202,6063955
34203,2172898
34204,3446469
34205,1771836
34206,2756932
34207,2991857
34208,2950963
34209,3540737
34210,3377133
34211,3391884
34212,4027069
34213,3616894
34214,3985795
34215,2716861
34216,5455183
34217,2112743
34218,5461516
34219,5491255
34220,2726230
34221,4114813
34222,2454327
34223,5451261
34224,5636171
34225,4620963
34226,4701960
34227,2690906
34228,4626579
34229,3068520
34230,2632145
34231,2185514
34232,1197379
34233,4816430
34234,3698093
34235,2684997
34236,1614566
34237,5996719
34238,2184132
34239,3703050
34240,5236924
34241,6191936
34242,7225799
34243,5375247
34244,2251230
34245,5616354
34246,4237011
34247,5518939
34248,5645259
34249,1280849
34250,2483141
34251,3697017
34252,4241815
34253,2746458
34254,3498664
34255,3715267
34256,7713589
34257,3586591
34258,3153998
34259,3764913
34260,1484413
34261,6462830
34262,5263827
34263,3703632
34264,5124362
34265,3200922
34266,5009151
34267,1739228
34268,5960598
34269,4152420
34270,2000283
34271,2566786
34272,2350615
34273,1654126
34274,3557912
34275,5070109
34276,3571969
34277,3283956
34278,3346886
34279,2873175
34280,5702936
34281,2154771
34282,6434480
34283,4506705
34284,2503430
34285,1825697
34286,5872826
34287,2606859
34288,2780985
34289,3800588
34290,5748789
34291,3907211
34292,2629323
34293,2148121
34294,2580200
34295,2957322
34296,2449923
34297,2275039
34298,5680427
34299,4445664
34300,14729176
34301,2550345
34302,1908153
34303,2300934
34304,2875001
34305,2662079
34306,2514134
34307,2723890
34308,2235189
34309,2489221
34310,3793468
34311,3555505
34312,4275642
34313,973668
34314,3715012
34315,6102599
34316,7265637
34317,5035851
34318,5053031
34319,4922657
34320,5401195
34321,3748577
34322,5949900
34323,4743746
34324,2151637
34325,4677735
34326,7289244
34327,3805266
34328,4103928
34329,5467420
34330,2507252
34331,1163209
34332,4158856
34333,2508391
34334,1680606
34335,2279039
34336,4576894
34337,1888794
34338,2086310
34339,1921492
34340,2099142
34341,3992829
34342,3954692
34343,2192692
34344,4305833
34345,1133891
34346,3833945
34347,2726418
34348,2275113
34349,5087971
34350,3716134
34351,3703507
34352,2963067
34353,4472913
34354,4763456
34355,4242172
34356,2408638
34357,3488688
34358,4221872
34359,2356161
34360,2387042
34361,3985194
34362,3996377
34363,2449472
34364,2768463
34365,2038358
34366,1769274
34367,3316241
34368,3496287
34369,4420000
34370,6139401
34371,3968659
34372,3968775
34373,2351963
34374,6230230
34375,11711695
34376,3213426
34377,2280364
34378,1974458
34379,3428137
34380,2108393
34381,5536294
34382,4179579
34383,3544845
34384,1927917
34385,1916199
34386,2094296
34387,2004812
34388,2469724
34389,2034455
34390,3363381
34391,4550813
34392,9551160
34393,8988741
34394,7498740
34395,5170867
34396,9713516
34397,3412997
34398,5116052
34399,7159901
34400,3260123
34401,2305704
34402,5400777
34403,2723465
34404,3238392
34405,2787286
34406,4461032
34407,5897009
34408,3415728
34409,1115128
34410,4641781
34411,3162599
34412,2644265
34413,1912337
34414,3074697
34415,2486564
34416,3955347
34417,2560444
34418,2246488
34419,3256852
34420,1093120
34421,3003763
34422,1907678
34423,3377011
34424,2878246
34425,4795439
34426,3153609
34427,1854572
34428,4129985
34429,1736782
34430,1412963
34431,7448749
34432,3488244
34433,7734824
34434,3597719
34435,2767573
34436,1970454
34437,4771552
34438,3669248
34439,2719947
34440,2190316
34441,1670713
34442,3506952
34443,2155538
34444,2597781
34445,1642853
34446,2185956
34447,1743662
34448,5034040
34449,3992137
34450,3020020
34451,3166262
34452,2599813
34453,5039798
34454,5373266
34455,3807591
34456,3137637
34457,3353212
34458,5357972
34459,3479826
34460,2251947
34461,5851275
34462,3522837
34463,1073207
34464,3674919
34465,2765749
34466,2796584
34467,3476671
34468,3201658
34469,3517826
34470,2674330
34471,2063590
34472,7860986
34473,2709321
34474,2206253
34475,3191820
34476,3843778
34477,4977984
34478,3018603
34479,9907267
34480,5564560
34481,5396378
34482,2161316
34483,2033521
34484,2684898
34485,4548271
34486,1704548
34487,4979347
34488,5258904
34489,5483336
34490,4758047
34491,3521018
34492,2251591
34493,1956236
34494,1468813
34495,2641415
34496,1481196
34497,2098726
34498,2101458
34499,2010424
34500,2458676
34501,2635754
34502,1583146
34503,4901725
34504,3226945
34505,2018439
34506,1253142
34507,2153633
34508,1481786
34509,2188584
34510,1642292
34511,2187812
34512,2110439
34513,1952163
34514,1596011
34515,2129753
34516,2032491
34517,2099401
34518,1998520
34519,1837062
34520,1977396
34521,2269993
34522,2259339
34523,2040271
34524,1493545
34525,2236317
34526,2125459
34527,5778106
34528,1961108
34529,2074563
34530,1937458
34531,1055264
34532,3038221
34533,3173449
34534,8519184
34535,1519367
34536,2211079
34537,1123913
34538,2130808
34539,2515814
34540,1332892
34541,1417343
34542,2178992
34543,2136755
34544,1519845
34545,2165887
34546,2145274
34547,2530628
34548,2130338
34549,2086814
34550,1685018
34551,1138011
34552,2117002
34553,2133208
34554,2078546
34555,2367378
34556,1569883
34557,1209098
34558,2225755
34559,2121937
34560,1516558
34561,2202924
34562,2217852
34563,1384637
34564,1830807
34565,2115381
34566,1070050
34567,2117260
34568,1993451
34569,2007421
34570,2347002
34571,2048195
34572,1494859
34573,7172505
34574,2200808
34575,2034320
34576,2054003
34577,2102468
34578,5000764
34579,2015786
34580,2091556
34581,2342188
34582,1717437
34583,2114574
34584,5683634
34585,2471040
34586,2305732
34587,9819067
34588,5660646
34589,4541685
34590,2409847
34591,5308199
34592,3627201
34593,3192870
34594,3617672
34595,1552233
34596,1802844
34597,1889424
34598,1741998
34599,3234323
34600,5518137
34601,1300516
34602,6141749
34603,4786040
34604,4790234
34605,4617173
34606,2430412
34607,2124116
34608,1972267
34609,2433195
34610,1884957
34611,3348645
34612,6916637
34613,4021178
34614,5134906
34615,3436405
34616,3547803
34617,2680488
34618,1711512
34619,3396808
34620,3033499
34621,3221927
34622,2830122
34623,1746853
34624,2784153
34625,2214536
34626,10720979
34627,3555796
34628,2323929
34629,1674089
34630,2946703
34631,2306269
34632,2558887
34633,5480953
34634,1059796
34635,2556143
34636,8878171
34637,4596959
34638,4097111
34639,3077222
34640,2139613
34641,2982855
34642,3916840
34643,2209175
34644,2113733
34645,1362745
34646,4240136
34647,3962838
34648,5427958
34649,1407212
34650,3432298
34651,1589665
34652,4071659
34653,3189579
34654,3847224
34655,2154273
34656,2621012
34657,1736455
34658,3119945
34659,1656273
34660,1945978
34661,5684863
34662,2300449
34663,2707308
34664,4127166
34665,2934048
34666,1102832
34667,2817509
34668,4926667
34669,4564367
34670,1940224
34671,2931773
34672,4565956
34673,5924024
34674,3807971
34675,3499667
34676,3601770
34677,1057290
34678,4027618
34679,3493852
34680,6775843
34681,2219896
34682,4752271
34683,2134905
34684,3160575
34685,5324841
34686,5595408
34687,2582545
34688,2422807
34689,4093008
34690,3387398
34691,4229160
34692,13329598
34693,2193062
34694,2408474
34695,2222413
34696,1860697
34697,1845439
34698,1152306
34699,5208768
34700,2726759
34701,2062839
34702,4885378
34703,4767715
34704,2010298
34705,2048951
34706,1968855
34707,1905247
34708,1680615
34709,2123407
34710,18974133
34711,2625070
34712,5866389
34713,1840144
34714,2626487
34715,4075683
34716,3448506
34717,2475810
34718,3094785
34719,1388906
34720,3025177
34721,9030193
34722,4385472
34723,3703823
34724,4776919
34725,4753620
34726,2034213
34727,1077730
34728,3190541
34729,4880429
34730,6555332
34731,4983157
34732,3367498
34733,3045806
34734,2308162
34735,2250106
34736,6748410
34737,3944124
34738,4916931
34739,2077380
34740,3085139
34741,3580075
34742,2949948
34743,2436359
34744,2992777
34745,2088914
34746,2467177
34747,2104069
34748,3032596
34749,1610901
34750,2452180
34751,2115290
34752,1626124
34753,3525125
34754,3241587
34755,5440204
34756,5375925
34757,7431784
34758,5350215
34759,4780389
34760,2020954
34761,1770244
34762,3273484
34763,1484100
34764,2268881
34765,2979729
34766,4525653
34767,1970573
34768,4661795
34769,1746852
34770,2516389
34771,2812072
34772,4430265
34773,5154793
34774,5221476
34775,4386372
34776,17186210
34777,3796885
34778,2068665
34779,1465264
34780,1487079
34781,1182285
34782,1167334
34783,2155661
34784,2930028
34785,2282265
34786,2762323
34787,3824462
34788,1169362
34789,1067023
34790,1540633
34791,2621804
34792,2343792
34793,2098294
34794,2947501
34795,1525066
34796,1589229
34797,2694484
34798,2444543
34799,2234502
34800,2228771
34801,2406655
34802,2360229
34803,1667494
34804,2262018
34805,2308495
34806,2706259
34807,1176265
34808,1261563
34809,1489434
34810,1110929
34811,1699529
34812,3482083
34813,8258869
34814,4212611
34815,4779579
34816,1721099
34817,4360793
34818,2434937
34819,2433666
34820,2285370
34821,4072908
34822,3853600
34823,3373297
34824,2825267
34825,2579487
34826,1067322
34827,4011602
34828,2817156
34829,2368488
34830,6488024
34831,3747766
34832,3933055
34833,4243045
34834,2365296
34835,3595213
34836,2887129
34837,2040950
34838,3580276
34839,3721074
34840,3562335
34841,4559673
34842,4080330
34843,6156063
34844,4862856
34845,2984564
34846,3158792
34847,13872436
34848,3224689
34849,2346793
34850,1779042
34851,2524281
34852,2538685
34853,3485386
34854,3238516
34855,2539086
34856,3298412
34857,9913886
34858,3185697
34859,4111222
34860,2643864
34861,2402734
34862,2457426
34863,2121165
34864,2518644
34865,3471864
34866,2194321
34867,2163727
34868,1746964
34869,1118626
34870,6804997
34871,2509220
34872,2967660
34873,4029462
34874,3768823
34875,8723560
34876,3051325
34877,3421187
34878,4800277
34879,2654366
34880,2071001
34881,2176446
34882,1987618
34883,2391009
34884,5087506
34885,2267186
34886,3780736
34887,3988052
34888,1162392
34889,2740029
34890,1394200
34891,2680014
34892,2248737
34893,2331926
34894,2482943
34895,2788447
34896,2513597
34897,2552514
34898,2444299
34899,12498169
34900,2665193
34901,4518146
34902,4843815
34903,4556189
34904,2625796
34905,1811113
34906,2054810
34907,2480036
34908,6448436
34909,1574337
34910,1617623
34911,1039003
34912,10954167
34913,3960478
34914,4318870
34915,3191576
34916,3867261
34917,2311449
34918,1858236
34919,1085230
34920,8002834
34921,4382041
34922,2105319
34923,4980373
34924,1955750
34925,2741289
34926,4044156
34927,4553522
34928,3837697
34929,6103673
34930,2773869
34931,1927820
34932,2261522
34933,1641513
34934,2885424
34935,4293780
34936,3417528
34937,6062740
34938,5277303
34939,3796661
34940,3596499
34941,2049095
34942,1732621
34943,1070107
34944,2439959
34945,2792024
34946,3430689
34947,2892137
34948,3040700
34949,2707812
34950,3282240
34951,2401218
34952,2152981
34953,2371532
34954,1512060
34955,2667472
34956,3414297
34957,2675711
34958,4804707
34959,3653640
34960,3865001
34961,2017220
34962,3660137
34963,5740633
34964,4731984
34965,4380935
34966,5543977
34967,5173525
34968,3096428
34969,4506391
34970,4742573
34971,3863308
34972,2696538
34973,4960597
34974,1790623
34975,1208898
34976,3287487
34977,1708478
34978,2195322
34979,1841383
34980,2960133
34981,2651703
34982,2196238
34983,3351236
34984,2366928
34985,2634176
34986,2251790
34987,2025089
34988,2128317
34989,2063495
34990,2115437
34991,2596576
34992,2110592
34993,2105697
34994,1218516
34995,1073518
34996,2416106
34997,4622433
34998,4258624
34999,3422131
35000,2872127
35001,2741111
35002,2926606
35003,5108186
35004,5401714
35005,4520398
35006,3946919
35007,1969734
35008,2594542
35009,5358728
35010,4953510
35011,5307765
35012,5101895
35013,2072573
35014,1341542
35015,4681899
35016,4767589
35017,4808320
35018,1085997
35019,3026548
35020,6736696
35021,3834478
35022,9016231
35023,4951658
35024,4222441
35025,4987888
35026,2288169
35027,2330096
35028,1534105
35029,3339039
35030,2615890
35031,3209084
35032,2892855
35033,2052820
35034,2319477
35035,2235474
35036,2352732
35037,2199358
35038,3417168
35039,1417026
35040,3769755
35041,3417214
35042,3448579
35043,3687394
35044,3415202
35045,3612871
35046,10188934
35047,3502510
35048,2487547
35049,1081900
35050,1650795
35051,1441013
35052,976649
35053,2109112
35054,1698559
35055,2125088
35056,3620562
35057,2081671
35058,2549212
35059,2201811
35060,2240337
35061,2467231
35062,1276141
35063,1279545
35064,1521183
35065,2283206
35066,5069444
35067,3862760
35068,1163241
35069,1068295
35070,1380573
35071,2281874
35072,2233176
35073,2254110
35074,2243363
35075,6171069
35076,1296366
35077,2317581
35078,1638455
35079,2274613
35080,2492268
35081,1819057
35082,2652688
35083,2780404
35084,1252476
35085,1237190
35086,2282801
35087,2315100
35088,2874238
35089,2320920
35090,1994059
35091,2797935
35092,1233523
35093,1209000
35094,1340363
35095,2188079
35096,2185055
35097,2115932
35098,2148411
35099,1064823
35100,1015116
35101,1734270
35102,4165208
35103,8274582
35104,2291100
35105,2238791
35106,2283008
35107,2667041
35108,2403396
35109,1403695
35110,2303183
35111,2418848
35112,1840515
35113,3615401
35114,2282859
35115,2223493
35116,3332089
35117,2238504
35118,2249290
35119,2194058
35120,2339087
35121,1223171
35122,1622973
35123,2257218
35124,2322164
35125,2208427
35126,2249706
35127,2313525
35128,12965460
35129,2431993
35130,2511333
35131,2402430
35132,2442088
35133,2587308
35134,2167259
35135,1076354
35136,2364551
35137,2345397
35138,2464833
35139,2270506
35140,1658409
35141,2381113
35142,2286791
35143,1146554
35144,3473943
35145,2286431
35146,2346821
35147,1412714
35148,1513367
35149,2441085
35150,2385972
35151,1473042
35152,3703156
35153,2206568
35154,2103071
35155,2012092
35156,2138333
35157,1890063
35158,1028414
35159,1292428
35160,4427512
35161,1173305
35162,2532436
35163,1691865
35164,1488299
35165,1135222
35166,1139520
35167,2176240
35168,1067102
35169,2775892
35170,2717178
35171,2669453
35172,1767377
35173,1535367
35174,2308616
35175,2693746
35176,2691020
35177,2792859
35178,2244762
35179,2177801
35180,2251466
35181,1612225
35182,2371873
35183,2338040
35184,2486231
35185,1847864
35186,2283931
35187,2463045
35188,1607489
35189,2127137
35190,2386437
35191,2648306
35192,1952361
35193,2351329
35194,2358287
35195,1300618
35196,2238295
35197,2192610
35198,2545615
35199,1189581
35200,1534255
35201,2446297
35202,2430552
35203,2170822
35204,1175469
35205,2498614
35206,2519930
35207,2202259
35208,1161225
35209,1238421
35210,5204319
35211,3212704
35212,2815903
35213,3376271
35214,4133252
35215,2171520
35216,2101698
35217,2430565
35218,1183950
35219,2654504
35220,2433516
35221,2459025
35222,1331122
35223,2384100
35224,1576781
35225,2291898
35226,2294918
35227,1263720
35228,2205616
35229,2571375
35230,1161067
35231,1209512
35232,2639551
35233,3819026
35234,6053423
35235,6823771
35236,3657655
35237,1172747
35238,3677595
35239,2283285
35240,1594372
35241,1224378
35242,1468370
35243,3749890
35244,7980944
35245,2005251
35246,5119945
35247,4294932
35248,4885288
35249,3391050
35250,8515797
35251,6971410
35252,2146823
35253,1231584
35254,4271672
35255,2108696
35256,6213272
35257,3525774
35258,2555135
35259,2585285
35260,2670967
35261,3316938
35262,2787703
35263,2051294
35264,2709021
35265,2504272
35266,1888526
35267,2449549
35268,2327506
35269,3937190
35270,2241231
35271,6862267
35272,2934485
35273,3882628
35274,1256337
35275,7267502
35276,2435342
35277,17551422
35278,3276076
35279,3856330
35280,4046507
35281,1179651
35282,4411322
35283,5543434
35284,5743709
35285,2552002
35286,2730505
35287,2237540
35288,1369028
35289,3254899
35290,2391376
35291,3198697
35292,2474865
35293,3395288
35294,2287477
35295,1220601
35296,3401699
35297,3908032
35298,17164171
35299,4773160
35300,4154290
35301,4291008
35302,3272306
35303,2144084
35304,2547993
35305,2171763
35306,1297270
35307,1177255
35308,1829739
35309,3297754
35310,2960041
35311,10243557
35312,5541227
35313,5102405
35314,6092423
35315,2487347
35316,2131487
35317,3249284
35318,1434747
35319,11416084
35320,1192730
35321,4847382
35322,3805481
35323,4443338
35324,4035175
35325,4560152
35326,5388155
35327,2161298
35328,2325751
35329,5745724
35330,6027003
35331,7857638
35332,3293807
35333,3392332
35334,4916735
35335,4058581
35336,5322594
35337,4800724
35338,2882254
35339,1106231
35340,10815034
35341,4641227
35342,2926272
35343,3286305
35344,2511254
35345,3603184
35346,1700227
35347,1676681
35348,1895557
35349,1037592
35350,2181198
35351,1978913
35352,11737338
35353,2898719
35354,3770765
35355,2719538
35356,3976910
35357,2502813
35358,1157485
35359,3218048
35360,2337506
35361,10471936
35362,3013351
35363,2881384
35364,1995209
35365,16240241
35366,2146566
35367,2063651
35368,2151868
35369,1479500
35370,3150513
35371,2277494
35372,2040250
35373,1852922
35374,3021092
35375,2598551
35376,3288543
35377,4133180
35378,4867094
35379,2572721
35380,1512837
35381,2081021
35382,4939094
35383,1306257
35384,1171732
35385,1062571
35386,1086856
35387,2320381
35388,2160046
35389,2045077
35390,2037727
35391,2077633
35392,1592417
35393,1244645
35394,1209657
35395,1950123
35396,1064014
35397,1057546
35398,1224991
35399,1048018
35400,1030832
35401,1015697
35402,1130679
35403,3357788
35404,2514700
35405,1059711
35406,1200712
35407,3072002
35408,1063382
35409,1146115
35410,1082611
35411,2204629
35412,1780188
35413,2888177
35414,2584927
35415,1342318
35416,1065522
35417,1085597
35418,3029187
35419,4073802
35420,6503249
35421,4836554
35422,2753130
35423,1502674
35424,9096441
35425,2796873
35426,2379775
35427,10057812
35428,5070269
35429,6243806
35430,4022589
35431,1112107
35432,2818557
35433,2168574
35434,1559561
35435,6243827
35436,2240590
35437,3161533
35438,2137962
35439,2421729
35440,1148883
35441,2109509
35442,4431250
35443,2548862
35444,3240023
35445,3416556
35446,8150376
35447,5020714
35448,4337626
35449,3138292
35450,2436632
35451,3271375
35452,3237404
35453,5409073
35454,5951993
35455,1348450
35456,5744891
35457,3886718
35458,3580637
35459,2850337
35460,3345353
35461,1353212
35462,2978393
35463,2172822
35464,2615341
35465,2878831
35466,2058755
35467,2562326
35468,5713491
35469,1990118
35470,2459952
35471,2130429
35472,3065900
35473,2964685
35474,7357398
35475,6002933
35476,3856523
35477,1042074
35478,3840510
35479,3221000
35480,3227264
35481,2201086
35482,4261293
35483,5086448
35484,6010782
35485,2739254
35486,2835198
35487,3420144
35488,3566981
35489,3153095
35490,5721085
35491,4588800
35492,7777970
35493,4851524
35494,6433743
35495,5087957
35496,6014222
35497,3918438
35498,1539460
35499,2668791
35500,13827467
35501,5861173
35502,2390995
35503,3726058
35504,3248818
35505,2241117
35506,3701927
35507,3733097
35508,3327428
35509,1443031
35510,1107146
35511,3844950
35512,6417882
35513,3272285
35514,3937001
35515,3196004
35516,3483878
35517,6904948
35518,3735508
35519,2725911
35520,3071343
35521,8757365
35522,3761216
35523,3315411
35524,4460453
35525,2628077
35526,3410453
35527,2747172
35528,1958001
35529,1199745
35530,1464021
35531,2172043
35532,1789577
35533,7228640
35534,5356885
35535,2243619
35536,3526883
35537,3750346
35538,3845944
35539,5637547
35540,2235410
35541,2370508
35542,6559860
35543,6598595
35544,2832273
35545,2214938
35546,5711252
35547,2276165
35548,2068200
35549,2180607
35550,12870857
35551,3168135
35552,1766174
35553,1887376
35554,2939256
35555,2940744
35556,3004487
35557,3419429
35558,2987180
35559,3913639
35560,3539544
35561,5862083
35562,2161943
35563,4488478
35564,2117205
35565,1815783
35566,2883209
35567,4715970
35568,12690004
35569,1757457
35570,1914423
35571,2296998
35572,2061012
35573,1060183
35574,5730925
35575,5175434
35576,4398265
35577,4021790
35578,5894591
35579,2984074
35580,2489893
35581,3112928
35582,2699352
35583,1843173
35584,2555127
35585,4901408
35586,4654253
35587,2360192
35588,3760377
35589,3187702
35590,2628592
35591,2468755
35592,1413722
35593,3666128
35594,2251036
35595,1043671
35596,4010070
35597,2534533
35598,3465212
35599,3173535
35600,2732468
35601,4779563
35602,2381341
35603,2392411
35604,2459803
35605,7773070
35606,1706283
35607,2449172
35608,2146407
35609,3718467
35610,7433972
35611,4983763
35612,5486808
35613,4886542
35614,2436801
35615,2659618
35616,5188147
35617,4503635
35618,3988861
35619,2977979
35620,4032964
35621,3790143
35622,3861754
35623,4490756
35624,8272858
35625,4119628
35626,5852232
35627,1359062
35628,3431384
35629,3562156
35630,2150632
35631,1953422
35632,4184119
35633,2855062
35634,3989932
35635,3238621
35636,3051164
35637,1832361
35638,19891525
35639,2312641
35640,3674633
35641,5253311
35642,3545680
35643,2100834
35644,2117739
35645,3231686
35646,1864152
35647,5728653
35648,2086372
35649,3420896
35650,3293715
35651,1682449
35652,3377481
35653,5395086
35654,3854266
35655,4616920
35656,2064400
35657,2210244
35658,2230034
35659,1042205
35660,2467109
35661,7403770
35662,5893110
35663,3899068
35664,4315792
35665,3280677
35666,2264198
35667,2262822
35668,3289906
35669,4860535
35670,2576434
35671,2827666
35672,3002541
35673,2227587
35674,3592040
35675,1123866
35676,2456230
35677,4654284
35678,3285184
35679,1851867
35680,996360
35681,3478440
35682,3669575
35683,4036780
35684,3987443
35685,7891796
35686,2494985
35687,6139915
35688,2442779
35689,6333179
35690,2177610
35691,1963203
35692,2512504
35693,1923306
35694,13462735
35695,3017200
35696,2508093
35697,2081342
35698,1405104
35699,3657170
35700,3399439
35701,1313571
35702,2955713
35703,3785209
35704,3979378
35705,3906755
35706,4150857
35707,3190137
35708,2446267
35709,5663008
35710,5259195
35711,4851034
35712,999996
35713,1939153
35714,2574420
35715,2171623
35716,1861265
35717,2024805
35718,2403217
35719,1267117
35720,17726372
35721,1893361
35722,2168075
35723,2738051
35724,2618957
35725,5668493
35726,3885690
35727,4609682
35728,3186318
35729,2518719
35730,3567102
35731,3368618
35732,3384138
35733,1869095
35734,2343560
35735,1860511
35736,3832818
35737,8671871
35738,5045035
35739,4217437
35740,3389037
35741,2100068
35742,5729388
35743,1199754
35744,1157413
35745,3717210
35746,2473983
35747,2216962
35748,2010487
35749,2392600
35750,2478985
35751,2208837
35752,4434620
35753,2618031
35754,4557623
35755,4161212
35756,2506743
35757,3478357
35758,1474889
35759,4079658
35760,4640290
35761,4966759
35762,4134208
35763,4033590
35764,3129411
35765,2706965
35766,4348644
35767,5326619
35768,4774962
35769,5313199
35770,3614337
35771,2670497
35772,2559209
35773,4733910
35774,2551796
35775,2789865
35776,1204992
35777,4399212
35778,3160667
35779,2769433
35780,2102933
35781,2554341
35782,2179049
35783,1996007
35784,2117446
35785,2448469
35786,1750301
35787,2389102
35788,2562977
35789,1900485
35790,2090215
35791,2501398
35792,5695652
35793,5346011
35794,2379724
35795,4969685
35796,2989450
35797,2174663
35798,1942770
35799,1791685
35800,1781428
35801,2274774
35802,3114092
35803,3599158
35804,2087065
35805,3258584
35806,4393429
35807,4747875
35808,1027516
35809,3068171
35810,5105662
35811,4480680
35812,4152479
35813,1971296
35814,14303742
35815,6048406
35816,5354575
35817,9465273
35818,3446639
35819,2193601
35820,5275347
35821,6030247
35822,3376382
35823,6083040
35824,5676701
35825,2788547
35826,3390950
35827,4251028
35828,2987593
35829,2495212
35830,2699128
35831,4377493
35832,3415710
35833,3423549
35834,8190080
35835,2670843
35836,2701095
35837,4235521
35838,3153711
35839,2933318
35840,931265
35841,5736852
35842,3951351
35843,4008619
35844,5319859
35845,2973208
35846,3469336
35847,5837043
35848,3560738
35849,2823481
35850,1643737
35851,1195004
35852,1950405
35853,3505793
35854,1805986
35855,1566939
35856,2009947
35857,3575333
35858,1745596
35859,1769383
35860,2290588
35861,3510699
35862,6121902
35863,4079326
35864,2754054
35865,3244658
35866,3300186
35867,2399252
35868,2192670
35869,3029276
35870,1826090
35871,2172808
35872,1018798
35873,3314496
35874,7865708
35875,2570414
35876,2254282
35877,4800081
35878,23098566
35879,2014027
35880,3125133
35881,1818477
35882,2117402
35883,961032
35884,2920730
35885,3077996
35886,2492880
35887,2877587
35888,3156412
35889,2364026
35890,2225970
35891,2211377
35892,2212329
35893,4418106
35894,2666423
35895,2416842
35896,2068666
35897,2271261
35898,5341000
35899,27714978
35900,2707069
35901,3694913
35902,5300895
35903,4395511
35904,3329629
35905,5248849
35906,5511608
35907,5084517
35908,4767032
35909,3050610
35910,4889816
35911,7277516
35912,5424460
35913,6392737
35914,3093320
35915,1083272
35916,4032944
35917,1384081
35918,1207981
35919,4031428
35920,20493267
35921,2356336
35922,3319822
35923,2347223
35924,7689399
35925,2298755
35926,2312330
35927,2274787
35928,1349126
35929,2056689
35930,1520292
35931,1115765
35932,1748460
35933,2118984
35934,2060506
35935,3175372
35936,1015784
35937,2345503
35938,3336088
35939,5506030
35940,4680215
35941,25257682
35942,2094787
35943,3117954
35944,5165580
35945,1863653
35946,5938314
35947,2104029
35948,4521777
35949,3947966
35950,2766347
35951,2177197
35952,2369481
35953,1163795
35954,1482892
35955,3722651
35956,1544529
35957,2354085
35958,3467778
35959,3275838
35960,2129824
35961,6988294
35962,22190514
35963,3960782
35964,3520592
35965,3081031
35966,5881729
35967,3625059
35968,1492651
35969,3229757
35970,2994629
35971,2803480
35972,2327925
35973,3199140
35974,2747158
35975,2807861
35976,2305501
35977,3576358
35978,2305237
35979,1195222
35980,3512386
35981,2684835
35982,2995325
35983,27778080
35984,2893573
35985,2240150
35986,3820012
35987,3342404
35988,4074515
35989,3305872
35990,2810173
35991,5011085
35992,6616524
35993,4588806
35994,2335116
35995,4742860
35996,4132137
35997,3386608
35998,7542601
35999,5413529
36000,2032125
