tick,duration_ns
1,7212584
2,7103194
3,6632778
4,4724114
5,6792605
6,13653201
7,6304776
8,5208997
9,5897820
10,7172257
11,6402198
12,4953761
13,4831695
14,3761923
15,7285678
16,5682858
17,4300334
18,11353908
19,13320279
20,4705746
21,6489200
22,6567745
23,6882352
24,4676338
25,4375003
26,6008702
27,6042735
28,1715847
29,6215673
30,7653436
31,5733381
32,5775969
33,8291955
34,7534091
35,5293720
36,5579256
37,5487718
38,3495859
39,10577636
40,5789508
41,4650083
42,11983317
43,13050808
44,13110421
45,4196210
46,8216043
47,5041672
48,7328027
49,9057221
50,4013277
51,3578927
52,5161261
53,4113235
54,6257690
55,1770612
56,1991999
57,4603741
58,8199794
59,5224407
60,7250596
61,5260166
62,5300628
63,5614322
64,2097129
65,5602157
66,6208533
67,9534669
68,3121211
69,5206129
70,9958222
71,5767234
72,6800857
73,5005584
74,5105737
75,1978308
76,5864282
77,7622038
78,5438041
79,2306502
80,5648632
81,17948715
82,6736451
83,4751205
84,4162452
85,6732679
86,5322690
87,5805800
88,4891719
89,1795553
90,9202942
91,11405696
92,3991627
93,6543043
94,7307609
95,4242921
96,4172364
97,7516829
98,3589063
99,4209303
100,3762469
101,5600483
102,15275227
103,4459047
104,4556450
105,3639903
106,3543470
107,11224748
108,5979041
109,5844045
110,2917200
111,6343256
112,4424793
113,8358323
114,8179871
115,12609557
116,6089529
117,4347560
118,5810012
119,5235194
120,5607628
121,2360283
122,5436643
123,10557224
124,5011484
125,4982868
126,7476133
127,6034044
128,4946621
129,7374816
130,10958648
131,3943704
132,4251225
133,5013215
134,6183433
135,5783865
136,5019117
137,4495853
138,6126905
139,6656666
140,6761204
141,5685916
142,1898214
143,5990664
144,7670470
145,5987016
146,13339001
147,6810670
148,5234067
149,4085923
150,15209914
151,4416668
152,4029827
153,4330693
154,7190005
155,5399785
156,5328264
157,6291293
158,4381597
159,5482385
160,6502399
161,5349174
162,5742371
163,5804877
164,6632233
165,6919186
166,1769180
167,1853848
168,6257296
169,7165151
170,20135943
171,5900935
172,5552698
173,8815010
174,3372410
175,5171653
176,5440005
177,13693232
178,5439846
179,8426199
180,6177560
181,5860436
182,8986976
183,5275504
184,4969110
185,3724041
186,10312692
187,10793664
188,7558087
189,1842382
190,6457201
191,6736121
192,6691817
193,5819453
194,6248011
195,8469748
196,4632769
197,5087846
198,5938067
199,6079032
200,6303485
201,9724549
202,7830157
203,6038493
204,7964357
205,5673530
206,5741481
207,6994262
208,7632800
209,4922374
210,5145660
211,5977003
212,6161138
213,3945853
214,4675829
215,4571548
216,5105945
217,8521284
218,5055803
219,8022730
220,5917705
221,11884274
222,12692138
223,6350875
224,7452855
225,6907049
226,7355587
227,4614004
228,5955487
229,6530048
230,8190779
231,5388504
232,6193318
233,3552172
234,4366503
235,3788228
236,6794226
237,5578012
238,1719773
239,4091663
240,4160505
241,6296988
242,6108204
243,6805946
244,8097436
245,5444244
246,6099681
247,5496280
248,6399568
249,2631631
250,17975370
251,7567468
252,6656528
253,10396026
254,6538575
255,5599782
256,5568306
257,6021045
258,6265799
259,7606149
260,3561638
261,6471390
262,6304682
263,5371819
264,5818225
265,7124497
266,3923455
267,4827588
268,6335442
269,6155413
270,6588846
271,10064240
272,4830663
273,5875727
274,7132683
275,6739499
276,6966201
277,6424345
278,5321268
279,1731021
280,3903678
281,1783438
282,6031198
283,5651283
284,4077245
285,7465349
286,5632528
287,7844035
288,6011425
289,5514821
290,5686882
291,3399406
292,3870131
293,5979486
294,5150855
295,8011477
296,13918749
297,5609056
298,12826920
299,5402153
300,6077991
301,5920987
302,1744307
303,7435683
304,4930637
305,5505862
306,5767657
307,7999665
308,6768792
309,7277995
310,5652033
311,9283516
312,7432449
313,4659683
314,6200673
315,9848056
316,4164965
317,17757693
318,8091357
319,4947268
320,5075668
321,4548449
322,6216380
323,3891401
324,8996390
325,8807441
326,4911254
327,7253759
328,8825235
329,5304181
330,6040052
331,9805676
332,5656569
333,7287924
334,1721772
335,4884296
336,8762878
337,5156652
338,11967248
339,5323944
340,5367345
341,6201119
342,4224877
343,6377769
344,5442447
345,5882952
346,8285959
347,6446604
348,5788700
349,5374086
350,5287590
351,4345707
352,5336921
353,6619793
354,15770957
355,2297772
356,5180286
357,7426102
358,1769913
359,2423954
360,5417120
361,6072853
362,5979355
363,6233656
364,5025564
365,5367520
366,2903568
367,5250904
368,6636952
369,4269966
370,5188374
371,5588356
372,4561727
373,5583856
374,5736267
375,9233314
376,4392197
377,6059572
378,7263520
379,4378458
380,4113987
381,6591499
382,3722443
383,5264139
384,10300039
385,5375178
386,6592871
387,4171846
388,10459559
389,7682318
390,8289758
391,5277665
392,6668415
393,4547270
394,3590749
395,3910677
396,6348716
397,5407136
398,16250812
399,3571977
400,7933301
401,5604478
402,7048454
403,7296044
404,7505549
405,5218525
406,6983032
407,5487037
408,3252324
409,4629660
410,7060598
411,5344597
412,3798192
413,4617467
414,6157313
415,4659382
416,9519480
417,10086969
418,4056539
419,2523104
420,4188388
421,4531987
422,4046122
423,5865804
424,4096639
425,4183098
426,7841856
427,6795640
428,5842946
429,7082263
430,8435971
431,7044293
432,6668180
433,7319443
434,7150179
435,5872013
436,6006423
437,9350834
438,8327562
439,10798520
440,1740419
441,5054401
442,2983698
443,5354502
444,4763644
445,5276001
446,13135597
447,4157752
448,4408992
449,5590752
450,8447076
451,2008787
452,5013149
453,3969336
454,4590236
455,6173590
456,8569099
457,4669166
458,14285032
459,6298560
460,5868712
461,5343848
462,8861088
463,4977219
464,8291429
465,7587153
466,3942293
467,7126945
468,5983455
469,6606365
470,5799786
471,3996561
472,2985657
473,6212478
474,5454986
475,6188570
476,5618947
477,7456296
478,5930730
479,5351983
480,14056943
481,6411850
482,13232269
483,1842324
484,6218276
485,6998631
486,4596034
487,12493251
488,2556183
489,2481300
490,3999118
491,7727904
492,4115488
493,5362196
494,2549958
495,4928829
496,4520661
497,5103840
498,11651003
499,4313141
500,6647809
501,15288371
502,5907415
503,4153035
504,3420205
505,5419946
506,7069743
507,5100198
508,7412702
509,7268536
510,6342230
511,3905132
512,3463669
513,2410180
514,9551059
515,3897912
516,8214552
517,4741713
518,5404468
519,4060206
520,19870868
521,5237104
522,13914488
523,5622005
524,5409629
525,4380537
526,2143977
527,6087205
528,10339997
529,6985333
530,12814531
531,5338453
532,5718869
533,5447566
534,8387844
535,5190501
536,3722236
537,5931369
538,6842521
539,4143797
540,6313962
541,4644464
542,6145241
543,11553696
544,6531369
545,7102636
546,1734671
547,4487779
548,5309281
549,4994698
550,6257203
551,5188488
552,3883815
553,4289488
554,5873437
555,4757953
556,3629731
557,4548211
558,2014187
559,5651469
560,5832385
561,5804251
562,5989931
563,4219249
564,9943971
565,5879279
566,4383917
567,5742175
568,8804650
569,2048227
570,5412931
571,4478893
572,3915978
573,4676796
574,3720168
575,5553620
576,18014814
577,4095609
578,4614871
579,3522176
580,3423124
581,5751445
582,10088329
583,6076546
584,5086824
585,10902733
586,7393131
587,4596775
588,6510321
589,6711815
590,2313919
591,2697411
592,11806106
593,2959897
594,4881346
595,5467226
596,5686038
597,4515130
598,3706502
599,5949121
600,6353671
601,9686697
602,7674815
603,5958223
604,6011834
605,6224623
606,10616491
607,6388303
608,6278808
609,5548264
610,5599188
611,3093500
612,7207122
613,4242322
614,5904263
615,5832043
616,6351484
617,10083168
618,7529807
619,5197460
620,8635722
621,10716464
622,2274806
623,2646737
624,4149334
625,4482218
626,4073439
627,18980007
628,5792680
629,3780975
630,5752608
631,12605616
632,4232953
633,2505275
634,6011472
635,8910218
636,13345383
637,5229695
638,9114115
639,5088244
640,5488593
641,6257325
642,3453063
643,3440538
644,4905080
645,5316593
646,7915111
647,4887627
648,10467853
649,5720657
650,5933165
651,5809172
652,6497286
653,6574049
654,1805392
655,6811152
656,7393218
657,5876040
658,6214894
659,4065344
660,7348819
661,4137878
662,5142519
663,7003811
664,4882137
665,4372147
666,6995660
667,12585156
668,7126854
669,10448774
670,8468596
671,6978054
672,3584099
673,19104187
674,8032445
675,2644523
676,4605671
677,5096163
678,5686649
679,4292567
680,4243518
681,8853781
682,5837421
683,5371568
684,5458030
685,7306873
686,4372124
687,7500326
688,6856615
689,11156016
690,8742729
691,8372202
692,4057662
693,4285863
694,3793713
695,4715826
696,4342796
697,7044605
698,8083210
699,4698151
700,4855617
701,4602875
702,7963379
703,7807936
704,4322504
705,6884185
706,5235472
707,1829601
708,4192350
709,3920578
710,4767486
711,7671766
712,5414849
713,2590315
714,2981688
715,7164507
716,7129254
717,7136951
718,3359325
719,18731717
720,4573131
721,5569041
722,5695557
723,6259766
724,7246576
725,6359910
726,5207925
727,5219009
728,7868153
729,2165766
730,4830037
731,5889288
732,13458925
733,9969886
734,6443783
735,5255038
736,6179288
737,5239791
738,5783685
739,1807907
740,6081687
741,4467280
742,7462410
743,3486636
744,7135738
745,5277540
746,5742310
747,8621891
748,4922357
749,2752442
750,2043751
751,2580647
752,3884375
753,20637385
754,2231151
755,1833869
756,1888214
757,1690311
758,1748138
759,1918960
760,2777639
761,1818259
762,1824224
763,2458472
764,1758125
765,1795125
766,1792975
767,1766557
768,3730727
769,3631880
770,2953892
771,2292361
772,2328346
773,1744797
774,13144691
775,1711876
776,8159803
777,1755092
778,1938264
779,5864760
780,6546565
781,5856770
782,1932964
783,2971775
784,3267553
785,1775030
786,2870538
787,4103991
788,4108492
789,2016963
790,3076857
791,4098357
792,4168671
793,4028203
794,3642772
795,2081372
796,1762725
797,1781781
798,1738771
799,1828357
800,1763315
801,4231030
802,2098519
803,1895676
804,1819824
805,4829413
806,5284273
807,7765487
808,3776947
809,3545592
810,7932365
811,1951549
812,1764736
813,2649668
814,2754182
815,2050471
816,8874488
817,3443634
818,1712312
819,1782843
820,3562137
821,2844296
822,3125535
823,1809173
824,1989833
825,1995354
826,1764515
827,1811190
828,5169514
829,3863574
830,3882571
831,3590268
832,2717771
833,3313277
834,1768444
835,1799143
836,1625489
837,3912913
838,1868104
839,3678993
840,1540568
841,3218487
842,2328105
843,3081434
844,4326915
845,4474931
846,2206882
847,2159453
848,2843201
849,3686967
850,4386075
851,4216908
852,4193159
853,4837507
854,6180068
855,16086920
856,2506627
857,6165962
858,7045043
859,10162548
860,7254890
861,7875477
862,2701938
863,7990450
864,7117608
865,6844815
866,6218737
867,8657095
868,16357004
869,6575737
870,7564270
871,6642789
872,14671693
873,16531433
874,11451469
875,18662626
876,10089632
877,6772213
878,3632702
879,11281482
880,4449229
881,1949803
882,4022747
883,3939076
884,4941077
885,9278858
886,5630291
887,7634359
888,3423804
889,5562061
890,6201985
891,4448765
892,1830729
893,5305870
894,3927146
895,8345359
896,6123959
897,5280428
898,2887441
899,1873082
900,8146418
901,6470597
902,4533615
903,8748595
904,3732886
905,7445376
906,6149699
907,5804950
908,5240618
909,3071452
910,7081667
911,7092954
912,3707255
913,2125998
914,4099974
915,4078629
916,6174446
917,7316873
918,6572887
919,5459367
920,2951451
921,9867651
922,8301652
923,5170167
924,5512513
925,5642345
926,6762527
927,5063561
928,5858581
929,6042471
930,3775297
931,1520429
932,6317036
933,7035334
934,5634387
935,5899462
936,4471421
937,4848324
938,5306306
939,7430808
940,5091706
941,7794817
942,5021811
943,7365888
944,6251110
945,5801358
946,5449744
947,6266833
948,7880820
949,4804839
950,5568913
951,7037759
952,3147387
953,7510200
954,9142749
955,14445910
956,4920114
957,6789404
958,7276806
959,8737732
960,5279002
961,5743363
962,3936261
963,5368641
964,1811661
965,7799184
966,5456458
967,7306423
968,5691751
969,4914259
970,6077172
971,5396199
972,5455384
973,6984620
974,4595253
975,6886072
976,6174450
977,5979093
978,7867493
979,5359845
980,4825974
981,5982607
982,4621893
983,5891263
984,8414176
985,8181385
986,6118972
987,6923786
988,5636633
989,6684998
990,3623904
991,6991456
992,9866423
993,6428426
994,2312895
995,1995444
996,8825218
997,5307011
998,5452168
999,5084318
1000,5171278
1001,5700125
1002,7550257
1003,5096511
1004,20725216
1005,11079971
1006,6555502
1007,5738377
1008,12603049
1009,7696945
1010,5471714
1011,6915504
1012,5405344
1013,6997598
1014,8044987
1015,8443024
1016,3122025
1017,6559451
1018,5277073
1019,4980563
1020,4357745
1021,5786266
1022,5354079
1023,5463382
1024,4977939
1025,5551492
1026,17466001
1027,3021717
1028,6058259
1029,5603222
1030,5229452
1031,3562982
1032,5973516
1033,5243726
1034,4746305
1035,5182924
1036,4405897
1037,1767934
1038,11026240
1039,5789746
1040,3216655
1041,5346202
1042,3054333
1043,5915691
1044,5432312
1045,6501670
1046,6616511
1047,17615038
1048,3895240
1049,5773152
1050,6337476
1051,5559915
1052,4010780
1053,4169069
1054,8240726
1055,5072803
1056,4699434
1057,4683179
1058,6132613
1059,3051508
1060,6512366
1061,6893338
1062,4764739
1063,7690062
1064,5379244
1065,9261250
1066,4832736
1067,4747611
1068,19901610
1069,2379058
1070,5883375
1071,5548334
1072,5346599
1073,5090829
1074,5560177
1075,5031179
1076,6138666
1077,5892146
1078,4836347
1079,5435586
1080,1923668
1081,6040988
1082,10219233
1083,4724702
1084,10144532
1085,5473117
1086,8283980
1087,14752403
1088,4977361
1089,16576012
1090,4095126
1091,7330213
1092,10541058
1093,5603209
1094,2778275
1095,5980992
1096,11154767
1097,5929630
1098,5262032
1099,6843752
1100,5698147
1101,1801526
1102,4105740
1103,7431689
1104,6170620
1105,6566489
1106,5247213
1107,11482077
1108,6206645
1109,4646455
1110,18736578
1111,6011301
1112,3661172
1113,5378779
1114,15348751
1115,4608153
1116,6328931
1117,1923883
1118,13097956
1119,5877037
1120,4887555
1121,5810221
1122,4340348
1123,6183594
1124,6037455
1125,5983805
1126,5590383
1127,5909904
1128,13672376
1129,5912664
1130,5196768
1131,15842738
1132,5484363
1133,2910275
1134,8266731
1135,6059099
1136,5172320
1137,5033518
1138,5520256
1139,5489199
1140,4364101
1141,4783285
1142,4667856
1143,7485843
1144,2175165
1145,6769668
1146,4641279
1147,5795263
1148,7106875
1149,5533724
1150,5904240
1151,8013007
1152,15265386
1153,8101418
1154,4109406
1155,5595239
1156,5644582
1157,6091105
1158,5713980
1159,6990639
1160,5232083
1161,4460901
1162,5775013
1163,5697737
1164,4477975
1165,1429090
1166,4709970
1167,4073670
1168,4970802
1169,7296445
1170,4997176
1171,5834235
1172,5081138
1173,10474288
1174,8576631
1175,7784882
1176,6668699
1177,6122503
1178,5280390
1179,4884812
1180,4893934
1181,6686813
1182,4062982
1183,7297227
1184,4698880
1185,3962486
1186,5353493
1187,7707582
1188,6239027
1189,4938244
1190,9953238
1191,5531762
1192,4851945
1193,6560017
1194,8348067
1195,1607892
1196,7022259
1197,2565172
1198,6044551
1199,6032778
1200,5256879
1201,5830598
1202,6481493
1203,5601335
1204,5642967
1205,18112974
1206,4863782
1207,5906552
1208,2711110
1209,5450564
1210,5526218
1211,7410998
1212,12423911
1213,5039470
1214,7384284
1215,10892982
1216,17866316
1217,5389585
1218,2568757
1219,3891071
1220,5615787
1221,5605372
1222,6425043
1223,5915346
1224,7089461
1225,5272699
1226,5060376
1227,5373813
1228,5439528
1229,1566237
1230,8093697
1231,5528578
1232,5341932
1233,5974359
1234,6286862
1235,6040960
1236,7078920
1237,5629577
1238,14543766
1239,5757102
1240,3730118
1241,5987714
1242,5087080
1243,11520327
1244,5529147
1245,5534345
1246,4975107
1247,4823742
1248,5615843
1249,8145228
1250,2894158
1251,5391576
1252,5239543
1253,5684419
1254,5300536
1255,4739867
1256,5471826
1257,6767333
1258,6046667
1259,5211607
1260,6185348
1261,4304190
1262,5564791
1263,7117322
1264,6554892
1265,5234497
1266,1761565
1267,4366435
1268,5319951
1269,1825524
1270,6594385
1271,6905986
1272,2890827
1273,7608842
1274,5018693
1275,4986642
1276,4685109
1277,4954086
1278,6551774
1279,6632886
1280,4668865
1281,5794721
1282,3705654
1283,6925766
1284,5185843
1285,4366795
1286,5933709
1287,6333339
1288,4661001
1289,4870787
1290,5005270
1291,9126570
1292,4426570
1293,3715736
1294,5262956
1295,5758530
1296,1606341
1297,6204838
1298,5875147
1299,9771051
1300,8121060
1301,5827451
1302,4279246
1303,5858554
1304,3851602
1305,7822401
1306,8917326
1307,6682403
1308,5859757
1309,4936069
1310,4773480
1311,5223429
1312,5134892
1313,4971354
1314,3263111
1315,5420493
1316,6162168
1317,5211831
1318,6876723
1319,4351597
1320,13981086
1321,7122769
1322,12266422
1323,5435959
1324,5726449
1325,1528893
1326,5314836
1327,10157733
1328,5959547
1329,5400670
1330,3872115
1331,5255220
1332,8639060
1333,5647742
1334,5792209
1335,6518723
1336,2662522
1337,13991715
1338,5125680
1339,5080572
1340,4976322
1341,10768645
1342,6913989
1343,5055991
1344,5983705
1345,4454965
1346,4138132
1347,4759149
1348,2486926
1349,2062303
1350,3856765
1351,5960650
1352,6590793
1353,3935238
1354,1998764
1355,5364551
1356,4643420
1357,1927577
1358,1948260
1359,5028633
1360,3668228
1361,2148459
1362,6192111
1363,6653677
1364,3919403
1365,4002996
1366,2044381
1367,4266794
1368,4019486
1369,3744672
1370,3832791
1371,3962902
1372,2913045
1373,5301169
1374,4253918
1375,3073611
1376,3267349
1377,3970156
1378,2110352
1379,2729202
1380,5231866
1381,4072725
1382,1899701
1383,7903771
1384,3935840
1385,3922259
1386,1996888
1387,4817556
1388,3902852
1389,2886197
1390,5302625
1391,4870735
1392,6439177
1393,4922801
1394,9858333
1395,1990484
1396,5446075
1397,4056617
1398,5208081
1399,3991174
1400,3008284
1401,3927146
1402,2619852
1403,1726105
1404,4089586
1405,4212179
1406,2863428
1407,1873922
1408,3762489
1409,3747618
1410,4453183
1411,2763524
1412,1785337
1413,3761579
1414,3725394
1415,3879262
1416,4192411
1417,5078284
1418,3805677
1419,2765112
1420,5046664
1421,4178176
1422,16137967
1423,3753071
1424,3589040
1425,2998909
1426,2796720
1427,3850314
1428,6587376
1429,4435081
1430,3771139
1431,3660576
1432,4287808
1433,4465725
1434,3893853
1435,3972130
1436,4403657
1437,3351430
1438,4069876
1439,3392636
1440,2377592
1441,1946740
1442,3984531
1443,8257530
1444,1797238
1445,2563196
1446,4038379
1447,2602983
1448,2683228
1449,1870432
1450,8658582
1451,5664996
1452,3245095
1453,6387138
1454,4117708
1455,4045076
1456,2733997
1457,4332833
1458,3061870
1459,3703415
1460,2012696
1461,4308038
1462,2808455
1463,3859432
1464,1919409
1465,4039844
1466,2699844
1467,3286799
1468,2037429
1469,3845645
1470,2712836
1471,4162445
1472,4035118
1473,3955742
1474,4410610
1475,4322396
1476,3758789
1477,11170801
1478,2901761
1479,4110745
1480,3835831
1481,3900795
1482,4216397
1483,3897546
1484,4152395
1485,6853861
1486,3899060
1487,4024798
1488,4433291
1489,3952802
1490,2787154
1491,3792046
1492,4201228
1493,2232336
1494,3813175
1495,3596453
1496,4043803
1497,2909830
1498,5573430
1499,1896409
1500,4094082
1501,4218301
1502,4232453
1503,3911870
1504,1808518
1505,4079443
1506,4130315
1507,2521239
1508,1819265
1509,2105909
1510,3079326
1511,3882097
1512,5442626
1513,3976827
1514,2583586
1515,2067710
1516,2734779
1517,3745236
1518,2666851
1519,1739209
1520,3897290
1521,4539733
1522,2923341
1523,3728484
1524,3738698
1525,3842871
1526,1793608
1527,3906348
1528,1761266
1529,3783366
1530,4148399
1531,3670537
1532,1888825
1533,4724002
1534,4099166
1535,2208794
1536,7033947
1537,5998507
1538,3359627
1539,4402413
1540,5464569
1541,4578217
1542,4528571
1543,4443552
1544,4171712
1545,2371384
1546,4424051
1547,4212307
1548,3103561
1549,2123757
1550,2042655
1551,4580749
1552,3994283
1553,2702891
1554,3984751
1555,2115743
1556,2225316
1557,2367672
1558,5686471
1559,4252575
1560,2507509
1561,2303108
1562,4210563
1563,4799595
1564,4821539
1565,5374280
1566,3998288
1567,4091722
1568,7545228
1569,1882868
1570,4678165
1571,4157868
1572,4787165
1573,2576257
1574,2373007
1575,2012054
1576,2947270
1577,4365876
1578,3951695
1579,4324148
1580,3563055
1581,4748344
1582,2087142
1583,5177002
1584,4690210
1585,3184388
1586,2156298
1587,1987411
1588,2980110
1589,6099320
1590,2168970
1591,3987404
1592,1997901
1593,3854230
1594,1787091
1595,2241380
1596,4019339
1597,4322270
1598,9527642
1599,3855636
1600,3957572
1601,3895437
1602,3901216
1603,3847060
1604,1882253
1605,2306357
1606,2371279
1607,4251318
1608,2431119
1609,2250663
1610,2087967
1611,6573715
1612,2070618
1613,2972492
1614,2217129
1615,4051804
1616,4590663
1617,3368432
1618,2631634
1619,2096469
1620,3757828
1621,4395793
1622,7563362
1623,4330132
1624,4067214
1625,3255358
1626,4876077
1627,2059614
1628,1930349
1629,4015268
1630,3830875
1631,4023532
1632,2678878
1633,3818961
1634,3859201
1635,2126386
1636,4866149
1637,4517731
1638,2670161
1639,4341041
1640,3915507
1641,5346715
1642,3905346
1643,1885400
1644,2674874
1645,3755363
1646,3491802
1647,3215331
1648,1635733
1649,3283041
1650,3510633
1651,3746058
1652,19414664
1653,4067998
1654,1839031
1655,2868285
1656,5439750
1657,14189586
1658,6891274
1659,5725567
1660,4853974
1661,2865024
1662,4918652
1663,5111972
1664,5628211
1665,5675223
1666,3417714
1667,4720890
1668,5274737
1669,10000883
1670,4692564
1671,5271735
1672,5221377
1673,4674064
1674,4998002
1675,7400188
1676,2861822
1677,4476576
1678,5404657
1679,7400669
1680,5351440
1681,5164865
1682,5698277
1683,5099959
1684,5223281
1685,4488449
1686,5297773
1687,3425153
1688,6826817
1689,7804774
1690,8575649
1691,5499569
1692,4699644
1693,13098763
1694,6016866
1695,4215668
1696,6894514
1697,7386289
1698,6665194
1699,7654583
1700,5556396
1701,5490312
1702,5949010
1703,5485219
1704,5416979
1705,5885767
1706,5844938
1707,8690361
1708,2533804
1709,1749527
1710,5927643
1711,10644374
1712,5410088
1713,5771864
1714,6537701
1715,4723147
1716,10488198
1717,6219241
1718,7951221
1719,4692403
1720,7025014
1721,9345049
1722,2357645
1723,5609763
1724,4992575
1725,5691621
1726,6013782
1727,6230490
1728,10898183
1729,3534003
1730,6619254
1731,6253687
1732,5673276
1733,4180358
1734,5345311
1735,5579028
1736,5846875
1737,4571198
1738,5152495
1739,5500348
1740,2217086
1741,7058064
1742,5420743
1743,5701652
1744,5143759
1745,5581678
1746,2081057
1747,7056927
1748,8007204
1749,12542644
1750,5472614
1751,2132366
1752,9900113
1753,4391559
1754,7063152
1755,5403991
1756,9669602
1757,6989831
1758,7353708
1759,10494603
1760,7258857
1761,10254230
1762,10154424
1763,10621886
1764,4930159
1765,5305061
1766,5861716
1767,7519119
1768,6749789
1769,5576186
1770,5980093
1771,6089751
1772,2898822
1773,5320017
1774,5674188
1775,5951965
1776,4810143
1777,4480381
1778,4988496
1779,4577876
1780,5476485
1781,4978178
1782,6661895
1783,2150137
1784,4376938
1785,5553206
1786,5373904
1787,5149851
1788,4673712
1789,4264798
1790,5740715
1791,5118417
1792,5795373
1793,4990264
1794,3093480
1795,4290915
1796,7495821
1797,5567007
1798,4835247
1799,1865244
1800,8330565
1801,7979644
1802,4962475
1803,7446233
1804,1381889
1805,3533490
1806,2239739
1807,2767072
1808,3641140
1809,5117801
1810,2936193
1811,3619174
1812,6999360
1813,5412333
1814,4426643
1815,8826015
1816,7014774
1817,6435322
1818,4849724
1819,5285516
1820,6841978
1821,6591711
1822,4393208
1823,5505348
1824,9151020
1825,2395475
1826,7028729
1827,5142545
1828,4529189
1829,5043216
1830,5158592
1831,4841267
1832,5436989
1833,5410650
1834,4991248
1835,6121599
1836,1747713
1837,6134231
1838,7677845
1839,4967390
1840,6299469
1841,4552279
1842,1745781
1843,5562992
1844,6860225
1845,6250141
1846,5015750
1847,6512504
1848,8040081
1849,4994489
1850,4732264
1851,6150497
1852,4589524
1853,4186327
1854,6719653
1855,4801540
1856,5489702
1857,1550415
1858,5612316
1859,5074692
1860,5754006
1861,7866099
1862,5367573
1863,11394710
1864,6303472
1865,4761945
1866,6164301
1867,5592806
1868,1781492
1869,7219273
1870,5827452
1871,4093568
1872,1892857
1873,6351757
1874,5180771
1875,5270339
1876,6032522
1877,5502604
1878,4542611
1879,5243434
1880,5261811
1881,5508148
1882,5042899
1883,4884736
1884,4961495
1885,4581095
1886,5497064
1887,6529812
1888,6008222
1889,2309239
1890,4304726
1891,6340307
1892,4586874
1893,3882047
1894,5234818
1895,4493984
1896,3710764
1897,2937705
1898,1769895
1899,1782401
1900,2783461
1901,7752172
1902,5424515
1903,4407169
1904,15481174
1905,5414417
1906,6466060
1907,5535141
1908,7059547
1909,6267415
1910,5814090
1911,3831523
1912,7538341
1913,7329466
1914,7063332
1915,8071770
1916,7352420
1917,5994104
1918,5171296
1919,12341813
1920,7570345
1921,1916610
1922,3291880
1923,1908680
1924,5841774
1925,5562178
1926,8069525
1927,6769944
1928,4623359
1929,7361032
1930,5360646
1931,7121943
1932,3788236
1933,1607887
1934,10366460
1935,5424369
1936,5686544
1937,5149741
1938,4430946
1939,5143310
1940,5233551
1941,5384142
1942,1845019
1943,4900440
1944,7536672
1945,6171414
1946,5809449
1947,4728893
1948,5257308
1949,6098177
1950,6762173
1951,14674585
1952,4984300
1953,1428406
1954,5232493
1955,12124961
1956,4291179
1957,3949027
1958,5097277
1959,5052228
1960,5374140
1961,10553227
1962,4508813
1963,5767138
1964,3729348
1965,5440861
1966,10699498
1967,4344513
1968,4716031
1969,4219835
1970,4859111
1971,8063460
1972,4671540
1973,5925841
1974,1894467
1975,8394061
1976,5993740
1977,4960557
1978,6778063
1979,5429790
1980,5555357
1981,6149535
1982,5849286
1983,5085286
1984,10741056
1985,2994206
1986,8209148
1987,5915069
1988,5832871
1989,5187972
1990,5696293
1991,5299253
1992,7452341
1993,6146564
1994,5502978
1995,5843917
1996,2972543
1997,6198242
1998,6453381
1999,5359637
2000,4575615
2001,6523658
2002,5133498
2003,4524936
2004,6753069
2005,5225962
2006,3978125
2007,5910420
2008,5772073
2009,6161341
2010,5680178
2011,9482665
2012,5399908
2013,5775536
2014,5583762
2015,5175659
2016,4267721
2017,3303435
2018,8608171
2019,9464708
2020,4440961
2021,10674115
2022,4658248
2023,7885691
2024,5296352
2025,5041053
2026,7481627
2027,5393083
2028,2301779
2029,4995993
2030,5883842
2031,4881321
2032,5207955
2033,5249189
2034,6101685
2035,3826963
2036,4937722
2037,7106646
2038,3650189
2039,3771223
2040,5658382
2041,8769601
2042,2314204
2043,5025961
2044,5188916
2045,9940996
2046,5304632
2047,7645647
2048,5429309
2049,3210262
2050,6111909
2051,5949351
2052,5762963
2053,7722012
2054,6342097
2055,9127857
2056,6119668
2057,8276982
2058,6116234
2059,6074027
2060,2391945
2061,6278933
2062,6195098
2063,5624718
2064,5493123
2065,5490476
2066,18089897
2067,5656085
2068,4827452
2069,5544947
2070,4476112
2071,4418134
2072,10475666
2073,5845992
2074,6641141
2075,7263296
2076,7265760
2077,5464853
2078,12942440
2079,5791523
2080,5485908
2081,4539645
2082,6839451
2083,5254988
2084,11554485
2085,7600423
2086,5570947
2087,7591950
2088,13516147
2089,5338389
2090,4817027
2091,6403600
2092,4837372
2093,6270644
2094,6317662
2095,5568868
2096,5914747
2097,3705641
2098,6327961
2099,6071019
2100,6223166
2101,1791801
2102,3258065
2103,7306189
2104,5573412
2105,5608259
2106,7727608
2107,5339419
2108,4730764
2109,6109992
2110,5749860
2111,5713141
2112,4623536
2113,4596851
2114,2843098
2115,4309560
2116,5956160
2117,5174651
2118,15252214
2119,9590283
2120,6244766
2121,4992355
2122,12984108
2123,4616137
2124,4103246
2125,7090173
2126,5690545
2127,5876821
2128,4077170
2129,3767550
2130,4221643
2131,8087670
2132,6742415
2133,4273006
2134,2440522
2135,4264552
2136,4603376
2137,4474168
2138,5148062
2139,9107023
2140,4526322
2141,4786999
2142,7422774
2143,4268893
2144,4087416
2145,6858071
2146,4301334
2147,4721203
2148,4040855
2149,3721019
2150,3929816
2151,5349685
2152,5822449
2153,4900389
2154,8087915
2155,6720551
2156,5852057
2157,4913702
2158,4281908
2159,5240745
2160,13540420
2161,5727459
2162,7669566
2163,5785701
2164,8606442
2165,6182565
2166,1523699
2167,6017910
2168,5655320
2169,6940952
2170,5008319
2171,3068769
2172,6432684
2173,6586362
2174,2402876
2175,4248565
2176,6728454
2177,3727807
2178,6469190
2179,5670996
2180,5497378
2181,4242704
2182,6613794
2183,6307376
2184,6282959
2185,6274253
2186,5768480
2187,4582996
2188,7673853
2189,5226635
2190,5580097
2191,6748941
2192,7927910
2193,6525993
2194,7458380
2195,5859012
2196,5246639
2197,9769549
2198,1884281
2199,5866879
2200,5236231
2201,3683938
2202,8324996
2203,5486440
2204,6943971
2205,5798036
2206,4933348
2207,14279895
2208,5263952
2209,3727502
2210,7320462
2211,5707600
2212,6716844
2213,4518914
2214,5153554
2215,4295646
2216,4778820
2217,5972076
2218,5319751
2219,4072700
2220,5771699
2221,7945331
2222,4533670
2223,6741743
2224,6490168
2225,7594032
2226,9410139
2227,5935133
2228,5715291
2229,5133026
2230,1669659
2231,6129168
2232,5453133
2233,5098328
2234,6306273
2235,5420386
2236,4571267
2237,4375144
2238,4738065
2239,5397029
2240,6748639
2241,9482069
2242,4934180
2243,4959731
2244,10176400
2245,5377685
2246,6242062
2247,5374413
2248,5001886
2249,5168372
2250,5763803
2251,4442790
2252,5761827
2253,7624095
2254,6158038
2255,8792954
2256,6086255
2257,5024915
2258,4982673
2259,5561761
2260,5067205
2261,5258077
2262,1482828
2263,8802247
2264,10016567
2265,8979843
2266,6218456
2267,6409100
2268,5653444
2269,6626803
2270,4974324
2271,6151562
2272,5134836
2273,5154562
2274,5968878
2275,4935148
2276,5519843
2277,7094641
2278,5710695
2279,10155035
2280,4471263
2281,5669134
2282,4073269
2283,1433497
2284,5265832
2285,4570505
2286,9041501
2287,4420896
2288,4718764
2289,3389134
2290,3168726
2291,3651817
2292,4081325
2293,2660396
2294,3690123
2295,3350455
2296,4911421
2297,1508698
2298,3612866
2299,1884872
2300,4051819
2301,4131231
2302,9462131
2303,3311405
2304,3538901
2305,7045032
2306,14256922
2307,7957137
2308,5981032
2309,5403015
2310,4961312
2311,3470047
2312,4940840
2313,4747655
2314,7781690
2315,1957959
2316,2305073
2317,6441227
2318,5436470
2319,5018074
2320,8019732
2321,5590242
2322,5114231
2323,4536269
2324,5817525
2325,3750673
2326,3488856
2327,5831977
2328,9401220
2329,5137234
2330,6605968
2331,4491963
2332,4232408
2333,3765815
2334,5406169
2335,5551441
2336,1369743
2337,5333700
2338,4348446
2339,4401418
2340,5011272
2341,6524561
2342,5766092
2343,4655230
2344,5605444
2345,5343532
2346,3918870
2347,2284913
2348,5583093
2349,7494003
2350,9751481
2351,5890359
2352,5306963
2353,4337523
2354,4801912
2355,5439992
2356,12450172
2357,4317974
2358,5490729
2359,4413058
2360,3864115
2361,8629957
2362,6599152
2363,4333417
2364,8473309
2365,5505709
2366,4926932
2367,7176452
2368,4596015
2369,6619924
2370,8973257
2371,8258884
2372,6951760
2373,2891281
2374,4313328
2375,4505949
2376,7663730
2377,4529025
2378,8169661
2379,6614415
2380,9408144
2381,5122442
2382,5592395
2383,7294910
2384,5048181
2385,5237170
2386,7433000
2387,4947093
2388,4482782
2389,8079155
2390,4973293
2391,7794741
2392,5867969
2393,3059625
2394,5913641
2395,10519067
2396,5939294
2397,8055848
2398,12282922
2399,6717008
2400,1680661
2401,7957393
2402,12063335
2403,7455205
2404,5286131
2405,5423912
2406,5955985
2407,5925248
2408,6003976
2409,4912769
2410,4996240
2411,2199721
2412,7665418
2413,4579717
2414,4949510
2415,5980529
2416,6214516
2417,5996318
2418,5073766
2419,5390133
2420,5671771
2421,10166753
2422,5503059
2423,4823334
2424,6461129
2425,7570318
2426,7898214
2427,5841000
2428,8709788
2429,4705947
2430,6151669
2431,6511693
2432,1653550
2433,11605612
2434,5892169
2435,6032640
2436,6206954
2437,5214204
2438,6443165
2439,6912358
2440,6507322
2441,6690802
2442,1583130
2443,5306021
2444,7039007
2445,6091472
2446,7613192
2447,8940069
2448,5427007
2449,7097201
2450,5804053
2451,5344800
2452,5581605
2453,1765241
2454,4044315
2455,5026468
2456,5073520
2457,5855628
2458,5224369
2459,5238349
2460,5581384
2461,6314675
2462,5624550
2463,5802266
2464,2643515
2465,6209693
2466,5175113
2467,7347824
2468,4679235
2469,5415521
2470,8148865
2471,5798988
2472,5863145
2473,4676077
2474,1545600
2475,7603251
2476,7800340
2477,2964024
2478,3975675
2479,5929406
2480,5885508
2481,3854947
2482,10815472
2483,5682518
2484,5627666
2485,1417584
2486,10625062
2487,5716979
2488,3952843
2489,13171213
2490,11965546
2491,6145177
2492,4244341
2493,10427602
2494,5475842
2495,8075038
2496,10424188
2497,5345519
2498,5392025
2499,5272003
2500,4629591
2501,5997569
2502,6176902
2503,2687028
2504,8064221
2505,7021540
2506,3728678
2507,7066522
2508,9387343
2509,6228016
2510,5001223
2511,5991942
2512,4717155
2513,5223528
2514,4884834
2515,7227060
2516,12551295
2517,4030609
2518,2860383
2519,2569639
2520,8965996
2521,8621920
2522,7571985
2523,5783704
2524,5652879
2525,4674439
2526,5704863
2527,7759919
2528,2271767
2529,6689621
2530,5427944
2531,6123704
2532,5128570
2533,6463426
2534,12141169
2535,4553719
2536,7964637
2537,5232362
2538,6598688
2539,6714305
2540,7701378
2541,8898341
2542,5357981
2543,6781266
2544,5472858
2545,5571368
2546,7640886
2547,6515566
2548,12542234
2549,2088157
2550,5561612
2551,6104799
2552,5568098
2553,12063215
2554,5613766
2555,6046952
2556,6393687
2557,5550890
2558,5214043
2559,7793698
2560,6641232
2561,7550686
2562,5740236
2563,6190439
2564,5088019
2565,6106240
2566,6839854
2567,5969440
2568,3924529
2569,10651483
2570,3539405
2571,8006184
2572,6219630
2573,7654360
2574,4434182
2575,5098373
2576,7137950
2577,5069145
2578,5775377
2579,5305356
2580,7920486
2581,3303911
2582,5746389
2583,5490566
2584,10017767
2585,5750012
2586,8253625
2587,5731899
2588,5650272
2589,5431757
2590,6444834
2591,12703693
2592,2497537
2593,11022999
2594,3028437
2595,8483721
2596,6135428
2597,7458659
2598,6067489
2599,10638631
2600,7347868
2601,14152767
2602,3394909
2603,4295435
2604,5805377
2605,7290791
2606,4627088
2607,6722526
2608,6380912
2609,5002582
2610,7634960
2611,5435516
2612,5680012
2613,1570996
2614,8052344
2615,5377256
2616,4772079
2617,10242056
2618,5720386
2619,6197089
2620,8038914
2621,6470138
2622,19687174
2623,5089141
2624,3338075
2625,5573878
2626,4996665
2627,6584194
2628,3092801
2629,5283634
2630,4661156
2631,5118061
2632,4294373
2633,4886388
2634,2535701
2635,9440750
2636,5364278
2637,11047343
2638,7516978
2639,5710945
2640,4831943
2641,4712469
2642,15871682
2643,8074823
2644,5708671
2645,1477154
2646,8733353
2647,7571912
2648,5481941
2649,5227112
2650,5713562
2651,14968407
2652,5037629
2653,5259080
2654,5668865
2655,4571956
2656,8090042
2657,8626575
2658,5083939
2659,5804989
2660,6745777
2661,5098414
2662,5492224
2663,6128180
2664,7207423
2665,6164939
2666,1843476
2667,5978178
2668,5156874
2669,5368912
2670,5270075
2671,4355116
2672,4488551
2673,5568396
2674,6193480
2675,9221373
2676,8947529
2677,6189592
2678,7411780
2679,6500031
2680,5962960
2681,8939177
2682,5583917
2683,5431551
2684,4779419
2685,8482633
2686,6091659
2687,2686232
2688,5082324
2689,4394496
2690,4373000
2691,8767664
2692,4861072
2693,5512245
2694,5155240
2695,7139337
2696,3829704
2697,4498825
2698,1620731
2699,7455840
2700,7327947
2701,7485941
2702,7518403
2703,8005604
2704,1831901
2705,8339537
2706,14260287
2707,5410979
2708,5537502
2709,3065383
2710,4798155
2711,9197323
2712,4148809
2713,5735643
2714,4158570
2715,4238856
2716,11341885
2717,5378671
2718,4158949
2719,1722283
2720,5815946
2721,4411976
2722,9058757
2723,3297819
2724,4569307
2725,4786574
2726,4380526
2727,12776237
2728,6135696
2729,7300759
2730,3783982
2731,6950496
2732,5330153
2733,5192359
2734,4913444
2735,5562276
2736,6192404
2737,6290212
2738,5630338
2739,4782965
2740,3205052
2741,5093463
2742,4445990
2743,5873854
2744,16141503
2745,4388696
2746,3653277
2747,6725577
2748,10891268
2749,12097852
2750,4938045
2751,1315477
2752,5243496
2753,5347526
2754,7509600
2755,7071864
2756,4743668
2757,7002479
2758,6281457
2759,15659086
2760,7260931
2761,5443155
2762,4707494
2763,4261079
2764,9385481
2765,7410094
2766,5895153
2767,5873279
2768,5327508
2769,8904564
2770,5176583
2771,6252218
2772,2546752
2773,5793260
2774,4976151
2775,7413208
2776,6222727
2777,5665893
2778,6060124
2779,6110463
2780,1720961
2781,2645301
2782,3646862
2783,3381197
2784,5188503
2785,6392271
2786,6344670
2787,8882710
2788,5774907
2789,7975379
2790,16691221
2791,6951001
2792,5796006
2793,5510860
2794,5130034
2795,5320808
2796,6761342
2797,3853875
2798,8105140
2799,3909819
2800,3696750
2801,6373419
2802,3318283
2803,4328340
2804,3123127
2805,2160322
2806,5172966
2807,7123040
2808,3778182
2809,1837823
2810,3976739
2811,5519310
2812,5161593
2813,7240641
2814,4225450
2815,4044212
2816,4039492
2817,2114455
2818,3910836
2819,1974591
2820,4440864
2821,2121799
2822,4394866
2823,2156977
2824,3015597
2825,3929725
2826,2923182
2827,7340137
2828,2101699
2829,4547420
2830,5524412
2831,4334018
2832,5707523
2833,3921842
2834,2838143
2835,4384407
2836,4321268
2837,4223094
2838,4349754
2839,4194246
2840,4202221
2841,2267009
2842,4270051
2843,4040455
2844,4464797
2845,4710307
2846,5236473
2847,3924238
2848,4325386
2849,1967205
2850,1783963
2851,1670501
2852,2781451
2853,4463633
2854,4288814
2855,4104209
2856,5761436
2857,7767019
2858,4133501
2859,3806198
2860,3962944
2861,2731228
2862,2155199
2863,3885388
2864,3363835
2865,4672810
2866,3916882
2867,3976831
2868,7448480
2869,4462287
2870,3682306
2871,7860583
2872,7407640
2873,4143575
2874,4400847
2875,4071423
2876,5736649
2877,2691505
2878,4069887
2879,2789448
2880,5311571
2881,4053863
2882,3074951
2883,3844325
2884,3555640
2885,2853608
2886,4161855
2887,2900862
2888,2774531
2889,3434197
2890,4262753
2891,3886301
2892,2832524
2893,3820113
2894,2808702
2895,2000366
2896,4048050
2897,9336721
2898,2876516
2899,7200976
2900,1966992
2901,2053750
2902,1817907
2903,2644480
2904,2835867
2905,2709278
2906,3844071
2907,3903627
2908,3588625
2909,2176808
2910,2911587
2911,4642786
2912,2409795
2913,1874243
2914,2928379
2915,2445290
2916,3305627
2917,1886316
2918,3994167
2919,4234197
2920,2897648
2921,11253790
2922,2183709
2923,2209705
2924,1910020
2925,2812551
2926,3997606
2927,3754484
2928,2094775
2929,2244859
2930,2812521
2931,4094040
2932,4699409
2933,3542646
2934,9315376
2935,1931227
2936,2749088
2937,4197930
2938,6860126
2939,12097091
2940,3045774
2941,2052943
2942,3928813
2943,4293776
2944,2237952
2945,1889672
2946,9454368
2947,3754108
2948,4071229
2949,1926994
2950,5389068
2951,4051578
2952,3565317
2953,3181293
2954,3977094
2955,4082734
2956,3175339
2957,2905137
2958,3238030
2959,2015960
2960,2417080
2961,4163155
2962,6634199
2963,5352934
2964,4588820
2965,7335898
2966,5473391
2967,6533454
2968,5277177
2969,6843787
2970,5546105
2971,5413503
2972,5923271
2973,5043757
2974,6797458
2975,3294576
2976,6431685
2977,5307695
2978,6249793
2979,6559396
2980,12811403
2981,5057031
2982,8153855
2983,6276717
2984,4892463
2985,4790463
2986,1914561
2987,5257570
2988,6521470
2989,4187799
2990,5036420
2991,3356847
2992,5364485
2993,5363654
2994,4879004
2995,5466639
2996,2748343
2997,5746594
2998,4886770
2999,10039110
3000,15882249
3001,5320137
3002,5141967
3003,4396212
3004,5125025
3005,8126591
3006,5305346
3007,1577523
3008,10396622
3009,4351770
3010,4859891
3011,5489036
3012,5538079
3013,8262426
3014,4595932
3015,4770531
3016,5737093
3017,2869054
3018,1663629
3019,5601515
3020,5724425
3021,6943152
3022,5656544
3023,7216129
3024,5407941
3025,6715533
3026,1839396
3027,3635371
3028,4835413
3029,5870563
3030,4417563
3031,4799135
3032,5284381
3033,6435347
3034,7110778
3035,5137795
3036,4964398
3037,7212931
3038,8343387
3039,1733790
3040,5118516
3041,5947115
3042,4255704
3043,14305614
3044,5443263
3045,6362008
3046,7243892
3047,6217338
3048,1590398
3049,3403534
3050,3392804
3051,5880164
3052,4697097
3053,4121868
3054,5986680
3055,4822190
3056,7360884
3057,5720962
3058,5274436
3059,6010100
3060,3250275
3061,7219838
3062,5159490
3063,7671188
3064,5555937
3065,7767971
3066,5896775
3067,10364750
3068,15779741
3069,5095146
3070,5040006
3071,2504227
3072,5685487
3073,5442694
3074,4460051
3075,3525574
3076,6337519
3077,6972553
3078,4673319
3079,5324427
3080,6810332
3081,5273919
3082,3864829
3083,1718115
3084,9215498
3085,11121432
3086,5790360
3087,5011490
3088,4981536
3089,5666391
3090,5449719
3091,5240866
3092,1330865
3093,3119385
3094,6198794
3095,4843494
3096,6960494
3097,1383790
3098,6544904
3099,4504433
3100,5710109
3101,5525466
3102,5555696
3103,8759814
3104,5445434
3105,7184185
3106,5168889
3107,3274239
3108,7713467
3109,8100649
3110,4982848
3111,5334644
3112,3808602
3113,4668682
3114,1368400
3115,8790378
3116,5413108
3117,7611314
3118,6381802
3119,4341026
3120,5631001
3121,5113378
3122,5133597
3123,4990627
3124,5812519
3125,3730306
3126,4022316
3127,8707859
3128,6551077
3129,4450487
3130,2954156
3131,1620886
3132,3970119
3133,3474515
3134,7557786
3135,8165419
3136,1844471
3137,8746155
3138,10570395
3139,5343566
3140,5445291
3141,5973911
3142,5127765
3143,6024436
3144,6236705
3145,4899422
3146,3291915
3147,8418405
3148,7597827
3149,6778813
3150,8801665
3151,8107142
3152,4706304
3153,4580433
3154,4168761
3155,4335291
3156,5526636
3157,2637496
3158,5226538
3159,5824251
3160,5791800
3161,5677520
3162,4798574
3163,6281069
3164,5706863
3165,4993504
3166,4927911
3167,4512467
3168,2127204
3169,4859081
3170,10378144
3171,5997563
3172,5102493
3173,5008010
3174,8321226
3175,11119358
3176,9834492
3177,5749422
3178,5000824
3179,2454701
3180,3368500
3181,6664959
3182,5635234
3183,5455341
3184,9038886
3185,5380373
3186,5525430
3187,5753940
3188,5293722
3189,4363440
3190,5155475
3191,7261711
3192,6040894
3193,5012008
3194,5938928
3195,5722531
3196,5336886
3197,2829809
3198,2982275
3199,5862721
3200,2440665
3201,4828103
3202,18774131
3203,5802615
3204,8273800
3205,5929215
3206,3644589
3207,6058351
3208,2025088
3209,5784772
3210,5934021
3211,3869805
3212,5444708
3213,5199152
3214,8011092
3215,13031695
3216,4707310
3217,4910951
3218,4533862
3219,5418420
3220,5313250
3221,6262650
3222,1895895
3223,5663786
3224,8156060
3225,4745418
3226,6789973
3227,6993381
3228,6247211
3229,3243875
3230,5650035
3231,6080216
3232,3160706
3233,4204982
3234,5239762
3235,4965788
3236,5492978
3237,6580530
3238,5162930
3239,4113564
3240,6373666
3241,5048778
3242,12036600
3243,1435390
3244,6087847
3245,5424108
3246,5298805
3247,5445548
3248,5642544
3249,8238916
3250,4942151
3251,5257242
3252,8442661
3253,5110008
3254,2685970
3255,4906352
3256,5643770
3257,5455176
3258,4853799
3259,4910307
3260,6063600
3261,5540413
3262,5711096
3263,6691839
3264,3900207
3265,5956038
3266,5167425
3267,5674198
3268,5175415
3269,5925464
3270,6193132
3271,10125153
3272,5109899
3273,10418324
3274,5012434
3275,1302686
3276,6263349
3277,4797552
3278,5220645
3279,8749426
3280,6260077
3281,6158412
3282,5259155
3283,8566831
3284,5730096
3285,6483981
3286,3728370
3287,6437775
3288,3083129
3289,4597993
3290,5474908
3291,6679555
3292,18857025
3293,6026086
3294,9012094
3295,5651683
3296,2686419
3297,3362821
3298,5589972
3299,6603859
3300,5971608
3301,8224207
3302,5955552
3303,5907837
3304,11529064
3305,9370183
3306,6138126
3307,3860006
3308,7750519
3309,5684077
3310,5230523
3311,4848844
3312,7730998
3313,5516193
3314,5039256
3315,8794691
3316,5081922
3317,4584863
3318,6185551
3319,6104372
3320,7565657
3321,7613138
3322,6026354
3323,6744144
3324,5059445
3325,6278639
3326,4254465
3327,6938150
3328,1860749
3329,1807856
3330,5130967
3331,5583985
3332,6959956
3333,4280756
3334,3191131
3335,5081358
3336,11656291
3337,4940738
3338,4209952
3339,1536385
3340,4606265
3341,10774484
3342,7238651
3343,7580493
3344,6568350
3345,5027372
3346,6451029
3347,5171062
3348,5568146
3349,5391452
3350,4109245
3351,4783185
3352,6196691
3353,4737360
3354,5557561
3355,10894468
3356,4459685
3357,6521925
3358,5234812
3359,5710605
3360,3476996
3361,13387329
3362,16511924
3363,5865365
3364,5638043
3365,10082255
3366,7308532
3367,6838927
3368,5816003
3369,10119232
3370,8010524
3371,2051955
3372,5597647
3373,6207421
3374,8555296
3375,5051656
3376,5796399
3377,5139009
3378,6435793
3379,5619403
3380,11331479
3381,6069193
3382,2814342
3383,4900640
3384,6918395
3385,2980523
3386,1829106
3387,6823065
3388,10718768
3389,5540276
3390,5748547
3391,4507415
3392,1803550
3393,4710074
3394,4588277
3395,5138186
3396,4599678
3397,5094199
3398,4763122
3399,6663256
3400,4814699
3401,5392682
3402,5604154
3403,1959758
3404,5776154
3405,6461165
3406,7576877
3407,6053766
3408,5198956
3409,5204435
3410,9352098
3411,5049023
3412,3540079
3413,4902693
3414,1660119
3415,6339815
3416,5197278
3417,5437780
3418,5405094
3419,4776944
3420,6579554
3421,5372745
3422,7509215
3423,6416675
3424,8897517
3425,7751116
3426,7761115
3427,6205915
3428,7244294
3429,7708474
3430,4364725
3431,4673149
3432,5353978
3433,5309609
3434,5030103
3435,2191747
3436,5008413
3437,5793759
3438,5284937
3439,10379931
3440,5026525
3441,8359994
3442,3500806
3443,5843711
3444,9093171
3445,5842358
3446,1733811
3447,5961138
3448,6293310
3449,5740887
3450,7119664
3451,8597817
3452,6715945
3453,5016998
3454,3894495
3455,8187908
3456,4264190
3457,5076045
3458,13832240
3459,5189586
3460,6976677
3461,6616608
3462,6754657
3463,5227224
3464,4288031
3465,5566213
3466,7526693
3467,2377501
3468,7349775
3469,4896217
3470,5232324
3471,8042246
3472,8222644
3473,7909148
3474,5906244
3475,5793091
3476,16171493
3477,4784261
3478,1744536
3479,6785452
3480,5278357
3481,4951521
3482,5407215
3483,6617332
3484,5801574
3485,7015234
3486,6952316
3487,6112870
3488,5239018
3489,2828400
3490,6333353
3491,5899908
3492,5791582
3493,5040144
3494,6109892
3495,4950114
3496,3838530
3497,2368247
3498,3888764
3499,6695525
3500,1840991
3501,3192966
3502,1783281
3503,2332347
3504,5156818
3505,9051651
3506,8588758
3507,5751628
3508,7108799
3509,4979478
3510,3009344
3511,7469805
3512,5184707
3513,4695914
3514,3527661
3515,8612127
3516,4467064
3517,6014988
3518,4455700
3519,5901140
3520,7774975
3521,1741302
3522,4874847
3523,5380502
3524,7090930
3525,8885541
3526,5476438
3527,5780094
3528,5578317
3529,4213051
3530,3551124
3531,2323049
3532,8791168
3533,7418215
3534,6018557
3535,3008022
3536,3654249
3537,1993926
3538,5722957
3539,5767048
3540,5898076
3541,5608865
3542,1444642
3543,5763992
3544,5009361
3545,5316288
3546,9280385
3547,3615200
3548,18212825
3549,10407204
3550,4863549
3551,5129307
3552,5293386
3553,7494465
3554,6431184
3555,5776873
3556,5467268
3557,4287901
3558,5620416
3559,4296289
3560,5172710
3561,7464025
3562,5705372
3563,1674434
3564,6157242
3565,4885078
3566,4326986
3567,10263435
3568,6100868
3569,7402443
3570,9028298
3571,4874920
3572,5478689
3573,5335426
3574,2604453
3575,5468472
3576,6286808
3577,4199140
3578,4527868
3579,4622274
3580,29076247
3581,5067336
3582,5000866
3583,4515036
3584,3864387
3585,4253965
3586,5880011
3587,7609258
3588,8853887
3589,3586487
3590,5259053
3591,5186686
3592,5805129
3593,10430347
3594,9219395
3595,1698365
3596,9281696
3597,5414423
3598,4344518
3599,5615941
3600,5552506
3601,6063587
3602,5843539
3603,6592760
3604,6782512
3605,4614050
3606,3088025
3607,8636540
3608,5787570
3609,7472595
3610,8493674
3611,5323771
3612,6439551
3613,5484029
3614,5534488
3615,5760447
3616,4431667
3617,3405022
3618,5272597
3619,4276784
3620,7716366
3621,5702252
3622,5476677
3623,5524216
3624,4535410
3625,2056117
3626,2034382
3627,3811074
3628,4067075
3629,6105615
3630,8738362
3631,5522697
3632,5588684
3633,5894326
3634,7696982
3635,6171344
3636,4918021
3637,10435248
3638,1749991
3639,1985562
3640,5550999
3641,4664529
3642,3151354
3643,8546732
3644,11435045
3645,6218206
3646,5430761
3647,6470648
3648,4016748
3649,4183774
3650,6232064
3651,8319068
3652,6443973
3653,14472793
3654,2085451
3655,5270517
3656,9089310
3657,5120523
3658,5591997
3659,1799650
3660,4152118
3661,6280972
3662,4623934
3663,6461014
3664,5409170
3665,6296906
3666,11029903
3667,6510746
3668,5576592
3669,4816834
3670,4023275
3671,5662380
3672,9848221
3673,6556498
3674,4102231
3675,5224873
3676,5200430
3677,3614179
3678,5895748
3679,4747120
3680,3988581
3681,5915202
3682,6426477
3683,5662426
3684,6565450
3685,6396997
3686,7731613
3687,6128370
3688,1710022
3689,2159586
3690,4508102
3691,4125857
3692,4067429
3693,20938935
3694,6677761
3695,5384624
3696,5466399
3697,5273500
3698,7372483
3699,5482603
3700,5209939
3701,5721595
3702,1620324
3703,6066409
3704,5433152
3705,8046159
3706,7541623
3707,5964120
3708,5309322
3709,5075141
3710,4411183
3711,3112949
3712,5130715
3713,4137175
3714,7077307
3715,5598080
3716,8018223
3717,6652085
3718,3867095
3719,5016549
3720,10360592
3721,6032463
3722,4596661
3723,2976632
3724,10545396
3725,4288100
3726,5782164
3727,6221780
3728,5318902
3729,6025381
3730,3732400
3731,5415851
3732,6303300
3733,1778126
3734,1835761
3735,20070547
3736,9712252
3737,3608135
3738,1890550
3739,5824263
3740,5427853
3741,6265821
3742,7128618
3743,4683424
3744,4356759
3745,5801905
3746,7279751
3747,5766097
3748,8361570
3749,4865554
3750,4727560
3751,6458561
3752,5551954
3753,5359253
3754,7296582
3755,1861636
3756,8050815
3757,6495910
3758,4962090
3759,5330910
3760,5238615
3761,4878239
3762,5427785
3763,5852201
3764,7998732
3765,9287967
3766,3646933
3767,8507370
3768,9986270
3769,5796284
3770,4464646
3771,7124807
3772,14033608
3773,5800122
3774,6947628
3775,8798345
3776,1358698
3777,5940795
3778,7683311
3779,4889549
3780,5077322
3781,4520438
3782,5574910
3783,5106585
3784,5910829
3785,5570168
3786,5629862
3787,1523646
3788,8828972
3789,7305527
3790,7487349
3791,4993597
3792,6067520
3793,8752721
3794,5776406
3795,5660897
3796,12144685
3797,3530051
3798,15396876
3799,5435715
3800,6103956
3801,6305952
3802,5036218
3803,5869298
3804,5224057
3805,4955189
3806,6110437
3807,5631306
3808,2468537
3809,6334271
3810,5406317
3811,5293114
3812,4388047
3813,8400655
3814,6010027
3815,4955042
3816,4965499
3817,4559364
3818,4268222
3819,6503876
3820,3346481
3821,7171833
3822,4143000
3823,4666187
3824,5016950
3825,7851977
3826,5972949
3827,5094711
3828,7763774
3829,5321840
3830,8682478
3831,13786763
3832,5746535
3833,5205158
3834,4711734
3835,7261425
3836,8827471
3837,7114171
3838,5117164
3839,5192636
3840,1911249
3841,5921336
3842,1915106
3843,1636410
3844,5694811
3845,5104028
3846,7133665
3847,5545995
3848,10156987
3849,7112760
3850,5863651
3851,4253988
3852,6225045
3853,5523135
3854,5768211
3855,7489955
3856,5873774
3857,3884851
3858,9177932
3859,6892072
3860,5081804
3861,18012386
3862,6313090
3863,5230029
3864,4258125
3865,4550749
3866,12299260
3867,5442243
3868,4935836
3869,5603227
3870,4834377
3871,5547551
3872,1511831
3873,5495914
3874,8941948
3875,5697934
3876,5129889
3877,5171495
3878,17282676
3879,5624508
3880,5525705
3881,5481371
3882,19874703
3883,4358663
3884,9404501
3885,5713443
3886,5605139
3887,5298611
3888,7256118
3889,5012625
3890,5194113
3891,4897752
3892,5046058
3893,3166651
3894,4964340
3895,13191771
3896,5737616
3897,8836022
3898,4267969
3899,4848273
3900,4499496
3901,7688130
3902,4416693
3903,21119200
3904,2355887
3905,5208607
3906,4077528
3907,7704333
3908,8503141
3909,5430409
3910,4527014
3911,6821428
3912,5659495
3913,5867702
3914,6115765
3915,7348196
3916,6380675
3917,5368097
3918,5364779
3919,5909732
3920,5394656
3921,5165232
3922,7133793
3923,5707447
3924,17259559
3925,2719373
3926,6420877
3927,5704541
3928,8429810
3929,3555503
3930,6044575
3931,4504302
3932,1690474
3933,7888765
3934,3517068
3935,4642244
3936,2286810
3937,6192759
3938,7441214
3939,1919254
3940,5979894
3941,6872904
3942,5286942
3943,5202720
3944,5612273
3945,17135367
3946,3318160
3947,4301494
3948,5794495
3949,8194954
3950,10656566
3951,4217143
3952,5439119
3953,5157888
3954,4409864
3955,4653557
3956,7009099
3957,3113176
3958,5757591
3959,5796157
3960,7607942
3961,6528495
3962,4736565
3963,4526184
3964,5285940
3965,5029873
3966,17940398
3967,6707302
3968,1798794
3969,5151128
3970,5472459
3971,5715053
3972,5191866
3973,5789323
3974,5568342
3975,4916405
3976,6022553
3977,4777354
3978,4569893
3979,5689441
3980,1586705
3981,5004873
3982,12961251
3983,6414185
3984,5536071
3985,5175853
3986,5173646
3987,18002321
3988,5663544
3989,4274012
3990,1934977
3991,3697826
3992,6320070
3993,8397478
3994,9068488
3995,5759776
3996,5850609
3997,5925959
3998,5152510
3999,5545666
4000,1620646
4001,6822955
4002,4557434
4003,5137464
4004,4315214
4005,4581829
4006,4595939
4007,3416352
4008,7112597
4009,5187513
4010,6658872
4011,4718659
4012,1862354
4013,6704609
4014,6579966
4015,5619213
4016,5286055
4017,5914963
4018,5171054
4019,4927809
4020,5942704
4021,1502953
4022,5210723
4023,6309312
4024,5751584
4025,5640994
4026,13914776
4027,7403811
4028,11736590
4029,6888728
4030,5086426
4031,12180992
4032,2806666
4033,6605421
4034,5687169
4035,6059359
4036,4920355
4037,4961446
4038,5438463
4039,4425217
4040,5319219
4041,4731464
4042,7778417
4043,6106992
4044,4616950
4045,5219802
4046,3614947
4047,5050427
4048,4458266
4049,4978585
4050,6572164
4051,4636294
4052,4840359
4053,3117197
4054,3556134
4055,4925815
4056,5255116
4057,5472224
4058,9874697
4059,5519977
4060,5188287
4061,6478852
4062,6751266
4063,7396378
4064,6442996
4065,6354176
4066,7353501
4067,4365125
4068,5180083
4069,6366006
4070,5011424
4071,7852783
4072,4573194
4073,6219364
4074,6776851
4075,2768384
4076,5930407
4077,6082054
4078,4877847
4079,5834260
4080,5416914
4081,9633311
4082,8399921
4083,4985631
4084,4885885
4085,5079474
4086,2051252
4087,5252234
4088,6629014
4089,3802702
4090,5358647
4091,7075591
4092,4793104
4093,2749176
4094,2054516
4095,3044380
4096,2047506
4097,3031955
4098,4545747
4099,3200980
4100,4315112
4101,6600015
4102,5245013
4103,3630737
4104,8850479
4105,18494811
4106,5384143
4107,1642171
4108,6096322
4109,7109866
4110,5621348
4111,11961163
4112,6534438
4113,7430243
4114,5762305
4115,5441897
4116,6345597
4117,3908509
4118,6714791
4119,8575053
4120,5247479
4121,7311850
4122,5185260
4123,4726611
4124,5498446
4125,6060616
4126,9709435
4127,5237396
4128,3487185
4129,6819742
4130,8618474
4131,8164489
4132,4347521
4133,4554930
4134,10172946
4135,9422983
4136,4350912
4137,8763137
4138,3202976
4139,4733335
4140,7965484
4141,2448780
4142,5620713
4143,5908633
4144,5728685
4145,6024129
4146,17929585
4147,4839992
4148,9042545
4149,1360404
4150,6497846
4151,11155607
4152,5306565
4153,11430928
4154,5624851
4155,6602484
4156,5403689
4157,7340282
4158,6245708
4159,9153494
4160,4754730
4161,6658727
4162,6015827
4163,5045325
4164,3691282
4165,7218978
4166,8094468
4167,7667316
4168,6792711
4169,8201945
4170,5742084
4171,5346854
4172,5446844
4173,2422388
4174,4161190
4175,5619874
4176,15266704
4177,7738134
4178,5987258
4179,5009453
4180,4863843
4181,5511962
4182,2713000
4183,5323035
4184,6253795
4185,6608249
4186,8807927
4187,6094694
4188,10203398
4189,5232991
4190,8686125
4191,7332319
4192,3131006
4193,5894859
4194,5480864
4195,7656572
4196,5382636
4197,7328421
4198,5496596
4199,5296189
4200,5354453
4201,6456522
4202,5261009
4203,1484007
4204,6350075
4205,6985843
4206,4240019
4207,4699994
4208,9365250
4209,4834458
4210,4888743
4211,5341433
4212,5149499
4213,5774881
4214,7059839
4215,7269063
4216,4563777
4217,4465448
4218,7033331
4219,7405223
4220,4473176
4221,5116698
4222,5297069
4223,4390727
4224,2715314
4225,5536580
4226,5529008
4227,5146648
4228,8460093
4229,7369930
4230,7500174
4231,8126804
4232,12358061
4233,7231996
4234,5983550
4235,1535254
4236,8488080
4237,5327497
4238,4898280
4239,8592905
4240,7754655
4241,6557808
4242,2282299
4243,6565561
4244,6164080
4245,6231186
4246,2272419
4247,4674673
4248,5323501
4249,7362075
4250,3240209
4251,5486838
4252,5336445
4253,6015691
4254,2975290
4255,5592698
4256,1870235
4257,4959101
4258,4512100
4259,4064928
4260,15475546
4261,5674782
4262,4581370
4263,5927062
4264,5564581
4265,5910937
4266,5820948
4267,1847254
4268,4873472
4269,4748978
4270,4797492
4271,4879264
4272,5001802
4273,7790617
4274,5473920
4275,6284277
4276,6397797
4277,16163778
4278,5300088
4279,4929952
4280,5084238
4281,5993368
4282,4531151
4283,7621141
4284,6018682
4285,4244664
4286,4016588
4287,4448852
4288,1591157
4289,3396087
4290,3837482
4291,4348714
4292,6612478
4293,3030917
4294,1866472
4295,18558815
4296,7850631
4297,5507974
4298,10011591
4299,1484504
4300,5367255
4301,4829293
4302,6027515
4303,5220810
4304,4980859
4305,4845975
4306,4828199
4307,5859947
4308,6849185
4309,5682731
4310,3240519
4311,5678850
4312,5683509
4313,5174700
4314,4264317
4315,9711473
4316,5517066
4317,4737761
4318,5631330
4319,7890061
4320,4834011
4321,7643983
4322,5091613
4323,12025160
4324,5784754
4325,5488727
4326,5719101
4327,8587090
4328,5565181
4329,7133993
4330,5233622
4331,1564244
4332,5390674
4333,8669127
4334,4982323
4335,6682746
4336,3989081
4337,5077823
4338,6889690
4339,3407020
4340,1974553
4341,2106166
4342,1882922
4343,6107819
4344,9484470
4345,4921983
4346,7237250
4347,4957116
4348,5624333
4349,6336893
4350,5693254
4351,5345735
4352,4263709
4353,8432701
4354,3635585
4355,6132036
4356,6591760
4357,5061655
4358,5268991
4359,5859004
4360,6080324
4361,5506853
4362,5070371
4363,1793991
4364,6460594
4365,10782435
4366,13025374
4367,8028877
4368,9204541
4369,5642505
4370,6358314
4371,12252055
4372,5358091
4373,5978675
4374,1631046
4375,6164508
4376,5712269
4377,6091791
4378,6607865
4379,5505974
4380,5294786
4381,8050946
4382,5005216
4383,8868207
4384,5073059
4385,3502460
4386,6501098
4387,5333269
4388,4481589
4389,5728043
4390,6767689
4391,5735543
4392,8407119
4393,5479776
4394,19935526
4395,2859177
4396,6297782
4397,7429759
4398,6166535
4399,3339565
4400,5501662
4401,5712599
4402,5505473
4403,5796776
4404,5809886
4405,6555299
4406,2080828
4407,7432428
4408,5602831
4409,5637146
4410,6018545
4411,8411453
4412,4991720
4413,5139433
4414,5521156
4415,6815244
4416,8128855
4417,9234164
4418,5964703
4419,6044471
4420,5776219
4421,6574265
4422,5471107
4423,5394308
4424,5407886
4425,5532704
4426,6433642
4427,3916918
4428,7454231
4429,5337240
4430,9520413
4431,6010133
4432,4480843
4433,4728468
4434,5737796
4435,5882130
4436,8850341
4437,9096089
4438,2786192
4439,5954031
4440,5722669
4441,5338322
4442,2612403
4443,5642411
4444,4659705
4445,4816667
4446,3318915
4447,4274191
4448,5367872
4449,3295718
4450,5531435
4451,9452038
4452,5187669
4453,6071886
4454,6387767
4455,4356202
4456,6641820
4457,5818307
4458,6128040
4459,2225702
4460,5137043
4461,7080854
4462,6207630
4463,6686800
4464,5086541
4465,5273750
4466,5860014
4467,10170948
4468,5920734
4469,4351804
4470,1765167
4471,5761695
4472,5441106
4473,6785174
4474,5442989
4475,6260251
4476,5236569
4477,5821009
4478,6731235
4479,5637998
4480,5836800
4481,4634574
4482,5492090
4483,6750502
4484,5098871
4485,5398193
4486,7111878
4487,4855976
4488,5850730
4489,2076113
4490,4998521
4491,3099312
4492,4315831
4493,6508833
4494,4378126
4495,4361969
4496,2979679
4497,2205406
4498,5842389
4499,3727109
4500,6104702
4501,7049573
4502,2702125
4503,5568256
4504,5051912
4505,3126954
4506,6478213
4507,2031005
4508,3125774
4509,4718932
4510,7487934
4511,6650023
4512,7530443
4513,1994595
4514,5372255
4515,7779657
4516,7794523
4517,5872194
4518,10061635
4519,4824736
4520,7301557
4521,3139020
4522,11204578
4523,3837299
4524,4614352
4525,5911037
4526,4974937
4527,12906423
4528,5789404
4529,5938016
4530,4431217
4531,6871390
4532,6837030
4533,7753747
4534,2136568
4535,6491727
4536,4897882
4537,6921162
4538,5919687
4539,7878076
4540,5213803
4541,4888766
4542,5473386
4543,6866652
4544,4649626
4545,1604451
4546,6237151
4547,3902674
4548,6133975
4549,9320388
4550,6087844
4551,6011989
4552,6639058
4553,6073554
4554,8734220
4555,1757622
4556,2369209
4557,4731326
4558,5682457
4559,6246948
4560,8424259
4561,5009639
4562,6141126
4563,5228366
4564,5918928
4565,5448184
4566,1959554
4567,5181349
4568,5509459
4569,4945091
4570,5501237
4571,8475246
4572,5189525
4573,9073679
4574,4923572
4575,6954775
4576,6786533
4577,2713051
4578,4933983
4579,5045796
4580,6063892
4581,7972085
4582,5493120
4583,5256097
4584,4335604
4585,21171018
4586,7390476
4587,1241455
4588,5242352
4589,5031505
4590,5263110
4591,7322074
4592,5013381
4593,7519771
4594,6615418
4595,6619499
4596,4447654
4597,2493526
4598,1653381
4599,7840963
4600,8873066
4601,22969540
4602,5440615
4603,5640040
4604,7375540
4605,5171839
4606,4699879
4607,5290965
4608,5211900
4609,3004230
4610,5577179
4611,5682842
4612,5432473
4613,4230118
4614,5314149
4615,5197568
4616,4667349
4617,6725238
4618,5140868
4619,3196164
4620,5547157
4621,6443022
4622,5787105
4623,4408564
4624,4723607
4625,5339980
4626,5404187
4627,5111296
4628,6154101
4629,10018134
4630,1679671
4631,5726148
4632,5929195
4633,5349333
4634,4936171
4635,6571520
4636,5191915
4637,4941970
4638,6068077
4639,17658754
4640,4225838
4641,3162554
4642,1391620
4643,12012246
4644,5685673
4645,5466815
4646,4984845
4647,3300892
4648,5647893
4649,5658085
4650,10519012
4651,3191054
4652,6896670
4653,6608327
4654,5359740
4655,6729976
4656,3665451
4657,3693853
4658,3473499
4659,4213294
4660,6426615
4661,3595979
4662,4840845
4663,3300767
4664,5414428
4665,3339506
4666,3357634
4667,3223528
4668,3304665
4669,3095689
4670,3312941
4671,1563542
4672,1978542
4673,1760645
4674,3492921
4675,3473882
4676,2743011
4677,2924017
4678,1896614
4679,2084682
4680,3610522
4681,3247592
4682,1776984
4683,2973420
4684,2051228
4685,2111068
4686,1728078
4687,2487642
4688,3320997
4689,1661894
4690,3024959
4691,3663075
4692,2081959
4693,1561592
4694,3680777
4695,8919022
4696,2669435
4697,1970652
4698,1704579
4699,1917426
4700,3986118
4701,5293830
4702,3966164
4703,3422042
4704,3598913
4705,3448809
4706,3521901
4707,3455530
4708,4901005
4709,7248226
4710,2257527
4711,4058766
4712,3903156
4713,3830552
4714,3912669
4715,3597055
4716,1561678
4717,1652682
4718,1928828
4719,5566753
4720,3458798
4721,12443928
4722,2527551
4723,2552503
4724,2720271
4725,4220567
4726,2779338
4727,5980073
4728,6599449
4729,6376813
4730,6652087
4731,3515436
4732,3806050
4733,6497432
4734,1627511
4735,4032144
4736,3634379
4737,3835985
4738,3452829
4739,3599576
4740,4464425
4741,3941961
4742,2007026
4743,3061729
4744,11539384
4745,3582291
4746,2284164
4747,2370986
4748,1683320
4749,1861431
4750,2291243
4751,4623705
4752,2034144
4753,2038483
4754,3816917
4755,2760337
4756,3753049
4757,5374921
4758,3919980
4759,4561358
4760,3716002
4761,1618568
4762,2649459
4763,5583100
4764,7198508
4765,4997342
4766,8060749
4767,3576796
4768,7082895
4769,5764000
4770,7367147
4771,6258101
4772,6128317
4773,10431029
4774,3351981
4775,6194609
4776,6371621
4777,5962016
4778,8099138
4779,6748792
4780,5291095
4781,5699631
4782,2846814
4783,5360069
4784,5405402
4785,11657281
4786,7731871
4787,4209399
4788,1378366
4789,5367764
4790,7865933
4791,8138781
4792,5947018
4793,4528865
4794,4910944
4795,4631786
4796,6495793
4797,7626512
4798,5410179
4799,2071158
4800,13679235
4801,5396092
4802,4532401
4803,6107591
4804,5904320
4805,5947495
4806,9427517
4807,5304111
4808,7957680
4809,2859811
4810,5434716
4811,8557688
4812,3529134
4813,4683316
4814,4210623
4815,5606596
4816,4637580
4817,4821313
4818,5036647
4819,6802173
4820,1407639
4821,6247233
4822,6168036
4823,5899301
4824,5640056
4825,5459816
4826,5645854
4827,6974776
4828,8967794
4829,5540930
4830,5778727
4831,4426590
4832,6446805
4833,7555905
4834,4989038
4835,5366715
4836,4349676
4837,7301418
4838,6568805
4839,6378788
4840,6781188
4841,5202371
4842,2836898
4843,5349366
4844,7353855
4845,5333658
4846,7300369
4847,4868151
4848,6357600
4849,7840729
4850,5258412
4851,6906464
4852,1432780
4853,5814575
4854,3509354
4855,6184888
4856,5943242
4857,5482453
4858,2770176
4859,5740244
4860,6185824
4861,5805722
4862,7056291
4863,4270112
4864,5843565
4865,6272414
4866,7802245
4867,5807066
4868,4985690
4869,5989887
4870,6023037
4871,6149659
4872,5219298
4873,2319446
4874,5320426
4875,5341518
4876,5338614
4877,5737146
4878,7649597
4879,8234308
4880,5578549
4881,6208768
4882,6766649
4883,5714001
4884,1414447
4885,5610739
4886,4695985
4887,5115221
4888,5052958
4889,5782421
4890,6221493
4891,6178431
4892,5206972
4893,5983005
4894,5546770
4895,4701700
4896,5280607
4897,6587471
4898,7280483
4899,1855479
4900,3852566
4901,8015527
4902,7156888
4903,7536491
4904,5673959
4905,6559014
4906,5390740
4907,4056683
4908,4156360
4909,5222969
4910,4853814
4911,6837510
4912,5188771
4913,5207401
4914,4164350
4915,17602949
4916,1728571
4917,6363962
4918,6592852
4919,5786534
4920,9272300
4921,6040595
4922,5635275
4923,6359348
4924,7519005
4925,5130306
4926,5577066
4927,2865486
4928,5233036
4929,6950111
4930,8020037
4931,7597287
4932,8930314
4933,6347860
4934,5188387
4935,7517092
4936,5888211
4937,2764664
4938,3797606
4939,6532940
4940,5344948
4941,9977049
4942,5691800
4943,7056995
4944,4958711
4945,3217646
4946,7229348
4947,2177288
4948,1739324
4949,10590837
4950,5512143
4951,10308141
4952,6957882
4953,9856439
4954,5305918
4955,5723684
4956,5555870
4957,4252327
4958,2819850
4959,6688251
4960,7663568
4961,8500004
4962,5019693
4963,5773621
4964,5200202
4965,6076226
4966,5247844
4967,10046177
4968,5802398
4969,2204298
4970,2969533
4971,7916044
4972,4941996
4973,6180801
4974,7392835
4975,5851567
4976,6118938
4977,5329864
4978,5715115
4979,5589205
4980,1690725
4981,6526578
4982,11810718
4983,5297163
4984,8690352
4985,8429675
4986,4897548
4987,4299177
4988,3751500
4989,5246431
4990,1141333
4991,6732344
4992,5739709
4993,7984307
4994,5485077
4995,8710108
4996,4793332
4997,5108632
4998,5092276
4999,5447652
5000,5597152
5001,2023235
5002,6277518
5003,5363569
5004,5824462
5005,8339421
5006,7712387
5007,4339681
5008,5326483
5009,4737850
5010,4169252
5011,9777035
5012,2096292
5013,4893426
5014,4775537
5015,4544904
5016,8349633
5017,5218578
5018,5699442
5019,4476639
5020,4962052
5021,5154014
5022,2877302
5023,8659664
5024,4458820
5025,4299162
5026,4143679
5027,6294728
5028,6259699
5029,5133000
5030,4559293
5031,4760095
5032,8246160
5033,1624374
5034,5307159
5035,4848037
5036,5521001
5037,6856796
5038,7288329
5039,4805452
5040,4689609
5041,4672862
5042,5211621
5043,6650260
5044,2000663
5045,4828242
5046,4706365
5047,4070457
5048,6886884
5049,4489215
5050,5514758
5051,7484722
5052,8354991
5053,6867066
5054,6484977
5055,5194919
5056,6157627
5057,5139511
5058,15314623
5059,4794284
5060,19831914
5061,6923669
5062,5757075
5063,5193367
5064,5985223
5065,1429883
5066,5670713
5067,4472708
5068,6193321
5069,5726062
5070,5697180
5071,5763468
5072,5139612
5073,6774688
5074,5229484
5075,4929475
5076,3604172
5077,5719697
5078,5224304
5079,5944318
5080,10198881
5081,5351780
5082,5397859
5083,4975168
5084,5376315
5085,4568929
5086,1229801
5087,8404602
5088,4798878
5089,5620936
5090,5755390
5091,10065509
5092,5044532
5093,4686119
5094,5221324
5095,5197789
5096,4600260
5097,1522071
5098,4786488
5099,5486427
5100,5297901
5101,6782633
5102,6237149
5103,8082252
5104,4927832
5105,12307726
5106,4749042
5107,4913692
5108,2259026
5109,5696409
5110,5646091
5111,4931444
5112,4913455
5113,4802132
5114,5454733
5115,4880846
5116,5507496
5117,3294863
5118,2170620
5119,2166180
5120,2041569
5121,2171069
5122,2486897
5123,1850437
5124,4855839
5125,4430387
5126,3977269
5127,3924650
5128,4071733
5129,3875446
5130,3665701
5131,4061807
5132,2889289
5133,3998986
5134,3906556
5135,4179206
5136,2010094
5137,3610432
5138,3851715
5139,3510061
5140,1940715
5141,4113950
5142,3648715
5143,4253141
5144,4184654
5145,4923017
5146,4534610
5147,4345885
5148,4778019
5149,6351125
5150,8612293
5151,2189461
5152,3924127
5153,3890315
5154,2643983
5155,3812212
5156,3939668
5157,7179359
5158,3862242
5159,1922474
5160,3944030
5161,3941046
5162,2703250
5163,3030089
5164,2600379
5165,4126254
5166,9130509
5167,3726817
5168,4330680
5169,3557758
5170,4057230
5171,6511342
5172,3651717
5173,4347139
5174,2629322
5175,3936883
5176,3372296
5177,2492366
5178,4397052
5179,2269572
5180,1876325
5181,4280839
5182,4998928
5183,5011669
5184,4096631
5185,1963685
5186,4215533
5187,15942819
5188,4437210
5189,2669338
5190,2725981
5191,4266606
5192,4072837
5193,7002181
5194,2875350
5195,6281974
5196,4409331
5197,2147766
5198,4324027
5199,2309531
5200,2020256
5201,4221778
5202,4376137
5203,1911156
5204,1882748
5205,6516179
5206,3870007
5207,4604162
5208,4206153
5209,3769894
5210,4167368
5211,4012398
5212,4403930
5213,4088587
5214,4411302
5215,4148598
5216,3972623
5217,3825220
5218,2867795
5219,3928459
5220,2439912
5221,4367108
5222,2877569
5223,3886278
5224,4177197
5225,1882735
5226,3958327
5227,4395186
5228,2905250
5229,4065733
5230,4107660
5231,4664995
5232,4580508
5233,7545775
5234,4397536
5235,3073257
5236,2779464
5237,2876050
5238,2690411
5239,4154490
5240,4145922
5241,4281170
5242,3079453
5243,4311345
5244,2078759
5245,4215343
5246,2936410
5247,3610415
5248,3243556
5249,4532733
5250,5445871
5251,4168348
5252,3909528
5253,4171294
5254,4183369
5255,3806529
5256,4165654
5257,2642971
5258,5324111
5259,2199119
5260,4321772
5261,2134940
5262,4175909
5263,4200413
5264,8788300
5265,3725371
5266,4115975
5267,2688463
5268,3005080
5269,3967653
5270,3994474
5271,2528620
5272,3323463
5273,1907641
5274,3904057
5275,3954169
5276,2323004
5277,3749722
5278,4880803
5279,3764886
5280,4353980
5281,2287052
5282,3026317
5283,4771519
5284,1982592
5285,3857796
5286,3546199
5287,4860457
5288,1986415
5289,2987639
5290,1960526
5291,5632733
5292,1873105
5293,2289140
5294,2776656
5295,1906604
5296,2032788
5297,1835803
5298,1999972
5299,3231086
5300,5433718
5301,5334262
5302,4318702
5303,4255499
5304,4505605
5305,3408182
5306,2389745
5307,4494910
5308,5931483
5309,4435000
5310,3437300
5311,4302310
5312,6865836
5313,4700179
5314,4356594
5315,4386222
5316,2430504
5317,2514046
5318,4431644
5319,4064635
5320,4550412
5321,4116759
5322,3964390
5323,4131717
5324,4045112
5325,4024168
5326,1885850
5327,4287434
5328,4174888
5329,4628711
5330,4238811
5331,6863395
5332,3666800
5333,4105470
5334,4175942
5335,4175756
5336,5085230
5337,4473991
5338,8914296
5339,4766031
5340,4862601
5341,6449320
5342,1480576
5343,5129479
5344,5347973
5345,1895572
5346,4324719
5347,1825776
5348,6607532
5349,9032828
5350,3804123
5351,11986672
5352,12340266
5353,2047244
5354,7155505
5355,4014697
5356,7039286
5357,3553420
5358,4080342
5359,5050403
5360,5531880
5361,2274092
5362,6900230
5363,3563798
5364,13196032
5365,5480592
5366,5857606
5367,5586592
5368,5547311
5369,13083278
5370,4572002
5371,4945832
5372,5380814
5373,9541683
5374,1639178
5375,7724903
5376,5933388
5377,7404937
5378,5205652
5379,4863779
5380,13163727
5381,7994316
5382,6195615
5383,5456643
5384,5751581
5385,2549614
5386,8588195
5387,4761246
5388,7517550
5389,6671741
5390,5029298
5391,4100477
5392,7271677
5393,6413315
5394,9538416
5395,2251325
5396,5509529
5397,5032852
5398,5138311
5399,4569900
5400,5020776
5401,6429719
5402,3926578
5403,4965857
5404,7306133
5405,5295230
5406,3382370
5407,6347231
5408,5717060
5409,5520815
5410,16368387
5411,7857426
5412,7294855
5413,7751330
5414,7634678
5415,8531456
5416,4837349
5417,4030491
5418,5527548
5419,6418546
5420,4765135
5421,4931846
5422,4434028
5423,6310628
5424,11593511
5425,5797106
5426,4664419
5427,3511486
5428,5106413
5429,4879540
5430,6176376
5431,5611771
5432,5512044
5433,5767502
5434,5161824
5435,5371788
5436,8073808
5437,5332165
5438,3474488
5439,6366943
5440,5103778
5441,3664687
5442,4035289
5443,4933232
5444,5634755
5445,5602127
5446,7427955
5447,7359561
5448,2492107
5449,4908427
5450,6183007
5451,2662113
5452,5993988
5453,6528117
5454,3840166
5455,4880548
5456,5198700
5457,10591716
5458,8162639
5459,5211743
5460,3889513
5461,6448557
5462,3105224
5463,5586977
5464,5203515
5465,4505201
5466,5596302
5467,4289674
5468,8875106
5469,1811331
5470,4402046
5471,4591086
5472,6899447
5473,5130005
5474,4592446
5475,4668232
5476,8974958
5477,4681070
5478,6560138
5479,4340806
5480,1332298
5481,5114938
5482,5530189
5483,6935679
5484,6000816
5485,4583506
5486,5020746
5487,5093497
5488,5637675
5489,3642759
5490,6044847
5491,2753480
5492,6886090
5493,4966885
5494,4758185
5495,4316090
5496,4753703
5497,4933186
5498,6173564
5499,8563195
5500,4994143
5501,2491292
5502,4983688
5503,6478728
5504,6285192
5505,2405881
5506,6940607
5507,4654718
5508,10580902
5509,4402345
5510,7861028
5511,5634279
5512,1524641
5513,17434909
5514,4317031
5515,5215699
5516,4203853
5517,11626370
5518,3925907
5519,3783571
5520,5928001
5521,4753990
5522,3916570
5523,5484082
5524,4731103
5525,3820213
5526,5681412
5527,7248721
5528,5363508
5529,6330244
5530,5685103
5531,5249033
5532,5430482
5533,1529539
5534,5407068
5535,4806898
5536,12728777
5537,5120603
5538,4235766
5539,3376138
5540,5367386
5541,8831471
5542,5777761
5543,5832311
5544,1950865
5545,4706770
5546,4887439
5547,7294414
5548,3126393
5549,4388403
5550,4163135
5551,17090223
5552,3880843
5553,3949111
5554,4041250
5555,6529010
5556,5854617
5557,5038036
5558,5034029
5559,7978439
5560,4893837
5561,5844987
5562,5034766
5563,5467986
5564,6285690
5565,1501830
5566,5446693
5567,4717362
5568,4725873
5569,4112900
5570,12530911
5571,4240764
5572,4298596
5573,4460867
5574,5792149
5575,4755542
5576,2520483
5577,4760573
5578,4234586
5579,4284670
5580,4838290
5581,5405821
5582,3679808
5583,8013605
5584,5911915
5585,5719808
5586,4622234
5587,4642107
5588,5202440
5589,4435892
5590,6674273
5591,5086259
5592,5236388
5593,12189296
5594,5256991
5595,4728541
5596,4934994
5597,2996175
5598,8838585
5599,6676345
5600,5157454
5601,6862490
5602,9154964
5603,11823985
5604,8191374
5605,9178867
5606,4994616
5607,6920905
5608,1468219
5609,4629320
5610,4727336
5611,4847312
5612,4562792
5613,7867184
5614,7134088
5615,5044911
5616,5321099
5617,6681959
5618,4558362
5619,2725014
5620,7860177
5621,7880861
5622,5662662
5623,4351970
5624,4268069
5625,6756499
5626,4945602
5627,5706159
5628,5234914
5629,4048962
5630,6229271
5631,4700917
5632,4548526
5633,4787700
5634,4821730
5635,4135954
5636,4581917
5637,4740136
5638,4344541
5639,9056246
5640,1520217
5641,6102319
5642,5149897
5643,6271287
5644,5159626
5645,4813000
5646,8907508
5647,5168656
5648,6262667
5649,5115801
5650,4866911
5651,3247252
5652,5218017
5653,21017461
5654,6977604
5655,3862046
5656,6012410
5657,4970322
5658,5508282
5659,12187991
5660,18611092
5661,2601629
5662,5534712
5663,2112399
5664,5749703
5665,7228021
5666,7550293
5667,7024794
5668,5135680
5669,4774419
5670,6923165
5671,4092110
5672,1542968
5673,7235035
5674,4803774
5675,5662447
5676,5040063
5677,12882841
5678,6441813
5679,4838899
5680,5347515
5681,5419318
5682,6199391
5683,2918766
5684,5402608
5685,6634259
5686,5145709
5687,4805654
5688,6681647
5689,6140677
5690,6476738
5691,5541743
5692,7401301
5693,5202285
5694,7927026
5695,7166620
5696,5414087
5697,5906605
5698,5233395
5699,4582360
5700,7580495
5701,4954626
5702,5263171
5703,4449149
5704,1390861
5705,3439761
5706,5393134
5707,4891786
5708,4829990
5709,7734455
5710,5383921
5711,5070251
5712,5845689
5713,9722371
5714,4621660
5715,2565044
5716,5217691
5717,6269449
5718,8380194
5719,5465150
5720,4711272
5721,4864016
5722,4635223
5723,6232960
5724,7327575
5725,2397077
5726,6103847
5727,8324375
5728,5867758
5729,4279502
5730,6617915
5731,5988596
5732,4640343
5733,8388594
5734,5069804
5735,6611526
5736,8218526
5737,4988606
5738,7897161
5739,7562688
5740,4689566
5741,1959125
5742,4698480
5743,3239038
5744,4026073
5745,4388995
5746,3391505
5747,5309344
5748,5709213
5749,6177484
5750,5596355
5751,8325180
5752,7519901
5753,5605353
5754,2129112
5755,2122380
5756,5029399
5757,1506875
5758,5512880
5759,5171785
5760,4407190
5761,5516556
5762,6197182
5763,6017892
5764,1827656
5765,5353379
5766,5658311
5767,11610898
5768,5186288
5769,5144236
5770,5196277
5771,4701857
5772,8205100
5773,6852698
5774,11503793
5775,5913525
5776,7050555
5777,6563595
5778,1734853
5779,5192715
5780,7828937
5781,6467248
5782,4510267
5783,4260155
5784,5325097
5785,4506360
5786,6914852
5787,6714861
5788,6461935
5789,2463551
5790,4991635
5791,5501023
5792,5043371
5793,7766333
5794,6441423
5795,4561909
5796,5867205
5797,9410015
5798,5078012
5799,3483303
5800,3789471
5801,5465604
5802,5275237
5803,5438978
5804,6516870
5805,7077835
5806,6697499
5807,1698242
5808,8526309
5809,12442277
5810,2509591
5811,5314720
5812,4860858
5813,5056644
5814,8185091
5815,4975290
5816,5288986
5817,5076462
5818,4978224
5819,6858226
5820,4460763
5821,1637924
5822,5765221
5823,5163152
5824,4544140
5825,5505737
5826,5583995
5827,9849387
5828,4179760
5829,5015869
5830,5839346
5831,5263146
5832,3325414
5833,5617610
5834,5508005
5835,8077922
5836,4555200
5837,4540794
5838,6124560
5839,7140343
5840,5356542
5841,6148041
5842,4136394
5843,4044691
5844,3908458
5845,3568307
5846,3252490
5847,3585417
5848,2818829
5849,1906356
5850,9742560
5851,5221890
5852,4603874
5853,4247644
5854,3877785
5855,4208432
5856,6662226
5857,4377295
5858,3980921
5859,5148301
5860,3538998
5861,4034060
5862,1938902
5863,3888323
5864,3964663
5865,3770781
5866,3069611
5867,3712102
5868,3974826
5869,2756655
5870,3923209
5871,2051705
5872,4125007
5873,2674357
5874,3681781
5875,4195389
5876,4300526
5877,5612882
5878,8432258
5879,4091710
5880,5567412
5881,4162692
5882,4729451
5883,2727995
5884,4058204
5885,2118740
5886,9385846
5887,3673718
5888,1556203
5889,1819285
5890,4785033
5891,12583557
5892,5001840
5893,3709835
5894,4019637
5895,5223174
5896,3758945
5897,3898786
5898,5206225
5899,3969553
5900,2757101
5901,4394555
5902,2870981
5903,2436088
5904,2863090
5905,2675789
5906,3776071
5907,3859755
5908,2963583
5909,4384380
5910,3993673
5911,3932888
5912,2025722
5913,1865408
5914,4125603
5915,3970896
5916,4191268
5917,3810877
5918,1882036
5919,3044189
5920,1891258
5921,2668762
5922,1974142
5923,5263692
5924,1783493
5925,6524524
5926,4135994
5927,4037585
5928,4388116
5929,2044352
5930,3534179
5931,4179071
5932,4092884
5933,2650339
5934,1881232
5935,3729663
5936,4578996
5937,4004174
5938,3669503
5939,3479992
5940,3355446
5941,4893876
5942,2711720
5943,2767629
5944,4121356
5945,3730708
5946,4235080
5947,3699684
5948,3930547
5949,2818954
5950,3662275
5951,3746399
5952,2542309
5953,3865509
5954,2075408
5955,2374696
5956,3943192
5957,4352562
5958,3365205
5959,4070417
5960,5299232
5961,4012086
5962,5472280
5963,4151711
5964,4195253
5965,6854917
5966,3972228
5967,5266096
5968,2248386
5969,2865521
5970,4102586
5971,2892924
5972,3822707
5973,5326856
5974,2902596
5975,1848565
5976,2548582
5977,3783292
5978,3717181
5979,3992742
5980,4408414
5981,3054757
5982,2708245
5983,1821362
5984,4493386
5985,2220021
5986,4988799
5987,6170464
5988,2822158
5989,9017021
5990,3546481
5991,2133786
5992,5238760
5993,7538404
5994,2186551
5995,2166690
5996,3706637
5997,6705678
5998,5622211
5999,4929329
6000,5449734
6001,5577741
6002,2554206
6003,8822608
6004,5302389
6005,5157785
6006,5277884
6007,4049149
6008,7459690
6009,6562757
6010,7546362
6011,7716705
6012,6052579
6013,7685419
6014,6028427
6015,6163538
6016,4210210
6017,6450459
6018,5232092
6019,5726366
6020,4857120
6021,6245361
6022,5865542
6023,5177909
6024,10327214
6025,3847936
6026,3987871
6027,5368688
6028,8573933
6029,5154692
6030,5260863
6031,7692795
6032,6072656
6033,4629974
6034,1846032
6035,8991455
6036,10705663
6037,4666861
6038,12090592
6039,5907401
6040,4833059
6041,5196963
6042,1643725
6043,5286269
6044,6047362
6045,5716396
6046,5899207
6047,7701469
6048,4724851
6049,7733330
6050,5137313
6051,5671152
6052,5169597
6053,5466810
6054,9698905
6055,5555788
6056,3347695
6057,5251598
6058,3517770
6059,5305940
6060,4040620
6061,5578160
6062,7648791
6063,4568356
6064,4718955
6065,4583828
6066,7056993
6067,5797095
6068,4645766
6069,5821649
6070,6588125
6071,5039975
6072,5640406
6073,1668625
6074,3704068
6075,8972065
6076,6043928
6077,1487966
6078,5554644
6079,6554329
6080,7283056
6081,4159509
6082,7559470
6083,1742237
6084,2671607
6085,3475970
6086,6578231
6087,8136809
6088,5557448
6089,9526108
6090,6186464
6091,4904657
6092,4881288
6093,4224682
6094,4195502
6095,5708831
6096,4680240
6097,5233740
6098,2012279
6099,6332694
6100,5107723
6101,6404722
6102,4193132
6103,3914994
6104,7122008
6105,4661490
6106,1779280
6107,5947111
6108,12927277
6109,1716996
6110,1944213
6111,5910357
6112,4511026
6113,5234223
6114,3376541
6115,8201537
6116,4568643
6117,3922702
6118,4011545
6119,3587639
6120,4635913
6121,5282470
6122,4650848
6123,5754517
6124,4851308
6125,5374195
6126,4942408
6127,5824522
6128,6765730
6129,18783091
6130,1620396
6131,16853550
6132,5642134
6133,4871002
6134,4945030
6135,5087257
6136,5268245
6137,5137455
6138,9040412
6139,5035794
6140,5179779
6141,3701423
6142,5168556
6143,13404694
6144,4907446
6145,3759792
6146,5452427
6147,12048170
6148,5129215
6149,4601561
6150,17169027
6151,1790908
6152,9514113
6153,3247008
6154,4799706
6155,7641961
6156,14319828
6157,9824258
6158,3002014
6159,5753851
6160,5258846
6161,10056187
6162,1471848
6163,4704654
6164,5371182
6165,5941475
6166,4773360
6167,8033847
6168,6369831
6169,5968296
6170,5364857
6171,14692722
6172,5773376
6173,3392012
6174,4378865
6175,7855885
6176,4458088
6177,9098102
6178,4818564
6179,9648652
6180,4937243
6181,4696833
6182,5085685
6183,3635318
6184,5865890
6185,5173109
6186,4856908
6187,5437480
6188,5531486
6189,4969728
6190,5258812
6191,5049299
6192,18143144
6193,8716816
6194,4471346
6195,5633667
6196,4330094
6197,3997125
6198,4278034
6199,4809856
6200,6328470
6201,6280421
6202,5331302
6203,5378789
6204,6807607
6205,2235234
6206,4303937
6207,6086244
6208,5810360
6209,5817003
6210,4953728
6211,5804841
6212,4245714
6213,16341326
6214,5011001
6215,8034999
6216,6349471
6217,4828361
6218,6108291
6219,5389634
6220,4707786
6221,6527408
6222,4567494
6223,6600570
6224,7978770
6225,7572675
6226,2670403
6227,5093160
6228,6568093
6229,4442655
6230,5891329
6231,3503342
6232,8206533
6233,7003303
6234,14935900
6235,5913285
6236,4444532
6237,3639373
6238,5349496
6239,5947455
6240,7907688
6241,6080554
6242,4835115
6243,2409735
6244,4754350
6245,4870726
6246,5270319
6247,3080704
6248,4938945
6249,4917485
6250,3839117
6251,6353832
6252,9614052
6253,6637777
6254,3800721
6255,12705804
6256,5232613
6257,7393618
6258,1812546
6259,4852365
6260,4494671
6261,19337169
6262,5418913
6263,5013756
6264,5529486
6265,13645363
6266,6414971
6267,5475621
6268,5650415
6269,2613419
6270,4429876
6271,6047527
6272,5397516
6273,7664636
6274,12520951
6275,5796449
6276,9117906
6277,8799864
6278,5681315
6279,2676881
6280,3589838
6281,5162924
6282,4769410
6283,4716574
6284,4681636
6285,6404403
6286,12470740
6287,5668438
6288,5841781
6289,5050230
6290,1385632
6291,4785547
6292,2716777
6293,4305480
6294,4856460
6295,3806298
6296,8209147
6297,24450965
6298,8992588
6299,4987905
6300,5166589
6301,7479873
6302,4371126
6303,7665378
6304,7443414
6305,7588981
6306,14012620
6307,6299280
6308,6980053
6309,8184219
6310,6302011
6311,4295436
6312,6909584
6313,5373024
6314,5355897
6315,5008440
6316,5276500
6317,4524696
6318,7046622
6319,4819086
6320,5263158
6321,5321625
6322,3250796
6323,8618101
6324,5740375
6325,5856310
6326,4469118
6327,6359638
6328,6027952
6329,5251273
6330,5980414
6331,5164142
6332,4288509
6333,1417047
6334,4823641
6335,6984945
6336,17835405
6337,5058897
6338,2844640
6339,23447997
6340,4604871
6341,5619538
6342,4650545
6343,7344442
6344,4072823
6345,5581201
6346,5614388
6347,2476339
6348,6952778
6349,5082124
6350,5371632
6351,5167818
6352,5067803
6353,5910904
6354,6316128
6355,4839367
6356,5585023
6357,13078195
6358,4102779
6359,7410504
6360,19952748
6361,7529570
6362,6587699
6363,4594990
6364,4147039
6365,2011774
6366,6276056
6367,5200938
6368,10369574
6369,5298833
6370,5458151
6371,6151786
6372,5032593
6373,4915242
6374,5622398
6375,5518975
6376,2588402
6377,9279574
6378,5506892
6379,5508691
6380,7724687
6381,22500291
6382,4189220
6383,5628041
6384,4476275
6385,4200487
6386,3323409
6387,4112486
6388,5338144
6389,4330965
6390,4383163
6391,4598008
6392,11883796
6393,4067837
6394,4060505
6395,3644799
6396,4942344
6397,1343482
6398,5876596
6399,4911436
6400,5720842
6401,5559904
6402,23699553
6403,5121464
6404,5164665
6405,6175946
6406,5679130
6407,5659757
6408,3708445
6409,4608512
6410,6505141
6411,5454631
6412,1720263
6413,5002992
6414,11433200
6415,20997216
6416,7244098
6417,10493139
6418,7471620
6419,3668665
6420,5060145
6421,5614035
6422,5335361
6423,25391894
6424,3885547
6425,6016150
6426,5684755
6427,4372085
6428,2338019
6429,4776287
6430,7256482
6431,6799579
6432,5504909
6433,7439164
6434,5052761
6435,4084096
6436,4078498
6437,6544235
6438,5820025
6439,5697402
6440,1489555
6441,5184597
6442,5036612
6443,5296610
6444,22606820
6445,20554628
6446,5488842
6447,4676117
6448,4796998
6449,8169966
6450,11259533
6451,2544667
6452,4520360
6453,7500947
6454,4750036
6455,10022715
6456,4217293
6457,5026854
6458,4694664
6459,4751731
6460,6173055
6461,1520509
6462,5344537
6463,5850162
6464,7257183
6465,21096929
6466,4771169
6467,5296584
6468,5085510
6469,5127925
6470,4368893
6471,6786624
6472,2452844
6473,7401144
6474,5530061
6475,6733349
6476,4733432
6477,5701692
6478,5665646
6479,5507155
6480,5401068
6481,5269683
6482,7094179
6483,1703834
6484,5819014
6485,7194975
6486,20737741
6487,4779994
6488,5570446
6489,8845389
6490,5460282
6491,5401936
6492,4774044
6493,2918887
6494,5636427
6495,5212793
6496,5945367
6497,5910516
6498,5953309
6499,3037611
6500,7969195
6501,7053956
6502,7718688
6503,5752728
6504,4473020
6505,8301347
6506,7771756
6507,24324372
6508,3603415
6509,3549580
6510,7482338
6511,7730060
6512,5350930
6513,4861304
6514,5791695
6515,2698500
6516,5455583
6517,6200375
6518,5618566
6519,5185769
6520,4591755
6521,6838778
6522,9858760
6523,4525124
6524,4880375
6525,4434015
6526,4075788
6527,5325753
6528,10882368
6529,9980667
6530,6849565
6531,7381503
6532,5262283
6533,8248937
6534,7079727
6535,5086474
6536,3851222
6537,10080012
6538,7828594
6539,5485514
6540,5376656
6541,6459584
6542,5342292
6543,5339381
6544,9323545
6545,5362534
6546,5550752
6547,1613382
6548,5363319
6549,7031561
6550,5821740
6551,8152814
6552,5876859
6553,3549632
6554,5020450
6555,1892988
6556,3045743
6557,11865005
6558,4980910
6559,3258200
6560,3824924
6561,1951827
6562,1937777
6563,4847694
6564,6290325
6565,1840225
6566,6509846
6567,11148086
6568,5459894
6569,6797074
6570,6092961
6571,3523564
6572,6050066
6573,6443177
6574,7244499
6575,4822052
6576,4190308
6577,7601739
6578,9699277
6579,3015607
6580,6499697
6581,4198943
6582,5687015
6583,5129045
6584,6688912
6585,6210756
6586,5792684
6587,5779334
6588,5355762
6589,1720748
6590,2751889
6591,13696276
6592,5722970
6593,5749364
6594,5357015
6595,5441855
6596,4964238
6597,8586756
6598,5887370
6599,5627461
6600,4161892
6601,3056675
6602,5684619
6603,6302576
6604,5823965
6605,9413960
6606,12714807
6607,13890306
6608,5031314
6609,5237752
6610,5215468
6611,1303731
6612,6274455
6613,4988013
6614,4309886
6615,4803586
6616,4358295
6617,5704043
6618,5230893
6619,5568427
6620,4642766
6621,12808910
6622,3328619
6623,7957221
6624,5994257
6625,5394796
6626,5054571
6627,4954299
6628,5264476
6629,4924422
6630,3760164
6631,3951118
6632,2506772
6633,6262086
6634,4428600
6635,3500908
6636,3975314
6637,6456688
6638,5658201
6639,4457665
6640,4235903
6641,3865032
6642,1521764
6643,1938228
6644,4961511
6645,4963974
6646,5608068
6647,6235210
6648,9955263
6649,7967429
6650,3954010
6651,5097633
6652,3749175
6653,3617884
6654,1860511
6655,8644272
6656,3716939
6657,6427193
6658,7990739
6659,6895804
6660,3139367
6661,6479632
6662,8912274
6663,6346758
6664,3498325
6665,5743291
6666,8500642
6667,8643089
6668,5474945
6669,2660594
6670,4880880
6671,5019280
6672,10217888
6673,5958967
6674,6418204
6675,1729784
6676,5066585
6677,6764532
6678,5523077
6679,6734160
6680,7245564
6681,4337390
6682,5096677
6683,5858142
6684,5425945
6685,8291231
6686,2701217
6687,7700619
6688,8793680
6689,8330297
6690,5556774
6691,9263719
6692,2821766
6693,3335148
6694,13088442
6695,5635822
6696,9711495
6697,2420633
6698,3853192
6699,4084803
6700,4694556
6701,5784856
6702,6812445
6703,4830193
6704,4370458
6705,5238286
6706,9810823
6707,1511837
6708,4828217
6709,8619471
6710,6443002
6711,7453374
6712,6280579
6713,5495873
6714,5265421
6715,1654802
6716,4714196
6717,6374179
6718,2898057
6719,5436921
6720,6177908
6721,4884252
6722,4553812
6723,4674625
6724,4521421
6725,5312831
6726,6809876
6727,5435246
6728,5874636
6729,1685538
6730,7352696
6731,13561965
6732,5246986
6733,6644419
6734,4851822
6735,8492722
6736,7098497
6737,4404318
6738,5744328
6739,4358481
6740,4064782
6741,8953664
6742,5052204
6743,7679055
6744,5601524
6745,5006509
6746,8438992
6747,8924557
6748,5285930
6749,5196242
6750,2611934
6751,6176913
6752,5901099
6753,4688298
6754,2699298
6755,4228152
6756,7074329
6757,3966947
6758,3882982
6759,3156061
6760,6134411
6761,2791633
6762,3921497
6763,9041773
6764,1787249
6765,5821854
6766,5819373
6767,17926823
6768,9304448
6769,5529853
6770,6709769
6771,7029865
6772,1800217
6773,1849009
6774,2207058
6775,5224131
6776,3920646
6777,3758407
6778,1953759
6779,3738082
6780,13320035
6781,8548043
6782,2086334
6783,1962548
6784,3728485
6785,5211168
6786,4250529
6787,3655912
6788,2062389
6789,2116635
6790,3844032
6791,2853018
6792,4394889
6793,3858730
6794,3649868
6795,3759377
6796,2128765
6797,3686654
6798,4254918
6799,4150962
6800,1896004
6801,3673270
6802,2893588
6803,4001653
6804,2339069
6805,3784055
6806,4435041
6807,5007088
6808,4387029
6809,5099481
6810,9329109
6811,8662317
6812,3172467
6813,3997354
6814,10111763
6815,3722859
6816,5273345
6817,1910096
6818,3847589
6819,4138748
6820,3954158
6821,5792705
6822,10700330
6823,5161220
6824,3496186
6825,3432741
6826,5603581
6827,6364623
6828,4784083
6829,8102980
6830,5165672
6831,5318769
6832,3356545
6833,5335100
6834,8885331
6835,1510869
6836,7570158
6837,5795083
6838,6450022
6839,6256910
6840,3588246
6841,5556299
6842,1747331
6843,3333435
6844,3006908
6845,5873646
6846,2446358
6847,2312235
6848,3856191
6849,5865146
6850,2062084
6851,4924012
6852,3389998
6853,1832646
6854,4078964
6855,2870387
6856,10805293
6857,10601700
6858,19252057
6859,18300071
6860,17877342
6861,17629908
6862,17323004
6863,21983183
6864,20761269
6865,16240647
6866,19351793
6867,20670816
6868,15844610
6869,19591737
6870,18407278
6871,17962720
6872,18474068
6873,9019616
6874,9228718
6875,10032962
6876,12939219
6877,19077661
6878,19624213
6879,6195909
6880,3501123
6881,1835169
6882,2407061
6883,1863057
6884,3835329
6885,5217413
6886,2796230
6887,2819491
6888,2634766
6889,4231356
6890,2271712
6891,3850969
6892,3757837
6893,3629576
6894,3791172
6895,3738930
6896,3927463
6897,5222719
6898,1999829
6899,1956818
6900,4289228
6901,3753925
6902,4227381
6903,3740521
6904,3787706
6905,3776281
6906,3531061
6907,5947457
6908,2498532
6909,1992914
6910,1753665
6911,1830892
6912,3940586
6913,1794512
6914,1860193
6915,1807697
6916,2845984
6917,3655394
6918,3910164
6919,7125021
6920,3586039
6921,3998422
6922,1843522
6923,8283640
6924,3740242
6925,2063156
6926,3729416
6927,5515856
6928,5365538
6929,3818987
6930,1899882
6931,3696062
6932,5548502
6933,1886336
6934,2805772
6935,1689729
6936,2681887
6937,2406753
6938,4379244
6939,3061347
6940,2625350
6941,4195310
6942,3964856
6943,5854265
6944,3208035
6945,1970790
6946,2750161
6947,3743584
6948,3263949
6949,2173453
6950,3850513
6951,3887696
6952,3504288
6953,2859329
6954,4032658
6955,3932136
6956,3940733
6957,3956756
6958,3923325
6959,16392725
6960,3885599
6961,5165120
6962,3812994
6963,3733887
6964,3967776
6965,1885948
6966,3996768
6967,2079694
6968,3827827
6969,4234903
6970,2828921
6971,1793034
6972,2780763
6973,3612433
6974,2883995
6975,16744919
6976,2674298
6977,3814567
6978,4062128
6979,3586319
6980,4834987
6981,4171330
6982,3936538
6983,1791388
6984,1938595
6985,1997509
6986,2065305
6987,1857286
6988,2180390
6989,3733035
6990,5408811
6991,3888632
6992,4290081
6993,3973749
6994,3804288
6995,1906447
6996,1920238
6997,1705443
6998,1804387
6999,3657169
7000,3637507
7001,3826520
7002,4904359
7003,5890531
7004,3999632
7005,2681995
7006,1874804
7007,3828709
7008,3869275
7009,3829248
7010,3687631
7011,4380175
7012,1935745
7013,1799472
7014,1914404
7015,4372013
7016,1837186
7017,4139521
7018,2622568
7019,4141878
7020,3718618
7021,4114365
7022,4068052
7023,4290791
7024,4182156
7025,1951029
7026,3816131
7027,4163449
7028,3841981
7029,2016782
7030,2827172
7031,3986453
7032,4707276
7033,7709243
7034,4942780
7035,3783066
7036,2898460
7037,1865951
7038,3887654
7039,3727776
7040,6335612
7041,3828431
7042,3867583
7043,3682424
7044,3657517
7045,4214513
7046,6599369
7047,3724244
7048,5827328
7049,3698079
7050,1949044
7051,3761897
7052,1909953
7053,2194302
7054,2626949
7055,3715712
7056,3761880
7057,3101782
7058,2028483
7059,4882805
7060,3814429
7061,4173442
7062,2530274
7063,4132500
7064,3760308
7065,4036020
7066,2068621
7067,3742401
7068,4011401
7069,3823220
7070,3767278
7071,3774267
7072,3873175
7073,3707610
7074,5930065
7075,4094164
7076,3905909
7077,3109744
7078,2591113
7079,1757017
7080,3162497
7081,3966209
7082,2774208
7083,3226646
7084,3774995
7085,3884297
7086,4119951
7087,3911496
7088,2927222
7089,5361320
7090,4355222
7091,3681793
7092,3919970
7093,4453059
7094,3852366
7095,4143290
7096,3787651
7097,3605587
7098,4600758
7099,6249703
7100,3811112
7101,4528131
7102,3952972
7103,3888466
7104,2857840
7105,3673048
7106,2070690
7107,2182522
7108,1897521
7109,1844525
7110,1891504
7111,1967231
7112,2815291
7113,1904879
7114,3833686
7115,1864831
7116,4326201
7117,3537579
7118,3995586
7119,4514556
7120,3741461
7121,3649836
7122,3690146
7123,3740566
7124,1922385
7125,1928651
7126,3730478
7127,4153932
7128,1936924
7129,3773210
7130,1909254
7131,1865836
7132,1820390
7133,1893642
7134,1784048
7135,4724098
7136,7225456
7137,5338718
7138,2897153
7139,4049511
7140,4397006
7141,4318672
7142,4367425
7143,5829070
7144,3961416
7145,4530922
7146,2470128
7147,4693412
7148,3049637
7149,5054122
7150,2530893
7151,3112857
7152,3405118
7153,2486412
7154,6850311
7155,2982347
7156,2840011
7157,2597052
7158,7827069
7159,3996457
7160,2686414
7161,4569119
7162,4561541
7163,4257375
7164,2027191
7165,4574417
7166,4444708
7167,4513822
7168,4486005
7169,4732754
7170,2766775
7171,4322479
7172,2374769
7173,4057855
7174,4855084
7175,6920741
7176,4417872
7177,4443896
7178,4411282
7179,6507422
7180,2188320
7181,2957604
7182,2428903
7183,2917292
7184,2841787
7185,6984439
7186,4025311
7187,4120536
7188,4024610
7189,3603558
7190,2114691
7191,2051365
7192,1770157
7193,3692034
7194,3784613
7195,3750742
7196,1780226
7197,3645870
7198,5048611
7199,5783469
7200,14469594
7201,4295696
7202,1936422
7203,8844161
7204,4917995
7205,5156615
7206,4255238
7207,8380723
7208,3333631
7209,9477759
7210,4738232
7211,4542363
7212,8094576
7213,8893246
7214,5081754
7215,3894082
7216,3882079
7217,3826885
7218,7567753
7219,3371537
7220,4992124
7221,8902553
7222,3702115
7223,2879323
7224,3756105
7225,3841124
7226,2744347
7227,1705437
7228,1936281
7229,3666663
7230,2038685
7231,1768824
7232,2839975
7233,3766345
7234,1721935
7235,3984019
7236,1852978
7237,1699197
7238,3209857
7239,1847945
7240,1806237
7241,1774020
7242,3010365
7243,2505750
7244,2378352
7245,2086135
7246,3847269
7247,2241729
7248,2115708
7249,3813983
7250,4761391
7251,1920423
7252,1990448
7253,2007062
7254,4310535
7255,3709684
7256,2410114
7257,4653662
7258,3616820
7259,4803077
7260,4507693
7261,3413623
7262,4055682
7263,8181287
7264,2114324
7265,2133531
7266,2019290
7267,4857339
7268,3754126
7269,1903630
7270,3538954
7271,3515128
7272,3960506
7273,4983799
7274,4300043
7275,3888467
7276,4261927
7277,2003180
7278,3946126
7279,4659668
7280,6796152
7281,3808846
7282,3164768
7283,3838361
7284,4375182
7285,4495548
7286,3494264
7287,1723396
7288,1936687
7289,1778822
7290,4151870
7291,1947513
7292,1856268
7293,4525735
7294,3891027
7295,1987208
7296,1937102
7297,1888243
7298,2888314
7299,4401229
7300,3435097
7301,4120935
7302,2831110
7303,1965015
7304,2085097
7305,3648255
7306,1824315
7307,1740084
7308,1724514
7309,1777042
7310,5389967
7311,4738011
7312,1630710
7313,3661924
7314,2781801
7315,2448961
7316,2108031
7317,1708921
7318,1570764
7319,3738853
7320,2544468
7321,3977458
7322,3642436
7323,3748234
7324,2835555
7325,3817909
7326,4085547
7327,3762669
7328,7147196
7329,2311949
7330,3756871
7331,3606308
7332,3816186
7333,4091689
7334,1859305
7335,4194001
7336,2932174
7337,3699861
7338,2032349
7339,1802192
7340,2069052
7341,2192628
7342,1981819
7343,1801741
7344,1821359
7345,1873320
7346,3912539
7347,7589523
7348,3967990
7349,3775298
7350,3761848
7351,3746116
7352,4124886
7353,2331009
7354,2220061
7355,3747802
7356,3828526
7357,3762317
7358,3890197
7359,4236334
7360,3598248
7361,3843750
7362,2081648
7363,2172116
7364,2398906
7365,5071390
7366,3305618
7367,4174491
7368,4132134
7369,3860596
7370,3642698
7371,3759258
7372,5100894
7373,5014846
7374,3014522
7375,10542904
7376,4238666
7377,3040693
7378,3564992
7379,1882944
7380,4245536
7381,4399731
7382,8142677
7383,3013302
7384,1841913
7385,1878245
7386,1997974
7387,3720691
7388,1991295
7389,5094162
7390,2217196
7391,3792832
7392,2950251
7393,1878759
7394,1903230
7395,1904190
7396,5537222
7397,2015153
7398,5838760
7399,6122003
7400,3207048
7401,7722697
7402,5888203
7403,12074582
7404,4878174
7405,4133658
7406,5427635
7407,7768572
7408,10944626
7409,5112298
7410,3286765
7411,4191190
7412,2218655
7413,1912334
7414,3565896
7415,1966861
7416,1941712
7417,7835546
7418,5493044
7419,4911222
7420,7603294
7421,3966414
7422,3665398
7423,4246186
7424,1846283
7425,2051864
7426,1952244
7427,1946863
7428,1962924
7429,3617285
7430,4878050
7431,3705799
7432,3856173
7433,4844314
7434,3575037
7435,5273212
7436,5320889
7437,3225087
7438,5455703
7439,3754248
7440,2781742
7441,4060435
7442,7787697
7443,3998608
7444,1863028
7445,1916900
7446,4048638
7447,2498475
7448,3886998
7449,3905319
7450,3722960
7451,3829440
7452,6198532
7453,4255680
7454,3979009
7455,3095597
7456,3082732
7457,3755468
7458,3860319
7459,4092593
7460,2870530
7461,4280346
7462,3817742
7463,2813797
7464,3937635
7465,3886834
7466,3737377
7467,3538436
7468,3663064
7469,3666767
7470,2630610
7471,3841320
7472,6904480
7473,2753596
7474,2380975
7475,3740651
7476,3769831
7477,2693058
7478,3853388
7479,3130740
7480,1833228
7481,4359846
7482,3065744
7483,3952839
7484,1843320
7485,4036776
7486,3761690
7487,4442043
7488,6901002
7489,1903433
7490,1873927
7491,4332193
7492,4096681
7493,3598089
7494,5405856
7495,5521703
7496,4900841
7497,2097092
7498,1934000
7499,1837026
7500,5571153
7501,2125682
7502,1824941
7503,4579996
7504,1766819
7505,1924286
7506,1875283
7507,1845050
7508,1938001
7509,3604571
7510,5989293
7511,4439424
7512,3621726
7513,2130645
7514,4264425
7515,6836781
7516,2843658
7517,5304845
7518,7535060
7519,3961875
7520,3978725
7521,4150150
7522,4690062
7523,3956696
7524,4214718
7525,2300892
7526,3922847
7527,4008834
7528,4095890
7529,3727155
7530,2077374
7531,2003219
7532,2846163
7533,4144503
7534,3437963
7535,3627900
7536,5351352
7537,3546279
7538,3788670
7539,2259749
7540,1898781
7541,2086665
7542,2043820
7543,3877873
7544,3666486
7545,4199304
7546,2760778
7547,1782078
7548,3733830
7549,3754367
7550,3854884
7551,3518980
7552,6076825
7553,3796017
7554,2867933
7555,1839353
7556,1661443
7557,2526993
7558,1924118
7559,9111488
7560,2055806
7561,1811371
7562,1730929
7563,2157372
7564,1423600
7565,2475429
7566,2794646
7567,1910627
7568,3822509
7569,2332008
7570,2913375
7571,3763691
7572,3953111
7573,9622590
7574,3859069
7575,3796104
7576,1719617
7577,1506329
7578,4165948
7579,2174122
7580,1835132
7581,2025036
7582,1652744
7583,1537797
7584,1505726
7585,1414027
7586,2839320
7587,2571514
7588,2308965
7589,1441740
7590,2340741
7591,1513164
7592,4703475
7593,3655455
7594,3783914
7595,4301607
7596,3832951
7597,4750204
7598,2919298
7599,7196984
7600,9350878
7601,1984062
7602,2811732
7603,3726029
7604,2899913
7605,3792978
7606,3843734
7607,2081879
7608,4675396
7609,4926768
7610,4904868
7611,4172061
7612,4290683
7613,9774205
7614,5501326
7615,4217686
7616,3124011
7617,3904607
7618,1934116
7619,1932249
7620,11890765
7621,4426802
7622,1871349
7623,2717406
7624,8836536
7625,2905199
7626,1910015
7627,3732152
7628,3804498
7629,4157441
7630,3823208
7631,4348829
7632,4059112
7633,1927019
7634,1889755
7635,3740260
7636,4333975
7637,3775695
7638,3770884
7639,1867379
7640,4096586
7641,9057793
7642,2777096
7643,3752166
7644,1936648
7645,6410822
7646,4070424
7647,6489680
7648,3901512
7649,3745278
7650,3938594
7651,5040990
7652,3897284
7653,5346511
7654,2855110
7655,3816711
7656,2964524
7657,2055908
7658,2810438
7659,3022057
7660,1418345
7661,4209927
7662,11827571
7663,3827215
7664,3898953
7665,5088644
7666,2911499
7667,4087709
7668,4390616
7669,2368050
7670,3716019
7671,4273275
7672,5154577
7673,5140847
7674,3848595
7675,4959561
7676,3798553
7677,1856348
7678,3989533
7679,3784068
7680,2682939
7681,3341132
7682,2595325
7683,5417040
7684,1526985
7685,1466421
7686,1414939
7687,3587355
7688,2825384
7689,1794256
7690,4765514
7691,2250826
7692,4145255
7693,3591120
7694,1874443
7695,1891954
7696,3596840
7697,1836919
7698,1817477
7699,1829150
7700,1913962
7701,2179758
7702,2814302
7703,1912545
7704,7268745
7705,7850987
7706,1953787
7707,2110456
7708,3861389
7709,3798433
7710,3908087
7711,3828146
7712,4414359
7713,1737626
7714,3045871
7715,1753333
7716,1887759
7717,5141489
7718,3737033
7719,4078534
7720,3894903
7721,3793532
7722,1946207
7723,1799823
7724,1845798
7725,5574473
7726,2245822
7727,3690853
7728,2843270
7729,1933620
7730,1754358
7731,3710318
7732,1854072
7733,1927856
7734,1968073
7735,3905455
7736,3506428
7737,1882672
7738,1806775
7739,1671430
7740,8429070
7741,3453654
7742,4946855
7743,4163681
7744,1852935
7745,1764376
7746,3060598
7747,2008809
7748,1852122
7749,3695557
7750,4512942
7751,4027533
7752,2764217
7753,2194177
7754,1832230
7755,3458826
7756,3587557
7757,1740074
7758,2716887
7759,1815126
7760,1734624
7761,1879264
7762,1755627
7763,6449830
7764,3681212
7765,5227281
7766,2102053
7767,5509001
7768,4124523
7769,3626510
7770,2840107
7771,5174394
7772,4416345
7773,3677115
7774,3249345
7775,2831541
7776,3426962
7777,3608693
7778,3768768
7779,3214138
7780,3737421
7781,3942054
7782,1791627
7783,3739792
7784,1860532
7785,3643585
7786,4008403
7787,2856179
7788,4723885
7789,3988322
7790,3730852
7791,5097632
7792,3657826
7793,3677993
7794,4147954
7795,2474809
7796,2765281
7797,4283250
7798,2163167
7799,3688055
7800,3675500
7801,3780552
7802,3749582
7803,9697224
7804,13060976
7805,3510493
7806,2221303
7807,3620623
7808,4032808
7809,6266712
7810,3897047
7811,3528792
7812,1850117
7813,2187935
7814,4057571
7815,3690154
7816,3554950
7817,3558594
7818,1885989
7819,3555259
7820,5428357
7821,4031222
7822,2372358
7823,2201834
7824,3957815
7825,3717680
7826,1959721
7827,3710909
7828,3608361
7829,4026890
7830,4786530
7831,3778864
7832,5185827
7833,3744801
7834,1906400
7835,3806913
7836,4486187
7837,4730058
7838,4342954
7839,3675867
7840,5553972
7841,3853137
7842,3919789
7843,3916419
7844,9493947
7845,5348571
7846,7388400
7847,4660502
7848,5121853
7849,3921830
7850,3930124
7851,4099985
7852,4254808
7853,5037128
7854,5888996
7855,5056777
7856,2883127
7857,2182267
7858,4085342
7859,5663934
7860,4679129
7861,4735430
7862,5302044
7863,4835048
7864,4402265
7865,4121415
7866,3913439
7867,3475305
7868,3044389
7869,5273853
7870,4953873
7871,4973043
7872,3700943
7873,5442232
7874,2502377
7875,4791008
7876,5087948
7877,1957094
7878,1945706
7879,3024787
7880,2784937
7881,2924631
7882,3002506
7883,3048115
7884,3211571
7885,2663007
7886,2108737
7887,1856712
7888,3813412
7889,3766705
7890,2818694
7891,1936996
7892,4012156
7893,3073948
7894,2211826
7895,1953040
7896,3779139
7897,2899672
7898,1834438
7899,5828747
7900,1729424
7901,2053948
7902,3226978
7903,1862166
7904,3648342
7905,4196815
7906,8663021
7907,3805221
7908,2774538
7909,1713422
7910,3659294
7911,4169683
7912,2819781
7913,3608242
7914,4557036
7915,3767104
7916,2772490
7917,1871457
7918,1838318
7919,1833654
7920,1831963
7921,3792842
7922,3641904
7923,3771911
7924,1875411
7925,3752678
7926,2853723
7927,3555055
7928,3742765
7929,3752039
7930,4231931
7931,3566101
7932,2753502
7933,3689589
7934,2970660
7935,2053158
7936,1784768
7937,1778465
7938,1915603
7939,1748630
7940,1837493
7941,2355671
7942,3434253
7943,1935829
7944,1905440
7945,1761760
7946,2815492
7947,1940046
7948,1862901
7949,2641367
7950,5043587
7951,3914100
7952,3938613
7953,7270716
7954,1914296
7955,3819494
7956,5211080
7957,5057976
7958,4469920
7959,3574697
7960,3627703
7961,2013582
7962,4167426
7963,1875147
7964,2064935
7965,2682668
7966,3962519
7967,3983468
7968,2009667
7969,2248493
7970,1888729
7971,4185047
7972,9845437
7973,1906303
7974,4199301
7975,3892239
7976,1927076
7977,4763649
7978,4391824
7979,2591420
7980,2818583
7981,5209064
7982,2817140
7983,3758968
7984,3905385
7985,2415228
7986,4234297
7987,1887622
7988,3905162
7989,1984912
7990,3638656
7991,3420035
7992,5642062
7993,3118288
7994,3045844
7995,3333669
7996,2199101
7997,4539916
7998,2938318
7999,1952455
8000,2841735
8001,7091627
8002,2636199
8003,1782671
8004,1655596
8005,4487441
8006,3131046
8007,2309384
8008,2318543
8009,3077477
8010,1934048
8011,1662224
8012,2613828
8013,1476284
8014,2277470
8015,1571984
8016,8515810
8017,1440670
8018,3040272
8019,3037929
8020,2265646
8021,4109859
8022,1943590
8023,1951777
8024,2147633
8025,4022740
8026,3335667
8027,4589077
8028,3899461
8029,3890820
8030,4333645
8031,2682004
8032,3862706
8033,3792386
8034,2784747
8035,3936053
8036,3848112
8037,2560969
8038,3922292
8039,3764720
8040,7136556
8041,7721826
8042,1817961
8043,3498066
8044,1872388
8045,1916666
8046,3806547
8047,1915924
8048,1999755
8049,3744752
8050,1839454
8051,3752559
8052,2861645
8053,3978332
8054,1886346
8055,1791426
8056,3934475
8057,2938956
8058,2043882
8059,1830600
8060,2834681
8061,2407594
8062,1738270
8063,1634856
8064,1505826
8065,1503963
8066,2581104
8067,1672602
8068,1580431
8069,3457723
8070,3159683
8071,3273882
8072,2664584
8073,3893586
8074,2978372
8075,1868783
8076,1754588
8077,1846570
8078,1726053
8079,1735007
8080,1848873
8081,1896296
8082,4091744
8083,2190566
8084,1891689
8085,1900462
8086,1910231
8087,1788951
8088,1890440
8089,1856633
8090,4334524
8091,1898735
8092,1818745
8093,1892120
8094,8618124
8095,6801863
8096,4461908
8097,3877431
8098,3837199
8099,3886780
8100,2831725
8101,2915622
8102,3892997
8103,6382460
8104,2237941
8105,3760918
8106,3103771
8107,1852042
8108,2906412
8109,3687424
8110,5614232
8111,1920943
8112,4252118
8113,3462670
8114,3533973
8115,5106419
8116,4187615
8117,4121440
8118,4167513
8119,4338019
8120,4029989
8121,5097226
8122,5048461
8123,3195699
8124,3242127
8125,1980889
8126,1925818
8127,1929498
8128,1966585
8129,4829816
8130,5153918
8131,2021862
8132,2667384
8133,3862436
8134,2765946
8135,3691053
8136,2809362
8137,1763434
8138,1812384
8139,1827002
8140,1690691
8141,4071840
8142,2014966
8143,1962378
8144,1882638
8145,2215870
8146,2077412
8147,2601326
8148,1906446
8149,5028322
8150,3722965
8151,6516634
8152,3171629
8153,3092469
8154,3975903
8155,1958087
8156,3929282
8157,4405320
8158,2969661
8159,2136472
8160,3733948
8161,2361732
8162,3774637
8163,3592226
8164,3817879
8165,2526284
8166,5005209
8167,1928317
8168,6642594
8169,3619213
8170,5244384
8171,4166484
8172,2587897
8173,4103247
8174,2136287
8175,5128584
8176,3904319
8177,2004469
8178,3976096
8179,4155511
8180,5188507
8181,4292975
8182,5475908
8183,4036471
8184,7145287
8185,3744475
8186,3798505
8187,11987359
8188,4872141
8189,3313684
8190,3854261
8191,5649615
8192,1962199
8193,1843577
8194,1534888
8195,1398501
8196,1626403
8197,1325916
8198,1799592
8199,1886808
8200,1779804
8201,5026494
8202,5583872
8203,5004465
8204,4025763
8205,4897376
8206,3034902
8207,5190388
8208,5846598
8209,3089762
8210,5161246
8211,3274135
8212,3289505
8213,5177165
8214,4773685
8215,4872723
8216,4528175
8217,2924190
8218,4279379
8219,4396473
8220,4136080
8221,6533918
8222,4124772
8223,4523151
8224,5113843
8225,3757109
8226,5490631
8227,2944701
8228,3173269
8229,5464561
8230,2683302
8231,2896426
8232,5142248
8233,4195612
8234,4464195
8235,6681929
8236,3490746
8237,3859523
8238,3943429
8239,4560449
8240,4328372
8241,4706388
8242,4725709
8243,2918939
8244,6025189
8245,2372311
8246,4672774
8247,5411950
8248,4269283
8249,4423486
8250,20205087
8251,8549388
8252,7167041
8253,6266121
8254,7217398
8255,5539493
8256,4246581
8257,4207514
8258,4205791
8259,4311198
8260,4344452
8261,4616513
8262,4640907
8263,6455006
8264,6105898
8265,3028351
8266,3096623
8267,2733415
8268,1880790
8269,1852666
8270,1717923
8271,8905250
8272,3815586
8273,6678200
8274,3698729
8275,3552017
8276,2678993
8277,1801767
8278,1844403
8279,1955421
8280,1891066
8281,1817549
8282,2036078
8283,1842698
8284,1797374
8285,3530802
8286,1728718
8287,1809174
8288,1724409
8289,1728780
8290,2483785
8291,3778355
8292,3716393
8293,1848491
8294,1692694
8295,1808800
8296,1871464
8297,3597193
8298,1814613
8299,1992214
8300,1775123
8301,2351104
8302,1790634
8303,4722151
8304,3612005
8305,1866858
8306,1765079
8307,1871561
8308,3810456
8309,3682724
8310,2803274
8311,4927145
8312,5685535
8313,6956447
8314,2739083
8315,2544994
8316,2442858
8317,2306326
8318,4788524
8319,3711859
8320,3750329
8321,2043200
8322,3851412
8323,3713906
8324,1871656
8325,2721517
8326,3844491
8327,2503151
8328,2025487
8329,9288927
8330,3641762
8331,9028526
8332,15637040
8333,3849460
8334,10934407
8335,5750368
8336,3776851
8337,3684619
8338,2450135
8339,6212350
8340,3828002
8341,2281995
8342,4375950
8343,3270362
8344,4267458
8345,3775823
8346,3582024
8347,1959192
8348,1939690
8349,2796282
8350,3897640
8351,3427547
8352,1912454
8353,7068747
8354,3861060
8355,12108618
8356,3978373
8357,2194650
8358,3987992
8359,6820549
8360,4255057
8361,3045977
8362,4000570
8363,4276809
8364,4145370
8365,3295023
8366,4715101
8367,3002379
8368,2996605
8369,5478838
8370,2418423
8371,1993824
8372,2867419
8373,4104135
8374,3844918
8375,7289722
8376,8196159
8377,3382101
8378,4118664
8379,3777548
8380,3799367
8381,4404076
8382,2060490
8383,5633751
8384,7407967
8385,10128272
8386,4126121
8387,2805134
8388,5484429
8389,3972562
8390,2567417
8391,3610827
8392,3919411
8393,3779541
8394,2075470
8395,2390891
8396,2069775
8397,4751910
8398,3694323
8399,3879165
8400,5142241
8401,3978620
8402,2170070
8403,2036385
8404,2735283
8405,3751137
8406,3932619
8407,3654582
8408,6483054
8409,3939189
8410,6551760
8411,4835022
8412,7013915
8413,4351418
8414,2792419
8415,3893587
8416,2139363
8417,3802284
8418,7961019
8419,2664379
8420,2343801
8421,4251759
8422,3820889
8423,1867731
8424,4181827
8425,3920838
8426,3886264
8427,3886883
8428,3870897
8429,3774827
8430,3876076
8431,3864710
8432,4471345
8433,3910678
8434,4022559
8435,7479678
8436,2753550
8437,3746348
8438,4289354
8439,14899291
8440,4212115
8441,4029807
8442,3190661
8443,3654991
8444,3480935
8445,3956866
8446,4497581
8447,2697441
8448,7108951
8449,4156050
8450,3801970
8451,2238890
8452,3913972
8453,3655082
8454,5400736
8455,2412670
8456,2055113
8457,2823078
8458,4212302
8459,4103967
8460,12630945
8461,4311639
8462,3929540
8463,3935151
8464,3840389
8465,4017276
8466,5319315
8467,2093022
8468,3335021
8469,5703648
8470,4015092
8471,3852768
8472,3886542
8473,3755580
8474,2908035
8475,3749694
8476,3021004
8477,3673957
8478,3863993
8479,2928036
8480,4252012
8481,16284055
8482,4061479
8483,3786482
8484,3859386
8485,5476559
8486,3891432
8487,2070964
8488,3724344
8489,3774119
8490,3809808
8491,3663673
8492,3698955
8493,3873465
8494,3371290
8495,3800618
8496,3855951
8497,3868102
8498,3073470
8499,3663921
8500,3889529
8501,4435965
8502,12116047
8503,2297897
8504,3712256
8505,1863157
8506,2137995
8507,4052869
8508,5185520
8509,1998938
8510,3895132
8511,3915061
8512,2948498
8513,3729581
8514,3836699
8515,5600279
8516,1935300
8517,2063573
8518,2852437
8519,2238756
8520,3820153
8521,3419983
8522,4094132
8523,17711122
8524,8032235
8525,3678992
8526,3812183
8527,3739400
8528,3848996
8529,6583936
8530,1904011
8531,3914924
8532,2914930
8533,3809403
8534,3806911
8535,3782985
8536,4047334
8537,3743201
8538,4003286
8539,4250380
8540,2109991
8541,4118431
8542,3773621
8543,3336330
8544,10356995
8545,3910233
8546,3888731
8547,2993385
8548,3943140
8549,3635117
8550,3834534
8551,3930915
8552,5940208
8553,3901339
8554,4575711
8555,4039677
8556,2840510
8557,3763794
8558,2874205
8559,2082471
8560,2007336
8561,3975004
8562,2829261
8563,2130729
8564,3743506
8565,2715389
8566,5201657
8567,3661840
8568,3977606
8569,4092604
8570,3725629
8571,3804110
8572,3552231
8573,3789199
8574,6004158
8575,2319438
8576,3367437
8577,2222069
8578,3339488
8579,1888710
8580,2305368
8581,4316728
8582,3903987
8583,2619144
8584,3010811
8585,4485406
8586,5323946
8587,1927887
8588,3866301
8589,3678799
8590,4299696
8591,5427510
8592,3281502
8593,4667571
8594,1842893
8595,1951708
8596,1950119
8597,2600410
8598,2197257
8599,2086547
8600,3885779
8601,4220537
8602,5421913
8603,4168142
8604,3190066
8605,1933702
8606,2521844
8607,2704483
8608,3907792
8609,3998821
8610,1887956
8611,3906309
8612,2310306
8613,2675149
8614,3871383
8615,3023683
8616,5039583
8617,11143341
8618,5599213
8619,4196971
8620,3949920
8621,2333181
8622,3897791
8623,2165645
8624,1867245
8625,2070152
8626,2914564
8627,5394492
8628,5092069
8629,4138162
8630,2502431
8631,2022675
8632,7390118
8633,1975868
8634,2217266
8635,7039335
8636,4073452
8637,4627902
8638,2935600
8639,3232699
8640,4195007
8641,2337638
8642,3149930
8643,15634927
8644,5950665
8645,3808472
8646,1976010
8647,3702497
8648,2553215
8649,2773115
8650,4840048
8651,8149430
8652,3966529
8653,3736696
8654,3758831
8655,2751358
8656,3012011
8657,4741460
8658,4383059
8659,4451067
8660,6720446
8661,7478951
8662,2510907
8663,5555050
8664,2033415
8665,2007957
8666,4065404
8667,3927586
8668,4040017
8669,4785115
8670,4705248
8671,5329643
8672,3817171
8673,4190478
8674,4070764
8675,2690234
8676,3900704
8677,3880263
8678,4082072
8679,3800402
8680,3476748
8681,3905989
8682,4200412
8683,4284873
8684,4422247
8685,4102402
8686,4186284
8687,4116575
8688,2064859
8689,5700566
8690,3841611
8691,8665181
8692,4235680
8693,2879842
8694,2525732
8695,3948522
8696,4090581
8697,4117805
8698,4274058
8699,4209127
8700,4166921
8701,4588424
8702,4063513
8703,4914229
8704,3957827
8705,2452384
8706,3103291
8707,3924736
8708,4019590
8709,3840312
8710,4312028
8711,4139206
8712,17243006
8713,4432140
8714,4641707
8715,4554535
8716,2533121
8717,5669473
8718,4006600
8719,3688022
8720,2158072
8721,3954059
8722,5459128
8723,3556089
8724,4194902
8725,3752807
8726,2851612
8727,4035285
8728,4324085
8729,3829848
8730,4112584
8731,3783815
8732,2058735
8733,3743184
8734,4540307
8735,4350283
8736,5656798
8737,1783363
8738,2980306
8739,2839601
8740,4317382
8741,4694080
8742,2898742
8743,2970572
8744,2656418
8745,5613855
8746,2946317
8747,4095096
8748,3984690
8749,3984319
8750,2224262
8751,3860363
8752,1889125
8753,4155443
8754,5283252
8755,4285994
8756,9486187
8757,4644471
8758,5224507
8759,4138383
8760,4312796
8761,4085716
8762,3592725
8763,2117162
8764,4261560
8765,3856309
8766,3636867
8767,3284318
8768,4588295
8769,4427033
8770,4338907
8771,7659715
8772,5818322
8773,4208702
8774,5463608
8775,6721429
8776,4420785
8777,4570699
8778,4285380
8779,4106981
8780,2893859
8781,4109098
8782,2933089
8783,5572261
8784,4383453
8785,5533455
8786,2030943
8787,5088165
8788,5294559
8789,2795277
8790,4669132
8791,5541951
8792,5259055
8793,4343989
8794,2007386
8795,7412998
8796,2546243
8797,4002562
8798,2852802
8799,3940693
8800,4611526
8801,2892500
8802,3252531
8803,4104415
8804,1909810
8805,13189328
8806,19158438
8807,2144593
8808,3345472
8809,4958567
8810,4095245
8811,4140821
8812,2894853
8813,11829627
8814,3882847
8815,3951143
8816,2001753
8817,20799017
8818,4430991
8819,4018501
8820,3943271
8821,2235187
8822,4130898
8823,7063418
8824,1879496
8825,1909314
8826,4240915
8827,3669221
8828,3672866
8829,3910294
8830,5166733
8831,2072092
8832,8549932
8833,3736156
8834,1997616
8835,4069946
8836,3763726
8837,2846286
8838,21181468
8839,4176524
8840,4004471
8841,3080487
8842,3135408
8843,4321977
8844,5470889
8845,2097608
8846,3934447
8847,3978202
8848,5537190
8849,2385871
8850,3015711
8851,6664758
8852,3947175
8853,2616296
8854,4126209
8855,2477672
8856,4433632
8857,2753584
8858,4381285
8859,10566555
8860,3011664
8861,2066805
8862,4005391
8863,2175608
8864,3940568
8865,4096476
8866,3814783
8867,2558240
8868,3939600
8869,16389778
8870,1846489
8871,2479747
8872,4940639
8873,2950429
8874,4150928
8875,4928529
8876,2844738
8877,4741476
8878,3998412
8879,2271706
8880,19717244
8881,3936436
8882,2779158
8883,3790709
8884,2831131
8885,2118528
8886,1961582
8887,6112797
8888,2671651
8889,4216605
8890,1867449
8891,4612167
8892,3778179
8893,2513125
8894,3824231
8895,3710059
8896,2094720
8897,2686141
8898,3957796
8899,2430604
8900,4141460
8901,6149098
8902,3728463
8903,2141283
8904,6573926
8905,4161749
8906,2060884
8907,3667592
8908,1952838
8909,3783400
8910,3704336
8911,3755225
8912,10740632
8913,1695788
8914,2362173
8915,3968244
8916,2667099
8917,4972585
8918,2836538
8919,4499830
8920,4504967
8921,1855815
8922,4149133
8923,1794060
8924,1852486
8925,3738245
8926,2808975
8927,1871833
8928,2017858
8929,3730526
8930,3625674
8931,3969024
8932,3748869
8933,2675629
8934,2321326
8935,4322803
8936,3863561
8937,3594779
8938,3218443
8939,3806116
8940,6540077
8941,3842938
8942,3695694
8943,14146930
8944,1866797
8945,2010858
8946,2018628
8947,3226472
8948,3255805
8949,2102539
8950,1860568
8951,1907143
8952,2766905
8953,3773010
8954,2850406
8955,1918477
8956,3792924
8957,1966866
8958,10001827
8959,3994922
8960,3662231
8961,3723442
8962,1868078
8963,5411440
8964,12609771
8965,4130039
8966,4324090
8967,3994797
8968,2681857
8969,2636713
8970,1878631
8971,4640408
8972,2545407
8973,1883836
8974,5607299
8975,3892623
8976,4397711
8977,3967964
8978,3964294
8979,3811587
8980,1883372
8981,2244375
8982,1909768
8983,2025494
8984,2833028
8985,17836738
8986,2967154
8987,4166006
8988,2825089
8989,2455560
8990,2508198
8991,2037599
8992,2041144
8993,1922779
8994,4540116
8995,3616253
8996,1975216
8997,2337001
8998,1892989
8999,1790586
9000,1813206
9001,2222975
9002,2096904
9003,3140692
9004,1951957
9005,3672275
9006,19045765
9007,1847196
9008,3783133
9009,2065027
9010,3483498
9011,3720565
9012,2133811
9013,2059764
9014,3893177
9015,3897821
9016,2845219
9017,1786829
9018,2627465
9019,1792163
9020,1705968
9021,2040321
9022,1892976
9023,1787728
9024,3664921
9025,1974740
9026,2709098
9027,12805933
9028,1873485
9029,3620649
9030,1880083
9031,3725197
9032,2763645
9033,3535033
9034,2747365
9035,3619566
9036,3741001
9037,3562148
9038,4383848
9039,4191775
9040,3619912
9041,4458706
9042,1944067
9043,5296363
9044,2599775
9045,3360466
9046,1936147
9047,2511382
9048,19609280
9049,2273948
9050,1823525
9051,4179615
9052,2071583
9053,3984256
9054,2758636
9055,3732720
9056,1862040
9057,1907039
9058,1857003
9059,1669988
9060,1946180
9061,1899932
9062,2094446
9063,1980271
9064,1898092
9065,1810229
9066,1934846
9067,1879714
9068,1804652
9069,16176554
9070,1795989
9071,2156758
9072,4192518
9073,3620447
9074,3795388
9075,11343650
9076,1882450
9077,2103617
9078,2021065
9079,9516061
9080,3998391
9081,2746198
9082,2473796
9083,2988537
9084,3881510
9085,2313880
9086,1937546
9087,3910974
9088,2791535
9089,2085621
9090,4568179
9091,3738921
9092,10526310
9093,3852227
9094,3762786
9095,3739970
9096,3996002
9097,3600570
9098,2396454
9099,4009606
9100,3926117
9101,4238896
9102,4161341
9103,3793842
9104,1925245
9105,2142908
9106,3758017
9107,3656504
9108,3812407
9109,6950476
9110,2806163
9111,5044810
9112,1919670
9113,3919817
9114,4188452
9115,3739876
9116,2889965
9117,3786645
9118,2778597
9119,1777003
9120,1924678
9121,2771323
9122,1907957
9123,1843146
9124,3224367
9125,3723615
9126,3988606
9127,4908175
9128,3702546
9129,3724547
9130,3729905
9131,3648955
9132,4553971
9133,4742662
9134,1901691
9135,3836794
9136,3985735
9137,2097167
9138,3941179
9139,3753526
9140,3240176
9141,2918432
9142,1867495
9143,2732992
9144,4092064
9145,3924407
9146,2851056
9147,3647166
9148,3678938
9149,3568422
9150,3748154
9151,3539880
9152,3576287
9153,2458029
9154,3777774
9155,4833041
9156,5481349
9157,1896779
9158,2706276
9159,3293178
9160,3002509
9161,3180011
9162,1924270
9163,1912315
9164,1779979
9165,5862210
9166,3697400
9167,3632637
9168,2808900
9169,2630100
9170,1829127
9171,2000633
9172,3720837
9173,3758568
9174,4776669
9175,8905999
9176,3573388
9177,2093125
9178,4135984
9179,3797055
9180,2762806
9181,4268596
9182,4320473
9183,3737332
9184,2893393
9185,1862479
9186,2925333
9187,3821596
9188,3810978
9189,3729903
9190,2728904
9191,1911504
9192,1927733
9193,1811886
9194,5089101
9195,4364630
9196,3742676
9197,3576661
9198,3721663
9199,2118415
9200,1871200
9201,4579045
9202,2102084
9203,1904964
9204,3624431
9205,3682343
9206,3725593
9207,4851664
9208,1991199
9209,4181510
9210,2082669
9211,1901523
9212,2664025
9213,1912908
9214,1620853
9215,3572557
9216,2965941
9217,3596322
9218,1888604
9219,3560089
9220,3071254
9221,2131772
9222,1926509
9223,4971198
9224,3406163
9225,3640273
9226,1865615
9227,2266248
9228,3807299
9229,6253747
9230,3591238
9231,4397899
9232,2762900
9233,2668411
9234,1958188
9235,1764757
9236,3367032
9237,2108151
9238,2614788
9239,2661075
9240,1864441
9241,2365231
9242,11906929
9243,2112398
9244,1778468
9245,1955745
9246,1868980
9247,1839930
9248,2548494
9249,3790663
9250,2728117
9251,3735847
9252,3912268
9253,3734739
9254,3363301
9255,6058262
9256,2758043
9257,1748157
9258,2439082
9259,1846948
9260,3525330
9261,4099698
9262,3946422
9263,5300302
9264,1915450
9265,2505390
9266,1892613
9267,1909226
9268,1801022
9269,1867784
9270,2133554
9271,1754395
9272,2186155
9273,1920992
9274,1867892
9275,2444831
9276,3882253
9277,1732801
9278,1849518
9279,2407238
9280,5822586
9281,2096106
9282,1858926
9283,2607550
9284,1877338
9285,2121342
9286,2084898
9287,1799807
9288,1971676
9289,1733682
9290,4048370
9291,1995918
9292,1742610
9293,1884706
9294,1896211
9295,2431330
9296,1998775
9297,1825336
9298,1836615
9299,1750896
9300,2434253
9301,4401124
9302,2802836
9303,2371594
9304,1920907
9305,1833926
9306,1790879
9307,4492582
9308,2866194
9309,1829126
9310,2505650
9311,1836682
9312,2134112
9313,1893422
9314,1748657
9315,3744681
9316,2862766
9317,4001146
9318,2835220
9319,3536118
9320,2665309
9321,2481742
9322,1935029
9323,4776026
9324,3654703
9325,3821588
9326,2866447
9327,1936867
9328,1806008
9329,3291726
9330,6408649
9331,3635667
9332,3510181
9333,4899659
9334,9390051
9335,3637101
9336,3655251
9337,3973354
9338,3719201
9339,5520425
9340,1821369
9341,3873135
9342,2412382
9343,3908020
9344,3470650
9345,2008129
9346,1891144
9347,3611578
9348,2735926
9349,2422599
9350,2903249
9351,3448872
9352,1806268
9353,1997734
9354,1898206
9355,2075751
9356,4814247
9357,2108319
9358,1963293
9359,1933372
9360,1836428
9361,3650110
9362,2796111
9363,5598675
9364,2642272
9365,1723344
9366,2729209
9367,3679534
9368,3757240
9369,3532942
9370,3446818
9371,3329111
9372,2657790
9373,3363463
9374,2617369
9375,3513991
9376,5503179
9377,1858446
9378,1855458
9379,1650028
9380,1545219
9381,2189684
9382,1867286
9383,3750137
9384,5805978
9385,8077695
9386,6746398
9387,1791301
9388,1842784
9389,1880104
9390,2831218
9391,1735551
9392,1670927
9393,1790872
9394,2028058
9395,1965037
9396,1813222
9397,1590622
9398,3130465
9399,3827733
9400,3525040
9401,1848125
9402,1859786
9403,2493890
9404,1792158
9405,6129904
9406,2321643
9407,2686473
9408,1879569
9409,1886725
9410,1993141
9411,2667576
9412,1816562
9413,2136612
9414,2057949
9415,1813419
9416,1764114
9417,1820609
9418,2040485
9419,1898177
9420,1745814
9421,2302042
9422,1883598
9423,3754241
9424,3459334
9425,3557859
9426,5486302
9427,2263297
9428,1906348
9429,3513860
9430,2423118
9431,3653531
9432,3885612
9433,4145297
9434,2762584
9435,2705122
9436,1877911
9437,1853713
9438,1980448
9439,4124291
9440,1882147
9441,4010554
9442,4233338
9443,1859363
9444,2382643
9445,1783863
9446,1892517
9447,4997777
9448,1954135
9449,1864981
9450,1821213
9451,3717814
9452,3753157
9453,2012767
9454,1742174
9455,9009763
9456,5151604
9457,3649995
9458,4965502
9459,3499850
9460,3028283
9461,2089577
9462,2912396
9463,4969172
9464,2767809
9465,2196771
9466,1943138
9467,1795500
9468,2661171
9469,1971411
9470,2193742
9471,3855011
9472,6483081
9473,3130325
9474,1770844
9475,1842948
9476,2427868
9477,3719186
9478,2695851
9479,4030054
9480,3696548
9481,4047150
9482,4496426
9483,3611667
9484,2750082
9485,3711657
9486,2753866
9487,1954843
9488,2198276
9489,2523600
9490,2242264
9491,2295729
9492,1976501
9493,1991328
9494,1842310
9495,2121195
9496,1715645
9497,1817144
9498,1691578
9499,1920086
9500,1667840
9501,1909847
9502,2471760
9503,2405666
9504,2402655
9505,3919968
9506,3591398
9507,5789664
9508,2082627
9509,3635415
9510,2227617
9511,3857254
9512,3451079
9513,2149980
9514,1828993
9515,1827924
9516,2615271
9517,2379299
9518,2524610
9519,3626920
9520,4756477
9521,4266120
9522,1959385
9523,1861448
9524,2058181
9525,3610311
9526,5084238
9527,1773341
9528,2562999
9529,1768987
9530,2899681
9531,4072046
9532,2796865
9533,3437082
9534,3492295
9535,3690827
9536,2912090
9537,1776653
9538,1866595
9539,2573514
9540,1782523
9541,1990263
9542,1839175
9543,1887991
9544,1809202
9545,1882777
9546,3760097
9547,13407518
9548,1856890
9549,1845743
9550,2025688
9551,1979635
9552,4050063
9553,2029326
9554,1747728
9555,1947518
9556,1798055
9557,3571694
9558,3488733
9559,3365427
9560,2665788
9561,3869929
9562,1912722
9563,1870930
9564,1808732
9565,1735534
9566,1645791
9567,1729008
9568,1711347
9569,3565967
9570,3232884
9571,2400872
9572,6481787
9573,2265397
9574,1673770
9575,1878297
9576,2057500
9577,1691658
9578,3695364
9579,3817869
9580,15960345
9581,2002938
9582,1979928
9583,3895379
9584,3505248
9585,1974719
9586,3731172
9587,1765222
9588,3121220
9589,3461036
9590,3603357
9591,1839284
9592,2077542
9593,1801981
9594,2398071
9595,1706838
9596,2470837
9597,3733859
9598,3668930
9599,3408892
9600,3621845
9601,3723869
9602,9662582
9603,1845151
9604,2041463
9605,3846212
9606,1930460
9607,1789166
9608,2709224
9609,3554830
9610,2648910
9611,4593066
9612,4241367
9613,3377741
9614,2680553
9615,4323894
9616,3416438
9617,3384394
9618,2188725
9619,3483588
9620,1945486
9621,2246448
9622,3806490
9623,4741358
9624,1960442
9625,2291260
9626,1823370
9627,3691159
9628,2723112
9629,1803557
9630,4373796
9631,3229583
9632,2347171
9633,2381404
9634,1856271
9635,1801151
9636,3496236
9637,1779002
9638,1826960
9639,3618383
9640,3421033
9641,2158467
9642,2695386
9643,3786637
9644,4357297
9645,1891005
9646,3559196
9647,6894619
9648,2808660
9649,5799554
9650,2958730
9651,3716798
9652,3517017
9653,1860945
9654,1763698
9655,2420672
9656,1631553
9657,2330435
9658,2762788
9659,2423623
9660,1770765
9661,3873321
9662,3495531
9663,3412353
9664,3373573
9665,3415395
9666,3112838
9667,6180181
9668,3709473
9669,6648933
9670,2684365
9671,1864750
9672,2054324
9673,1707157
9674,1766764
9675,2085140
9676,2392580
9677,2361551
9678,5053222
9679,2768224
9680,2734527
9681,1878412
9682,1760579
9683,1847546
9684,2795826
9685,2092340
9686,1950819
9687,2143491
9688,1862414
9689,1747809
9690,8147096
9691,2733087
9692,2275673
9693,2542221
9694,2401873
9695,1840319
9696,2397315
9697,1717150
9698,1834948
9699,2206281
9700,1822083
9701,1980243
9702,2209620
9703,3540714
9704,2378819
9705,1931837
9706,2176793
9707,1854936
9708,1872895
9709,2347638
9710,1700876
9711,1829965
9712,1866122
9713,1761607
9714,2261754
9715,1810565
9716,1865681
9717,2816973
9718,1796122
9719,1818606
9720,3242611
9721,4870104
9722,4864987
9723,2688064
9724,1848321
9725,3683324
9726,3618135
9727,3344216
9728,2707183
9729,1853133
9730,3674971
9731,3543106
9732,2501869
9733,4940142
9734,2707079
9735,3996608
9736,2138370
9737,2016006
9738,3663373
9739,3687705
9740,3590519
9741,5276818
9742,3856833
9743,3583694
9744,3531699
9745,1879827
9746,3633376
9747,1792264
9748,2394807
9749,2068812
9750,1865806
9751,8561722
9752,1925909
9753,2654614
9754,1834716
9755,1810016
9756,1926033
9757,1620225
9758,2607216
9759,1913015
9760,3506676
9761,1732812
9762,2490031
9763,2135853
9764,1844318
9765,1938105
9766,3841133
9767,3657432
9768,3647970
9769,4234157
9770,1870016
9771,4082564
9772,2749455
9773,1712498
9774,4769796
9775,1685329
9776,1785557
9777,1854272
9778,1766089
9779,1980829
9780,1790878
9781,1977687
9782,2263459
9783,5501501
9784,8018545
9785,3263139
9786,3900075
9787,3570167
9788,3712943
9789,3657346
9790,2722879
9791,2015744
9792,1784732
9793,1873019
9794,3682363
9795,3330837
9796,1830823
9797,1715395
9798,1717287
9799,8505731
9800,1722388
9801,3814700
9802,3370847
9803,3579491
9804,2861082
9805,1990525
9806,3698306
9807,3891351
9808,2857399
9809,2611556
9810,1762513
9811,3658548
9812,1900473
9813,1827622
9814,1884517
9815,1712036
9816,4693223
9817,1830895
9818,1903225
9819,2497166
9820,3826473
9821,1892777
9822,2018438
9823,1931051
9824,1812655
9825,2191866
9826,1906531
9827,1754938
9828,2510387
9829,9433059
9830,2936783
9831,3686262
9832,1753968
9833,1783050
9834,1879198
9835,1744844
9836,1753090
9837,2852174
9838,1869365
9839,1752643
9840,4596626
9841,1890682
9842,3730085
9843,1761588
9844,2796430
9845,4443851
9846,2808832
9847,1912779
9848,3741690
9849,1856726
9850,3016479
9851,1691710
9852,3894893
9853,4179869
9854,1801545
9855,1850978
9856,1703917
9857,1792936
9858,5826657
9859,1831972
9860,1851830
9861,1915052
9862,2385462
9863,1662629
9864,3699689
9865,3493190
9866,1679219
9867,5219610
9868,2438940
9869,3735785
9870,2723988
9871,4257739
9872,4701812
9873,3780018
9874,2762841
9875,1867677
9876,1626733
9877,1585353
9878,3744162
9879,5585682
9880,2735284
9881,2623127
9882,1774359
9883,2073293
9884,1679528
9885,5011389
9886,1614260
9887,1803259
9888,7191936
9889,1853240
9890,1907864
9891,1828826
9892,1731121
9893,1788965
9894,2871732
9895,1897307
9896,1699400
9897,2596736
9898,1791421
9899,3447635
9900,6356573
9901,4804942
9902,1702018
9903,1880929
9904,3772369
9905,1915711
9906,1859064
9907,2442234
9908,2063920
9909,8203660
9910,1805815
9911,1740971
9912,1878576
9913,1635026
9914,1752301
9915,2587762
9916,2351523
9917,1846068
9918,1983580
9919,3666087
9920,3466845
9921,4968703
9922,2747896
9923,1767508
9924,1771258
9925,4451538
9926,1902749
9927,1819116
9928,1841157
9929,1780861
9930,5631105
9931,5072313
9932,2836192
9933,1927797
9934,2741051
9935,2789234
9936,9090880
9937,2478240
9938,2978343
9939,3719014
9940,2841552
9941,2219055
9942,2575952
9943,1762710
9944,4180570
9945,3919398
9946,3524617
9947,5024690
9948,4879502
9949,3689722
9950,3558972
9951,5352871
9952,3735082
9953,6877089
9954,1840893
9955,1871713
9956,2996199
9957,3691489
9958,3580309
9959,6225337
9960,3665851
9961,1965064
9962,9178799
9963,6308014
9964,2515747
9965,2129954
9966,2099451
9967,3585471
9968,2016794
9969,1862037
9970,4407567
9971,3576679
9972,12454021
9973,4228633
9974,3655909
9975,5342205
9976,2764443
9977,4335214
9978,2694416
9979,2321432
9980,1768768
9981,4082179
9982,3502393
9983,3484449
9984,1934505
9985,2170927
9986,3146229
9987,6534902
9988,2234282
9989,1790259
9990,2647754
9991,3812904
9992,2439666
9993,2326385
9994,2802843
9995,4810981
9996,3734260
9997,1784026
9998,4179394
9999,1874511
10000,1736705
10001,4235852
10002,2753722
10003,3837872
10004,2478073
10005,1964900
10006,2955892
10007,3506131
10008,4140117
10009,3612852
10010,4105174
10011,3431315
10012,2713836
10013,1702528
10014,15856157
10015,2093700
10016,1796328
10017,1666067
10018,1711298
10019,4213078
10020,3072897
10021,3955659
10022,3764874
10023,3673854
10024,3733394
10025,8823233
10026,3515668
10027,1784198
10028,2797947
10029,3837161
10030,3801067
10031,3576068
10032,3735710
10033,3554972
10034,4108000
10035,5820346
10036,2658040
10037,2185400
10038,1812160
10039,4990971
10040,2709899
10041,1938179
10042,2083507
10043,1902575
10044,3920403
10045,2242165
10046,1901299
10047,2411177
10048,1813615
10049,1814968
10050,2799732
10051,3718307
10052,1814916
10053,4502012
10054,1801547
10055,1725231
10056,11650411
10057,3483719
10058,2730904
10059,3675656
10060,3580686
10061,3982584
10062,3702294
10063,7028272
10064,1634195
10065,2016128
10066,3229587
10067,3674785
10068,2831692
10069,1777741
10070,4555960
10071,2185040
10072,1756097
10073,4174865
10074,3630156
10075,8717689
10076,3952342
10077,6899101
10078,4311194
10079,8408319
10080,2811454
10081,3704189
10082,1883460
10083,1859691
10084,1799174
10085,3594756
10086,2773861
10087,1781210
10088,2949019
10089,2362207
10090,1865801
10091,3552688
10092,3064528
10093,4100174
10094,4872683
10095,2115167
10096,2003076
10097,3584422
10098,7157403
10099,1964281
10100,3527047
10101,4090505
10102,1754057
10103,3588251
10104,2960649
10105,2100132
10106,2948221
10107,2092484
10108,4212769
10109,3522164
10110,5328596
10111,3589747
10112,2373017
10113,3599602
10114,3747247
10115,4662915
10116,1853257
10117,1612856
10118,3565058
10119,6097095
10120,3548074
10121,4106452
10122,1888030
10123,4318441
10124,3629902
10125,1951741
10126,1799889
10127,5942233
10128,2822011
10129,1836487
10130,1903887
10131,1860197
10132,1885319
10133,3590140
10134,3882832
10135,6838114
10136,2753917
10137,3598848
10138,2731804
10139,1740563
10140,2357114
10141,2544155
10142,2315448
10143,1860089
10144,1848507
10145,1761365
10146,2786461
10147,1732364
10148,3731443
10149,3475013
10150,3499057
10151,5349288
10152,2460259
10153,3731205
10154,2750329
10155,1814229
10156,3616758
10157,3761475
10158,2783245
10159,4755515
10160,1767416
10161,3692602
10162,3611951
10163,3779169
10164,8522922
10165,8986615
10166,1890928
10167,1973449
10168,3880658
10169,3559220
10170,1755967
10171,2566035
10172,2778377
10173,2029513
10174,2171205
10175,7323528
10176,4134710
10177,3443933
10178,3522463
10179,3561267
10180,3924626
10181,4117880
10182,5752906
10183,3714446
10184,3792230
10185,5109047
10186,3789096
10187,4831045
10188,2449524
10189,3708137
10190,4647794
10191,3696197
10192,1883912
10193,3635514
10194,3550584
10195,3761433
10196,14707917
10197,3617095
10198,3769011
10199,3703523
10200,1845601
10201,3297475
10202,5055657
10203,5422727
10204,4215491
10205,6545196
10206,4881437
10207,3768814
10208,12829135
10209,4758260
10210,3950920
10211,2696617
10212,4258355
10213,10459269
10214,3919953
10215,4093519
10216,2554522
10217,2244503
10218,5096575
10219,3710229
10220,16053561
10221,4268156
10222,1914408
10223,2100611
10224,9178923
10225,4070224
10226,4607446
10227,8802187
10228,3593777
10229,4054347
10230,3835756
10231,2786096
10232,8232502
10233,3166305
10234,3876567
10235,7298743
10236,6872605
10237,3439073
10238,3794269
10239,4544812
10240,2837445
10241,4425020
10242,4854732
10243,3608651
10244,8113178
10245,5761782
10246,2683769
10247,3708284
10248,3183514
10249,3866332
10250,3940581
10251,4064520
10252,4051354
10253,1902127
10254,4024689
10255,4696355
10256,9405125
10257,3811014
10258,3123045
10259,4363448
10260,3765586
10261,2745364
10262,3878648
10263,3780977
10264,3827007
10265,7349089
10266,6233903
10267,4631961
10268,4892470
10269,3860629
10270,3829217
10271,2040255
10272,3428588
10273,4180316
10274,4109390
10275,2719361
10276,3891868
10277,1866887
10278,4220514
10279,5615863
10280,9916746
10281,3139439
10282,2983368
10283,4528043
10284,5275898
10285,2442134
10286,4035162
10287,5984122
10288,5171096
10289,1953269
10290,5630203
10291,3908283
10292,9588273
10293,4073678
10294,4573244
10295,2907225
10296,2514514
10297,4225020
10298,4280012
10299,4501164
10300,7343494
10301,4560884
10302,4244401
10303,3071941
10304,4400888
10305,2745806
10306,10620885
10307,11323739
10308,10408766
10309,3178657
10310,5151236
10311,4716685
10312,4292447
10313,2745003
10314,4100573
10315,4279755
10316,9424051
10317,3883934
10318,2756616
10319,6991714
10320,4325179
10321,4031354
10322,2855015
10323,4480218
10324,8891986
10325,5289000
10326,1932958
10327,5016038
10328,3951388
10329,5350302
10330,3022343
10331,3075936
10332,4590021
10333,2653992
10334,3766319
10335,4085468
10336,9446384
10337,2126764
10338,3945846
10339,7301005
10340,2857340
10341,4434739
10342,13408008
10343,5504476
10344,7188090
10345,2348252
10346,4193719
10347,4421749
10348,4023245
10349,3193146
10350,6288141
10351,4334598
10352,7180643
10353,3904440
10354,3817687
10355,2605370
10356,4385208
10357,2626484
10358,3976017
10359,2879302
10360,7864335
10361,4265618
10362,4387040
10363,4215664
10364,2846296
10365,4674611
10366,5136183
10367,2917386
10368,4782485
10369,2971896
10370,6156326
10371,5454402
10372,4773850
10373,3952062
10374,4233497
10375,4029621
10376,6559177
10377,4249207
10378,4797440
10379,4635705
10380,4655239
10381,4714348
10382,4354987
10383,3195071
10384,7057779
10385,4042481
10386,5309336
10387,2701858
10388,2089241
10389,4386013
10390,4284017
10391,4249378
10392,11223816
10393,4181227
10394,4159202
10395,4262895
10396,4503102
10397,6428485
10398,4228049
10399,4080759
10400,9482949
10401,4329754
10402,6111608
10403,2331285
10404,3010665
10405,4906028
10406,2707659
10407,6708036
10408,9486708
10409,4659645
10410,17656194
10411,3956675
10412,4202085
10413,5918547
10414,2569815
10415,4153606
10416,4219922
10417,17154215
10418,4467257
10419,4984246
10420,6870273
10421,4680202
10422,2973140
10423,3591774
10424,4102220
10425,2542646
10426,5000004
10427,1925556
10428,1919672
10429,3829222
10430,4409301
10431,2021323
10432,1828191
10433,3243538
10434,5196970
10435,6202436
10436,6735656
10437,4075530
10438,3911656
10439,2006445
10440,4131096
10441,3951194
10442,4249023
10443,4561229
10444,6341505
10445,3789573
10446,3910193
10447,1811478
10448,2597838
10449,4334343
10450,1952084
10451,7421638
10452,2972612
10453,4086073
10454,10217909
10455,5744619
10456,4340527
10457,16359263
10458,4092017
10459,6300705
10460,3963196
10461,4062962
10462,4077080
10463,2059913
10464,2379188
10465,2091046
10466,3825422
10467,4026058
10468,6947612
10469,4454288
10470,3987227
10471,7190454
10472,1959332
10473,4029822
10474,4058570
10475,4048925
10476,6087187
10477,1882164
10478,1859000
10479,4665318
10480,5550584
10481,2016188
10482,2986586
10483,3813002
10484,2082446
10485,3952646
10486,2917331
10487,3754010
10488,6668742
10489,2303506
10490,3797170
10491,3642021
10492,3664357
10493,3870016
10494,2763971
10495,1848209
10496,2835080
10497,6231428
10498,3441561
10499,1667746
10500,1765376
10501,1927538
10502,2125585
10503,3942572
10504,3584309
10505,3750454
10506,3753707
10507,3534653
10508,1944984
10509,2386809
10510,5345453
10511,3777192
10512,3214561
10513,3715427
10514,3687466
10515,3698318
10516,4908120
10517,1766003
10518,3934284
10519,2705627
10520,2051615
10521,3493397
10522,1724762
10523,1847820
10524,1798075
10525,1917634
10526,3976116
10527,5553211
10528,4256621
10529,6024537
10530,4220017
10531,2575850
10532,2398496
10533,3920918
10534,2850097
10535,1920941
10536,1881564
10537,1860196
10538,4023102
10539,6701568
10540,2853909
10541,1837467
10542,1874262
10543,4252128
10544,1850511
10545,3625345
10546,2808717
10547,6814377
10548,4055811
10549,4310778
10550,3752949
10551,3799758
10552,5145462
10553,4315992
10554,3555103
10555,3423742
10556,4014930
10557,3365085
10558,3428689
10559,3265426
10560,4715315
10561,4411293
10562,2861196
10563,1902517
10564,2906625
10565,3575682
10566,3746616
10567,1807323
10568,1770782
10569,1687883
10570,4624227
10571,6254216
10572,8572544
10573,1901615
10574,1729142
10575,2054325
10576,3846086
10577,3553348
10578,2112874
10579,3688036
10580,1824190
10581,3451337
10582,1909355
10583,3516059
10584,2727378
10585,3605002
10586,3886864
10587,4327546
10588,1832630
10589,3894974
10590,2919130
10591,2126749
10592,2872969
10593,2591467
10594,1882521
10595,1899103
10596,1882365
10597,2104051
10598,1817139
10599,2201630
10600,1868414
10601,2450126
10602,4584778
10603,2545080
10604,3137333
10605,1993657
10606,1859632
10607,2003232
10608,2027896
10609,2623143
10610,1834514
10611,2669748
10612,1926908
10613,4015735
10614,5241347
10615,5187433
10616,3099255
10617,2446162
10618,4755754
10619,3830591
10620,3783151
10621,5382601
10622,3433244
10623,3522454
10624,1861916
10625,1797964
10626,3774185
10627,7718977
10628,3642831
10629,3603238
10630,2854880
10631,2007465
10632,1933469
10633,2438165
10634,1727792
10635,3594387
10636,1958135
10637,1824637
10638,1742141
10639,2907559
10640,1786012
10641,1902664
10642,1850467
10643,3539076
10644,3246248
10645,1969752
10646,1859736
10647,3885378
10648,1932969
10649,1913843
10650,3706506
10651,3650968
10652,3482173
10653,3612500
10654,3554810
10655,6585005
10656,3588263
10657,1920619
10658,2208442
10659,2108394
10660,2750779
10661,4788743
10662,2624011
10663,3667413
10664,3278868
10665,3283540
10666,2855506
10667,3377009
10668,8509472
10669,1927334
10670,3926549
10671,4385181
10672,11657681
10673,2595622
10674,2946255
10675,1814998
10676,1745856
10677,1659319
10678,1718478
10679,3489206
10680,1826615
10681,1788652
10682,2445609
10683,1784536
10684,4195229
10685,2142458
10686,4146804
10687,2045346
10688,1684736
10689,2030797
10690,7036129
10691,3860758
10692,4000216
10693,1841363
10694,4769945
10695,2192186
10696,2440616
10697,3347661
10698,1688919
10699,3345381
10700,2057939
10701,2912958
10702,1915590
10703,1801146
10704,3782494
10705,3535168
10706,1837739
10707,3448338
10708,2375600
10709,2897265
10710,1895234
10711,7364199
10712,4164811
10713,3741093
10714,2794360
10715,8489686
10716,1662750
10717,1798303
10718,1786692
10719,1791245
10720,1898395
10721,3317747
10722,2859647
10723,3469499
10724,1895282
10725,2024646
10726,1767108
10727,2673196
10728,5046490
10729,1698579
10730,2343895
10731,3745359
10732,7661868
10733,3955477
10734,2194675
10735,4044327
10736,2252188
10737,2146249
10738,2686945
10739,2598905
10740,2014520
10741,4228678
10742,3661483
10743,3537141
10744,3787290
10745,3579260
10746,2850118
10747,2362443
10748,2830811
10749,2933546
10750,1978612
10751,1847904
10752,1969609
10753,5301340
10754,3806248
10755,3870977
10756,3909342
10757,6574741
10758,1942765
10759,1812490
10760,1729839
10761,2127952
10762,2505762
10763,2129919
10764,1796025
10765,2462697
10766,5036630
10767,3903898
10768,1829897
10769,1740814
10770,3074680
10771,3988725
10772,2750591
10773,4516979
10774,2062658
10775,3736726
10776,3683828
10777,3598607
10778,4619964
10779,1977412
10780,2479116
10781,1986097
10782,2605085
10783,1912910
10784,2058749
10785,1874791
10786,2059943
10787,3767285
10788,3717056
10789,3611882
10790,7605241
10791,5007203
10792,2013194
10793,1816049
10794,1855112
10795,3690484
10796,3739467
10797,1993688
10798,1943695
10799,2082266
10800,2797655
10801,1899679
10802,1750270
10803,1771450
10804,3427256
10805,2039129
10806,2018659
10807,4011468
10808,1900739
10809,3761228
10810,9537655
10811,3985587
10812,4090470
10813,2111290
10814,1813614
10815,2118937
10816,2101035
10817,1899687
10818,1844482
10819,1836769
10820,2600127
10821,2047988
10822,3782030
10823,3669227
10824,3165079
10825,2182899
10826,8394274
10827,3692059
10828,2026688
10829,3691537
10830,2050258
10831,4304395
10832,2010071
10833,3326605
10834,3124995
10835,2119376
10836,1925079
10837,2232097
10838,2568804
10839,3046923
10840,3709495
10841,1828035
10842,1882142
10843,3767462
10844,2855946
10845,3900378
10846,1931930
10847,6645202
10848,3572541
10849,9020382
10850,3719882
10851,3650642
10852,4474453
10853,1854314
10854,3887845
10855,4296671
10856,3521717
10857,3856198
10858,3819922
10859,1841314
10860,1899428
10861,3940692
10862,3618152
10863,1864776
10864,1936818
10865,1858404
10866,2134441
10867,4014044
10868,1743475
10869,1779917
10870,2289323
10871,1761581
10872,2706897
10873,1702766
10874,3799862
10875,6227039
10876,2011408
10877,4430246
10878,5221936
10879,2108474
10880,3810660
10881,3774980
10882,3763449
10883,6782256
10884,4293817
10885,3785526
10886,2415735
10887,4644987
10888,4914662
10889,2350519
10890,3888479
10891,5029813
10892,2460294
10893,3502423
10894,4076658
10895,10525190
10896,5040490
10897,4120646
10898,2377230
10899,5999916
10900,2131336
10901,2223241
10902,4515919
10903,2521251
10904,4232364
10905,2727965
10906,4105156
10907,4294641
10908,5304285
10909,11105999
10910,3875550
10911,7889550
10912,4408320
10913,4415280
10914,3973910
10915,1815642
10916,2085135
10917,5475251
10918,3538500
10919,5962674
10920,4076426
10921,4415224
10922,6348792
10923,3091485
10924,2718421
10925,2433666
10926,3093586
10927,2526141
10928,4112874
10929,3752364
10930,2924985
10931,4287689
10932,2732787
10933,4117051
10934,2222947
10935,7256357
10936,2416853
10937,1808842
10938,5477594
10939,4418234
10940,3741392
10941,4595377
10942,1894798
10943,2112717
10944,4039941
10945,2034403
10946,3830003
10947,1985716
10948,6920662
10949,4246556
10950,2560490
10951,6069422
10952,3918156
10953,4179379
10954,2943620
10955,5158561
10956,4618762
10957,2057111
10958,7525783
10959,7992305
10960,4889947
10961,4158568
10962,2922306
10963,7036786
10964,4734399
10965,9757608
10966,4221728
10967,3948344
10968,5183628
10969,4268449
10970,2886715
10971,4698169
10972,5556545
10973,15081911
10974,1970442
10975,4343161
10976,2853866
10977,1977395
10978,4217883
10979,7915900
10980,3996663
10981,4338965
10982,4053632
10983,4241834
10984,5354759
10985,12091978
10986,2243659
10987,7551843
10988,3855470
10989,3957745
10990,3029785
10991,2062745
10992,4280138
10993,13444133
10994,4023030
10995,5242943
10996,2818746
10997,3984763
10998,1984148
10999,4062724
11000,3918572
11001,2672395
11002,3098425
11003,4318272
11004,2199365
11005,1936911
11006,3402587
11007,6108497
11008,1956275
11009,2896079
11010,2704569
11011,3832257
11012,6781723
11013,13840242
11014,2147790
11015,2886843
11016,3504204
11017,3965433
11018,6411232
11019,4094246
11020,2842629
11021,5316542
11022,9983015
11023,4297956
11024,4214140
11025,8083188
11026,5483511
11027,10242975
11028,4173542
11029,4032409
11030,4741165
11031,7191220
11032,7655503
11033,3843507
11034,3265992
11035,5276589
11036,2806120
11037,4070985
11038,4214757
11039,6628573
11040,3571156
11041,2069186
11042,3942049
11043,5235632
11044,5918244
11045,11515171
11046,2237340
11047,7142353
11048,2671387
11049,3812096
11050,2962153
11051,3952841
11052,4380976
11053,3945662
11054,3889843
11055,7161606
11056,5063820
11057,2670840
11058,4036500
11059,2096352
11060,4218222
11061,6702245
11062,1933840
11063,1781282
11064,13190503
11065,2575376
11066,1981429
11067,2939189
11068,2369608
11069,2332501
11070,2351776
11071,5093857
11072,2806440
11073,2191124
11074,1794530
11075,1871643
11076,1845252
11077,4592603
11078,1713774
11079,4190807
11080,4694341
11081,1980181
11082,2415339
11083,5443659
11084,4160369
11085,16808863
11086,5201445
11087,1953746
11088,1844058
11089,1854187
11090,1923069
11091,1767710
11092,1921799
11093,11297546
11094,2403580
11095,2172609
11096,1822745
11097,1830643
11098,2362284
11099,1674775
11100,3760808
11101,4104577
11102,9260808
11103,1828272
11104,1667578
11105,1801148
11106,8368911
11107,3760273
11108,5612638
11109,8491970
11110,2399293
11111,2213923
11112,2455758
11113,3676165
11114,1869284
11115,1943323
11116,1854847
11117,4701555
11118,2349589
11119,3025991
11120,3835968
11121,1871124
11122,1954996
11123,1899024
11124,2012512
11125,4243551
11126,1831963
11127,8484166
11128,1922096
11129,1837881
11130,3405161
11131,1767420
11132,2819790
11133,1756962
11134,3748190
11135,1911705
11136,1967439
11137,3952554
11138,1848284
11139,1942712
11140,5617215
11141,4401299
11142,4066813
11143,3928723
11144,2756048
11145,1929750
11146,1857225
11147,1754230
11148,12260355
11149,5781819
11150,1915424
11151,1882057
11152,1976285
11153,1912964
11154,2044390
11155,1928256
11156,4360259
11157,2061817
11158,2751723
11159,2218459
11160,2186369
11161,5289774
11162,3986805
11163,3805767
11164,3078283
11165,2603187
11166,4740320
11167,1830363
11168,3814227
11169,12222487
11170,3255714
11171,1968410
11172,2312027
11173,3498050
11174,1835199
11175,3806190
11176,2958864
11177,5552626
11178,2002751
11179,2223541
11180,1806820
11181,2153721
11182,3192612
11183,4507702
11184,1769654
11185,7425692
11186,2103339
11187,3660955
11188,2760940
11189,1823531
11190,3439877
11191,1939600
11192,1908278
11193,2697550
11194,4236580
11195,4149797
11196,1912169
11197,2392073
11198,1845836
11199,1836219
11200,2267184
11201,8008033
11202,4435201
11203,7515343
11204,4530234
11205,4556318
11206,1818508
11207,1941428
11208,1907794
11209,1972941
11210,3775087
11211,5731216
11212,4482478
11213,2248342
11214,2696399
11215,7374194
11216,2698860
11217,6912570
11218,1850700
11219,5961689
11220,3745710
11221,3990008
11222,2207093
11223,2066922
11224,2600130
11225,1741678
11226,2838841
11227,3612535
11228,3686756
11229,3686130
11230,2657041
11231,3513221
11232,6951870
11233,7360452
11234,3766683
11235,6967920
11236,2913453
11237,4382606
11238,1969765
11239,1715687
11240,4228059
11241,5766249
11242,1751338
11243,1835510
11244,2133195
11245,3416047
11246,3811306
11247,6708034
11248,2116164
11249,3625950
11250,2778062
11251,1850556
11252,2821533
11253,10947677
11254,3968779
11255,4943224
11256,3825120
11257,5095764
11258,3640110
11259,5191677
11260,1829143
11261,4159007
11262,2739845
11263,1868661
11264,2115601
11265,1938811
11266,3067753
11267,3922808
11268,1851752
11269,5209292
11270,1881327
11271,1978008
11272,2100969
11273,2592731
11274,9402159
11275,3702014
11276,2871665
11277,1886306
11278,2740555
11279,1852359
11280,1759870
11281,1802923
11282,1838856
11283,2001130
11284,1780154
11285,12016045
11286,1815129
11287,3779730
11288,2846381
11289,3778937
11290,3972138
11291,2522303
11292,3602672
11293,1800675
11294,1926690
11295,7851279
11296,2093156
11297,5966417
11298,1824640
11299,1922855
11300,1862959
11301,4053326
11302,1875748
11303,1766225
11304,1860047
11305,1837427
11306,9140986
11307,1903620
11308,2054970
11309,4068823
11310,4747812
11311,4319886
11312,4131587
11313,6359509
11314,2140850
11315,1980034
11316,7484936
11317,2255770
11318,1832773
11319,1922310
11320,1785090
11321,3837557
11322,2919092
11323,1910246
11324,1822051
11325,2071265
11326,1970647
11327,1888326
11328,1981684
11329,1732010
11330,2756427
11331,4054748
11332,2739814
11333,1898817
11334,1923047
11335,1776565
11336,1913486
11337,10018408
11338,2227323
11339,2011518
11340,1894644
11341,4059619
11342,3261206
11343,1854029
11344,2744395
11345,3765369
11346,2059940
11347,3641557
11348,4012505
11349,6986451
11350,5047290
11351,3941694
11352,4459500
11353,5104452
11354,2637947
11355,2179645
11356,2055194
11357,1818026
11358,3220720
11359,1976752
11360,1907770
11361,4008788
11362,1901106
11363,2066062
11364,1870829
11365,9224863
11366,1707281
11367,1876837
11368,2201114
11369,1711319
11370,2022254
11371,2923276
11372,2469560
11373,1836127
11374,1902971
11375,1839822
11376,1904010
11377,2199890
11378,1869866
11379,5679482
11380,2351706
11381,14237778
11382,2023017
11383,2298430
11384,2313771
11385,2152913
11386,1802830
11387,1985907
11388,4967664
11389,1785455
11390,1776637
11391,1899781
11392,2213129
11393,8426809
11394,3647822
11395,5794923
11396,3751802
11397,1894038
11398,1821676
11399,3632387
11400,3043890
11401,4866577
11402,2896283
11403,2137715
11404,1926912
11405,6694247
11406,2099519
11407,3739804
11408,4023463
11409,12281028
11410,1979136
11411,3791992
11412,2151487
11413,12864959
11414,1955474
11415,4095379
11416,4000225
11417,1846481
11418,1961167
11419,2006781
11420,2773220
11421,2336423
11422,1851243
11423,2243356
11424,3550461
11425,4422341
11426,2634639
11427,2034641
11428,1980888
11429,7214333
11430,1944281
11431,3762047
11432,4507667
11433,2007238
11434,4134205
11435,2117530
11436,1919829
11437,2118573
11438,3660686
11439,3613409
11440,1839799
11441,4012908
11442,7378620
11443,2023716
11444,2150822
11445,4043470
11446,3781040
11447,3602492
11448,4594083
11449,1878048
11450,1795807
11451,1862773
11452,1886103
11453,2030777
11454,5194391
11455,1811020
11456,2083010
11457,3797805
11458,5045996
11459,2073731
11460,4448685
11461,4177926
11462,2870629
11463,8632726
11464,3685013
11465,11912413
11466,1934254
11467,2252659
11468,2599552
11469,4625848
11470,3403475
11471,3747729
11472,3788981
11473,3805839
11474,3623394
11475,3792028
11476,3023163
11477,3678224
11478,2741410
11479,3758352
11480,3738877
11481,11758513
11482,2962120
11483,1912778
11484,4972108
11485,2154893
11486,3160036
11487,4448269
11488,3835398
11489,4090976
11490,3469723
11491,4940139
11492,3777950
11493,4863521
11494,3551381
11495,3824805
11496,4033421
11497,6099504
11498,2483932
11499,2702672
11500,1899513
11501,2075809
11502,2730260
11503,1944737
11504,1884954
11505,12495025
11506,2188279
11507,4739478
11508,3965474
11509,6529604
11510,2760399
11511,1946364
11512,2011325
11513,2041684
11514,3836774
11515,4068111
11516,2185466
11517,4567251
11518,2801252
11519,3873613
11520,3670594
11521,3786925
11522,2948938
11523,2029373
11524,1884034
11525,1976689
11526,3264555
11527,2923542
11528,8452798
11529,2055299
11530,1948470
11531,4434618
11532,3831923
11533,8520509
11534,3876581
11535,1983375
11536,2898031
11537,2177389
11538,2620143
11539,5255998
11540,3666544
11541,4019978
11542,2024537
11543,1878131
11544,2098380
11545,2039247
11546,2078225
11547,7909695
11548,3705801
11549,8112584
11550,1831400
11551,3948032
11552,3874314
11553,3899848
11554,5047870
11555,3612123
11556,9792740
11557,3335809
11558,5249950
11559,3647712
11560,4137232
11561,5019747
11562,1950043
11563,7348623
11564,2801599
11565,2005982
11566,4153471
11567,3748974
11568,6924667
11569,1899686
11570,1832051
11571,1917751
11572,3918758
11573,12112541
11574,2208203
11575,2515089
11576,2148384
11577,3458046
11578,1912072
11579,2038693
11580,1919914
11581,9472957
11582,1873659
11583,3743830
11584,4663650
11585,6154178
11586,2120038
11587,1752226
11588,1746497
11589,10757809
11590,2107817
11591,2551033
11592,4905545
11593,6785994
11594,2745658
11595,2103929
11596,3904776
11597,3886281
11598,2918132
11599,3714233
11600,2871125
11601,3382583
11602,1907627
11603,2002879
11604,2366109
11605,4480457
11606,2033892
11607,1897025
11608,1789072
11609,1848253
11610,7279782
11611,1758441
11612,1885368
11613,1975669
11614,2704259
11615,2172993
11616,1970378
11617,5924478
11618,2014206
11619,1990341
11620,2466604
11621,2898175
11622,1907933
11623,1948598
11624,3767758
11625,3248081
11626,4139399
11627,3949333
11628,2975960
11629,9002676
11630,2627795
11631,3614449
11632,2023045
11633,1999715
11634,2000888
11635,2741085
11636,2883954
11637,10149054
11638,2007582
11639,4646908
11640,3659835
11641,8374967
11642,1893476
11643,2045631
11644,2194360
11645,2101414
11646,2932015
11647,2135027
11648,1856478
11649,1956287
11650,2219965
11651,2166293
11652,2767974
11653,8939558
11654,1960886
11655,1876040
11656,1905056
11657,2450120
11658,4099073
11659,4182143
11660,3800570
11661,4055477
11662,3704740
11663,4266353
11664,3112277
11665,10053941
11666,1932074
11667,3735982
11668,3508719
11669,3583020
11670,2743026
11671,3631509
11672,2759561
11673,2810996
11674,1826568
11675,2126567
11676,2040190
11677,15339813
11678,4175243
11679,2089199
11680,1835642
11681,1859977
11682,2099593
11683,1980933
11684,2287236
11685,2462150
11686,2317979
11687,1956363
11688,8746889
11689,2151578
11690,2679954
11691,2148411
11692,2432896
11693,7783654
11694,4599744
11695,4076441
11696,2012649
11697,2382741
11698,4003500
11699,4773738
11700,2130112
11701,33513081
11702,6142575
11703,5133240
11704,6388050
11705,1952016
11706,2962866
11707,1989570
11708,3991962
11709,3791299
11710,3268650
11711,2669656
11712,2065432
11713,9927368
11714,2019165
11715,4134403
11716,3621575
11717,2091096
11718,4982775
11719,1861540
11720,7134079
11721,3709401
11722,2816261
11723,5126078
11724,2283534
11725,8845158
11726,2483472
11727,4250301
11728,2995615
11729,1750106
11730,3214111
11731,1822072
11732,1812552
11733,13930878
11734,6998361
11735,2500567
11736,10640881
11737,2425413
11738,4030938
11739,3624715
11740,3849951
11741,4332519
11742,2095509
11743,1927272
11744,1891582
11745,2443806
11746,3737733
11747,1767076
11748,2904421
11749,1916758
11750,7655756
11751,4932848
11752,3868236
11753,3907280
11754,2013008
11755,3781053
11756,2773070
11757,3174511
11758,2021031
11759,3914113
11760,2783248
11761,2541823
11762,2152096
11763,4180503
11764,1922177
11765,3817224
11766,2816360
11767,1856670
11768,3784963
11769,2519184
11770,2834085
11771,2307601
11772,1996148
11773,3781440
11774,3561455
11775,3581000
11776,1954264
11777,1857206
11778,3311533
11779,1813344
11780,2939070
11781,4618846
11782,2742910
11783,3635702
11784,2785810
11785,1832236
11786,1814814
11787,3604945
11788,4695415
11789,3366323
11790,2790277
11791,3549777
11792,2770195
11793,4840065
11794,3626751
11795,3864564
11796,3196931
11797,4064396
11798,2078760
11799,5105836
11800,2965345
11801,3302596
11802,4055338
11803,4329684
11804,2391289
11805,4197349
11806,2099544
11807,4051988
11808,2062963
11809,1908360
11810,3365380
11811,1933695
11812,1975727
11813,2027899
11814,2163178
11815,4812456
11816,5888102
11817,3601463
11818,2015623
11819,1914730
11820,2414687
11821,4578232
11822,2057361
11823,1972481
11824,4862259
11825,3795528
11826,3470928
11827,1899572
11828,5079840
11829,3656140
11830,2801991
11831,4178255
11832,2010084
11833,3706196
11834,2091167
11835,1983949
11836,10026200
11837,1654956
11838,1934634
11839,1802801
11840,1901049
11841,9093277
11842,1926084
11843,2011386
11844,2173952
11845,2245848
11846,2119153
11847,2150981
11848,2136508
11849,2265113
11850,2064398
11851,3853206
11852,3749556
11853,3890095
11854,3831638
11855,3496187
11856,3663219
11857,39297855
11858,2311903
11859,2081097
11860,3040735
11861,3870798
11862,8670079
11863,2144724
11864,2184052
11865,7607338
11866,3878361
11867,4091856
11868,2911357
11869,3909901
11870,3643095
11871,4109970
11872,2841421
11873,3908335
11874,4333052
11875,3853516
11876,4020929
11877,2178053
11878,32075361
11879,6804237
11880,3451740
11881,8060837
11882,1792186
11883,2000097
11884,2270433
11885,2820908
11886,4049884
11887,4019936
11888,2317387
11889,2136779
11890,1907780
11891,1931610
11892,2111406
11893,2624822
11894,2822831
11895,2296442
11896,4030711
11897,7184170
11898,9151514
11899,3914404
11900,4290583
11901,4025258
11902,3008381
11903,1790314
11904,4016645
11905,4033624
11906,2846121
11907,1949940
11908,2176951
11909,4170695
11910,3927654
11911,4090988
11912,2857922
11913,3066078
11914,3842010
11915,2121675
11916,2058988
11917,4796281
11918,7191908
11919,8793059
11920,8979373
11921,1962205
11922,4983887
11923,2081728
11924,1960603
11925,2398388
11926,1778361
11927,1968480
11928,2129895
11929,3674442
11930,1852939
11931,1906566
11932,1928425
11933,3806624
11934,3698828
11935,4579056
11936,1847930
11937,1936212
11938,2528058
11939,1849309
11940,3823081
11941,4199252
11942,3283042
11943,3923765
11944,4761179
11945,3852737
11946,3167247
11947,3478251
11948,3888563
11949,2152795
11950,2224254
11951,1819326
11952,2333779
11953,1913949
11954,2698778
11955,2035776
11956,1969424
11957,1983761
11958,2783171
11959,1825985
11960,1917562
11961,2023626
11962,6154699
11963,2038145
11964,2237275
11965,1892050
11966,2360977
11967,2672715
11968,1830253
11969,2304870
11970,2401948
11971,2380892
11972,2938865
11973,2686944
11974,1903845
11975,1942450
11976,5229046
11977,3911654
11978,3961550
11979,5242174
11980,1722424
11981,1969127
11982,3980375
11983,3555034
11984,3618404
11985,3690936
11986,6758391
11987,3497143
11988,3289731
11989,2234202
11990,2611982
11991,2006501
11992,2498783
11993,1896422
11994,1926966
11995,1797733
11996,1751660
11997,1731160
11998,2212484
11999,6790483
12000,3240964
12001,3134969
12002,2039910
12003,3984560
12004,2001553
12005,4054298
12006,2858959
12007,2310033
12008,4684239
12009,2219528
12010,3684990
12011,4052084
12012,2850476
12013,2719284
12014,4059254
12015,3853316
12016,4611782
12017,2151779
12018,3312142
12019,3719279
12020,1934574
12021,4204873
12022,3727995
12023,3812029
12024,3040508
12025,2878063
12026,3839658
12027,3658613
12028,2552564
12029,2110625
12030,2921260
12031,2177762
12032,2102802
12033,2990404
12034,1993605
12035,1961607
12036,3899055
12037,1904590
12038,1912121
12039,1801224
12040,1929107
12041,3767005
12042,3192118
12043,2844230
12044,2726073
12045,2010018
12046,1821315
12047,1826957
12048,2083353
12049,1799896
12050,1849860
12051,2437506
12052,2039644
12053,1924624
12054,2634665
12055,1986405
12056,1882394
12057,1789995
12058,2659313
12059,3234700
12060,1992167
12061,4060187
12062,2459745
12063,2043381
12064,2068354
12065,2716457
12066,3103329
12067,2992618
12068,1971868
12069,2038180
12070,1973104
12071,2008370
12072,2170527
12073,1879603
12074,2167964
12075,2025512
12076,1816423
12077,2429757
12078,3422773
12079,2516866
12080,2047334
12081,1935653
12082,1856694
12083,1916485
12084,2774969
12085,1879396
12086,1740267
12087,8347573
12088,1666142
12089,1691305
12090,3747867
12091,5150548
12092,2769229
12093,2171852
12094,2837244
12095,2652420
12096,2850799
12097,1803335
12098,4800633
12099,4381105
12100,3813957
12101,3803843
12102,3741192
12103,4319343
12104,1991146
12105,3624994
12106,2769528
12107,3452489
12108,2855794
12109,1692847
12110,1805144
12111,3718949
12112,5414595
12113,3554910
12114,4299685
12115,1982817
12116,1892095
12117,2360669
12118,3794132
12119,3709073
12120,3855590
12121,3919648
12122,3736735
12123,5381333
12124,2771957
12125,1747913
12126,1772930
12127,1783951
12128,1960912
12129,1840274
12130,2800981
12131,1813623
12132,2096534
12133,2663576
12134,2132484
12135,4557313
12136,1834295
12137,3708628
12138,8554808
12139,1888546
12140,2783090
12141,5485311
12142,2746677
12143,3546073
12144,2867046
12145,1980596
12146,2825526
12147,3662918
12148,2791387
12149,1899508
12150,1849005
12151,2357742
12152,1771982
12153,2058912
12154,3698747
12155,3469509
12156,2572857
12157,2106210
12158,1827279
12159,2064826
12160,1961998
12161,3632929
12162,3615106
12163,1888353
12164,3760052
12165,8019535
12166,4065357
12167,1688983
12168,1947374
12169,3710818
12170,1818932
12171,4167948
12172,1778646
12173,1901392
12174,2815686
12175,1970936
12176,1877748
12177,13642569
12178,8798723
12179,1822418
12180,1878199
12181,2549239
12182,2148263
12183,1887955
12184,3550792
12185,2281621
12186,1925859
12187,1835491
12188,2036675
12189,1800363
12190,1858443
12191,1782026
12192,1869674
12193,2971346
12194,1922429
12195,2660887
12196,2675850
12197,3696290
12198,5017346
12199,3573140
12200,2902794
12201,3155615
12202,3381111
12203,2035724
12204,1905643
12205,3544379
12206,4686788
12207,1858713
12208,2033746
12209,1786295
12210,1932675
12211,2551728
12212,1878396
12213,1930889
12214,1926930
12215,1959924
12216,1940252
12217,2538944
12218,2324373
12219,12066743
12220,5229312
12221,2378232
12222,2601905
12223,2741604
12224,2067518
12225,2077368
12226,2224712
12227,2026426
12228,2099982
12229,1873640
12230,2030373
12231,1907689
12232,2003010
12233,2166465
12234,1906675
12235,3067254
12236,2027926
12237,1930067
12238,1928241
12239,1935414
12240,12336299
12241,1888894
12242,1987085
12243,1997916
12244,1948547
12245,1907783
12246,1871064
12247,1867900
12248,1770928
12249,2238043
12250,1818319
12251,3781721
12252,2877139
12253,1939892
12254,4791085
12255,3639476
12256,1797074
12257,1786048
12258,2020596
12259,4710058
12260,1921568
12261,13883620
12262,1845550
12263,1931958
12264,2178775
12265,1912678
12266,8697035
12267,1741681
12268,1923917
12269,1899835
12270,1894003
12271,2396415
12272,2770056
12273,2234581
12274,1861131
12275,1771428
12276,3589235
12277,1936425
12278,2782329
12279,3639072
12280,5983354
12281,3995514
12282,12195791
12283,1845285
12284,1943360
12285,2206422
12286,1931381
12287,4047067
12288,2849161
12289,3833352
12290,3760415
12291,4049707
12292,3790464
12293,3685979
12294,3688385
12295,4623014
12296,1822311
12297,2031604
12298,4253737
12299,1903074
12300,2942470
12301,4315812
12302,2949997
12303,13685575
12304,2060966
12305,1856327
12306,1918491
12307,3735549
12308,4157912
12309,3687511
12310,3431396
12311,2196609
12312,4137595
12313,3852622
12314,2091715
12315,1981472
12316,4464450
12317,3374209
12318,2160315
12319,1937312
12320,2890574
12321,3870464
12322,3698840
12323,1824260
12324,12190062
12325,1986331
12326,2144147
12327,2951220
12328,2416677
12329,1889551
12330,2151234
12331,6681922
12332,2132530
12333,1994257
12334,2099407
12335,2641024
12336,1989403
12337,2431373
12338,2123159
12339,3280738
12340,2047636
12341,4100844
12342,1742512
12343,1922036
12344,2294762
12345,14881861
12346,1961596
12347,3253300
12348,2662798
12349,2605815
12350,2313777
12351,3001023
12352,2652977
12353,2521982
12354,1930373
12355,1846167
12356,1826143
12357,1785925
12358,1877064
12359,1938185
12360,1915251
12361,2163986
12362,1869521
12363,1952387
12364,4712294
12365,3660590
12366,11827228
12367,1922228
12368,3887074
12369,1944141
12370,4303055
12371,3156299
12372,1976832
12373,1766965
12374,2368005
12375,4197317
12376,2000755
12377,1857480
12378,1801440
12379,3766563
12380,3743541
12381,8649389
12382,1825694
12383,4368674
12384,3809893
12385,4888312
12386,3635741
12387,14342145
12388,1784440
12389,1721699
12390,3952450
12391,2717681
12392,3889924
12393,1842119
12394,1783099
12395,1784270
12396,1939347
12397,1706966
12398,1777708
12399,1814761
12400,1772842
12401,2529373
12402,1923955
12403,2107710
12404,3172337
12405,1838013
12406,1698958
12407,3715121
12408,14855772
12409,1745799
12410,3314355
12411,1714548
12412,1782078
12413,1960955
12414,3739648
12415,4092116
12416,3837847
12417,4132082
12418,5324484
12419,3917755
12420,3857940
12421,4152379
12422,3972860
12423,3377352
12424,2602905
12425,1777351
12426,1999994
12427,1828694
12428,3127885
12429,13474025
12430,3679333
12431,2419369
12432,1751663
12433,1737643
12434,1980822
12435,1872526
12436,1936858
12437,1664737
12438,2393146
12439,1777491
12440,1794364
12441,2221072
12442,1905498
12443,1821866
12444,2070853
12445,1862191
12446,2124093
12447,2355507
12448,1736766
12449,3876124
12450,20187385
12451,1818499
12452,1785055
12453,1791573
12454,1768522
12455,1885664
12456,2038513
12457,1874339
12458,4235882
12459,1790522
12460,1825868
12461,2994013
12462,9368767
12463,1903203
12464,3077236
12465,2281820
12466,2545995
12467,1860529
12468,2492142
12469,2652190
12470,2151724
12471,16265293
12472,3780402
12473,1873340
12474,3092095
12475,1906397
12476,1981027
12477,1826249
12478,1788310
12479,3632218
12480,7197518
12481,3797630
12482,2902148
12483,4197402
12484,1998673
12485,3814874
12486,1918866
12487,1854757
12488,3800105
12489,3763375
12490,1873638
12491,2390095
12492,2865687
12493,2118807
12494,3026829
12495,3979521
12496,1871623
12497,5467391
12498,2741311
12499,3487155
12500,3921405
12501,3999667
12502,2779559
12503,3751635
12504,6728411
12505,2553090
12506,2707218
12507,2048797
12508,2810710
12509,3738270
12510,4104623
12511,6282578
12512,3660172
12513,9462450
12514,3664931
12515,3208609
12516,2368540
12517,2700789
12518,1987919
12519,2135806
12520,3784611
12521,6955800
12522,2146633
12523,3925472
12524,9437034
12525,4326100
12526,1909111
12527,1788976
12528,2043555
12529,3726016
12530,2857949
12531,3768710
12532,3981324
12533,3788282
12534,17753723
12535,4244320
12536,13265612
12537,3755216
12538,1975361
12539,1759619
12540,1863124
12541,2788318
12542,4237517
12543,5433763
12544,3723540
12545,2717582
12546,2090386
12547,1848575
12548,3851452
12549,3574030
12550,2821909
12551,4353524
12552,3834629
12553,3667807
12554,2730639
12555,13065657
12556,2905797
12557,3417816
12558,1946532
12559,1716606
12560,3584105
12561,5209533
12562,3727195
12563,3572370
12564,3755992
12565,3635809
12566,6226678
12567,1809297
12568,3834535
12569,4174678
12570,3741896
12571,3727400
12572,3700673
12573,3851206
12574,3674490
12575,2691878
12576,6728702
12577,3680065
12578,2817392
12579,1907294
12580,2848543
12581,4141591
12582,3747614
12583,3616385
12584,4045162
12585,3714699
12586,2766837
12587,1781429
12588,2008853
12589,1844201
12590,1852076
12591,2142617
12592,2124440
12593,3952105
12594,3001015
12595,4429959
12596,3798823
12597,5449368
12598,2353536
12599,1791358
12600,2029994
12601,1898652
12602,1880013
12603,2006466
12604,2376440
12605,2768636
12606,5441129
12607,3723062
12608,2790137
12609,1985886
12610,1983071
12611,1779195
12612,1834616
12613,2629459
12614,1805750
12615,2094622
12616,4410730
12617,2079383
12618,3246961
12619,1877109
12620,4114196
12621,3128886
12622,3596667
12623,3957794
12624,2899320
12625,2520470
12626,3889012
12627,2145215
12628,4069498
12629,1973876
12630,2168628
12631,4581989
12632,2203786
12633,1900223
12634,1935633
12635,1825433
12636,2095180
12637,1935807
12638,1852705
12639,5108634
12640,2774731
12641,3978688
12642,3347302
12643,2002639
12644,3033715
12645,3711567
12646,2942662
12647,1811679
12648,1834180
12649,1719693
12650,2075571
12651,1938509
12652,1980925
12653,3441906
12654,2098740
12655,2181488
12656,1889028
12657,2123188
12658,1738418
12659,1843321
12660,3154471
12661,2225041
12662,2666462
12663,2102202
12664,3243539
12665,1858851
12666,4946512
12667,1955142
12668,1916680
12669,1897678
12670,2697428
12671,3875032
12672,3564451
12673,1863571
12674,3774247
12675,3632304
12676,4249047
12677,1905589
12678,3726633
12679,3721208
12680,3740493
12681,8137118
12682,1879038
12683,1971457
12684,3561193
12685,1879794
12686,1840501
12687,2549640
12688,2011998
12689,1875437
12690,2061915
12691,1911550
12692,4080936
12693,2850299
12694,1995932
12695,3734528
12696,2866507
12697,3595126
12698,5746038
12699,3546954
12700,3543829
12701,3895605
12702,2865339
12703,3750197
12704,3791686
12705,4114709
12706,2821553
12707,3698675
12708,6666413
12709,9434835
12710,1906230
12711,1800295
12712,3692599
12713,2556067
12714,2432597
12715,2734487
12716,3303681
12717,1977004
12718,1779220
12719,2859199
12720,2945312
12721,1765876
12722,2128860
12723,7165261
12724,2724477
12725,2273181
12726,1982171
12727,2180947
12728,2070151
12729,8429036
12730,2122369
12731,1850109
12732,1932833
12733,1875847
12734,5042893
12735,2749522
12736,2774946
12737,5982209
12738,2990540
12739,2254226
12740,1996670
12741,4242180
12742,2226283
12743,1864917
12744,2614161
12745,1945452
12746,1840094
12747,1927105
12748,1863249
12749,2106011
12750,1951520
12751,5774040
12752,2136037
12753,3859851
12754,4157999
12755,4566507
12756,2606803
12757,4387531
12758,2657025
12759,1925279
12760,1904041
12761,2085234
12762,3933088
12763,4831320
12764,2137334
12765,2553346
12766,2957273
12767,1887620
12768,1963536
12769,1836929
12770,1936837
12771,3819312
12772,3832547
12773,3701656
12774,3608101
12775,3687485
12776,2839085
12777,2005644
12778,1813001
12779,2471229
12780,2423835
12781,1917093
12782,1817126
12783,1841545
12784,1922674
12785,4084831
12786,7269161
12787,2172383
12788,1876804
12789,4191316
12790,3239429
12791,1797306
12792,1897786
12793,1825701
12794,1761524
12795,4849126
12796,2841270
12797,2238224
12798,2236868
12799,3033408
12800,3408727
12801,2012815
12802,2747426
12803,1884462
12804,2021392
12805,4897028
12806,4074366
12807,5214911
12808,4729383
12809,3925056
12810,4197763
12811,4090126
12812,3488597
12813,1860557
12814,2621222
12815,2495769
12816,1819067
12817,1793012
12818,1912359
12819,2930169
12820,1912338
12821,2435821
12822,2792098
12823,1881105
12824,1864884
12825,3818383
12826,3043327
12827,2018974
12828,2450696
12829,4239816
12830,3870123
12831,4056738
12832,3608540
12833,4377893
12834,1861408
12835,2083472
12836,4637052
12837,3927347
12838,6890471
12839,1833081
12840,2809861
12841,2107025
12842,1835286
12843,2086179
12844,5167773
12845,1849090
12846,2905265
12847,4477530
12848,1830341
12849,2303382
12850,1895841
12851,1800622
12852,1994945
12853,2275600
12854,2666657
12855,2598201
12856,1717873
12857,2224858
12858,2975135
12859,4178967
12860,6295242
12861,4128332
12862,2286558
12863,4157787
12864,2020358
12865,3000747
12866,2357949
12867,2238111
12868,2108630
12869,1894016
12870,2438703
12871,3287541
12872,2764205
12873,2335711
12874,2361432
12875,2394222
12876,2848442
12877,3673553
12878,4337542
12879,4032378
12880,3616803
12881,3822243
12882,3164489
12883,2544645
12884,1868378
12885,5099040
12886,1933623
12887,3619663
12888,3951112
12889,3572587
12890,4396377
12891,5743666
12892,7004188
12893,4234742
12894,2131802
12895,2000533
12896,1844776
12897,1894806
12898,4617457
12899,3750671
12900,2041298
12901,4692845
12902,3197811
12903,3827627
12904,3745345
12905,3887898
12906,3832638
12907,2017523
12908,1920769
12909,1975396
12910,2201464
12911,1728222
12912,2539424
12913,2384648
12914,1842590
12915,2062250
12916,2835063
12917,3692254
12918,2851547
12919,1793383
12920,1820085
12921,3878940
12922,4090955
12923,3557434
12924,2018357
12925,7861337
12926,2022149
12927,2681086
12928,3593090
12929,1898564
12930,1892108
12931,3420919
12932,1817695
12933,2339217
12934,1984202
12935,3830507
12936,2830102
12937,5135645
12938,2136922
12939,1836310
12940,2413786
12941,2128799
12942,1933750
12943,1812753
12944,3614732
12945,1983661
12946,9195696
12947,2333752
12948,2498576
12949,2625083
12950,1799865
12951,1995900
12952,1780174
12953,2192840
12954,4333915
12955,1911523
12956,2278691
12957,1885813
12958,3596054
12959,1876929
12960,2867002
12961,3238373
12962,3851981
12963,4112143
12964,2840817
12965,4457046
12966,1856654
12967,1843700
12968,1790095
12969,1867690
12970,2451735
12971,1617019
12972,2026925
12973,3778664
12974,4364885
12975,4449908
12976,3807771
12977,3735966
12978,3637834
12979,1861489
12980,1829349
12981,2097307
12982,1780937
12983,3647525
12984,1964236
12985,3566328
12986,4530256
12987,1967047
12988,1833280
12989,2303371
12990,1983480
12991,1813535
12992,1799483
12993,1963936
12994,3419591
12995,2179728
12996,2532600
12997,4195710
12998,1986298
12999,1933932
13000,3417802
13001,2543318
13002,2093704
13003,2044809
13004,3855185
13005,2348734
13006,3393562
13007,1839903
13008,2089254
13009,5073134
13010,2881517
13011,1885477
13012,2140234
13013,1868523
13014,2027381
13015,5332486
13016,1918473
13017,9884025
13018,3811592
13019,3668474
13020,2807161
13021,2139239
13022,1931249
13023,4182777
13024,2631267
13025,2045660
13026,1936441
13027,8768868
13028,3406875
13029,3180206
13030,2142574
13031,3875224
13032,1888558
13033,1857826
13034,3308355
13035,3661199
13036,1848068
13037,3720928
13038,4297561
13039,3714646
13040,2816812
13041,2015405
13042,1991663
13043,1854995
13044,1971887
13045,2430680
13046,2815379
13047,1896929
13048,1990939
13049,1752809
13050,1837012
13051,1711562
13052,3775590
13053,3775223
13054,2750637
13055,1888924
13056,2015369
13057,1790765
13058,1826424
13059,2222952
13060,1820775
13061,2025211
13062,2778095
13063,1987078
13064,5327022
13065,3831165
13066,4863029
13067,4849721
13068,2678328
13069,4038513
13070,3738880
13071,3811122
13072,2827890
13073,2008306
13074,1823848
13075,1826605
13076,1830985
13077,1989540
13078,1882203
13079,1878453
13080,2446586
13081,1951516
13082,2004965
13083,2605848
13084,2013201
13085,1909804
13086,1903433
13087,1888348
13088,1752418
13089,2690321
13090,2503809
13091,3721462
13092,6702485
13093,2078110
13094,1967549
13095,1901649
13096,2374847
13097,1914638
13098,1906330
13099,1784390
13100,1778865
13101,2631906
13102,3093543
13103,1954253
13104,3908906
13105,3970487
13106,2936765
13107,3744204
13108,3953705
13109,3506894
13110,1991374
13111,1928033
13112,2495316
13113,1882606
13114,1992274
13115,1832211
13116,1840158
13117,1938762
13118,1901027
13119,1888083
13120,1803709
13121,1814880
13122,2417833
13123,2078892
13124,3780601
13125,2204800
13126,1952871
13127,1838290
13128,2686134
13129,1908016
13130,2802424
13131,2028690
13132,2392513
13133,2099179
13134,1954776
13135,4710976
13136,1924300
13137,1984164
13138,2278476
13139,2524556
13140,1986964
13141,2022111
13142,1841360
13143,2461183
13144,4922513
13145,1901623
13146,1936775
13147,1899422
13148,2080558
13149,2666208
13150,2886223
13151,2179733
13152,1902038
13153,4908882
13154,3664286
13155,3760078
13156,3905360
13157,4236053
13158,2111340
13159,1983984
13160,2731139
13161,3769049
13162,2825774
13163,1820433
13164,2895002
13165,8702787
13166,2511264
13167,2038428
13168,1935782
13169,3782197
13170,2806433
13171,2197536
13172,2822121
13173,2021979
13174,2010275
13175,2750732
13176,9406885
13177,2252157
13178,2913445
13179,3684399
13180,2821072
13181,1921620
13182,1869498
13183,2146344
13184,2706160
13185,2323046
13186,1763433
13187,1989859
13188,1989752
13189,1896291
13190,1873417
13191,1941855
13192,1776226
13193,1879251
13194,1851346
13195,3814664
13196,4696017
13197,1843091
13198,4131745
13199,1785308
13200,2050696
13201,1949977
13202,1953097
13203,1927890
13204,1869126
13205,1930796
13206,2738270
13207,2154821
13208,4214102
13209,2997302
13210,3061730
13211,1926720
13212,3923351
13213,3839355
13214,2732226
13215,2539508
13216,1846063
13217,1822852
13218,2022903
13219,4281438
13220,2315112
13221,2059116
13222,3688176
13223,3591161
13224,7956187
13225,2136990
13226,1744811
13227,2267436
13228,2553298
13229,1848949
13230,2513680
13231,4116354
13232,1882810
13233,2004353
13234,2668333
13235,1797001
13236,1755508
13237,1894368
13238,1869610
13239,1807358
13240,1760816
13241,9431680
13242,3672034
13243,3609577
13244,3774936
13245,1954719
13246,1834861
13247,1762248
13248,2624449
13249,1952567
13250,2333063
13251,1934488
13252,1885513
13253,1933463
13254,2197561
13255,1831511
13256,1916993
13257,1940190
13258,4618152
13259,1869672
13260,2061223
13261,14271380
13262,1920440
13263,3960875
13264,3200743
13265,2287848
13266,1989649
13267,1798089
13268,2105743
13269,2298154
13270,1856989
13271,2028557
13272,2631256
13273,1896247
13274,2862624
13275,1930150
13276,2410562
13277,1721810
13278,1942104
13279,1757278
13280,1847492
13281,1947977
13282,2148626
13283,1862357
13284,3938850
13285,3564733
13286,2901684
13287,2573600
13288,2752168
13289,2919002
13290,4553901
13291,3055306
13292,2804803
13293,2962935
13294,4725071
13295,1967480
13296,1935893
13297,2307171
13298,1887943
13299,3766230
13300,3265783
13301,3536994
13302,2701422
13303,2259477
13304,2776624
13305,4136167
13306,1948053
13307,2485331
13308,1982222
13309,2055442
13310,1794506
13311,5023741
13312,1817100
13313,2260193
13314,3830568
13315,3822877
13316,3872468
13317,4245628
13318,1959440
13319,1967866
13320,1855835
13321,2780248
13322,2549473
13323,2009657
13324,1798302
13325,1804289
13326,2333091
13327,1908429
13328,1872015
13329,1870463
13330,1792103
13331,1976877
13332,2431229
13333,1777656
13334,4346550
13335,2678695
13336,8536938
13337,1737168
13338,5232824
13339,1908884
13340,3889392
13341,4082541
13342,1829186
13343,3736828
13344,2892082
13345,3751038
13346,3855401
13347,5038366
13348,5129138
13349,1772520
13350,1713339
13351,1651722
13352,3047479
13353,2637204
13354,1995037
13355,1782934
13356,1816105
13357,1816640
13358,1805203
13359,1927400
13360,1897019
13361,1736817
13362,1776727
13363,1764161
13364,1779991
13365,1932098
13366,3947502
13367,3880027
13368,5741686
13369,3734375
13370,1818164
13371,3727900
13372,1800764
13373,1701804
13374,2483983
13375,1819110
13376,1892840
13377,3464277
13378,1781632
13379,1863286
13380,2848930
13381,2051659
13382,3788404
13383,3682971
13384,2289418
13385,1919242
13386,2095237
13387,2158543
13388,2303339
13389,3831195
13390,2819391
13391,2989307
13392,3921226
13393,2293926
13394,5686768
13395,4602959
13396,3807471
13397,3475952
13398,2909572
13399,1801475
13400,1981744
13401,2782052
13402,2317349
13403,2105211
13404,2550285
13405,2172938
13406,3024413
13407,3851290
13408,2176564
13409,3867373
13410,2958382
13411,2270351
13412,2024778
13413,2066712
13414,3753392
13415,1810741
13416,10621022
13417,2138475
13418,3926507
13419,3945310
13420,4446540
13421,4101047
13422,1901592
13423,3616852
13424,2872289
13425,2116899
13426,2237296
13427,2519848
13428,2101141
13429,1860480
13430,2600294
13431,1838524
13432,2023016
13433,3957752
13434,2075040
13435,2506434
13436,1928955
13437,4223491
13438,10241590
13439,1864605
13440,2109555
13441,3658136
13442,3724898
13443,3620790
13444,1988544
13445,8398159
13446,2032298
13447,1781927
13448,2534488
13449,1982534
13450,2189664
13451,3808139
13452,3720614
13453,3409885
13454,3383065
13455,4990553
13456,1789172
13457,3787393
13458,3210240
13459,1853278
13460,2577441
13461,2224546
13462,1883295
13463,2666182
13464,2223681
13465,2589021
13466,2826615
13467,1818686
13468,1858825
13469,1801516
13470,2013841
13471,5133079
13472,4692850
13473,7123149
13474,3479676
13475,3640209
13476,7072702
13477,6863688
13478,4365640
13479,4504352
13480,4199368
13481,3906613
13482,4084442
13483,3855280
13484,3873693
13485,16922008
13486,3099829
13487,3803821
13488,3815350
13489,4526994
13490,3910457
13491,3914685
13492,3968796
13493,3855178
13494,4012436
13495,3546687
13496,3711342
13497,3904249
13498,3721821
13499,3586197
13500,2458339
13501,4123006
13502,3739746
13503,3792933
13504,3412170
13505,1897865
13506,2295852
13507,1809332
13508,1866873
13509,3854673
13510,6165908
13511,3141523
13512,2066543
13513,4890441
13514,1976013
13515,1944762
13516,4429266
13517,1668466
13518,5244556
13519,3750551
13520,3632618
13521,7536547
13522,2759083
13523,4270171
13524,2867859
13525,1936141
13526,1903871
13527,1947707
13528,2129500
13529,1906506
13530,3241898
13531,2983037
13532,3825288
13533,3847905
13534,2821475
13535,1799349
13536,1896530
13537,2592997
13538,2677342
13539,1954748
13540,1873742
13541,1971376
13542,2393945
13543,1895235
13544,1890806
13545,1991770
13546,1879999
13547,1688180
13548,2008201
13549,1848147
13550,1743256
13551,1902853
13552,1737187
13553,1809488
13554,1762718
13555,2127033
13556,2093002
13557,2473689
13558,3788248
13559,1797194
13560,2113112
13561,1700924
13562,8891604
13563,2200620
13564,3377648
13565,1957355
13566,2453290
13567,1754956
13568,2079347
13569,3626748
13570,2349137
13571,2776958
13572,2374514
13573,1908618
13574,1804670
13575,1787821
13576,2003713
13577,2336529
13578,3978851
13579,3475792
13580,2838821
13581,2070489
13582,3772907
13583,12151016
13584,2897864
13585,2662625
13586,2852332
13587,2687320
13588,1878509
13589,4218903
13590,3815492
13591,3765439
13592,3796101
13593,5294872
13594,3961459
13595,1900348
13596,2675092
13597,1912011
13598,2373075
13599,2019541
13600,1739137
13601,1880054
13602,1827692
13603,1782807
13604,1696637
13605,2889638
13606,1908753
13607,3676768
13608,4065898
13609,3631002
13610,4754336
13611,1890449
13612,3802396
13613,1851770
13614,1939940
13615,2113742
13616,2718558
13617,2177641
13618,1895213
13619,1840448
13620,2556047
13621,2005936
13622,3704381
13623,3763679
13624,2712934
13625,1741656
13626,3111735
13627,4218915
13628,3868048
13629,5507056
13630,1922616
13631,2330032
13632,1857778
13633,1787196
13634,4012893
13635,4719194
13636,2807772
13637,2189167
13638,3881907
13639,3663173
13640,4406809
13641,4910797
13642,3571779
13643,3417085
13644,1871628
13645,1814315
13646,2495741
13647,6191716
13648,1904277
13649,1837767
13650,2878562
13651,1826815
13652,2764832
13653,3719003
13654,3607992
13655,3508820
13656,3536608
13657,3451585
13658,1908893
13659,1920913
13660,1805688
13661,4086929
13662,1908939
13663,1664985
13664,1662484
13665,1941703
13666,3468144
13667,1757806
13668,4820920
13669,2196452
13670,3248371
13671,5664081
13672,1861228
13673,2679941
13674,1870263
13675,2078256
13676,1991050
13677,1843184
13678,1823736
13679,1989285
13680,1774094
13681,1738704
13682,1729933
13683,2911558
13684,1760674
13685,1867009
13686,2208647
13687,1951433
13688,2488751
13689,2932554
13690,2163454
13691,3397253
13692,1887005
13693,1886093
13694,2736838
13695,1889595
13696,1776374
13697,1798532
13698,2028413
13699,1935641
13700,2438020
13701,2006145
13702,1881262
13703,2451591
13704,1734198
13705,1691441
13706,2571634
13707,1870301
13708,3737062
13709,3539255
13710,6476608
13711,3954398
13712,2769598
13713,1757476
13714,1661153
13715,3443847
13716,3918597
13717,3681100
13718,2661368
13719,5916974
13720,2391320
13721,2388911
13722,2661300
13723,1878792
13724,1653317
13725,1717855
13726,3999957
13727,3527225
13728,3831742
13729,3780525
13730,4055240
13731,5107797
13732,1771110
13733,3728604
13734,3716253
13735,11001874
13736,1758265
13737,1724897
13738,2756311
13739,5014409
13740,3740956
13741,4063621
13742,3818762
13743,5037735
13744,1706367
13745,1731023
13746,2762813
13747,3591103
13748,2826312
13749,2137617
13750,4653776
13751,1921589
13752,2650054
13753,4241330
13754,3713350
13755,3695685
13756,3396745
13757,1944708
13758,1809621
13759,1968977
13760,1834814
13761,1849498
13762,1760400
13763,3926354
13764,2059969
13765,1855237
13766,1717107
13767,5249823
13768,2870951
13769,1747212
13770,3802628
13771,4161884
13772,3514933
13773,6101258
13774,3401918
13775,3990422
13776,3584521
13777,3654716
13778,2896793
13779,3965516
13780,2725564
13781,2027973
13782,2817430
13783,3661950
13784,2987167
13785,2532990
13786,1727043
13787,7009118
13788,3632301
13789,1927985
13790,2044593
13791,1962041
13792,1755273
13793,3621433
13794,6224663
13795,3599254
13796,2775827
13797,3738492
13798,2831557
13799,1786443
13800,1748297
13801,2590230
13802,5069704
13803,3750940
13804,2794907
13805,1907095
13806,3805863
13807,1977109
13808,2873192
13809,1871332
13810,2730587
13811,2973347
13812,3747729
13813,1897539
13814,2772012
13815,4162470
13816,2345433
13817,3804741
13818,4819424
13819,3532351
13820,2745459
13821,2134637
13822,1750153
13823,4182518
13824,6742652
13825,3405254
13826,3793533
13827,4075612
13828,2974752
13829,1828801
13830,2160444
13831,2019875
13832,1690501
13833,1965522
13834,4149614
13835,1822664
13836,3959062
13837,2762363
13838,2735215
13839,6099768
13840,3131776
13841,4112698
13842,1937861
13843,1652461
13844,3498350
13845,3043986
13846,3576526
13847,3655385
13848,2282298
13849,1835269
13850,1835264
13851,4933159
13852,2924283
13853,1966185
13854,3772993
13855,3682400
13856,3649130
13857,6020013
13858,8802528
13859,3857635
13860,2905514
13861,2177184
13862,1855921
13863,1858030
13864,1843896
13865,1965684
13866,1891162
13867,1787871
13868,3852825
13869,2262064
13870,1790221
13871,2471323
13872,1847220
13873,1844246
13874,3841487
13875,4126477
13876,3421978
13877,3702937
13878,4350438
13879,4242507
13880,2808992
13881,1990369
13882,1796436
13883,1798671
13884,1832034
13885,1870081
13886,2059995
13887,3994765
13888,2258935
13889,1816121
13890,2246175
13891,2090920
13892,1817740
13893,8615076
13894,1768992
13895,1738037
13896,1810855
13897,5364584
13898,1797411
13899,6223041
13900,1859855
13901,2022094
13902,1837522
13903,7217532
13904,1896537
13905,1864067
13906,3880082
13907,5031581
13908,4074114
13909,3779620
13910,4908484
13911,3148326
13912,1915956
13913,2009296
13914,1887972
13915,3722958
13916,3724649
13917,4045550
13918,3768215
13919,1962945
13920,9242462
13921,3695758
13922,6409180
13923,3320982
13924,3363142
13925,3394902
13926,3504693
13927,3174302
13928,2760386
13929,1788392
13930,1848449
13931,2111597
13932,1991024
13933,1688704
13934,3170088
13935,4199706
13936,1779919
13937,1742170
13938,5771560
13939,3682252
13940,2481406
13941,4375623
13942,1719505
13943,1757148
13944,2759179
13945,1848720
13946,5236242
13947,3550562
13948,2766726
13949,4651759
13950,4166760
13951,4504296
13952,1678322
13953,1815327
13954,1707719
13955,3528442
13956,4882787
13957,3476479
13958,3926926
13959,3516323
13960,2029864
13961,1727030
13962,3323384
13963,1782313
13964,2742517
13965,4602383
13966,2910059
13967,5409367
13968,1756181
13969,1866952
13970,3823283
13971,3773831
13972,3560833
13973,3845847
13974,3923139
13975,1837727
13976,2110307
13977,2283176
13978,2647971
13979,3437443
13980,2054702
13981,3826913
13982,1929285
13983,2949119
13984,3078915
13985,1700402
13986,2385837
13987,2368414
13988,1832501
13989,1710023
13990,3708264
13991,2495304
13992,3783666
13993,3588990
13994,3497279
13995,3588941
13996,3388451
13997,3624233
13998,3441300
13999,3378983
14000,3664992
14001,5264517
14002,3607826
14003,3641471
14004,5693745
14005,1811298
14006,2795223
14007,4105169
14008,2747383
14009,3843308
14010,3772617
14011,3815800
14012,3805835
14013,3793127
14014,1726124
14015,3640647
14016,3994730
14017,4154544
14018,9096630
14019,1930649
14020,3789481
14021,3976402
14022,3687060
14023,3796529
14024,4709046
14025,6634077
14026,3046530
14027,3848173
14028,3183843
14029,3692411
14030,3106244
14031,3640086
14032,4061666
14033,2778163
14034,4189454
14035,1816222
14036,1962325
14037,2686856
14038,3957449
14039,3603759
14040,1811770
14041,3721164
14042,3260747
14043,3691809
14044,3751251
14045,3179313
14046,8414489
14047,6781574
14048,6856640
14049,3770290
14050,3664941
14051,4008506
14052,2803320
14053,4174050
14054,2048081
14055,5920471
14056,2175344
14057,2441762
14058,3840839
14059,3723468
14060,3838062
14061,3982098
14062,3704278
14063,4665265
14064,3707816
14065,3576273
14066,3746790
14067,4576524
14068,3454335
14069,4986978
14070,4957432
14071,3703593
14072,2009196
14073,1895068
14074,2820461
14075,3123677
14076,2177230
14077,3796375
14078,3561662
14079,2301671
14080,3684242
14081,3777522
14082,2052395
14083,9233274
14084,3716743
14085,2285768
14086,3636703
14087,3603551
14088,5016989
14089,3708829
14090,3641676
14091,5516924
14092,3713319
14093,4243770
14094,3673379
14095,6371871
14096,3500958
14097,3409521
14098,3435618
14099,3520782
14100,3258771
14101,6945219
14102,1851488
14103,1833655
14104,1682397
14105,1729675
14106,1976344
14107,2962593
14108,1809608
14109,2729775
14110,5737903
14111,1818474
14112,1772162
14113,3392019
14114,1843815
14115,1752556
14116,1693608
14117,3119982
14118,1816847
14119,2937507
14120,1761698
14121,2025575
14122,1837553
14123,1874382
14124,2751263
14125,1709896
14126,1834811
14127,1820996
14128,1786192
14129,2025099
14130,2816480
14131,1728157
14132,1825556
14133,1939549
14134,1739786
14135,2752506
14136,1692669
14137,1649256
14138,1737193
14139,3246888
14140,1705038
14141,1891869
14142,1781242
14143,1716118
14144,1830612
14145,4436818
14146,2776699
14147,1970628
14148,2174675
14149,1770455
14150,1789395
14151,5873631
14152,5481543
14153,3602789
14154,1868108
14155,1817645
14156,1858633
14157,1780514
14158,1849813
14159,3084225
14160,2766279
14161,3504706
14162,2705260
14163,1767985
14164,1651074
14165,1729672
14166,1768192
14167,1596810
14168,1731303
14169,1893423
14170,1760772
14171,1961693
14172,2763290
14173,1809028
14174,2055855
14175,3822781
14176,8439959
14177,1645138
14178,2086968
14179,1705216
14180,1729692
14181,2339096
14182,1932392
14183,1741779
14184,2770739
14185,1799675
14186,3444283
14187,3765140
14188,3490369
14189,3751556
14190,2888205
14191,1893079
14192,3805156
14193,4008477
14194,2706433
14195,1927425
14196,2818799
14197,3568148
14198,2795681
14199,1789340
14200,1908027
14201,2134695
14202,2148138
14203,3653905
14204,1728273
14205,1863318
14206,1892195
14207,1739950
14208,1971141
14209,1963196
14210,1870569
14211,2099243
14212,2332315
14213,3105352
14214,2240569
14215,1878619
14216,3824992
14217,2053671
14218,3068297
14219,1864589
14220,1900492
14221,5152292
14222,2802908
14223,1760613
14224,2517861
14225,1820842
14226,2726006
14227,3694289
14228,6858987
14229,6011139
14230,2194435
14231,3787644
14232,15123470
14233,4692951
14234,4043034
14235,4338013
14236,2755952
14237,1774647
14238,1826160
14239,1935125
14240,1847653
14241,2640689
14242,2029613
14243,2005244
14244,2881368
14245,1929288
14246,1964736
14247,2373070
14248,2231393
14249,3870372
14250,3912933
14251,3640898
14252,3586456
14253,6617247
14254,9502865
14255,3411460
14256,4353933
14257,6441680
14258,2966267
14259,1764701
14260,1714576
14261,2019322
14262,1801796
14263,1812441
14264,1647053
14265,1791081
14266,3727018
14267,1939827
14268,2193852
14269,2426741
14270,1995826
14271,2016766
14272,1671839
14273,3657673
14274,4624055
14275,5539212
14276,1741831
14277,6951184
14278,2132226
14279,1906257
14280,2776217
14281,2024810
14282,2890752
14283,2845164
14284,1976337
14285,1999624
14286,2648982
14287,3654123
14288,4127847
14289,5210728
14290,3891003
14291,3885941
14292,3559518
14293,1784262
14294,2108085
14295,1724226
14296,2084518
14297,1886666
14298,4435086
14299,3735334
14300,2020348
14301,2138893
14302,3756233
14303,1931435
14304,2001886
14305,2530013
14306,10103855
14307,1823855
14308,2673630
14309,1784925
14310,1860547
14311,1937188
14312,3869313
14313,4506335
14314,5514707
14315,2109279
14316,3792279
14317,4090051
14318,1950931
14319,3068858
14320,2871098
14321,2417582
14322,4347397
14323,2271768
14324,3001616
14325,3849625
14326,3350296
14327,2386835
14328,1991588
14329,1698586
14330,3816302
14331,3821850
14332,5572787
14333,3583698
14334,2987747
14335,2616929
14336,1842067
14337,2132243
14338,3811406
14339,3515120
14340,5180183
14341,2052032
14342,3526635
14343,2773150
14344,2338498
14345,1779937
14346,1898282
14347,3726203
14348,3147749
14349,3667494
14350,3015384
14351,3771124
14352,3697642
14353,1902203
14354,1805411
14355,1877503
14356,1772799
14357,1943506
14358,1863067
14359,1665961
14360,2963211
14361,6653457
14362,7129800
14363,4219666
14364,2914928
14365,3968926
14366,3930978
14367,4914216
14368,4074270
14369,4869659
14370,3654410
14371,3888801
14372,4953414
14373,3676250
14374,3627281
14375,3664722
14376,3680779
14377,3522452
14378,6417257
14379,4991717
14380,2138236
14381,2265954
14382,2635710
14383,3692577
14384,2819353
14385,1730412
14386,1722149
14387,3070338
14388,2059832
14389,4012797
14390,1822428
14391,1954448
14392,1963455
14393,3736760
14394,2739950
14395,4070876
14396,3581283
14397,1796351
14398,1938449
14399,1668235
14400,2738885
14401,1885245
14402,1820683
14403,2513637
14404,1843137
14405,1886207
14406,1946764
14407,1839968
14408,2033796
14409,3602127
14410,2516278
14411,1923607
14412,2418658
14413,1861971
14414,3734386
14415,2550245
14416,1820709
14417,1885123
14418,2470533
14419,3715048
14420,2857874
14421,2009996
14422,2167051
14423,1877400
14424,2410833
14425,3660644
14426,3698006
14427,6911488
14428,2836678
14429,3476221
14430,1925856
14431,1898777
14432,2061644
14433,3824077
14434,2037647
14435,2293635
14436,1965347
14437,1777955
14438,9241929
14439,1663852
14440,1835698
14441,4984037
14442,1797842
14443,1676081
14444,3609905
14445,8324278
14446,6530096
14447,3683949
14448,2863485
14449,4190026
14450,2750643
14451,3705966
14452,2773663
14453,3106834
14454,2676789
14455,2593080
14456,1865626
14457,1881042
14458,1807726
14459,1890614
14460,3728601
14461,3554054
14462,1814693
14463,1754554
14464,1829302
14465,3586897
14466,3514814
14467,1789265
14468,1998490
14469,2283838
14470,2151371
14471,3653480
14472,5327042
14473,3768765
14474,5777987
14475,3692926
14476,2969495
14477,3911322
14478,2030940
14479,1871238
14480,8127125
14481,1856371
14482,2953685
14483,2244491
14484,1873052
14485,3905972
14486,2035487
14487,3247921
14488,2787646
14489,1800399
14490,1800899
14491,1682784
14492,3111895
14493,4266603
14494,3273676
14495,3915432
14496,2052284
14497,3700905
14498,2946692
14499,3866834
14500,4308478
14501,4099269
14502,4370138
14503,3839226
14504,3916766
14505,4028744
14506,5172447
14507,2091838
14508,5632926
14509,1887402
14510,3850733
14511,3741476
14512,3854838
14513,4002726
14514,2906926
14515,5409452
14516,4575647
14517,4630534
14518,1963190
14519,3960543
14520,4148913
14521,2188179
14522,4330879
14523,4231095
14524,3900868
14525,4131581
14526,3825097
14527,4198058
14528,2894042
14529,5495235
14530,2966071
14531,2147113
14532,3915458
14533,4252790
14534,3790794
14535,4144566
14536,2745228
14537,12792952
14538,2874304
14539,4530961
14540,3805350
14541,4256263
14542,5476833
14543,4428476
14544,4065937
14545,4195865
14546,2803466
14547,2762083
14548,8041154
14549,3647216
14550,5218409
14551,6222266
14552,6441234
14553,4424950
14554,4666202
14555,3812022
14556,2084908
14557,3802100
14558,4241942
14559,4075459
14560,4160231
14561,4217427
14562,3255810
14563,2663243
14564,2237777
14565,4035806
14566,3463459
14567,10489196
14568,1982170
14569,3751959
14570,3688016
14571,2512091
14572,2517877
14573,3879333
14574,3723726
14575,1960755
14576,1873012
14577,4343681
14578,3093661
14579,3528652
14580,5479202
14581,2127203
14582,3167946
14583,2169779
14584,1852236
14585,1790307
14586,1895245
14587,1765869
14588,2458327
14589,3365418
14590,2206418
14591,3734473
14592,4915796
14593,3676566
14594,1916545
14595,4271608
14596,1908739
14597,1883083
14598,3418877
14599,1775419
14600,1905228
14601,1857052
14602,1881693
14603,3691377
14604,3447063
14605,3424715
14606,3717290
14607,2242543
14608,2791814
14609,3508328
14610,1875440
14611,3600938
14612,3734174
14613,4756655
14614,3694000
14615,4259886
14616,3411714
14617,3718176
14618,5179271
14619,3718246
14620,6951783
14621,4140694
14622,4954836
14623,3798772
14624,3808274
14625,3604196
14626,3476170
14627,3365186
14628,2767791
14629,1814073
14630,2626306
14631,1903692
14632,2082338
14633,1916313
14634,2191702
14635,3838746
14636,3887491
14637,3591633
14638,3950612
14639,3634832
14640,1861454
14641,1949294
14642,1837485
14643,1884132
14644,1635757
14645,1962571
14646,1915826
14647,3410646
14648,2463370
14649,1946995
14650,3378991
14651,1838964
14652,1938621
14653,1996690
14654,1845225
14655,3751598
14656,1859554
14657,1983245
14658,2499720
14659,1725826
14660,1693589
14661,2180874
14662,2667500
14663,1866692
14664,1841697
14665,1728825
14666,3782189
14667,3729912
14668,3797455
14669,6671116
14670,2341524
14671,2282914
14672,3805928
14673,3516287
14674,2673339
14675,1807483
14676,2004319
14677,1751136
14678,1923078
14679,3768075
14680,4034350
14681,4697772
14682,1735488
14683,8291443
14684,2780276
14685,3509463
14686,1821153
14687,1788516
14688,1935564
14689,1871263
14690,1816262
14691,2051689
14692,2560767
14693,4980983
14694,1935942
14695,1751212
14696,3680797
14697,7261304
14698,6379702
14699,1923334
14700,1920831
14701,2160397
14702,1816285
14703,2121947
14704,2482209
14705,2507367
14706,2307907
14707,1858587
14708,1897285
14709,2005014
14710,1670322
14711,1861794
14712,3745261
14713,3810989
14714,5409847
14715,2408441
14716,5068593
14717,8754185
14718,2362466
14719,2010438
14720,2861782
14721,3810302
14722,2047571
14723,3395526
14724,1707333
14725,1789695
14726,3010565
14727,1857874
14728,4745909
14729,10870443
14730,3832827
14731,3751786
14732,2732562
14733,3719143
14734,2721848
14735,2424915
14736,1946172
14737,2178284
14738,2765060
14739,2467293
14740,2028618
14741,4230571
14742,2051055
14743,3849600
14744,3527752
14745,4345027
14746,1769287
14747,2049656
14748,3685688
14749,2001615
14750,2952268
14751,1811669
14752,1893631
14753,1737183
14754,2380916
14755,1778013
14756,1756727
14757,3775942
14758,6746058
14759,3387089
14760,4352879
14761,2831849
14762,1928561
14763,3613944
14764,5678828
14765,1737950
14766,1820690
14767,1652323
14768,1789016
14769,1826607
14770,1687721
14771,1808101
14772,1814847
14773,2070552
14774,1707627
14775,1827413
14776,1816668
14777,2165492
14778,1739650
14779,1788491
14780,1816981
14781,6052572
14782,2058177
14783,1925708
14784,1719556
14785,1789689
14786,1854159
14787,1808659
14788,1761350
14789,1741183
14790,1896042
14791,1740529
14792,1801745
14793,1951768
14794,2535943
14795,2394029
14796,1789343
14797,2347202
14798,1702012
14799,2422280
14800,1659012
14801,2857879
14802,4343837
14803,1849491
14804,2209258
14805,3948479
14806,3531137
14807,1811265
14808,2145682
14809,4905060
14810,2783944
14811,3675623
14812,3755947
14813,3742401
14814,2822665
14815,4014931
14816,2847287
14817,1905902
14818,3720539
14819,6539218
14820,1855559
14821,3235234
14822,1901150
14823,2455242
14824,3774654
14825,1854180
14826,3043003
14827,1829199
14828,2747230
14829,1927276
14830,1881869
14831,1892037
14832,4110109
14833,1948270
14834,1718673
14835,1763437
14836,11909332
14837,1884457
14838,2124572
14839,1911915
14840,2056512
14841,4168129
14842,3848338
14843,3626307
14844,4408194
14845,2583968
14846,3941742
14847,3632497
14848,2837902
14849,1770974
14850,2575391
14851,1864509
14852,1922794
14853,1812445
14854,1856735
14855,1842322
14856,2635920
14857,1767168
14858,1941743
14859,1695129
14860,1646707
14861,4118003
14862,3563723
14863,3411740
14864,3826830
14865,4374661
14866,1880096
14867,1740729
14868,7530141
14869,3566286
14870,2796045
14871,4001054
14872,3599956
14873,4197754
14874,3766154
14875,3623511
14876,2877630
14877,3582496
14878,4068195
14879,4581961
14880,1852225
14881,1975004
14882,3226136
14883,2987835
14884,1804795
14885,2006878
14886,2592081
14887,1741982
14888,2076599
14889,3685619
14890,1934245
14891,1867213
14892,1944494
14893,1889441
14894,2796831
14895,2658351
14896,3787309
14897,3599085
14898,3758995
14899,3395661
14900,2926946
14901,4269719
14902,2909035
14903,4501981
14904,1943039
14905,1899156
14906,1798752
14907,2388952
14908,1803806
14909,1840914
14910,1976212
14911,1976051
14912,3054004
14913,2041362
14914,4599732
14915,1830031
14916,3992993
14917,3528788
14918,3995041
14919,3801107
14920,1732926
14921,2437264
14922,1955973
14923,1853308
14924,2238311
14925,3850153
14926,3907783
14927,3643570
14928,5222950
14929,4455152
14930,4948621
14931,1775962
14932,2489572
14933,2080922
14934,1874493
14935,1824292
14936,2256216
14937,3568003
14938,3142804
14939,3742801
14940,3617868
14941,5580733
14942,3854203
14943,3720802
14944,6616796
14945,4303616
14946,2458331
14947,3727832
14948,1869972
14949,4277655
14950,2136046
14951,3753156
14952,3829177
14953,1900142
14954,3728597
14955,3350293
14956,1749575
14957,2642248
14958,2729214
14959,3640389
14960,3472198
14961,2461386
14962,1991261
14963,3808075
14964,3421624
14965,1874464
14966,1968450
14967,2022170
14968,2805229
14969,1812410
14970,3843925
14971,3654092
14972,3729154
14973,5287530
14974,1940135
14975,8111754
14976,1850298
14977,1824111
14978,1844501
14979,1814984
14980,2076983
14981,4062082
14982,3090579
14983,3767567
14984,3650228
14985,3690847
14986,1765628
14987,3150702
14988,1818899
14989,1755043
14990,1846516
14991,4566155
14992,3584522
14993,5568766
14994,2939786
14995,1977497
14996,2055007
14997,1980977
14998,1871432
14999,1866035
15000,1834423
15001,4575698
15002,3142031
15003,1985153
15004,1849656
15005,1948668
15006,1820517
15007,3777899
15008,2708621
15009,2106150
15010,3858632
15011,3578717
15012,2244647
15013,3746329
15014,3898173
15015,2047645
15016,1796767
15017,1781975
15018,1756757
15019,3797583
15020,1850603
15021,2227581
15022,7390952
15023,1946933
15024,3050773
15025,1834039
15026,1872016
15027,1870235
15028,1895632
15029,1853445
15030,1731610
15031,2480694
15032,1750836
15033,2710341
15034,5153919
15035,3695189
15036,2787153
15037,6548009
15038,3923324
15039,3520086
15040,2728677
15041,1932285
15042,3709516
15043,8449676
15044,2726766
15045,1907896
15046,2697138
15047,1898743
15048,1901252
15049,4679776
15050,1798004
15051,1764025
15052,3482014
15053,1804582
15054,7553860
15055,4697857
15056,1807648
15057,2067452
15058,1837471
15059,1818417
15060,1787765
15061,3928789
15062,2733077
15063,1778081
15064,1814003
15065,2105408
15066,1889760
15067,1822004
15068,2263375
15069,3616586
15070,1718407
15071,1968680
15072,2168397
15073,1906354
15074,1842808
15075,2087529
15076,1837349
15077,1745232
15078,4198641
15079,5863748
15080,3643978
15081,3642793
15082,3571509
15083,3530694
15084,5017875
15085,1690510
15086,1638272
15087,1736095
15088,1813840
15089,2593524
15090,2040413
15091,1796789
15092,1727146
15093,3728478
15094,3593645
15095,3509995
15096,2907135
15097,1769978
15098,1821691
15099,1970253
15100,3622066
15101,4042087
15102,1931613
15103,1807005
15104,1829792
15105,2687679
15106,3562514
15107,3024807
15108,2213725
15109,1933616
15110,1907745
15111,2732996
15112,2731159
15113,4089907
15114,3902094
15115,2033535
15116,2870864
15117,2378499
15118,6260286
15119,4053686
15120,2858626
15121,4836521
15122,2114688
15123,3115888
15124,1844080
15125,2154154
15126,3738182
15127,1762031
15128,2074035
15129,2448217
15130,3366361
15131,1818263
15132,3760543
15133,3887906
15134,3837461
15135,4062985
15136,2835993
15137,3690301
15138,4015829
15139,1851588
15140,1916309
15141,4228029
15142,2869312
15143,2823520
15144,1913328
15145,1799684
15146,1750177
15147,1808619
15148,1982751
15149,1841026
15150,1882819
15151,1719646
15152,2383889
15153,2307732
15154,1763572
15155,2284323
15156,2041591
15157,1860588
15158,1774903
15159,2036949
15160,1892433
15161,1844114
15162,1875299
15163,1854784
15164,1764813
15165,3847870
15166,8718221
15167,1961144
15168,1928204
15169,1864412
15170,1851651
15171,2031056
15172,3808876
15173,4051651
15174,3342330
15175,1750413
15176,5578062
15177,1726170
15178,4100200
15179,1747172
15180,3379579
15181,2965615
15182,1897092
15183,1908488
15184,1834019
15185,2049085
15186,2491839
15187,2139817
15188,3878241
15189,3953425
15190,2807451
15191,3630542
15192,3634422
15193,3723831
15194,2844225
15195,2156138
15196,2206149
15197,3550734
15198,2749716
15199,1667424
15200,1638899
15201,3716465
15202,1962779
15203,1852508
15204,1887022
15205,4239286
15206,2090389
15207,1985940
15208,2761123
15209,3681392
15210,1860613
15211,1941931
15212,1858752
15213,2057706
15214,5943694
15215,3958372
15216,4038609
15217,3758665
15218,3766649
15219,3728587
15220,3684338
15221,4404893
15222,5307346
15223,5350125
15224,3783216
15225,3816335
15226,2813862
15227,1782561
15228,5823573
15229,3837763
15230,3746010
15231,1933548
15232,3673603
15233,5246186
15234,2780242
15235,8920559
15236,3802561
15237,4512960
15238,1888571
15239,2281864
15240,2118333
15241,4148170
15242,1920251
15243,2204263
15244,1799502
15245,1747837
15246,2074127
15247,2608114
15248,3749525
15249,6318534
15250,2685006
15251,1813721
15252,3532367
15253,3906206
15254,3235417
15255,4061857
15256,2000285
15257,4040764
15258,2069983
15259,3947634
15260,2944430
15261,2186511
15262,3609142
15263,1831605
15264,4643518
15265,5053682
15266,4831301
15267,6793164
15268,8024209
15269,5562140
15270,7222721
15271,7689508
15272,4799457
15273,5803842
15274,4815936
15275,3600582
15276,3838517
15277,4039588
15278,2712139
15279,1784122
15280,4990821
15281,4540972
15282,2721021
15283,1526536
15284,1494118
15285,5245233
15286,1656192
15287,6505098
15288,7843822
15289,5365702
15290,2627978
15291,1892780
15292,1938608
15293,1934379
15294,2180301
15295,1870404
15296,1690072
15297,1809102
15298,3556987
15299,1946884
15300,2165829
15301,2027135
15302,1912352
15303,1744492
15304,1707038
15305,1753972
15306,2255895
15307,1754845
15308,2327002
15309,3775716
15310,1901636
15311,2012633
15312,2093295
15313,3760958
15314,1901776
15315,1925292
15316,1818276
15317,2716352
15318,1890989
15319,3751875
15320,3716873
15321,2059026
15322,2533082
15323,2713493
15324,2070123
15325,3912056
15326,3243477
15327,2922290
15328,3903557
15329,5804127
15330,2028286
15331,2751522
15332,1975308
15333,1897308
15334,1810406
15335,1875232
15336,1933582
15337,1745915
15338,1857082
15339,1821081
15340,2068302
15341,2113930
15342,2588976
15343,2544803
15344,2116535
15345,1910980
15346,1827482
15347,1718308
15348,2303988
15349,4345781
15350,3771866
15351,3849243
15352,4894087
15353,3549239
15354,3604425
15355,3802327
15356,2393556
15357,2627388
15358,3599824
15359,1833417
15360,1983395
15361,1770950
15362,1969020
15363,3858297
15364,2452533
15365,2230391
15366,1771540
15367,1788196
15368,1856181
15369,3438796
15370,1869127
15371,1861842
15372,2995600
15373,3056141
15374,2786964
15375,1966376
15376,3785279
15377,3725765
15378,3598398
15379,3623926
15380,3584893
15381,9673501
15382,7119201
15383,3545695
15384,1912016
15385,3812652
15386,2873198
15387,3581754
15388,3744103
15389,3615589
15390,4007809
15391,4487869
15392,5046623
15393,3673490
15394,2751977
15395,1889556
15396,2804537
15397,4645269
15398,2007452
15399,3726007
15400,2307582
15401,9913730
15402,4413246
15403,1872000
15404,3896462
15405,3862017
15406,3579251
15407,3817835
15408,2414162
15409,3778871
15410,3959573
15411,3568497
15412,1864346
15413,2856131
15414,2808869
15415,5568031
15416,6573519
15417,4650728
15418,7679238
15419,2895169
15420,4194190
15421,4424793
15422,4064908
15423,2664528
15424,2538077
15425,2062755
15426,3931309
15427,8978336
15428,3265628
15429,1963856
15430,9457857
15431,4146404
15432,4923125
15433,14540152
15434,3789970
15435,3931519
15436,3940614
15437,3016572
15438,4039808
15439,9324230
15440,4284613
15441,4053608
15442,4307690
15443,4750627
15444,4473854
15445,2919147
15446,2772133
15447,2488848
15448,4417732
15449,2051133
15450,3858773
15451,4216786
15452,4879202
15453,5641599
15454,2765302
15455,4359058
15456,2999162
15457,4069556
15458,3030788
15459,4087872
15460,3954418
15461,4021077
15462,2901531
15463,3977974
15464,4038942
15465,2421006
15466,4120371
15467,3828253
15468,3971214
15469,3874473
15470,4002561
15471,3084526
15472,3815223
15473,2919259
15474,5053342
15475,4249758
15476,2251377
15477,4317598
15478,4493063
15479,2492376
15480,4146788
15481,4403948
15482,6402954
15483,3995545
15484,4055359
15485,4252359
15486,3359285
15487,4140519
15488,4113116
15489,2264279
15490,4227392
15491,4020326
15492,4301203
15493,3004218
15494,4231975
15495,4658539
15496,2930922
15497,3838704
15498,2951238
15499,4211187
15500,4033531
15501,4649003
15502,4313943
15503,4473164
15504,4265148
15505,3918887
15506,3286095
15507,2821718
15508,7816493
15509,3679367
15510,3987039
15511,3642803
15512,3781556
15513,2905985
15514,3087734
15515,3667906
15516,4447248
15517,3903907
15518,3932657
15519,4002295
15520,4126642
15521,3920872
15522,5605778
15523,3965157
15524,3044285
15525,4211816
15526,4015440
15527,2075266
15528,6268337
15529,2371528
15530,4800435
15531,4169334
15532,3975833
15533,3970039
15534,2301957
15535,4051452
15536,4017901
15537,4389095
15538,4013343
15539,3753058
15540,3974476
15541,4600208
15542,3792378
15543,3941324
15544,2036011
15545,3862563
15546,3917723
15547,1764364
15548,4580765
15549,1947832
15550,1897998
15551,2408826
15552,2066538
15553,7529770
15554,3744769
15555,3666902
15556,3471056
15557,1807870
15558,4277085
15559,2060238
15560,1950888
15561,3883708
15562,3764247
15563,5107774
15564,4905175
15565,4225147
15566,4103301
15567,5118404
15568,4276250
15569,3963830
15570,3932183
15571,3825853
15572,7996690
15573,4010330
15574,6517493
15575,4666530
15576,3895669
15577,1757901
15578,1830207
15579,6940015
15580,15671604
15581,2364175
15582,4082661
15583,1912788
15584,3762907
15585,5219686
15586,2738719
15587,3569075
15588,2710145
15589,4671815
15590,3615924
15591,10785172
15592,1781242
15593,3754295
15594,3705719
15595,2622436
15596,1764340
15597,9011569
15598,3695274
15599,2708851
15600,2121955
15601,2803479
15602,1864425
15603,1910186
15604,2725726
15605,1897425
15606,2810413
15607,3791666
15608,3865158
15609,3510762
15610,3578088
15611,3863470
15612,1992039
15613,2267220
15614,1722795
15615,1895502
15616,4136023
15617,8556680
15618,3908261
15619,3558963
15620,2821363
15621,9452228
15622,2808271
15623,1879352
15624,4139293
15625,3957738
15626,6210601
15627,1871857
15628,1925187
15629,1696943
15630,1949298
15631,3300519
15632,1893120
15633,1797900
15634,1633714
15635,2086326
15636,2016452
15637,2040278
15638,1724863
15639,1871575
15640,3610844
15641,1821520
15642,4403008
15643,1979848
15644,2799399
15645,1845469
15646,1836968
15647,1664634
15648,1859836
15649,1874326
15650,2508298
15651,3812693
15652,1811594
15653,1836459
15654,1874283
15655,3807726
15656,4028692
15657,1854341
15658,1744155
15659,1737804
15660,1880137
15661,1981766
15662,3787494
15663,6150733
15664,2360286
15665,2683304
15666,3809859
15667,5259915
15668,1788436
15669,3892237
15670,3018035
15671,1908716
15672,2179844
15673,3388179
15674,3029727
15675,3068807
15676,2858659
15677,2929836
15678,2301032
15679,3734173
15680,2819291
15681,3661870
15682,3600752
15683,2118391
15684,4271736
15685,1664948
15686,1684120
15687,5713458
15688,3771854
15689,4797534
15690,3890124
15691,5450562
15692,1849302
15693,1794450
15694,4768535
15695,1774919
15696,2277182
15697,1862217
15698,3462186
15699,1816696
15700,1814267
15701,2069269
15702,2898765
15703,3760403
15704,3611104
15705,7651497
15706,2405472
15707,3675020
15708,3831021
15709,3651873
15710,3637283
15711,3650124
15712,3595962
15713,5001297
15714,4163344
15715,3773650
15716,3623389
15717,3704100
15718,3712596
15719,3401144
15720,3635636
15721,3600645
15722,4094221
15723,3872363
15724,2742361
15725,1849401
15726,18043519
15727,2102130
15728,3769089
15729,2801584
15730,1823976
15731,1827622
15732,1887306
15733,1707641
15734,1742766
15735,5048300
15736,4761548
15737,1783108
15738,2246523
15739,1951567
15740,2338591
15741,2112446
15742,2782979
15743,1891814
15744,1792301
15745,12458727
15746,2299544
15747,17760864
15748,6321183
15749,2630550
15750,2176032
15751,1917007
15752,2891053
15753,1942341
15754,1952269
15755,3568001
15756,3045084
15757,3377978
15758,2051916
15759,3864245
15760,3055644
15761,3036448
15762,3418090
15763,3728990
15764,1955635
15765,2132604
15766,2553603
15767,1755200
15768,13705017
15769,1932987
15770,1968836
15771,7183539
15772,2212484
15773,1841921
15774,2621026
15775,3713604
15776,3600909
15777,3732337
15778,2750874
15779,3671479
15780,3446148
15781,4051799
15782,3753049
15783,3908346
15784,2831549
15785,2300381
15786,3701302
15787,8524105
15788,2064248
15789,7285369
15790,4111888
15791,1937691
15792,2966733
15793,1877920
15794,3595365
15795,1911223
15796,2143255
15797,1878380
15798,2050232
15799,5557675
15800,2430932
15801,3906043
15802,2894744
15803,3843821
15804,3455682
15805,2850580
15806,3847162
15807,1895735
15808,1801982
15809,3470160
15810,2589003
15811,2834504
15812,3024006
15813,4424918
15814,3695839
15815,4917237
15816,4671018
15817,4694061
15818,4403109
15819,3905008
15820,2927809
15821,4016984
15822,3069389
15823,3913134
15824,3934077
15825,5051147
15826,3128898
15827,6884234
15828,2951835
15829,5678352
15830,2904647
15831,6208634
15832,2964001
15833,2083109
15834,2845277
15835,1851712
15836,1716202
15837,2594600
15838,11158273
15839,1838378
15840,4460857
15841,2043639
15842,3015308
15843,2710171
15844,1807435
15845,1744173
15846,2787683
15847,3641661
15848,2184574
15849,4611882
15850,3717956
15851,3529488
15852,14432316
15853,2156448
15854,2054105
15855,3687999
15856,3653199
15857,3079259
15858,4942832
15859,3626596
15860,3595027
15861,4408495
15862,1937974
15863,1738702
15864,3703767
15865,1921131
15866,3261333
15867,2037054
15868,1855880
15869,3850930
15870,2049767
15871,1966706
15872,2021513
15873,13129783
15874,3895521
15875,2262540
15876,1989042
15877,1915007
15878,3991047
15879,5453882
15880,1813029
15881,1801786
15882,2001206
15883,1896251
15884,3588047
15885,1959612
15886,1812705
15887,2565159
15888,3691386
15889,3714359
15890,2974105
15891,2385860
15892,2961238
15893,5401501
15894,12750085
15895,1891702
15896,3846689
15897,5455236
15898,2052410
15899,1864349
15900,3776035
15901,2466565
15902,2773877
15903,1970742
15904,1742631
15905,3655247
15906,2142482
15907,4265418
15908,1894472
15909,1852616
15910,2174474
15911,3622160
15912,3834817
15913,3774665
15914,6468357
15915,15985819
15916,3067782
15917,4281691
15918,2176153
15919,3858699
15920,2843501
15921,1966202
15922,1925938
15923,2678785
15924,2956765
15925,1971134
15926,1930681
15927,3901259
15928,2712850
15929,2113526
15930,2258643
15931,1950071
15932,3783858
15933,1949767
15934,2341105
15935,2806353
15936,13597029
15937,1743681
15938,3797880
15939,3872710
15940,4107580
15941,4201924
15942,2103591
15943,4479664
15944,2051795
15945,6842663
15946,1986216
15947,1940755
15948,2043883
15949,2767254
15950,2109193
15951,1898213
15952,2016315
15953,2001690
15954,6606104
15955,2563114
15956,2287759
15957,13263787
15958,1898627
15959,4214595
15960,4850582
15961,3634426
15962,4682887
15963,3687159
15964,3007124
15965,2146802
15966,2820648
15967,2016298
15968,3881320
15969,3824239
15970,2797251
15971,1947668
15972,2054175
15973,2125308
15974,9244986
15975,3817683
15976,1872934
15977,3967873
15978,14185540
15979,5283155
15980,2828572
15981,4282001
15982,2011063
15983,2744070
15984,3468920
15985,1984228
15986,1685953
15987,2830083
15988,2975409
15989,2244813
15990,2127922
15991,2087087
15992,3448065
15993,1949389
15994,2213368
15995,3870922
15996,1867360
15997,1739878
15998,1679616
15999,7244421
16000,2826593
16001,1778437
16002,3680482
16003,3550028
16004,3192822
16005,3646199
16006,3808839
16007,3640147
16008,4141672
16009,1869234
16010,2492835
16011,1904665
16012,2653338
16013,1796505
16014,2262719
16015,1872475
16016,1771140
16017,2577064
16018,1828303
16019,3756567
16020,18278917
16021,4287658
16022,6125872
16023,2856564
16024,1817115
16025,3797298
16026,3691568
16027,1890220
16028,2838182
16029,3833260
16030,3569489
16031,3802433
16032,3895108
16033,3564955
16034,3674427
16035,1750620
16036,1858471
16037,1626196
16038,1805476
16039,3929879
16040,2825989
16041,7227847
16042,4610862
16043,2200068
16044,2127039
16045,1870664
16046,2530765
16047,2043218
16048,1810166
16049,1829205
16050,1741466
16051,1782489
16052,2449928
16053,2599068
16054,1772315
16055,4250739
16056,2764668
16057,1791949
16058,3770843
16059,3800349
16060,3805890
16061,3982967
16062,4288394
16063,3504811
16064,2794937
16065,2805672
16066,1869504
16067,1725384
16068,1904819
16069,2064856
16070,3419241
16071,1993263
16072,1837705
16073,4904774
16074,2738807
16075,1919383
16076,7800994
16077,2473966
16078,1909494
16079,1855798
16080,1882392
16081,2131047
16082,1924544
16083,2304520
16084,3992921
16085,1958047
16086,5105884
16087,3712042
16088,2542441
16089,1693222
16090,1637791
16091,1810282
16092,2155216
16093,3081006
16094,3774473
16095,3937584
16096,2882378
16097,2035919
16098,3082942
16099,1845156
16100,1909012
16101,2428847
16102,1861742
16103,1835028
16104,2797486
16105,5586396
16106,1925156
16107,1801362
16108,1913343
16109,2076182
16110,1968315
16111,6191674
16112,1692162
16113,3784819
16114,2636379
16115,3596308
16116,2921375
16117,1801532
16118,2617379
16119,3983722
16120,2269579
16121,4451559
16122,3895949
16123,2864170
16124,2841856
16125,8337329
16126,3820641
16127,4087797
16128,3919310
16129,3958236
16130,2706007
16131,3733629
16132,2682068
16133,1732138
16134,1925021
16135,2034951
16136,1988428
16137,3807950
16138,3740426
16139,3873709
16140,2924201
16141,4073090
16142,2202413
16143,3789699
16144,4164235
16145,5204948
16146,6812697
16147,2071182
16148,2038554
16149,1884073
16150,1874951
16151,1675679
16152,2117007
16153,2150201
16154,1840851
16155,4324365
16156,1861085
16157,1796012
16158,1852436
16159,1874691
16160,2299515
16161,1927218
16162,1763662
16163,1880802
16164,1867250
16165,2114955
16166,1802412
16167,6950727
16168,1987331
16169,2169671
16170,1988025
16171,1814407
16172,1915512
16173,1940317
16174,4730202
16175,1935288
16176,3758240
16177,1856229
16178,1924121
16179,2015779
16180,2072892
16181,2194079
16182,1935411
16183,1873847
16184,1794367
16185,1883271
16186,2072101
16187,1761387
16188,3392256
16189,2646120
16190,1893923
16191,1969504
16192,2185164
16193,2575838
16194,1813900
16195,1891504
16196,1847187
16197,1773825
16198,1749082
16199,1905856
16200,1997097
16201,2562005
16202,2099260
16203,1903469
16204,1834582
16205,1871504
16206,1932410
16207,1860012
16208,1962900
16209,2806792
16210,1850855
16211,1901592
16212,3608102
16213,1901774
16214,2186173
16215,5774297
16216,2098928
16217,1973322
16218,2003286
16219,1852976
16220,3861669
16221,3913568
16222,1887071
16223,1741748
16224,2292829
16225,1799307
16226,1774015
16227,4024264
16228,1948582
16229,1861323
16230,3180088
16231,1771397
16232,2966886
16233,4442132
16234,4294248
16235,1829844
16236,1790242
16237,1747927
16238,1748424
16239,1734165
16240,1774638
16241,1878912
16242,1924597
16243,2673462
16244,2427633
16245,2015274
16246,1779440
16247,1737337
16248,1687449
16249,2001019
16250,3513241
16251,4280674
16252,3685059
16253,2014246
16254,6466822
16255,3394542
16256,4155435
16257,2814552
16258,3656021
16259,1834002
16260,3477927
16261,2086774
16262,2074794
16263,2639141
16264,2110999
16265,3799073
16266,3270804
16267,1764697
16268,3941522
16269,3943882
16270,3908714
16271,2327544
16272,2146703
16273,4698796
16274,1946773
16275,1846316
16276,3713976
16277,2077668
16278,2045810
16279,5030797
16280,3095912
16281,1942861
16282,2511044
16283,1795137
16284,2306505
16285,2025908
16286,3307654
16287,1772008
16288,1690996
16289,4247276
16290,1661438
16291,1658892
16292,1687869
16293,1977139
16294,2368928
16295,1922192
16296,2047746
16297,3667774
16298,3614509
16299,10857765
16300,3628457
16301,3910448
16302,3747137
16303,3484255
16304,3559051
16305,5645318
16306,1773670
16307,3788996
16308,5730452
16309,1654044
16310,1741221
16311,1862615
16312,1751548
16313,1899475
16314,3104024
16315,3166120
16316,1949175
16317,1836971
16318,1902344
16319,1906536
16320,3357194
16321,3529623
16322,2590679
16323,2227746
16324,3720809
16325,1910561
16326,2996513
16327,1930659
16328,2722323
16329,4393424
16330,2825591
16331,3771208
16332,2845636
16333,1980944
16334,2810866
16335,2088859
16336,1868657
16337,3434623
16338,2028869
16339,1831612
16340,1849356
16341,2113084
16342,2275608
16343,3836908
16344,1939457
16345,2065752
16346,1977631
16347,4065773
16348,1912629
16349,1915580
16350,2104654
16351,2670618
16352,2411450
16353,1885392
16354,1716892
16355,1940894
16356,2061690
16357,1957918
16358,3625914
16359,1683864
16360,3931554
16361,4924713
16362,3836054
16363,3617716
16364,2743613
16365,3826506
16366,1757886
16367,1987697
16368,2723370
16369,3873450
16370,3862259
16371,4049134
16372,3474809
16373,3516460
16374,5307942
16375,3488460
16376,3424166
16377,5660069
16378,2722841
16379,1810231
16380,2826729
16381,1988849
16382,5334783
16383,2056224
16384,1833583
16385,1856096
16386,1937800
16387,2406021
16388,1911133
16389,1926962
16390,2056125
16391,2811086
16392,2934133
16393,1880921
16394,1690441
16395,1822089
16396,1910862
16397,1856458
16398,13406768
16399,2105745
16400,1950957
16401,2012618
16402,1766711
16403,1724427
16404,1958930
16405,1837948
16406,1752319
16407,2034283
16408,1802594
16409,1899999
16410,1776971
16411,1793557
16412,1984250
16413,1863121
16414,1811953
16415,1838751
16416,2606696
16417,3509016
16418,1834028
16419,16513446
16420,2582757
16421,2007170
16422,1912297
16423,3820426
16424,3972296
16425,5091233
16426,4281566
16427,3313038
16428,2005343
16429,2284916
16430,4569703
16431,4169989
16432,1852539
16433,3784275
16434,3786091
16435,3761457
16436,6298475
16437,1846485
16438,2765913
16439,1931303
16440,18483078
16441,3660153
16442,3820847
16443,2156806
16444,1964177
16445,3652402
16446,3955786
16447,1856176
16448,1738834
16449,1751631
16450,1782183
16451,3672797
16452,2798675
16453,1782669
16454,1773560
16455,1852320
16456,1768351
16457,1731852
16458,1878243
16459,2021555
16460,1789869
16461,18986149
16462,1683705
16463,4448564
16464,4027766
16465,3565796
16466,3511963
16467,4877573
16468,1930382
16469,2208585
16470,2751074
16471,4146551
16472,3447715
16473,3663939
16474,3795565
16475,3779911
16476,3658688
16477,3558757
16478,3675598
16479,3500096
16480,3504056
16481,3749261
16482,17238982
16483,1855711
16484,1727028
16485,2160573
16486,2990697
16487,1776209
16488,3433412
16489,1710048
16490,1775226
16491,1677489
16492,1947859
16493,1802458
16494,1801091
16495,1898267
16496,1778962
16497,1982511
16498,7448342
16499,3551623
16500,2798699
16501,1927921
16502,2567263
16503,14934414
16504,4014498
16505,1875026
16506,3364357
16507,1880135
16508,3820611
16509,3493314
16510,11698355
16511,2038823
16512,1932311
16513,1849748
16514,4858417
16515,1793582
16516,1777014
16517,1907952
16518,2024172
16519,1797379
16520,1888637
16521,2044613
16522,3714590
16523,4100507
16524,15313141
16525,1995805
16526,1739238
16527,1873924
16528,1903840
16529,3732793
16530,2747630
16531,2607709
16532,1921642
16533,1979875
16534,2079690
16535,3795331
16536,2071569
16537,1938586
16538,1903436
16539,2005289
16540,3864339
16541,2000758
16542,1927170
16543,2482268
16544,2013968
16545,18338270
16546,3214959
16547,4763007
16548,2964752
16549,3767166
16550,6417682
16551,3625401
16552,3494099
16553,3472013
16554,2687859
16555,2598136
16556,2666568
16557,2454334
16558,2586490
16559,1754745
16560,1752241
16561,3561603
16562,13773983
16563,2882786
16564,1749663
16565,4217289
16566,5165988
16567,3607012
16568,2910798
16569,1752611
16570,3344601
16571,2082100
16572,1884569
16573,1914732
16574,2505736
16575,2618380
16576,5017618
16577,3484296
16578,3824758
16579,3606217
16580,3610994
16581,1950882
16582,1862743
16583,2811921
16584,3490469
16585,3990503
16586,3595839
16587,9617444
16588,1942578
16589,1849664
16590,2094903
16591,2100178
16592,1831738
16593,4141819
16594,3255393
16595,1724403
16596,1832746
16597,1726512
16598,5237675
16599,1804573
16600,2048193
16601,1889868
16602,3316144
16603,2823990
16604,1822682
16605,1829823
16606,1781478
16607,1748312
16608,8777644
16609,4146834
16610,1833011
16611,1711128
16612,2192037
16613,1772160
16614,3895349
16615,3689423
16616,3782999
16617,3781533
16618,3311227
16619,1952239
16620,1811851
16621,1837777
16622,1676872
16623,1900129
16624,1688837
16625,3693565
16626,3736751
16627,3529904
16628,2822581
16629,7787726
16630,2796969
16631,3962892
16632,2167758
16633,2208908
16634,1735524
16635,1899945
16636,2266449
16637,2385311
16638,2592776
16639,2097895
16640,1773236
16641,2202047
16642,2524080
16643,1979696
16644,2397990
16645,2477176
16646,1936975
16647,2081123
16648,4006156
16649,2920528
16650,4809592
16651,2045441
16652,1723528
16653,1749354
16654,1845835
16655,1854854
16656,2387763
16657,2635954
16658,2562785
16659,3835264
16660,2263572
16661,1989035
16662,2179062
16663,1920131
16664,1948021
16665,2079414
16666,1817637
16667,2222145
16668,2959411
16669,1775698
16670,1857808
16671,4697851
16672,1998064
16673,1866698
16674,1961114
16675,3867586
16676,2746556
16677,3970460
16678,1873788
16679,2018988
16680,1821496
16681,1810651
16682,2844703
16683,2071163
16684,3629794
16685,3909414
16686,3834619
16687,6123173
16688,3825772
16689,1776789
16690,5015892
16691,1801946
16692,5580598
16693,3201623
16694,3728684
16695,3656678
16696,3728793
16697,4514044
16698,3919505
16699,3738702
16700,4152516
16701,4187640
16702,1929595
16703,2585395
16704,2986994
16705,3646489
16706,3581992
16707,3588082
16708,2760285
16709,3710379
16710,2805914
16711,1971139
16712,7434483
16713,3212679
16714,1849269
16715,1826719
16716,1862962
16717,1952724
16718,1815757
16719,1862759
16720,2857923
16721,1882921
16722,2864198
16723,1898826
16724,3553367
16725,2174551
16726,1933536
16727,1912550
16728,2063579
16729,1810032
16730,2710327
16731,1659601
16732,2841848
16733,4921663
16734,2930820
16735,4120997
16736,1970645
16737,4480552
16738,1808918
16739,3721893
16740,4434297
16741,2015660
16742,1758886
16743,2031187
16744,1975441
16745,3917133
16746,3805709
16747,4084840
16748,4015501
16749,1824825
16750,1965007
16751,1764282
16752,1940382
16753,1844057
16754,1715881
16755,4457248
16756,2043087
16757,3657629
16758,4320351
16759,4814448
16760,2953641
16761,4472135
16762,3106752
16763,1941480
16764,2467107
16765,2174018
16766,1797766
16767,1881995
16768,1865987
16769,1859969
16770,2505200
16771,2442536
16772,1764187
16773,1937672
16774,1641235
16775,1671758
16776,2352554
16777,5054162
16778,1922327
16779,1790991
16780,1975149
16781,2060492
16782,1907428
16783,1870273
16784,1706543
16785,3801020
16786,4164344
16787,4598706
16788,1951085
16789,3661186
16790,3644186
16791,3565728
16792,3600155
16793,4413103
16794,4107545
16795,1942471
16796,1774102
16797,2644441
16798,2072405
16799,1693212
16800,3579082
16801,3655087
16802,2814393
16803,3700908
16804,3958439
16805,6468152
16806,2602724
16807,3202583
16808,2784048
16809,3987708
16810,3426807
16811,1940399
16812,3028159
16813,1868743
16814,1783516
16815,8953802
16816,1792525
16817,1721719
16818,2342575
16819,3491121
16820,2828885
16821,2764073
16822,2048489
16823,1965176
16824,1953828
16825,1922564
16826,1866672
16827,1918823
16828,1932540
16829,1854630
16830,1912510
16831,1825063
16832,1934140
16833,1862556
16834,3914338
16835,4447149
16836,1935421
16837,1912417
16838,3171423
16839,2329592
16840,1822529
16841,1858858
16842,2020301
16843,1856094
16844,8629404
16845,1869241
16846,1766124
16847,1748881
16848,2227044
16849,1857333
16850,1804091
16851,1945175
16852,1796497
16853,1870906
16854,3622935
16855,4542846
16856,1809095
16857,2606821
16858,1895045
16859,3367828
16860,6829436
16861,5963836
16862,3748996
16863,3705459
16864,3714283
16865,5081319
16866,3596297
16867,6299293
16868,3623619
16869,3479064
16870,2677558
16871,2806411
16872,1886163
16873,2012204
16874,5035135
16875,3801972
16876,3752652
16877,3796163
16878,2870140
16879,1825532
16880,2850570
16881,8624082
16882,1833288
16883,2130342
16884,4894586
16885,3985885
16886,1929369
16887,1854541
16888,2630462
16889,1908972
16890,3813370
16891,5099060
16892,1927432
16893,2073378
16894,3966516
16895,3745434
16896,4634476
16897,3720065
16898,3604207
16899,3460067
16900,3906119
16901,3908867
16902,7743458
16903,3045303
16904,3249463
16905,2038692
16906,4709667
16907,3751540
16908,3924239
16909,4965320
16910,3823057
16911,3651028
16912,2774051
16913,4384353
16914,1891619
16915,3691128
16916,3674757
16917,3547530
16918,9210791
16919,1863828
16920,1738100
16921,1857130
16922,2713943
16923,12067368
16924,5385662
16925,3293690
16926,1739400
16927,2512018
16928,2052066
16929,1819678
16930,1828688
16931,1780913
16932,1930048
16933,2766094
16934,2431006
16935,1877630
16936,1746242
16937,2138284
16938,1989532
16939,2444756
16940,2343091
16941,2197320
16942,1914337
16943,3452294
16944,7488486
16945,3658906
16946,2807348
16947,1807122
16948,2077941
16949,1796727
16950,1735790
16951,4698560
16952,1779087
16953,1868495
16954,1735786
16955,1793270
16956,1795199
16957,1797881
16958,1845414
16959,3130632
16960,1785011
16961,1940634
16962,1790921
16963,1805223
16964,1792786
16965,2565084
16966,1837531
16967,3286963
16968,2515900
16969,1841113
16970,1804656
16971,5047169
16972,3460650
16973,1922558
16974,2839877
16975,1810049
16976,3891780
16977,1718415
16978,1741723
16979,1990277
16980,1833830
16981,3556417
16982,1979666
16983,2588131
16984,2798264
16985,1931595
16986,2502411
16987,2089126
16988,3525205
16989,9514494
16990,3690745
16991,1881637
16992,2107565
16993,1844214
16994,2587355
16995,4590653
16996,3347994
16997,3500040
16998,2993859
16999,1769068
17000,2815071
17001,1902448
17002,2175602
17003,3749953
17004,2969119
17005,3613830
17006,3553436
17007,4451809
17008,3667553
17009,3465345
17010,3535586
17011,3926463
17012,3576329
17013,2076639
17014,2019176
17015,2070848
17016,1719346
17017,1592847
17018,9508913
17019,3927897
17020,4072349
17021,3829467
17022,3525046
17023,3428604
17024,9000782
17025,3862251
17026,4936581
17027,1717449
17028,1814796
17029,1738721
17030,1694723
17031,1715335
17032,1848950
17033,1762314
17034,1891610
17035,4334880
17036,2984020
17037,1657083
17038,1781282
17039,1840030
17040,1794844
17041,1695571
17042,1886020
17043,1702463
17044,3614704
17045,1854784
17046,2786348
17047,1785205
17048,1881203
17049,3170161
17050,3423192
17051,3643547
17052,3553374
17053,4617123
17054,3349646
17055,3875848
17056,2553392
17057,3621602
17058,3252332
17059,1854740
17060,1728946
17061,3824096
17062,3511630
17063,2037165
17064,2758735
17065,3501073
17066,3585888
17067,1739819
17068,1696189
17069,1942885
17070,2546589
17071,2046686
17072,1775313
17073,2152728
17074,1713761
17075,2044128
17076,3775821
17077,3524404
17078,2084152
17079,9210089
17080,1691854
17081,1728908
17082,1792797
17083,1759321
17084,1786378
17085,1781127
17086,3641225
17087,3355307
17088,2736935
17089,3707375
17090,2565394
17091,1979775
17092,1594875
17093,3905544
17094,2876515
17095,5797453
17096,1834777
17097,2044641
17098,1855498
17099,1801691
17100,2155072
17101,2275075
17102,4365049
17103,1899730
17104,3733203
17105,1939081
17106,3812429
17107,3835087
17108,7335192
17109,2701255
17110,5078106
17111,3711155
17112,6279807
17113,2027691
17114,3425717
17115,5042358
17116,3575192
17117,3507953
17118,2117854
17119,2184000
17120,3636831
17121,3573290
17122,3618805
17123,2064601
17124,1832528
17125,3694598
17126,3646230
17127,2761019
17128,2889728
17129,3786859
17130,2285748
17131,3726334
17132,5112184
17133,5420909
17134,2725257
17135,2587858
17136,2207819
17137,3427485
17138,2656434
17139,4137432
17140,7049999
17141,3463711
17142,1966456
17143,3778745
17144,4278637
17145,4302580
17146,7680545
17147,3729437
17148,2440420
17149,2886267
17150,1807977
17151,2331938
17152,4253786
17153,3770702
17154,6294397
17155,2176630
17156,8777927
17157,3961760
17158,3757099
17159,3734369
17160,3784237
17161,2697446
17162,3377503
17163,3970587
17164,3709138
17165,3030085
17166,6759146
17167,2072554
17168,2049502
17169,2373726
17170,1955142
17171,1859924
17172,4275125
17173,2395769
17174,3710009
17175,5101266
17176,2719170
17177,5011400
17178,2340279
17179,3821375
17180,6638398
17181,4252209
17182,3797176
17183,3614843
17184,3799353
17185,4242176
17186,3790241
17187,4026430
17188,2898109
17189,7104859
17190,3704472
17191,3538722
17192,3773814
17193,4089699
17194,3500074
17195,3803785
17196,4007874
17197,3646330
17198,6845843
17199,3513329
17200,3648326
17201,3795335
17202,2068449
17203,1913287
17204,3633032
17205,3617931
17206,2816202
17207,1767160
17208,1959610
17209,2091020
17210,2562763
17211,1752779
17212,4054008
17213,4286454
17214,2968627
17215,3741986
17216,2667717
17217,2376145
17218,2422097
17219,2540195
17220,1796673
17221,2045883
17222,1817543
17223,3739294
17224,7346444
17225,2406142
17226,3709343
17227,2180620
17228,4316876
17229,1738988
17230,1697425
17231,4462184
17232,1916681
17233,1932170
17234,2082714
17235,2448393
17236,9593344
17237,2240714
17238,2460220
17239,1680236
17240,2740599
17241,2161458
17242,2338594
17243,1812829
17244,3355952
17245,1928070
17246,3674161
17247,3719263
17248,2964579
17249,3515518
17250,3051962
17251,3357628
17252,6305464
17253,1975179
17254,1665079
17255,1636751
17256,1644664
17257,3569429
17258,3886322
17259,6382200
17260,2768925
17261,6475549
17262,2866105
17263,1868376
17264,2526488
17265,1837306
17266,1766280
17267,3576781
17268,2784813
17269,1926804
17270,1838108
17271,1979857
17272,1852830
17273,1871403
17274,2259319
17275,1821945
17276,1707462
17277,1768788
17278,1851048
17279,2117266
17280,2059263
17281,1931845
17282,2855345
17283,3788383
17284,3633126
17285,3791443
17286,3882967
17287,5257227
17288,3814457
17289,3489876
17290,3560675
17291,6626987
17292,3666027
17293,2395989
17294,2828744
17295,3472237
17296,3302194
17297,3296539
17298,3687729
17299,3357459
17300,4762787
17301,4117887
17302,3659123
17303,2439188
17304,2362831
17305,4006591
17306,3916718
17307,3276450
17308,3722637
17309,3595546
17310,1927744
17311,4194207
17312,3841790
17313,3578716
17314,3463120
17315,3549596
17316,3694244
17317,1762516
17318,1691207
17319,3521289
17320,4150819
17321,3550181
17322,3136591
17323,2202530
17324,6209396
17325,3647546
17326,3810600
17327,3625677
17328,3594458
17329,3487100
17330,1919655
17331,1779140
17332,1863352
17333,2572074
17334,2648320
17335,3448783
17336,2839164
17337,1770085
17338,2006430
17339,1848680
17340,1839157
17341,2121898
17342,1814576
17343,3873216
17344,2728902
17345,3730425
17346,3702519
17347,3370112
17348,2782389
17349,3234270
17350,2779675
17351,1848099
17352,4701648
17353,3517435
17354,2736640
17355,1797353
17356,1745267
17357,1835554
17358,1861112
17359,1740969
17360,5249219
17361,4129734
17362,6221152
17363,4121363
17364,4485162
17365,1955562
17366,1911959
17367,1874490
17368,2576996
17369,1863397
17370,1932689
17371,1809683
17372,1862398
17373,1857883
17374,1789388
17375,3713862
17376,2698544
17377,1696844
17378,2854771
17379,3351940
17380,3786266
17381,5666909
17382,3807709
17383,3676756
17384,3736150
17385,5563283
17386,7262743
17387,3586976
17388,3710488
17389,3780695
17390,4499922
17391,4283252
17392,3842574
17393,6634261
17394,1974225
17395,3673562
17396,3602632
17397,1940746
17398,2812645
17399,1796821
17400,1834741
17401,1889290
17402,1873864
17403,1735095
17404,1812701
17405,1813153
17406,6023906
17407,1744603
17408,1851359
17409,1919061
17410,1719299
17411,1876788
17412,1937550
17413,4093176
17414,3749126
17415,2319855
17416,2681305
17417,1649673
17418,1850768
17419,1845320
17420,1866989
17421,5668661
17422,2750487
17423,2748972
17424,2006658
17425,3795682
17426,3449414
17427,8107302
17428,1779500
17429,1733280
17430,1858010
17431,1808610
17432,2545294
17433,2489427
17434,1651154
17435,2098873
17436,3528833
17437,3810506
17438,2070898
17439,3612709
17440,3566690
17441,4151714
17442,2720775
17443,3314035
17444,1896902
17445,3635757
17446,2782455
17447,4986430
17448,3385991
17449,2111137
17450,1784784
17451,2054757
17452,1912945
17453,3497338
17454,2988447
17455,1738382
17456,1707126
17457,1837666
17458,2040950
17459,1945970
17460,5708902
17461,1903345
17462,2120496
17463,3881825
17464,3513772
17465,3684045
17466,1970182
17467,1803025
17468,2090466
17469,5126083
17470,3013875
17471,3718969
17472,4026150
17473,3022864
17474,3588541
17475,3491650
17476,3449999
17477,3562732
17478,5681171
17479,1932520
17480,3742951
17481,7372652
17482,1993533
17483,1960559
17484,1812188
17485,1901386
17486,1739519
17487,1641599
17488,2014055
17489,3711804
17490,3090294
17491,3882697
17492,2758408
17493,1907512
17494,1928047
17495,2665652
17496,1795858
17497,1616202
17498,1762781
17499,1735419
17500,1836056
17501,1937878
17502,1772433
17503,1794404
17504,1873636
17505,1900658
17506,2638132
17507,1785978
17508,1982086
17509,3638514
17510,3552216
17511,4461508
17512,3944880
17513,1995421
17514,2668128
17515,1810391
17516,1772206
17517,3592659
17518,2847924
17519,1855916
17520,1797190
17521,1704167
17522,1745195
17523,1961850
17524,1803548
17525,3784373
17526,1947839
17527,3755761
17528,2770769
17529,4858201
17530,1923315
17531,2543397
17532,3711369
17533,2120381
17534,1855283
17535,1735718
17536,3627969
17537,3413891
17538,1905964
17539,1836158
17540,1887630
17541,2007000
17542,1767148
17543,1823484
17544,2407074
17545,1721184
17546,1898052
17547,3763641
17548,3625951
17549,3850846
17550,2774921
17551,2088368
17552,1795102
17553,4617984
17554,4976942
17555,3602440
17556,2844570
17557,1796641
17558,2795614
17559,3637906
17560,3559360
17561,4688113
17562,1879165
17563,2094882
17564,2013403
17565,1942760
17566,2581802
17567,1933430
17568,2757252
17569,1631514
17570,3451718
17571,1681765
17572,1661936
17573,11386601
17574,3997007
17575,2135405
17576,2756278
17577,1797984
17578,1726878
17579,3542500
17580,2747934
17581,1959894
17582,1659303
17583,3612556
17584,3586774
17585,3499825
17586,2734288
17587,2506017
17588,2159771
17589,1811685
17590,1785612
17591,1813737
17592,1805218
17593,7374846
17594,1920095
17595,2489577
17596,1866159
17597,3700126
17598,3760899
17599,1822083
17600,1827013
17601,1900165
17602,1847447
17603,1671524
17604,1790238
17605,1672448
17606,1704637
17607,1926314
17608,2110778
17609,5474966
17610,3678926
17611,4572328
17612,2951926
17613,3770446
17614,3570643
17615,3454106
17616,4263144
17617,3855407
17618,3767754
17619,3665841
17620,3418201
17621,4052319
17622,7084967
17623,3146844
17624,4021781
17625,3633868
17626,2722144
17627,3549800
17628,3668066
17629,1801042
17630,2910643
17631,1808239
17632,1889155
17633,1725335
17634,1724537
17635,3999865
17636,3927823
17637,5656426
17638,3882968
17639,2199095
17640,3926034
17641,3725140
17642,3519134
17643,3769898
17644,2843836
17645,1875406
17646,2090473
17647,4723068
17648,2825282
17649,2839437
17650,1891957
17651,1830502
17652,2216185
17653,1888338
17654,1711484
17655,1810718
17656,1641411
17657,1756205
17658,2612441
17659,1977538
17660,1799727
17661,2100392
17662,1832809
17663,2659089
17664,1849311
17665,1935292
17666,3406150
17667,2138137
17668,3710069
17669,3816148
17670,2186381
17671,1765693
17672,3114656
17673,3013788
17674,2143355
17675,1932018
17676,9400353
17677,1785547
17678,4871471
17679,4634125
17680,1879471
17681,3238011
17682,1921318
17683,1941664
17684,1767308
17685,1927406
17686,1837735
17687,2711013
17688,2900901
17689,1815561
17690,1855329
17691,2999454
17692,1760649
17693,3415857
17694,1829392
17695,2603824
17696,1725196
17697,1711035
17698,2547104
17699,1822815
17700,2935328
17701,4462831
17702,1719130
17703,1941604
17704,2952777
17705,1819806
17706,1889814
17707,1954330
17708,1709975
17709,3736561
17710,3880095
17711,4286354
17712,2870699
17713,2007297
17714,3891175
17715,2039904
17716,1812367
17717,1730885
17718,3599644
17719,1876139
17720,3300631
17721,2705544
17722,2695099
17723,1903253
17724,2018570
17725,2092098
17726,1808499
17727,1898331
17728,2791365
17729,3713815
17730,2741469
17731,1748592
17732,3620811
17733,1886136
17734,2706756
17735,1832370
17736,1837773
17737,1717037
17738,5517059
17739,1797061
17740,1708325
17741,3916118
17742,3371848
17743,2049578
17744,1853797
17745,2061666
17746,1623773
17747,2126477
17748,1825350
17749,1717025
17750,1824842
17751,2987644
17752,1776074
17753,2136799
17754,1858077
17755,1728632
17756,1692959
17757,1711146
17758,1682924
17759,2403437
17760,1858219
17761,3869498
17762,3746659
17763,2507216
17764,1628138
17765,5138511
17766,4213664
17767,3800519
17768,2771236
17769,1884474
17770,1820091
17771,1716201
17772,1731506
17773,2004281
17774,1903845
17775,2050187
17776,2850655
17777,1724578
17778,1738223
17779,1854664
17780,1814024
17781,1922029
17782,1731479
17783,1933659
17784,2514293
17785,1873559
17786,1812405
17787,1915755
17788,1816830
17789,1889378
17790,1903396
17791,1790666
17792,1861228
17793,1777749
17794,1765337
17795,1883637
17796,1874721
17797,3726961
17798,2792833
17799,1851921
17800,1775352
17801,7387534
17802,3651895
17803,3649294
17804,2706318
17805,8846657
17806,2905484
17807,1908616
17808,3484947
17809,3661430
17810,2804889
17811,3771625
17812,2743125
17813,3537917
17814,3730905
17815,3533799
17816,3491598
17817,3431415
17818,11023389
17819,1895045
17820,3390786
17821,2011062
17822,3339552
17823,2591073
17824,1721211
17825,1747717
17826,2984609
17827,3715323
17828,3597769
17829,4077566
17830,4942884
17831,3660965
17832,1973020
17833,1788124
17834,1751129
17835,2612553
17836,1786461
17837,1738982
17838,3660240
17839,1722684
17840,1998820
17841,1863012
17842,3766980
17843,3502928
17844,3478123
17845,3790748
17846,6644625
17847,4228463
17848,2797164
17849,3659558
17850,3564255
17851,2209414
17852,1805734
17853,1966416
17854,3298199
17855,1878621
17856,1912366
17857,3497503
17858,2820376
17859,6387903
17860,5492924
17861,4013164
17862,2968411
17863,2888448
17864,1912707
17865,2529227
17866,4858112
17867,3680866
17868,4057694
17869,5354422
17870,2806199
17871,4177010
17872,4874176
17873,3692686
17874,4806180
17875,1867554
17876,2191267
17877,1883990
17878,1941076
17879,2048891
17880,1752018
17881,1828539
17882,1702579
17883,3680558
17884,2729769
17885,3712966
17886,2002010
17887,2177442
17888,1897379
17889,2925121
17890,1806944
17891,1833292
17892,1808873
17893,1997160
17894,2629655
17895,1906644
17896,1853386
17897,1873035
17898,2021732
17899,2201807
17900,1815587
17901,3198163
17902,2197434
17903,1784080
17904,2089450
17905,4571292
17906,1873510
17907,1804705
17908,1949870
17909,1937908
17910,2798398
17911,1938522
17912,2032112
17913,2593325
17914,1800724
17915,2776789
17916,1885075
17917,1866619
17918,1832134
17919,1874189
17920,1887794
17921,1839059
17922,1889927
17923,1833625
17924,3989444
17925,1941820
17926,1833205
17927,3900522
17928,3732117
17929,3512900
17930,3525063
17931,5465249
17932,3395122
17933,3544927
17934,3416920
17935,1883432
17936,2069402
17937,1764420
17938,1843131
17939,1785702
17940,1927467
17941,2001120
17942,1964116
17943,2065631
17944,1793062
17945,1806408
17946,3514985
17947,2520279
17948,2545097
17949,3822892
17950,3924661
17951,1942763
17952,4369293
17953,3628518
17954,1834330
17955,1715803
17956,1687870
17957,1770766
17958,4001537
17959,2768835
17960,2190129
17961,1943704
17962,1799428
17963,3618992
17964,2684880
17965,1974045
17966,2088516
17967,2004908
17968,3898644
17969,3472735
17970,2716329
17971,1864682
17972,1894032
17973,4185708
17974,2071465
17975,1953930
17976,1927300
17977,2968566
17978,3907544
17979,3753752
17980,1930539
17981,2612855
17982,1767439
17983,2844426
17984,1673213
17985,2042839
17986,2811032
17987,1843943
17988,2052282
17989,3480017
17990,2806273
17991,2552592
17992,1738575
17993,1759116
17994,3321887
17995,1829775
17996,3582960
17997,3638583
17998,3553899
17999,3516258
18000,2916053
18001,5413276
18002,4950294
18003,1814925
18004,1574463
18005,1680411
18006,3691377
18007,1715281
18008,1840426
18009,2055577
18010,3579596
18011,3479762
18012,2153426
18013,3762387
18014,3428981
18015,3904447
18016,4476834
18017,3616004
18018,3753030
18019,5601408
18020,2825184
18021,2168009
18022,1737412
18023,2053619
18024,1722130
18025,1670670
18026,1727838
18027,2379199
18028,3685091
18029,3423908
18030,3384228
18031,3423391
18032,3228206
18033,2359400
18034,2672950
18035,2337732
18036,5833178
18037,2212545
18038,1740753
18039,9247164
18040,1748617
18041,2604068
18042,4800485
18043,3717465
18044,4373898
18045,3887050
18046,3359084
18047,3879020
18048,2835738
18049,2001891
18050,2992712
18051,3041471
18052,1769560
18053,1813304
18054,2390331
18055,1865839
18056,2019395
18057,4114111
18058,2948673
18059,3538873
18060,2684296
18061,4292874
18062,1770391
18063,2078040
18064,2000976
18065,3656856
18066,6923917
18067,3432715
18068,3641068
18069,3619460
18070,2744448
18071,1814987
18072,5119853
18073,3697685
18074,1957209
18075,2571361
18076,1828265
18077,3649155
18078,5537157
18079,3476655
18080,1784342
18081,1755381
18082,1863183
18083,2158550
18084,3992764
18085,1897837
18086,1633575
18087,1700975
18088,3646055
18089,1856137
18090,5613181
18091,3676372
18092,3848858
18093,2124118
18094,1845838
18095,1770231
18096,1577890
18097,1756643
18098,1604339
18099,7887548
18100,3823245
18101,5155106
18102,2210460
18103,2007391
18104,2136342
18105,3570464
18106,1672780
18107,3779072
18108,2191859
18109,1710777
18110,1845995
18111,3643656
18112,1951094
18113,3637394
18114,1764707
18115,1720733
18116,6398118
18117,1941409
18118,3640326
18119,1804551
18120,3798464
18121,2215183
18122,2929170
18123,2120605
18124,1725578
18125,1824644
18126,1635474
18127,1660856
18128,1832490
18129,1954989
18130,1818130
18131,1827459
18132,2760569
18133,1847098
18134,1719215
18135,1881414
18136,1758246
18137,1809927
18138,1871743
18139,1743832
18140,1666628
18141,7192883
18142,9281191
18143,3470379
18144,4043271
18145,4333978
18146,1842576
18147,3662475
18148,3724779
18149,3540065
18150,4301655
18151,3568168
18152,3556071
18153,4736304
18154,2796775
18155,2781020
18156,2767032
18157,2900420
18158,1925807
18159,1920553
18160,1745919
18161,1797155
18162,2860169
18163,2059392
18164,1816679
18165,2638853
18166,1781998
18167,2173627
18168,1857644
18169,1834574
18170,1930547
18171,3592757
18172,3691567
18173,4524773
18174,5045105
18175,3601610
18176,2727963
18177,1778922
18178,1751325
18179,1839803
18180,1869822
18181,1929092
18182,2740909
18183,3542485
18184,2024891
18185,3617846
18186,5227764
18187,3408873
18188,3654839
18189,2471236
18190,5612412
18191,3462157
18192,3410885
18193,3582409
18194,1839904
18195,2011604
18196,2730304
18197,1820142
18198,3634246
18199,3453401
18200,14757252
18201,1905579
18202,1880346
18203,3593782
18204,4114395
18205,1958476
18206,3570650
18207,3881566
18208,3518772
18209,4399327
18210,3612335
18211,3862985
18212,2482987
18213,1890006
18214,1779452
18215,5406072
18216,2730951
18217,1711303
18218,2179665
18219,3629176
18220,3659406
18221,5332521
18222,2757811
18223,3409344
18224,1687627
18225,3981291
18226,1781154
18227,1792078
18228,2017988
18229,4813310
18230,4087546
18231,3313338
18232,1622468
18233,1673920
18234,1675273
18235,1834726
18236,1730302
18237,2520197
18238,2446490
18239,1741162
18240,1773044
18241,5020059
18242,5073160
18243,3828978
18244,4206200
18245,3315675
18246,3940370
18247,2057131
18248,4826497
18249,4522879
18250,1774490
18251,1723911
18252,1803352
18253,1942113
18254,4890921
18255,2081933
18256,1788416
18257,1792418
18258,1843686
18259,3580735
18260,3696295
18261,3638788
18262,2854869
18263,1898329
18264,1683131
18265,1808956
18266,1758250
18267,2503492
18268,1914325
18269,1883411
18270,1929392
18271,1719658
18272,1865984
18273,1834304
18274,1697336
18275,1692348
18276,1683224
18277,1624177
18278,1781440
18279,3406750
18280,3711894
18281,1924645
18282,1850561
18283,1685429
18284,2387870
18285,2776083
18286,2725062
18287,1758378
18288,2054070
18289,1902227
18290,2513404
18291,1826745
18292,1751971
18293,1735561
18294,1873482
18295,1868178
18296,1753533
18297,1799886
18298,2860194
18299,2439704
18300,2547677
18301,2090325
18302,1722133
18303,1642661
18304,1808131
18305,3809231
18306,1962162
18307,1920728
18308,1875494
18309,3170041
18310,2717105
18311,1780997
18312,2701301
18313,1889699
18314,4073977
18315,1880713
18316,1898630
18317,2382990
18318,1856559
18319,3604477
18320,2826190
18321,2008911
18322,1719993
18323,3689688
18324,3333020
18325,5235365
18326,1743472
18327,3521584
18328,3740340
18329,2203345
18330,2449797
18331,2227793
18332,1734719
18333,2028437
18334,1703257
18335,2115102
18336,1873823
18337,1723934
18338,2487846
18339,1882127
18340,3623710
18341,1983045
18342,1921192
18343,1733402
18344,8257381
18345,1693379
18346,1657547
18347,1765677
18348,5212917
18349,1720496
18350,1854208
18351,2154700
18352,1753556
18353,1761636
18354,1856176
18355,1737944
18356,2074266
18357,3334679
18358,2740340
18359,3501979
18360,2884894
18361,10479705
18362,1857075
18363,2396798
18364,1874332
18365,3523391
18366,1975791
18367,3277396
18368,3610903
18369,3419466
18370,2810905
18371,1771820
18372,3565184
18373,4181795
18374,2077448
18375,1831684
18376,2712516
18377,1810455
18378,1899138
18379,2532084
18380,3572560
18381,3945255
18382,3706063
18383,3922390
18384,4294858
18385,1819970
18386,1965125
18387,1931952
18388,2422223
18389,3409981
18390,3450895
18391,3383951
18392,2664340
18393,2382807
18394,3618450
18395,3533758
18396,3668132
18397,3477971
18398,2877340
18399,2097234
18400,8440711
18401,3780617
18402,2548847
18403,1711833
18404,1633743
18405,3325102
18406,3353713
18407,3405119
18408,2851276
18409,3587034
18410,2812340
18411,2306496
18412,3628402
18413,4374842
18414,4798694
18415,1815358
18416,3620203
18417,4702996
18418,2779241
18419,3664255
18420,2675919
18421,2052652
18422,1797974
18423,1843898
18424,1794457
18425,1879556
18426,3401264
18427,3663037
18428,4200568
18429,5749286
18430,3205050
18431,2099468
18432,2620383
18433,2011164
18434,2613780
18435,4286991
18436,1860592
18437,1694307
18438,4275810
18439,2587127
18440,1803055
18441,5461364
18442,3647047
18443,3586992
18444,3452628
18445,1788632
18446,1894118
18447,1913528
18448,2751524
18449,1891462
18450,1799049
18451,1732344
18452,1653005
18453,1810822
18454,1620964
18455,1719523
18456,9397766
18457,2139071
18458,1761636
18459,4786123
18460,4672488
18461,3925402
18462,3768635
18463,1793108
18464,1911165
18465,1888061
18466,3454200
18467,2119558
18468,2813074
18469,1797322
18470,1847394
18471,1821675
18472,1885416
18473,1827680
18474,2128647
18475,1831017
18476,1888900
18477,3108035
18478,2553255
18479,1733648
18480,1931652
18481,2026242
18482,1883399
18483,2264770
18484,4837974
18485,1790261
18486,1834386
18487,1778074
18488,1821959
18489,2660459
18490,2801411
18491,1828312
18492,1934396
18493,1998299
18494,1881273
18495,1824412
18496,1824996
18497,2908402
18498,3560983
18499,3584602
18500,3727477
18501,4046146
18502,3685200
18503,4095068
18504,3417673
18505,3597578
18506,2807721
18507,1740817
18508,3542950
18509,4913798
18510,1977240
18511,2132149
18512,1801071
18513,1904557
18514,1993999
18515,4198568
18516,2326454
18517,2148194
18518,1960108
18519,3476502
18520,3709086
18521,1774622
18522,2319723
18523,1818317
18524,1746118
18525,3528684
18526,3583986
18527,4414193
18528,2751130
18529,3451883
18530,4492569
18531,1892388
18532,1786103
18533,1883566
18534,1823968
18535,3116417
18536,1796322
18537,2056366
18538,1751854
18539,2517278
18540,4392330
18541,2220837
18542,2672417
18543,3223185
18544,1764428
18545,1751680
18546,2233161
18547,2115132
18548,2405403
18549,1914769
18550,1674161
18551,3202467
18552,1711806
18553,2040840
18554,3660867
18555,3534518
18556,2757366
18557,2169965
18558,3943800
18559,3939145
18560,1788268
18561,2652203
18562,1978675
18563,2099077
18564,1893378
18565,1702224
18566,1711012
18567,3501534
18568,3153493
18569,1877704
18570,3835003
18571,3904124
18572,3436678
18573,3395124
18574,3843114
18575,1790301
18576,1912291
18577,1617419
18578,1671648
18579,1683977
18580,1757853
18581,4041326
18582,5140657
18583,3712675
18584,2692179
18585,1980130
18586,2088248
18587,2279346
18588,1833456
18589,1907723
18590,2485829
18591,1884416
18592,2660651
18593,2583891
18594,1969108
18595,3904595
18596,7386330
18597,1644139
18598,2465847
18599,2350883
18600,2018129
18601,1912218
18602,3676097
18603,4171462
18604,2565703
18605,1724010
18606,2270785
18607,1773779
18608,1748017
18609,1758214
18610,1771529
18611,1797472
18612,1801544
18613,1741777
18614,1687546
18615,2119259
18616,1809922
18617,1603796
18618,1748758
18619,1634987
18620,4354249
18621,2134101
18622,2610591
18623,1967407
18624,2793490
18625,2831394
18626,2442823
18627,2569145
18628,1897898
18629,2216987
18630,1935194
18631,1838276
18632,3248428
18633,1815327
18634,1709653
18635,3578591
18636,2996766
18637,1697811
18638,1846746
18639,1845202
18640,1868541
18641,2626901
18642,1729070
18643,2604280
18644,1652755
18645,4712987
18646,2904285
18647,1888613
18648,1891294
18649,1814625
18650,1780277
18651,1783605
18652,1708477
18653,1608231
18654,3654739
18655,6473659
18656,4211048
18657,1923960
18658,1666554
18659,1708531
18660,1778326
18661,3893900
18662,2801440
18663,1733853
18664,1616817
18665,1537906
18666,3035251
18667,2275271
18668,2219591
18669,1935035
18670,1868052
18671,3683848
18672,3606459
18673,3372069
18674,4660817
18675,3489247
18676,2445350
18677,2550827
18678,2408355
18679,1773756
18680,3046817
18681,1524416
18682,1588703
18683,1612392
18684,1619476
18685,1748538
18686,3793577
18687,14683606
18688,1838088
18689,4168504
18690,3593953
18691,3767193
18692,3692114
18693,3024452
18694,3148667
18695,3713547
18696,3604399
18697,3868900
18698,3580126
18699,1884563
18700,3944734
18701,3860751
18702,3718928
18703,3720550
18704,3577903
18705,3312936
18706,3254004
18707,3289639
18708,5157481
18709,3900220
18710,3285728
18711,3868955
18712,6250831
18713,3362744
18714,3536828
18715,3478032
18716,3690530
18717,3865304
18718,3493299
18719,4496437
18720,3911634
18721,3563180
18722,3559749
18723,13580780
18724,2404514
18725,1622061
18726,1738971
18727,3539776
18728,2763481
18729,3399649
18730,3809294
18731,1713317
18732,1783405
18733,5233398
18734,3751384
18735,3610845
18736,3609603
18737,4484582
18738,1766309
18739,1778263
18740,1643236
18741,2916609
18742,1938629
18743,2670510
18744,3617790
18745,3625782
18746,3642618
18747,7176334
18748,3517425
18749,3608062
18750,3452519
18751,5667331
18752,3607437
18753,3651002
18754,3463424
18755,3502636
18756,2807922
18757,2037198
18758,1792813
18759,1593660
18760,1566311
18761,1740946
18762,1817114
18763,1636727
18764,1699060
18765,2776845
18766,1741359
18767,1748597
18768,3575736
18769,3521248
18770,1611733
18771,12614230
18772,3471612
18773,1795804
18774,1766553
18775,1824710
18776,2422018
18777,1774314
18778,8509177
18779,2134596
18780,1940148
18781,1853986
18782,1753857
18783,1956079
18784,2536406
18785,1736481
18786,1873892
18787,2041445
18788,2714747
18789,3380694
18790,2715007
18791,1768131
18792,2803494
18793,2177238
18794,4072935
18795,1849367
18796,2825827
18797,3583833
18798,1898055
18799,3488032
18800,3341743
18801,3506827
18802,3980224
18803,4187567
18804,3863777
18805,4598465
18806,2009060
18807,2142390
18808,1890077
18809,1772025
18810,1841322
18811,1940697
18812,2526898
18813,2480796
18814,1727056
18815,1792419
18816,2296687
18817,2153373
18818,1859162
18819,1882757
18820,4536806
18821,4098858
18822,2814312
18823,1777575
18824,1724664
18825,1915100
18826,1909406
18827,3632417
18828,3449012
18829,3480437
18830,2801642
18831,1790840
18832,17091475
18833,1583529
18834,7975399
18835,2074484
18836,1699760
18837,2276884
18838,1758970
18839,1758565
18840,2405493
18841,1762314
18842,1821212
18843,2504757
18844,1852446
18845,1784043
18846,3973388
18847,3283876
18848,1900696
18849,1861078
18850,1646118
18851,2433647
18852,1755402
18853,1686864
18854,1710190
18855,2419488
18856,1702672
18857,3405469
18858,4142378
18859,2697371
18860,1857477
18861,2782205
18862,1779062
18863,1795323
18864,1642005
18865,1725621
18866,1642035
18867,1988002
18868,1863645
18869,1928373
18870,1860300
18871,1749892
18872,1793924
18873,1940858
18874,1659399
18875,1660730
18876,3435877
18877,1736001
18878,1744791
18879,1935970
18880,2571050
18881,2050277
18882,1950499
18883,2289147
18884,1785345
18885,1784733
18886,3443636
18887,1654836
18888,1753100
18889,1645674
18890,3718358
18891,5345776
18892,3955027
18893,3374355
18894,2489597
18895,3434916
18896,2427168
18897,2756498
18898,2232328
18899,1981289
18900,3297091
18901,3764188
18902,2688995
18903,6985913
18904,2688397
18905,2821901
18906,1826443
18907,1673194
18908,3539788
18909,3417559
18910,2759333
18911,3504915
18912,6155113
18913,3586848
18914,9161395
18915,1692065
18916,1758131
18917,3062256
18918,2185862
18919,4041619
18920,3514252
18921,6505456
18922,3392928
18923,3287497
18924,2653608
18925,1859845
18926,1815055
18927,1827643
18928,2802366
18929,1919645
18930,2761665
18931,3742458
18932,3669130
18933,3603409
18934,2898718
18935,1979259
18936,1793211
18937,1824434
18938,2139007
18939,8118168
18940,3269832
18941,4171974
18942,3534268
18943,3950236
18944,3697160
18945,3545748
18946,2727757
18947,1771954
18948,1943148
18949,3737582
18950,3675790
18951,3541194
18952,2250297
18953,3583216
18954,2639203
18955,2459406
18956,2811798
18957,2750106
18958,3862967
18959,2201968
18960,2364704
18961,2224764
18962,1749001
18963,1847571
18964,2797640
18965,2554984
18966,1833962
18967,1856308
18968,1880413
18969,1792144
18970,2906658
18971,1818123
18972,4283317
18973,1919086
18974,3401123
18975,1836001
18976,2777960
18977,3652839
18978,3498661
18979,3552290
18980,7042290
18981,4271414
18982,2862995
18983,1788247
18984,3258020
18985,1925660
18986,1762554
18987,3540732
18988,3792507
18989,3796250
18990,4983029
18991,3490022
18992,3898503
18993,7437524
18994,4792320
18995,3434537
18996,3466497
18997,3445570
18998,2910900
18999,3643775
19000,3771988
19001,4139073
19002,4584644
19003,6690571
19004,3502236
19005,4139686
19006,3572632
19007,1764671
19008,2765550
19009,1744911
19010,3508352
19011,8836268
19012,3530261
19013,3732840
19014,3802586
19015,3919710
19016,3678289
19017,2185165
19018,7190371
19019,3666104
19020,4853952
19021,4103397
19022,3659599
19023,2950294
19024,1975561
19025,3766230
19026,1956990
19027,1901753
19028,1765227
19029,3560061
19030,2756380
19031,3601584
19032,3424523
19033,1738301
19034,3621797
19035,3661068
19036,3448359
19037,2051650
19038,1863878
19039,1780996
19040,2726904
19041,3662686
19042,3466990
19043,4158367
19044,2478374
19045,2534280
19046,1740371
19047,2154082
19048,1962274
19049,3673066
19050,1898056
19051,1830051
19052,2011985
19053,4809755
19054,3501924
19055,3292954
19056,2756791
19057,2658180
19058,1977049
19059,9272696
19060,1842468
19061,1939842
19062,1777108
19063,3569962
19064,1894650
19065,2177422
19066,4388753
19067,1774503
19068,3470162
19069,2020334
19070,2723929
19071,3550391
19072,3511406
19073,3655704
19074,3428953
19075,3314572
19076,3301177
19077,3583231
19078,2613989
19079,1638749
19080,1721379
19081,13097875
19082,2848978
19083,3754139
19084,1892357
19085,1745723
19086,3742592
19087,1977475
19088,1740971
19089,4967070
19090,3605710
19091,3724576
19092,1971379
19093,3657527
19094,2756944
19095,1841688
19096,2993561
19097,1735352
19098,3728574
19099,3331880
19100,3577730
19101,4117178
19102,3944223
19103,3430142
19104,3457034
19105,6073472
19106,3338466
19107,4199361
19108,3310321
19109,3601573
19110,5086726
19111,3607815
19112,2697178
19113,1879503
19114,1743611
19115,4016030
19116,3501495
19117,4419097
19118,2735294
19119,1928922
19120,3655188
19121,6646375
19122,1904340
19123,1926697
19124,2176614
19125,8154150
19126,1696427
19127,4062621
19128,3279696
19129,5518291
19130,3735677
19131,2136730
19132,2006843
19133,3824797
19134,3490991
19135,3709717
19136,1811640
19137,1677293
19138,1614879
19139,3613810
19140,2837152
19141,1997421
19142,1810017
19143,1768634
19144,1693846
19145,3617712
19146,3540363
19147,3404123
19148,2744770
19149,3328860
19150,2423883
19151,6691307
19152,1863633
19153,1686113
19154,1628996
19155,3554995
19156,2786636
19157,3470808
19158,3461016
19159,3769511
19160,2693538
19161,1818015
19162,1670581
19163,2876304
19164,5673602
19165,3868069
19166,4963250
19167,3546011
19168,3487697
19169,3301458
19170,4631151
19171,3526031
19172,6630404
19173,4874613
19174,3678623
19175,3499263
19176,3608803
19177,5293569
19178,2828839
19179,3878051
19180,3591837
19181,4169245
19182,3084152
19183,3812400
19184,3612070
19185,3881481
19186,3551760
19187,3726053
19188,2948795
19189,3771569
19190,3615360
19191,25121897
19192,3942223
19193,16193682
19194,3837285
19195,4633067
19196,3916468
19197,3378873
19198,3285760
19199,1869913
19200,2370872
19201,1717826
19202,1774676
19203,3824133
19204,3396014
19205,3421091
19206,2525723
19207,1877907
19208,1788159
19209,1767211
19210,1792102
19211,3702796
19212,4206652
19213,1667133
19214,3622669
19215,3696788
19216,3604779
19217,3516602
19218,1958957
19219,4194612
19220,1769643
19221,4558093
19222,2786011
19223,2626542
19224,1778591
19225,3196765
19226,1777958
19227,1975806
19228,5051973
19229,3601480
19230,1942467
19231,1640990
19232,1727164
19233,2366159
19234,2385591
19235,2019707
19236,1787899
19237,1767699
19238,1769771
19239,1778969
19240,4788960
19241,1774208
19242,3690198
19243,3434782
19244,3731807
19245,3456036
19246,3454248
19247,3722014
19248,3057373
19249,6323757
19250,3531308
19251,2259860
19252,1779721
19253,2599750
19254,4745725
19255,3633617
19256,1876143
19257,2032684
19258,1781579
19259,1751191
19260,2052430
19261,2011519
19262,2824264
19263,2705581
19264,1739551
19265,1927777
19266,2194057
19267,1823240
19268,2733233
19269,2321083
19270,3108193
19271,2243890
19272,1965263
19273,1763296
19274,2810952
19275,7804731
19276,3521469
19277,3329070
19278,4238008
19279,3463950
19280,3463868
19281,3658194
19282,3888648
19283,3467331
19284,3357572
19285,3464416
19286,2611195
19287,3470456
19288,2671905
19289,1805284
19290,9289965
19291,3453184
19292,3588537
19293,3926792
19294,3721730
19295,3393253
19296,2988236
19297,1921553
19298,1782328
19299,1702111
19300,1692724
19301,3872298
19302,1911943
19303,1851843
19304,1549300
19305,4875680
19306,2380688
19307,1818024
19308,2736877
19309,2430872
19310,1895430
19311,3326836
19312,2525847
19313,2202691
19314,1859468
19315,3723597
19316,3693899
19317,5926646
19318,1925923
19319,3823956
19320,3659555
19321,1805767
19322,2032903
19323,1861101
19324,2481440
19325,1835792
19326,1816629
19327,3558865
19328,2773451
19329,2359703
19330,2667693
19331,2802471
19332,2608336
19333,1765983
19334,2017779
19335,3537989
19336,2669877
19337,2583325
19338,2644997
19339,1917653
19340,1760201
19341,2048944
19342,4684554
19343,3501888
19344,5113067
19345,1898945
19346,1843052
19347,3585486
19348,1791173
19349,1735309
19350,2463752
19351,1808379
19352,1780822
19353,1850571
19354,2603311
19355,1774182
19356,2648340
19357,1666595
19358,1949344
19359,2587797
19360,1742643
19361,1863969
19362,3792627
19363,3428124
19364,2685242
19365,1965766
19366,1754416
19367,1970590
19368,1813271
19369,1953324
19370,1827841
19371,3796908
19372,3754656
19373,3653908
19374,3480973
19375,3230609
19376,2595696
19377,1833361
19378,1702409
19379,1685337
19380,2856977
19381,3689707
19382,3114692
19383,1775633
19384,2075401
19385,2872309
19386,1665077
19387,1745704
19388,2786476
19389,1787256
19390,1669741
19391,3648199
19392,2714586
19393,1807644
19394,3692237
19395,4077877
19396,3409609
19397,3370103
19398,2440200
19399,2028557
19400,3642938
19401,5705821
19402,2481883
19403,5153423
19404,2123260
19405,1670464
19406,3345519
19407,1704884
19408,2259419
19409,1761587
19410,1678158
19411,3710433
19412,4729212
19413,3565260
19414,3457754
19415,4477517
19416,1920333
19417,1610812
19418,1812832
19419,3445613
19420,2751109
19421,4903875
19422,4040979
19423,4606022
19424,2697210
19425,1945484
19426,1749348
19427,1987575
19428,1788831
19429,1704608
19430,2570436
19431,1806649
19432,1825940
19433,1738172
19434,2026659
19435,1773377
19436,3053986
19437,1815629
19438,2746067
19439,1680239
19440,1738390
19441,1774834
19442,1644904
19443,2662432
19444,2164432
19445,1996037
19446,1973712
19447,1791954
19448,1750337
19449,1876401
19450,4167710
19451,2433542
19452,3666089
19453,3594086
19454,2624050
19455,4401723
19456,5284918
19457,3386043
19458,2641047
19459,1597694
19460,2174970
19461,2356491
19462,5224827
19463,3090299
19464,3893725
19465,3628906
19466,3726185
19467,4540658
19468,3990854
19469,3094605
19470,3653504
19471,3612392
19472,2741938
19473,2530470
19474,1618308
19475,1639605
19476,1601637
19477,1648445
19478,1628860
19479,1673768
19480,1609006
19481,1618938
19482,2600131
19483,2306398
19484,2666123
19485,7264910
19486,3535247
19487,1663223
19488,1755148
19489,1617833
19490,1755462
19491,1764641
19492,3297078
19493,8646624
19494,1643001
19495,1713181
19496,1794055
19497,1866913
19498,1690185
19499,6718583
19500,3047936
19501,2692974
19502,1747719
19503,1876382
19504,2848161
19505,4137901
19506,4546560
19507,2141362
19508,8726666
19509,1839210
19510,1809221
19511,3728166
19512,3487919
19513,1938083
19514,1802697
19515,1956013
19516,1756966
19517,1765802
19518,1808903
19519,1769104
19520,1715689
19521,1852556
19522,2426704
19523,1821488
19524,1863049
19525,1761532
19526,2585058
19527,3797383
19528,1714130
19529,1750229
19530,2061453
19531,2450349
19532,3539643
19533,3515667
19534,2726305
19535,5120152
19536,3789132
19537,4145831
19538,1947535
19539,1812028
19540,6494823
19541,1982551
19542,1863411
19543,2016853
19544,1802022
19545,2127029
19546,2686304
19547,1666387
19548,2081444
19549,3721935
19550,2985507
19551,1875588
19552,2668236
19553,1875342
19554,2662751
19555,3639117
19556,3511030
19557,3423681
19558,1960121
19559,2088763
19560,2607312
19561,2499106
19562,3771049
19563,3475703
19564,2577448
19565,1783529
19566,2091142
19567,1629609
19568,1642576
19569,2432217
19570,1632617
19571,1677511
19572,1774037
19573,1693220
19574,1797456
19575,2010213
19576,2742636
19577,3561962
19578,3573766
19579,3447497
19580,3387296
19581,4045088
19582,1687466
19583,1667852
19584,2663139
19585,10902066
19586,3588167
19587,3837403
19588,1894748
19589,1824651
19590,18884847
19591,3475492
19592,3327221
19593,3336700
19594,3415512
19595,3635715
19596,6793599
19597,1695305
19598,2109007
19599,1975876
19600,1858007
19601,1738700
19602,2766386
19603,3550131
19604,2002485
19605,2123823
19606,1702250
19607,1816316
19608,1824080
19609,3515688
19610,3096033
19611,4611318
19612,2933079
19613,1673820
19614,5138671
19615,2488901
19616,2682665
19617,1714071
19618,2610724
19619,4005106
19620,1830469
19621,1936275
19622,1859014
19623,1856331
19624,1646988
19625,1649129
19626,1619707
19627,1635628
19628,1707066
19629,3635595
19630,3725375
19631,4394484
19632,2431303
19633,1736392
19634,1823703
19635,1905971
19636,1782957
19637,1938165
19638,1840539
19639,1777345
19640,1882536
19641,1832354
19642,1692657
19643,1738997
19644,1990136
19645,1768997
19646,1842410
19647,2493856
19648,1866222
19649,1518623
19650,1695723
19651,11114658
19652,2548295
19653,4620915
19654,2392259
19655,1822830
19656,1766200
19657,1790864
19658,1653514
19659,1737780
19660,2032845
19661,4049945
19662,5386111
19663,2133624
19664,2797146
19665,2038314
19666,3043048
19667,2204685
19668,3677729
19669,1723371
19670,1907505
19671,1764210
19672,2470921
19673,2415673
19674,3169840
19675,5194198
19676,8933565
19677,3282034
19678,3479574
19679,1756795
19680,1830853
19681,2456642
19682,4846139
19683,3598952
19684,1702691
19685,1857222
19686,2135873
19687,1855085
19688,3657618
19689,3405642
19690,3629204
19691,3550588
19692,4889618
19693,3544497
19694,2711334
19695,6401249
19696,3829803
19697,3441291
19698,3450045
19699,3355947
19700,2634161
19701,3931699
19702,2758717
19703,1836542
19704,1795196
19705,1820552
19706,2832787
19707,2575162
19708,1758967
19709,1718641
19710,2003548
19711,1739686
19712,1788075
19713,1693439
19714,1581073
19715,1835553
19716,6270027
19717,2077089
19718,1797874
19719,1765276
19720,1838120
19721,1734271
19722,1671144
19723,1790823
19724,2694730
19725,2369950
19726,1619093
19727,2395881
19728,1885811
19729,1520231
19730,1620366
19731,1744371
19732,1881470
19733,8528977
19734,1741569
19735,2466907
19736,3456559
19737,5913784
19738,4280066
19739,2458491
19740,3752239
19741,4173698
19742,3773968
19743,2169285
19744,2377196
19745,1816111
19746,3604660
19747,1700952
19748,1773413
19749,1728647
19750,1889886
19751,1777503
19752,2398158
19753,1911848
19754,1580183
19755,1780803
19756,1817717
19757,1631800
19758,3245258
19759,4027484
19760,2167953
19761,1924493
19762,3509932
19763,1662597
19764,1847573
19765,1880506
19766,1644047
19767,3238450
19768,1805762
19769,1759732
19770,1794442
19771,2008175
19772,1895023
19773,1808801
19774,1718726
19775,1818327
19776,1857002
19777,3648534
19778,1677176
19779,2562976
19780,1709054
19781,2299721
19782,1754044
19783,1841749
19784,2390298
19785,1798867
19786,1797518
19787,1734667
19788,1923309
19789,4636158
19790,1541164
19791,3571039
19792,4091766
19793,3727787
19794,3489802
19795,3375494
19796,3541295
19797,1879149
19798,1751381
19799,1694785
19800,2254582
19801,2018302
19802,3165217
19803,1922263
19804,2000538
19805,2934923
19806,1981440
19807,1962642
19808,2112616
19809,1823998
19810,2037426
19811,1772950
19812,2828532
19813,4028365
19814,3613342
19815,3571418
19816,2674831
19817,2266492
19818,8578705
19819,3615024
19820,3494202
19821,4651377
19822,2802732
19823,3686932
19824,3695122
19825,3344004
19826,3634013
19827,3535878
19828,3541684
19829,3389561
19830,3398515
19831,3599159
19832,3727541
19833,3630850
19834,3775503
19835,1867858
19836,1704723
19837,1760622
19838,1702369
19839,1780476
19840,3061797
19841,3574947
19842,14234476
19843,1923834
19844,1877518
19845,1867943
19846,1677296
19847,1649645
19848,1747337
19849,1704896
19850,1995219
19851,2695997
19852,1764419
19853,3649430
19854,2908026
19855,3717918
19856,3560880
19857,4761554
19858,3641022
19859,3337200
19860,2743646
19861,2701270
19862,1750067
19863,12041073
19864,1850289
19865,2141470
19866,1908368
19867,3510124
19868,1907171
19869,2464954
19870,3607337
19871,3511624
19872,2894948
19873,2426479
19874,1743097
19875,1838799
19876,1777002
19877,9116827
19878,1787829
19879,1845451
19880,2531927
19881,2888240
19882,1775950
19883,3599427
19884,16035239
19885,1671930
19886,2220188
19887,1889276
19888,1870940
19889,1625061
19890,1642599
19891,3505777
19892,5669352
19893,1849212
19894,1969771
19895,1926196
19896,2523125
19897,1786846
19898,3681902
19899,3759600
19900,3470998
19901,3810080
19902,7060308
19903,4804187
19904,3521888
19905,13832096
19906,1824154
19907,8871866
19908,1934749
19909,1841796
19910,3728371
19911,4055907
19912,3636240
19913,3395259
19914,3876542
19915,4489197
19916,2142550
19917,2216817
19918,2732030
19919,1830090
19920,1895962
19921,3737738
19922,2789338
19923,3477117
19924,2668376
19925,1758433
19926,12350237
19927,2124154
19928,2463815
19929,3883504
19930,5670998
19931,2015636
19932,2010627
19933,1871554
19934,1745805
19935,1984768
19936,1685795
19937,3535692
19938,1921845
19939,1689755
19940,1760864
19941,2038968
19942,2302489
19943,4232711
19944,2734876
19945,3474652
19946,3533599
19947,15283013
19948,2866221
19949,1749364
19950,2686724
19951,1844592
19952,2145583
19953,4022697
19954,5165116
19955,7007377
19956,2704183
19957,1750424
19958,1809768
19959,1642567
19960,1676655
19961,1682758
19962,1649193
19963,1757088
19964,1785862
19965,2095517
19966,1752712
19967,1820397
19968,13901714
19969,1730325
19970,1758532
19971,4756821
19972,3542022
19973,3540019
19974,3417205
19975,3359006
19976,1760297
19977,1833191
19978,2737840
19979,1752578
19980,3633491
19981,1957245
19982,1906310
19983,1879777
19984,3960673
19985,3717286
19986,3528268
19987,3716927
19988,3217678
19989,12756872
19990,3593858
19991,1686646
19992,3520414
19993,2308261
19994,1746876
19995,5408241
19996,3624429
19997,5021538
19998,2806931
19999,3976491
20000,15436573
20001,3703221
20002,3549513
20003,3743433
20004,2601185
20005,3567979
20006,3540386
20007,3640203
20008,3375549
20009,1750253
20010,2382814
20011,1877824
20012,1813357
20013,1674251
20014,1569694
20015,3305590
20016,1765313
20017,2155700
20018,1782503
20019,1735657
20020,1799647
20021,2141638
20022,1778786
20023,1878127
20024,1690194
20025,1793930
20026,1832583
20027,1809431
20028,1746436
20029,2733887
20030,1779230
20031,2549262
20032,1857578
20033,2734756
20034,2566791
20035,2752848
20036,5962646
20037,6643068
20038,3009955
20039,2242238
20040,1841127
20041,3666289
20042,1800455
20043,1892911
20044,1884306
20045,1959815
20046,2306378
20047,1708316
20048,1840974
20049,1853163
20050,1892843
20051,1799741
20052,2753302
20053,1942889
20054,2104684
20055,4404322
20056,3772949
20057,1895403
20058,2012053
20059,4344926
20060,6968200
20061,1931674
20062,2515420
20063,1934804
20064,1919305
20065,3701123
20066,3194720
20067,1945421
20068,1922807
20069,1787319
20070,1736528
20071,1828421
20072,1801071
20073,2300523
20074,2131509
20075,5345710
20076,1857205
20077,1775761
20078,1836850
20079,2092959
20080,2053378
20081,1730842
20082,1730549
20083,2419638
20084,7474682
20085,3774901
20086,3535928
20087,3465552
20088,3495638
20089,12650319
20090,2582635
20091,1768003
20092,3918359
20093,1664559
20094,2376200
20095,1857603
20096,2090307
20097,2609581
20098,4587451
20099,1910460
20100,1936877
20101,2790895
20102,1756363
20103,1887295
20104,2877694
20105,2466838
20106,1903701
20107,1750452
20108,4905764
20109,3652845
20110,4685572
20111,1725611
20112,2782846
20113,3736734
20114,2716530
20115,2907483
20116,2473900
20117,1888746
20118,2401195
20119,1800381
20120,1790188
20121,2031542
20122,1834183
20123,1927421
20124,2399594
20125,1816768
20126,1821929
20127,1795063
20128,1730694
20129,1648167
20130,1875161
20131,3583789
20132,2651237
20133,6101174
20134,1691240
20135,2604275
20136,6050452
20137,2427980
20138,3736198
20139,3874731
20140,3579873
20141,3935983
20142,2979254
20143,3854703
20144,1780517
20145,3627293
20146,2055875
20147,1913594
20148,3798245
20149,3634481
20150,4301846
20151,3508956
20152,2700640
20153,1980342
20154,1770202
20155,1905483
20156,5521842
20157,4786515
20158,3741045
20159,3474463
20160,3715911
20161,3790612
20162,2706029
20163,3729368
20164,9034287
20165,3415021
20166,2951076
20167,2002261
20168,1832560
20169,1807771
20170,1836574
20171,2622741
20172,3280892
20173,3619153
20174,5803918
20175,6598208
20176,2804686
20177,3550304
20178,5794403
20179,3526537
20180,3552111
20181,4598893
20182,2746447
20183,1747423
20184,2196621
20185,2447313
20186,1688942
20187,3574169
20188,1807719
20189,1863779
20190,1938846
20191,1842219
20192,1862971
20193,4215802
20194,4718346
20195,2771869
20196,11151751
20197,3147502
20198,2419762
20199,2110531
20200,1758637
20201,1886241
20202,4822692
20203,3618248
20204,3853608
20205,4468962
20206,2075194
20207,1924605
20208,1874785
20209,3738262
20210,6643941
20211,3762863
20212,3549282
20213,3778495
20214,7130472
20215,3635438
20216,3614093
20217,4021483
20218,2119686
20219,6800157
20220,4375755
20221,4534129
20222,4871653
20223,3787730
20224,6262557
20225,3708156
20226,3980288
20227,3740787
20228,4138395
20229,4714884
20230,3557661
20231,2225742
20232,3778766
20233,3977051
20234,3589499
20235,4071309
20236,3220378
20237,1998109
20238,4947953
20239,2214840
20240,1855974
20241,4188388
20242,2055955
20243,3740083
20244,2777994
20245,3671324
20246,2842510
20247,3590848
20248,2687654
20249,3633488
20250,2770135
20251,3726849
20252,3826194
20253,3636684
20254,2792077
20255,3661550
20256,3860135
20257,6478164
20258,6325060
20259,3682603
20260,3540633
20261,4043367
20262,2669007
20263,1765618
20264,5351634
20265,2364628
20266,1890192
20267,2390137
20268,4725059
20269,1821111
20270,1974024
20271,2150936
20272,1946739
20273,2055368
20274,2010451
20275,3796781
20276,6551141
20277,12057102
20278,3590899
20279,2999067
20280,1820440
20281,5021521
20282,4939725
20283,4123570
20284,3561242
20285,3954673
20286,5128014
20287,1754721
20288,2368502
20289,3120950
20290,3594854
20291,3525459
20292,2007471
20293,2057174
20294,3746994
20295,3837088
20296,2841973
20297,2901414
20298,3416329
20299,3270064
20300,1851211
20301,1980473
20302,1722242
20303,1693082
20304,1981295
20305,1830067
20306,2465876
20307,2710216
20308,2775232
20309,2675085
20310,3493424
20311,1762236
20312,8934917
20313,5971947
20314,3596282
20315,6547260
20316,3499186
20317,3328580
20318,3349041
20319,4367261
20320,1710055
20321,1629301
20322,1788325
20323,6453979
20324,1700472
20325,2647432
20326,2447913
20327,1573441
20328,4859693
20329,3570052
20330,3762614
20331,3634926
20332,2807728
20333,1689032
20334,1792512
20335,1697484
20336,1792369
20337,1867808
20338,6431025
20339,2526080
20340,2410063
20341,1920770
20342,4231813
20343,8931072
20344,1722268
20345,1858601
20346,2007594
20347,1695486
20348,1691623
20349,1671785
20350,1762273
20351,1744771
20352,2836077
20353,4392456
20354,1778922
20355,3621920
20356,3196052
20357,1699315
20358,1864149
20359,1812441
20360,1833496
20361,1771582
20362,1627361
20363,1734168
20364,1775626
20365,1599466
20366,1759140
20367,2337323
20368,2235338
20369,1649859
20370,1753972
20371,1727353
20372,1606277
20373,1858802
20374,1647900
20375,1752953
20376,1742187
20377,1692402
20378,2078069
20379,3706651
20380,2685859
20381,1858788
20382,3317436
20383,3541898
20384,2813793
20385,3763318
20386,5505730
20387,1749764
20388,4741644
20389,1692678
20390,1775190
20391,1716319
20392,2058689
20393,1766161
20394,1798218
20395,2329170
20396,1894034
20397,1776775
20398,2096853
20399,4920649
20400,5148867
20401,4736042
20402,3736481
20403,3928800
20404,3799655
20405,3667986
20406,3498248
20407,3689469
20408,3776964
20409,5176229
20410,1774863
20411,3739822
20412,15256734
20413,4486855
20414,1767946
20415,3714077
20416,2763109
20417,1761326
20418,2069169
20419,2439730
20420,1759992
20421,2252306
20422,1731116
20423,1782774
20424,1670054
20425,1715412
20426,1722213
20427,1551139
20428,1653428
20429,1638100
20430,1934295
20431,3579066
20432,2680293
20433,3385272
20434,1715336
20435,3642719
20436,3215745
20437,7995823
20438,1667479
20439,3653350
20440,1844618
20441,1880745
20442,1892917
20443,1780631
20444,2965345
20445,1693106
20446,1655598
20447,1719679
20448,3028264
20449,1735026
20450,1762439
20451,4250182
20452,3655366
20453,3468257
20454,3319461
20455,1724911
20456,1752689
20457,3646695
20458,1897605
20459,1732299
20460,1907565
20461,1844387
20462,1703050
20463,1750459
20464,1747688
20465,2174852
20466,1903197
20467,1798962
20468,2559017
20469,1964147
20470,4308160
20471,1774807
20472,1994957
20473,2891811
20474,1872397
20475,1744277
20476,2907217
20477,1519935
20478,3628189
20479,3306647
20480,3759707
20481,3668724
20482,2702402
20483,1769227
20484,1932076
20485,3453913
20486,3613499
20487,5160524
20488,1728507
20489,2413143
20490,1879831
20491,1820123
20492,1637177
20493,1828769
20494,1825811
20495,1604255
20496,1732725
20497,1892833
20498,1785736
20499,1731163
20500,3562571
20501,3954899
20502,3371057
20503,1912689
20504,1786482
20505,1953096
20506,1843867
20507,2088160
20508,1936871
20509,2390499
20510,1841336
20511,1732942
20512,1608206
20513,3610195
20514,5922084
20515,4166982
20516,2706603
20517,1939338
20518,1823890
20519,2140522
20520,3749911
20521,3630888
20522,1769395
20523,1751375
20524,3246956
20525,3386593
20526,3468684
20527,3367788
20528,1744037
20529,1734515
20530,1632842
20531,1582439
20532,1673653
20533,3214892
20534,1766718
20535,2263127
20536,1670929
20537,3609157
20538,3594310
20539,4477871
20540,6193236
20541,2791567
20542,1858482
20543,1813329
20544,2178733
20545,2264881
20546,1875871
20547,4468832
20548,3072933
20549,1759036
20550,1867491
20551,1808320
20552,1911969
20553,1717955
20554,1669147
20555,2209967
20556,2855706
20557,1975618
20558,3142853
20559,2545483
20560,1958250
20561,1836153
20562,1842066
20563,1925681
20564,2503867
20565,2126845
20566,8257257
20567,2376294
20568,2054877
20569,2017000
20570,1729335
20571,12342420
20572,6257433
20573,2044841
20574,3759590
20575,3404158
20576,3293470
20577,2218023
20578,1634437
20579,1661072
20580,3904120
20581,3781337
20582,3493638
20583,3409551
20584,3328312
20585,4802489
20586,3349484
20587,3204721
20588,1724262
20589,3641876
20590,1877608
20591,10943728
20592,1915945
20593,1758128
20594,1929056
20595,3492723
20596,3747285
20597,3406557
20598,2763474
20599,1711987
20600,3262639
20601,3741360
20602,2664406
20603,1872498
20604,1617272
20605,1647220
20606,1635819
20607,3451683
20608,2072129
20609,3389733
20610,3073514
20611,1984973
20612,2148032
20613,2161229
20614,1807493
20615,1744395
20616,1711421
20617,1742504
20618,1752630
20619,2127820
20620,3480047
20621,2009124
20622,3499401
20623,1844552
20624,1766414
20625,1788046
20626,3589943
20627,3546399
20628,2787690
20629,1840094
20630,6311678
20631,4784553
20632,1893017
20633,2399419
20634,1849682
20635,1828172
20636,3180942
20637,1806155
20638,1731160
20639,1729911
20640,2075146
20641,1726968
20642,1834346
20643,1822930
20644,1666762
20645,1831411
20646,1755131
20647,1565621
20648,1753280
20649,1685317
20650,1677101
20651,1648277
20652,3150481
20653,3660980
20654,3659691
20655,3613684
20656,3417448
20657,3382414
20658,2980860
20659,2117710
20660,3810784
20661,2429782
20662,3383055
20663,3722124
20664,3310616
20665,3340005
20666,3424817
20667,3249496
20668,1777952
20669,2210462
20670,2882396
20671,1793231
20672,4510642
20673,1898104
20674,1691752
20675,3827726
20676,1759278
20677,2140843
20678,1815320
20679,3440631
20680,3575567
20681,8811192
20682,2036775
20683,1805683
20684,3698968
20685,4166288
20686,4791703
20687,3277320
20688,2762991
20689,1769883
20690,1695464
20691,1567212
20692,1851519
20693,3444638
20694,6624674
20695,1661893
20696,2458582
20697,1715339
20698,1655819
20699,1636430
20700,2546148
20701,3766418
20702,3441928
20703,4037388
20704,3501840
20705,1955738
20706,3393115
20707,2818716
20708,3847971
20709,4380495
20710,2726311
20711,2671073
20712,8770449
20713,1764186
20714,2525970
20715,2577110
20716,1776214
20717,1820511
20718,1910188
20719,1921593
20720,1800009
20721,2478889
20722,1792555
20723,2488695
20724,2234535
20725,1882373
20726,1797131
20727,1885057
20728,1790452
20729,2072578
20730,1872929
20731,1823086
20732,1734512
20733,1872987
20734,1734142
20735,1862079
20736,1782865
20737,3356242
20738,2549412
20739,1751695
20740,1723307
20741,2859071
20742,1968847
20743,1719206
20744,1747707
20745,4368530
20746,2845490
20747,3621648
20748,4202761
20749,3264729
20750,3336915
20751,3377262
20752,3426894
20753,3549838
20754,2877177
20755,1930599
20756,1793413
20757,1819047
20758,3767470
20759,7672087
20760,4872850
20761,3708749
20762,2792296
20763,1929748
20764,3886593
20765,1912657
20766,2043981
20767,1755131
20768,1846397
20769,2892957
20770,1736314
20771,1765664
20772,1700797
20773,1731197
20774,1759910
20775,1762674
20776,2778302
20777,1797596
20778,2995105
20779,3793252
20780,2057826
20781,4407482
20782,2885167
20783,3695307
20784,3530877
20785,1894680
20786,2094399
20787,2319597
20788,1939584
20789,1920961
20790,3695321
20791,6836877
20792,1749589
20793,1898086
20794,1947745
20795,1843563
20796,1874262
20797,1633056
20798,2504619
20799,4035169
20800,2046109
20801,1771598
20802,1849621
20803,3992082
20804,1771872
20805,1899065
20806,1763029
20807,3708201
20808,2232409
20809,1704553
20810,1788304
20811,1968809
20812,1762412
20813,1667115
20814,1731576
20815,1875390
20816,1679797
20817,1796101
20818,1794202
20819,2987405
20820,1906556
20821,1944829
20822,1736404
20823,1743060
20824,1714362
20825,1986707
20826,3314883
20827,1803911
20828,1768887
20829,2143388
20830,3622485
20831,3773646
20832,2899510
20833,1695446
20834,1692282
20835,1956575
20836,4958154
20837,3432195
20838,2508616
20839,1680244
20840,2293102
20841,1865131
20842,3964017
20843,3345269
20844,2629205
20845,1818567
20846,2729567
20847,2406004
20848,3511463
20849,10320367
20850,2376754
20851,1798013
20852,1852114
20853,3643184
20854,2792326
20855,3503751
20856,2726802
20857,1809174
20858,2094420
20859,1796874
20860,1823591
20861,2194370
20862,1872218
20863,2476194
20864,1853267
20865,1878776
20866,3681854
20867,5186998
20868,2762022
20869,1777171
20870,3003025
20871,5547536
20872,1925219
20873,1844248
20874,2162938
20875,2050134
20876,3714312
20877,4190672
20878,4598218
20879,1721086
20880,1912005
20881,3899424
20882,1878425
20883,5414545
20884,3681072
20885,4357844
20886,3619582
20887,3531558
20888,14345377
20889,1703531
20890,3679261
20891,4667022
20892,2706365
20893,2851795
20894,3710952
20895,2249088
20896,1731328
20897,3543517
20898,3546313
20899,3876617
20900,2818304
20901,4089422
20902,1887124
20903,3618166
20904,2545917
20905,3762370
20906,1770948
20907,2780578
20908,4064291
20909,3848104
20910,2628641
20911,3747353
20912,2758385
20913,2283240
20914,2240982
20915,1915435
20916,2289969
20917,1794260
20918,2385393
20919,1873871
20920,2977920
20921,3647002
20922,2711747
20923,2162829
20924,2729549
20925,2514164
20926,3021206
20927,3540320
20928,2547818
20929,2089690
20930,2423125
20931,2430661
20932,5764055
20933,4054269
20934,5639697
20935,1615993
20936,2559870
20937,1824605
20938,2245513
20939,3423776
20940,1940157
20941,2468914
20942,3446780
20943,4063922
20944,3166481
20945,2801664
20946,3454698
20947,2341674
20948,2850179
20949,2706723
20950,3473349
20951,3919084
20952,3788084
20953,4914639
20954,3732788
20955,5637925
20956,3656662
20957,2390772
20958,1796078
20959,3036753
20960,2301894
20961,4390086
20962,5760388
20963,4587723
20964,2325762
20965,2087511
20966,2458637
20967,2331356
20968,2294477
20969,1602197
20970,2959001
20971,2354489
20972,7493133
20973,4667499
20974,1934837
20975,3010947
20976,3584945
20977,3756061
20978,3490028
20979,3597313
20980,3242172
20981,3972163
20982,4328650
20983,2726565
20984,3329438
20985,2200234
20986,3466880
20987,15107317
20988,6822703
20989,3956244
20990,4216928
20991,6786302
20992,3209714
20993,2252978
20994,2784304
20995,3431591
20996,5173177
20997,2600224
20998,2199987
20999,2056924
21000,3322669
21001,5329504
21002,3028595
21003,2987490
21004,4923296
21005,2330578
21006,4122158
21007,3291282
21008,2973826
21009,4886867
21010,2196988
21011,1766992
21012,6711255
21013,2086616
21014,2010366
21015,2909458
21016,1948691
21017,12198572
21018,14451409
21019,4475336
21020,2286041
21021,6381590
21022,4469184
21023,2467170
21024,2144557
21025,1908101
21026,2184853
21027,4302974
21028,2280096
21029,2271246
21030,2760685
21031,3100964
21032,1714847
21033,2901789
21034,1825232
21035,2900879
21036,7706962
21037,2072112
21038,1767333
21039,3245770
21040,2669931
21041,2123554
21042,2281479
21043,6502648
21044,3130842
21045,4099963
21046,2316512
21047,1916377
21048,1852614
21049,2502844
21050,7361523
21051,6904541
21052,3192185
21053,2636781
21054,1768507
21055,2962367
21056,3200500
21057,2431669
21058,2834669
21059,1914661
21060,3014497
21061,2799082
21062,2920726
21063,2109476
21064,2020043
21065,14780026
21066,3512612
21067,1916328
21068,1773769
21069,6498528
21070,3363256
21071,2149471
21072,2479245
21073,2063007
21074,1954196
21075,3002384
21076,2769076
21077,1893531
21078,2169112
21079,2308483
21080,2585823
21081,10923601
21082,1967861
21083,2412530
21084,4276916
21085,1939638
21086,3566138
21087,2131220
21088,2732654
21089,5068682
21090,4650515
21091,5042312
21092,3004930
21093,2132770
21094,1752793
21095,2506326
21096,1797749
21097,2429850
21098,2781355
21099,1953827
21100,1948465
21101,2238761
21102,4530570
21103,5596974
21104,6818670
21105,1915115
21106,2422163
21107,3609190
21108,1963094
21109,2099626
21110,2117388
21111,1913397
21112,1851158
21113,2129231
21114,2356975
21115,5567780
21116,4246971
21117,4464787
21118,2972488
21119,2284878
21120,2000439
21121,2059577
21122,3620930
21123,7653676
21124,3706181
21125,2524523
21126,2213907
21127,4309238
21128,1966149
21129,1924256
21130,1997850
21131,1851543
21132,1954215
21133,1915846
21134,3532127
21135,3262342
21136,4960668
21137,4810125
21138,2127835
21139,5035682
21140,3490310
21141,3537952
21142,2189532
21143,1830837
21144,2531806
21145,2134844
21146,2561473
21147,2591572
21148,3103025
21149,3664676
21150,4926128
21151,13137341
21152,2724455
21153,6846351
21154,2605123
21155,5054668
21156,3885691
21157,1940296
21158,2126847
21159,2009612
21160,1595052
21161,2167601
21162,2271076
21163,8090599
21164,1904894
21165,5263407
21166,4642599
21167,4558478
21168,2023889
21169,2048609
21170,2110053
21171,7248638
21172,2656771
21173,3832839
21174,1737617
21175,2288030
21176,3209617
21177,2428530
21178,2572646
21179,6221819
21180,2581530
21181,1792587
21182,3529023
21183,2328365
21184,3440459
21185,2432381
21186,3418395
21187,2827724
21188,1928318
21189,2906720
21190,3960433
21191,3917617
21192,2497545
21193,2394677
21194,2978803
21195,4346560
21196,2028871
21197,3794032
21198,3412635
21199,2109636
21200,2436335
21201,2168283
21202,2064607
21203,2441349
21204,4665654
21205,2235720
21206,2224188
21207,2334545
21208,1941001
21209,2245836
21210,5302548
21211,4425419
21212,3322178
21213,4811483
21214,2908536
21215,2907025
21216,1977421
21217,4060757
21218,2465242
21219,3084426
21220,2486985
21221,2237762
21222,9301533
21223,2334139
21224,2583710
21225,2081529
21226,2276005
21227,5751627
21228,20387456
21229,6565502
21230,2101902
21231,5113330
21232,1997596
21233,2358037
21234,2630466
21235,3162230
21236,2990024
21237,1765072
21238,1837879
21239,1681795
21240,1592450
21241,4675651
21242,2757628
21243,1958760
21244,2135863
21245,1812609
21246,2833110
21247,5442013
21248,3290734
21249,3809725
21250,2364856
21251,3661880
21252,2037302
21253,1890311
21254,1720008
21255,2118864
21256,2406941
21257,4231687
21258,2490169
21259,2133075
21260,3585839
21261,3022732
21262,2442647
21263,5174249
21264,2198357
21265,1739916
21266,2002518
21267,2148421
21268,1924276
21269,1833935
21270,3932905
21271,4574482
21272,3698174
21273,2106404
21274,2578473
21275,2110606
21276,1894890
21277,1847906
21278,2833202
21279,2081004
21280,1833486
21281,2504672
21282,2329171
21283,2026202
21284,1856481
21285,2557744
21286,2598520
21287,1756227
21288,1996648
21289,2046131
21290,1929164
21291,5030191
21292,2229958
21293,1842724
21294,1858339
21295,1923716
21296,2018968
21297,2650544
21298,4260914
21299,2645828
21300,1899365
21301,2324517
21302,1940097
21303,3238312
21304,2020753
21305,1862649
21306,1866632
21307,1757050
21308,1785734
21309,1790126
21310,1815583
21311,1848694
21312,2405904
21313,2618754
21314,5767018
21315,3344162
21316,2007910
21317,6539336
21318,2140788
21319,1943149
21320,7706685
21321,2156535
21322,1930043
21323,2079452
21324,3044676
21325,3387336
21326,2542518
21327,3813028
21328,2460361
21329,3874132
21330,1932302
21331,2168417
21332,2611202
21333,3315911
21334,2031527
21335,2124446
21336,4159023
21337,2367356
21338,3741018
21339,2028144
21340,6997658
21341,5062352
21342,1845925
21343,1888225
21344,4014318
21345,2382834
21346,2334709
21347,3637526
21348,1995994
21349,1952040
21350,2901089
21351,4514117
21352,3673920
21353,3391241
21354,4643501
21355,1864318
21356,3317395
21357,2236490
21358,2774223
21359,4249356
21360,2277779
21361,3207093
21362,2996993
21363,2975695
21364,2639655
21365,4272751
21366,2255854
21367,2639906
21368,3071089
21369,2190241
21370,2172994
21371,2132845
21372,2061460
21373,3137530
21374,3864477
21375,3354629
21376,2480712
21377,3295758
21378,2094910
21379,2352463
21380,2710025
21381,5703575
21382,2856362
21383,3726910
21384,2577629
21385,1802702
21386,1762655
21387,1924310
21388,3076083
21389,2698530
21390,2900284
21391,8152953
21392,2226011
21393,2012604
21394,1699166
21395,4012361
21396,3615469
21397,4302882
21398,5541131
21399,4411866
21400,1777128
21401,5639059
21402,2689788
21403,3097831
21404,2894231
21405,2629418
21406,2061248
21407,1990210
21408,3763822
21409,2820205
21410,2231810
21411,2081441
21412,2803260
21413,2253492
21414,1791552
21415,2320627
21416,12279615
21417,6919606
21418,1822518
21419,1974506
21420,1860063
21421,2769292
21422,2172583
21423,1885176
21424,1793465
21425,2183604
21426,2236372
21427,2803262
21428,6662257
21429,1845042
21430,1838516
21431,1785402
21432,2721501
21433,3091559
21434,1836813
21435,3871661
21436,1843035
21437,2855948
21438,18454658
21439,2097577
21440,3508580
21441,1939137
21442,1736335
21443,2484483
21444,2814939
21445,1781314
21446,3158954
21447,2065894
21448,3308948
21449,1994461
21450,3256366
21451,3287860
21452,3384476
21453,4629455
21454,2939193
21455,2031110
21456,2043287
21457,4554843
21458,3285521
21459,6259073
21460,3363910
21461,4887905
21462,3834560
21463,3715241
21464,2158134
21465,1842193
21466,1864863
21467,4789603
21468,4874644
21469,5148433
21470,2768888
21471,2591544
21472,2508726
21473,4415043
21474,17963468
21475,2243506
21476,1671063
21477,1885340
21478,1603559
21479,1539889
21480,6650418
21481,2050432
21482,2508146
21483,10491906
21484,2186906
21485,1771295
21486,1804440
21487,3706836
21488,5600396
21489,3636910
21490,4091847
21491,4574943
21492,3235399
21493,4935315
21494,2934240
21495,2282386
21496,2989749
21497,1792733
21498,2644808
21499,1569651
21500,1894629
21501,4289600
21502,2572986
21503,1966370
21504,1981378
21505,2197599
21506,2662155
21507,1695993
21508,2559315
21509,1964787
21510,2015800
21511,3020131
21512,1953605
21513,1982419
21514,1800035
21515,1991529
21516,2560408
21517,2335400
21518,3475259
21519,2251732
21520,1863634
21521,3731863
21522,5522287
21523,3222648
21524,1774573
21525,2690094
21526,3650194
21527,2782814
21528,5736392
21529,3659411
21530,3313271
21531,2894319
21532,1749560
21533,2423049
21534,3695172
21535,1722979
21536,2637041
21537,5620378
21538,2877300
21539,3716547
21540,2863174
21541,4898756
21542,2306749
21543,3566579
21544,2395049
21545,2141665
21546,5899367
21547,2860809
21548,6213840
21549,4872909
21550,2235394
21551,1954319
21552,7457377
21553,2281777
21554,3086751
21555,1933959
21556,5711312
21557,5723733
21558,3488003
21559,4512181
21560,5445028
21561,4408807
21562,2126874
21563,7437110
21564,2136231
21565,2638190
21566,2307453
21567,2193072
21568,2419046
21569,2099378
21570,1953892
21571,3913233
21572,2464699
21573,3557729
21574,2500085
21575,2550886
21576,2540577
21577,5046557
21578,3700084
21579,2064374
21580,12779771
21581,2577518
21582,5220499
21583,3577605
21584,5714585
21585,4385749
21586,6146847
21587,2334365
21588,2334053
21589,2145978
21590,7353844
21591,2721073
21592,3941113
21593,3227676
21594,3039590
21595,4309042
21596,2792515
21597,4429346
21598,1825758
21599,2985441
21600,3966233
21601,2307390
21602,2092380
21603,1893113
21604,2688436
21605,5537907
21606,2219322
21607,2564705
21608,1912830
21609,3988462
21610,1857021
21611,1960555
21612,3974788
21613,4536548
21614,4805469
21615,3693088
21616,3610110
21617,4516499
21618,6153096
21619,4108699
21620,2614425
21621,6361997
21622,2089393
21623,2422650
21624,3346846
21625,2107496
21626,4236315
21627,12874310
21628,3215564
21629,4309539
21630,2019723
21631,2488282
21632,1780432
21633,4771894
21634,2463808
21635,12394995
21636,2592995
21637,2586016
21638,2475168
21639,7690819
21640,5324839
21641,7236324
21642,3204964
21643,2210783
21644,3167970
21645,2315950
21646,1677024
21647,4729898
21648,27526826
21649,3925066
21650,3197326
21651,4088510
21652,2671501
21653,5334109
21654,12371082
21655,3770591
21656,2333526
21657,2723219
21658,3188317
21659,3400012
21660,2917975
21661,2370097
21662,2621732
21663,4413564
21664,3123162
21665,2515005
21666,8543825
21667,3705224
21668,5326716
21669,23444311
21670,1769852
21671,3797846
21672,2582473
21673,2734095
21674,2170074
21675,1702750
21676,5108041
21677,5549542
21678,4249640
21679,4078625
21680,2011039
21681,1796395
21682,3570575
21683,2667221
21684,2284407
21685,2434524
21686,2745337
21687,4214458
21688,3311390
21689,1703281
21690,26520831
21691,3797983
21692,5052580
21693,2220069
21694,2741659
21695,1845519
21696,3419985
21697,4923777
21698,2700676
21699,2986941
21700,2346336
21701,5214396
21702,3687006
21703,10969227
21704,2516494
21705,2272352
21706,2548202
21707,2202302
21708,2310521
21709,1841666
21710,2414172
21711,2648198
21712,13054499
21713,4290768
21714,3420902
21715,4433991
21716,1793008
21717,2051290
21718,1918011
21719,1787039
21720,2046742
21721,3744007
21722,6255972
21723,2490894
21724,4935747
21725,2334863
21726,1831527
21727,8446890
21728,3333774
21729,3802711
21730,2165826
21731,3633735
21732,4464831
21733,2099381
21734,4989539
21735,2123968
21736,1734175
21737,1791990
21738,1924046
21739,2461641
21740,1867209
21741,2199242
21742,1734840
21743,1846068
21744,4617357
21745,3910124
21746,2017474
21747,4829067
21748,1849265
21749,3817836
21750,2347515
21751,2138068
21752,3241051
21753,3163635
21754,5571041
21755,4406985
21756,3557082
21757,2276182
21758,4231844
21759,2783592
21760,2505575
21761,2172408
21762,2479119
21763,2251259
21764,2048772
21765,2193332
21766,2799864
21767,4342164
21768,4262440
21769,1989092
21770,2224244
21771,2244310
21772,4788201
21773,3580504
21774,7830619
21775,1590943
21776,2415657
21777,3850664
21778,3301593
21779,1731970
21780,1802852
21781,2121453
21782,5862517
21783,12883973
21784,3126551
21785,2079931
21786,1946455
21787,2370501
21788,10922086
21789,1873752
21790,2155594
21791,1982399
21792,2391214
21793,2148416
21794,2253336
21795,2493775
21796,2400071
21797,1906063
21798,1895909
21799,1836643
21800,2079438
21801,5651608
21802,4474243
21803,4701466
21804,2028186
21805,2322866
21806,3881991
21807,3888030
21808,2149335
21809,2732035
21810,2114458
21811,1785209
21812,2521134
21813,1730239
21814,1756915
21815,2843290
21816,7671972
21817,4166438
21818,2019510
21819,2810872
21820,2003874
21821,1998095
21822,2233688
21823,3840433
21824,1917866
21825,1760993
21826,2539582
21827,1715119
21828,2286195
21829,1843596
21830,1719814
21831,2178774
21832,1877238
21833,2568406
21834,3391334
21835,1748148
21836,1895339
21837,26385668
21838,8651617
21839,1996686
21840,2324782
21841,4459615
21842,3728765
21843,6708034
21844,2464724
21845,4324002
21846,3660381
21847,3358421
21848,4223192
21849,4992009
21850,2111598
21851,2069301
21852,2798356
21853,2171289
21854,6338369
21855,4259713
21856,11460811
21857,2113961
21858,13699453
21859,2992902
21860,1992598
21861,7067096
21862,1671418
21863,1788139
21864,1884892
21865,4612620
21866,3460581
21867,2614450
21868,8950334
21869,4255008
21870,2188565
21871,2214876
21872,2666819
21873,7769118
21874,2415986
21875,2015177
21876,2366743
21877,1861153
21878,3532774
21879,18746462
21880,2342070
21881,1748996
21882,2415463
21883,1833071
21884,2670580
21885,3913170
21886,3317722
21887,2414729
21888,2998349
21889,2236834
21890,2275160
21891,2607620
21892,2751689
21893,2860953
21894,3964189
21895,1719878
21896,2463704
21897,4691225
21898,2337913
21899,2427633
21900,21335627
21901,5176962
21902,7345539
21903,2349357
21904,2443422
21905,3556289
21906,5690980
21907,4995232
21908,3637114
21909,6920906
21910,10871740
21911,2896916
21912,2886492
21913,2338574
21914,2473047
21915,3403214
21916,3651554
21917,3617484
21918,2592382
21919,2270884
21920,1719493
21921,20400074
21922,2198905
21923,2369440
21924,1836099
21925,3346919
21926,4290422
21927,2002504
21928,2075465
21929,6033138
21930,3119353
21931,2829236
21932,5820935
21933,5023702
21934,1723802
21935,3171278
21936,1720051
21937,2697705
21938,2161728
21939,2428627
21940,2129858
21941,2078242
21942,18612300
21943,2509139
21944,2132925
21945,1958196
21946,2074749
21947,1902542
21948,4267606
21949,2404529
21950,2414593
21951,2202817
21952,2349631
21953,2260298
21954,2389621
21955,2036889
21956,2535477
21957,2309912
21958,2854472
21959,1715316
21960,2844258
21961,4571450
21962,1900033
21963,3386945
21964,2031540
21965,1914841
21966,1917145
21967,1903154
21968,1680772
21969,5046664
21970,2091524
21971,3253987
21972,2393860
21973,1795424
21974,2354090
21975,2460883
21976,4528223
21977,2000767
21978,5878291
21979,3890971
21980,4381581
21981,7007757
21982,3176072
21983,2421697
21984,2734481
21985,4629751
21986,3431491
21987,13564279
21988,2132858
21989,1953428
21990,3920881
21991,2835728
21992,4015431
21993,2033445
21994,4951942
21995,3476287
21996,6912563
21997,3849190
21998,4813122
21999,3645815
22000,3258096
22001,2022508
22002,9576285
22003,2210002
22004,5348264
22005,12559349
22006,2948677
22007,1949633
22008,2118579
22009,2128198
22010,3163391
22011,2740439
22012,2740488
22013,2434051
22014,3636311
22015,2225883
22016,2177343
22017,1893306
22018,8629970
22019,4227658
22020,2823318
22021,1808420
22022,5564854
22023,4478975
22024,4833769
22025,3079808
22026,3301341
22027,2296634
22028,1718984
22029,2516368
22030,2943448
22031,1834699
22032,2949625
22033,1941983
22034,2905570
22035,5035785
22036,2314270
22037,1914617
22038,2592225
22039,1663554
22040,2928481
22041,2248044
22042,2162205
22043,3526662
22044,2341452
22045,2149585
22046,1959025
22047,4656075
22048,3408750
22049,2237899
22050,3051140
22051,2515109
22052,5615749
22053,3624122
22054,6930047
22055,1808482
22056,2520683
22057,3907740
22058,2875954
22059,4266410
22060,1673461
22061,2373239
22062,6681331
22063,1669568
22064,3801134
22065,4051557
22066,5119098
22067,2072962
22068,12261673
22069,4896167
22070,11712430
22071,2084099
22072,3349694
22073,2016490
22074,4832236
22075,2650199
22076,2346559
22077,3370353
22078,2437867
22079,2239428
22080,2930904
22081,2251455
22082,3007498
22083,4620461
22084,2147825
22085,3615810
22086,6631471
22087,2416223
22088,5626953
22089,13295610
22090,6783278
22091,3758741
22092,3197228
22093,3789972
22094,3312363
22095,4273055
22096,1749738
22097,2088496
22098,3360689
22099,2115724
22100,2753762
22101,3090094
22102,2266561
22103,1942084
22104,2190303
22105,3765217
22106,1787948
22107,1723693
22108,3067505
22109,6411617
22110,21214045
22111,3643809
22112,2568408
22113,2718434
22114,2522382
22115,2313671
22116,5443604
22117,2448666
22118,6154561
22119,7931969
22120,2582460
22121,4767943
22122,2781204
22123,2114142
22124,2860082
22125,2243823
22126,2319173
22127,3127469
22128,5379106
22129,2275790
22130,5560620
22131,17709834
22132,4764316
22133,3551060
22134,2710365
22135,2051146
22136,2233306
22137,1806357
22138,1744776
22139,12088449
22140,2952409
22141,2657544
22142,3397711
22143,2376721
22144,1804467
22145,2541218
22146,3319217
22147,1633438
22148,3755600
22149,2729771
22150,3237456
22151,4033078
22152,2644804
22153,1910422
22154,1864662
22155,3648803
22156,2152108
22157,6591700
22158,4327669
22159,2410908
22160,4103954
22161,13698904
22162,6204674
22163,2910148
22164,3616503
22165,4905154
22166,2997327
22167,2276888
22168,2592137
22169,2666729
22170,1838000
22171,6314691
22172,5467400
22173,7794427
22174,2675794
22175,2916373
22176,3547003
22177,2314179
22178,2115346
22179,2284781
22180,4670252
22181,2557458
22182,2211570
22183,1961346
22184,2176306
22185,2945332
22186,3049650
22187,2161730
22188,2154765
22189,2370557
22190,4942420
22191,1899625
22192,6334623
22193,3080018
22194,6374957
22195,2292495
22196,5505385
22197,3535068
22198,5121440
22199,7851765
22200,3335170
22201,2209530
22202,1762931
22203,2153472
22204,2349629
22205,1963908
22206,4656427
22207,4661288
22208,3662789
22209,6234924
22210,1861853
22211,2350668
22212,2573590
22213,5435486
22214,2222392
22215,23312920
22216,6007722
22217,2106845
22218,2632504
22219,2044875
22220,4100046
22221,2547546
22222,3079670
22223,4829485
22224,2413295
22225,4236916
22226,1881756
22227,7512792
22228,2257768
22229,4265269
22230,2184618
22231,5647108
22232,2095311
22233,3958559
22234,5667957
22235,3382345
22236,26259527
22237,3519949
22238,4090958
22239,8679687
22240,3744087
22241,4329233
22242,7434068
22243,2261887
22244,4707319
22245,3211388
22246,2117449
22247,2099628
22248,2003872
22249,3345905
22250,2806629
22251,5628804
22252,3654293
22253,2400437
22254,10854762
22255,3522456
22256,3928655
22257,20824890
22258,3693774
22259,2638641
22260,2469357
22261,4217422
22262,3343194
22263,1829514
22264,1863080
22265,2031193
22266,2052210
22267,6269703
22268,7562689
22269,4700241
22270,1780079
22271,2691990
22272,2051264
22273,1996666
22274,2306843
22275,2260038
22276,2194255
22277,2700825
22278,18486522
22279,2573110
22280,2136204
22281,2073744
22282,2013378
22283,3898438
22284,1967706
22285,2902874
22286,4459192
22287,1886637
22288,4365929
22289,1845278
22290,2139363
22291,1941323
22292,3449644
22293,2397103
22294,3381321
22295,2996270
22296,4184899
22297,2106949
22298,6135185
22299,16498884
22300,5610128
22301,3027152
22302,2544587
22303,1922737
22304,2538969
22305,3548799
22306,2708262
22307,2028869
22308,2109598
22309,2474099
22310,5831859
22311,4839828
22312,4306618
22313,5307285
22314,3691945
22315,6828284
22316,3153189
22317,2003951
22318,2826844
22319,4155128
22320,21390582
22321,4476347
22322,7703593
22323,2040075
22324,2301461
22325,2041909
22326,3172683
22327,1843093
22328,2034699
22329,4284418
22330,2254818
22331,2178284
22332,7285250
22333,2213638
22334,2557341
22335,2026568
22336,2384143
22337,2551860
22338,1919736
22339,3816276
22340,2794728
22341,14221379
22342,2461744
22343,4192573
22344,2116109
22345,3395172
22346,6020824
22347,2192923
22348,3344210
22349,1717790
22350,4828546
22351,2615847
22352,2243301
22353,3920441
22354,4331449
22355,4654187
22356,5237301
22357,4900866
22358,3073561
22359,4167374
22360,5874634
22361,1943743
22362,23354700
22363,2887837
22364,6637535
22365,2010881
22366,6613764
22367,1914224
22368,3913335
22369,4107553
22370,1694143
22371,1915641
22372,3854022
22373,4641432
22374,2112922
22375,2144352
22376,2037774
22377,7291194
22378,4811927
22379,3758584
22380,1831816
22381,11207746
22382,1876295
22383,22597255
22384,5312333
22385,2531534
22386,3833052
22387,2631033
22388,2536741
22389,3871132
22390,2830239
22391,2275851
22392,2795691
22393,1800143
22394,2521590
22395,1880137
22396,4186056
22397,5545359
22398,3682503
22399,3177758
22400,3410932
22401,4688150
22402,2546748
22403,2198342
22404,30735909
22405,3823833
22406,3261304
22407,3155376
22408,5393540
22409,2663080
22410,3560420
22411,2070423
22412,3696030
22413,3793085
22414,3379401
22415,5216301
22416,2997149
22417,2452674
22418,4920475
22419,4844472
22420,2710345
22421,3160171
22422,2000507
22423,5980211
22424,2650823
22425,6558393
22426,2471193
22427,2247826
22428,3453833
22429,7066545
22430,4344827
22431,1768322
22432,2212002
22433,6717370
22434,2284231
22435,4012733
22436,2990817
22437,1906875
22438,2421727
22439,2535819
22440,2273973
22441,2936365
22442,2857925
22443,1829526
22444,2625407
22445,3646792
22446,11882269
22447,1698584
22448,3732049
22449,3209752
22450,2730295
22451,2100239
22452,2735848
22453,3850967
22454,3517447
22455,9368901
22456,2272668
22457,2458841
22458,2917962
22459,2533046
22460,4418212
22461,2918894
22462,1813095
22463,2340112
22464,3666292
22465,4972146
22466,3604213
22467,13558142
22468,2182859
22469,2071681
22470,2703854
22471,1977910
22472,2334498
22473,5317768
22474,2895639
22475,5885093
22476,4604068
22477,1882200
22478,4219520
22479,5936260
22480,3612069
22481,3587885
22482,3821350
22483,3352223
22484,4167874
22485,5717719
22486,3065420
22487,2585357
22488,21894922
22489,3654173
22490,2262844
22491,3232335
22492,2881519
22493,1865547
22494,4352295
22495,4118406
22496,2069719
22497,1785602
22498,5054209
22499,1776415
22500,3659250
22501,2843480
22502,3837685
22503,2208649
22504,2502341
22505,2205635
22506,4049818
22507,2469741
22508,3153544
22509,22528408
22510,3325590
22511,3533948
22512,3516981
22513,2436398
22514,4447537
22515,1683830
22516,1886751
22517,1965183
22518,6078303
22519,4544899
22520,3148085
22521,2716597
22522,2487691
22523,2947828
22524,18408534
22525,5238456
22526,4333765
22527,2289944
22528,2149197
22529,2066619
22530,20500819
22531,2305975
22532,2415897
22533,2286680
22534,1905084
22535,1612941
22536,1854131
22537,12956522
22538,12865876
22539,14217698
22540,13311044
22541,11090491
22542,2439113
22543,2167640
22544,5053545
22545,2287433
22546,4083576
22547,2661352
22548,2454698
22549,4016760
22550,3467847
22551,9655506
22552,2944186
22553,3891741
22554,4904923
22555,2173283
22556,2297017
22557,2173094
22558,2968438
22559,3091693
22560,2700244
22561,3640773
22562,1900833
22563,4795576
22564,3028888
22565,3796904
22566,3565237
22567,2351558
22568,2130398
22569,2432573
22570,3645827
22571,1849522
22572,2754849
22573,2052207
22574,5353604
22575,2293860
22576,2155957
22577,2695744
22578,2483712
22579,2117463
22580,2725763
22581,2255771
22582,2344850
22583,2534524
22584,2658974
22585,2379731
22586,6980148
22587,3016366
22588,2306837
22589,2602585
22590,3060373
22591,2963395
22592,2282850
22593,9829488
22594,1864976
22595,2091789
22596,2327885
22597,2027382
22598,2795792
22599,2513165
22600,2132960
22601,2880400
22602,5132463
22603,2186961
22604,13529391
22605,2109450
22606,2279955
22607,2263860
22608,1756010
22609,3468119
22610,2880369
22611,4458395
22612,4781293
22613,4617747
22614,9836416
22615,4864465
22616,5663284
22617,3362707
22618,4491067
22619,2431144
22620,3342739
22621,4381091
22622,4392730
22623,3793601
22624,2879415
22625,2030978
22626,1888345
22627,2222262
22628,11725444
22629,1987090
22630,3671804
22631,5520299
22632,4405237
22633,2007501
22634,5097394
22635,14236559
22636,1897378
22637,2049738
22638,2756928
22639,2620448
22640,8682248
22641,5190896
22642,3139698
22643,4219238
22644,2846176
22645,1865654
22646,3618891
22647,3251913
22648,2296959
22649,2134935
22650,2708744
22651,3538576
22652,2778406
22653,2390113
22654,6190875
22655,1956016
22656,16231186
22657,3061993
22658,4336294
22659,3565584
22660,4205222
22661,5359697
22662,2981385
22663,1637445
22664,11950142
22665,2113558
22666,2807669
22667,3533747
22668,2420927
22669,4012841
22670,4823670
22671,6219488
22672,1793619
22673,1673815
22674,1893531
22675,1790841
22676,7992708
22677,16566206
22678,9927696
22679,4780134
22680,2637193
22681,1795192
22682,3818757
22683,3711655
22684,2841902
22685,3707094
22686,3556018
22687,2247342
22688,1839856
22689,2277734
22690,4061208
22691,2160549
22692,2861191
22693,9051197
22694,3896644
22695,2047337
22696,3521322
22697,1995100
22698,8864744
22699,2199793
22700,3222113
22701,3339949
22702,2510867
22703,3820266
22704,3519092
22705,2253447
22706,3331241
22707,2906411
22708,2318010
22709,2898345
22710,4317218
22711,2069840
22712,4679463
22713,2576729
22714,3548461
22715,1932578
22716,2282604
22717,3878114
22718,2858184
22719,7067024
22720,2660190
22721,2882316
22722,3381888
22723,1979488
22724,7011128
22725,3564813
22726,4223420
22727,1997621
22728,5158569
22729,3107942
22730,2057685
22731,1934006
22732,4393695
22733,3036828
22734,1890055
22735,1946283
22736,2036333
22737,3647346
22738,3017815
22739,3532548
22740,10138474
22741,2708122
22742,2670500
22743,4410503
22744,6165535
22745,5373816
22746,2823775
22747,1811439
22748,2097826
22749,4814147
22750,3471106
22751,3890142
22752,2865437
22753,2564035
22754,1839652
22755,1904400
22756,1678248
22757,2912815
22758,4814519
22759,1683195
22760,1940610
22761,19848719
22762,2228131
22763,3783734
22764,4418984
22765,2874780
22766,2849372
22767,1875574
22768,5491177
22769,3088992
22770,1834187
22771,1951583
22772,3929826
22773,2030464
22774,1709410
22775,6795020
22776,3652723
22777,2261445
22778,3630361
22779,2510504
22780,1633470
22781,5214222
22782,7602571
22783,2252965
22784,4404747
22785,3880868
22786,2842640
22787,3792590
22788,2714555
22789,1611332
22790,1759549
22791,2241374
22792,1782650
22793,1620063
22794,1656986
22795,1954303
22796,2548700
22797,3020568
22798,1996297
22799,3536708
22800,4995614
22801,4777695
22802,2741645
22803,7764213
22804,1677729
22805,1821230
22806,2635719
22807,3485569
22808,6938371
22809,3406082
22810,3963021
22811,3657576
22812,4889117
22813,5281227
22814,2744262
22815,2105645
22816,1765818
22817,2127434
22818,2038935
22819,1927770
22820,1761890
22821,5389205
22822,2370788
22823,2053423
22824,4264879
22825,3098868
22826,2240246
22827,5688173
22828,9309320
22829,2104013
22830,2453873
22831,3351195
22832,1886908
22833,2790036
22834,2063981
22835,2627231
22836,2715148
22837,2184128
22838,2089009
22839,1926518
22840,2176669
22841,1958227
22842,3313656
22843,2021047
22844,3969602
22845,3361640
22846,2334101
22847,2259734
22848,2178054
22849,2150540
22850,8403496
22851,6187126
22852,9736321
22853,2363137
22854,5667304
22855,2350430
22856,2142604
22857,4490106
22858,2985171
22859,2702618
22860,5783639
22861,7116543
22862,5318687
22863,7099220
22864,8757103
22865,6971971
22866,21813434
22867,2870228
22868,2591896
22869,2335868
22870,2246574
22871,2266877
22872,2718254
22873,1710683
22874,2988359
22875,2321821
22876,1975257
22877,2013883
22878,7168974
22879,2217389
22880,2965394
22881,1926469
22882,6653438
22883,2123424
22884,1848283
22885,2090525
22886,2101680
22887,5781724
22888,7048634
22889,2513356
22890,2526160
22891,4646026
22892,4055565
22893,2503489
22894,2867389
22895,3668438
22896,1824210
22897,1985533
22898,2284894
22899,2461991
22900,3101052
22901,2128251
22902,2516646
22903,2180293
22904,2897578
22905,1770439
22906,3886614
22907,4160550
22908,8393514
22909,2976484
22910,7684846
22911,7663799
22912,4298626
22913,4203626
22914,5141825
22915,3408384
22916,4316698
22917,2821127
22918,2479738
22919,2154255
22920,2749340
22921,2219694
22922,3324603
22923,6084383
22924,4674504
22925,3758971
22926,2796275
22927,8183305
22928,1863699
22929,12379274
22930,3639283
22931,4577238
22932,5354406
22933,6331932
22934,5699980
22935,2166966
22936,6700147
22937,1621210
22938,2563971
22939,2358227
22940,2887793
22941,2581804
22942,4057070
22943,2412530
22944,3570333
22945,1986464
22946,3410463
22947,1838776
22948,3814761
22949,2331081
22950,5519324
22951,3077855
22952,2339507
22953,4448726
22954,3022504
22955,4755823
22956,3753453
22957,2277743
22958,2113849
22959,2455356
22960,2357021
22961,2311353
22962,4068986
22963,2596139
22964,3872623
22965,9649017
22966,2694198
22967,2319922
22968,2906433
22969,3073086
22970,2491080
22971,2471222
22972,2414629
22973,3964306
22974,2423875
22975,3649100
22976,3675329
22977,3413557
22978,2175983
22979,1848618
22980,3578140
22981,1906422
22982,5677571
22983,2608617
22984,1769197
22985,3179478
22986,2186351
22987,2340589
22988,3566353
22989,2439301
22990,1754230
22991,5112457
22992,2279459
22993,2324612
22994,2166078
22995,2048721
22996,1721458
22997,2203255
22998,3442630
22999,2278207
23000,2021323
23001,9911065
23002,2816610
23003,2641940
23004,2578358
23005,4969626
23006,3551039
23007,2006019
23008,2942847
23009,2345744
23010,2816923
23011,4823168
23012,6190273
23013,2969304
23014,4651535
23015,2455461
23016,2264698
23017,16377136
23018,2902506
23019,2697245
23020,5517573
23021,5019460
23022,2647894
23023,3567662
23024,2806767
23025,8390684
23026,5964390
23027,4476423
23028,2187132
23029,2886859
23030,2387718
23031,1876667
23032,4370605
23033,8577666
23034,2415349
23035,2209547
23036,1861151
23037,2041533
23038,2211293
23039,1937508
23040,2223918
23041,4165908
23042,2726806
23043,2041278
23044,4175962
23045,2552934
23046,5663452
23047,5346538
23048,7317689
23049,4843596
23050,2724494
23051,3604774
23052,2332355
23053,3784632
23054,3817211
23055,6875289
23056,2015067
23057,2829706
23058,2518107
23059,1776318
23060,2686560
23061,2508385
23062,2033661
23063,2229261
23064,1774397
23065,2686891
23066,2391065
23067,2134676
23068,4263415
23069,2256569
23070,2421198
23071,2029325
23072,2016157
23073,2075062
23074,3743007
23075,2828937
23076,3089153
23077,2273254
23078,7700571
23079,2933056
23080,4060841
23081,2689942
23082,5269852
23083,2255220
23084,3044593
23085,6358019
23086,4272053
23087,2088484
23088,5507439
23089,1913683
23090,2676939
23091,2096109
23092,12893362
23093,4927253
23094,1837919
23095,1832739
23096,1670473
23097,14386047
23098,2085825
23099,2119489
23100,2704865
23101,2012819
23102,4042336
23103,11231390
23104,4271875
23105,2386653
23106,3377301
23107,2649030
23108,2896703
23109,2673844
23110,2529651
23111,2340799
23112,2471250
23113,4662701
23114,3590185
23115,2290518
23116,2692744
23117,3730665
23118,13522471
23119,4433621
23120,2821615
23121,2476313
23122,3845350
23123,5207256
23124,7067248
23125,2651467
23126,2368661
23127,2330495
23128,3864432
23129,4514263
23130,3484928
23131,1930641
23132,5820820
23133,4630224
23134,1777044
23135,2007343
23136,1792006
23137,3977953
23138,2019931
23139,9520817
23140,1866881
23141,2218299
23142,4909511
23143,4330814
23144,4133897
23145,4564036
23146,2727566
23147,2386092
23148,4901572
23149,4083311
23150,5414413
23151,2442471
23152,1709802
23153,2041030
23154,1988461
23155,2118816
23156,3052874
23157,3754532
23158,2912291
23159,1888764
23160,2618470
23161,2367040
23162,2610797
23163,2804544
23164,3689581
23165,2047332
23166,2279992
23167,7531537
23168,3175160
23169,2527778
23170,2736865
23171,3052995
23172,3096641
23173,3083576
23174,2315003
23175,5177981
23176,4501960
23177,2416245
23178,6147489
23179,4143043
23180,6231299
23181,4678559
23182,7144787
23183,5207599
23184,4047205
23185,4662736
23186,3280067
23187,2604969
23188,8626373
23189,16489518
23190,2543544
23191,2334485
23192,3774697
23193,2361760
23194,2238100
23195,2108137
23196,2046297
23197,2694762
23198,5682622
23199,7643605
23200,3387392
23201,2076805
23202,2491210
23203,4668679
23204,4302151
23205,5883181
23206,3240675
23207,3037041
23208,7143019
23209,4180368
23210,1832729
23211,2624317
23212,5795381
23213,2304253
23214,2556286
23215,3494399
23216,1850048
23217,6129132
23218,2855752
23219,5717909
23220,3907800
23221,5537694
23222,4562593
23223,7595834
23224,3562147
23225,3315969
23226,5003374
23227,4867214
23228,2957368
23229,2741012
23230,1901276
23231,1845912
23232,1994826
23233,1797402
23234,2323241
23235,2005509
23236,1575905
23237,1830740
23238,2458025
23239,2358374
23240,3452564
23241,2982673
23242,2007314
23243,1946654
23244,2452195
23245,1940090
23246,2586482
23247,2186396
23248,2425706
23249,2178274
23250,2532593
23251,2792324
23252,2363109
23253,2790029
23254,3133083
23255,2768817
23256,4381953
23257,5168309
23258,4268049
23259,2192816
23260,2321688
23261,1927088
23262,4351483
23263,4622902
23264,4867803
23265,2895253
23266,2717810
23267,1840790
23268,7464664
23269,2240992
23270,2411765
23271,1811836
23272,3413282
23273,5167248
23274,3417532
23275,2569614
23276,2104894
23277,1780687
23278,4842667
23279,5257314
23280,3529364
23281,5216902
23282,2363829
23283,5869226
23284,3562660
23285,2245508
23286,3001288
23287,4119706
23288,2228439
23289,2451837
23290,3988220
23291,4625859
23292,3147332
23293,4531746
23294,2684171
23295,3646420
23296,2192519
23297,2950646
23298,2919590
23299,4452991
23300,5071242
23301,4128351
23302,2860600
23303,3911229
23304,3485094
23305,3843336
23306,3727353
23307,4689500
23308,1855356
23309,2812084
23310,4412002
23311,4113726
23312,3084320
23313,3668453
23314,3801314
23315,3528727
23316,4108463
23317,4017437
23318,4403006
23319,3717828
23320,3512777
23321,3828493
23322,9219477
23323,1938577
23324,2952647
23325,2100129
23326,4304114
23327,3961451
23328,3179403
23329,1736647
23330,3739716
23331,5102665
23332,3000275
23333,14126188
23334,3921289
23335,8046369
23336,3760159
23337,3512283
23338,2462596
23339,3998804
23340,3965980
23341,4191871
23342,3312827
23343,2074849
23344,3796945
23345,5026881
23346,3619495
23347,3411472
23348,1891732
23349,3987822
23350,4694304
23351,6864971
23352,3602711
23353,3386552
23354,3619209
23355,3777837
23356,3593108
23357,2264675
23358,3750969
23359,4035601
23360,1976433
23361,1855576
23362,3718031
23363,3659934
23364,1895595
23365,6006546
23366,3255816
23367,3911069
23368,3666165
23369,3682490
23370,4282610
23371,3601618
23372,3467728
23373,2271070
23374,2318922
23375,2306347
23376,1959617
23377,1754707
23378,2028711
23379,3574149
23380,2495295
23381,2248441
23382,2184669
23383,4183725
23384,2257922
23385,1802750
23386,1848881
23387,1851824
23388,1919688
23389,1806981
23390,1777756
23391,2792720
23392,5472408
23393,3273039
23394,2073561
23395,3851960
23396,3539746
23397,2479881
23398,3248247
23399,6564223
23400,3362893
23401,3592254
23402,8412920
23403,2619022
23404,3948703
23405,1709512
23406,2742608
23407,6821957
23408,4016726
23409,2251410
23410,6619989
23411,2764564
23412,6523340
23413,3573226
23414,2802721
23415,2023896
23416,2913259
23417,3757539
23418,4928194
23419,5237103
23420,1890296
23421,2240354
23422,1916026
23423,2090115
23424,2524139
23425,3431805
23426,2028037
23427,2111145
23428,1988507
23429,2793315
23430,7608047
23431,2530900
23432,2552760
23433,5768938
23434,3259110
23435,6293297
23436,4021411
23437,2142724
23438,2453642
23439,11653216
23440,6081713
23441,2320588
23442,3074276
23443,6103135
23444,8984935
23445,4960735
23446,8190373
23447,1999484
23448,2846384
23449,2267634
23450,8596675
23451,2462138
23452,3183094
23453,3163457
23454,2674581
23455,2246969
23456,2226749
23457,2386002
23458,2427973
23459,4891655
23460,4573585
23461,2676471
23462,2384696
23463,3035470
23464,2582661
23465,2226287
23466,2557624
23467,2658197
23468,3732015
23469,6763816
23470,10936732
23471,2378023
23472,2868601
23473,2178045
23474,2751925
23475,4149578
23476,1939518
23477,2938478
23478,2184276
23479,5876153
23480,4675623
23481,4060822
23482,2762222
23483,2300030
23484,8490586
23485,2025879
23486,1994797
23487,7001180
23488,4459229
23489,4325596
23490,6338996
23491,1818348
23492,2901350
23493,2171199
23494,6127195
23495,6301131
23496,2200243
23497,18819615
23498,5778217
23499,6457780
23500,9601329
23501,5755131
23502,3518428
23503,4607240
23504,2131588
23505,2374394
23506,3776448
23507,2223434
23508,2320838
23509,1902298
23510,2609637
23511,3110122
23512,1908274
23513,2191103
23514,3421005
23515,2501622
23516,1783361
23517,4162908
23518,2168586
23519,2977941
23520,3215670
23521,2506646
23522,6010577
23523,2458795
23524,3171177
23525,3745291
23526,2202181
23527,4927764
23528,2310337
23529,2999203
23530,2524903
23531,2075349
23532,3360921
23533,4071163
23534,3179829
23535,1984389
23536,1892345
23537,2503044
23538,3014586
23539,5262527
23540,3172566
23541,2629591
23542,3231673
23543,6556863
23544,2598003
23545,3788687
23546,2458445
23547,2425789
23548,3960080
23549,2749968
23550,3823620
23551,5167785
23552,2810488
23553,3815456
23554,3406729
23555,2362851
23556,7655205
23557,4744689
23558,2778964
23559,4961815
23560,4282748
23561,2596576
23562,5106484
23563,4092942
23564,4698667
23565,13810013
23566,3585687
23567,2141901
23568,2549657
23569,3075309
23570,7444687
23571,3769432
23572,3071350
23573,3311303
23574,1819484
23575,2131551
23576,3013558
23577,2218022
23578,2156414
23579,5428686
23580,3036465
23581,2693892
23582,2146400
23583,2523044
23584,2154801
23585,2290439
23586,2558316
23587,2068553
23588,2140772
23589,1986576
23590,2223920
23591,3834040
23592,2122157
23593,1820590
23594,5535628
23595,10289359
23596,2156104
23597,2210635
23598,1970270
23599,5437552
23600,4593907
23601,3496415
23602,2364061
23603,2724688
23604,3974459
23605,3545359
23606,2053511
23607,3786829
23608,4853191
23609,2022517
23610,2264038
23611,3263915
23612,2873303
23613,2414895
23614,2851234
23615,5463510
23616,1859702
23617,6377181
23618,2155916
23619,10136433
23620,6742199
23621,2319969
23622,5354456
23623,2655889
23624,2788684
23625,5760190
23626,3588858
23627,3219249
23628,3024602
23629,2219639
23630,2245692
23631,2140271
23632,3110637
23633,2541027
23634,2130444
23635,5602769
23636,3141968
23637,2276279
23638,1840936
23639,5208436
23640,4488723
23641,2762078
23642,4063060
23643,3701624
23644,4025987
23645,11204804
23646,2430308
23647,1909211
23648,5214306
23649,2644787
23650,2031951
23651,2198079
23652,11440462
23653,2052406
23654,2146817
23655,3604905
23656,1663266
23657,4242481
23658,1902332
23659,3504210
23660,3083080
23661,2698026
23662,2743416
23663,2645579
23664,4279049
23665,8001472
23666,2824792
23667,2027384
23668,2447885
23669,2336446
23670,1747921
23671,2679545
23672,3427830
23673,2386890
23674,3947441
23675,2769291
23676,2522276
23677,6319747
23678,5284124
23679,5191724
23680,2713628
23681,6650278
23682,4129983
23683,5219853
23684,6885413
23685,18230892
23686,2210159
23687,6489059
23688,2194931
23689,2123886
23690,5154628
23691,3644285
23692,4089622
23693,2438479
23694,2289817
23695,2657729
23696,1735877
23697,2049657
23698,2119929
23699,3084376
23700,2031338
23701,4650371
23702,3500021
23703,2121444
23704,2107955
23705,1968880
23706,4037553
23707,2061511
23708,3136606
23709,6916793
23710,2631510
23711,4996127
23712,3619745
23713,1867584
23714,2617990
23715,2687388
23716,3471813
23717,3423232
23718,2160008
23719,2181204
23720,1989275
23721,3954336
23722,2692729
23723,2043367
23724,1915456
23725,1752007
23726,2714930
23727,6328311
23728,10925164
23729,3627749
23730,3079206
23731,2204833
23732,3493078
23733,2013533
23734,2734437
23735,2052480
23736,2862972
23737,1985661
23738,5534564
23739,4540110
23740,6992855
23741,4536274
23742,2150957
23743,1854674
23744,3640237
23745,7302700
23746,3337480
23747,2314294
23748,4643647
23749,1983450
23750,4246419
23751,2698793
23752,5155295
23753,4115364
23754,2534554
23755,2303606
23756,2765202
23757,2085782
23758,2065368
23759,2161068
23760,8253130
23761,2405442
23762,1993887
23763,2371231
23764,2532413
23765,2243775
23766,2950723
23767,2014054
23768,3450396
23769,3044914
23770,3547063
23771,2025893
23772,2660220
23773,4223870
23774,2964608
23775,2689291
23776,1916148
23777,3298736
23778,1809393
23779,2172430
23780,2425519
23781,4888642
23782,2433428
23783,3474410
23784,2331591
23785,5020260
23786,1892639
23787,2106761
23788,2888128
23789,4529520
23790,5916876
23791,2665072
23792,2108935
23793,4096152
23794,4231618
23795,2278664
23796,1712849
23797,2600650
23798,3779347
23799,2954204
23800,2040616
23801,2533518
23802,3773811
23803,4627224
23804,14778276
23805,4332092
23806,1926004
23807,2084080
23808,2155333
23809,5071809
23810,2532744
23811,3397343
23812,2422958
23813,3864115
23814,3971646
23815,4411338
23816,2855766
23817,2071757
23818,2291210
23819,4345958
23820,6108840
23821,5795269
23822,3283824
23823,2149946
23824,3859290
23825,4542777
23826,2974626
23827,6000847
23828,7379077
23829,5604283
23830,2707639
23831,4955046
23832,4606303
23833,1958302
23834,1961967
23835,3587351
23836,2410189
23837,2966299
23838,4500381
23839,5735651
23840,1724225
23841,3146243
23842,3691013
23843,4685359
23844,6150829
23845,4987191
23846,1920274
23847,1968759
23848,2262798
23849,4609449
23850,4606214
23851,2407765
23852,2710238
23853,2823245
23854,1998160
23855,5531954
23856,2051983
23857,2028727
23858,2134117
23859,2500088
23860,3098129
23861,5512829
23862,25353971
23863,6862907
23864,2341175
23865,3038863
23866,2406942
23867,2364391
23868,2489829
23869,8776598
23870,2184854
23871,2719829
23872,1617354
23873,2926205
23874,14578250
23875,2799648
23876,2827120
23877,5271279
23878,4587814
23879,6211723
23880,3539411
23881,2500233
23882,4178196
23883,2876614
23884,2917949
23885,3737938
23886,7112000
23887,4205249
23888,9300755
23889,5219620
23890,5430847
23891,2745896
23892,3705408
23893,6072753
23894,4135039
23895,22451441
23896,19557216
23897,3219866
23898,4668430
23899,2672507
23900,2670869
23901,3768817
23902,5854438
23903,5579595
23904,1945346
23905,14894102
23906,5450790
23907,4358339
23908,3312726
23909,5037825
23910,4556993
23911,4092845
23912,3760685
23913,2590788
23914,4123881
23915,3822745
23916,16237623
23917,3345180
23918,3276400
23919,2850955
23920,5653995
23921,2857176
23922,2190563
23923,2735046
23924,2153134
23925,10626646
23926,2885589
23927,2160204
23928,4667513
23929,3896005
23930,4207114
23931,4588825
23932,3519901
23933,5029096
23934,2462740
23935,4794182
23936,2278310
23937,14941362
23938,3742766
23939,4289565
23940,6204380
23941,6895758
23942,2117488
23943,2678642
23944,7710245
23945,15639949
23946,3067957
23947,4242085
23948,2449696
23949,2568120
23950,2204525
23951,3195147
23952,2120029
23953,2310589
23954,2113373
23955,2571531
23956,1953961
23957,3706876
23958,12975396
23959,5725844
23960,2660577
23961,9199323
23962,2942660
23963,6994223
23964,4971006
23965,3522922
23966,3424282
23967,4629336
23968,3057752
23969,2755325
23970,3318314
23971,7929764
23972,3196790
23973,2685252
23974,2230113
23975,3505686
23976,2370554
23977,17132574
23978,2463854
23979,21176284
23980,2698386
23981,3533813
23982,2539241
23983,2667639
23984,2550275
23985,2734536
23986,4682280
23987,2259367
23988,4531071
23989,2375581
23990,4045306
23991,2581919
23992,4011304
23993,3487771
23994,1847929
23995,9783606
23996,3210376
23997,5096097
23998,2329180
23999,4474580
24000,27298918
24001,20259282
24002,2697265
24003,2256613
24004,2609032
24005,2685196
24006,2205267
24007,2323203
24008,2605026
24009,2148625
24010,3564240
24011,3763327
24012,2554082
24013,5915665
24014,2235852
24015,2284507
24016,3820710
24017,2007734
24018,2182777
24019,5164144
24020,3183182
24021,16787079
24022,3510547
24023,1805152
24024,4156901
24025,1895941
24026,1881393
24027,2236549
24028,5930769
24029,2163830
24030,1927334
24031,2100111
24032,2534757
24033,11571304
24034,1988834
24035,3395593
24036,1938471
24037,3912222
24038,1923628
24039,3957944
24040,4539967
24041,2029667
24042,20865620
24043,4692894
24044,1977180
24045,4085844
24046,5255325
24047,4150413
24048,2447179
24049,5062465
24050,2843123
24051,1896555
24052,2229913
24053,11983212
24054,5378111
24055,1999922
24056,2955459
24057,2653346
24058,2381339
24059,2103644
24060,5717167
24061,2489035
24062,2740491
24063,17405088
24064,4125159
24065,18089198
24066,2876000
24067,2165443
24068,3262153
24069,4956102
24070,1668837
24071,1918744
24072,6103204
24073,2272916
24074,1735791
24075,4391412
24076,2008321
24077,2348887
24078,2092674
24079,2096962
24080,2085920
24081,12759193
24082,2296016
24083,2177293
24084,15360386
24085,7144207
24086,2175532
24087,10493959
24088,3700623
24089,1871362
24090,2656564
24091,1670440
24092,1830998
24093,1991752
24094,2303735
24095,3748566
24096,4933439
24097,5197302
24098,5669683
24099,1834451
24100,2102551
24101,9240352
24102,1816113
24103,2068580
24104,1834234
24105,18524964
24106,3432166
24107,5806559
24108,2824653
24109,1863968
24110,1832251
24111,3191333
24112,3652718
24113,4021015
24114,1971192
24115,3110360
24116,2379576
24117,4835502
24118,2397309
24119,3385834
24120,3992328
24121,3473863
24122,2207731
24123,3078894
24124,4189488
24125,4116356
24126,21315023
24127,6391736
24128,6604090
24129,2505943
24130,3839072
24131,2719022
24132,2963252
24133,11973090
24134,2607277
24135,5636141
24136,6458796
24137,2929151
24138,4747271
24139,16335310
24140,4130342
24141,2642402
24142,2732673
24143,13899763
24144,4200203
24145,4412815
24146,5209144
24147,25415673
24148,2159834
24149,4340322
24150,3063987
24151,1826521
24152,2088989
24153,5966580
24154,4269919
24155,7598987
24156,4226554
24157,3858587
24158,3233644
24159,5849360
24160,3731361
24161,15829440
24162,2185525
24163,3251667
24164,5937424
24165,4526876
24166,3169962
24167,13087503
24168,31139893
24169,2758463
24170,3890773
24171,6480115
24172,3360605
24173,2763327
24174,2436713
24175,2947012
24176,2822876
24177,5637785
24178,8137814
24179,3117348
24180,2704379
24181,16755801
24182,3202328
24183,2645868
24184,2450036
24185,2628089
24186,2973519
24187,2293583
24188,6037630
24189,21821425
24190,3732024
24191,5216665
24192,8044481
24193,2234714
24194,2294619
24195,3612619
24196,2583167
24197,12782147
24198,4288920
24199,2578883
24200,6523889
24201,4677057
24202,7584985
24203,4938770
24204,2467425
24205,2700328
24206,6910517
24207,5620380
24208,6229344
24209,4918094
24210,16289179
24211,2224517
24212,1879650
24213,2540229
24214,3285709
24215,1947671
24216,2357254
24217,9761852
24218,2532968
24219,11819814
24220,3830548
24221,2669761
24222,7225878
24223,5034327
24224,2644951
24225,4475667
24226,4668508
24227,2129941
24228,2182073
24229,2429417
24230,6972434
24231,27071083
24232,3002208
24233,3957473
24234,4012692
24235,2988457
24236,2078983
24237,9198616
24238,7142185
24239,2166929
24240,2245570
24241,3666244
24242,2948942
24243,4455011
24244,1776224
24245,2812783
24246,4004558
24247,8016131
24248,3256389
24249,2484928
24250,2182629
24251,4436783
24252,23189170
24253,4155414
24254,2277045
24255,2222947
24256,2489538
24257,1701527
24258,2183867
24259,5937911
24260,3584972
24261,9770824
24262,3446591
24263,6808757
24264,3519181
24265,3410465
24266,5911818
24267,5783254
24268,3622366
24269,1806866
24270,3167632
24271,1777013
24272,4166958
24273,18055084
24274,2089736
24275,2774898
24276,3178597
24277,5817310
24278,3375170
24279,4712362
24280,3529277
24281,14807087
24282,2376651
24283,3835749
24284,3429729
24285,4044131
24286,7334279
24287,2984011
24288,3885536
24289,1850087
24290,5145438
24291,4210528
24292,3525812
24293,4459545
24294,4098930
24295,8332763
24296,3606833
24297,3862546
24298,2760026
24299,2925663
24300,4344261
24301,17974549
24302,4125179
24303,2497342
24304,4367314
24305,3419242
24306,3240083
24307,1923464
24308,2308133
24309,2290401
24310,3827814
24311,1953592
24312,1997115
24313,8447681
24314,2915659
24315,2406909
24316,1803056
24317,2201322
24318,6156527
24319,6243590
24320,4303959
24321,5312561
24322,4913915
24323,2193979
24324,2451006
24325,3128115
24326,7247724
24327,2556121
24328,2563575
24329,2164748
24330,1946467
24331,2113212
24332,2187115
24333,4295830
24334,3920247
24335,2899410
24336,4573158
24337,14362193
24338,2691329
24339,3292802
24340,3185607
24341,4559925
24342,4536106
24343,4554081
24344,2275000
24345,2246513
24346,3528934
24347,3281894
24348,6064191
24349,2591278
24350,3600080
24351,3441414
24352,4732782
24353,14737430
24354,5727542
24355,8373337
24356,3124526
24357,8651296
24358,2191552
24359,2028242
24360,2580468
24361,6227299
24362,1979350
24363,3662731
24364,2918294
24365,2612151
24366,3070545
24367,3683611
24368,3473803
24369,12383567
24370,3061265
24371,6156638
24372,7156198
24373,4397486
24374,2931086
24375,2596760
24376,4967388
24377,5220762
24378,4275211
24379,2167740
24380,2520931
24381,8216087
24382,10361657
24383,3552506
24384,2552474
24385,22370495
24386,5824889
24387,1983334
24388,2758029
24389,5181914
24390,5410672
24391,5000042
24392,2123107
24393,2233846
24394,2671859
24395,2540598
24396,3219200
24397,2260773
24398,2627360
24399,13236463
24400,3755879
24401,7077525
24402,3346246
24403,4809417
24404,4115003
24405,17748498
24406,2564458
24407,2187985
24408,2492172
24409,2350774
24410,6570126
24411,2884165
24412,2254050
24413,2645963
24414,2479587
24415,1859054
24416,3858324
24417,10683364
24418,2223234
24419,2454499
24420,15643082
24421,3609378
24422,2455174
24423,3189049
24424,4651450
24425,2039237
24426,1872141
24427,2911698
24428,2220322
24429,12601450
24430,2173707
24431,2437730
24432,3092662
24433,2322948
24434,2241455
24435,1980812
24436,2185303
24437,1857844
24438,4759833
24439,4916377
24440,3311464
24441,8590745
24442,3853478
24443,2727889
24444,3000385
24445,5320968
24446,4367306
24447,5329005
24448,4618073
24449,3194430
24450,2968367
24451,2925199
24452,3046009
24453,2812009
24454,2481689
24455,5481247
24456,2478802
24457,8831416
24458,3470507
24459,2239825
24460,3089417
24461,2888211
24462,6702575
24463,2287033
24464,4804339
24465,5345171
24466,2499399
24467,3949913
24468,6815814
24469,16498297
24470,3347914
24471,2229263
24472,3109708
24473,3107663
24474,2486764
24475,2218736
24476,2960063
24477,8933961
24478,2542222
24479,1963555
24480,15103653
24481,3224060
24482,3815189
24483,5027363
24484,2657783
24485,12131489
24486,2574926
24487,2561896
24488,6228637
24489,2413918
24490,4500777
24491,8181666
24492,2070633
24493,5615497
24494,6977610
24495,3774263
24496,2984784
24497,4836771
24498,2504321
24499,4059232
24500,2777086
24501,1961387
24502,2511117
24503,2748874
24504,5314836
24505,3192043
24506,2288917
24507,6339699
24508,2705059
24509,17197278
24510,3350038
24511,2575793
24512,4773469
24513,2615615
24514,2958738
24515,2588301
24516,3247756
24517,2278118
24518,3129872
24519,2778398
24520,2976421
24521,5047093
24522,2671060
24523,5085029
24524,6847672
24525,5420654
24526,3746704
24527,4677438
24528,3640876
24529,14563104
24530,6527097
24531,6034479
24532,4775332
24533,2439942
24534,3770127
24535,3860552
24536,6702080
24537,2858994
24538,3621572
24539,2184355
24540,2906012
24541,2707788
24542,2158524
24543,2666911
24544,5516136
24545,11459495
24546,5676016
24547,4498754
24548,3249066
24549,3725963
24550,3869261
24551,4430342
24552,3615495
24553,2723614
24554,1839435
24555,4526955
24556,6503062
24557,10344371
24558,4505460
24559,2567510
24560,2202499
24561,2213670
24562,2208252
24563,6727313
24564,1875985
24565,2298242
24566,4606551
24567,7271659
24568,3489745
24569,2092157
24570,2680927
24571,2177536
24572,2734531
24573,2611727
24574,2540563
24575,1980315
24576,2584833
24577,12184886
24578,2441617
24579,9948044
24580,2822483
24581,11267924
24582,6222782
24583,2101411
24584,3109651
24585,3050945
24586,3109678
24587,5243409
24588,4086728
24589,2446696
24590,7350172
24591,5432149
24592,6845674
24593,19305421
24594,4118439
24595,2371877
24596,2903724
24597,1755596
24598,5990441
24599,4022675
24600,2943477
24601,2940417
24602,6248634
24603,10374391
24604,4052697
24605,9519235
24606,4176206
24607,2348727
24608,6978029
24609,20111431
24610,4501206
24611,6150062
24612,5465396
24613,2551804
24614,2717655
24615,2324024
24616,4150892
24617,2718026
24618,2244608
24619,2298603
24620,9730545
24621,3286747
24622,2439132
24623,2588095
24624,5201830
24625,4143423
24626,4396857
24627,2737199
24628,2616900
24629,1791484
24630,8851500
24631,2642731
24632,2323672
24633,3220827
24634,2776666
24635,4308614
24636,7981485
24637,7218415
24638,5762479
24639,2953183
24640,2253011
24641,4360228
24642,2030283
24643,2091897
24644,4058066
24645,3120988
24646,3799179
24647,4753783
24648,3874984
24649,12865372
24650,5760725
24651,5349223
24652,5555655
24653,9594362
24654,2163908
24655,2452384
24656,2190100
24657,1756352
24658,6268520
24659,3113250
24660,2592485
24661,4051435
24662,3422783
24663,5824087
24664,3027496
24665,3266446
24666,2285609
24667,2451032
24668,2232547
24669,2420278
24670,3479384
24671,10409922
24672,8210457
24673,8035182
24674,3719471
24675,2166656
24676,3251647
24677,2125440
24678,2820267
24679,4478410
24680,2868821
24681,5341630
24682,2368068
24683,4864705
24684,3125251
24685,12903496
24686,2459390
24687,2640059
24688,2843764
24689,3087057
24690,3452948
24691,2478865
24692,6316676
24693,4250051
24694,5338118
24695,2192042
24696,2811610
24697,2308802
24698,2261471
24699,2303922
24700,2093411
24701,2047260
24702,4714504
24703,2382472
24704,10752211
24705,2227703
24706,3416305
24707,10187255
24708,6421983
24709,2419218
24710,2722961
24711,2031866
24712,2044701
24713,2231147
24714,2003916
24715,6199001
24716,2381961
24717,9874352
24718,2500467
24719,2107987
24720,2393885
24721,3435664
24722,2314205
24723,2519050
24724,6289003
24725,2131382
24726,2898935
24727,2318395
24728,2333892
24729,18232142
24730,2634397
24731,2415533
24732,3087200
24733,2757219
24734,2008309
24735,2508788
24736,3222101
24737,1849300
24738,3040492
24739,2093428
24740,1835746
24741,1999338
24742,2858374
24743,1895888
24744,2228655
24745,19328422
24746,2453698
24747,4589187
24748,3067090
24749,2793676
24750,2833580
24751,1858087
24752,3871640
24753,1772446
24754,3234495
24755,7430962
24756,4214766
24757,1995103
24758,2342085
24759,3534649
24760,1909733
24761,1859449
24762,1886277
24763,1944038
24764,6954079
24765,3308325
24766,4562642
24767,3044955
24768,5404049
24769,3579322
24770,2557340
24771,2631431
24772,1907069
24773,2358632
24774,2272898
24775,2152026
24776,2125225
24777,3189097
24778,2620106
24779,4416301
24780,2478242
24781,16709421
24782,2517944
24783,1957246
24784,3994863
24785,2696830
24786,4605933
24787,4404547
24788,4142417
24789,4805826
24790,3247777
24791,1873276
24792,3194330
24793,9232977
24794,4586208
24795,2106981
24796,4190814
24797,5890623
24798,4482658
24799,2559550
24800,3789008
24801,6080488
24802,3315603
24803,2447376
24804,4494209
24805,10202171
24806,4373071
24807,4758893
24808,2771747
24809,2774196
24810,4989620
24811,6051456
24812,2441682
24813,4302498
24814,14000217
24815,3233788
24816,3203846
24817,1856510
24818,2218887
24819,6849408
24820,2208725
24821,1995964
24822,2064716
24823,2522770
24824,2184274
24825,2710257
24826,3117925
24827,4353331
24828,3132809
24829,3549547
24830,3566287
24831,3899284
24832,1957586
24833,11763829
24834,3675800
24835,2524530
24836,2277087
24837,2197506
24838,3975945
24839,3557673
24840,12637286
24841,3029104
24842,3801793
24843,12283274
24844,4497275
24845,2675186
24846,2585933
24847,2303910
24848,3279434
24849,3631521
24850,3469553
24851,2807581
24852,2946462
24853,5567060
24854,2628563
24855,2976361
24856,6797800
24857,6161346
24858,3537434
24859,4526097
24860,2660369
24861,20731477
24862,7528585
24863,3445551
24864,3673837
24865,6769684
24866,2790575
24867,1870783
24868,3081827
24869,3663601
24870,5646096
24871,2241522
24872,2539425
24873,12917727
24874,3734162
24875,4495907
24876,2934021
24877,1704815
24878,3969221
24879,6105288
24880,6949514
24881,4286078
24882,15660984
24883,4440172
24884,4328586
24885,2952289
24886,2192205
24887,2082527
24888,2157710
24889,17934657
24890,3621792
24891,2301391
24892,4900007
24893,19094611
24894,9484807
24895,1965883
24896,3891832
24897,2077223
24898,1942946
24899,10499564
24900,2780573
24901,10400966
24902,6040155
24903,4445483
24904,2907817
24905,2279955
24906,2440598
24907,2097712
24908,2297823
24909,2300561
24910,2154165
24911,2096681
24912,2321680
24913,9230289
24914,4106650
24915,2482809
24916,1892686
24917,3013902
24918,2164573
24919,1991928
24920,3186134
24921,2107691
24922,3224170
24923,2227225
24924,5238620
24925,6238650
24926,2366042
24927,2442144
24928,2540403
24929,2382449
24930,2471566
24931,3472229
24932,2434679
24933,2429242
24934,4156184
24935,2274601
24936,2739024
24937,4397541
24938,4503503
24939,2560980
24940,3131537
24941,2241335
24942,2850702
24943,2739478
24944,3206518
24945,19173157
24946,3498281
24947,2511509
24948,2099566
24949,4249046
24950,3210673
24951,1997126
24952,2587283
24953,2889640
24954,2322442
24955,3433818
24956,2197982
24957,2008221
24958,2460423
24959,1965442
24960,3354208
24961,3048083
24962,3186047
24963,2424797
24964,2250768
24965,5277512
24966,13142810
24967,5695311
24968,2092634
24969,1781078
24970,3627850
24971,4497914
24972,2338034
24973,16900677
24974,2063817
24975,1976531
24976,10489914
24977,1745404
24978,2264877
24979,4160682
24980,3748636
24981,5846922
24982,3553062
24983,1805137
24984,1891347
24985,7087169
24986,2050330
24987,10475603
24988,3426905
24989,5483925
24990,3182659
24991,4393353
24992,5623720
24993,6075086
24994,2526555
24995,2422915
24996,2062096
24997,8486007
24998,5622710
24999,2153185
25000,2947907
25001,7225591
25002,3965119
25003,2465963
25004,4229850
25005,3017521
25006,3567655
25007,1761175
25008,8043412
25009,2950046
25010,6020451
25011,2897312
25012,1729256
25013,23362641
25014,2467878
25015,2064956
25016,2290774
25017,3658710
25018,2539178
25019,3951697
25020,2511203
25021,3792265
25022,3345869
25023,2224768
25024,2401402
25025,2154230
25026,2141469
25027,2193544
25028,4920135
25029,9407270
25030,3402345
25031,2115874
25032,2802049
25033,2277788
25034,2888258
25035,2055449
25036,2513808
25037,1637410
25038,4323778
25039,2340918
25040,2941349
25041,2967419
25042,2513260
25043,2759464
25044,1928915
25045,2592773
25046,2193426
25047,2249417
25048,4512768
25049,14879383
25050,15035315
25051,3114878
25052,2542668
25053,4889477
25054,3248168
25055,4400858
25056,3193688
25057,3058850
25058,2679623
25059,4495115
25060,2992440
25061,2744292
25062,2940824
25063,2580923
25064,6360115
25065,2817156
25066,3200733
25067,2267493
25068,2380866
25069,5054559
25070,2393651
25071,4169260
25072,2426229
25073,20230931
25074,4104778
25075,2611446
25076,2056547
25077,11088737
25078,4893401
25079,4294246
25080,4925962
25081,6133932
25082,5412123
25083,6212482
25084,3080505
25085,2126879
25086,3678193
25087,1954371
25088,2417422
25089,3748103
25090,4204843
25091,2313057
25092,3400079
25093,3767564
25094,2482995
25095,4576992
25096,1931009
25097,1747637
25098,1723964
25099,2023046
25100,2507345
25101,6083383
25102,2016825
25103,3533794
25104,2499087
25105,10264305
25106,2440877
25107,5712448
25108,3245372
25109,2206707
25110,2187856
25111,4740474
25112,4633632
25113,2726104
25114,2008882
25115,2605573
25116,2816503
25117,2147718
25118,2030950
25119,6092004
25120,2984983
25121,2009270
25122,2503164
25123,4318741
25124,2430341
25125,11252935
25126,4076363
25127,4326702
25128,2921350
25129,2617893
25130,5485254
25131,3535941
25132,2280566
25133,5577058
25134,4012455
25135,5159448
25136,2106324
25137,2119586
25138,4300899
25139,2428236
25140,2020797
25141,2118038
25142,2494037
25143,2357125
25144,3480075
25145,2605031
25146,2626215
25147,2451401
25148,2801042
25149,2812377
25150,2295323
25151,7991827
25152,5444095
25153,2068596
25154,2301262
25155,3616531
25156,2058385
25157,1768530
25158,3040315
25159,2285203
25160,2842030
25161,2603683
25162,2605965
25163,4053459
25164,3737556
25165,5055262
25166,2611677
25167,5382411
25168,3016773
25169,13405598
25170,4393795
25171,5087797
25172,2868585
25173,4460278
25174,2981325
25175,2053707
25176,3019502
25177,1912776
25178,2827256
25179,2306201
25180,2225941
25181,2361222
25182,2611145
25183,2264137
25184,2934544
25185,2160618
25186,2522819
25187,2479315
25188,2538750
25189,11328655
25190,2497967
25191,3037108
25192,3646511
25193,2332054
25194,3250208
25195,2680527
25196,2391732
25197,2877460
25198,5098552
25199,3163034
25200,2206191
25201,4320919
25202,2282867
25203,2602281
25204,2937611
25205,3159572
25206,7798887
25207,3721124
25208,2530559
25209,10925690
25210,2722713
25211,3086116
25212,2844311
25213,2849719
25214,2267196
25215,1928644
25216,2015480
25217,6284025
25218,8463425
25219,2688972
25220,2493250
25221,2839600
25222,2118321
25223,6815000
25224,2102758
25225,3191520
25226,2318556
25227,3251392
25228,3441765
25229,19603705
25230,5743609
25231,3129691
25232,2901168
25233,4526448
25234,2897133
25235,3106436
25236,2080906
25237,6414624
25238,2576148
25239,21127664
25240,6319706
25241,17030204
25242,2458180
25243,5070429
25244,1906934
25245,3298349
25246,3970303
25247,1947372
25248,2635951
25249,3145496
25250,2097989
25251,2496376
25252,2271849
25253,2522291
25254,2030950
25255,2510409
25256,2368483
25257,10870394
25258,7641779
25259,2558425
25260,16753256
25261,3166828
25262,2139224
25263,4707060
25264,2488507
25265,2731410
25266,5032393
25267,2691655
25268,5206346
25269,18739015
25270,2304560
25271,2014562
25272,9353462
25273,3015256
25274,2985790
25275,5077737
25276,9871877
25277,2381336
25278,4069166
25279,1956442
25280,4356223
25281,16200932
25282,3165686
25283,5030601
25284,3175000
25285,3075662
25286,3252874
25287,2973600
25288,2048261
25289,4715578
25290,2058285
25291,3685161
25292,3129299
25293,4400406
25294,3321114
25295,2446376
25296,2848522
25297,33508653
25298,3241103
25299,4331921
25300,5692405
25301,6592552
25302,9547708
25303,2005523
25304,2300271
25305,3158654
25306,2280615
25307,3679423
25308,2141440
25309,3153062
25310,2948062
25311,1824291
25312,3263939
25313,3273285
25314,3476000
25315,3547004
25316,2429073
25317,9357942
25318,5443661
25319,1866190
25320,2050425
25321,2875154
25322,2217691
25323,4472950
25324,2535855
25325,3632391
25326,2133139
25327,4067625
25328,2287212
25329,3028396
25330,2423592
25331,2159836
25332,3484580
25333,4072840
25334,2412880
25335,2827712
25336,1913444
25337,11033190
25338,3118121
25339,2040988
25340,2593503
25341,2811011
25342,3280440
25343,3770787
25344,15142787
25345,2779067
25346,2238598
25347,5212612
25348,4492313
25349,4952343
25350,4435680
25351,2073908
25352,2248429
25353,2139525
25354,5667318
25355,2057010
25356,3230373
25357,2277680
25358,2258044
25359,2287780
25360,2570499
25361,17785134
25362,7139507
25363,2005658
25364,2719303
25365,15197901
25366,4946339
25367,4127175
25368,1935237
25369,8460721
25370,2805478
25371,2369798
25372,6596724
25373,2993682
25374,3037664
25375,5788648
25376,2077274
25377,8890337
25378,1989563
25379,1988961
25380,3303922
25381,4917738
25382,1891835
25383,3994598
25384,2845145
25385,2376669
25386,13748358
25387,2435680
25388,2094305
25389,6275614
25390,5187478
25391,2559617
25392,3682360
25393,12124087
25394,2308294
25395,2385193
25396,2212184
25397,3806640
25398,4493582
25399,2133935
25400,4453782
25401,2775595
25402,5686138
25403,2230828
25404,2303983
25405,2638227
25406,2473069
25407,14713376
25408,2361063
25409,3931633
25410,9415845
25411,3617196
25412,3062408
25413,15288180
25414,3696994
25415,1683505
25416,1836951
25417,4119326
25418,4582958
25419,2287785
25420,2086324
25421,13266200
25422,2977812
25423,1994096
25424,2027734
25425,1962095
25426,3114859
25427,4698325
25428,26636024
25429,12474268
25430,2695981
25431,2313538
25432,2685706
25433,2700515
25434,10151410
25435,2425293
25436,2918072
25437,2769337
25438,2453961
25439,2696916
25440,2467015
25441,2490807
25442,3612156
25443,3289859
25444,3986554
25445,4166813
25446,1791951
25447,8330653
25448,3679864
25449,12408319
25450,6621629
25451,5440816
25452,3053684
25453,6097688
25454,2546542
25455,2682080
25456,1964883
25457,9631186
25458,2410437
25459,2188206
25460,2800916
25461,2779258
25462,1830274
25463,3819665
25464,1895815
25465,7972045
25466,1891318
25467,2585351
25468,2862433
25469,4032066
25470,13141503
25471,1847306
25472,2253015
25473,5882054
25474,3465971
25475,7965565
25476,2445282
25477,3728738
25478,5110261
25479,3656040
25480,3606057
25481,1885077
25482,2918076
25483,2968464
25484,2687116
25485,2271677
25486,2567189
25487,2696468
25488,4040243
25489,4869767
25490,5370892
25491,13893904
25492,5434097
25493,2979500
25494,2481227
25495,6947356
25496,2888180
25497,14377128
25498,12324195
25499,4228775
25500,7844251
25501,4263405
25502,2732686
25503,3685460
25504,3630919
25505,4197821
25506,2802640
25507,2700122
25508,3016293
25509,4988243
25510,2588044
25511,3029235
25512,13559055
25513,1801555
25514,6509618
25515,2504174
25516,3057664
25517,11193619
25518,2316801
25519,4999658
25520,5978736
25521,7454601
25522,2688970
25523,4681515
25524,4385412
25525,3744784
25526,2453446
25527,2646066
25528,2751222
25529,2440583
25530,2137781
25531,3117352
25532,2624320
25533,13299278
25534,2566151
25535,5976750
25536,2623093
25537,8840837
25538,2566250
25539,7121611
25540,4253065
25541,2753513
25542,3043676
25543,10532452
25544,7301782
25545,4740247
25546,4056453
25547,6603271
25548,4675907
25549,2058694
25550,4472958
25551,2726357
25552,2951386
25553,3234076
25554,28309059
25555,2887474
25556,2041186
25557,21380213
25558,5288908
25559,3061139
25560,3314146
25561,2032913
25562,2408944
25563,2742576
25564,2953087
25565,7054217
25566,2270229
25567,1625726
25568,2946410
25569,9201882
25570,4846227
25571,7292681
25572,3351232
25573,2724642
25574,5335126
25575,15062842
25576,8244736
25577,4510392
25578,3787714
25579,2137042
25580,3102234
25581,5457631
25582,6085340
25583,2559880
25584,2493586
25585,14144260
25586,2562853
25587,2454620
25588,3109242
25589,6618312
25590,6380022
25591,2623107
25592,4396080
25593,2500843
25594,6040003
25595,6032042
25596,20505916
25597,6454824
25598,11817946
25599,10771998
25600,3542508
25601,3913406
25602,4112419
25603,3117926
25604,2643745
25605,3860537
25606,3584371
25607,2532110
25608,2075841
25609,2188799
25610,7526179
25611,6234648
25612,3843110
25613,2989278
25614,5335344
25615,9081519
25616,2713353
25617,3233427
25618,2771453
25619,6394117
25620,4250427
25621,4477513
25622,2349645
25623,8033961
25624,2417610
25625,2686408
25626,12855290
25627,2061208
25628,1852334
25629,1911346
25630,3947018
25631,3702558
25632,3015288
25633,1688062
25634,1781527
25635,3907779
25636,3601112
25637,11198919
25638,16733477
25639,1813415
25640,1815999
25641,2102707
25642,2110309
25643,1776846
25644,2605879
25645,7265807
25646,1799959
25647,1813365
25648,1819982
25649,1789930
25650,3150711
25651,1885206
25652,1816158
25653,5527213
25654,2833483
25655,2228503
25656,1806552
25657,8114633
25658,4717615
25659,11768910
25660,1869397
25661,2115244
25662,2107526
25663,8670165
25664,2592264
25665,7985830
25666,3782642
25667,3605471
25668,6379900
25669,2054958
25670,3733269
25671,3735507
25672,3740517
25673,3803270
25674,2472045
25675,3762194
25676,3720481
25677,13317683
25678,2680516
25679,1670295
25680,2802937
25681,2072255
25682,1896273
25683,1931207
25684,1990438
25685,4001721
25686,2809460
25687,3590416
25688,3478955
25689,3874115
25690,2919695
25691,2104882
25692,2096371
25693,3767872
25694,2537785
25695,2165135
25696,3726216
25697,2673287
25698,2188610
25699,3497315
25700,7429499
25701,3392509
25702,4121648
25703,4065632
25704,1937379
25705,3084824
25706,7524833
25707,2930280
25708,2091224
25709,7987198
25710,3737429
25711,2962505
25712,17608845
25713,6693919
25714,2997258
25715,3517793
25716,2029763
25717,5089685
25718,3670883
25719,2698449
25720,2665042
25721,6960748
25722,4555275
25723,3345176
25724,2635417
25725,7134134
25726,1972067
25727,2182984
25728,2970608
25729,2730323
25730,2492116
25731,3757119
25732,1991904
25733,3429759
25734,9564812
25735,3005072
25736,1925394
25737,11559870
25738,5427103
25739,6522270
25740,4319408
25741,13055092
25742,2405160
25743,13096939
25744,6533721
25745,4062717
25746,9751983
25747,4270511
25748,4484136
25749,2898100
25750,2117063
25751,4838196
25752,4143002
25753,5071987
25754,2136326
25755,3356589
25756,3616391
25757,9255801
25758,2062572
25759,2496119
25760,2128981
25761,4127536
25762,3986932
25763,7356933
25764,3738537
25765,1935513
25766,4975706
25767,2076105
25768,2930716
25769,3738954
25770,9284244
25771,2746827
25772,1949562
25773,6976292
25774,2041995
25775,1943702
25776,1981383
25777,4251134
25778,4936442
25779,1941238
25780,2594566
25781,1917626
25782,1894714
25783,1865632
25784,1852251
25785,9182311
25786,2912681
25787,2225625
25788,2161644
25789,4051587
25790,5788162
25791,2264019
25792,2440887
25793,11441855
25794,4487545
25795,2853469
25796,3868627
25797,2280764
25798,1734831
25799,2383868
25800,3295068
25801,2762140
25802,2946350
25803,4484574
25804,4555937
25805,4781406
25806,5349656
25807,2920671
25808,2703935
25809,11668063
25810,8887506
25811,3902111
25812,2715167
25813,2472743
25814,4187756
25815,4489095
25816,7586108
25817,3891137
25818,2972496
25819,2002578
25820,2011327
25821,1972049
25822,2510693
25823,1924435
25824,2112981
25825,2744215
25826,4234078
25827,4614672
25828,2208727
25829,3732340
25830,2259633
25831,7052258
25832,1993818
25833,1971900
25834,8638150
25835,4754700
25836,2134301
25837,2572977
25838,5195675
25839,2267090
25840,2190669
25841,4652586
25842,3644382
25843,6824336
25844,2252170
25845,8966311
25846,2120854
25847,4698402
25848,3789456
25849,1752211
25850,5206824
25851,1994880
25852,2204164
25853,1717920
25854,1971327
25855,2441763
25856,2625848
25857,5180322
25858,2448429
25859,2812794
25860,3952219
25861,5288552
25862,6598414
25863,2139522
25864,4548774
25865,7205849
25866,3661424
25867,5324061
25868,3473148
25869,21942021
25870,8024233
25871,5697745
25872,4911289
25873,7007542
25874,4090336
25875,5926362
25876,4198960
25877,10353520
25878,5824693
25879,2836465
25880,3013249
25881,2787986
25882,3607041
25883,2622019
25884,5619711
25885,6960123
25886,3470942
25887,4911838
25888,2415581
25889,1612207
25890,19353092
25891,6249542
25892,3051289
25893,3097759
25894,3953158
25895,2649816
25896,4118082
25897,3652446
25898,8689849
25899,3241125
25900,5555511
25901,3501016
25902,2031113
25903,1894990
25904,3132815
25905,2378942
25906,1748867
25907,3495764
25908,2719680
25909,15791255
25910,6356682
25911,35229338
25912,3537085
25913,2728087
25914,3713900
25915,4512740
25916,3631853
25917,1960808
25918,4690565
25919,1969826
25920,2421280
25921,2690375
25922,6295484
25923,2298838
25924,2556667
25925,3562120
25926,2148344
25927,3173026
25928,1743369
25929,3047123
25930,3890311
25931,3469782
25932,7499073
25933,2124876
25934,4180665
25935,3380618
25936,2864025
25937,3955285
25938,2138678
25939,3135308
25940,2567300
25941,3201049
25942,2808122
25943,2599580
25944,3374323
25945,4639972
25946,2373731
25947,2760682
25948,9506776
25949,3987557
25950,2311938
25951,2289050
25952,4019677
25953,50750236
25954,2023830
25955,4990534
25956,6029500
25957,3995012
25958,2173332
25959,2164870
25960,5228927
25961,2795376
25962,4254238
25963,3495927
25964,6630745
25965,5704590
25966,10241583
25967,2718217
25968,3118536
25969,4460392
25970,3943002
25971,5385926
25972,2755411
25973,2829889
25974,25803170
25975,6768805
25976,6282664
25977,4982680
25978,7838781
25979,3516576
25980,5555285
25981,8829354
25982,2561800
25983,3938618
25984,3720175
25985,2111228
25986,2528065
25987,3483304
25988,2036084
25989,2313020
25990,2284054
25991,4171443
25992,2317654
25993,3051450
25994,2948801
25995,5672834
25996,2802323
25997,2820381
25998,2502088
25999,2733015
26000,3604711
26001,5409623
26002,9458754
26003,2232966
26004,7860385
26005,5829900
26006,6440794
26007,3103438
26008,2288245
26009,2340560
26010,4106834
26011,4427514
26012,2473804
26013,2439243
26014,10128637
26015,6137166
26016,6258655
26017,2515565
26018,2100793
26019,5130012
26020,2967853
26021,2332814
26022,2634933
26023,2499412
26024,3084409
26025,2698967
26026,3966273
26027,4071633
26028,4359365
26029,3583241
26030,7453190
26031,5645622
26032,3125676
26033,3891151
26034,3489496
26035,7605705
26036,3697879
26037,4985338
26038,2026569
26039,2359835
26040,3332619
26041,7350716
26042,3960155
26043,2888412
26044,1734589
26045,3411863
26046,2682905
26047,3154885
26048,2589640
26049,3771178
26050,2773932
26051,7761570
26052,3745810
26053,3057886
26054,2428945
26055,5786074
26056,6308600
26057,2949466
26058,2518846
26059,2410217
26060,3009852
26061,3023916
26062,2236174
26063,2575042
26064,2892341
26065,4748815
26066,8853429
26067,2281523
26068,4210512
26069,2415304
26070,3535229
26071,3012465
26072,3518866
26073,2964212
26074,2619302
26075,2906874
26076,3839124
26077,3796258
26078,8726765
26079,5052695
26080,3268845
26081,4207931
26082,9118793
26083,2270564
26084,2322983
26085,4793348
26086,8273838
26087,5555817
26088,2676118
26089,2545915
26090,2464746
26091,2788600
26092,2759511
26093,3898098
26094,2620443
26095,2417237
26096,2240910
26097,2649657
26098,3941973
26099,5507159
26100,6235151
26101,3516287
26102,8054457
26103,7503402
26104,4861905
26105,2030374
26106,11162709
26107,4014748
26108,2915690
26109,4047496
26110,2995281
26111,1941744
26112,5152640
26113,2737959
26114,13029109
26115,3108904
26116,3040029
26117,6728450
26118,3846415
26119,2649049
26120,5626771
26121,3390532
26122,3816147
26123,2586672
26124,2466282
26125,1904911
26126,3115917
26127,2756710
26128,3311194
26129,2070299
26130,7720025
26131,2726353
26132,3964867
26133,3089032
26134,2887328
26135,3010435
26136,3140305
26137,2518968
26138,1745922
26139,2522556
26140,2183154
26141,3021618
26142,4595614
26143,5529414
26144,2389527
26145,5048508
26146,12910391
26147,2293517
26148,2139076
26149,2125160
26150,3264747
26151,3752293
26152,5071566
26153,5083686
26154,3533882
26155,2745388
26156,2154128
26157,2158471
26158,2858365
26159,1865095
26160,2259169
26161,3525735
26162,3332321
26163,5541676
26164,2235705
26165,6140562
26166,3286631
26167,4805976
26168,2841287
26169,2357699
26170,2722503
26171,2111545
26172,2148399
26173,3120358
26174,3078087
26175,2220735
26176,2615607
26177,2158461
26178,5476437
26179,2410633
26180,2444048
26181,2291645
26182,1869480
26183,1896863
26184,9301830
26185,2063101
26186,2320924
26187,2070069
26188,2841079
26189,3371096
26190,2004634
26191,2110952
26192,2083409
26193,5135511
26194,3667714
26195,2440808
26196,3764605
26197,2114860
26198,5334152
26199,3779332
26200,2901921
26201,6047286
26202,9431220
26203,7032189
26204,2640193
26205,7272425
26206,3137950
26207,2925191
26208,4176135
26209,3529657
26210,2658807
26211,4163752
26212,2425201
26213,2391300
26214,2272656
26215,2410492
26216,2348407
26217,5044163
26218,5834700
26219,3707759
26220,3100350
26221,2819081
26222,2287799
26223,2214567
26224,2248376
26225,2143835
26226,6163660
26227,2851166
26228,11594074
26229,3702713
26230,2720812
26231,2293245
26232,2895922
26233,2948197
26234,2567847
26235,2992333
26236,2821415
26237,4734701
26238,3677368
26239,4261761
26240,16967248
26241,2526825
26242,2337516
26243,5376049
26244,3487316
26245,4183208
26246,3517260
26247,3543060
26248,3313170
26249,1898796
26250,1909237
26251,1926735
26252,1920618
26253,1836231
26254,1852696
26255,1928317
26256,2016292
26257,2411026
26258,2873587
26259,2097276
26260,2220889
26261,2339417
26262,5884680
26263,2227244
26264,2761927
26265,1964347
26266,2130968
26267,4658795
26268,3287774
26269,3672150
26270,2202786
26271,2975786
26272,4052108
26273,1813161
26274,2316593
26275,2859258
26276,7354009
26277,2228496
26278,3344631
26279,2634423
26280,3834599
26281,2223269
26282,2411548
26283,2022617
26284,2305522
26285,4094352
26286,2100459
26287,2486766
26288,1957424
26289,3485408
26290,2648252
26291,2193368
26292,13324939
26293,3334501
26294,2148135
26295,2045322
26296,2739396
26297,3053069
26298,2259117
26299,4967768
26300,1784538
26301,2251987
26302,2038261
26303,3012765
26304,1911999
26305,3881345
26306,3857564
26307,10225236
26308,3548501
26309,2033500
26310,4219238
26311,3437277
26312,2169761
26313,2232171
26314,2370170
26315,2042343
26316,2193862
26317,2240953
26318,1734977
26319,2313026
26320,2224844
26321,1937750
26322,2798534
26323,2210544
26324,4736293
26325,2321556
26326,2364428
26327,2275919
26328,2462622
26329,2397217
26330,5231026
26331,6368797
26332,2833462
26333,2035411
26334,2149703
26335,2411992
26336,2356450
26337,5318483
26338,3004395
26339,1895922
26340,2943391
26341,5215248
26342,3104512
26343,8694858
26344,6068751
26345,5055537
26346,2158352
26347,5168672
26348,3328654
26349,1976365
26350,8065979
26351,2045517
26352,5523504
26353,1954204
26354,2615207
26355,8094586
26356,3994091
26357,2190083
26358,6032879
26359,2421792
26360,2129423
26361,2947259
26362,6610535
26363,7957448
26364,2334040
26365,4800334
26366,4439456
26367,2333513
26368,3313616
26369,2046134
26370,2137735
26371,2922288
26372,7972527
26373,17017552
26374,1973972
26375,2477288
26376,13688729
26377,4746477
26378,4567272
26379,5059997
26380,4526764
26381,5227492
26382,3520100
26383,2188127
26384,5884373
26385,1891158
26386,2884665
26387,7046973
26388,13040965
26389,2063773
26390,3425459
26391,2564763
26392,4636285
26393,4223013
26394,6652204
26395,4672000
26396,3076146
26397,3775712
26398,4101042
26399,3720173
26400,3863534
26401,4650466
26402,3921363
26403,2155172
26404,4114245
26405,3773174
26406,3659142
26407,3554906
26408,3560594
26409,3966944
26410,2042822
26411,3764666
26412,2815676
26413,3744183
26414,5117221
26415,9899078
26416,2779274
26417,1816102
26418,4287030
26419,3704014
26420,3811162
26421,4128034
26422,2826319
26423,9433542
26424,3888862
26425,2115910
26426,3720013
26427,2157462
26428,5683538
26429,1933766
26430,5101775
26431,2660138
26432,4211255
26433,7979223
26434,2276652
26435,4390421
26436,4394672
26437,4269837
26438,7689129
26439,6704109
26440,10375957
26441,10428023
26442,7775414
26443,12822994
26444,6389610
26445,7300435
26446,4441562
26447,5487525
26448,6641339
26449,3680158
26450,3740073
26451,3621773
26452,3721902
26453,3701496
26454,3622348
26455,1906519
26456,2796991
26457,5361718
26458,2940765
26459,3508669
26460,3739107
26461,3816061
26462,3709631
26463,3709955
26464,3884088
26465,3737157
26466,3545464
26467,3617183
26468,3586094
26469,3948530
26470,3570762
26471,4037294
26472,5192247
26473,4780919
26474,3677394
26475,3717743
26476,2760457
26477,3513992
26478,4716231
26479,3577783
26480,15631570
26481,2064301
26482,2071872
26483,3655335
26484,3740866
26485,5086328
26486,3558519
26487,2295579
26488,3752260
26489,3808562
26490,2587994
26491,2503931
26492,1793623
26493,5116750
26494,7796134
26495,5438196
26496,8089335
26497,2172655
26498,5148155
26499,5441464
26500,2796528
26501,2074104
26502,2692772
26503,3834887
26504,2614407
26505,3811364
26506,2696347
26507,2106225
26508,3191266
26509,3724523
26510,2861739
26511,2777379
26512,6389884
26513,6461940
26514,8156411
26515,3422891
26516,2855505
26517,2820669
26518,5606245
26519,2605339
26520,19201107
26521,4640635
26522,1989714
26523,10384251
26524,4183142
26525,2414603
26526,6413502
26527,2304901
26528,2803574
26529,2400162
26530,2628403
26531,2375391
26532,2407568
26533,1949639
26534,3273458
26535,2495224
26536,1732657
26537,1969161
26538,2283433
26539,3211644
26540,14408888
26541,16842236
26542,2925284
26543,2985454
26544,1961026
26545,2618809
26546,2962479
26547,2194790
26548,2054575
26549,1876455
26550,2445369
26551,3170894
26552,2257622
26553,2294961
26554,1726184
26555,4967742
26556,2406973
26557,2338389
26558,2486636
26559,2021735
26560,2296834
26561,1923450
26562,10538010
26563,2807404
26564,2540536
26565,4624312
26566,1840801
26567,1710837
26568,2073430
26569,2702998
26570,2762762
26571,1911908
26572,2532151
26573,5634536
26574,2628657
26575,3713078
26576,6215104
26577,2380024
26578,1948720
26579,2110496
26580,2892551
26581,3142534
26582,3543478
26583,5187971
26584,7075557
26585,5396963
26586,2163899
26587,3865491
26588,6045226
26589,3652953
26590,7968664
26591,2220615
26592,8460843
26593,2977427
26594,1824169
26595,1928986
26596,1813505
26597,3974978
26598,2221938
26599,2608672
26600,3740596
26601,4693760
26602,3642920
26603,3427743
26604,2960926
26605,5478756
26606,2686040
26607,2132044
26608,5239815
26609,3648735
26610,2849252
26611,2697827
26612,2562028
26613,2804896
26614,3581246
26615,2123616
26616,3938246
26617,2803771
26618,3688550
26619,3884275
26620,2032197
26621,3402336
26622,1867553
26623,1954902
26624,4497338
26625,5248673
26626,1814872
26627,3580217
26628,1862117
26629,2034145
26630,2839090
26631,3268607
26632,10174633
26633,2567355
26634,2466425
26635,2125412
26636,2942142
26637,2213197
26638,2025057
26639,1821608
26640,2873855
26641,3076553
26642,2263460
26643,3876493
26644,2212407
26645,3170125
26646,5170448
26647,2377042
26648,2757570
26649,2663540
26650,2021057
26651,2145553
26652,2409386
26653,2207966
26654,2032039
26655,9917451
26656,10874541
26657,3276696
26658,4698261
26659,2445158
26660,2942889
26661,2712586
26662,2139500
26663,3067483
26664,6624642
26665,12168214
26666,4524973
26667,4266107
26668,3904107
26669,4435208
26670,1857036
26671,3953691
26672,4845029
26673,4107995
26674,2009325
26675,2096827
26676,2141405
26677,2357666
26678,1983162
26679,2303469
26680,2353945
26681,3694287
26682,3756700
26683,6065653
26684,7366464
26685,2107162
26686,2058479
26687,1986928
26688,7008636
26689,2326167
26690,5091647
26691,6543527
26692,2198051
26693,3018071
26694,3018417
26695,2237870
26696,2205925
26697,2338131
26698,4230030
26699,2250503
26700,2539479
26701,2692161
26702,1814721
26703,3546117
26704,1891587
26705,5806399
26706,3434699
26707,5061095
26708,18964583
26709,4740072
26710,7849992
26711,3972629
26712,2214077
26713,2448680
26714,2195005
26715,3090150
26716,1955766
26717,2307496
26718,2020974
26719,1842158
26720,2802961
26721,2326665
26722,6764641
26723,2904038
26724,4365030
26725,5596964
26726,3839681
26727,2685722
26728,2518072
26729,3880113
26730,18091744
26731,2536572
26732,2348999
26733,4270436
26734,2109563
26735,3363051
26736,3762861
26737,5189619
26738,2322413
26739,2076386
26740,3253478
26741,2673949
26742,2844840
26743,10263696
26744,3178730
26745,7673199
26746,12026251
26747,2074790
26748,4533176
26749,6601786
26750,3396791
26751,3423032
26752,2182109
26753,3139332
26754,2444897
26755,2538515
26756,6139320
26757,2124562
26758,2312194
26759,2082665
26760,2458632
26761,2434237
26762,3224518
26763,2572750
26764,2143885
26765,4933502
26766,2253194
26767,9350587
26768,2476481
26769,5532503
26770,2349906
26771,5199702
26772,5908865
26773,2107454
26774,8295085
26775,4155927
26776,2475297
26777,3235214
26778,1776032
26779,2719028
26780,2523530
26781,3156225
26782,2230484
26783,2126477
26784,2227387
26785,2551527
26786,2821846
26787,2141756
26788,5288988
26789,4281194
26790,4787151
26791,5333908
26792,2279340
26793,9269542
26794,3584875
26795,2377306
26796,1939370
26797,2119034
26798,2901195
26799,3709312
26800,2704868
26801,2302913
26802,2460685
26803,2136601
26804,2142486
26805,2325132
26806,2174129
26807,3650052
26808,3472148
26809,6186199
26810,2468617
26811,4935496
26812,2142651
26813,2176078
26814,13075065
26815,3899962
26816,2150891
26817,3184917
26818,3050171
26819,3214103
26820,4917310
26821,3119601
26822,2257319
26823,3907441
26824,2925637
26825,3864907
26826,2282152
26827,2347540
26828,2085684
26829,2986216
26830,1786694
26831,4968922
26832,5493385
26833,2310787
26834,7397753
26835,8186889
26836,2624256
26837,2343704
26838,2136719
26839,1740787
26840,1716332
26841,1939389
26842,2045428
26843,1723180
26844,2142477
26845,4905606
26846,1754938
26847,1731311
26848,1808983
26849,2531198
26850,1793292
26851,1741433
26852,2358752
26853,2599444
26854,2465204
26855,2627012
26856,4191147
26857,5011528
26858,1807697
26859,2713442
26860,1894393
26861,2132036
26862,2428850
26863,3809955
26864,3680917
26865,3680244
26866,3835005
26867,3854479
26868,7646182
26869,3686277
26870,2865399
26871,2034138
26872,1790377
26873,1811651
26874,2329177
26875,1960356
26876,1930806
26877,5532098
26878,2577847
26879,2179448
26880,2333380
26881,3923347
26882,4404154
26883,1879373
26884,17375931
26885,2528778
26886,6388839
26887,4603387
26888,5491936
26889,4732598
26890,2190551
26891,2047336
26892,2042221
26893,2063028
26894,3913953
26895,2534125
26896,5729083
26897,8533727
26898,4355198
26899,2731127
26900,3350146
26901,3830846
26902,4285644
26903,5103954
26904,9680809
26905,2986497
26906,2275436
26907,2238290
26908,2512132
26909,2694637
26910,2344032
26911,6237974
26912,4517917
26913,2413517
26914,3353932
26915,1968289
26916,2286405
26917,2583406
26918,2004133
26919,3056652
26920,3864598
26921,4558935
26922,2818603
26923,2710611
26924,4059931
26925,3190438
26926,4371469
26927,3948912
26928,8001893
26929,3676758
26930,2503490
26931,2097350
26932,2124476
26933,2120202
26934,2332657
26935,2944199
26936,3734936
26937,3228937
26938,2174535
26939,2540855
26940,3163745
26941,2662178
26942,4183859
26943,5643984
26944,3521884
26945,4948076
26946,6291046
26947,1608697
26948,2684213
26949,5227603
26950,2721616
26951,3445244
26952,3457731
26953,2839288
26954,4275397
26955,3511124
26956,4329410
26957,3300751
26958,8765142
26959,4193012
26960,3426361
26961,8261093
26962,2557265
26963,5628784
26964,2308331
26965,3131328
26966,3638109
26967,2890666
26968,2452919
26969,3106330
26970,2765118
26971,5387431
26972,2406601
26973,3024676
26974,3196120
26975,2808942
26976,4389991
26977,4955582
26978,2686555
26979,1859465
26980,4982447
26981,7579239
26982,7530689
26983,4067895
26984,2411131
26985,3927255
26986,3698095
26987,2689549
26988,4263172
26989,2355697
26990,2974025
26991,4961323
26992,2002871
26993,2876686
26994,2151991
26995,2017277
26996,6294626
26997,4592366
26998,2785067
26999,2903117
27000,2328926
27001,5302659
27002,2694106
27003,2647847
27004,2308703
27005,4240011
27006,4345692
27007,5190349
27008,4879993
27009,4727740
27010,2916210
27011,2055426
27012,2756455
27013,4704979
27014,17845782
27015,2457412
27016,3018172
27017,9748512
27018,2654143
27019,1829343
27020,2575706
27021,4371547
27022,4615085
27023,2562393
27024,6432071
27025,2427900
27026,3435361
27027,2516197
27028,3960125
27029,3907160
27030,3229436
27031,5773013
27032,2287272
27033,5556653
27034,2788641
27035,3020237
27036,3588232
27037,2438915
27038,2817082
27039,1835537
27040,2320410
27041,2143196
27042,2583777
27043,1801628
27044,9462050
27045,6271034
27046,2700849
27047,4668212
27048,3642733
27049,5469316
27050,3212931
27051,2890451
27052,5328282
27053,6068763
27054,6941582
27055,6666819
27056,2226089
27057,2069886
27058,4076084
27059,4117683
27060,1935913
27061,5381479
27062,2292521
27063,2812019
27064,5295619
27065,6135290
27066,3980873
27067,6325388
27068,3940925
27069,4322947
27070,1907508
27071,2941868
27072,3823063
27073,2876161
27074,3180563
27075,2882678
27076,9012652
27077,3208999
27078,2824169
27079,1990800
27080,2371129
27081,2564458
27082,2303079
27083,6220297
27084,2017551
27085,6107146
27086,1882161
27087,5719660
27088,2841009
27089,7628350
27090,3739932
27091,2904278
27092,2137822
27093,2546429
27094,3167105
27095,4152388
27096,3974732
27097,6165091
27098,2642061
27099,2319220
27100,2563102
27101,4006970
27102,3570471
27103,3367140
27104,6196610
27105,4624838
27106,3377236
27107,2950193
27108,4441583
27109,2875822
27110,3085932
27111,4414252
27112,7038279
27113,3026929
27114,2495184
27115,2332897
27116,2431503
27117,2462823
27118,21244875
27119,2687167
27120,1920883
27121,2221532
27122,2173304
27123,2564748
27124,3196046
27125,3142889
27126,5526092
27127,2625987
27128,1861165
27129,4136272
27130,2745224
27131,2510669
27132,2744824
27133,5376567
27134,4145554
27135,2789404
27136,3983944
27137,2274185
27138,2464729
27139,3059171
27140,2167337
27141,6866988
27142,2810929
27143,4858498
27144,2885517
27145,2096645
27146,2158708
27147,3053354
27148,3503855
27149,2034411
27150,2477390
27151,6779529
27152,2570542
27153,3823348
27154,2869442
27155,5203652
27156,5766513
27157,4247099
27158,2945014
27159,2113147
27160,2255453
27161,7530214
27162,2772865
27163,3474268
27164,3521467
27165,2500722
27166,2833549
27167,2736903
27168,4754779
27169,3284749
27170,2386273
27171,5208794
27172,2833374
27173,2282380
27174,2574743
27175,2743131
27176,3089380
27177,3406351
27178,2409192
27179,2108192
27180,2410401
27181,2455347
27182,2676603
27183,2599624
27184,2512918
27185,5187597
27186,2515194
27187,2353320
27188,2897803
27189,3286071
27190,2601472
27191,2262529
27192,5750446
27193,1821229
27194,1898336
27195,3931714
27196,2676192
27197,2490994
27198,2753268
27199,2053084
27200,2266642
27201,7867114
27202,3737485
27203,2695281
27204,2490806
27205,5360963
27206,6748476
27207,2550979
27208,2707022
27209,2997851
27210,2795197
27211,2276078
27212,4584202
27213,5895742
27214,5861661
27215,3805588
27216,3716043
27217,4910966
27218,2892659
27219,4048527
27220,4882566
27221,5214685
27222,7512449
27223,5243227
27224,1837203
27225,4626038
27226,4309306
27227,4731989
27228,4115222
27229,5369716
27230,2297752
27231,2577706
27232,1995651
27233,3755952
27234,11539280
27235,11089779
27236,2753581
27237,2675876
27238,3687586
27239,2067603
27240,6881124
27241,6574653
27242,2160562
27243,2644663
27244,8468169
27245,2673853
27246,5497204
27247,3331731
27248,10032858
27249,2644952
27250,3380000
27251,2499777
27252,2139971
27253,2603821
27254,2461290
27255,9787146
27256,3585194
27257,2229368
27258,2394553
27259,1980536
27260,3506426
27261,3044125
27262,1877213
27263,2544117
27264,2187273
27265,2449681
27266,3688521
27267,4387558
27268,5337334
27269,2633862
27270,2907304
27271,2127993
27272,3291564
27273,3341500
27274,5442725
27275,4310747
27276,7267855
27277,2455126
27278,2905367
27279,1866630
27280,5423483
27281,1896510
27282,2617752
27283,2097507
27284,4939552
27285,4262434
27286,6198356
27287,1860995
27288,2562054
27289,3280511
27290,3301537
27291,4964157
27292,1825380
27293,5968038
27294,2122441
27295,4978685
27296,3153582
27297,2275654
27298,3336742
27299,2297322
27300,2438644
27301,2526531
27302,5112578
27303,1860124
27304,1971050
27305,3334571
27306,4359954
27307,2256112
27308,5425020
27309,2239936
27310,3152097
27311,6118340
27312,5147066
27313,8467315
27314,6054175
27315,4304197
27316,1966074
27317,1898267
27318,2553734
27319,1740076
27320,7400491
27321,3631146
27322,2144065
27323,4458313
27324,2007782
27325,1880052
27326,5577198
27327,4578223
27328,2681266
27329,3900247
27330,3743714
27331,4825636
27332,2376271
27333,2496846
27334,2531145
27335,2871740
27336,2453128
27337,2791373
27338,2123049
27339,2260786
27340,2313991
27341,1967454
27342,4335209
27343,2601425
27344,2495956
27345,3808471
27346,8094923
27347,4238695
27348,2599216
27349,1968116
27350,2280002
27351,2376169
27352,3276874
27353,2616905
27354,1932119
27355,2223374
27356,4816559
27357,2648283
27358,3194556
27359,2154573
27360,5014158
27361,2132741
27362,2777299
27363,5717876
27364,3016434
27365,2414208
27366,6337799
27367,2081550
27368,2399887
27369,2283518
27370,4969684
27371,1992864
27372,4656908
27373,4372863
27374,4645786
27375,3001538
27376,3353759
27377,3568193
27378,2214823
27379,2761060
27380,4159971
27381,12800080
27382,2755860
27383,3088577
27384,2843071
27385,8411790
27386,4500296
27387,2935495
27388,4701048
27389,5686668
27390,6538818
27391,3155755
27392,2778320
27393,2717510
27394,1847586
27395,2762490
27396,4020364
27397,7142034
27398,3118158
27399,2125908
27400,4528910
27401,6491737
27402,20814107
27403,2998911
27404,3543980
27405,4394402
27406,2928191
27407,3378168
27408,2952624
27409,4738252
27410,2755325
27411,2914769
27412,2492897
27413,4971315
27414,2185721
27415,3581673
27416,6316953
27417,2273811
27418,2700132
27419,5141630
27420,3788892
27421,2318435
27422,4188560
27423,12765974
27424,5783546
27425,3173096
27426,2539664
27427,4851519
27428,3490298
27429,3457077
27430,3693885
27431,2090480
27432,6321923
27433,5965406
27434,19320279
27435,4234122
27436,2399044
27437,5167874
27438,3876300
27439,2291285
27440,2702283
27441,1954719
27442,4315065
27443,8483906
27444,10136601
27445,6392941
27446,3480464
27447,4778100
27448,5512008
27449,2889320
27450,3290489
27451,3285989
27452,2588534
27453,5319714
27454,2607417
27455,2425062
27456,3454386
27457,9138945
27458,5435545
27459,3816139
27460,3101702
27461,2547742
27462,3186296
27463,5396205
27464,6142346
27465,5023105
27466,3331671
27467,5381134
27468,4485892
27469,2322104
27470,4151125
27471,2193435
27472,3665274
27473,2917773
27474,2359661
27475,2470953
27476,2399684
27477,3075431
27478,2583823
27479,2194161
27480,2314494
27481,2115383
27482,3998463
27483,4602779
27484,11595552
27485,2340676
27486,3716414
27487,3142467
27488,3077747
27489,3869495
27490,3388422
27491,5284689
27492,2316281
27493,2717453
27494,2334682
27495,2223785
27496,3839978
27497,2315465
27498,2412071
27499,4003396
27500,2578594
27501,2210994
27502,2475737
27503,2894671
27504,2685640
27505,2291274
27506,2334319
27507,4959246
27508,7450873
27509,6842202
27510,5677621
27511,5838578
27512,2991315
27513,8401900
27514,3380802
27515,2596919
27516,13056544
27517,7285187
27518,3699660
27519,4833112
27520,2028751
27521,3224288
27522,2404603
27523,3229671
27524,2075812
27525,2109278
27526,3863502
27527,1961451
27528,5263672
27529,3455839
27530,3740515
27531,5013652
27532,2951156
27533,10514064
27534,8072579
27535,5038836
27536,5205338
27537,5892638
27538,3643576
27539,2930444
27540,5373748
27541,2456435
27542,2882888
27543,9074377
27544,1905737
27545,1933338
27546,5536723
27547,2229876
27548,8625880
27549,3728241
27550,4425355
27551,2500239
27552,2749056
27553,2819256
27554,5251079
27555,7160008
27556,6537213
27557,6166089
27558,3476857
27559,1802728
27560,2875880
27561,2472265
27562,2637931
27563,2463400
27564,7622265
27565,1928898
27566,2219495
27567,6078215
27568,7684207
27569,6991410
27570,3383760
27571,3150382
27572,1919433
27573,2042203
27574,4098833
27575,6026399
27576,1897255
27577,6112642
27578,7421906
27579,2494727
27580,20907444
27581,4283771
27582,2435525
27583,4886459
27584,2809631
27585,4208580
27586,2117701
27587,3365928
27588,2352058
27589,1771125
27590,2750928
27591,2815287
27592,2221834
27593,6985250
27594,2152898
27595,3071837
27596,3214339
27597,1854486
27598,2946763
27599,3108519
27600,4522819
27601,2962148
27602,3995029
27603,7285231
27604,6390977
27605,4768269
27606,3624004
27607,2983361
27608,7707005
27609,5799899
27610,2590242
27611,4548274
27612,6983260
27613,3006803
27614,4319082
27615,2495148
27616,2938584
27617,2649542
27618,2661731
27619,3528642
27620,2859129
27621,5354853
27622,2591871
27623,2850469
27624,2906997
27625,2870993
27626,5520632
27627,2996939
27628,4275681
27629,2168709
27630,5712408
27631,3713669
27632,2778451
27633,2306561
27634,2220789
27635,3021486
27636,3348557
27637,2620560
27638,3617819
27639,2505076
27640,1895327
27641,1827414
27642,3040136
27643,1928957
27644,2405840
27645,2780112
27646,7080195
27647,2221979
27648,2758952
27649,3231285
27650,2783521
27651,2615361
27652,2478345
27653,2578368
27654,2709330
27655,2436686
27656,2275859
27657,5238728
27658,4007083
27659,5124880
27660,3861608
27661,1884668
27662,2296245
27663,6937460
27664,5668909
27665,2003478
27666,2393677
27667,2225315
27668,5525799
27669,5849218
27670,4777876
27671,3824549
27672,6870223
27673,2509495
27674,4687576
27675,5024997
27676,2196678
27677,5698610
27678,3871388
27679,2517124
27680,3159926
27681,2193365
27682,2214153
27683,2888759
27684,5496139
27685,4348320
27686,2270427
27687,2537181
27688,2666719
27689,2494674
27690,15006774
27691,3525533
27692,5713273
27693,4159194
27694,4079199
27695,2584558
27696,2523971
27697,2212155
27698,4666460
27699,3490771
27700,3492699
27701,4234423
27702,4735043
27703,8240580
27704,4647395
27705,4196391
27706,2876155
27707,4717541
27708,3537289
27709,3087077
27710,2015703
27711,2264873
27712,2198521
27713,2763282
27714,2651089
27715,5273581
27716,2789084
27717,3606231
27718,6092051
27719,4152754
27720,4042878
27721,2977207
27722,3065525
27723,4276850
27724,2904789
27725,4060101
27726,3206515
27727,1966235
27728,3349202
27729,2707300
27730,3009647
27731,3233858
27732,2833517
27733,2156433
27734,3798024
27735,5483233
27736,6705759
27737,4854693
27738,3171564
27739,1786397
27740,3636788
27741,2389590
27742,2051513
27743,7544700
27744,2209599
27745,2549627
27746,4235090
27747,5664702
27748,13352609
27749,2597990
27750,2307573
27751,2132043
27752,2921264
27753,2130774
27754,2786967
27755,3010565
27756,2539690
27757,2109939
27758,4694169
27759,4481423
27760,3009528
27761,1839955
27762,2526338
27763,5071912
27764,5127495
27765,4138688
27766,3431643
27767,4676087
27768,4314776
27769,5899288
27770,4121308
27771,2185760
27772,2065143
27773,4477482
27774,5000372
27775,2169815
27776,2005054
27777,1919026
27778,1726814
27779,2254433
27780,8494046
27781,3352802
27782,1837965
27783,2716043
27784,3263321
27785,2801602
27786,2255258
27787,2323668
27788,3530075
27789,4572032
27790,4340560
27791,3805750
27792,2892150
27793,2569776
27794,2549741
27795,2033760
27796,1968629
27797,2443156
27798,2001912
27799,1945834
27800,3866370
27801,5349641
27802,1951109
27803,1882721
27804,2005131
27805,2161736
27806,7938960
27807,4065558
27808,2065079
27809,2465866
27810,2045943
27811,3762323
27812,9015801
27813,9543355
27814,3535571
27815,2341695
27816,3732657
27817,5763490
27818,2440743
27819,1889594
27820,2055674
27821,2135631
27822,4150483
27823,4689257
27824,3795246
27825,5763445
27826,5042800
27827,5326215
27828,5946200
27829,4844248
27830,4561916
27831,4583075
27832,2471869
27833,2515300
27834,2978937
27835,3910225
27836,2415103
27837,3987108
27838,8507748
27839,1772305
27840,3217672
27841,2381276
27842,1853765
27843,4206445
27844,2524790
27845,3018045
27846,2505161
27847,2695853
27848,5001179
27849,3320307
27850,2826231
27851,2405909
27852,2491804
27853,5631620
27854,3239687
27855,2775029
27856,3859877
27857,2775279
27858,2802888
27859,1852626
27860,3466318
27861,5187137
27862,3058935
27863,2608473
27864,4618282
27865,3014564
27866,2789041
27867,3257567
27868,4070473
27869,3076902
27870,4410685
27871,3438554
27872,3376082
27873,2943636
27874,1739293
27875,5044865
27876,4011938
27877,2415293
27878,2263536
27879,2267152
27880,2536594
27881,2429086
27882,2258117
27883,2554408
27884,2375344
27885,10495487
27886,3777839
27887,2408131
27888,2715790
27889,2307640
27890,2153307
27891,2827427
27892,2249490
27893,3698566
27894,3428744
27895,9263991
27896,2870733
27897,3788219
27898,3706062
27899,2103763
27900,3202727
27901,2916797
27902,2170578
27903,5348188
27904,2643664
27905,3844791
27906,12931934
27907,5677771
27908,2970495
27909,3469571
27910,3241784
27911,6089316
27912,3987566
27913,8660839
27914,4153074
27915,2210008
27916,7765164
27917,9831702
27918,2422477
27919,7687646
27920,4444221
27921,4888369
27922,2310675
27923,2215648
27924,2311287
27925,2014616
27926,4752183
27927,18264142
27928,7938964
27929,3726838
27930,2287707
27931,2596357
27932,3737168
27933,4273248
27934,7689017
27935,3607885
27936,2486662
27937,1883157
27938,2764439
27939,5304708
27940,5947437
27941,2268168
27942,1876357
27943,2051173
27944,2198510
27945,4232652
27946,2011026
27947,5196595
27948,10386462
27949,3967632
27950,3668187
27951,3305614
27952,2155310
27953,5112936
27954,2386651
27955,2175987
27956,2110643
27957,4119452
27958,2140758
27959,2011946
27960,2777073
27961,4699151
27962,1840133
27963,9857195
27964,3204070
27965,2235494
27966,2255145
27967,4946198
27968,2218461
27969,16656426
27970,3343593
27971,8850426
27972,6760071
27973,3108233
27974,2190543
27975,2057085
27976,2381048
27977,1903018
27978,2202705
27979,4060415
27980,3176011
27981,3699562
27982,2513457
27983,13924831
27984,2401232
27985,1837509
27986,2111376
27987,2155702
27988,3570748
27989,2374854
27990,14857587
27991,5733478
27992,3189759
27993,1858703
27994,3415423
27995,4438415
27996,3832002
27997,3559749
27998,3740928
27999,4276370
28000,2332670
28001,1934752
28002,1934851
28003,6613320
28004,3033774
28005,1900089
28006,2418015
28007,4497258
28008,2175081
28009,2420692
28010,1897149
28011,14074159
28012,3978007
28013,2400308
28014,6541519
28015,7101703
28016,2103084
28017,2019765
28018,6771044
28019,1859771
28020,2206943
28021,2786675
28022,1847767
28023,4690901
28024,1732772
28025,3492906
28026,2406034
28027,4663307
28028,2485493
28029,2771535
28030,2609097
28031,6207759
28032,9709078
28033,5520883
28034,11412944
28035,5466041
28036,3510156
28037,5643207
28038,2986968
28039,5072740
28040,3227466
28041,3312861
28042,3173434
28043,2267589
28044,2609033
28045,4078432
28046,4172451
28047,2784777
28048,2795853
28049,2107546
28050,6729745
28051,1979374
28052,3054807
28053,8666194
28054,5288337
28055,2691890
28056,1979102
28057,6229544
28058,3633568
28059,2058640
28060,5793553
28061,6359851
28062,1886786
28063,1754464
28064,3510739
28065,6194863
28066,3461985
28067,3973958
28068,3095690
28069,2026322
28070,3327067
28071,6493363
28072,3183686
28073,3348131
28074,5422540
28075,2359812
28076,2263388
28077,2055069
28078,2387272
28079,3286715
28080,2220522
28081,2377224
28082,3929738
28083,5540547
28084,18336071
28085,6628202
28086,6289180
28087,3271561
28088,2079717
28089,2156175
28090,2877098
28091,2750795
28092,4998418
28093,2475983
28094,2329486
28095,4350917
28096,3605993
28097,14286296
28098,3977300
28099,1853252
28100,2303200
28101,3258917
28102,4429207
28103,3104016
28104,6608930
28105,15938772
28106,3239825
28107,6185047
28108,3868236
28109,4843280
28110,3502604
28111,4616464
28112,2595622
28113,2680304
28114,2654507
28115,2864393
28116,3027690
28117,5629773
28118,5936635
28119,2761214
28120,4095104
28121,1948577
28122,2519860
28123,2246245
28124,3515276
28125,4544389
28126,23407690
28127,4900511
28128,3833849
28129,3839203
28130,3533101
28131,2395206
28132,6699727
28133,5266758
28134,6490647
28135,2562339
28136,2142667
28137,10025356
28138,5018835
28139,3627336
28140,5164999
28141,2733848
28142,6570013
28143,3510557
28144,2227585
28145,2478067
28146,3974036
28147,18058127
28148,2618774
28149,2850747
28150,2109025
28151,6418746
28152,2923070
28153,5549834
28154,2637611
28155,10177623
28156,3890724
28157,3181263
28158,3020453
28159,2999172
28160,4059279
28161,9328828
28162,2614747
28163,4817269
28164,3973258
28165,3558325
28166,3376283
28167,2587298
28168,21104857
28169,4926108
28170,3752503
28171,2429735
28172,4557369
28173,1966695
28174,3319093
28175,6349135
28176,4162515
28177,5315628
28178,3641792
28179,6179017
28180,3428773
28181,6250307
28182,3454513
28183,3737378
28184,2054064
28185,2631367
28186,4244989
28187,2956101
28188,2838487
28189,18719391
28190,3965428
28191,4150842
28192,5384778
28193,5881040
28194,2205879
28195,2454267
28196,4511227
28197,2670969
28198,3145311
28199,4082211
28200,14492211
28201,6750155
28202,4883451
28203,4443685
28204,6169989
28205,2926864
28206,3790429
28207,3380817
28208,2822735
28209,2688134
28210,19931316
28211,5914876
28212,5471546
28213,2561558
28214,4035869
28215,4718981
28216,5098938
28217,2318668
28218,3398281
28219,2248033
28220,3358461
28221,3397696
28222,2275218
28223,4261008
28224,6108192
28225,10648891
28226,2499459
28227,6095377
28228,4651431
28229,5785149
28230,3864727
28231,19591323
28232,7341363
28233,3713700
28234,2503411
28235,3496474
28236,3256892
28237,1724573
28238,3076351
28239,6126509
28240,2194191
28241,5072746
28242,3163175
28243,2114266
28244,3853312
28245,2948647
28246,2538927
28247,3066791
28248,1934581
28249,2777137
28250,3518303
28251,16898625
28252,2855610
28253,4027742
28254,6595099
28255,3006097
28256,2781577
28257,1883481
28258,1761735
28259,6883057
28260,2188770
28261,5036594
28262,2674892
28263,5568709
28264,5117894
28265,2344110
28266,3204274
28267,3362723
28268,3678194
28269,1878576
28270,3247342
28271,2194443
28272,2761074
28273,4919658
28274,2615780
28275,6427219
28276,3989212
28277,2626361
28278,3425159
28279,2053061
28280,2930391
28281,3022698
28282,3025284
28283,3293639
28284,9133428
28285,2487852
28286,4479693
28287,2299471
28288,3891496
28289,2621827
28290,3598670
28291,9314511
28292,2741493
28293,2195387
28294,2646262
28295,1973763
28296,2220615
28297,2127226
28298,6333527
28299,4913234
28300,2154841
28301,1895902
28302,4650116
28303,2177151
28304,2027755
28305,3259907
28306,2306187
28307,2630431
28308,3237771
28309,2207026
28310,2364382
28311,2431353
28312,2793405
28313,5701079
28314,2121191
28315,3973827
28316,2478610
28317,2515399
28318,6255963
28319,2868043
28320,3575668
28321,3099696
28322,2575805
28323,3413807
28324,3854447
28325,3102929
28326,9884193
28327,2808789
28328,2300256
28329,2108903
28330,2874020
28331,2244112
28332,4777502
28333,1945959
28334,7752353
28335,10400512
28336,5336168
28337,5131812
28338,8984781
28339,4465244
28340,2935996
28341,3961616
28342,2820750
28343,5196717
28344,3168092
28345,3025071
28346,3545272
28347,8524295
28348,3752119
28349,3154229
28350,3906661
28351,3527699
28352,4585154
28353,6419718
28354,3876379
28355,6867248
28356,3485164
28357,4197224
28358,2395693
28359,4981571
28360,2089036
28361,2527352
28362,2823429
28363,3551223
28364,4402672
28365,2137443
28366,8994524
28367,2701935
28368,4376340
28369,7369873
28370,4084666
28371,5812071
28372,4091575
28373,3292712
28374,2936040
28375,2847085
28376,3717796
28377,3526223
28378,20855949
28379,4556364
28380,4083626
28381,3159690
28382,2344530
28383,4072484
28384,2542248
28385,1916994
28386,3644610
28387,5087676
28388,2973731
28389,4751778
28390,3912528
28391,4241404
28392,4234091
28393,2625608
28394,3453301
28395,4994674
28396,3988452
28397,2644229
28398,6700319
28399,3443990
28400,3463195
28401,6322814
28402,3788970
28403,2529847
28404,6210781
28405,2646894
28406,4927356
28407,2181077
28408,2811558
28409,4305394
28410,11680878
28411,6298833
28412,4639191
28413,6170082
28414,2401464
28415,2322436
28416,3234252
28417,3163106
28418,3260754
28419,3605474
28420,2050999
28421,3641835
28422,6466520
28423,5145320
28424,4023992
28425,6015225
28426,4679968
28427,5725919
28428,3945898
28429,1914152
28430,3657508
28431,13481817
28432,5312908
28433,6819449
28434,6531777
28435,12386323
28436,3418444
28437,5017091
28438,1824073
28439,5597402
28440,1965717
28441,6285110
28442,3664139
28443,4284817
28444,2945079
28445,2393202
28446,3823460
28447,2393101
28448,2740267
28449,11691906
28450,4240056
28451,5092922
28452,5836019
28453,3021086
28454,5890295
28455,4064072
28456,1785862
28457,1818688
28458,3585932
28459,2187311
28460,7555799
28461,4189495
28462,4924496
28463,2277062
28464,3414941
28465,4440369
28466,3032544
28467,2551084
28468,2851996
28469,4381780
28470,2896782
28471,3131751
28472,3508355
28473,5436469
28474,2964463
28475,7566328
28476,3355623
28477,5215186
28478,9237171
28479,3072707
28480,3950211
28481,2998655
28482,3915748
28483,1770027
28484,1638582
28485,1890185
28486,8299829
28487,1717092
28488,3063871
28489,1668765
28490,1721060
28491,1861412
28492,1826923
28493,3444520
28494,3884931
28495,4114132
28496,3430701
28497,2008144
28498,7266912
28499,4955679
28500,2973189
28501,3072957
28502,3144639
28503,2212005
28504,3961533
28505,2596378
28506,2414581
28507,3344558
28508,5191294
28509,4933319
28510,2901821
28511,3974880
28512,2825620
28513,5597567
28514,1806601
28515,3771997
28516,2836623
28517,3170040
28518,3846689
28519,6968908
28520,2268537
28521,6266124
28522,1814918
28523,4158352
28524,7967447
28525,1994824
28526,3140594
28527,2913196
28528,13416783
28529,7254299
28530,4112165
28531,3144909
28532,10779621
28533,3849725
28534,2922139
28535,1854143
28536,4462308
28537,4972063
28538,2789318
28539,3978036
28540,1692393
28541,2541081
28542,2147367
28543,1924052
28544,3007608
28545,3736198
28546,2157263
28547,6138821
28548,10967409
28549,7960150
28550,11789169
28551,13815173
28552,5719992
28553,5613553
28554,5233066
28555,5307240
28556,5997486
28557,5093068
28558,4876716
28559,2721629
28560,2329973
28561,3052999
28562,5071872
28563,2049155
28564,2729957
28565,8567489
28566,4176712
28567,2986514
28568,3488642
28569,2515070
28570,5416633
28571,2329816
28572,2745470
28573,2527310
28574,3729694
28575,3313009
28576,4528391
28577,1819907
28578,2976008
28579,3446858
28580,8416652
28581,6720129
28582,6063869
28583,4774062
28584,4098765
28585,8034604
28586,8463397
28587,2010499
28588,2324166
28589,4108341
28590,2477056
28591,2455341
28592,3865358
28593,3603765
28594,3397756
28595,2223284
28596,2182473
28597,2257327
28598,2645567
28599,4624607
28600,6680706
28601,6866731
28602,4475308
28603,2704100
28604,6346827
28605,2307371
28606,4951715
28607,6255166
28608,5305542
28609,2063942
28610,2207136
28611,6360782
28612,2764445
28613,2942240
28614,4054304
28615,2405864
28616,2506750
28617,2437002
28618,4811998
28619,5635279
28620,4114463
28621,3294724
28622,2945447
28623,2627783
28624,2870073
28625,5045440
28626,2658784
28627,2695324
28628,4501112
28629,3720686
28630,6639843
28631,4608654
28632,2816797
28633,2401743
28634,4932692
28635,2502347
28636,3487085
28637,3071380
28638,3459643
28639,2275051
28640,2528740
28641,10041250
28642,2164032
28643,2651388
28644,3196222
28645,2115897
28646,2941446
28647,5208901
28648,4294728
28649,3890849
28650,5098414
28651,1903076
28652,2909784
28653,3976412
28654,3088833
28655,6530737
28656,2831931
28657,3242141
28658,2934313
28659,3717094
28660,2026508
28661,5043970
28662,7401381
28663,2352160
28664,4339744
28665,4376379
28666,2099096
28667,2166959
28668,2551589
28669,4553609
28670,5298872
28671,4519159
28672,2372777
28673,2416117
28674,1800589
28675,2518624
28676,4659347
28677,5647739
28678,3603121
28679,2148885
28680,2107406
28681,5725192
28682,3321340
28683,7980323
28684,2160019
28685,8411676
28686,3718786
28687,3510018
28688,2431829
28689,2342070
28690,3027307
28691,2698742
28692,2927677
28693,3409191
28694,2979756
28695,1796625
28696,3133190
28697,4871267
28698,2709621
28699,5718916
28700,3180182
28701,4109102
28702,2198458
28703,2291602
28704,13118371
28705,4304414
28706,15565544
28707,5593947
28708,13016064
28709,2915046
28710,3144761
28711,2392251
28712,2900434
28713,2290743
28714,2414361
28715,9000589
28716,6190610
28717,7049205
28718,4040337
28719,3200992
28720,5921606
28721,4336233
28722,4628646
28723,2249173
28724,5182761
28725,6756059
28726,2929717
28727,3813087
28728,5844629
28729,5091924
28730,4156047
28731,6935921
28732,4017241
28733,2791674
28734,2717646
28735,5136587
28736,2917582
28737,6627356
28738,4014350
28739,3014275
28740,1807057
28741,7812068
28742,3157574
28743,2787834
28744,2508713
28745,2465591
28746,3544840
28747,2871907
28748,6728269
28749,3090590
28750,2109062
28751,6653653
28752,3706510
28753,2377674
28754,6776778
28755,3302156
28756,11085203
28757,3418761
28758,2529861
28759,1793166
28760,2154495
28761,3796529
28762,4815428
28763,2241471
28764,2192859
28765,5416915
28766,2272896
28767,5317382
28768,4762778
28769,2573607
28770,3282229
28771,1887003
28772,2454230
28773,4682654
28774,4486082
28775,2065253
28776,2237865
28777,4014953
28778,2239123
28779,2633141
28780,9112278
28781,6006838
28782,2557291
28783,2199284
28784,2161576
28785,2318856
28786,2726644
28787,2181568
28788,2957624
28789,2225459
28790,2593043
28791,3190301
28792,3351135
28793,6205541
28794,5709168
28795,2311651
28796,5443342
28797,6167771
28798,6850824
28799,1890760
28800,4017432
28801,2651395
28802,2535582
28803,2203207
28804,1902071
28805,2331590
28806,3761321
28807,6844363
28808,6249434
28809,6294264
28810,13260026
28811,2313941
28812,4009936
28813,10151594
28814,5639970
28815,2456658
28816,3939897
28817,3477745
28818,2282527
28819,4261026
28820,2043370
28821,3531298
28822,2773715
28823,4685835
28824,2859242
28825,2256655
28826,2541008
28827,3497028
28828,3001555
28829,2484616
28830,5265682
28831,3599232
28832,2672866
28833,2451141
28834,4437835
28835,2613309
28836,5790121
28837,3202965
28838,2909636
28839,1910611
28840,2021553
28841,2957684
28842,3948993
28843,2204587
28844,1904811
28845,2682935
28846,4827266
28847,2680897
28848,10470818
28849,2693807
28850,4912876
28851,8332634
28852,2899238
28853,2452313
28854,3156221
28855,3917395
28856,3353146
28857,5673347
28858,4096390
28859,4373218
28860,2366636
28861,4096269
28862,3124162
28863,3233265
28864,3069743
28865,1885762
28866,5774262
28867,6910832
28868,4598422
28869,8880346
28870,2886733
28871,1959039
28872,2849830
28873,7805503
28874,2517723
28875,5574781
28876,2518439
28877,2708739
28878,2982763
28879,2251490
28880,3237934
28881,2681374
28882,3629111
28883,2246489
28884,2399881
28885,2590939
28886,6249282
28887,7219923
28888,7442736
28889,3624048
28890,4819652
28891,3456783
28892,4298200
28893,5506407
28894,2133135
28895,2100031
28896,5838611
28897,5679338
28898,4687454
28899,2329398
28900,1953323
28901,2478486
28902,4530697
28903,2923696
28904,4439771
28905,5766748
28906,5900584
28907,5281429
28908,6361193
28909,2803413
28910,5085945
28911,3193112
28912,2468667
28913,3222243
28914,5273196
28915,2832486
28916,2557801
28917,4549784
28918,2386541
28919,4563436
28920,2791514
28921,2954741
28922,2828754
28923,2023623
28924,6629408
28925,3047145
28926,9748651
28927,4222389
28928,5312358
28929,2279881
28930,5427872
28931,9300943
28932,2702126
28933,2253899
28934,2276196
28935,3020622
28936,2234124
28937,4303802
28938,3847705
28939,6104812
28940,4834728
28941,4917479
28942,7057014
28943,4307947
28944,10367263
28945,2378721
28946,3237289
28947,3186502
28948,4649369
28949,4176134
28950,7428250
28951,11387754
28952,4105918
28953,5372736
28954,3612426
28955,3633903
28956,9771691
28957,3184996
28958,3721222
28959,4658851
28960,2216423
28961,4039739
28962,4136222
28963,2820064
28964,2685719
28965,3934463
28966,5731756
28967,3057439
28968,3578081
28969,3722211
28970,3198020
28971,5954872
28972,5884265
28973,5956813
28974,4194655
28975,2768191
28976,2978567
28977,5746138
28978,3902695
28979,2095818
28980,3529446
28981,6713437
28982,6876697
28983,3907583
28984,2423845
28985,2394293
28986,2823488
28987,3289573
28988,3504534
28989,2401080
28990,2286875
28991,1992785
28992,2526047
28993,6316209
28994,2006434
28995,9018773
28996,3290692
28997,2035438
28998,3363093
28999,3272156
29000,2126927
29001,3146795
29002,2790157
29003,3346605
29004,12259515
29005,2788062
29006,3240592
29007,3091623
29008,6853825
29009,3751968
29010,4719103
29011,5602873
29012,4824217
29013,6247340
29014,1922352
29015,3880025
29016,10746136
29017,2593956
29018,3111703
29019,4524370
29020,2756725
29021,4971491
29022,2935764
29023,2894558
29024,2573878
29025,8658265
29026,2002220
29027,3152924
29028,2957578
29029,3272982
29030,2030935
29031,2412921
29032,7460355
29033,2583575
29034,3912310
29035,7988144
29036,3821077
29037,12265007
29038,2680439
29039,7755531
29040,3140574
29041,2928481
29042,7796575
29043,2764586
29044,3159971
29045,3492816
29046,3345013
29047,4247708
29048,3009442
29049,3764595
29050,3749497
29051,2665998
29052,15020464
29053,2911216
29054,2762375
29055,3210614
29056,2314049
29057,3443019
29058,11630616
29059,2227347
29060,2288734
29061,4734192
29062,3492072
29063,2829334
29064,3967031
29065,2583909
29066,3160690
29067,2264041
29068,3016009
29069,2686648
29070,2782637
29071,2379925
29072,2108080
29073,2520207
29074,2722580
29075,2086576
29076,2308797
29077,2063609
29078,3491323
29079,17124033
29080,12334714
29081,3221563
29082,5954921
29083,3371570
29084,2428015
29085,2753108
29086,3101347
29087,2891028
29088,2635353
29089,2526165
29090,3066685
29091,3905585
29092,3879196
29093,4351311
29094,3065083
29095,3914435
29096,4062045
29097,3937103
29098,4070434
29099,3058466
29100,6024242
29101,4184105
29102,2041979
29103,9359901
29104,4606247
29105,4113885
29106,4480425
29107,4108872
29108,3426849
29109,2996029
29110,1951757
29111,3006003
29112,2661582
29113,3550229
29114,2915643
29115,3749867
29116,3310906
29117,16548198
29118,2882922
29119,2675356
29120,2064750
29121,13885200
29122,4924854
29123,2859882
29124,11574253
29125,2807161
29126,4078218
29127,2740229
29128,2074631
29129,3381671
29130,3785021
29131,3828827
29132,4149063
29133,2293126
29134,2651407
29135,3008664
29136,3432117
29137,5887300
29138,3239032
29139,4484758
29140,2438031
29141,3577350
29142,4628445
29143,2689843
29144,6248061
29145,5275867
29146,5876374
29147,4852854
29148,3339426
29149,13611453
29150,2374089
29151,6272729
29152,1956338
29153,9533636
29154,3631818
29155,2114452
29156,2057366
29157,3168526
29158,8108501
29159,4844882
29160,2137369
29161,2946362
29162,2598644
29163,1802821
29164,2127905
29165,2265444
29166,7771227
29167,3463643
29168,2599544
29169,3282488
29170,6386634
29171,3083034
29172,3559874
29173,3358330
29174,3501317
29175,5437908
29176,3786272
29177,2207195
29178,7787212
29179,2650855
29180,4044027
29181,3639956
29182,2211500
29183,2396436
29184,5650584
29185,3646403
29186,2176949
29187,4472878
29188,2889378
29189,2377582
29190,2619600
29191,4321856
29192,3067652
29193,5198360
29194,3573525
29195,1714059
29196,3652897
29197,21103576
29198,3878400
29199,3285410
29200,2016909
29201,6394554
29202,3265822
29203,2455606
29204,2101767
29205,2351686
29206,7314984
29207,4923873
29208,8208079
29209,4757526
29210,3815702
29211,11743530
29212,3722742
29213,3661961
29214,3386579
29215,2327367
29216,2781529
29217,2323285
29218,2851226
29219,4528887
29220,2461766
29221,4909099
29222,1989975
29223,1909144
29224,3807905
29225,3020038
29226,3712855
29227,2258137
29228,2982744
29229,10248894
29230,4195861
29231,1978273
29232,4190551
29233,3797726
29234,4239625
29235,3182445
29236,2949952
29237,3142652
29238,5297207
29239,2940865
29240,6449380
29241,4871612
29242,2066214
29243,4920252
29244,2821436
29245,1990430
29246,1762816
29247,2460865
29248,3754204
29249,2078464
29250,13051784
29251,2334516
29252,2295327
29253,3840885
29254,2112394
29255,4906604
29256,1771271
29257,1805401
29258,2247117
29259,2158098
29260,3759019
29261,3012249
29262,6164986
29263,2765042
29264,3608661
29265,4069735
29266,4420515
29267,3879728
29268,3220406
29269,1879964
29270,2401438
29271,15608900
29272,3123819
29273,1912701
29274,2116636
29275,2121771
29276,3227486
29277,2019847
29278,1978809
29279,2271112
29280,2853589
29281,3090178
29282,4714554
29283,2804384
29284,2357875
29285,1918720
29286,2347284
29287,3862986
29288,4414527
29289,1960860
29290,2130861
29291,2931227
29292,8878213
29293,3018294
29294,1933162
29295,2264816
29296,2153306
29297,1944046
29298,1864821
29299,3893414
29300,2617275
29301,5466810
29302,2486988
29303,2177016
29304,2978016
29305,4155983
29306,2032694
29307,3465163
29308,2043985
29309,2050944
29310,2202554
29311,2056128
29312,2657402
29313,20235463
29314,5390131
29315,1871436
29316,4082626
29317,3786741
29318,3068807
29319,2748467
29320,2508406
29321,2385670
29322,1859305
29323,4583554
29324,4325407
29325,5446131
29326,2336057
29327,2377682
29328,7785803
29329,4281187
29330,2770939
29331,2940745
29332,2542610
29333,5965547
29334,17912627
29335,3283247
29336,2213700
29337,2279512
29338,2316496
29339,2282486
29340,7235579
29341,2271768
29342,3359707
29343,2559189
29344,4100852
29345,2813066
29346,3503441
29347,3650271
29348,2513234
29349,4714494
29350,2270276
29351,4478073
29352,1886194
29353,2604475
29354,2880356
29355,15022622
29356,3059751
29357,2256700
29358,4014583
29359,2842835
29360,7447796
29361,2669574
29362,9538250
29363,4558527
29364,4977035
29365,4427103
29366,2838899
29367,10780039
29368,2982894
29369,2065967
29370,3170992
29371,4537779
29372,2737570
29373,3483753
29374,2242855
29375,1775260
29376,30402423
29377,4123809
29378,2899294
29379,4717648
29380,4519494
29381,2500599
29382,3018999
29383,6778070
29384,6963150
29385,2200547
29386,5331786
29387,2568019
29388,22212838
29389,2693125
29390,3222415
29391,1935942
29392,2190502
29393,11871340
29394,3212015
29395,4712142
29396,2261776
29397,21141782
29398,4938518
29399,4228191
29400,2191648
29401,2013818
29402,5238061
29403,5710377
29404,4020748
29405,3252036
29406,2979771
29407,2050945
29408,5810710
29409,2303561
29410,3284158
29411,5382526
29412,2976331
29413,2896564
29414,3800850
29415,2591582
29416,3265402
29417,2530185
29418,19044097
29419,2618307
29420,5463910
29421,5127729
29422,2359990
29423,2685821
29424,2589049
29425,2116618
29426,2961597
29427,5649092
29428,4174655
29429,7164647
29430,6206342
29431,5391524
29432,3703719
29433,3686922
29434,10660867
29435,7095473
29436,4571944
29437,2790182
29438,4705658
29439,16734997
29440,4504023
29441,16800133
29442,2507744
29443,2316373
29444,1982331
29445,5727055
29446,2777260
29447,5239012
29448,4422158
29449,3569287
29450,2852922
29451,2292542
29452,9582905
29453,3684140
29454,3613759
29455,3421109
29456,2785103
29457,2258715
29458,3840324
29459,3937324
29460,14771733
29461,4162886
29462,3978870
29463,3934167
29464,3294543
29465,2654699
29466,2746398
29467,2979573
29468,3185965
29469,10761312
29470,5103992
29471,3683234
29472,6328585
29473,4980538
29474,11283436
29475,2670081
29476,3139312
29477,2865804
29478,10632176
29479,4577034
29480,3313224
29481,13170097
29482,10393715
29483,7493025
29484,4064927
29485,2144619
29486,3944979
29487,2031540
29488,2354875
29489,3835793
29490,4984732
29491,3494844
29492,2689607
29493,2438736
29494,6289121
29495,1791618
29496,1773651
29497,2189197
29498,3590309
29499,4776051
29500,3953097
29501,2375112
29502,4902593
29503,2265552
29504,3775683
29505,3122110
29506,1912535
29507,2652814
29508,3835041
29509,3718892
29510,2963960
29511,3881878
29512,2035989
29513,3739699
29514,3845390
29515,3643473
29516,2798073
29517,3586503
29518,3627415
29519,3800795
29520,3675276
29521,4324067
29522,4901336
29523,7006901
29524,1822145
29525,4728513
29526,5399373
29527,3852129
29528,4004550
29529,3522025
29530,3706078
29531,8979277
29532,4512816
29533,4397430
29534,4762477
29535,2048956
29536,9252677
29537,3591288
29538,2934543
29539,5898242
29540,3712046
29541,2576266
29542,3806688
29543,3611390
29544,4622785
29545,4791180
29546,1997342
29547,3629649
29548,3672735
29549,3326508
29550,3861084
29551,3626673
29552,3711390
29553,3194925
29554,1731701
29555,1880922
29556,2090305
29557,3682319
29558,2982444
29559,3840065
29560,4671731
29561,3954716
29562,2380587
29563,3567419
29564,3540342
29565,4607483
29566,3242618
29567,6910482
29568,5217374
29569,6299870
29570,3738219
29571,3555779
29572,2844618
29573,1982237
29574,3851844
29575,3820722
29576,2666691
29577,2042435
29578,2849428
29579,1732558
29580,1962787
29581,4077515
29582,3787418
29583,3755050
29584,5363626
29585,3784743
29586,3450777
29587,2539476
29588,3939112
29589,4868528
29590,3719844
29591,3869345
29592,7112407
29593,3627162
29594,7724805
29595,3191330
29596,5587781
29597,5549425
29598,4181022
29599,5914149
29600,6133060
29601,4762975
29602,6309479
29603,2659267
29604,2682928
29605,8377780
29606,2101662
29607,5002133
29608,2345010
29609,1715345
29610,2853242
29611,4593864
29612,2695739
29613,4306154
29614,2328617
29615,2330013
29616,4829388
29617,3749149
29618,3486872
29619,2902492
29620,3392351
29621,2719933
29622,2913279
29623,3649213
29624,2522328
29625,1995740
29626,3127306
29627,2346749
29628,11256595
29629,6399192
29630,1827325
29631,11132854
29632,3388093
29633,4311383
29634,3257470
29635,11250980
29636,3510212
29637,5091973
29638,4568708
29639,19463517
29640,4090173
29641,1704102
29642,4549041
29643,5151060
29644,3624954
29645,2312877
29646,4105096
29647,3187254
29648,2299024
29649,3510741
29650,2425634
29651,4182119
29652,8359190
29653,2566653
29654,8242090
29655,4635169
29656,6327474
29657,1980288
29658,2131091
29659,5122855
29660,10132891
29661,2673364
29662,1877757
29663,6346314
29664,6144252
29665,2197580
29666,4401182
29667,3411256
29668,4114385
29669,3187683
29670,18986883
29671,4361285
29672,2699055
29673,2912197
29674,3642621
29675,3071256
29676,3075706
29677,3051590
29678,3138851
29679,14433380
29680,4771306
29681,2207160
29682,4097403
29683,2838891
29684,4887228
29685,2636338
29686,3379374
29687,2713307
29688,3086517
29689,2395192
29690,7236313
29691,10136111
29692,3827175
29693,5225508
29694,3423255
29695,4085441
29696,2567575
29697,5047249
29698,4282505
29699,2473100
29700,4986544
29701,2667185
29702,2505094
29703,2674817
29704,1723460
29705,1876020
29706,6810112
29707,3405975
29708,3401863
29709,2670736
29710,2598873
29711,2283970
29712,5314227
29713,2682351
29714,5501675
29715,2288817
29716,4159272
29717,3202364
29718,2614068
29719,2408831
29720,2683302
29721,2136913
29722,3351187
29723,5842339
29724,2600123
29725,2515564
29726,2758044
29727,4877043
29728,4986943
29729,5957957
29730,2957852
29731,4866693
29732,5621784
29733,29459459
29734,2472429
29735,5489197
29736,2470262
29737,8086405
29738,6193987
29739,4408624
29740,4271229
29741,4920644
29742,4753735
29743,6134126
29744,3607189
29745,6057893
29746,3622409
29747,1794761
29748,18084563
29749,4141397
29750,3349551
29751,5709232
29752,2321284
29753,2569359
29754,14285469
29755,2850362
29756,3837948
29757,6100798
29758,6031261
29759,5030423
29760,3655425
29761,4232231
29762,2839348
29763,2987270
29764,3469469
29765,5520831
29766,2178275
29767,4985427
29768,2986651
29769,3271456
29770,3078724
29771,2114307
29772,2657752
29773,5183977
29774,2380570
29775,20021276
29776,4919038
29777,11477375
29778,2569731
29779,3808828
29780,3755289
29781,2141535
29782,2420959
29783,2241901
29784,2054229
29785,4602990
29786,2255879
29787,3025285
29788,3679864
29789,2373436
29790,7319785
29791,21337288
29792,3924380
29793,4992434
29794,4491231
29795,8602523
29796,9028865
29797,3189918
29798,2896687
29799,8212766
29800,2221134
29801,2138698
29802,1973892
29803,2629426
29804,1767368
29805,2038606
29806,2729260
29807,2080570
29808,3943866
29809,2269550
29810,2651736
29811,2180108
29812,2889479
29813,3712807
29814,5717230
29815,4464227
29816,2565547
29817,14163929
29818,4514827
29819,3821361
29820,4080358
29821,2076010
29822,3360413
29823,1958305
29824,1899490
29825,4318024
29826,6055544
29827,3599586
29828,4815597
29829,5082111
29830,2445618
29831,2089394
29832,5135815
29833,6836005
29834,3982288
29835,2036739
29836,2097911
29837,2145829
29838,13088266
29839,2393665
29840,3058316
29841,1993195
29842,2457243
29843,4590262
29844,4017327
29845,2559527
29846,3533253
29847,5201009
29848,4358579
29849,3296478
29850,3691545
29851,2659737
29852,4602640
29853,2980530
29854,2662360
29855,1943326
29856,3783517
29857,3485778
29858,11966113
29859,16254996
29860,2459369
29861,3292787
29862,3550412
29863,2949298
29864,2294521
29865,4398285
29866,2381339
29867,3247004
29868,2420982
29869,5180199
29870,3368025
29871,3696413
29872,3134317
29873,3057129
29874,3675915
29875,1859080
29876,7427864
29877,2769755
29878,4436499
29879,3193228
29880,4300135
29881,4608377
29882,19262625
29883,5221760
29884,3203803
29885,2338701
29886,7189608
29887,2487364
29888,2846247
29889,2625352
29890,2766597
29891,2189909
29892,4040035
29893,2664388
29894,2422518
29895,2934424
29896,4053274
29897,7306246
29898,3404522
29899,5501025
29900,5201547
29901,2352599
29902,2603281
29903,7493513
29904,3754820
29905,9413402
29906,7931281
29907,5300828
29908,5702796
29909,2706215
29910,2849591
29911,3712679
29912,2482344
29913,3410764
29914,13497704
29915,2553780
29916,2706537
29917,7922666
29918,10927825
29919,5307494
29920,5979100
29921,3117822
29922,6903276
29923,2332135
29924,3089112
29925,2695912
29926,2201799
29927,4868130
29928,3137827
29929,6214009
29930,3958456
29931,3660685
29932,2771640
29933,3347799
29934,2404549
29935,5197376
29936,6936724
29937,2632090
29938,3297403
29939,3684421
29940,7753605
29941,4040155
29942,3427854
29943,4881856
29944,3769174
29945,4049149
29946,5464070
29947,2889095
29948,4060486
29949,6571458
29950,4709847
29951,4541846
29952,2879384
29953,2819399
29954,3362960
29955,5386784
29956,3380538
29957,2053718
29958,2868587
29959,2330440
29960,1641895
29961,4927555
29962,5487017
29963,3181762
29964,7711359
29965,9615350
29966,3906104
29967,2878233
29968,2917894
29969,2624624
29970,2508272
29971,1805046
29972,3123879
29973,2542461
29974,2383011
29975,2295157
29976,2461566
29977,5284331
29978,2873154
29979,4355033
29980,2872411
29981,2140151
29982,5425331
29983,3074192
29984,2644425
29985,3088337
29986,2574211
29987,10609798
29988,2545633
29989,2886893
29990,2914569
29991,2778654
29992,1853253
29993,6908551
29994,2382033
29995,2810196
29996,7560196
29997,2856872
29998,2453953
29999,3033289
30000,2895162
30001,2331117
30002,3055340
30003,2280932
30004,4557586
30005,3158947
30006,2654707
30007,1902594
30008,2986784
30009,3585577
30010,1904895
30011,2239508
30012,5846694
30013,5346306
30014,5408813
30015,2449755
30016,2862240
30017,2048899
30018,4548631
30019,4698015
30020,2202164
30021,2274846
30022,2372077
30023,2288433
30024,3142777
30025,3619822
30026,5504293
30027,7011238
30028,3612537
30029,5557093
30030,3367201
30031,3216648
30032,2448771
30033,2599849
30034,3220305
30035,2782227
30036,2832198
30037,2500407
30038,2695695
30039,2380008
30040,2982422
30041,1776616
30042,7228011
30043,2421808
30044,3044600
30045,2612734
30046,4235341
30047,2196564
30048,4313640
30049,2258269
30050,3393691
30051,3842495
30052,3060624
30053,2662718
30054,6069701
30055,2641026
30056,3066145
30057,4197816
30058,3810424
30059,5990264
30060,3661383
30061,2193011
30062,4038206
30063,3136781
30064,2992832
30065,5924435
30066,3264842
30067,1812544
30068,2652479
30069,2576043
30070,2502135
30071,2898340
30072,2457667
30073,2193864
30074,1686400
30075,5367841
30076,3930891
30077,2842747
30078,2145054
30079,2936218
30080,4349155
30081,2047858
30082,2601277
30083,4041072
30084,2383217
30085,5223058
30086,2364350
30087,2394593
30088,1798523
30089,4294594
30090,3691022
30091,2354115
30092,2530994
30093,3014625
30094,2468277
30095,2381482
30096,3309897
30097,2370691
30098,5486477
30099,1818493
30100,6214240
30101,1975497
30102,3197351
30103,2456443
30104,2609593
30105,2726128
30106,7412761
30107,2188382
30108,2345352
30109,2255758
30110,3734763
30111,5089303
30112,6946336
30113,4613328
30114,3198230
30115,6392761
30116,4408426
30117,2349555
30118,3206105
30119,2688891
30120,4840088
30121,2230643
30122,5095316
30123,5278243
30124,3757092
30125,3854968
30126,4790175
30127,2633060
30128,3117605
30129,6663526
30130,3949661
30131,4618119
30132,4509899
30133,3096319
30134,2543218
30135,2675942
30136,18173036
30137,3054944
30138,3755062
30139,2110712
30140,4823313
30141,3373736
30142,4024142
30143,3167624
30144,2444461
30145,2298317
30146,3319450
30147,2794973
30148,3704448
30149,7214570
30150,2476482
30151,2273896
30152,3441746
30153,7210590
30154,3820933
30155,6220099
30156,5877916
30157,5385539
30158,2891211
30159,5305166
30160,2729030
30161,4723100
30162,3280637
30163,3707323
30164,2513774
30165,2881590
30166,5393419
30167,5239998
30168,4245698
30169,3968882
30170,1904373
30171,2831000
30172,2608538
30173,4749087
30174,2158691
30175,2693598
30176,1716841
30177,1899709
30178,3663276
30179,2778026
30180,3984789
30181,2227602
30182,2759128
30183,6040826
30184,1744505
30185,6180909
30186,2487128
30187,2992456
30188,2763761
30189,3109978
30190,2994387
30191,2999752
30192,8294428
30193,5457763
30194,3936759
30195,7511631
30196,3888188
30197,11069223
30198,3012758
30199,2645409
30200,2876097
30201,2995592
30202,3265565
30203,4146081
30204,3123303
30205,2616047
30206,3723667
30207,5529471
30208,5614360
30209,3413173
30210,6538341
30211,4673339
30212,5974566
30213,3871605
30214,3148954
30215,2533691
30216,7581023
30217,3122680
30218,3453642
30219,2794424
30220,3596294
30221,2380015
30222,17297842
30223,3969296
30224,2958231
30225,12862738
30226,3422345
30227,4372360
30228,3757220
30229,5134916
30230,4959763
30231,5441212
30232,2998035
30233,3548316
30234,2721406
30235,2348260
30236,4320031
30237,5576507
30238,3383906
30239,2569043
30240,4588607
30241,2554831
30242,6183070
30243,4409809
30244,6486223
30245,2623540
30246,3089480
30247,7241751
30248,2250711
30249,2020714
30250,5338487
30251,5668966
30252,5366716
30253,6068347
30254,5346421
30255,4624664
30256,2046660
30257,5316083
30258,3741100
30259,4704726
30260,2537726
30261,1926335
30262,2165703
30263,2082557
30264,2546448
30265,2488831
30266,3604010
30267,2039515
30268,2963621
30269,2509701
30270,3894401
30271,1958230
30272,1960120
30273,2085955
30274,2568429
30275,5406950
30276,4467739
30277,4468890
30278,1745975
30279,3615594
30280,2089701
30281,2747168
30282,2497581
30283,2527311
30284,2809178
30285,2100083
30286,2030872
30287,5182898
30288,10357509
30289,5084638
30290,3624951
30291,1861398
30292,4797666
30293,5416883
30294,3186783
30295,2140052
30296,2198369
30297,2466501
30298,4883794
30299,4332979
30300,2575090
30301,2372475
30302,2882641
30303,2832507
30304,2841372
30305,2221163
30306,2108743
30307,2176206
30308,2272585
30309,2673150
30310,3139933
30311,5970132
30312,3614075
30313,3680973
30314,3952446
30315,8815804
30316,2720076
30317,2093755
30318,2669314
30319,3680428
30320,22033002
30321,2531083
30322,3570171
30323,3613814
30324,8059586
30325,3724783
30326,2225620
30327,9555796
30328,2253939
30329,3792675
30330,2647478
30331,3169269
30332,2889611
30333,4032244
30334,2138134
30335,4932922
30336,2530601
30337,12225213
30338,4120768
30339,7085744
30340,2387997
30341,2360113
30342,3659713
30343,1949204
30344,2145744
30345,2737099
30346,3663055
30347,1982447
30348,4320719
30349,3091587
30350,2505822
30351,5910864
30352,4115308
30353,4864394
30354,3623074
30355,5998384
30356,5449162
30357,2738629
30358,6075959
30359,2773959
30360,3381122
30361,2421441
30362,3277156
30363,21222373
30364,19010697
30365,4542166
30366,2883056
30367,2706478
30368,7129635
30369,10779431
30370,15662300
30371,5920805
30372,4386619
30373,3537578
30374,5753252
30375,5887812
30376,5848418
30377,15923870
30378,4762388
30379,2584754
30380,2310296
30381,2462725
30382,4014493
30383,3199427
30384,26522627
30385,6467325
30386,3277912
30387,5089780
30388,7830256
30389,5761568
30390,2037440
30391,2054712
30392,2168351
30393,6308113
30394,9892191
30395,6191302
30396,5081222
30397,4217104
30398,1626773
30399,2897462
30400,2295765
30401,4912196
30402,2347136
30403,2046523
30404,4427147
30405,10704423
30406,3934703
30407,2219689
30408,2891971
30409,2409742
30410,5605590
30411,3500630
30412,2903072
30413,5937342
30414,4010688
30415,5993085
30416,3337909
30417,3455970
30418,6358567
30419,5018996
30420,7729781
30421,2393341
30422,6917128
30423,6771721
30424,4384330
30425,1959732
30426,5267969
30427,2104892
30428,5337796
30429,3919384
30430,1855977
30431,1727956
30432,3510199
30433,2372758
30434,3140731
30435,2802374
30436,2470692
30437,6365330
30438,2682491
30439,3867764
30440,2329424
30441,4496461
30442,2462858
30443,2107255
30444,2493639
30445,2576544
30446,2683735
30447,2135380
30448,5074627
30449,17965457
30450,5075441
30451,3651828
30452,6215160
30453,4734799
30454,2114328
30455,2381519
30456,3188616
30457,2380759
30458,2273083
30459,2264907
30460,2283286
30461,1892725
30462,1815928
30463,2609708
30464,2789365
30465,2927932
30466,3302829
30467,2661572
30468,3441657
30469,2143261
30470,2340121
30471,7431771
30472,1837037
30473,3953076
30474,2821289
30475,2257605
30476,6988963
30477,2760549
30478,3068254
30479,2907925
30480,3301101
30481,5403244
30482,4563857
30483,6046504
30484,2565062
30485,2396159
30486,3992008
30487,6312662
30488,3972955
30489,3715345
30490,2403018
30491,7390567
30492,3130278
30493,5525266
30494,7688340
30495,2430799
30496,2369483
30497,2349719
30498,2490008
30499,2670109
30500,3010806
30501,2485865
30502,2376529
30503,2641192
30504,1883267
30505,5510119
30506,2897060
30507,3866339
30508,6422785
30509,3379214
30510,4948169
30511,6893059
30512,4069719
30513,3362608
30514,3127161
30515,5343850
30516,14459006
30517,4156783
30518,2980573
30519,3305139
30520,4710290
30521,2020317
30522,3921681
30523,2037067
30524,2545894
30525,1884338
30526,3256482
30527,1990178
30528,3600492
30529,4417193
30530,2989491
30531,2601660
30532,2089860
30533,5289086
30534,2288004
30535,1959010
30536,1701026
30537,2589343
30538,2757064
30539,2584312
30540,2878491
30541,3313029
30542,2126145
30543,2248884
30544,1809569
30545,1950852
30546,1987031
30547,2976921
30548,3138674
30549,4749629
30550,2422190
30551,4202447
30552,15541916
30553,3127486
30554,1776968
30555,2055616
30556,2866032
30557,2022423
30558,4333606
30559,2398607
30560,4041919
30561,1934462
30562,2475232
30563,2556106
30564,6403396
30565,2170023
30566,2669235
30567,2243830
30568,5603399
30569,5442295
30570,3167875
30571,5758698
30572,2329813
30573,2743069
30574,5479086
30575,1871150
30576,2021365
30577,3343226
30578,4912494
30579,2207455
30580,1877943
30581,2134859
30582,1860124
30583,2416243
30584,1939283
30585,2296765
30586,2172860
30587,4193454
30588,3809282
30589,2397322
30590,2707224
30591,2630516
30592,2150444
30593,2494947
30594,2129460
30595,4933891
30596,4080753
30597,1958230
30598,2466486
30599,1816772
30600,2869093
30601,4372723
30602,4710380
30603,1972591
30604,2034595
30605,1996995
30606,3764523
30607,3851097
30608,3246539
30609,4608549
30610,1804417
30611,5067538
30612,3321103
30613,3592622
30614,4405392
30615,2191322
30616,3213133
30617,2232386
30618,2573713
30619,2131446
30620,2275491
30621,3342845
30622,5894539
30623,3766498
30624,2663213
30625,2197196
30626,3165001
30627,2667068
30628,4628562
30629,4056698
30630,2843360
30631,2322990
30632,4675375
30633,2608834
30634,2074515
30635,8249735
30636,3396172
30637,4598079
30638,3911459
30639,7358946
30640,3559979
30641,5223714
30642,3853198
30643,2838664
30644,2779269
30645,2467933
30646,6734013
30647,6969000
30648,2853963
30649,4945129
30650,3280637
30651,1802031
30652,3840083
30653,4231758
30654,4543112
30655,2031928
30656,2438564
30657,3439984
30658,2474260
30659,2436294
30660,2414692
30661,2526814
30662,2038348
30663,4390136
30664,4453088
30665,2457010
30666,2771982
30667,2733659
30668,9080333
30669,3373213
30670,17958891
30671,5429448
30672,3224722
30673,2697777
30674,2512213
30675,3561913
30676,3713609
30677,4077963
30678,4279392
30679,3068168
30680,2387895
30681,2477662
30682,2298192
30683,5585112
30684,3641393
30685,2078036
30686,3435338
30687,2110064
30688,3435024
30689,1947295
30690,6464107
30691,3913291
30692,6849139
30693,4480063
30694,3903665
30695,2230499
30696,2966250
30697,2672856
30698,13797210
30699,9082359
30700,3648778
30701,5147230
30702,5791019
30703,5195704
30704,2894481
30705,4008133
30706,3623969
30707,5535037
30708,3597545
30709,3391550
30710,2034109
30711,3567856
30712,2233939
30713,2470036
30714,2264375
30715,2331476
30716,2304440
30717,2992578
30718,2188910
30719,2218123
30720,14982944
30721,3449540
30722,1874381
30723,4866119
30724,2398934
30725,2349805
30726,2368101
30727,1818317
30728,7152668
30729,2793008
30730,5547944
30731,5909861
30732,3112157
30733,6239686
30734,5629799
30735,4798038
30736,3841600
30737,4704867
30738,1824385
30739,2253602
30740,6370651
30741,11593716
30742,4511900
30743,3139632
30744,3367353
30745,2657924
30746,2862178
30747,2135403
30748,6352316
30749,4282141
30750,3009433
30751,2384552
30752,1756392
30753,1897192
30754,3145460
30755,1907867
30756,3553076
30757,2499812
30758,2868048
30759,1875455
30760,2116086
30761,2232258
30762,2740045
30763,6449247
30764,3294289
30765,2855900
30766,2201206
30767,1871016
30768,2911427
30769,6502897
30770,3562877
30771,2875036
30772,5030447
30773,5072594
30774,2366459
30775,2926620
30776,3050436
30777,1815004
30778,2058983
30779,1917339
30780,3412090
30781,3154468
30782,1778655
30783,3024797
30784,3319295
30785,2997103
30786,2268155
30787,4081352
30788,3088439
30789,2357403
30790,2295439
30791,1762755
30792,2321411
30793,2251413
30794,2054924
30795,2035909
30796,3957595
30797,2610567
30798,4416357
30799,2501118
30800,3798173
30801,3176427
30802,3269726
30803,2648862
30804,3362930
30805,1986827
30806,2440866
30807,2633525
30808,2535920
30809,2461336
30810,2388041
30811,2746518
30812,2836882
30813,5553616
30814,3166313
30815,1890673
30816,2603096
30817,2418752
30818,2722051
30819,2551155
30820,2478119
30821,2065230
30822,3077227
30823,3662417
30824,2454521
30825,10755869
30826,2624426
30827,4438045
30828,2142194
30829,7016102
30830,3279305
30831,2128977
30832,4448941
30833,4358143
30834,4827867
30835,16675478
30836,1893790
30837,2897918
30838,1943165
30839,2997149
30840,2231536
30841,5089715
30842,1772477
30843,2346290
30844,1766437
30845,2191034
30846,2787371
30847,2000564
30848,5158434
30849,3272301
30850,3267828
30851,4740525
30852,3135553
30853,2179226
30854,2503432
30855,1945775
30856,11753189
30857,3240724
30858,2673000
30859,2825429
30860,3144776
30861,3176654
30862,3300329
30863,4939527
30864,3941918
30865,1913767
30866,4855285
30867,7440560
30868,2457603
30869,3358184
30870,3875390
30871,3255574
30872,4538855
30873,3203178
30874,3975113
30875,4709654
30876,1821906
30877,10814945
30878,3715968
30879,4339738
30880,3070548
30881,2414542
30882,2659472
30883,4603968
30884,4345594
30885,4601259
30886,2896333
30887,4031247
30888,4512455
30889,4507126
30890,2604523
30891,2290391
30892,1847112
30893,3139181
30894,2255354
30895,3500246
30896,3804148
30897,3508858
30898,5939533
30899,2185300
30900,5629439
30901,6851297
30902,3537629
30903,3503787
30904,4600942
30905,3839959
30906,5301681
30907,2244695
30908,1984448
30909,3216289
30910,3695231
30911,4700332
30912,2115714
30913,2212291
30914,2422675
30915,2595347
30916,3334237
30917,2067580
30918,2064472
30919,3010261
30920,3218713
30921,2945504
30922,2215946
30923,5066421
30924,3939433
30925,1946949
30926,3019371
30927,2264789
30928,3426076
30929,1756347
30930,6501359
30931,2606435
30932,2331158
30933,2760730
30934,2312253
30935,6599550
30936,2433069
30937,3483103
30938,2440512
30939,1897140
30940,2105822
30941,4364101
30942,6617324
30943,2370130
30944,9663211
30945,2406071
30946,2848047
30947,3418951
30948,2534125
30949,2397027
30950,2746985
30951,10727138
30952,5744856
30953,4349415
30954,2366004
30955,2506667
30956,2379051
30957,2358280
30958,4888567
30959,2897872
30960,3553303
30961,1987647
30962,2181337
30963,2869847
30964,3193033
30965,2510631
30966,2508714
30967,2336190
30968,2092603
30969,7093460
30970,2356908
30971,2119273
30972,4654016
30973,2259453
30974,9147109
30975,8077478
30976,6418338
30977,5063114
30978,2270223
30979,4425354
30980,2249922
30981,17874445
30982,2512317
30983,4800819
30984,5822524
30985,4809148
30986,3818726
30987,2828310
30988,2848062
30989,4284091
30990,3977815
30991,9395196
30992,4060029
30993,16055864
30994,3576794
30995,3255529
30996,2195182
30997,3029072
30998,4334574
30999,4921807
31000,2641585
31001,2455941
31002,2497468
31003,2501258
31004,3663656
31005,2727043
31006,2677292
31007,11978841
31008,5061639
31009,2771904
31010,6228579
31011,5307216
31012,4387469
31013,5799220
31014,7522744
31015,4587164
31016,3300810
31017,4190317
31018,3155125
31019,5346036
31020,3216709
31021,3750312
31022,2252952
31023,4709158
31024,3213279
31025,1848726
31026,2746500
31027,2653856
31028,3302374
31029,2679824
31030,7994034
31031,3101651
31032,3678652
31033,6554234
31034,5887620
31035,18380516
31036,8228566
31037,4805922
31038,3046398
31039,1797492
31040,6896492
31041,6027435
31042,3011284
31043,2679324
31044,4847911
31045,2401399
31046,3192890
31047,5045575
31048,2772302
31049,6630451
31050,3705158
31051,5597078
31052,4272981
31053,5385125
31054,7968307
31055,2217214
31056,6747375
31057,1846060
31058,3549335
31059,3019471
31060,2108859
31061,2164222
31062,2183201
31063,3833210
31064,5012575
31065,3570241
31066,2328449
31067,2799303
31068,2837908
31069,1953382
31070,2015275
31071,2176442
31072,2316040
31073,2954227
31074,6260159
31075,5162096
31076,3210886
31077,14110573
31078,2388198
31079,2433613
31080,4099832
31081,2165934
31082,2576719
31083,2304355
31084,2327177
31085,1921597
31086,1844346
31087,2006695
31088,1730722
31089,2455115
31090,4329819
31091,4190157
31092,3258971
31093,7502390
31094,2802830
31095,2777175
31096,1894624
31097,1955325
31098,14477642
31099,2291763
31100,6921667
31101,5307040
31102,3558404
31103,2633133
31104,3216159
31105,4377226
31106,2341169
31107,2137351
31108,2230931
31109,1652589
31110,3105277
31111,2258524
31112,2423718
31113,4841647
31114,7901827
31115,4233369
31116,2399855
31117,2606201
31118,4425401
31119,3432764
31120,3542172
31121,5439502
31122,3388153
31123,2645379
31124,2789424
31125,5231624
31126,2343022
31127,2134560
31128,1932208
31129,2358195
31130,5160498
31131,7067158
31132,6067498
31133,5619335
31134,4838905
31135,4953955
31136,2397761
31137,12737436
31138,4316303
31139,2850548
31140,5262885
31141,1771763
31142,3840816
31143,7614580
31144,3376085
31145,2962388
31146,3885325
31147,2651012
31148,2490491
31149,2865792
31150,3059226
31151,3896006
31152,5270889
31153,5293229
31154,3018835
31155,6141741
31156,4451454
31157,2758032
31158,4656926
31159,8279371
31160,3961788
31161,9612766
31162,2011381
31163,2884931
31164,2587932
31165,2405051
31166,2719814
31167,2447615
31168,5469034
31169,2322645
31170,2488629
31171,2678033
31172,2410057
31173,3865049
31174,4392627
31175,6625292
31176,4134821
31177,2234706
31178,2882932
31179,2292740
31180,2302542
31181,4289983
31182,2401220
31183,3654444
31184,3483901
31185,2992975
31186,2402666
31187,2094436
31188,2036193
31189,2307686
31190,2543369
31191,2916997
31192,2627723
31193,2131844
31194,3729177
31195,4172729
31196,2573587
31197,3023968
31198,2972451
31199,2498493
31200,2872741
31201,2432926
31202,1834743
31203,7687609
31204,2972956
31205,1841036
31206,3613309
31207,2773372
31208,3098086
31209,9287066
31210,2984648
31211,2494852
31212,2582718
31213,2518777
31214,2340429
31215,2485584
31216,3136624
31217,2561708
31218,2463278
31219,2766020
31220,2364423
31221,3220737
31222,4149008
31223,2564966
31224,4471253
31225,2844413
31226,2040613
31227,6590418
31228,2334712
31229,2280989
31230,2429785
31231,2299848
31232,2652848
31233,2924789
31234,3104626
31235,5068240
31236,2076316
31237,2367529
31238,2311871
31239,10019001
31240,2603927
31241,5396347
31242,2956069
31243,5050483
31244,2546804
31245,5476048
31246,3059179
31247,3665451
31248,3143803
31249,4669302
31250,15149092
31251,3034404
31252,3151106
31253,6773553
31254,3574464
31255,2859105
31256,1904051
31257,3142115
31258,3712367
31259,6561417
31260,3797301
31261,2623903
31262,2019783
31263,3879875
31264,2457912
31265,5821486
31266,11124280
31267,3676735
31268,2066672
31269,3144163
31270,3443395
31271,2321928
31272,3509548
31273,2658257
31274,4145405
31275,2740967
31276,3211586
31277,3179593
31278,2556740
31279,4005064
31280,5522232
31281,4739526
31282,2017565
31283,2546903
31284,3129606
31285,2233265
31286,2433340
31287,3323246
31288,2627449
31289,2130573
31290,5059300
31291,5392308
31292,3858654
31293,2271521
31294,1993312
31295,2209579
31296,1987924
31297,3562074
31298,3970434
31299,6922761
31300,2980660
31301,5558216
31302,3130013
31303,6083941
31304,3535999
31305,2445977
31306,2336199
31307,2180820
31308,14914227
31309,8618551
31310,2246873
31311,1857535
31312,3692087
31313,2413602
31314,2319609
31315,2393844
31316,6171655
31317,2239159
31318,4037155
31319,2279857
31320,2872694
31321,2239634
31322,5410849
31323,2148463
31324,2368304
31325,1955820
31326,2361952
31327,1770698
31328,2655387
31329,3067248
31330,2671926
31331,1735793
31332,2799619
31333,2535055
31334,4449830
31335,2670701
31336,2526505
31337,5198987
31338,2058813
31339,3814928
31340,3535765
31341,2797138
31342,3606439
31343,4219472
31344,5216981
31345,2379236
31346,1855705
31347,4350406
31348,9120002
31349,2222679
31350,4984740
31351,2783051
31352,3388834
31353,4622765
31354,1898040
31355,4907951
31356,4038745
31357,2686921
31358,6360100
31359,2998370
31360,4268846
31361,2546739
31362,2385764
31363,5269630
31364,2830412
31365,2327842
31366,2854116
31367,3121187
31368,2451230
31369,2093900
31370,2461430
31371,6228430
31372,3553639
31373,4531444
31374,7737583
31375,1988992
31376,2889332
31377,2604460
31378,2389702
31379,3731075
31380,2459959
31381,2670882
31382,2092530
31383,2460290
31384,2358563
31385,2740365
31386,2028140
31387,3482171
31388,3206223
31389,3340490
31390,8156379
31391,2425984
31392,17294679
31393,2285743
31394,2488695
31395,4948409
31396,3141111
31397,3493864
31398,2563907
31399,2481717
31400,6347107
31401,8770825
31402,3301699
31403,3141415
31404,2008572
31405,3007713
31406,3062031
31407,2202872
31408,5492991
31409,4100011
31410,3259403
31411,7242404
31412,4083756
31413,11656575
31414,4986545
31415,5594160
31416,2310259
31417,2967273
31418,3608976
31419,8254529
31420,3739882
31421,5360195
31422,2471765
31423,4383439
31424,3787781
31425,8517825
31426,4002215
31427,2765531
31428,4731151
31429,5208158
31430,3239841
31431,5466884
31432,2714397
31433,2692569
31434,15560550
31435,2759589
31436,3054022
31437,2669779
31438,2970476
31439,2413700
31440,3203022
31441,2923892
31442,3466125
31443,6402171
31444,5043888
31445,3824736
31446,5198316
31447,3417441
31448,3987103
31449,2294574
31450,4583598
31451,18754516
31452,4916808
31453,5055594
31454,2596117
31455,7718466
31456,1758343
31457,6878197
31458,3676768
31459,3993105
31460,2736865
31461,7303311
31462,3340024
31463,4340236
31464,2132261
31465,1926085
31466,1827596
31467,1637070
31468,5032853
31469,1734258
31470,6282913
31471,2645049
31472,9187709
31473,4268481
31474,2730949
31475,2454966
31476,20136872
31477,5503208
31478,2101965
31479,2073658
31480,2305895
31481,1953958
31482,2151282
31483,2888792
31484,2159240
31485,2146170
31486,3305877
31487,2545244
31488,2575298
31489,1801700
31490,2736335
31491,5938308
31492,2800958
31493,3284003
31494,2089288
31495,5076993
31496,7898279
31497,20365319
31498,5757952
31499,2548515
31500,2680325
31501,4616995
31502,1904222
31503,2638187
31504,3723090
31505,3437248
31506,10658588
31507,3040704
31508,2092708
31509,4343679
31510,3223411
31511,6086780
31512,3563767
31513,2497873
31514,1962438
31515,3277912
31516,6460613
31517,5848502
31518,12507340
31519,6623951
31520,3997475
31521,2131148
31522,2038373
31523,2687183
31524,1830481
31525,3257567
31526,2212030
31527,2468814
31528,2497967
31529,2041453
31530,2585680
31531,5036977
31532,8489309
31533,2832247
31534,3132255
31535,3901445
31536,14237310
31537,1996217
31538,2512726
31539,12271922
31540,4322672
31541,2483513
31542,2281405
31543,2516464
31544,2236370
31545,2967663
31546,1884183
31547,3047410
31548,12505458
31549,11693808
31550,6285834
31551,2896480
31552,2889652
31553,3051031
31554,2700713
31555,6973184
31556,8891336
31557,3101247
31558,2195026
31559,1811937
31560,19057848
31561,7156965
31562,3655140
31563,2817170
31564,3751399
31565,5827107
31566,3725272
31567,2176086
31568,2102506
31569,2836771
31570,2372396
31571,2946713
31572,2809312
31573,2895215
31574,2686729
31575,2586668
31576,9390347
31577,4909262
31578,2638014
31579,3104191
31580,2504169
31581,13875223
31582,2797155
31583,2316662
31584,2276112
31585,6142800
31586,3743990
31587,2408486
31588,7047395
31589,5011224
31590,2870248
31591,4852984
31592,2944868
31593,5371163
31594,5146197
31595,2592012
31596,2844108
31597,2675140
31598,13677255
31599,2891971
31600,6836360
31601,2466403
31602,12058781
31603,3782409
31604,3417029
31605,3408146
31606,1660826
31607,1651520
31608,2863833
31609,2722876
31610,7150424
31611,3603629
31612,3201151
31613,2566388
31614,3531156
31615,5359586
31616,3558419
31617,1940321
31618,2040495
31619,5738884
31620,3436946
31621,1949502
31622,4619435
31623,14483160
31624,4074054
31625,5058659
31626,3132363
31627,2416440
31628,2548814
31629,1951064
31630,6153403
31631,3264693
31632,2508929
31633,2326206
31634,2398106
31635,2529355
31636,2453110
31637,5075504
31638,3023230
31639,2524839
31640,6954079
31641,4720765
31642,1951005
31643,8856205
31644,4420349
31645,3516942
31646,4970205
31647,2082167
31648,2831480
31649,1800505
31650,6387586
31651,2239603
31652,3482245
31653,2700314
31654,3211271
31655,5695794
31656,2379604
31657,3929436
31658,3570987
31659,2407618
31660,4996987
31661,5780030
31662,2656513
31663,2317393
31664,1771307
31665,3198475
31666,6132844
31667,2704151
31668,5204456
31669,3782437
31670,3277396
31671,2692778
31672,2585695
31673,4094554
31674,3220614
31675,5728537
31676,6132178
31677,2323835
31678,3342402
31679,2322063
31680,10285620
31681,5533293
31682,4272707
31683,2854368
31684,4543848
31685,2520802
31686,5128271
31687,2503376
31688,5065559
31689,2583020
31690,2652708
31691,2628865
31692,2478289
31693,3325815
31694,5240929
31695,3472437
31696,1777309
31697,2303065
31698,2884284
31699,2471619
31700,2910294
31701,5862019
31702,2017912
31703,1959214
31704,3003417
31705,2014745
31706,1962773
31707,7470533
31708,2405145
31709,2029793
31710,2378297
31711,2662550
31712,2195016
31713,2004751
31714,2259168
31715,6159685
31716,2333868
31717,5180019
31718,3642217
31719,2184675
31720,3983170
31721,4942034
31722,3052576
31723,2579728
31724,2274411
31725,2625917
31726,1879906
31727,5551533
31728,8785006
31729,2468206
31730,5087436
31731,2204907
31732,4993374
31733,2746925
31734,1909706
31735,5250942
31736,2077870
31737,3662207
31738,3811107
31739,3579711
31740,4282260
31741,4397328
31742,1882931
31743,7201399
31744,3902914
31745,3936261
31746,2947875
31747,4838728
31748,2131802
31749,10318353
31750,3644797
31751,2042924
31752,3998642
31753,2173505
31754,1887207
31755,1901338
31756,3708396
31757,2746351
31758,3472288
31759,1943308
31760,5281641
31761,6669707
31762,3892694
31763,3479431
31764,4126949
31765,3477154
31766,2844270
31767,5787014
31768,2087110
31769,1946875
31770,3345460
31771,5866369
31772,4085525
31773,4035327
31774,2840473
31775,3726970
31776,4099680
31777,2749609
31778,2413566
31779,9103322
31780,2254276
31781,4258902
31782,4360806
31783,3753120
31784,2988954
31785,5486359
31786,3949382
31787,2040910
31788,2668251
31789,2930346
31790,3953060
31791,4053053
31792,3961723
31793,3859668
31794,5888657
31795,3815160
31796,3803843
31797,3885679
31798,3994584
31799,3685309
31800,1960491
31801,1862097
31802,5285692
31803,2207584
31804,4323667
31805,3800565
31806,4164022
31807,4041646
31808,2508426
31809,4256002
31810,3765725
31811,4557573
31812,2532462
31813,4839742
31814,3663880
31815,2059064
31816,1928509
31817,2698630
31818,3886688
31819,3492727
31820,4294511
31821,4581930
31822,3929866
31823,2446385
31824,3801190
31825,2331945
31826,9067209
31827,2134295
31828,2901849
31829,3912849
31830,2090979
31831,1927691
31832,3923771
31833,2278016
31834,1983744
31835,1937256
31836,5882137
31837,2292399
31838,3724699
31839,4655363
31840,2521787
31841,3969444
31842,4173697
31843,3725714
31844,3783648
31845,4227130
31846,2037997
31847,8218582
31848,4243293
31849,3078109
31850,3973487
31851,4202984
31852,2153638
31853,3970926
31854,4717787
31855,3012272
31856,2779777
31857,4137316
31858,4309151
31859,2740273
31860,4244214
31861,2449965
31862,16843252
31863,11329202
31864,3992799
31865,4257952
31866,3855509
31867,4290780
31868,3914976
31869,4328665
31870,4231916
31871,3826694
31872,9359848
31873,4349598
31874,9256993
31875,3867448
31876,4205497
31877,3923858
31878,2953786
31879,4197594
31880,4915434
31881,4980687
31882,4385788
31883,4503591
31884,4243519
31885,4273670
31886,4373447
31887,5856034
31888,2182545
31889,1931991
31890,2025283
31891,4244290
31892,2660816
31893,7053827
31894,3903029
31895,3855943
31896,4572179
31897,4311518
31898,4264877
31899,1933706
31900,1961215
31901,3806367
31902,4364931
31903,2416834
31904,4962526
31905,4129571
31906,4231592
31907,1891574
31908,3913999
31909,2084596
31910,3877008
31911,4001131
31912,2931280
31913,1870236
31914,2009295
31915,2400912
31916,1976232
31917,12326159
31918,3345843
31919,3846075
31920,2728401
31921,5975265
31922,5379526
31923,2484821
31924,4369985
31925,7141337
31926,4025083
31927,2540083
31928,5367818
31929,5451954
31930,5592355
31931,2830150
31932,4432224
31933,4038748
31934,3844832
31935,4083791
31936,2771275
31937,4211524
31938,16370490
31939,5551057
31940,4098212
31941,2040624
31942,2878603
31943,3848953
31944,3644219
31945,3846357
31946,4173376
31947,2263048
31948,4197410
31949,4024601
31950,5631516
31951,4054953
31952,4472617
31953,3996597
31954,2639712
31955,2084740
31956,2547993
31957,2749656
31958,4138787
31959,10596540
31960,2019922
31961,2078991
31962,2941569
31963,3838417
31964,4237739
31965,6051208
31966,4416681
31967,2376571
31968,4772074
31969,3470492
31970,2053986
31971,4258606
31972,4457744
31973,2755716
31974,3023896
31975,3502108
31976,2677728
31977,3231998
31978,7570356
31979,2969408
31980,8191365
31981,5066519
31982,3016292
31983,3916996
31984,4068472
31985,1961897
31986,3783862
31987,4065526
31988,3478267
31989,3774577
31990,7379905
31991,2084342
31992,5655704
31993,3984211
31994,4078333
31995,5785670
31996,2587146
31997,2667515
31998,4149026
31999,4022903
32000,4110878
32001,7740195
32002,4445512
32003,5426570
32004,4247362
32005,4250412
32006,4038106
32007,3647784
32008,2648427
32009,3840346
32010,4447496
32011,5836550
32012,2944982
32013,3780995
32014,3937944
32015,2413806
32016,6142369
32017,3859747
32018,2168236
32019,3672053
32020,3853349
32021,4694770
32022,4441763
32023,4912282
32024,4932652
32025,3981214
32026,2807925
32027,1911435
32028,3737122
32029,3758673
32030,1816259
32031,3715746
32032,3956361
32033,3727233
32034,4150522
32035,6815511
32036,3831497
32037,2005905
32038,4352265
32039,4619017
32040,4349261
32041,3743419
32042,3375529
32043,2164672
32044,7166403
32045,2113080
32046,3950049
32047,3824211
32048,3920860
32049,2008922
32050,2138026
32051,5484967
32052,2102745
32053,3905623
32054,3878509
32055,2040007
32056,4298209
32057,1981273
32058,2137775
32059,4179174
32060,3019007
32061,2053557
32062,4327233
32063,1859958
32064,6703364
32065,3978164
32066,4083199
32067,3901436
32068,3767823
32069,3317292
32070,3716380
32071,4798906
32072,3397528
32073,2940854
32074,3927326
32075,16607072
32076,2815911
32077,1754561
32078,17714401
32079,3988647
32080,3935702
32081,4086340
32082,9136861
32083,1941328
32084,2433725
32085,2853319
32086,3920585
32087,2658773
32088,2592814
32089,2143066
32090,2120166
32091,5827916
32092,2360806
32093,3079265
32094,2900836
32095,1732515
32096,2797432
32097,5724382
32098,3232685
32099,2864982
32100,2840341
32101,3461278
32102,3187183
32103,2143436
32104,2846639
32105,2548404
32106,7028686
32107,2840626
32108,3140326
32109,5279255
32110,2464266
32111,4401851
32112,2668199
32113,4613375
32114,2419760
32115,2388040
32116,2396860
32117,2427585
32118,6863710
32119,3060506
32120,2595908
32121,2844150
32122,2691513
32123,1907472
32124,2466455
32125,5034857
32126,4208870
32127,4668661
32128,3665429
32129,5547495
32130,3043598
32131,2345977
32132,2587094
32133,2043507
32134,2490724
32135,2902553
32136,4260601
32137,2676147
32138,4828466
32139,2751010
32140,2657498
32141,2450135
32142,6583321
32143,2027493
32144,3364791
32145,4830474
32146,2987445
32147,6263404
32148,3754715
32149,1853208
32150,2403442
32151,5516219
32152,1988313
32153,5589365
32154,2979507
32155,4040892
32156,4433775
32157,2811892
32158,3401467
32159,1920514
32160,1989856
32161,3643022
32162,3270947
32163,2643834
32164,2143109
32165,2810840
32166,2080732
32167,2061350
32168,2433098
32169,4895243
32170,2646645
32171,2617329
32172,2970795
32173,3805070
32174,10306781
32175,5234030
32176,3540298
32177,2148089
32178,2292036
32179,2436743
32180,7184743
32181,3029499
32182,3962711
32183,2121809
32184,3336630
32185,2143938
32186,2093442
32187,2626764
32188,2568871
32189,2304497
32190,19772950
32191,3138461
32192,2383110
32193,2531168
32194,4005710
32195,2282213
32196,2337928
32197,2940286
32198,2839482
32199,5180244
32200,7665406
32201,5167769
32202,2747743
32203,2508708
32204,2938984
32205,4624369
32206,2650051
32207,2550619
32208,2770774
32209,4228048
32210,2628975
32211,13293772
32212,8443976
32213,5737531
32214,3183116
32215,3124399
32216,3094524
32217,2747830
32218,2913768
32219,2878679
32220,6333289
32221,5679309
32222,3108563
32223,3637737
32224,3679044
32225,2993928
32226,6287922
32227,10220700
32228,3280770
32229,4743752
32230,1828417
32231,14773419
32232,3359862
32233,10718732
32234,2212679
32235,5254536
32236,2859638
32237,5227352
32238,2955260
32239,2002593
32240,3522445
32241,3381042
32242,2456801
32243,4801728
32244,2712545
32245,2206550
32246,4235500
32247,2322950
32248,3801005
32249,6087209
32250,2762631
32251,6325878
32252,6594484
32253,12669734
32254,4015763
32255,10806556
32256,2552615
32257,2316520
32258,1899911
32259,3737774
32260,2797572
32261,1909072
32262,6685418
32263,2613618
32264,2169269
32265,2008795
32266,7164325
32267,5518657
32268,2276875
32269,2343984
32270,2336247
32271,2497319
32272,2510294
32273,3238327
32274,3603340
32275,2701933
32276,1821913
32277,2198335
32278,2056497
32279,1961298
32280,2179221
32281,2174710
32282,2157764
32283,1833796
32284,2084677
32285,1936040
32286,2243397
32287,2020541
32288,12303513
32289,3387137
32290,2375766
32291,2149356
32292,2848983
32293,4484352
32294,2556019
32295,2494847
32296,5905019
32297,5403646
32298,6819874
32299,4918417
32300,3687620
32301,3172415
32302,2481287
32303,2461786
32304,2510686
32305,2224605
32306,2221979
32307,2316750
32308,11323578
32309,1629215
32310,2054299
32311,2505909
32312,2461917
32313,2934810
32314,2717421
32315,2230977
32316,6299374
32317,1978597
32318,3437638
32319,4160273
32320,3223988
32321,5687660
32322,2023872
32323,2960266
32324,6260334
32325,3413625
32326,2732080
32327,2186934
32328,6221132
32329,4823140
32330,3172939
32331,5277534
32332,2810152
32333,7110947
32334,3755169
32335,3100443
32336,8174557
32337,6780726
32338,3217906
32339,2289778
32340,3147092
32341,1866754
32342,1899179
32343,5712961
32344,4625226
32345,4363700
32346,5459500
32347,3325896
32348,2450915
32349,2628966
32350,2918686
32351,2122908
32352,5755118
32353,2092938
32354,7201969
32355,3528846
32356,2462898
32357,2151223
32358,3438524
32359,19704340
32360,12429323
32361,3097996
32362,4241883
32363,2406893
32364,2154728
32365,2070972
32366,4248871
32367,4868212
32368,2519440
32369,2374078
32370,3862728
32371,2198280
32372,2525675
32373,2313510
32374,3891879
32375,2414306
32376,3262304
32377,2359037
32378,2134285
32379,3550870
32380,3651278
32381,5025901
32382,3528768
32383,1931756
32384,5765456
32385,2729670
32386,6331497
32387,3200531
32388,3996554
32389,5464923
32390,2668159
32391,6748373
32392,3630832
32393,9113092
32394,2039289
32395,3107744
32396,2355190
32397,2369683
32398,3642042
32399,6832571
32400,2655582
32401,5111702
32402,4085023
32403,2236373
32404,2950198
32405,4430726
32406,3554196
32407,1975292
32408,2626918
32409,2683227
32410,2445713
32411,2263743
32412,2112136
32413,2073151
32414,2384253
32415,2645238
32416,5470781
32417,2239942
32418,3071736
32419,2583618
32420,9205425
32421,3853866
32422,2572247
32423,2603345
32424,2550062
32425,3169121
32426,1987523
32427,3983482
32428,3201381
32429,3437802
32430,2005331
32431,2042767
32432,2702427
32433,2260785
32434,2972843
32435,3070692
32436,3790890
32437,1900153
32438,6482137
32439,2307529
32440,2685846
32441,5469012
32442,3061959
32443,2510441
32444,10303864
32445,3644935
32446,3096377
32447,3214787
32448,5193752
32449,4141677
32450,3213740
32451,2505531
32452,5229791
32453,3017063
32454,6672554
32455,4912413
32456,6814611
32457,4069784
32458,5795205
32459,6046483
32460,4859193
32461,3256991
32462,3707197
32463,4906677
32464,2533547
32465,1969918
32466,2325035
32467,2014255
32468,2203810
32469,2166944
32470,2320377
32471,1939805
32472,1981350
32473,1813921
32474,1860058
32475,4341230
32476,2773501
32477,3649336
32478,2948397
32479,3689199
32480,11447518
32481,6523324
32482,2324312
32483,2170112
32484,6042887
32485,2866286
32486,2744765
32487,2602876
32488,3304103
32489,2626515
32490,5628901
32491,7070501
32492,2451201
32493,2288760
32494,2845357
32495,4294238
32496,14380125
32497,2035139
32498,2039971
32499,2146541
32500,2167888
32501,1862221
32502,5073911
32503,2056192
32504,3626731
32505,2773810
32506,3992159
32507,2619608
32508,2767942
32509,2409121
32510,5636670
32511,2067790
32512,2762691
32513,16088981
32514,2722586
32515,2003707
32516,1989854
32517,12886931
32518,2074381
32519,3923102
32520,5599475
32521,4023507
32522,2930142
32523,5160865
32524,3850086
32525,6712862
32526,8186745
32527,5639772
32528,8751124
32529,5638326
32530,4784159
32531,4668499
32532,3931718
32533,4650576
32534,2880955
32535,2999683
32536,2761605
32537,4879828
32538,4138952
32539,4925625
32540,7968676
32541,7298517
32542,4273838
32543,2107783
32544,4088333
32545,10407717
32546,3195555
32547,4658580
32548,3797271
32549,3179437
32550,2667199
32551,2571869
32552,3090348
32553,2562065
32554,4911501
32555,2049800
32556,4426998
32557,3024619
32558,4057365
32559,2362725
32560,2205872
32561,6811924
32562,2507836
32563,3050577
32564,2459889
32565,2514532
32566,3433003
32567,3653924
32568,3545018
32569,3490978
32570,5406744
32571,3901720
32572,5906817
32573,2893177
32574,3994469
32575,2443809
32576,3558375
32577,4392784
32578,2372167
32579,2458815
32580,2691413
32581,6779567
32582,3157086
32583,2710922
32584,4962731
32585,2598140
32586,3359404
32587,7762040
32588,4176301
32589,7766050
32590,2830513
32591,2149379
32592,5782973
32593,1848959
32594,5470468
32595,4566884
32596,6335616
32597,3912242
32598,3073232
32599,2090902
32600,4064457
32601,3834376
32602,4199438
32603,3798769
32604,3896566
32605,4408567
32606,2184914
32607,2077557
32608,1994940
32609,3304194
32610,2770915
32611,3916333
32612,7488364
32613,4118986
32614,2421933
32615,2338694
32616,1860290
32617,1747456
32618,1822173
32619,1982096
32620,2404943
32621,4150658
32622,2912952
32623,4187751
32624,2877449
32625,3845106
32626,3658101
32627,3686843
32628,1927646
32629,9784702
32630,2097900
32631,2982115
32632,2040241
32633,1986144
32634,2953141
32635,3835821
32636,3867856
32637,2717430
32638,2956076
32639,1935876
32640,2093182
32641,3800102
32642,3054941
32643,3800802
32644,7501691
32645,1914742
32646,3767224
32647,1967697
32648,3547977
32649,3460558
32650,3623353
32651,2252103
32652,2798323
32653,2165662
32654,3616051
32655,4094905
32656,3715723
32657,3446171
32658,3732153
32659,1816612
32660,1912267
32661,10342190
32662,1959634
32663,2144791
32664,3715365
32665,4302340
32666,2304045
32667,1806474
32668,3688244
32669,3505023
32670,5447765
32671,3594920
32672,3511040
32673,4600503
32674,6847027
32675,2508689
32676,2251865
32677,2131151
32678,3639884
32679,3554728
32680,8665622
32681,3465680
32682,3995267
32683,2218622
32684,1754645
32685,3667254
32686,3748400
32687,5329078
32688,10315883
32689,7564433
32690,2994732
32691,4724255
32692,2622486
32693,1999133
32694,7414734
32695,2516032
32696,2519658
32697,3477611
32698,3815083
32699,4849318
32700,5326657
32701,2104703
32702,3478357
32703,4238359
32704,11163164
32705,5725127
32706,5769651
32707,4398154
32708,3922462
32709,5430212
32710,3002537
32711,2680736
32712,2652054
32713,8701518
32714,3158530
32715,5672606
32716,2637028
32717,2334076
32718,2422811
32719,2667232
32720,2994504
32721,2759313
32722,2003510
32723,1873989
32724,4283524
32725,2379163
32726,1806814
32727,10230378
32728,3809138
32729,2689397
32730,2313690
32731,2018462
32732,10869775
32733,2093015
32734,3200377
32735,8799622
32736,6762731
32737,2209613
32738,3057557
32739,3037805
32740,5264009
32741,5899715
32742,6541509
32743,4875262
32744,2581923
32745,18548967
32746,1766723
32747,5869519
32748,3360763
32749,2781722
32750,2039471
32751,3175886
32752,2864451
32753,2608185
32754,3557439
32755,5053402
32756,5254319
32757,8533718
32758,5265887
32759,3632417
32760,5392629
32761,4308072
32762,2544555
32763,2001469
32764,5250337
32765,2943635
32766,2341480
32767,1920865
32768,7836876
32769,3058117
32770,2540821
32771,2226136
32772,2565798
32773,2332941
32774,2681842
32775,2168145
32776,2099673
32777,1982760
32778,3515608
32779,3833512
32780,10415285
32781,2352002
32782,3520507
32783,5094318
32784,2929851
32785,2298078
32786,2651521
32787,2049972
32788,2309287
32789,1963219
32790,2516050
32791,2472142
32792,2457038
32793,1978186
32794,1905728
32795,2869143
32796,2028978
32797,1886528
32798,2771430
32799,2499201
32800,2503677
32801,1954613
32802,3419859
32803,1924520
32804,8287329
32805,2842010
32806,5061998
32807,2238930
32808,14972852
32809,5888286
32810,2985855
32811,5075790
32812,2481170
32813,2416313
32814,6459368
32815,2446712
32816,3289789
32817,2203841
32818,2519192
32819,1940340
32820,4463879
32821,2843513
32822,2453878
32823,1905025
32824,13304311
32825,5005652
32826,4083096
32827,2289201
32828,7042740
32829,2282235
32830,5547175
32831,2940530
32832,2890432
32833,3902265
32834,2972135
32835,8527820
32836,3789018
32837,2179035
32838,2350816
32839,5081899
32840,3607004
32841,3967413
32842,1953656
32843,3607136
32844,2252695
32845,2537259
32846,1835820
32847,2630653
32848,1909967
32849,2099657
32850,2611625
32851,4220592
32852,7573037
32853,2866165
32854,7466970
32855,4550220
32856,5657471
32857,4348360
32858,2314187
32859,4483803
32860,8000536
32861,4428182
32862,5623566
32863,1978071
32864,4724633
32865,5279481
32866,3921378
32867,5085646
32868,3005488
32869,3692085
32870,2398054
32871,2378678
32872,2884768
32873,3037966
32874,5016958
32875,3791500
32876,3159632
32877,3572436
32878,3108110
32879,2272885
32880,3413003
32881,6728991
32882,2651515
32883,2772451
32884,3420239
32885,5148363
32886,2646483
32887,4240520
32888,3177517
32889,2599444
32890,5536875
32891,2234440
32892,3721302
32893,3342925
32894,3262531
32895,3655737
32896,3933863
32897,4547849
32898,4453572
32899,2602386
32900,3441870
32901,2792852
32902,3384552
32903,4166073
32904,4696470
32905,2744039
32906,1966471
32907,2708817
32908,2202245
32909,2176361
32910,6955788
32911,2079171
32912,1977442
32913,2292281
32914,2586529
32915,4408319
32916,3762360
32917,4165481
32918,1911678
32919,2279020
32920,3124808
32921,2192909
32922,2277859
32923,1937288
32924,10762602
32925,5165511
32926,2406682
32927,3247795
32928,3279601
32929,2516537
32930,2354113
32931,4373758
32932,5344233
32933,2118949
32934,3593104
32935,2350201
32936,2337370
32937,2137347
32938,6073473
32939,4120065
32940,3126929
32941,3871113
32942,3889322
32943,2738068
32944,1829192
32945,3551746
32946,16569325
32947,8441378
32948,2493272
32949,4680039
32950,2843429
32951,4725723
32952,2320972
32953,13911230
32954,2005755
32955,6014182
32956,2558985
32957,4098671
32958,1870203
32959,1642764
32960,3780764
32961,2682317
32962,2243457
32963,2038030
32964,4544599
32965,2395711
32966,7752341
32967,9718377
32968,10750881
32969,4548079
32970,3123246
32971,2256309
32972,2165239
32973,3345858
32974,1933827
32975,4878336
32976,5504533
32977,8143563
32978,2625206
32979,10847201
32980,3641787
32981,5842388
32982,2282158
32983,3054055
32984,2656211
32985,3503747
32986,2362629
32987,3573480
32988,11064289
32989,2918689
32990,3093053
32991,7060532
32992,4726753
32993,2376259
32994,4831153
32995,4621614
32996,4404776
32997,14467830
32998,7217568
32999,2292726
33000,2509265
33001,2824552
33002,3650614
33003,1959245
33004,2556763
33005,10475001
33006,3361060
33007,2577398
33008,5591889
33009,13446175
33010,4279910
33011,4207430
33012,1826351
33013,2222472
33014,2921352
33015,2426646
33016,2556045
33017,5767031
33018,2163046
33019,3973790
33020,2347068
33021,2867403
33022,3707855
33023,3195573
33024,3551179
33025,2622009
33026,4028045
33027,2757194
33028,2186846
33029,2244652
33030,12377664
33031,2767769
33032,3531744
33033,1900075
33034,7442462
33035,3337891
33036,1999073
33037,2162242
33038,3144107
33039,2646626
33040,3570319
33041,2085931
33042,11141832
33043,3710409
33044,4500681
33045,2577841
33046,2871572
33047,2168907
33048,4628202
33049,3656948
33050,3404519
33051,13078233
33052,3534593
33053,2995378
33054,3242705
33055,5764847
33056,5024817
33057,2702623
33058,3250777
33059,3106187
33060,3529225
33061,3838686
33062,3509732
33063,2309113
33064,1876952
33065,2434182
33066,4501056
33067,10311930
33068,4206046
33069,4620106
33070,2948116
33071,2382653
33072,2496987
33073,2989880
33074,2880079
33075,2044666
33076,19892374
33077,5383221
33078,2692786
33079,2349338
33080,2740745
33081,3312315
33082,3434208
33083,2254737
33084,3412107
33085,2429359
33086,3797390
33087,6510568
33088,6409453
33089,8932157
33090,4130756
33091,3115974
33092,2778688
33093,3680451
33094,9530748
33095,4314464
33096,6054343
33097,1795190
33098,4595863
33099,2782542
33100,5619365
33101,2936614
33102,6600486
33103,2240363
33104,3762861
33105,4475930
33106,13285093
33107,4465450
33108,4094563
33109,2243830
33110,3696585
33111,3827154
33112,2544158
33113,2935484
33114,4100272
33115,6635910
33116,2869634
33117,3598164
33118,2854125
33119,2120327
33120,2536044
33121,5397189
33122,2880204
33123,2101827
33124,3560858
33125,4310072
33126,2134662
33127,2057008
33128,3857673
33129,8077886
33130,1992447
33131,2128781
33132,2251819
33133,2589508
33134,3918960
33135,4284968
33136,1812022
33137,2280130
33138,2033364
33139,2365917
33140,4252581
33141,2092842
33142,3696451
33143,3483077
33144,2376147
33145,2033444
33146,2233354
33147,1810372
33148,1793733
33149,1804229
33150,2034556
33151,3388744
33152,2115613
33153,2614004
33154,2580896
33155,3748178
33156,5761552
33157,3972709
33158,2236701
33159,1904345
33160,2619447
33161,4606379
33162,2450051
33163,5076241
33164,2113518
33165,1807002
33166,2839359
33167,1870674
33168,2090640
33169,1829105
33170,2023214
33171,1852173
33172,2069592
33173,1858465
33174,2188382
33175,4351414
33176,2075890
33177,2173126
33178,1967742
33179,1924841
33180,2204147
33181,2546484
33182,2271342
33183,4948119
33184,3406095
33185,1677568
33186,2743585
33187,2018114
33188,1861489
33189,1902458
33190,1883949
33191,2487854
33192,2241506
33193,2811658
33194,2312693
33195,4553558
33196,2008843
33197,1746291
33198,1888243
33199,1647233
33200,1768748
33201,2696019
33202,2335737
33203,2458746
33204,3611966
33205,4042620
33206,2660783
33207,2131241
33208,2340156
33209,4840133
33210,2658545
33211,3103752
33212,2000116
33213,4653074
33214,2897258
33215,2065379
33216,2664245
33217,2382347
33218,3506241
33219,4127892
33220,2812347
33221,2305418
33222,2211273
33223,2845902
33224,3426445
33225,4109027
33226,2799510
33227,5244400
33228,3450498
33229,2913868
33230,3218687
33231,2219483
33232,14211881
33233,2279166
33234,2265747
33235,1712719
33236,3586157
33237,3044078
33238,2571425
33239,3259335
33240,3616027
33241,2750838
33242,6038487
33243,3252889
33244,3428470
33245,8576646
33246,4191567
33247,2702883
33248,14875964
33249,4128268
33250,3163208
33251,2382857
33252,3794866
33253,3895051
33254,2327216
33255,2541756
33256,2575473
33257,2948134
33258,3068069
33259,5284386
33260,2863204
33261,5630314
33262,8363185
33263,4201521
33264,2507759
33265,2221447
33266,2406519
33267,3890326
33268,9222916
33269,2888917
33270,2316586
33271,2410969
33272,2853085
33273,2444450
33274,3044159
33275,2973907
33276,3797206
33277,2269988
33278,2194000
33279,3015539
33280,5552661
33281,2906201
33282,3276838
33283,1998320
33284,1924045
33285,2374548
33286,2559034
33287,4893877
33288,2757062
33289,2738069
33290,3351381
33291,2163331
33292,3023336
33293,5042762
33294,2369663
33295,2703929
33296,3285004
33297,5272225
33298,3470289
33299,3340832
33300,4077061
33301,2683100
33302,10321835
33303,2720396
33304,1906898
33305,2115260
33306,7120205
33307,2260010
33308,2304890
33309,6562746
33310,6223597
33311,8065510
33312,2426637
33313,2544725
33314,2459830
33315,3002233
33316,3913587
33317,2815498
33318,2701923
33319,2745871
33320,2055485
33321,3676626
33322,2465132
33323,2696350
33324,2168708
33325,2485507
33326,2692439
33327,4706274
33328,3055692
33329,2093187
33330,4537251
33331,6032828
33332,4530531
33333,2153861
33334,2107961
33335,2251439
33336,2258190
33337,2059698
33338,2036269
33339,3598243
33340,3144243
33341,1972774
33342,2620696
33343,2394727
33344,2161410
33345,2380212
33346,1981188
33347,4420751
33348,3953283
33349,6030905
33350,3005431
33351,3316096
33352,1659863
33353,2142114
33354,3787060
33355,2350939
33356,5230593
33357,6056681
33358,3689754
33359,1887820
33360,5723891
33361,3750812
33362,3733443
33363,3742240
33364,1632738
33365,2448284
33366,6718783
33367,6459602
33368,5003977
33369,3009305
33370,2314716
33371,1964702
33372,2501450
33373,2124086
33374,4332000
33375,2720291
33376,2439812
33377,4756003
33378,6408159
33379,6396804
33380,3401569
33381,10802755
33382,2914561
33383,10470193
33384,1799712
33385,3371258
33386,16130114
33387,7363157
33388,8150410
33389,3523684
33390,3018577
33391,3229392
33392,3621457
33393,2506084
33394,5252769
33395,6722652
33396,3394892
33397,6084693
33398,2069503
33399,4563764
33400,2405858
33401,4332604
33402,2487992
33403,2236043
33404,3095665
33405,2925388
33406,4495740
33407,3514440
33408,5155704
33409,2923387
33410,3346728
33411,3099578
33412,2892728
33413,2071133
33414,6708257
33415,3103562
33416,3992226
33417,2909208
33418,4772118
33419,6022817
33420,3517660
33421,5397419
33422,4348385
33423,10478562
33424,5066955
33425,7938063
33426,7179160
33427,3439657
33428,7849017
33429,6845846
33430,5079163
33431,2624979
33432,7583152
33433,2587976
33434,3867726
33435,2924306
33436,3078682
33437,2298020
33438,2592308
33439,2243941
33440,3424664
33441,1930429
33442,2411240
33443,5602269
33444,2311481
33445,2676950
33446,2981688
33447,5793095
33448,3665897
33449,2862284
33450,3052701
33451,6105329
33452,3468824
33453,4544945
33454,3468455
33455,2925562
33456,3082633
33457,5247256
33458,2084299
33459,6122610
33460,3943413
33461,13913209
33462,5075184
33463,2790678
33464,1887744
33465,2982093
33466,3288765
33467,6262929
33468,3153022
33469,1863980
33470,4704903
33471,2895411
33472,2334903
33473,2096198
33474,2433917
33475,2511672
33476,2421699
33477,2344500
33478,2462991
33479,2171708
33480,3065435
33481,2303497
33482,2935744
33483,3741461
33484,2638082
33485,2130301
33486,2325167
33487,2257281
33488,4742630
33489,6097047
33490,2789740
33491,3146580
33492,7072388
33493,6851885
33494,6264426
33495,7003801
33496,6515849
33497,3640266
33498,1780631
33499,3345853
33500,3459433
33501,2038683
33502,3066941
33503,3035767
33504,2978276
33505,5717719
33506,8453583
33507,3621158
33508,7305465
33509,5750182
33510,4007408
33511,4358732
33512,13939779
33513,4833642
33514,3311764
33515,5638679
33516,3449710
33517,3556423
33518,3701830
33519,2879679
33520,17006919
33521,4077958
33522,2147603
33523,5414542
33524,2252156
33525,2689197
33526,3683651
33527,2662770
33528,2350053
33529,4626828
33530,5570796
33531,2660359
33532,2455497
33533,2480692
33534,4615452
33535,4857142
33536,2918918
33537,3127684
33538,3074926
33539,3179153
33540,5295372
33541,4531553
33542,3277842
33543,4167267
33544,4384495
33545,2401234
33546,2864138
33547,6672844
33548,3245504
33549,2654155
33550,2480906
33551,2297418
33552,2699929
33553,2664924
33554,2424253
33555,7100918
33556,2486086
33557,3344919
33558,2232788
33559,3742841
33560,3646124
33561,2673880
33562,2355453
33563,3844191
33564,2090827
33565,2071295
33566,3926727
33567,7678635
33568,1899928
33569,3624927
33570,3031492
33571,2505442
33572,2452194
33573,3192340
33574,2462737
33575,2691161
33576,12564590
33577,3536041
33578,3038245
33579,4599260
33580,61763897
33581,5377043
33582,4445434
33583,3272518
33584,2339955
33585,6324558
33586,4073662
33587,4964690
33588,5256571
33589,3193978
33590,3711853
33591,3250557
33592,2271817
33593,2643855
33594,2265870
33595,2183908
33596,4656845
33597,7201718
33598,2495480
33599,2028624
33600,2566433
33601,2348581
33602,5097320
33603,4987760
33604,4068084
33605,2404101
33606,2202450
33607,2249714
33608,2815733
33609,2029490
33610,3227193
33611,3871854
33612,3722915
33613,4443224
33614,6838879
33615,4611710
33616,4493497
33617,4497013
33618,8889436
33619,4330139
33620,1980022
33621,2388118
33622,3321091
33623,3160286
33624,1940576
33625,8940218
33626,2998193
33627,6855507
33628,3462354
33629,2008087
33630,6020382
33631,3137733
33632,2227468
33633,2287728
33634,2814864
33635,2093868
33636,3323563
33637,3788021
33638,1757390
33639,2299674
33640,3877954
33641,4150108
33642,3914290
33643,3398984
33644,2099718
33645,2403789
33646,2050581
33647,2338870
33648,11060154
33649,1740397
33650,6314194
33651,4572939
33652,5209819
33653,2618037
33654,3498693
33655,3270711
33656,7331218
33657,4511168
33658,2330173
33659,2764673
33660,8695828
33661,3318574
33662,1835594
33663,5104681
33664,3529200
33665,1916323
33666,2653992
33667,9853594
33668,6320194
33669,2068813
33670,3532736
33671,2688553
33672,2863248
33673,2471076
33674,2086964
33675,2238949
33676,4124652
33677,5480573
33678,5705666
33679,5489555
33680,5566781
33681,19553991
33682,3292463
33683,1758837
33684,2097322
33685,1892035
33686,5402509
33687,4390691
33688,2820563
33689,3401453
33690,1763549
33691,3112948
33692,2982973
33693,2645918
33694,1893412
33695,7469799
33696,5898958
33697,4870178
33698,6403891
33699,3639371
33700,4125001
33701,3968340
33702,21722620
33703,4212563
33704,2643416
33705,2665950
33706,2849763
33707,1960958
33708,9115120
33709,1952956
33710,4302338
33711,2302370
33712,1994678
33713,3954932
33714,4690837
33715,3722133
33716,2882454
33717,2133326
33718,6238915
33719,4326044
33720,7206521
33721,4127517
33722,11715571
33723,14092610
33724,10745345
33725,8137176
33726,4101136
33727,4537606
33728,5926513
33729,2862381
33730,7438682
33731,6834639
33732,3414467
33733,4399374
33734,4884513
33735,2763498
33736,4133578
33737,3662675
33738,5882412
33739,3220454
33740,3259009
33741,3822336
33742,3547636
33743,2638649
33744,13246957
33745,2825006
33746,7522513
33747,3959768
33748,2217300
33749,3057332
33750,4501551
33751,5421487
33752,4891921
33753,4303400
33754,2520931
33755,2087028
33756,2672664
33757,4885503
33758,3771751
33759,9047161
33760,3510191
33761,2712042
33762,7319979
33763,5005245
33764,1786799
33765,2992820
33766,3605174
33767,2663251
33768,4154263
33769,1707471
33770,5445776
33771,2965099
33772,4512799
33773,6691367
33774,5552615
33775,4225395
33776,2195953
33777,2214050
33778,2112894
33779,2254670
33780,3939589
33781,4552261
33782,1952788
33783,1866679
33784,1897935
33785,2435251
33786,4875324
33787,2287391
33788,2580696
33789,5458471
33790,2198940
33791,6277683
33792,1814285
33793,2296386
33794,2639075
33795,2686145
33796,2874834
33797,2492481
33798,2460581
33799,1880276
33800,2004920
33801,4171089
33802,3044444
33803,3785512
33804,1772980
33805,1846152
33806,3758537
33807,3170236
33808,4080783
33809,3873523
33810,4442157
33811,2021233
33812,14052508
33813,2750509
33814,3011554
33815,3487930
33816,2776773
33817,7188581
33818,4156833
33819,2459475
33820,3532506
33821,4620268
33822,2076702
33823,2412443
33824,3958833
33825,3623585
33826,2453520
33827,3539360
33828,7792440
33829,2485045
33830,2711484
33831,2552659
33832,2816516
33833,5728155
33834,5858377
33835,2766917
33836,2240205
33837,2151879
33838,3411764
33839,2550675
33840,5468051
33841,2130935
33842,1994858
33843,3800738
33844,3000509
33845,3288088
33846,2305592
33847,8467158
33848,4432445
33849,9898705
33850,2384954
33851,6124341
33852,2843487
33853,1878421
33854,2777154
33855,5284227
33856,2355540
33857,2364581
33858,2163153
33859,2160664
33860,2724903
33861,3489024
33862,3236896
33863,2076051
33864,2275104
33865,7065686
33866,4005132
33867,3584408
33868,2793557
33869,3859984
33870,5871848
33871,4983485
33872,6876019
33873,7913948
33874,2014918
33875,1831735
33876,12569743
33877,2569892
33878,2097716
33879,2740026
33880,5111572
33881,2945589
33882,4145146
33883,2964929
33884,3300113
33885,2151139
33886,1752878
33887,1849230
33888,3603840
33889,7357951
33890,5690978
33891,5968387
33892,3094007
33893,5248133
33894,2106504
33895,3162025
33896,1854194
33897,2789547
33898,3680789
33899,7851896
33900,3451429
33901,2453762
33902,6535336
33903,5795290
33904,3512551
33905,2919208
33906,2568500
33907,1802051
33908,5228589
33909,5392712
33910,6399321
33911,2374041
33912,5824458
33913,2973184
33914,2435017
33915,3364057
33916,2393729
33917,2848928
33918,1869364
33919,2192669
33920,2079914
33921,1884789
33922,5218780
33923,4419047
33924,1914255
33925,2443027
33926,12138510
33927,6278787
33928,4145132
33929,3078202
33930,3241499
33931,3630046
33932,4022265
33933,7641916
33934,2621165
33935,2966050
33936,3992784
33937,3629496
33938,3537898
33939,5723274
33940,5081060
33941,2795476
33942,4014763
33943,4971601
33944,1843400
33945,5452695
33946,3456980
33947,2634921
33948,3131871
33949,2354688
33950,2158772
33951,4199210
33952,3125767
33953,3021529
33954,5230040
33955,3881646
33956,7155280
33957,3224041
33958,3500747
33959,2145924
33960,2326179
33961,3429336
33962,2451632
33963,2207058
33964,2329543
33965,2286695
33966,3365768
33967,6864888
33968,3441637
33969,2533589
33970,3315972
33971,2984823
33972,2829685
33973,2019503
33974,4534375
33975,9890738
33976,4223185
33977,2123313
33978,2260843
33979,2425179
33980,2945987
33981,3628546
33982,3164633
33983,3400471
33984,2787182
33985,2326723
33986,2009139
33987,6816630
33988,3966169
33989,1815679
33990,6606343
33991,3802337
33992,7602552
33993,3443614
33994,2602242
33995,6229235
33996,5532855
33997,2490618
33998,2682420
33999,2770473
34000,2246365
34001,2301035
34002,2203796
34003,4443226
34004,9024370
34005,2625589
34006,5243172
34007,2598373
34008,3193271
34009,2426269
34010,2543214
34011,3191670
34012,3140410
34013,5958305
34014,2464508
34015,4064909
34016,2488052
34017,4133500
34018,2696869
34019,2118638
34020,2695259
34021,3097204
34022,13932572
34023,2236457
34024,2260852
34025,1894245
34026,3160409
34027,2193315
34028,3544609
34029,5301383
34030,2508983
34031,2069453
34032,3342121
34033,2775978
34034,1769117
34035,2314253
34036,2935337
34037,4590417
34038,6885379
34039,4227612
34040,3626717
34041,2538875
34042,2460266
34043,2164499
34044,2237481
34045,2374537
34046,2353835
34047,2735875
34048,2627549
34049,2231573
34050,2426734
34051,2515264
34052,2783786
34053,4319271
34054,1860039
34055,2084298
34056,2189784
34057,2643034
34058,4323569
34059,6321321
34060,3734905
34061,2489763
34062,7650351
34063,3315992
34064,2301010
34065,4364917
34066,5092223
34067,4814739
34068,3143276
34069,2211397
34070,2380566
34071,3555283
34072,2575898
34073,3208878
34074,6473176
34075,2838748
34076,1758455
34077,4017351
34078,2644137
34079,6734861
34080,6970458
34081,3528523
34082,3072023
34083,3824255
34084,2311168
34085,2304170
34086,2567118
34087,3345163
34088,5775770
34089,3791611
34090,2190705
34091,4972254
34092,2688040
34093,4833353
34094,4879389
34095,2777832
34096,2264772
34097,8304003
34098,2690857
34099,3537359
34100,3477776
34101,7612893
34102,5422669
34103,7428239
34104,3206447
34105,2449381
34106,2016257
34107,3409793
34108,2348081
34109,3135772
34110,1855066
34111,2544820
34112,3892510
34113,6974714
34114,2644594
34115,10846824
34116,2803963
34117,3577394
34118,3565559
34119,3698936
34120,3216827
34121,2815482
34122,6797473
34123,2981605
34124,2048661
34125,2813246
34126,2904161
34127,3504469
34128,3079100
34129,3278498
34130,3355607
34131,3301119
34132,3521121
34133,2532471
34134,2227567
34135,3407036
34136,3322130
34137,3242973
34138,2021403
34139,6284387
34140,3369446
34141,2188111
34142,1960046
34143,3670421
34144,1874443
34145,5292899
34146,2496160
34147,2246518
34148,3430483
34149,2052985
34150,3322484
34151,2093439
34152,2423228
34153,3740147
34154,2463402
34155,3360444
34156,3716316
34157,2935658
34158,2833049
34159,6156168
34160,2931718
34161,5342140
34162,6395933
34163,3657541
34164,5585374
34165,3046108
34166,5449508
34167,6896716
34168,3252478
34169,6099140
34170,3554302
34171,1852132
34172,3744213
34173,2156103
34174,3534587
34175,10296518
34176,3518399
34177,2576150
34178,2457798
34179,3051704
34180,2973297
34181,3845453
34182,4860472
34183,2753434
34184,2202527
34185,4627127
34186,2268641
34187,2964634
34188,2267318
34189,4995762
34190,4645173
34191,4623977
34192,3619485
34193,14383802
34194,3932737
34195,2694201
34196,3304678
34197,3495906
34198,2892770
34199,2612416
34200,3043526
34201,6112606
34202,4752428
34203,6583473
34204,4465977
34205,4019789
34206,9576849
34207,2495687
34208,3217633
34209,19616579
34210,2969946
34211,2425703
34212,3051465
34213,2725618
34214,2863222
34215,2761745
34216,3023754
34217,5177044
34218,3001477
34219,2426980
34220,2501035
34221,2835925
34222,2059852
34223,2132669
34224,1804551
34225,2156826
34226,6260185
34227,5203148
34228,5937662
34229,3679344
34230,2650382
34231,1857401
34232,3802490
34233,6607887
34234,4004543
34235,3785196
34236,5544381
34237,4241099
34238,2484852
34239,2702886
34240,2753718
34241,3876305
34242,4465324
34243,3767414
34244,3692759
34245,3884167
34246,4391808
34247,3964036
34248,6169144
34249,7208080
34250,3839203
34251,5395524
34252,2005733
34253,3994292
34254,1972929
34255,1961959
34256,4528621
34257,4180957
34258,2941867
34259,2835726
34260,2207934
34261,2603741
34262,4587786
34263,4368862
34264,4387131
34265,3946164
34266,2071127
34267,4303104
34268,4244808
34269,9087757
34270,4230623
34271,7435162
34272,4463328
34273,2010009
34274,4002409
34275,3885694
34276,3755777
34277,1759657
34278,2903822
34279,3668028
34280,3674701
34281,3411833
34282,5618192
34283,3066704
34284,4364444
34285,2139427
34286,3925315
34287,3733191
34288,3867792
34289,3738568
34290,3496186
34291,4053894
34292,3990250
34293,3698336
34294,4323820
34295,2102136
34296,5277147
34297,1937898
34298,2231256
34299,3794719
34300,3818615
34301,4244570
34302,16058820
34303,3977765
34304,3790265
34305,3896858
34306,2862174
34307,3830747
34308,3905947
34309,4039088
34310,3804187
34311,2887453
34312,3901412
34313,3751267
34314,4095632
34315,4980049
34316,3910822
34317,3463553
34318,3800118
34319,4167725
34320,3909726
34321,1890525
34322,1992367
34323,2606516
34324,1846964
34325,1925346
34326,4341962
34327,3707563
34328,3678929
34329,3682434
34330,3446294
34331,1834825
34332,7820093
34333,2163153
34334,3775437
34335,2594896
34336,1849700
34337,3595211
34338,4047330
34339,2652143
34340,3774737
34341,4087785
34342,2336709
34343,3795534
34344,3719219
34345,2354236
34346,3804007
34347,3747165
34348,3966898
34349,3682009
34350,3862675
34351,2092345
34352,3721404
34353,2537870
34354,1975846
34355,3831916
34356,3938174
34357,1896607
34358,5249207
34359,3709263
34360,2391285
34361,6545429
34362,3153673
34363,4332557
34364,4152172
34365,3944471
34366,3982369
34367,5348149
34368,4387611
34369,4021282
34370,1858007
34371,2878744
34372,4297441
34373,4906301
34374,6039492
34375,4277414
34376,2196402
34377,2733160
34378,7275068
34379,4665712
34380,2799011
34381,1864756
34382,3334914
34383,1889198
34384,4231827
34385,1839973
34386,3934301
34387,2363713
34388,2862153
34389,1852769
34390,5718161
34391,2736360
34392,6104031
34393,4613536
34394,4459125
34395,4700106
34396,2859907
34397,5024951
34398,3706767
34399,2314270
34400,1899317
34401,2366772
34402,2966786
34403,7136646
34404,5187208
34405,3762596
34406,3660476
34407,1882526
34408,2898291
34409,4209824
34410,7666291
34411,5475807
34412,4515232
34413,4451947
34414,2570512
34415,4492191
34416,5068592
34417,5315145
34418,4840192
34419,4178375
34420,4669992
34421,2871480
34422,2783857
34423,8848597
34424,6425554
34425,3740606
34426,3012798
34427,1691697
34428,2826045
34429,1747854
34430,2358214
34431,1862557
34432,2323215
34433,1850778
34434,3111318
34435,4851897
34436,3310530
34437,2407582
34438,2096293
34439,3459866
34440,1856487
34441,3001767
34442,1768921
34443,1814027
34444,3317142
34445,2242713
34446,1700130
34447,1879177
34448,9293688
34449,2082937
34450,1772740
34451,1794376
34452,2853313
34453,2272000
34454,2078176
34455,2506827
34456,1740556
34457,1955199
34458,3571561
34459,2267981
34460,18264235
34461,3075832
34462,2646097
34463,2468640
34464,1797436
34465,1858513
34466,1845908
34467,5314570
34468,2300000
34469,4192706
34470,2407157
34471,2310245
34472,2391410
34473,3292604
34474,6518028
34475,4032611
34476,2093422
34477,2503790
34478,3865376
34479,2727411
34480,5590039
34481,3953803
34482,3260340
34483,9422763
34484,1721135
34485,2980625
34486,3623313
34487,3578213
34488,4087908
34489,4036787
34490,3933424
34491,4097036
34492,6014253
34493,5577246
34494,3281983
34495,3327118
34496,2687723
34497,1940073
34498,2480173
34499,5263657
34500,3476181
34501,4041255
34502,2975328
34503,1972003
34504,5335363
34505,3525672
34506,4980969
34507,3855812
34508,3991502
34509,4769423
34510,2531986
34511,2042050
34512,2185288
34513,2036943
34514,3994259
34515,3322354
34516,3681490
34517,5956026
34518,2024336
34519,3705587
34520,4646692
34521,5643398
34522,3791918
34523,3557267
34524,2106010
34525,6846160
34526,3502497
34527,4605527
34528,2879671
34529,3508850
34530,4851606
34531,6146267
34532,3346281
34533,6260420
34534,3388346
34535,4392905
34536,7143729
34537,2010322
34538,4614252
34539,2774055
34540,4226130
34541,4350603
34542,3640741
34543,10028423
34544,3393347
34545,2395812
34546,2760977
34547,2918228
34548,1888228
34549,2515656
34550,5343946
34551,6151357
34552,7458181
34553,5025620
34554,12207541
34555,4211387
34556,4472562
34557,5913675
34558,2358465
34559,3600256
34560,4209053
34561,5664589
34562,13545207
34563,17056511
34564,2943569
34565,3849370
34566,4291220
34567,2654821
34568,3027261
34569,4352552
34570,2968886
34571,1894964
34572,4379138
34573,4822238
34574,6907138
34575,2030611
34576,2630836
34577,2425945
34578,5037489
34579,4228737
34580,3724229
34581,6972405
34582,3178990
34583,2151906
34584,3159704
34585,4706077
34586,4228131
34587,3494287
34588,5127684
34589,2598253
34590,11452308
34591,2289150
34592,7531862
34593,2822714
34594,22839685
34595,5223087
34596,3102291
34597,2584842
34598,4335871
34599,5181233
34600,3694788
34601,3729014
34602,7265361
34603,1862991
34604,2123017
34605,2551823
34606,3427326
34607,3643334
34608,2786198
34609,2250482
34610,6491343
34611,7236400
34612,4145569
34613,4716749
34614,2376966
34615,8660460
34616,4157277
34617,5518812
34618,3234617
34619,5669891
34620,3363439
34621,3046278
34622,3728706
34623,2566741
34624,3428519
34625,2621702
34626,4805092
34627,3315237
34628,2835432
34629,4346694
34630,2748910
34631,3802152
34632,2797884
34633,3637216
34634,3348572
34635,2572104
34636,8621780
34637,3431056
34638,7230530
34639,2575240
34640,3698440
34641,9102108
34642,3199609
34643,6260448
34644,1828145
34645,4178925
34646,2267613
34647,3695316
34648,2519759
34649,2386552
34650,2616025
34651,4630803
34652,1813064
34653,2211134
34654,2699363
34655,2019402
34656,1728190
34657,2540068
34658,6439018
34659,3352881
34660,2600229
34661,2978850
34662,3937843
34663,2642521
34664,3010702
34665,2306788
34666,2892976
34667,2230412
34668,6490318
34669,3115069
34670,10568225
34671,3511402
34672,2595621
34673,4457636
34674,2066206
34675,1866837
34676,3328806
34677,8947036
34678,4241339
34679,3521238
34680,2482266
34681,4553707
34682,4974388
34683,3658226
34684,1977658
34685,1892291
34686,6279884
34687,3649885
34688,4032028
34689,4499324
34690,3246440
34691,2775975
34692,3949036
34693,2279414
34694,4794180
34695,2168243
34696,4259057
34697,2729336
34698,5713926
34699,5646836
34700,4221465
34701,3267948
34702,3792792
34703,4676379
34704,2640925
34705,3720583
34706,6470405
34707,2390718
34708,2530035
34709,2132564
34710,5993384
34711,4193859
34712,3407912
34713,2185561
34714,5075279
34715,1743240
34716,6758804
34717,2554126
34718,9443488
34719,2747565
34720,8963053
34721,2212339
34722,2450750
34723,2373429
34724,15430142
34725,2995805
34726,2629132
34727,2717053
34728,2696675
34729,1962422
34730,3052694
34731,9892203
34732,7321013
34733,4596202
34734,2765768
34735,2246271
34736,5752030
34737,3939943
34738,3550260
34739,4977023
34740,10684604
34741,2922802
34742,2452600
34743,2273758
34744,8526227
34745,2127749
34746,7340461
34747,2424338
34748,3223387
34749,2484734
34750,5752731
34751,3392749
34752,13288063
34753,2307897
34754,4850871
34755,2543648
34756,2134894
34757,2144676
34758,2178366
34759,2028538
34760,2649323
34761,2711880
34762,1839797
34763,2810589
34764,14839603
34765,2943215
34766,2023585
34767,2346877
34768,2780648
34769,4284331
34770,4634325
34771,2805334
34772,3848256
34773,16452589
34774,3023162
34775,2020979
34776,2044073
34777,5846596
34778,2528661
34779,2765376
34780,15581799
34781,2650421
34782,2130163
34783,1678456
34784,2161180
34785,3735781
34786,3365309
34787,5496123
34788,3174513
34789,2392122
34790,3480919
34791,3954014
34792,16896009
34793,2190389
34794,2950562
34795,2494146
34796,2262746
34797,2103954
34798,2430872
34799,4214680
34800,4672553
34801,5709410
34802,3996121
34803,6894170
34804,4176192
34805,5287066
34806,3711887
34807,5529862
34808,4346310
34809,2364748
34810,3984426
34811,3775217
34812,2531493
34813,3057314
34814,2362868
34815,3458021
34816,2582191
34817,3048505
34818,4187488
34819,3803604
34820,3862953
34821,3638554
34822,1953535
34823,2053143
34824,6469791
34825,5513620
34826,2799123
34827,2149803
34828,4358936
34829,6597903
34830,2856947
34831,6147992
34832,5770644
34833,4795257
34834,4963396
34835,5959526
34836,10628679
34837,8868013
34838,3918682
34839,2530703
34840,2332887
34841,2335824
34842,2396261
34843,2196029
34844,7776476
34845,4389791
34846,4796843
34847,1762978
34848,16307187
34849,2011720
34850,4419085
34851,3976099
34852,2486265
34853,2392892
34854,2353066
34855,2262147
34856,2082497
34857,2755272
34858,6578654
34859,3853343
34860,9145224
34861,1878507
34862,4262044
34863,2434946
34864,2797019
34865,4523909
34866,2590350
34867,2584572
34868,10221859
34869,6658307
34870,5185489
34871,5346704
34872,6504173
34873,5701332
34874,2328573
34875,2854872
34876,2317415
34877,15199254
34878,4732449
34879,1586896
34880,10475171
34881,4951479
34882,2654133
34883,2275144
34884,2660327
34885,4229465
34886,3760981
34887,5903587
34888,6445030
34889,5792839
34890,9623824
34891,5458436
34892,6086826
34893,2545061
34894,4585165
34895,2487366
34896,1922118
34897,2714046
34898,4052412
34899,11702202
34900,14492286
34901,5939161
34902,4347217
34903,2628089
34904,18267733
34905,2028898
34906,6899881
34907,3550667
34908,3665087
34909,7028963
34910,12334552
34911,2186311
34912,5183786
34913,2553681
34914,7160463
34915,5205388
34916,2098602
34917,4901437
34918,5237946
34919,5687006
34920,12685088
34921,2603947
34922,6207027
34923,2933871
34924,2030481
34925,2101752
34926,3485308
34927,4606623
34928,8070851
34929,2284506
34930,5796364
34931,3437825
34932,2592480
34933,1670694
34934,1969285
34935,2878775
34936,10555415
34937,5324220
34938,2393310
34939,1983664
34940,2890222
34941,3776400
34942,2710197
34943,2209473
34944,4095702
34945,2412832
34946,3460273
34947,5387922
34948,6651194
34949,2870584
34950,4368671
34951,8661337
34952,4384934
34953,5452910
34954,3633350
34955,2921619
34956,10195764
34957,3998053
34958,3106361
34959,5479825
34960,3105729
34961,2931154
34962,3874619
34963,7170284
34964,2698240
34965,2081753
34966,2332272
34967,2166874
34968,3772514
34969,2749700
34970,3484764
34971,2328764
34972,18772540
34973,6223261
34974,1929091
34975,4755219
34976,3061850
34977,2443282
34978,3275144
34979,2987392
34980,7777870
34981,5187292
34982,4220167
34983,12874139
34984,15635239
34985,2049850
34986,3250377
34987,4516192
34988,4435690
34989,2565663
34990,6753672
34991,2236716
34992,2897243
34993,2569686
34994,2400214
34995,3745861
34996,16591741
34997,2543855
34998,4899396
34999,2517854
35000,3162469
35001,3655068
35002,2610942
35003,5163675
35004,5172313
35005,4595345
35006,6112662
35007,2871157
35008,1937870
35009,3770816
35010,4015211
35011,6807913
35012,17552225
35013,5741144
35014,5597506
35015,4613190
35016,4377565
35017,5665748
35018,3996591
35019,3094496
35020,16050986
35021,2989553
35022,2559122
35023,2027849
35024,2092168
35025,2864214
35026,3337422
35027,2239756
35028,3058111
35029,1758116
35030,3726412
35031,6623432
35032,2699632
35033,1953342
35034,3494945
35035,2491342
35036,2759239
35037,2323540
35038,2573889
35039,2347589
35040,2765683
35041,1966065
35042,2557875
35043,2602574
35044,2487364
35045,2862949
35046,11375085
35047,2847742
35048,2831100
35049,5968576
35050,2526316
35051,4968268
35052,2615899
35053,3060767
35054,3792059
35055,2635899
35056,3026615
35057,4792986
35058,3429784
35059,2461373
35060,6505366
35061,2041610
35062,4879863
35063,2780404
35064,3476305
35065,3153562
35066,2109915
35067,20290676
35068,4966162
35069,2874023
35070,2714587
35071,9560128
35072,1840812
35073,2706549
35074,2612765
35075,5415114
35076,3639681
35077,1841822
35078,2027943
35079,2187096
35080,6253310
35081,3367277
35082,2057909
35083,3359230
35084,7459611
35085,5479467
35086,1866817
35087,3229452
35088,15358667
35089,3843411
35090,2887416
35091,2975147
35092,2655412
35093,2000118
35094,6295776
35095,2260446
35096,2107932
35097,2257527
35098,2295349
35099,2029510
35100,15752191
35101,9313208
35102,5899589
35103,2446339
35104,2571629
35105,3034794
35106,8833654
35107,2713668
35108,2305461
35109,14055098
35110,3435819
35111,2552353
35112,14510522
35113,4114658
35114,2533573
35115,3248097
35116,2383367
35117,1753710
35118,4109305
35119,14507097
35120,4965127
35121,6103460
35122,2244476
35123,2458416
35124,2251344
35125,2057003
35126,4083205
35127,2397236
35128,15015374
35129,2415591
35130,25381151
35131,3082495
35132,6340480
35133,2868145
35134,5490847
35135,5480326
35136,1817638
35137,3072023
35138,5947919
35139,3287942
35140,5202621
35141,5383364
35142,3928661
35143,2411063
35144,2399944
35145,2431178
35146,3299616
35147,4042369
35148,2903751
35149,2458088
35150,3492064
35151,15069960
35152,11038909
35153,3839269
35154,2868851
35155,3798066
35156,3661922
35157,1724843
35158,4778792
35159,2555844
35160,4878241
35161,4814647
35162,5866482
35163,8640954
35164,16246749
35165,4393142
35166,4539056
35167,4248059
35168,1858077
35169,3010633
35170,3160512
35171,2486149
35172,9214350
35173,4496403
35174,2921628
35175,6617333
35176,2588343
35177,6244553
35178,1887849
35179,3787607
35180,4863540
35181,3522048
35182,2255317
35183,2449091
35184,2812446
35185,1979805
35186,1858730
35187,1981518
35188,9606822
35189,1800755
35190,2263479
35191,2566186
35192,4271347
35193,15853469
35194,4284327
35195,4028739
35196,3155327
35197,3836942
35198,3851365
35199,4571557
35200,12435188
35201,2628505
35202,5044054
35203,3376569
35204,4996554
35205,4524871
35206,2758939
35207,3148470
35208,6015650
35209,1922395
35210,2126384
35211,2116593
35212,2994379
35213,4039665
35214,9682366
35215,2726420
35216,4064011
35217,4564590
35218,3777741
35219,4908068
35220,3822057
35221,4067626
35222,5203180
35223,3794998
35224,3723914
35225,2711893
35226,2657780
35227,2628545
35228,2721589
35229,6579587
35230,3200870
35231,3898225
35232,4491211
35233,4640009
35234,2897224
35235,6828213
35236,4104103
35237,2358569
35238,3931471
35239,3851707
35240,5428500
35241,3370513
35242,2816183
35243,4154805
35244,7069511
35245,23298636
35246,1832683
35247,3683798
35248,4109159
35249,2220065
35250,3848037
35251,4312067
35252,3758839
35253,4291352
35254,4345102
35255,4284588
35256,7617887
35257,6431459
35258,4038404
35259,3979424
35260,5487796
35261,4420338
35262,2271152
35263,3946393
35264,2330809
35265,2111148
35266,4981980
35267,1936792
35268,5572695
35269,5715670
35270,2077897
35271,2082519
35272,2005372
35273,4036198
35274,4189215
35275,3089763
35276,4225346
35277,7881655
35278,2184341
35279,3949047
35280,6258748
35281,2415680
35282,9258922
35283,3854926
35284,4327723
35285,3683949
35286,3507423
35287,4399887
35288,5540025
35289,4306650
35290,4647331
35291,4421591
35292,7217179
35293,4406508
35294,4202344
35295,4129940
35296,5015711
35297,2394236
35298,6067414
35299,3958943
35300,4145938
35301,5147904
35302,4133211
35303,2000550
35304,3275541
35305,7266223
35306,2418620
35307,3835844
35308,4388113
35309,3741474
35310,4821931
35311,3792524
35312,3016979
35313,2923388
35314,2956330
35315,3986865
35316,4787658
35317,2869994
35318,2751551
35319,2525878
35320,5522673
35321,4068818
35322,4223765
35323,1892542
35324,2857585
35325,3906476
35326,4932990
35327,3832995
35328,2979385
35329,4222449
35330,3707359
35331,4247188
35332,3015450
35333,3836611
35334,4631305
35335,2668326
35336,2791386
35337,2024218
35338,2117635
35339,4825557
35340,7194976
35341,4770067
35342,4685851
35343,4458074
35344,4068347
35345,2254532
35346,3034498
35347,4030682
35348,4384002
35349,2867100
35350,7183785
35351,14506660
35352,4117902
35353,6542816
35354,4370739
35355,2266251
35356,3857003
35357,1979664
35358,3977093
35359,2370607
35360,2034512
35361,19886699
35362,4643173
35363,2235704
35364,13614184
35365,4347671
35366,4257283
35367,4068283
35368,3769161
35369,5547584
35370,3130398
35371,15383419
35372,6814628
35373,4255316
35374,2753255
35375,1850599
35376,1979553
35377,6027285
35378,3862905
35379,3799147
35380,4002056
35381,2249573
35382,18159886
35383,4916882
35384,4107770
35385,7245632
35386,15304481
35387,4296226
35388,3693423
35389,3738719
35390,3874119
35391,3766903
35392,12248093
35393,4170830
35394,2648307
35395,1904613
35396,3728603
35397,2307362
35398,4098598
35399,1775322
35400,3837376
35401,5069608
35402,4088702
35403,6694159
35404,3968303
35405,4275888
35406,4302876
35407,1866353
35408,3808619
35409,7217218
35410,3934114
35411,4135495
35412,3739188
35413,12866492
35414,4177247
35415,3897835
35416,1864022
35417,2678322
35418,2058139
35419,4108425
35420,1876859
35421,4239480
35422,4093447
35423,3694118
35424,8981143
35425,3929105
35426,2173764
35427,3691414
35428,1886471
35429,2019872
35430,3785545
35431,2069843
35432,7409748
35433,5767408
35434,3098856
35435,3088373
35436,3861915
35437,2040651
35438,2103989
35439,4143856
35440,2703526
35441,2621779
35442,3360754
35443,2305522
35444,6854523
35445,4552132
35446,5268544
35447,1885256
35448,8288407
35449,2663072
35450,1867573
35451,1818114
35452,4536146
35453,2364664
35454,3703932
35455,5175068
35456,2649601
35457,2638980
35458,3767335
35459,3666041
35460,3780829
35461,4593188
35462,4583252
35463,6687502
35464,2355227
35465,1969918
35466,4740344
35467,5542198
35468,3441893
35469,6468283
35470,2786916
35471,1933858
35472,2160184
35473,13148819
35474,6009621
35475,5281319
35476,2283642
35477,1952840
35478,4345568
35479,1773483
35480,3538217
35481,1906514
35482,2263794
35483,4306459
35484,4293310
35485,3599426
35486,4812746
35487,3035362
35488,4189495
35489,1834766
35490,3707304
35491,1859408
35492,2013314
35493,2030335
35494,1884198
35495,3721327
35496,3681425
35497,6510457
35498,6315286
35499,2950878
35500,5176981
35501,3751239
35502,3678191
35503,2142794
35504,2138480
35505,1925839
35506,2293973
35507,5342975
35508,3112633
35509,5659289
35510,2624937
35511,6013456
35512,2593032
35513,2363916
35514,2085880
35515,2922544
35516,2394452
35517,2058355
35518,2078099
35519,2128419
35520,4796445
35521,2545404
35522,3299845
35523,2770683
35524,3186226
35525,2648273
35526,3661112
35527,2713738
35528,4242949
35529,18020231
35530,4298456
35531,2651363
35532,5079953
35533,2942875
35534,2250389
35535,6342027
35536,2649343
35537,2168496
35538,2917428
35539,2625643
35540,2515091
35541,3634409
35542,4222617
35543,4306039
35544,2057850
35545,5120491
35546,4045710
35547,2958368
35548,2841486
35549,4181127
35550,15814646
35551,2540126
35552,2545870
35553,2620870
35554,2740820
35555,2400741
35556,2260680
35557,1928713
35558,4059596
35559,2770850
35560,2822433
35561,6503616
35562,2922081
35563,13765124
35564,1704193
35565,2479015
35566,6383804
35567,2760151
35568,3520835
35569,2426129
35570,3201745
35571,19381261
35572,4688616
35573,2792518
35574,3359267
35575,2682983
35576,3814000
35577,2536311
35578,2462327
35579,2538015
35580,3027365
35581,11758907
35582,2770503
35583,5107011
35584,3650887
35585,1783452
35586,4928584
35587,2774931
35588,6893170
35589,5175925
35590,5501370
35591,5543953
35592,13720493
35593,4645002
35594,2274567
35595,2402153
35596,1928964
35597,1867586
35598,6276220
35599,2025529
35600,2498198
35601,4393407
35602,5722467
35603,6099627
35604,4981577
35605,2618187
35606,2296631
35607,3935074
35608,2469709
35609,4914576
35610,5226820
35611,5223072
35612,3233201
35613,14879340
35614,3829592
35615,5123580
35616,2817315
35617,1696597
35618,4165275
35619,4919641
35620,2239108
35621,2840630
35622,5149366
35623,7071535
35624,3632213
35625,2754967
35626,2480435
35627,2227910
35628,3777741
35629,2861170
35630,2938103
35631,3832014
35632,2255581
35633,3731093
35634,13903442
35635,2189716
35636,2195982
35637,1987727
35638,2081706
35639,6113229
35640,3955053
35641,2503382
35642,8164269
35643,6047716
35644,9427806
35645,3215546
35646,2369350
35647,4366592
35648,2397816
35649,3793419
35650,2149012
35651,2940946
35652,2682768
35653,2359781
35654,2356818
35655,3712089
35656,2804454
35657,3305722
35658,3168925
35659,3854349
35660,3286030
35661,5875203
35662,2231090
35663,3643477
35664,2828913
35665,3441159
35666,2391288
35667,2255637
35668,2707166
35669,2483758
35670,2631743
35671,4095623
35672,2341637
35673,2732223
35674,2408127
35675,3302492
35676,14002557
35677,2109170
35678,2454175
35679,2717571
35680,2911337
35681,2012786
35682,3091016
35683,2380075
35684,3067224
35685,2443679
35686,3556125
35687,4397314
35688,4149054
35689,3508764
35690,3008274
35691,16665633
35692,3868628
35693,1902125
35694,3874993
35695,9196112
35696,2344584
35697,4430505
35698,2055652
35699,4111480
35700,2068290
35701,4313059
35702,5060441
35703,4276247
35704,4115979
35705,4443350
35706,3040429
35707,4106699
35708,3947789
35709,1913075
35710,3567631
35711,3864542
35712,2385365
35713,8172700
35714,4777888
35715,3992217
35716,2619372
35717,2703005
35718,9449630
35719,4514062
35720,2011179
35721,2080331
35722,2389620
35723,4236588
35724,4596837
35725,5135326
35726,8126507
35727,5122407
35728,2997447
35729,3164556
35730,4515679
35731,5532298
35732,4536495
35733,4615169
35734,4232056
35735,4448212
35736,5638688
35737,3053751
35738,2623643
35739,2944303
35740,4245565
35741,4556437
35742,8060062
35743,2564759
35744,4253471
35745,2516506
35746,4393713
35747,2934168
35748,4367814
35749,2446512
35750,2117248
35751,6959560
35752,2881910
35753,3805363
35754,1903510
35755,6814453
35756,3879932
35757,7432949
35758,2245843
35759,4084205
35760,30986852
35761,4070941
35762,4119554
35763,2043758
35764,4081843
35765,5493468
35766,4052240
35767,4171374
35768,4029172
35769,1883163
35770,4167756
35771,4506942
35772,4207648
35773,4722816
35774,3883319
35775,2051249
35776,4198332
35777,1983077
35778,5376459
35779,5510020
35780,3965369
35781,2702260
35782,2036984
35783,3843866
35784,2298186
35785,2724011
35786,4293857
35787,3070752
35788,3797036
35789,2314945
35790,2146935
35791,5393091
35792,2121041
35793,2492005
35794,13512269
35795,2233782
35796,4676980
35797,2018023
35798,2009525
35799,3945886
35800,3986723
35801,1841435
35802,2030010
35803,3616517
35804,2763322
35805,2865448
35806,3842110
35807,3704231
35808,2501445
35809,2161534
35810,4034526
35811,1939232
35812,3929732
35813,4673831
35814,3789155
35815,3776667
35816,2765704
35817,6899712
35818,2650141
35819,3827032
35820,3442730
35821,4660191
35822,2382603
35823,14114402
35824,2592126
35825,4142372
35826,3863905
35827,4873520
35828,3433632
35829,5032810
35830,3742675
35831,5202907
35832,3910933
35833,4147022
35834,3827024
35835,3971572
35836,3808055
35837,2401583
35838,5558692
35839,2215275
35840,3817273
35841,4801455
35842,4160962
35843,2620809
35844,6081686
35845,2967569
35846,2134806
35847,4088464
35848,2467921
35849,2211045
35850,4009076
35851,3914585
35852,4060389
35853,4462084
35854,3978161
35855,4149967
35856,2508721
35857,5232769
35858,6461353
35859,4066295
35860,2245399
35861,4026316
35862,5082717
35863,3802167
35864,3679689
35865,5733968
35866,1870646
35867,3649974
35868,4854174
35869,6855509
35870,1754439
35871,3099592
35872,1905506
35873,2121069
35874,3350596
35875,4692357
35876,2421353
35877,3810817
35878,4065232
35879,3490183
35880,4656984
35881,6322143
35882,2632202
35883,2317092
35884,2107447
35885,3856483
35886,2153825
35887,6947839
35888,4912178
35889,2491451
35890,6857587
35891,4928694
35892,15425489
35893,3329062
35894,5025327
35895,14196559
35896,2073635
35897,3484805
35898,2920548
35899,2415778
35900,2486311
35901,2885543
35902,2352628
35903,2818885
35904,2540613
35905,8737931
35906,1703652
35907,4825289
35908,2716101
35909,2481847
35910,5161529
35911,4595222
35912,3673760
35913,5516087
35914,3317342
35915,3498467
35916,2523469
35917,11000951
35918,2817969
35919,4177543
35920,2732918
35921,6756326
35922,4549850
35923,2573377
35924,3131290
35925,2678070
35926,2069639
35927,2652670
35928,6682279
35929,2747438
35930,4825943
35931,2372603
35932,5234444
35933,2503977
35934,2339487
35935,2837911
35936,4111764
35937,5015317
35938,2213879
35939,1956965
35940,2956899
35941,3299886
35942,3762861
35943,3778283
35944,2774510
35945,3099838
35946,2772815
35947,4824623
35948,2801422
35949,7729044
35950,1685691
35951,2180929
35952,2692806
35953,2295867
35954,2339912
35955,2445153
35956,2863576
35957,7878535
35958,3469385
35959,5732467
35960,3968686
35961,7323295
35962,2781581
35963,4306633
35964,2566640
35965,2334238
35966,1949545
35967,2543618
35968,5181385
35969,6179022
35970,12629975
35971,1998679
35972,16367327
35973,2053729
35974,2627382
35975,2667508
35976,3416592
35977,2987869
35978,2519690
35979,8466143
35980,2364260
35981,12315063
35982,4140036
35983,4752053
35984,5479765
35985,5706926
35986,2299587
35987,4204455
35988,7197526
35989,4319207
35990,3783311
35991,15351770
35992,2633849
35993,2576584
35994,2591072
35995,6900879
35996,2641380
35997,5235963
35998,5183796
35999,8359527
36000,4477284
