tick	heap_used_bytes	species_counts	minimum_air	maximum_brain_memories	counters	moving_entities	position_samples
-2400	447664120	{AmericanLobsterEntityForge=10, AtlanticCodEntityForge=8, AtlanticSalmonEntityForge=8, BlackSeaNettleJellyfishEntityForge=1, BlacktipReefSharkEntityForge=3, BottlenoseDolphinEntityForge=4, CannonballJellyfishEntityForge=2, CaribbeanReefOctopusEntityForge=2, CommonOctopusEntityForge=3, CommonStingrayEntityForge=3, CommonThresherSharkEntityForge=1, GiantMorayEelEntityForge=4, GreatHammerheadSharkEntityForge=1, GreatWhiteSharkEntityForge=1, GreenSeaTurtleEntityForge=3, HarborSealEntityForge=3, NautilusEntityForge=1, OceanicWhitetipSharkEntityForge=1, OrcaEntityForge=1, SandtigerSharkEntityForge=1, ShortfinMakoSharkEntityForge=1, TigerSharkEntityForge=1}	{AmericanLobsterEntityForge=300, AtlanticCodEntityForge=300, AtlanticSalmonEntityForge=300, BlackSeaNettleJellyfishEntityForge=300, BlacktipReefSharkEntityForge=300, BottlenoseDolphinEntityForge=700, CannonballJellyfishEntityForge=300, CaribbeanReefOctopusEntityForge=300, CommonOctopusEntityForge=300, CommonStingrayEntityForge=300, CommonThresherSharkEntityForge=300, GiantMorayEelEntityForge=300, GreatHammerheadSharkEntityForge=300, GreatWhiteSharkEntityForge=300, GreenSeaTurtleEntityForge=300, HarborSealEntityForge=300, NautilusEntityForge=300, OceanicWhitetipSharkEntityForge=300, OrcaEntityForge=700, SandtigerSharkEntityForge=300, ShortfinMakoSharkEntityForge=300, TigerSharkEntityForge=300}	11	{}	0	63
-2200	556716024	{AmericanLobsterEntityForge=10, AtlanticCodEntityForge=8, AtlanticSalmonEntityForge=8, BlackSeaNettleJellyfishEntityForge=1, BlacktipReefSharkEntityForge=3, BottlenoseDolphinEntityForge=4, CannonballJellyfishEntityForge=2, CaribbeanReefOctopusEntityForge=2, CommonOctopusEntityForge=3, CommonStingrayEntityForge=3, CommonThresherSharkEntityForge=1, GiantMorayEelEntityForge=4, GreatHammerheadSharkEntityForge=1, GreatWhiteSharkEntityForge=1, GreenSeaTurtleEntityForge=3, HarborSealEntityForge=3, NautilusEntityForge=1, OceanicWhitetipSharkEntityForge=1, OrcaEntityForge=1, SandtigerSharkEntityForge=1, ShortfinMakoSharkEntityForge=1, TigerSharkEntityForge=1}	{AmericanLobsterEntityForge=300, AtlanticCodEntityForge=300, AtlanticSalmonEntityForge=300, BlackSeaNettleJellyfishEntityForge=300, BlacktipReefSharkEntityForge=300, BottlenoseDolphinEntityForge=700, CannonballJellyfishEntityForge=300, CaribbeanReefOctopusEntityForge=300, CommonOctopusEntityForge=300, CommonStingrayEntityForge=300, CommonThresherSharkEntityForge=300, GiantMorayEelEntityForge=300, GreatHammerheadSharkEntityForge=300, GreatWhiteSharkEntityForge=300, GreenSeaTurtleEntityForge=300, HarborSealEntityForge=300, NautilusEntityForge=300, OceanicWhitetipSharkEntityForge=300, OrcaEntityForge=700, SandtigerSharkEntityForge=300, ShortfinMakoSharkEntityForge=300, TigerSharkEntityForge=300}	11	{}	62	63
-2000	645844984	{AmericanLobsterEntityForge=10, AtlanticCodEntityForge=8, AtlanticSalmonEntityForge=8, BlackSeaNettleJellyfishEntityForge=1, BlacktipReefSharkEntityForge=3, BottlenoseDolphinEntityForge=3, CannonballJellyfishEntityForge=1, CaribbeanReefOctopusEntityForge=2, CommonOctopusEntityForge=3, CommonStingrayEntityForge=3, CommonThresherSharkEntityForge=1, GiantMorayEelEntityForge=4, GreatHammerheadSharkEntityForge=1, GreatWhiteSharkEntityForge=1, GreenSeaTurtleEntityForge=3, HarborSealEntityForge=3, NautilusEntityForge=1, OceanicWhitetipSharkEntityForge=1, OrcaEntityForge=1, SandtigerSharkEntityForge=1, ShortfinMakoSharkEntityForge=1, TigerSharkEntityForge=1}	{AmericanLobsterEntityForge=300, AtlanticCodEntityForge=300, AtlanticSalmonEntityForge=300, BlackSeaNettleJellyfishEntityForge=300, BlacktipReefSharkEntityForge=300, BottlenoseDolphinEntityForge=700, CannonballJellyfishEntityForge=300, CaribbeanReefOctopusEntityForge=300, CommonOctopusEntityForge=300, CommonStingrayEntityForge=300, CommonThresherSharkEntityForge=300, GiantMorayEelEntityForge=300, GreatHammerheadSharkEntityForge=300, GreatWhiteSharkEntityForge=300, GreenSeaTurtleEntityForge=300, HarborSealEntityForge=300, NautilusEntityForge=300, OceanicWhitetipSharkEntityForge=300, OrcaEntityForge=700, SandtigerSharkEntityForge=300, ShortfinMakoSharkEntityForge=300, TigerSharkEntityForge=300}	11	{}	59	61
-1800	730779640	{AmericanLobsterEntityForge=10, AtlanticCodEntityForge=8, AtlanticSalmonEntityForge=8, BlackSeaNettleJellyfishEntityForge=1, BlacktipReefSharkEntityForge=3, BottlenoseDolphinEntityForge=4, CannonballJellyfishEntityForge=1, CaribbeanReefOctopusEntityForge=2, CommonOctopusEntityForge=2, CommonStingrayEntityForge=3, CommonThresherSharkEntityForge=1, GiantMorayEelEntityForge=4, GreatHammerheadSharkEntityForge=1, GreatWhiteSharkEntityForge=1, GreenSeaTurtleEntityForge=3, HarborSealEntityForge=3, NautilusEntityForge=1, OceanicWhitetipSharkEntityForge=1, OrcaEntityForge=1, SandtigerSharkEntityForge=1, ShortfinMakoSharkEntityForge=1, TigerSharkEntityForge=1}	{AmericanLobsterEntityForge=300, AtlanticCodEntityForge=300, AtlanticSalmonEntityForge=300, BlackSeaNettleJellyfishEntityForge=300, BlacktipReefSharkEntityForge=300, BottlenoseDolphinEntityForge=700, CannonballJellyfishEntityForge=300, CaribbeanReefOctopusEntityForge=300, CommonOctopusEntityForge=300, CommonStingrayEntityForge=300, CommonThresherSharkEntityForge=300, GiantMorayEelEntityForge=300, GreatHammerheadSharkEntityForge=300, GreatWhiteSharkEntityForge=300, GreenSeaTurtleEntityForge=300, HarborSealEntityForge=300, NautilusEntityForge=300, OceanicWhitetipSharkEntityForge=300, OrcaEntityForge=700, SandtigerSharkEntityForge=300, ShortfinMakoSharkEntityForge=300, TigerSharkEntityForge=300}	11	{}	57	61
-1600	816762872	{AmericanLobsterEntityForge=10, AtlanticCodEntityForge=8, AtlanticSalmonEntityForge=8, BlackSeaNettleJellyfishEntityForge=1, BlacktipReefSharkEntityForge=3, BottlenoseDolphinEntityForge=4, CannonballJellyfishEntityForge=2, CaribbeanReefOctopusEntityForge=2, CommonOctopusEntityForge=3, CommonStingrayEntityForge=3, CommonThresherSharkEntityForge=1, GiantMorayEelEntityForge=4, GreatHammerheadSharkEntityForge=1, GreatWhiteSharkEntityForge=1, GreenSeaTurtleEntityForge=3, HarborSealEntityForge=3, NautilusEntityForge=1, OceanicWhitetipSharkEntityForge=1, OrcaEntityForge=1, SandtigerSharkEntityForge=1, ShortfinMakoSharkEntityForge=1, TigerSharkEntityForge=1}	{AmericanLobsterEntityForge=300, AtlanticCodEntityForge=300, AtlanticSalmonEntityForge=300, BlackSeaNettleJellyfishEntityForge=300, BlacktipReefSharkEntityForge=300, BottlenoseDolphinEntityForge=700, CannonballJellyfishEntityForge=300, CaribbeanReefOctopusEntityForge=300, CommonOctopusEntityForge=300, CommonStingrayEntityForge=300, CommonThresherSharkEntityForge=300, GiantMorayEelEntityForge=300, GreatHammerheadSharkEntityForge=300, GreatWhiteSharkEntityForge=300, GreenSeaTurtleEntityForge=300, HarborSealEntityForge=300, NautilusEntityForge=300, OceanicWhitetipSharkEntityForge=300, OrcaEntityForge=700, SandtigerSharkEntityForge=300, ShortfinMakoSharkEntityForge=300, TigerSharkEntityForge=300}	11	{}	59	63
-1400	900648952	{AmericanLobsterEntityForge=10, AtlanticCodEntityForge=8, AtlanticSalmonEntityForge=8, BlackSeaNettleJellyfishEntityForge=1, BlacktipReefSharkEntityForge=3, BottlenoseDolphinEntityForge=4, CannonballJellyfishEntityForge=2, CaribbeanReefOctopusEntityForge=2, CommonOctopusEntityForge=2, CommonStingrayEntityForge=3, CommonThresherSharkEntityForge=1, GiantMorayEelEntityForge=4, GreatHammerheadSharkEntityForge=1, GreatWhiteSharkEntityForge=1, GreenSeaTurtleEntityForge=3, HarborSealEntityForge=3, NautilusEntityForge=1, OceanicWhitetipSharkEntityForge=1, OrcaEntityForge=1, SandtigerSharkEntityForge=1, ShortfinMakoSharkEntityForge=1, TigerSharkEntityForge=1}	{AmericanLobsterEntityForge=300, AtlanticCodEntityForge=300, AtlanticSalmonEntityForge=300, BlackSeaNettleJellyfishEntityForge=300, BlacktipReefSharkEntityForge=300, BottlenoseDolphinEntityForge=700, CannonballJellyfishEntityForge=300, CaribbeanReefOctopusEntityForge=300, CommonOctopusEntityForge=300, CommonStingrayEntityForge=300, CommonThresherSharkEntityForge=300, GiantMorayEelEntityForge=300, GreatHammerheadSharkEntityForge=300, GreatWhiteSharkEntityForge=300, GreenSeaTurtleEntityForge=300, HarborSealEntityForge=300, NautilusEntityForge=300, OceanicWhitetipSharkEntityForge=300, OrcaEntityForge=700, SandtigerSharkEntityForge=300, ShortfinMakoSharkEntityForge=300, TigerSharkEntityForge=300}	11	{}	58	62
-1200	987680760	{AmericanLobsterEntityForge=10, AtlanticCodEntityForge=8, AtlanticSalmonEntityForge=8, BlackSeaNettleJellyfishEntityForge=1, BlacktipReefSharkEntityForge=3, BottlenoseDolphinEntityForge=4, CannonballJellyfishEntityForge=2, CaribbeanReefOctopusEntityForge=2, CommonOctopusEntityForge=3, CommonStingrayEntityForge=3, CommonThresherSharkEntityForge=1, GiantMorayEelEntityForge=4, GreatHammerheadSharkEntityForge=1, GreatWhiteSharkEntityForge=1, GreenSeaTurtleEntityForge=3, HarborSealEntityForge=3, NautilusEntityForge=1, OceanicWhitetipSharkEntityForge=1, OrcaEntityForge=1, SandtigerSharkEntityForge=1, ShortfinMakoSharkEntityForge=1, TigerSharkEntityForge=1}	{AmericanLobsterEntityForge=300, AtlanticCodEntityForge=300, AtlanticSalmonEntityForge=300, BlackSeaNettleJellyfishEntityForge=300, BlacktipReefSharkEntityForge=300, BottlenoseDolphinEntityForge=700, CannonballJellyfishEntityForge=300, CaribbeanReefOctopusEntityForge=300, CommonOctopusEntityForge=300, CommonStingrayEntityForge=300, CommonThresherSharkEntityForge=300, GiantMorayEelEntityForge=300, GreatHammerheadSharkEntityForge=300, GreatWhiteSharkEntityForge=300, GreenSeaTurtleEntityForge=300, HarborSealEntityForge=300, NautilusEntityForge=300, OceanicWhitetipSharkEntityForge=300, OrcaEntityForge=700, SandtigerSharkEntityForge=300, ShortfinMakoSharkEntityForge=300, TigerSharkEntityForge=300}	11	{}	59	63
-1000	1074712568	{AmericanLobsterEntityForge=9, AtlanticCodEntityForge=8, AtlanticSalmonEntityForge=8, BlackSeaNettleJellyfishEntityForge=1, BlacktipReefSharkEntityForge=3, BottlenoseDolphinEntityForge=4, CannonballJellyfishEntityForge=2, CaribbeanReefOctopusEntityForge=2, CommonOctopusEntityForge=3, CommonStingrayEntityForge=3, CommonThresherSharkEntityForge=1, GiantMorayEelEntityForge=4, GreatHammerheadSharkEntityForge=1, GreatWhiteSharkEntityForge=1, GreenSeaTurtleEntityForge=3, HarborSealEntityForge=3, NautilusEntityForge=1, OceanicWhitetipSharkEntityForge=1, OrcaEntityForge=1, SandtigerSharkEntityForge=1, ShortfinMakoSharkEntityForge=1, TigerSharkEntityForge=1}	{AmericanLobsterEntityForge=300, AtlanticCodEntityForge=300, AtlanticSalmonEntityForge=300, BlackSeaNettleJellyfishEntityForge=300, BlacktipReefSharkEntityForge=300, BottlenoseDolphinEntityForge=700, CannonballJellyfishEntityForge=300, CaribbeanReefOctopusEntityForge=300, CommonOctopusEntityForge=300, CommonStingrayEntityForge=300, CommonThresherSharkEntityForge=300, GiantMorayEelEntityForge=300, GreatHammerheadSharkEntityForge=300, GreatWhiteSharkEntityForge=300, GreenSeaTurtleEntityForge=300, HarborSealEntityForge=300, NautilusEntityForge=300, OceanicWhitetipSharkEntityForge=300, OrcaEntityForge=700, SandtigerSharkEntityForge=300, ShortfinMakoSharkEntityForge=300, TigerSharkEntityForge=300}	11	{}	60	62
-800	1163841528	{AmericanLobsterEntityForge=9, AtlanticCodEntityForge=8, AtlanticSalmonEntityForge=8, BlackSeaNettleJellyfishEntityForge=1, BlacktipReefSharkEntityForge=3, BottlenoseDolphinEntityForge=4, CannonballJellyfishEntityForge=2, CaribbeanReefOctopusEntityForge=2, CommonOctopusEntityForge=3, CommonStingrayEntityForge=3, CommonThresherSharkEntityForge=1, GiantMorayEelEntityForge=4, GreatHammerheadSharkEntityForge=1, GreatWhiteSharkEntityForge=1, GreenSeaTurtleEntityForge=3, HarborSealEntityForge=3, NautilusEntityForge=1, OceanicWhitetipSharkEntityForge=1, OrcaEntityForge=1, SandtigerSharkEntityForge=1, ShortfinMakoSharkEntityForge=1, TigerSharkEntityForge=1}	{AmericanLobsterEntityForge=300, AtlanticCodEntityForge=300, AtlanticSalmonEntityForge=300, BlackSeaNettleJellyfishEntityForge=300, BlacktipReefSharkEntityForge=300, BottlenoseDolphinEntityForge=700, CannonballJellyfishEntityForge=300, CaribbeanReefOctopusEntityForge=300, CommonOctopusEntityForge=300, CommonStingrayEntityForge=300, CommonThresherSharkEntityForge=300, GiantMorayEelEntityForge=300, GreatHammerheadSharkEntityForge=300, GreatWhiteSharkEntityForge=300, GreenSeaTurtleEntityForge=300, HarborSealEntityForge=300, NautilusEntityForge=300, OceanicWhitetipSharkEntityForge=300, OrcaEntityForge=700, SandtigerSharkEntityForge=300, ShortfinMakoSharkEntityForge=300, TigerSharkEntityForge=300}	11	{}	58	62
-600	1254019064	{AmericanLobsterEntityForge=9, AtlanticCodEntityForge=7, AtlanticSalmonEntityForge=8, BlackSeaNettleJellyfishEntityForge=1, BlacktipReefSharkEntityForge=3, BottlenoseDolphinEntityForge=4, CannonballJellyfishEntityForge=2, CaribbeanReefOctopusEntityForge=2, CommonOctopusEntityForge=3, CommonStingrayEntityForge=3, CommonThresherSharkEntityForge=1, GiantMorayEelEntityForge=4, GreatHammerheadSharkEntityForge=1, GreatWhiteSharkEntityForge=1, GreenSeaTurtleEntityForge=3, HarborSealEntityForge=3, NautilusEntityForge=1, OceanicWhitetipSharkEntityForge=1, OrcaEntityForge=1, SandtigerSharkEntityForge=1, ShortfinMakoSharkEntityForge=1, TigerSharkEntityForge=1}	{AmericanLobsterEntityForge=300, AtlanticCodEntityForge=300, AtlanticSalmonEntityForge=300, BlackSeaNettleJellyfishEntityForge=300, BlacktipReefSharkEntityForge=300, BottlenoseDolphinEntityForge=700, CannonballJellyfishEntityForge=300, CaribbeanReefOctopusEntityForge=300, CommonOctopusEntityForge=300, CommonStingrayEntityForge=300, CommonThresherSharkEntityForge=300, GiantMorayEelEntityForge=300, GreatHammerheadSharkEntityForge=300, GreatWhiteSharkEntityForge=300, GreenSeaTurtleEntityForge=300, HarborSealEntityForge=300, NautilusEntityForge=300, OceanicWhitetipSharkEntityForge=300, OrcaEntityForge=700, SandtigerSharkEntityForge=300, ShortfinMakoSharkEntityForge=300, TigerSharkEntityForge=300}	11	{}	57	61
-400	1348390904	{AmericanLobsterEntityForge=10, AtlanticCodEntityForge=8, AtlanticSalmonEntityForge=8, BlackSeaNettleJellyfishEntityForge=1, BlacktipReefSharkEntityForge=3, BottlenoseDolphinEntityForge=4, CannonballJellyfishEntityForge=2, CaribbeanReefOctopusEntityForge=2, CommonOctopusEntityForge=3, CommonStingrayEntityForge=3, CommonThresherSharkEntityForge=1, GiantMorayEelEntityForge=4, GreatHammerheadSharkEntityForge=1, GreatWhiteSharkEntityForge=1, GreenSeaTurtleEntityForge=3, HarborSealEntityForge=3, NautilusEntityForge=1, OceanicWhitetipSharkEntityForge=1, OrcaEntityForge=1, SandtigerSharkEntityForge=1, ShortfinMakoSharkEntityForge=1, TigerSharkEntityForge=1}	{AmericanLobsterEntityForge=300, AtlanticCodEntityForge=300, AtlanticSalmonEntityForge=300, BlackSeaNettleJellyfishEntityForge=300, BlacktipReefSharkEntityForge=300, BottlenoseDolphinEntityForge=700, CannonballJellyfishEntityForge=300, CaribbeanReefOctopusEntityForge=300, CommonOctopusEntityForge=300, CommonStingrayEntityForge=300, CommonThresherSharkEntityForge=300, GiantMorayEelEntityForge=300, GreatHammerheadSharkEntityForge=300, GreatWhiteSharkEntityForge=300, GreenSeaTurtleEntityForge=300, HarborSealEntityForge=300, NautilusEntityForge=300, OceanicWhitetipSharkEntityForge=300, OrcaEntityForge=700, SandtigerSharkEntityForge=300, ShortfinMakoSharkEntityForge=300, TigerSharkEntityForge=300}	11	{}	56	63
-200	1440665592	{AmericanLobsterEntityForge=10, AtlanticCodEntityForge=8, AtlanticSalmonEntityForge=8, BlackSeaNettleJellyfishEntityForge=1, BlacktipReefSharkEntityForge=3, BottlenoseDolphinEntityForge=4, CannonballJellyfishEntityForge=2, CaribbeanReefOctopusEntityForge=2, CommonOctopusEntityForge=3, CommonStingrayEntityForge=3, CommonThresherSharkEntityForge=1, GiantMorayEelEntityForge=4, GreatHammerheadSharkEntityForge=1, GreatWhiteSharkEntityForge=1, GreenSeaTurtleEntityForge=3, HarborSealEntityForge=3, NautilusEntityForge=1, OceanicWhitetipSharkEntityForge=1, OrcaEntityForge=1, SandtigerSharkEntityForge=1, ShortfinMakoSharkEntityForge=1, TigerSharkEntityForge=1}	{AmericanLobsterEntityForge=300, AtlanticCodEntityForge=300, AtlanticSalmonEntityForge=300, BlackSeaNettleJellyfishEntityForge=300, BlacktipReefSharkEntityForge=300, BottlenoseDolphinEntityForge=700, CannonballJellyfishEntityForge=300, CaribbeanReefOctopusEntityForge=300, CommonOctopusEntityForge=300, CommonStingrayEntityForge=300, CommonThresherSharkEntityForge=300, GiantMorayEelEntityForge=300, GreatHammerheadSharkEntityForge=300, GreatWhiteSharkEntityForge=300, GreenSeaTurtleEntityForge=300, HarborSealEntityForge=300, NautilusEntityForge=300, OceanicWhitetipSharkEntityForge=300, OrcaEntityForge=700, SandtigerSharkEntityForge=300, ShortfinMakoSharkEntityForge=300, TigerSharkEntityForge=300}	11	{}	58	63
0	255250424	{AmericanLobsterEntityForge=9, AtlanticCodEntityForge=8, AtlanticSalmonEntityForge=8, BlackSeaNettleJellyfishEntityForge=1, BlacktipReefSharkEntityForge=3, BottlenoseDolphinEntityForge=4, CannonballJellyfishEntityForge=2, CaribbeanReefOctopusEntityForge=2, CommonOctopusEntityForge=3, CommonStingrayEntityForge=3, CommonThresherSharkEntityForge=1, GiantMorayEelEntityForge=4, GreatHammerheadSharkEntityForge=1, GreatWhiteSharkEntityForge=1, GreenSeaTurtleEntityForge=3, HarborSealEntityForge=3, NautilusEntityForge=1, OceanicWhitetipSharkEntityForge=1, OrcaEntityForge=1, SandtigerSharkEntityForge=1, ShortfinMakoSharkEntityForge=1, TigerSharkEntityForge=1}	{AmericanLobsterEntityForge=300, AtlanticCodEntityForge=300, AtlanticSalmonEntityForge=300, BlackSeaNettleJellyfishEntityForge=300, BlacktipReefSharkEntityForge=300, BottlenoseDolphinEntityForge=700, CannonballJellyfishEntityForge=300, CaribbeanReefOctopusEntityForge=300, CommonOctopusEntityForge=300, CommonStingrayEntityForge=300, CommonThresherSharkEntityForge=300, GiantMorayEelEntityForge=300, GreatHammerheadSharkEntityForge=300, GreatWhiteSharkEntityForge=300, GreenSeaTurtleEntityForge=300, HarborSealEntityForge=300, NautilusEntityForge=300, OceanicWhitetipSharkEntityForge=300, OrcaEntityForge=700, SandtigerSharkEntityForge=300, ShortfinMakoSharkEntityForge=300, TigerSharkEntityForge=300}	11	{}	60	62
0	256299000	{AmericanLobsterEntityForge=10, AtlanticCodEntityForge=8, AtlanticSalmonEntityForge=8, BlackSeaNettleJellyfishEntityForge=1, BlacktipReefSharkEntityForge=3, BottlenoseDolphinEntityForge=4, CannonballJellyfishEntityForge=2, CaribbeanReefOctopusEntityForge=2, CommonOctopusEntityForge=3, CommonStingrayEntityForge=3, CommonThresherSharkEntityForge=1, GiantMorayEelEntityForge=4, GreatHammerheadSharkEntityForge=1, GreatWhiteSharkEntityForge=1, GreenSeaTurtleEntityForge=3, HarborSealEntityForge=3, NautilusEntityForge=1, OceanicWhitetipSharkEntityForge=1, OrcaEntityForge=1, SandtigerSharkEntityForge=1, ShortfinMakoSharkEntityForge=1, TigerSharkEntityForge=1}	{AmericanLobsterEntityForge=300, AtlanticCodEntityForge=300, AtlanticSalmonEntityForge=300, BlackSeaNettleJellyfishEntityForge=300, BlacktipReefSharkEntityForge=300, BottlenoseDolphinEntityForge=700, CannonballJellyfishEntityForge=300, CaribbeanReefOctopusEntityForge=300, CommonOctopusEntityForge=300, CommonStingrayEntityForge=300, CommonThresherSharkEntityForge=300, GiantMorayEelEntityForge=300, GreatHammerheadSharkEntityForge=300, GreatWhiteSharkEntityForge=300, GreenSeaTurtleEntityForge=300, HarborSealEntityForge=300, NautilusEntityForge=300, OceanicWhitetipSharkEntityForge=300, OrcaEntityForge=700, SandtigerSharkEntityForge=300, ShortfinMakoSharkEntityForge=300, TigerSharkEntityForge=300}	11	{}	49	63
200	345427960	{AmericanLobsterEntityForge=10, AtlanticCodEntityForge=8, AtlanticSalmonEntityForge=8, BlackSeaNettleJellyfishEntityForge=1, BlacktipReefSharkEntityForge=3, BottlenoseDolphinEntityForge=4, CannonballJellyfishEntityForge=2, CaribbeanReefOctopusEntityForge=2, CommonOctopusEntityForge=2, CommonStingrayEntityForge=3, CommonThresherSharkEntityForge=1, GiantMorayEelEntityForge=4, GreatHammerheadSharkEntityForge=1, GreatWhiteSharkEntityForge=1, GreenSeaTurtleEntityForge=3, HarborSealEntityForge=3, NautilusEntityForge=1, OceanicWhitetipSharkEntityForge=1, OrcaEntityForge=1, SandtigerSharkEntityForge=1, ShortfinMakoSharkEntityForge=1, TigerSharkEntityForge=1}	{AmericanLobsterEntityForge=300, AtlanticCodEntityForge=300, AtlanticSalmonEntityForge=300, BlackSeaNettleJellyfishEntityForge=300, BlacktipReefSharkEntityForge=300, BottlenoseDolphinEntityForge=700, CannonballJellyfishEntityForge=300, CaribbeanReefOctopusEntityForge=300, CommonOctopusEntityForge=300, CommonStingrayEntityForge=300, CommonThresherSharkEntityForge=300, GiantMorayEelEntityForge=300, GreatHammerheadSharkEntityForge=300, GreatWhiteSharkEntityForge=300, GreenSeaTurtleEntityForge=300, HarborSealEntityForge=300, NautilusEntityForge=300, OceanicWhitetipSharkEntityForge=300, OrcaEntityForge=700, SandtigerSharkEntityForge=300, ShortfinMakoSharkEntityForge=300, TigerSharkEntityForge=300}	11	{death_CommonOctopusEntityForge_mob_by_GreatHammerheadSharkEntityForge=1, living_deaths=1, navigation_calls=237, sensor_calls=435}	60	62
400	436654072	{AmericanLobsterEntityForge=10, AtlanticCodEntityForge=8, AtlanticSalmonEntityForge=8, BlackSeaNettleJellyfishEntityForge=1, BlacktipReefSharkEntityForge=3, BottlenoseDolphinEntityForge=4, CannonballJellyfishEntityForge=2, CaribbeanReefOctopusEntityForge=2, CommonOctopusEntityForge=3, CommonStingrayEntityForge=3, CommonThresherSharkEntityForge=1, GiantMorayEelEntityForge=4, GreatHammerheadSharkEntityForge=1, GreatWhiteSharkEntityForge=1, GreenSeaTurtleEntityForge=3, HarborSealEntityForge=3, NautilusEntityForge=1, OceanicWhitetipSharkEntityForge=1, OrcaEntityForge=1, SandtigerSharkEntityForge=1, ShortfinMakoSharkEntityForge=1, TigerSharkEntityForge=1}	{AmericanLobsterEntityForge=300, AtlanticCodEntityForge=300, AtlanticSalmonEntityForge=300, BlackSeaNettleJellyfishEntityForge=300, BlacktipReefSharkEntityForge=300, BottlenoseDolphinEntityForge=700, CannonballJellyfishEntityForge=300, CaribbeanReefOctopusEntityForge=300, CommonOctopusEntityForge=300, CommonStingrayEntityForge=300, CommonThresherSharkEntityForge=300, GiantMorayEelEntityForge=300, GreatHammerheadSharkEntityForge=300, GreatWhiteSharkEntityForge=300, GreenSeaTurtleEntityForge=300, HarborSealEntityForge=300, NautilusEntityForge=300, OceanicWhitetipSharkEntityForge=300, OrcaEntityForge=700, SandtigerSharkEntityForge=300, ShortfinMakoSharkEntityForge=300, TigerSharkEntityForge=300}	11	{death_CommonOctopusEntityForge_mob_by_GreatHammerheadSharkEntityForge=1, living_deaths=1, navigation_calls=492, sensor_calls=909}	58	63
600	526831608	{AmericanLobsterEntityForge=10, AtlanticCodEntityForge=7, AtlanticSalmonEntityForge=8, BlackSeaNettleJellyfishEntityForge=1, BlacktipReefSharkEntityForge=3, BottlenoseDolphinEntityForge=4, CannonballJellyfishEntityForge=2, CaribbeanReefOctopusEntityForge=2, CommonOctopusEntityForge=3, CommonStingrayEntityForge=3, CommonThresherSharkEntityForge=1, GiantMorayEelEntityForge=4, GreatHammerheadSharkEntityForge=1, GreatWhiteSharkEntityForge=1, GreenSeaTurtleEntityForge=3, HarborSealEntityForge=3, NautilusEntityForge=1, OceanicWhitetipSharkEntityForge=1, OrcaEntityForge=1, SandtigerSharkEntityForge=1, ShortfinMakoSharkEntityForge=1, TigerSharkEntityForge=1}	{AmericanLobsterEntityForge=300, AtlanticCodEntityForge=300, AtlanticSalmonEntityForge=300, BlackSeaNettleJellyfishEntityForge=300, BlacktipReefSharkEntityForge=300, BottlenoseDolphinEntityForge=700, CannonballJellyfishEntityForge=300, CaribbeanReefOctopusEntityForge=300, CommonOctopusEntityForge=300, CommonStingrayEntityForge=300, CommonThresherSharkEntityForge=300, GiantMorayEelEntityForge=300, GreatHammerheadSharkEntityForge=300, GreatWhiteSharkEntityForge=300, GreenSeaTurtleEntityForge=300, HarborSealEntityForge=300, NautilusEntityForge=300, OceanicWhitetipSharkEntityForge=300, OrcaEntityForge=700, SandtigerSharkEntityForge=300, ShortfinMakoSharkEntityForge=300, TigerSharkEntityForge=300}	11	{death_AtlanticCodEntityForge_mob_by_CommonThresherSharkEntityForge=1, death_CommonOctopusEntityForge_mob_by_GreatHammerheadSharkEntityForge=1, living_deaths=2, navigation_calls=734, sensor_calls=1347}	57	62
800	615960568	{AmericanLobsterEntityForge=10, AtlanticCodEntityForge=8, AtlanticSalmonEntityForge=8, BlackSeaNettleJellyfishEntityForge=1, BlacktipReefSharkEntityForge=3, BottlenoseDolphinEntityForge=4, CannonballJellyfishEntityForge=2, CaribbeanReefOctopusEntityForge=2, CommonOctopusEntityForge=3, CommonStingrayEntityForge=3, CommonThresherSharkEntityForge=1, GiantMorayEelEntityForge=4, GreatHammerheadSharkEntityForge=1, GreatWhiteSharkEntityForge=1, GreenSeaTurtleEntityForge=3, HarborSealEntityForge=3, NautilusEntityForge=1, OceanicWhitetipSharkEntityForge=1, OrcaEntityForge=1, SandtigerSharkEntityForge=1, ShortfinMakoSharkEntityForge=1, TigerSharkEntityForge=1}	{AmericanLobsterEntityForge=300, AtlanticCodEntityForge=300, AtlanticSalmonEntityForge=300, BlackSeaNettleJellyfishEntityForge=300, BlacktipReefSharkEntityForge=300, BottlenoseDolphinEntityForge=700, CannonballJellyfishEntityForge=300, CaribbeanReefOctopusEntityForge=300, CommonOctopusEntityForge=300, CommonStingrayEntityForge=300, CommonThresherSharkEntityForge=300, GiantMorayEelEntityForge=300, GreatHammerheadSharkEntityForge=300, GreatWhiteSharkEntityForge=300, GreenSeaTurtleEntityForge=300, HarborSealEntityForge=300, NautilusEntityForge=300, OceanicWhitetipSharkEntityForge=300, OrcaEntityForge=700, SandtigerSharkEntityForge=300, ShortfinMakoSharkEntityForge=300, TigerSharkEntityForge=300}	11	{death_AtlanticCodEntityForge_mob_by_CommonThresherSharkEntityForge=1, death_CommonOctopusEntityForge_mob_by_GreatHammerheadSharkEntityForge=1, living_deaths=2, navigation_calls=999, sensor_calls=1822}	59	63
1000	706138104	{AmericanLobsterEntityForge=10, AtlanticCodEntityForge=8, AtlanticSalmonEntityForge=8, BlackSeaNettleJellyfishEntityForge=1, BlacktipReefSharkEntityForge=3, BottlenoseDolphinEntityForge=4, CannonballJellyfishEntityForge=2, CaribbeanReefOctopusEntityForge=2, CommonOctopusEntityForge=3, CommonStingrayEntityForge=3, CommonThresherSharkEntityForge=1, GiantMorayEelEntityForge=4, GreatHammerheadSharkEntityForge=1, GreatWhiteSharkEntityForge=1, GreenSeaTurtleEntityForge=3, HarborSealEntityForge=3, NautilusEntityForge=1, OceanicWhitetipSharkEntityForge=1, OrcaEntityForge=1, SandtigerSharkEntityForge=1, ShortfinMakoSharkEntityForge=1, TigerSharkEntityForge=1}	{AmericanLobsterEntityForge=300, AtlanticCodEntityForge=300, AtlanticSalmonEntityForge=300, BlackSeaNettleJellyfishEntityForge=300, BlacktipReefSharkEntityForge=300, BottlenoseDolphinEntityForge=700, CannonballJellyfishEntityForge=300, CaribbeanReefOctopusEntityForge=300, CommonOctopusEntityForge=300, CommonStingrayEntityForge=300, CommonThresherSharkEntityForge=300, GiantMorayEelEntityForge=300, GreatHammerheadSharkEntityForge=300, GreatWhiteSharkEntityForge=300, GreenSeaTurtleEntityForge=300, HarborSealEntityForge=300, NautilusEntityForge=300, OceanicWhitetipSharkEntityForge=300, OrcaEntityForge=700, SandtigerSharkEntityForge=300, ShortfinMakoSharkEntityForge=300, TigerSharkEntityForge=300}	11	{death_AtlanticCodEntityForge_mob_by_CommonThresherSharkEntityForge=1, death_CommonOctopusEntityForge_mob_by_GreatHammerheadSharkEntityForge=1, living_deaths=2, navigation_calls=1218, sensor_calls=2260}	61	63
1200	796315640	{AmericanLobsterEntityForge=10, AtlanticCodEntityForge=8, AtlanticSalmonEntityForge=8, BlackSeaNettleJellyfishEntityForge=1, BlacktipReefSharkEntityForge=3, BottlenoseDolphinEntityForge=4, CannonballJellyfishEntityForge=2, CaribbeanReefOctopusEntityForge=2, CommonOctopusEntityForge=3, CommonStingrayEntityForge=3, CommonThresherSharkEntityForge=1, GiantMorayEelEntityForge=4, GreatHammerheadSharkEntityForge=1, GreatWhiteSharkEntityForge=1, GreenSeaTurtleEntityForge=3, HarborSealEntityForge=3, NautilusEntityForge=1, OceanicWhitetipSharkEntityForge=1, OrcaEntityForge=1, SandtigerSharkEntityForge=1, ShortfinMakoSharkEntityForge=1, TigerSharkEntityForge=1}	{AmericanLobsterEntityForge=300, AtlanticCodEntityForge=300, AtlanticSalmonEntityForge=300, BlackSeaNettleJellyfishEntityForge=300, BlacktipReefSharkEntityForge=300, BottlenoseDolphinEntityForge=700, CannonballJellyfishEntityForge=300, CaribbeanReefOctopusEntityForge=300, CommonOctopusEntityForge=300, CommonStingrayEntityForge=300, CommonThresherSharkEntityForge=300, GiantMorayEelEntityForge=300, GreatHammerheadSharkEntityForge=300, GreatWhiteSharkEntityForge=300, GreenSeaTurtleEntityForge=300, HarborSealEntityForge=300, NautilusEntityForge=300, OceanicWhitetipSharkEntityForge=300, OrcaEntityForge=700, SandtigerSharkEntityForge=300, ShortfinMakoSharkEntityForge=300, TigerSharkEntityForge=300}	11	{death_AtlanticCodEntityForge_mob_by_CommonThresherSharkEntityForge=1, death_CommonOctopusEntityForge_mob_by_GreatHammerheadSharkEntityForge=1, living_deaths=2, navigation_calls=1435, sensor_calls=2734}	59	63
1400	885444600	{AmericanLobsterEntityForge=10, AtlanticCodEntityForge=8, AtlanticSalmonEntityForge=8, BlackSeaNettleJellyfishEntityForge=1, BlacktipReefSharkEntityForge=3, BottlenoseDolphinEntityForge=4, CannonballJellyfishEntityForge=2, CaribbeanReefOctopusEntityForge=2, CommonOctopusEntityForge=3, CommonStingrayEntityForge=3, CommonThresherSharkEntityForge=1, GiantMorayEelEntityForge=4, GreatHammerheadSharkEntityForge=1, GreatWhiteSharkEntityForge=1, GreenSeaTurtleEntityForge=3, HarborSealEntityForge=3, NautilusEntityForge=1, OceanicWhitetipSharkEntityForge=1, OrcaEntityForge=1, SandtigerSharkEntityForge=1, ShortfinMakoSharkEntityForge=1, TigerSharkEntityForge=1}	{AmericanLobsterEntityForge=300, AtlanticCodEntityForge=300, AtlanticSalmonEntityForge=300, BlackSeaNettleJellyfishEntityForge=300, BlacktipReefSharkEntityForge=300, BottlenoseDolphinEntityForge=700, CannonballJellyfishEntityForge=300, CaribbeanReefOctopusEntityForge=300, CommonOctopusEntityForge=300, CommonStingrayEntityForge=300, CommonThresherSharkEntityForge=300, GiantMorayEelEntityForge=300, GreatHammerheadSharkEntityForge=300, GreatWhiteSharkEntityForge=300, GreenSeaTurtleEntityForge=300, HarborSealEntityForge=300, NautilusEntityForge=300, OceanicWhitetipSharkEntityForge=300, OrcaEntityForge=700, SandtigerSharkEntityForge=300, ShortfinMakoSharkEntityForge=300, TigerSharkEntityForge=300}	11	{death_AtlanticCodEntityForge_mob_by_CommonThresherSharkEntityForge=1, death_CommonOctopusEntityForge_mob_by_GreatHammerheadSharkEntityForge=1, living_deaths=2, navigation_calls=1680, sensor_calls=3172}	58	63
1600	979816440	{AmericanLobsterEntityForge=10, AtlanticCodEntityForge=8, AtlanticSalmonEntityForge=8, BlackSeaNettleJellyfishEntityForge=1, BlacktipReefSharkEntityForge=3, BottlenoseDolphinEntityForge=4, CannonballJellyfishEntityForge=2, CaribbeanReefOctopusEntityForge=2, CommonOctopusEntityForge=3, CommonStingrayEntityForge=3, CommonThresherSharkEntityForge=1, GiantMorayEelEntityForge=4, GreatHammerheadSharkEntityForge=1, GreatWhiteSharkEntityForge=1, GreenSeaTurtleEntityForge=3, HarborSealEntityForge=3, NautilusEntityForge=1, OceanicWhitetipSharkEntityForge=1, OrcaEntityForge=1, SandtigerSharkEntityForge=1, ShortfinMakoSharkEntityForge=1, TigerSharkEntityForge=1}	{AmericanLobsterEntityForge=300, AtlanticCodEntityForge=300, AtlanticSalmonEntityForge=300, BlackSeaNettleJellyfishEntityForge=300, BlacktipReefSharkEntityForge=300, BottlenoseDolphinEntityForge=700, CannonballJellyfishEntityForge=300, CaribbeanReefOctopusEntityForge=300, CommonOctopusEntityForge=300, CommonStingrayEntityForge=300, CommonThresherSharkEntityForge=300, GiantMorayEelEntityForge=300, GreatHammerheadSharkEntityForge=300, GreatWhiteSharkEntityForge=300, GreenSeaTurtleEntityForge=300, HarborSealEntityForge=300, NautilusEntityForge=300, OceanicWhitetipSharkEntityForge=300, OrcaEntityForge=700, SandtigerSharkEntityForge=300, ShortfinMakoSharkEntityForge=300, TigerSharkEntityForge=300}	11	{death_AtlanticCodEntityForge_mob_by_CommonThresherSharkEntityForge=1, death_CommonOctopusEntityForge_mob_by_GreatHammerheadSharkEntityForge=1, living_deaths=2, navigation_calls=1950, sensor_calls=3646}	61	63
1800	1072091128	{AmericanLobsterEntityForge=10, AtlanticCodEntityForge=8, AtlanticSalmonEntityForge=8, BlackSeaNettleJellyfishEntityForge=1, BlacktipReefSharkEntityForge=3, BottlenoseDolphinEntityForge=4, CannonballJellyfishEntityForge=2, CaribbeanReefOctopusEntityForge=2, CommonOctopusEntityForge=3, CommonStingrayEntityForge=3, CommonThresherSharkEntityForge=1, GiantMorayEelEntityForge=4, GreatHammerheadSharkEntityForge=1, GreatWhiteSharkEntityForge=1, GreenSeaTurtleEntityForge=3, HarborSealEntityForge=3, NautilusEntityForge=1, OceanicWhitetipSharkEntityForge=1, OrcaEntityForge=1, SandtigerSharkEntityForge=1, ShortfinMakoSharkEntityForge=1, TigerSharkEntityForge=1}	{AmericanLobsterEntityForge=300, AtlanticCodEntityForge=300, AtlanticSalmonEntityForge=300, BlackSeaNettleJellyfishEntityForge=300, BlacktipReefSharkEntityForge=300, BottlenoseDolphinEntityForge=700, CannonballJellyfishEntityForge=300, CaribbeanReefOctopusEntityForge=300, CommonOctopusEntityForge=300, CommonStingrayEntityForge=300, CommonThresherSharkEntityForge=300, GiantMorayEelEntityForge=300, GreatHammerheadSharkEntityForge=300, GreatWhiteSharkEntityForge=300, GreenSeaTurtleEntityForge=300, HarborSealEntityForge=300, NautilusEntityForge=300, OceanicWhitetipSharkEntityForge=300, OrcaEntityForge=700, SandtigerSharkEntityForge=300, ShortfinMakoSharkEntityForge=300, TigerSharkEntityForge=300}	11	{death_AtlanticCodEntityForge_mob_by_CommonThresherSharkEntityForge=1, death_CommonOctopusEntityForge_mob_by_GreatHammerheadSharkEntityForge=1, living_deaths=2, navigation_calls=2179, sensor_calls=4084}	60	63
2000	1164365816	{AmericanLobsterEntityForge=10, AtlanticCodEntityForge=8, AtlanticSalmonEntityForge=8, BlackSeaNettleJellyfishEntityForge=1, BlacktipReefSharkEntityForge=3, BottlenoseDolphinEntityForge=4, CannonballJellyfishEntityForge=2, CaribbeanReefOctopusEntityForge=2, CommonOctopusEntityForge=3, CommonStingrayEntityForge=3, CommonThresherSharkEntityForge=1, GiantMorayEelEntityForge=4, GreatHammerheadSharkEntityForge=1, GreatWhiteSharkEntityForge=1, GreenSeaTurtleEntityForge=3, HarborSealEntityForge=3, NautilusEntityForge=1, OceanicWhitetipSharkEntityForge=1, OrcaEntityForge=1, SandtigerSharkEntityForge=1, ShortfinMakoSharkEntityForge=1, TigerSharkEntityForge=1}	{AmericanLobsterEntityForge=300, AtlanticCodEntityForge=300, AtlanticSalmonEntityForge=300, BlackSeaNettleJellyfishEntityForge=300, BlacktipReefSharkEntityForge=300, BottlenoseDolphinEntityForge=700, CannonballJellyfishEntityForge=300, CaribbeanReefOctopusEntityForge=300, CommonOctopusEntityForge=300, CommonStingrayEntityForge=300, CommonThresherSharkEntityForge=300, GiantMorayEelEntityForge=300, GreatHammerheadSharkEntityForge=300, GreatWhiteSharkEntityForge=300, GreenSeaTurtleEntityForge=300, HarborSealEntityForge=300, NautilusEntityForge=300, OceanicWhitetipSharkEntityForge=300, OrcaEntityForge=687, SandtigerSharkEntityForge=300, ShortfinMakoSharkEntityForge=300, TigerSharkEntityForge=300}	11	{death_AtlanticCodEntityForge_mob_by_CommonThresherSharkEntityForge=1, death_CommonOctopusEntityForge_mob_by_GreatHammerheadSharkEntityForge=1, living_deaths=2, navigation_calls=2429, sensor_calls=4558}	59	63
2200	1256640504	{AmericanLobsterEntityForge=10, AtlanticCodEntityForge=8, AtlanticSalmonEntityForge=8, BlackSeaNettleJellyfishEntityForge=1, BlacktipReefSharkEntityForge=3, BottlenoseDolphinEntityForge=4, CannonballJellyfishEntityForge=2, CaribbeanReefOctopusEntityForge=2, CommonOctopusEntityForge=3, CommonStingrayEntityForge=3, CommonThresherSharkEntityForge=1, GiantMorayEelEntityForge=4, GreatHammerheadSharkEntityForge=1, GreatWhiteSharkEntityForge=1, GreenSeaTurtleEntityForge=3, HarborSealEntityForge=3, NautilusEntityForge=1, OceanicWhitetipSharkEntityForge=1, OrcaEntityForge=1, SandtigerSharkEntityForge=1, ShortfinMakoSharkEntityForge=1, TigerSharkEntityForge=1}	{AmericanLobsterEntityForge=300, AtlanticCodEntityForge=300, AtlanticSalmonEntityForge=300, BlackSeaNettleJellyfishEntityForge=300, BlacktipReefSharkEntityForge=300, BottlenoseDolphinEntityForge=700, CannonballJellyfishEntityForge=300, CaribbeanReefOctopusEntityForge=300, CommonOctopusEntityForge=300, CommonStingrayEntityForge=300, CommonThresherSharkEntityForge=300, GiantMorayEelEntityForge=300, GreatHammerheadSharkEntityForge=300, GreatWhiteSharkEntityForge=300, GreenSeaTurtleEntityForge=300, HarborSealEntityForge=300, NautilusEntityForge=300, OceanicWhitetipSharkEntityForge=300, OrcaEntityForge=700, SandtigerSharkEntityForge=300, ShortfinMakoSharkEntityForge=300, TigerSharkEntityForge=300}	11	{death_AtlanticCodEntityForge_mob_by_CommonThresherSharkEntityForge=1, death_CommonOctopusEntityForge_mob_by_GreatHammerheadSharkEntityForge=1, living_deaths=2, navigation_calls=2703, sensor_calls=4996}	57	63
2400	1347866616	{AmericanLobsterEntityForge=10, AtlanticCodEntityForge=8, AtlanticSalmonEntityForge=8, BlackSeaNettleJellyfishEntityForge=1, BlacktipReefSharkEntityForge=3, BottlenoseDolphinEntityForge=4, CannonballJellyfishEntityForge=2, CaribbeanReefOctopusEntityForge=2, CommonOctopusEntityForge=3, CommonStingrayEntityForge=3, CommonThresherSharkEntityForge=1, GiantMorayEelEntityForge=4, GreatHammerheadSharkEntityForge=1, GreatWhiteSharkEntityForge=1, GreenSeaTurtleEntityForge=3, HarborSealEntityForge=3, NautilusEntityForge=1, OceanicWhitetipSharkEntityForge=1, OrcaEntityForge=1, SandtigerSharkEntityForge=1, ShortfinMakoSharkEntityForge=1, TigerSharkEntityForge=1}	{AmericanLobsterEntityForge=300, AtlanticCodEntityForge=300, AtlanticSalmonEntityForge=300, BlackSeaNettleJellyfishEntityForge=300, BlacktipReefSharkEntityForge=300, BottlenoseDolphinEntityForge=700, CannonballJellyfishEntityForge=300, CaribbeanReefOctopusEntityForge=300, CommonOctopusEntityForge=300, CommonStingrayEntityForge=300, CommonThresherSharkEntityForge=300, GiantMorayEelEntityForge=300, GreatHammerheadSharkEntityForge=300, GreatWhiteSharkEntityForge=300, GreenSeaTurtleEntityForge=300, HarborSealEntityForge=300, NautilusEntityForge=300, OceanicWhitetipSharkEntityForge=300, OrcaEntityForge=700, SandtigerSharkEntityForge=300, ShortfinMakoSharkEntityForge=300, TigerSharkEntityForge=300}	11	{death_AtlanticCodEntityForge_mob_by_CommonThresherSharkEntityForge=1, death_CommonOctopusEntityForge_mob_by_GreatHammerheadSharkEntityForge=1, living_deaths=2, navigation_calls=2954, sensor_calls=5470}	57	63
2600	1439092728	{AmericanLobsterEntityForge=10, AtlanticCodEntityForge=8, AtlanticSalmonEntityForge=8, BlackSeaNettleJellyfishEntityForge=1, BlacktipReefSharkEntityForge=3, BottlenoseDolphinEntityForge=4, CannonballJellyfishEntityForge=2, CaribbeanReefOctopusEntityForge=2, CommonOctopusEntityForge=3, CommonStingrayEntityForge=3, CommonThresherSharkEntityForge=1, GiantMorayEelEntityForge=4, GreatHammerheadSharkEntityForge=1, GreatWhiteSharkEntityForge=1, GreenSeaTurtleEntityForge=3, HarborSealEntityForge=3, NautilusEntityForge=1, OceanicWhitetipSharkEntityForge=1, OrcaEntityForge=1, SandtigerSharkEntityForge=1, ShortfinMakoSharkEntityForge=1, TigerSharkEntityForge=1}	{AmericanLobsterEntityForge=300, AtlanticCodEntityForge=300, AtlanticSalmonEntityForge=300, BlackSeaNettleJellyfishEntityForge=300, BlacktipReefSharkEntityForge=300, BottlenoseDolphinEntityForge=700, CannonballJellyfishEntityForge=300, CaribbeanReefOctopusEntityForge=300, CommonOctopusEntityForge=300, CommonStingrayEntityForge=300, CommonThresherSharkEntityForge=300, GiantMorayEelEntityForge=300, GreatHammerheadSharkEntityForge=300, GreatWhiteSharkEntityForge=300, GreenSeaTurtleEntityForge=300, HarborSealEntityForge=300, NautilusEntityForge=300, OceanicWhitetipSharkEntityForge=300, OrcaEntityForge=700, SandtigerSharkEntityForge=300, ShortfinMakoSharkEntityForge=300, TigerSharkEntityForge=300}	11	{death_AtlanticCodEntityForge_mob_by_CommonThresherSharkEntityForge=1, death_CommonOctopusEntityForge_mob_by_GreatHammerheadSharkEntityForge=1, living_deaths=2, navigation_calls=3206, sensor_calls=5908}	61	63
2800	249465464	{AmericanLobsterEntityForge=10, AtlanticCodEntityForge=8, AtlanticSalmonEntityForge=8, BlackSeaNettleJellyfishEntityForge=1, BlacktipReefSharkEntityForge=3, BottlenoseDolphinEntityForge=4, CannonballJellyfishEntityForge=2, CaribbeanReefOctopusEntityForge=2, CommonOctopusEntityForge=3, CommonStingrayEntityForge=3, CommonThresherSharkEntityForge=1, GiantMorayEelEntityForge=4, GreatHammerheadSharkEntityForge=1, GreatWhiteSharkEntityForge=1, GreenSeaTurtleEntityForge=3, HarborSealEntityForge=3, NautilusEntityForge=1, OceanicWhitetipSharkEntityForge=1, OrcaEntityForge=1, SandtigerSharkEntityForge=1, ShortfinMakoSharkEntityForge=1, TigerSharkEntityForge=1}	{AmericanLobsterEntityForge=300, AtlanticCodEntityForge=300, AtlanticSalmonEntityForge=300, BlackSeaNettleJellyfishEntityForge=300, BlacktipReefSharkEntityForge=300, BottlenoseDolphinEntityForge=700, CannonballJellyfishEntityForge=300, CaribbeanReefOctopusEntityForge=300, CommonOctopusEntityForge=300, CommonStingrayEntityForge=300, CommonThresherSharkEntityForge=300, GiantMorayEelEntityForge=300, GreatHammerheadSharkEntityForge=300, GreatWhiteSharkEntityForge=300, GreenSeaTurtleEntityForge=300, HarborSealEntityForge=300, NautilusEntityForge=300, OceanicWhitetipSharkEntityForge=300, OrcaEntityForge=682, SandtigerSharkEntityForge=300, ShortfinMakoSharkEntityForge=300, TigerSharkEntityForge=300}	11	{death_AtlanticCodEntityForge_mob_by_CommonThresherSharkEntityForge=1, death_CommonOctopusEntityForge_mob_by_GreatHammerheadSharkEntityForge=1, living_deaths=2, navigation_calls=3468, sensor_calls=6382}	60	63
3000	338594424	{AmericanLobsterEntityForge=10, AtlanticCodEntityForge=8, AtlanticSalmonEntityForge=8, BlackSeaNettleJellyfishEntityForge=1, BlacktipReefSharkEntityForge=3, BottlenoseDolphinEntityForge=4, CannonballJellyfishEntityForge=2, CaribbeanReefOctopusEntityForge=1, CommonOctopusEntityForge=3, CommonStingrayEntityForge=3, CommonThresherSharkEntityForge=1, GiantMorayEelEntityForge=4, GreatHammerheadSharkEntityForge=1, GreatWhiteSharkEntityForge=1, GreenSeaTurtleEntityForge=3, HarborSealEntityForge=3, NautilusEntityForge=1, OceanicWhitetipSharkEntityForge=1, OrcaEntityForge=1, SandtigerSharkEntityForge=1, ShortfinMakoSharkEntityForge=1, TigerSharkEntityForge=1}	{AmericanLobsterEntityForge=300, AtlanticCodEntityForge=300, AtlanticSalmonEntityForge=300, BlackSeaNettleJellyfishEntityForge=300, BlacktipReefSharkEntityForge=300, BottlenoseDolphinEntityForge=700, CannonballJellyfishEntityForge=300, CaribbeanReefOctopusEntityForge=300, CommonOctopusEntityForge=300, CommonStingrayEntityForge=300, CommonThresherSharkEntityForge=300, GiantMorayEelEntityForge=300, GreatHammerheadSharkEntityForge=300, GreatWhiteSharkEntityForge=300, GreenSeaTurtleEntityForge=300, HarborSealEntityForge=300, NautilusEntityForge=300, OceanicWhitetipSharkEntityForge=300, OrcaEntityForge=700, SandtigerSharkEntityForge=300, ShortfinMakoSharkEntityForge=300, TigerSharkEntityForge=300}	11	{death_AmericanLobsterEntityForge_mob_by_CommonStingrayEntityForge=1, death_AtlanticCodEntityForge_mob_by_CommonThresherSharkEntityForge=1, death_CaribbeanReefOctopusEntityForge_mob_by_BlacktipReefSharkEntityForge=1, death_CommonOctopusEntityForge_mob_by_GreatHammerheadSharkEntityForge=1, living_deaths=4, navigation_calls=3715, sensor_calls=6854}	60	62
3200	330101048	{AmericanLobsterEntityForge=9, AtlanticCodEntityForge=8, AtlanticSalmonEntityForge=8, BlackSeaNettleJellyfishEntityForge=1, BlacktipReefSharkEntityForge=3, BottlenoseDolphinEntityForge=4, CannonballJellyfishEntityForge=2, CaribbeanReefOctopusEntityForge=2, CommonOctopusEntityForge=3, CommonStingrayEntityForge=3, CommonThresherSharkEntityForge=1, GiantMorayEelEntityForge=4, GreatHammerheadSharkEntityForge=1, GreatWhiteSharkEntityForge=1, GreenSeaTurtleEntityForge=3, HarborSealEntityForge=3, NautilusEntityForge=1, OceanicWhitetipSharkEntityForge=1, OrcaEntityForge=1, SandtigerSharkEntityForge=1, ShortfinMakoSharkEntityForge=1, TigerSharkEntityForge=1}	{AmericanLobsterEntityForge=300, AtlanticCodEntityForge=300, AtlanticSalmonEntityForge=300, BlackSeaNettleJellyfishEntityForge=300, BlacktipReefSharkEntityForge=300, BottlenoseDolphinEntityForge=700, CannonballJellyfishEntityForge=300, CaribbeanReefOctopusEntityForge=300, CommonOctopusEntityForge=300, CommonStingrayEntityForge=300, CommonThresherSharkEntityForge=300, GiantMorayEelEntityForge=300, GreatHammerheadSharkEntityForge=300, GreatWhiteSharkEntityForge=300, GreenSeaTurtleEntityForge=300, HarborSealEntityForge=300, NautilusEntityForge=300, OceanicWhitetipSharkEntityForge=300, OrcaEntityForge=700, SandtigerSharkEntityForge=300, ShortfinMakoSharkEntityForge=300, TigerSharkEntityForge=300}	11	{death_AmericanLobsterEntityForge_mob_by_CommonStingrayEntityForge=1, death_AtlanticCodEntityForge_mob_by_CommonThresherSharkEntityForge=1, death_CaribbeanReefOctopusEntityForge_mob_by_BlacktipReefSharkEntityForge=1, death_CommonOctopusEntityForge_mob_by_GreatHammerheadSharkEntityForge=1, living_deaths=4, navigation_calls=3957, sensor_calls=7282}	60	62
3400	424472888	{AmericanLobsterEntityForge=10, AtlanticCodEntityForge=8, AtlanticSalmonEntityForge=8, BlackSeaNettleJellyfishEntityForge=1, BlacktipReefSharkEntityForge=3, BottlenoseDolphinEntityForge=4, CannonballJellyfishEntityForge=2, CaribbeanReefOctopusEntityForge=2, CommonOctopusEntityForge=3, CommonStingrayEntityForge=3, CommonThresherSharkEntityForge=1, GiantMorayEelEntityForge=4, GreatHammerheadSharkEntityForge=1, GreatWhiteSharkEntityForge=1, GreenSeaTurtleEntityForge=3, HarborSealEntityForge=3, NautilusEntityForge=1, OceanicWhitetipSharkEntityForge=1, OrcaEntityForge=1, SandtigerSharkEntityForge=1, ShortfinMakoSharkEntityForge=1, TigerSharkEntityForge=1}	{AmericanLobsterEntityForge=300, AtlanticCodEntityForge=300, AtlanticSalmonEntityForge=300, BlackSeaNettleJellyfishEntityForge=300, BlacktipReefSharkEntityForge=300, BottlenoseDolphinEntityForge=700, CannonballJellyfishEntityForge=300, CaribbeanReefOctopusEntityForge=300, CommonOctopusEntityForge=300, CommonStingrayEntityForge=300, CommonThresherSharkEntityForge=300, GiantMorayEelEntityForge=300, GreatHammerheadSharkEntityForge=300, GreatWhiteSharkEntityForge=300, GreenSeaTurtleEntityForge=300, HarborSealEntityForge=300, NautilusEntityForge=300, OceanicWhitetipSharkEntityForge=300, OrcaEntityForge=700, SandtigerSharkEntityForge=300, ShortfinMakoSharkEntityForge=300, TigerSharkEntityForge=300}	11	{death_AmericanLobsterEntityForge_mob_by_CommonStingrayEntityForge=1, death_AtlanticCodEntityForge_mob_by_CommonThresherSharkEntityForge=1, death_CaribbeanReefOctopusEntityForge_mob_by_BlacktipReefSharkEntityForge=1, death_CommonOctopusEntityForge_mob_by_GreatHammerheadSharkEntityForge=1, living_deaths=4, navigation_calls=4193, sensor_calls=7757}	60	63
3600	521990456	{AmericanLobsterEntityForge=10, AtlanticCodEntityForge=8, AtlanticSalmonEntityForge=8, BlackSeaNettleJellyfishEntityForge=1, BlacktipReefSharkEntityForge=3, BottlenoseDolphinEntityForge=4, CannonballJellyfishEntityForge=2, CaribbeanReefOctopusEntityForge=2, CommonOctopusEntityForge=3, CommonStingrayEntityForge=3, CommonThresherSharkEntityForge=1, GiantMorayEelEntityForge=4, GreatHammerheadSharkEntityForge=1, GreatWhiteSharkEntityForge=1, GreenSeaTurtleEntityForge=3, HarborSealEntityForge=3, NautilusEntityForge=1, OceanicWhitetipSharkEntityForge=1, OrcaEntityForge=1, SandtigerSharkEntityForge=1, ShortfinMakoSharkEntityForge=1, TigerSharkEntityForge=1}	{AmericanLobsterEntityForge=300, AtlanticCodEntityForge=300, AtlanticSalmonEntityForge=300, BlackSeaNettleJellyfishEntityForge=300, BlacktipReefSharkEntityForge=300, BottlenoseDolphinEntityForge=700, CannonballJellyfishEntityForge=300, CaribbeanReefOctopusEntityForge=300, CommonOctopusEntityForge=300, CommonStingrayEntityForge=300, CommonThresherSharkEntityForge=300, GiantMorayEelEntityForge=300, GreatHammerheadSharkEntityForge=300, GreatWhiteSharkEntityForge=300, GreenSeaTurtleEntityForge=300, HarborSealEntityForge=300, NautilusEntityForge=300, OceanicWhitetipSharkEntityForge=300, OrcaEntityForge=700, SandtigerSharkEntityForge=300, ShortfinMakoSharkEntityForge=300, TigerSharkEntityForge=300}	11	{death_AmericanLobsterEntityForge_mob_by_CommonStingrayEntityForge=1, death_AtlanticCodEntityForge_mob_by_CommonThresherSharkEntityForge=1, death_CaribbeanReefOctopusEntityForge_mob_by_BlacktipReefSharkEntityForge=1, death_CommonOctopusEntityForge_mob_by_GreatHammerheadSharkEntityForge=1, living_deaths=4, navigation_calls=4462, sensor_calls=8195}	61	63
3800	616362296	{AmericanLobsterEntityForge=10, AtlanticCodEntityForge=8, AtlanticSalmonEntityForge=8, BlackSeaNettleJellyfishEntityForge=1, BlacktipReefSharkEntityForge=3, BottlenoseDolphinEntityForge=4, CannonballJellyfishEntityForge=2, CaribbeanReefOctopusEntityForge=2, CommonOctopusEntityForge=3, CommonStingrayEntityForge=3, CommonThresherSharkEntityForge=1, GiantMorayEelEntityForge=4, GreatHammerheadSharkEntityForge=1, GreatWhiteSharkEntityForge=1, GreenSeaTurtleEntityForge=3, HarborSealEntityForge=3, NautilusEntityForge=1, OceanicWhitetipSharkEntityForge=1, OrcaEntityForge=1, SandtigerSharkEntityForge=1, ShortfinMakoSharkEntityForge=1, TigerSharkEntityForge=1}	{AmericanLobsterEntityForge=300, AtlanticCodEntityForge=300, AtlanticSalmonEntityForge=300, BlackSeaNettleJellyfishEntityForge=300, BlacktipReefSharkEntityForge=300, BottlenoseDolphinEntityForge=700, CannonballJellyfishEntityForge=300, CaribbeanReefOctopusEntityForge=300, CommonOctopusEntityForge=300, CommonStingrayEntityForge=300, CommonThresherSharkEntityForge=300, GiantMorayEelEntityForge=300, GreatHammerheadSharkEntityForge=300, GreatWhiteSharkEntityForge=300, GreenSeaTurtleEntityForge=300, HarborSealEntityForge=300, NautilusEntityForge=300, OceanicWhitetipSharkEntityForge=300, OrcaEntityForge=700, SandtigerSharkEntityForge=300, ShortfinMakoSharkEntityForge=300, TigerSharkEntityForge=300}	11	{death_AmericanLobsterEntityForge_mob_by_CommonStingrayEntityForge=1, death_AtlanticCodEntityForge_mob_by_CommonThresherSharkEntityForge=1, death_CaribbeanReefOctopusEntityForge_mob_by_BlacktipReefSharkEntityForge=1, death_CommonOctopusEntityForge_mob_by_GreatHammerheadSharkEntityForge=1, living_deaths=4, navigation_calls=4743, sensor_calls=8670}	60	63
4000	709685560	{AmericanLobsterEntityForge=10, AtlanticCodEntityForge=8, AtlanticSalmonEntityForge=8, BlackSeaNettleJellyfishEntityForge=1, BlacktipReefSharkEntityForge=3, BottlenoseDolphinEntityForge=4, CannonballJellyfishEntityForge=2, CaribbeanReefOctopusEntityForge=2, CommonOctopusEntityForge=3, CommonStingrayEntityForge=3, CommonThresherSharkEntityForge=1, GiantMorayEelEntityForge=4, GreatHammerheadSharkEntityForge=1, GreatWhiteSharkEntityForge=1, GreenSeaTurtleEntityForge=3, HarborSealEntityForge=3, NautilusEntityForge=1, OceanicWhitetipSharkEntityForge=1, OrcaEntityForge=1, SandtigerSharkEntityForge=1, ShortfinMakoSharkEntityForge=1, TigerSharkEntityForge=1}	{AmericanLobsterEntityForge=300, AtlanticCodEntityForge=300, AtlanticSalmonEntityForge=300, BlackSeaNettleJellyfishEntityForge=300, BlacktipReefSharkEntityForge=300, BottlenoseDolphinEntityForge=700, CannonballJellyfishEntityForge=300, CaribbeanReefOctopusEntityForge=300, CommonOctopusEntityForge=300, CommonStingrayEntityForge=300, CommonThresherSharkEntityForge=300, GiantMorayEelEntityForge=300, GreatHammerheadSharkEntityForge=300, GreatWhiteSharkEntityForge=300, GreenSeaTurtleEntityForge=300, HarborSealEntityForge=300, NautilusEntityForge=300, OceanicWhitetipSharkEntityForge=300, OrcaEntityForge=700, SandtigerSharkEntityForge=300, ShortfinMakoSharkEntityForge=300, TigerSharkEntityForge=300}	11	{death_AmericanLobsterEntityForge_mob_by_CommonStingrayEntityForge=1, death_AtlanticCodEntityForge_mob_by_CommonThresherSharkEntityForge=1, death_CaribbeanReefOctopusEntityForge_mob_by_BlacktipReefSharkEntityForge=1, death_CommonOctopusEntityForge_mob_by_GreatHammerheadSharkEntityForge=1, living_deaths=4, navigation_calls=5001, sensor_calls=9109}	60	63
4200	801960248	{AmericanLobsterEntityForge=10, AtlanticCodEntityForge=8, AtlanticSalmonEntityForge=8, BlackSeaNettleJellyfishEntityForge=1, BlacktipReefSharkEntityForge=3, BottlenoseDolphinEntityForge=4, CannonballJellyfishEntityForge=2, CaribbeanReefOctopusEntityForge=2, CommonOctopusEntityForge=3, CommonStingrayEntityForge=3, CommonThresherSharkEntityForge=1, GiantMorayEelEntityForge=4, GreatHammerheadSharkEntityForge=1, GreatWhiteSharkEntityForge=1, GreenSeaTurtleEntityForge=3, HarborSealEntityForge=3, NautilusEntityForge=1, OceanicWhitetipSharkEntityForge=1, OrcaEntityForge=1, SandtigerSharkEntityForge=1, ShortfinMakoSharkEntityForge=1, TigerSharkEntityForge=1}	{AmericanLobsterEntityForge=300, AtlanticCodEntityForge=300, AtlanticSalmonEntityForge=300, BlackSeaNettleJellyfishEntityForge=300, BlacktipReefSharkEntityForge=300, BottlenoseDolphinEntityForge=700, CannonballJellyfishEntityForge=300, CaribbeanReefOctopusEntityForge=300, CommonOctopusEntityForge=300, CommonStingrayEntityForge=300, CommonThresherSharkEntityForge=300, GiantMorayEelEntityForge=300, GreatHammerheadSharkEntityForge=300, GreatWhiteSharkEntityForge=300, GreenSeaTurtleEntityForge=300, HarborSealEntityForge=300, NautilusEntityForge=300, OceanicWhitetipSharkEntityForge=300, OrcaEntityForge=700, SandtigerSharkEntityForge=300, ShortfinMakoSharkEntityForge=300, TigerSharkEntityForge=300}	11	{death_AmericanLobsterEntityForge_mob_by_CommonStingrayEntityForge=1, death_AtlanticCodEntityForge_mob_by_CommonThresherSharkEntityForge=1, death_CaribbeanReefOctopusEntityForge_mob_by_BlacktipReefSharkEntityForge=1, death_CommonOctopusEntityForge_mob_by_GreatHammerheadSharkEntityForge=1, living_deaths=4, navigation_calls=5267, sensor_calls=9583}	61	63
4400	898429240	{AmericanLobsterEntityForge=10, AtlanticCodEntityForge=8, AtlanticSalmonEntityForge=8, BlackSeaNettleJellyfishEntityForge=1, BlacktipReefSharkEntityForge=3, BottlenoseDolphinEntityForge=4, CannonballJellyfishEntityForge=2, CaribbeanReefOctopusEntityForge=2, CommonOctopusEntityForge=3, CommonStingrayEntityForge=3, CommonThresherSharkEntityForge=1, GiantMorayEelEntityForge=4, GreatHammerheadSharkEntityForge=1, GreatWhiteSharkEntityForge=1, GreenSeaTurtleEntityForge=3, HarborSealEntityForge=3, NautilusEntityForge=1, OceanicWhitetipSharkEntityForge=1, OrcaEntityForge=1, SandtigerSharkEntityForge=1, ShortfinMakoSharkEntityForge=1, TigerSharkEntityForge=1}	{AmericanLobsterEntityForge=300, AtlanticCodEntityForge=300, AtlanticSalmonEntityForge=300, BlackSeaNettleJellyfishEntityForge=300, BlacktipReefSharkEntityForge=300, BottlenoseDolphinEntityForge=700, CannonballJellyfishEntityForge=300, CaribbeanReefOctopusEntityForge=300, CommonOctopusEntityForge=300, CommonStingrayEntityForge=300, CommonThresherSharkEntityForge=300, GiantMorayEelEntityForge=300, GreatHammerheadSharkEntityForge=300, GreatWhiteSharkEntityForge=300, GreenSeaTurtleEntityForge=300, HarborSealEntityForge=300, NautilusEntityForge=300, OceanicWhitetipSharkEntityForge=300, OrcaEntityForge=700, SandtigerSharkEntityForge=300, ShortfinMakoSharkEntityForge=300, TigerSharkEntityForge=300}	11	{death_AmericanLobsterEntityForge_mob_by_CommonStingrayEntityForge=1, death_AtlanticCodEntityForge_mob_by_CommonThresherSharkEntityForge=1, death_CaribbeanReefOctopusEntityForge_mob_by_BlacktipReefSharkEntityForge=1, death_CommonOctopusEntityForge_mob_by_GreatHammerheadSharkEntityForge=1, living_deaths=4, navigation_calls=5540, sensor_calls=10021}	60	63
4600	1000141112	{AmericanLobsterEntityForge=10, AtlanticCodEntityForge=8, AtlanticSalmonEntityForge=8, BlackSeaNettleJellyfishEntityForge=1, BlacktipReefSharkEntityForge=3, BottlenoseDolphinEntityForge=4, CannonballJellyfishEntityForge=2, CaribbeanReefOctopusEntityForge=2, CommonOctopusEntityForge=3, CommonStingrayEntityForge=3, CommonThresherSharkEntityForge=1, GiantMorayEelEntityForge=4, GreatHammerheadSharkEntityForge=1, GreatWhiteSharkEntityForge=1, GreenSeaTurtleEntityForge=3, HarborSealEntityForge=3, NautilusEntityForge=1, OceanicWhitetipSharkEntityForge=1, OrcaEntityForge=1, SandtigerSharkEntityForge=1, ShortfinMakoSharkEntityForge=1, TigerSharkEntityForge=1}	{AmericanLobsterEntityForge=300, AtlanticCodEntityForge=300, AtlanticSalmonEntityForge=300, BlackSeaNettleJellyfishEntityForge=300, BlacktipReefSharkEntityForge=300, BottlenoseDolphinEntityForge=700, CannonballJellyfishEntityForge=300, CaribbeanReefOctopusEntityForge=300, CommonOctopusEntityForge=300, CommonStingrayEntityForge=300, CommonThresherSharkEntityForge=300, GiantMorayEelEntityForge=300, GreatHammerheadSharkEntityForge=300, GreatWhiteSharkEntityForge=300, GreenSeaTurtleEntityForge=300, HarborSealEntityForge=300, NautilusEntityForge=300, OceanicWhitetipSharkEntityForge=300, OrcaEntityForge=700, SandtigerSharkEntityForge=300, ShortfinMakoSharkEntityForge=300, TigerSharkEntityForge=300}	11	{death_AmericanLobsterEntityForge_mob_by_CommonStingrayEntityForge=1, death_AtlanticCodEntityForge_mob_by_CommonThresherSharkEntityForge=1, death_CaribbeanReefOctopusEntityForge_mob_by_BlacktipReefSharkEntityForge=1, death_CommonOctopusEntityForge_mob_by_GreatHammerheadSharkEntityForge=1, living_deaths=4, navigation_calls=5876, sensor_calls=10495}	59	63
4800	1094512952	{AmericanLobsterEntityForge=10, AtlanticCodEntityForge=8, AtlanticSalmonEntityForge=8, BlackSeaNettleJellyfishEntityForge=1, BlacktipReefSharkEntityForge=3, BottlenoseDolphinEntityForge=4, CannonballJellyfishEntityForge=2, CaribbeanReefOctopusEntityForge=2, CommonOctopusEntityForge=3, CommonStingrayEntityForge=3, CommonThresherSharkEntityForge=1, GiantMorayEelEntityForge=4, GreatHammerheadSharkEntityForge=1, GreatWhiteSharkEntityForge=1, GreenSeaTurtleEntityForge=3, HarborSealEntityForge=3, NautilusEntityForge=1, OceanicWhitetipSharkEntityForge=1, OrcaEntityForge=1, SandtigerSharkEntityForge=1, ShortfinMakoSharkEntityForge=1, TigerSharkEntityForge=1}	{AmericanLobsterEntityForge=300, AtlanticCodEntityForge=300, AtlanticSalmonEntityForge=300, BlackSeaNettleJellyfishEntityForge=300, BlacktipReefSharkEntityForge=300, BottlenoseDolphinEntityForge=700, CannonballJellyfishEntityForge=300, CaribbeanReefOctopusEntityForge=300, CommonOctopusEntityForge=300, CommonStingrayEntityForge=300, CommonThresherSharkEntityForge=300, GiantMorayEelEntityForge=300, GreatHammerheadSharkEntityForge=300, GreatWhiteSharkEntityForge=300, GreenSeaTurtleEntityForge=300, HarborSealEntityForge=300, NautilusEntityForge=300, OceanicWhitetipSharkEntityForge=300, OrcaEntityForge=700, SandtigerSharkEntityForge=300, ShortfinMakoSharkEntityForge=300, TigerSharkEntityForge=300}	11	{death_AmericanLobsterEntityForge_mob_by_CommonStingrayEntityForge=1, death_AtlanticCodEntityForge_mob_by_CommonThresherSharkEntityForge=1, death_CaribbeanReefOctopusEntityForge_mob_by_BlacktipReefSharkEntityForge=1, death_CommonOctopusEntityForge_mob_by_GreatHammerheadSharkEntityForge=1, living_deaths=4, navigation_calls=6129, sensor_calls=10933}	58	63
5000	1187836216	{AmericanLobsterEntityForge=10, AtlanticCodEntityForge=8, AtlanticSalmonEntityForge=8, BlackSeaNettleJellyfishEntityForge=1, BlacktipReefSharkEntityForge=3, BottlenoseDolphinEntityForge=4, CannonballJellyfishEntityForge=2, CaribbeanReefOctopusEntityForge=2, CommonOctopusEntityForge=3, CommonStingrayEntityForge=3, CommonThresherSharkEntityForge=1, GiantMorayEelEntityForge=4, GreatHammerheadSharkEntityForge=1, GreatWhiteSharkEntityForge=1, GreenSeaTurtleEntityForge=3, HarborSealEntityForge=3, NautilusEntityForge=1, OceanicWhitetipSharkEntityForge=1, OrcaEntityForge=1, SandtigerSharkEntityForge=1, ShortfinMakoSharkEntityForge=1, TigerSharkEntityForge=1}	{AmericanLobsterEntityForge=300, AtlanticCodEntityForge=300, AtlanticSalmonEntityForge=300, BlackSeaNettleJellyfishEntityForge=300, BlacktipReefSharkEntityForge=300, BottlenoseDolphinEntityForge=700, CannonballJellyfishEntityForge=300, CaribbeanReefOctopusEntityForge=300, CommonOctopusEntityForge=300, CommonStingrayEntityForge=300, CommonThresherSharkEntityForge=300, GiantMorayEelEntityForge=300, GreatHammerheadSharkEntityForge=300, GreatWhiteSharkEntityForge=300, GreenSeaTurtleEntityForge=300, HarborSealEntityForge=300, NautilusEntityForge=300, OceanicWhitetipSharkEntityForge=300, OrcaEntityForge=700, SandtigerSharkEntityForge=300, ShortfinMakoSharkEntityForge=300, TigerSharkEntityForge=300}	11	{death_AmericanLobsterEntityForge_mob_by_CommonStingrayEntityForge=1, death_AtlanticCodEntityForge_mob_by_CommonThresherSharkEntityForge=1, death_CaribbeanReefOctopusEntityForge_mob_by_BlacktipReefSharkEntityForge=1, death_CommonOctopusEntityForge_mob_by_GreatHammerheadSharkEntityForge=1, living_deaths=4, navigation_calls=6384, sensor_calls=11408}	60	63
5200	1275916600	{AmericanLobsterEntityForge=10, AtlanticCodEntityForge=8, AtlanticSalmonEntityForge=8, BlackSeaNettleJellyfishEntityForge=1, BlacktipReefSharkEntityForge=3, BottlenoseDolphinEntityForge=4, CannonballJellyfishEntityForge=2, CaribbeanReefOctopusEntityForge=2, CommonOctopusEntityForge=3, CommonStingrayEntityForge=3, CommonThresherSharkEntityForge=1, GiantMorayEelEntityForge=4, GreatHammerheadSharkEntityForge=1, GreatWhiteSharkEntityForge=1, GreenSeaTurtleEntityForge=3, HarborSealEntityForge=3, NautilusEntityForge=1, OceanicWhitetipSharkEntityForge=1, OrcaEntityForge=1, SandtigerSharkEntityForge=1, ShortfinMakoSharkEntityForge=1, TigerSharkEntityForge=1}	{AmericanLobsterEntityForge=300, AtlanticCodEntityForge=300, AtlanticSalmonEntityForge=300, BlackSeaNettleJellyfishEntityForge=300, BlacktipReefSharkEntityForge=300, BottlenoseDolphinEntityForge=700, CannonballJellyfishEntityForge=300, CaribbeanReefOctopusEntityForge=300, CommonOctopusEntityForge=300, CommonStingrayEntityForge=300, CommonThresherSharkEntityForge=300, GiantMorayEelEntityForge=300, GreatHammerheadSharkEntityForge=300, GreatWhiteSharkEntityForge=300, GreenSeaTurtleEntityForge=300, HarborSealEntityForge=300, NautilusEntityForge=300, OceanicWhitetipSharkEntityForge=300, OrcaEntityForge=700, SandtigerSharkEntityForge=300, ShortfinMakoSharkEntityForge=300, TigerSharkEntityForge=300}	11	{death_AmericanLobsterEntityForge_mob_by_CommonStingrayEntityForge=1, death_AtlanticCodEntityForge_mob_by_CommonThresherSharkEntityForge=1, death_CaribbeanReefOctopusEntityForge_mob_by_BlacktipReefSharkEntityForge=1, death_CommonOctopusEntityForge_mob_by_GreatHammerheadSharkEntityForge=1, living_deaths=4, navigation_calls=6608, sensor_calls=11846}	62	63
5400	1361899832	{AmericanLobsterEntityForge=10, AtlanticCodEntityForge=8, AtlanticSalmonEntityForge=8, BlackSeaNettleJellyfishEntityForge=1, BlacktipReefSharkEntityForge=3, BottlenoseDolphinEntityForge=4, CannonballJellyfishEntityForge=2, CaribbeanReefOctopusEntityForge=2, CommonOctopusEntityForge=3, CommonStingrayEntityForge=3, CommonThresherSharkEntityForge=1, GiantMorayEelEntityForge=4, GreatHammerheadSharkEntityForge=1, GreatWhiteSharkEntityForge=1, GreenSeaTurtleEntityForge=3, HarborSealEntityForge=3, NautilusEntityForge=1, OceanicWhitetipSharkEntityForge=1, OrcaEntityForge=1, SandtigerSharkEntityForge=1, ShortfinMakoSharkEntityForge=1, TigerSharkEntityForge=1}	{AmericanLobsterEntityForge=300, AtlanticCodEntityForge=300, AtlanticSalmonEntityForge=300, BlackSeaNettleJellyfishEntityForge=300, BlacktipReefSharkEntityForge=300, BottlenoseDolphinEntityForge=700, CannonballJellyfishEntityForge=300, CaribbeanReefOctopusEntityForge=300, CommonOctopusEntityForge=300, CommonStingrayEntityForge=300, CommonThresherSharkEntityForge=300, GiantMorayEelEntityForge=300, GreatHammerheadSharkEntityForge=300, GreatWhiteSharkEntityForge=300, GreenSeaTurtleEntityForge=300, HarborSealEntityForge=300, NautilusEntityForge=300, OceanicWhitetipSharkEntityForge=300, OrcaEntityForge=700, SandtigerSharkEntityForge=300, ShortfinMakoSharkEntityForge=300, TigerSharkEntityForge=300}	11	{death_AmericanLobsterEntityForge_mob_by_CommonStingrayEntityForge=1, death_AtlanticCodEntityForge_mob_by_CommonThresherSharkEntityForge=1, death_CaribbeanReefOctopusEntityForge_mob_by_BlacktipReefSharkEntityForge=1, death_CommonOctopusEntityForge_mob_by_GreatHammerheadSharkEntityForge=1, living_deaths=4, navigation_calls=6818, sensor_calls=12320}	60	63
5600	1455223096	{AmericanLobsterEntityForge=10, AtlanticCodEntityForge=8, AtlanticSalmonEntityForge=8, BlackSeaNettleJellyfishEntityForge=1, BlacktipReefSharkEntityForge=3, BottlenoseDolphinEntityForge=4, CannonballJellyfishEntityForge=2, CaribbeanReefOctopusEntityForge=2, CommonOctopusEntityForge=3, CommonStingrayEntityForge=3, CommonThresherSharkEntityForge=1, GiantMorayEelEntityForge=4, GreatHammerheadSharkEntityForge=1, GreatWhiteSharkEntityForge=1, GreenSeaTurtleEntityForge=3, HarborSealEntityForge=3, NautilusEntityForge=1, OceanicWhitetipSharkEntityForge=1, OrcaEntityForge=1, SandtigerSharkEntityForge=1, ShortfinMakoSharkEntityForge=1, TigerSharkEntityForge=1}	{AmericanLobsterEntityForge=300, AtlanticCodEntityForge=300, AtlanticSalmonEntityForge=300, BlackSeaNettleJellyfishEntityForge=300, BlacktipReefSharkEntityForge=300, BottlenoseDolphinEntityForge=700, CannonballJellyfishEntityForge=300, CaribbeanReefOctopusEntityForge=300, CommonOctopusEntityForge=300, CommonStingrayEntityForge=300, CommonThresherSharkEntityForge=300, GiantMorayEelEntityForge=300, GreatHammerheadSharkEntityForge=300, GreatWhiteSharkEntityForge=300, GreenSeaTurtleEntityForge=300, HarborSealEntityForge=300, NautilusEntityForge=300, OceanicWhitetipSharkEntityForge=300, OrcaEntityForge=700, SandtigerSharkEntityForge=300, ShortfinMakoSharkEntityForge=300, TigerSharkEntityForge=300}	11	{death_AmericanLobsterEntityForge_mob_by_CommonStingrayEntityForge=1, death_AtlanticCodEntityForge_mob_by_CommonThresherSharkEntityForge=1, death_CaribbeanReefOctopusEntityForge_mob_by_BlacktipReefSharkEntityForge=1, death_CommonOctopusEntityForge_mob_by_GreatHammerheadSharkEntityForge=1, living_deaths=4, navigation_calls=7093, sensor_calls=12758}	58	63
5800	268512584	{AmericanLobsterEntityForge=10, AtlanticCodEntityForge=8, AtlanticSalmonEntityForge=8, BlackSeaNettleJellyfishEntityForge=1, BlacktipReefSharkEntityForge=3, BottlenoseDolphinEntityForge=4, CannonballJellyfishEntityForge=2, CaribbeanReefOctopusEntityForge=2, CommonOctopusEntityForge=3, CommonStingrayEntityForge=3, CommonThresherSharkEntityForge=1, GiantMorayEelEntityForge=4, GreatHammerheadSharkEntityForge=1, GreatWhiteSharkEntityForge=1, GreenSeaTurtleEntityForge=3, HarborSealEntityForge=3, NautilusEntityForge=1, OceanicWhitetipSharkEntityForge=1, OrcaEntityForge=1, SandtigerSharkEntityForge=1, ShortfinMakoSharkEntityForge=1, TigerSharkEntityForge=1}	{AmericanLobsterEntityForge=300, AtlanticCodEntityForge=300, AtlanticSalmonEntityForge=300, BlackSeaNettleJellyfishEntityForge=300, BlacktipReefSharkEntityForge=300, BottlenoseDolphinEntityForge=700, CannonballJellyfishEntityForge=300, CaribbeanReefOctopusEntityForge=300, CommonOctopusEntityForge=300, CommonStingrayEntityForge=300, CommonThresherSharkEntityForge=300, GiantMorayEelEntityForge=300, GreatHammerheadSharkEntityForge=300, GreatWhiteSharkEntityForge=300, GreenSeaTurtleEntityForge=300, HarborSealEntityForge=300, NautilusEntityForge=300, OceanicWhitetipSharkEntityForge=300, OrcaEntityForge=700, SandtigerSharkEntityForge=300, ShortfinMakoSharkEntityForge=300, TigerSharkEntityForge=300}	11	{death_AmericanLobsterEntityForge_mob_by_CommonStingrayEntityForge=1, death_AtlanticCodEntityForge_mob_by_CommonThresherSharkEntityForge=1, death_CaribbeanReefOctopusEntityForge_mob_by_BlacktipReefSharkEntityForge=1, death_CommonOctopusEntityForge_mob_by_GreatHammerheadSharkEntityForge=1, living_deaths=4, navigation_calls=7385, sensor_calls=13232}	58	63
6000	357641544	{AmericanLobsterEntityForge=10, AtlanticCodEntityForge=8, AtlanticSalmonEntityForge=8, BlackSeaNettleJellyfishEntityForge=1, BlacktipReefSharkEntityForge=3, BottlenoseDolphinEntityForge=4, CannonballJellyfishEntityForge=2, CaribbeanReefOctopusEntityForge=2, CommonOctopusEntityForge=3, CommonStingrayEntityForge=3, CommonThresherSharkEntityForge=1, GiantMorayEelEntityForge=4, GreatHammerheadSharkEntityForge=1, GreatWhiteSharkEntityForge=1, GreenSeaTurtleEntityForge=3, HarborSealEntityForge=3, NautilusEntityForge=1, OceanicWhitetipSharkEntityForge=1, OrcaEntityForge=1, SandtigerSharkEntityForge=1, ShortfinMakoSharkEntityForge=1, TigerSharkEntityForge=1}	{AmericanLobsterEntityForge=300, AtlanticCodEntityForge=300, AtlanticSalmonEntityForge=300, BlackSeaNettleJellyfishEntityForge=300, BlacktipReefSharkEntityForge=300, BottlenoseDolphinEntityForge=700, CannonballJellyfishEntityForge=300, CaribbeanReefOctopusEntityForge=300, CommonOctopusEntityForge=300, CommonStingrayEntityForge=300, CommonThresherSharkEntityForge=300, GiantMorayEelEntityForge=300, GreatHammerheadSharkEntityForge=300, GreatWhiteSharkEntityForge=300, GreenSeaTurtleEntityForge=300, HarborSealEntityForge=300, NautilusEntityForge=300, OceanicWhitetipSharkEntityForge=300, OrcaEntityForge=700, SandtigerSharkEntityForge=300, ShortfinMakoSharkEntityForge=300, TigerSharkEntityForge=300}	11	{death_AmericanLobsterEntityForge_mob_by_CommonStingrayEntityForge=1, death_AtlanticCodEntityForge_mob_by_CommonThresherSharkEntityForge=1, death_CaribbeanReefOctopusEntityForge_mob_by_BlacktipReefSharkEntityForge=1, death_CommonOctopusEntityForge_mob_by_GreatHammerheadSharkEntityForge=1, living_deaths=4, navigation_calls=7626, sensor_calls=13670}	55	63
6200	441527624	{AmericanLobsterEntityForge=10, AtlanticCodEntityForge=8, AtlanticSalmonEntityForge=8, BlackSeaNettleJellyfishEntityForge=1, BlacktipReefSharkEntityForge=3, BottlenoseDolphinEntityForge=4, CannonballJellyfishEntityForge=2, CaribbeanReefOctopusEntityForge=2, CommonOctopusEntityForge=3, CommonStingrayEntityForge=3, CommonThresherSharkEntityForge=1, GiantMorayEelEntityForge=4, GreatHammerheadSharkEntityForge=1, GreatWhiteSharkEntityForge=1, GreenSeaTurtleEntityForge=3, HarborSealEntityForge=3, NautilusEntityForge=1, OceanicWhitetipSharkEntityForge=1, OrcaEntityForge=1, SandtigerSharkEntityForge=1, ShortfinMakoSharkEntityForge=1, TigerSharkEntityForge=1}	{AmericanLobsterEntityForge=300, AtlanticCodEntityForge=300, AtlanticSalmonEntityForge=300, BlackSeaNettleJellyfishEntityForge=300, BlacktipReefSharkEntityForge=300, BottlenoseDolphinEntityForge=700, CannonballJellyfishEntityForge=300, CaribbeanReefOctopusEntityForge=300, CommonOctopusEntityForge=300, CommonStingrayEntityForge=300, CommonThresherSharkEntityForge=300, GiantMorayEelEntityForge=300, GreatHammerheadSharkEntityForge=300, GreatWhiteSharkEntityForge=300, GreenSeaTurtleEntityForge=300, HarborSealEntityForge=300, NautilusEntityForge=300, OceanicWhitetipSharkEntityForge=300, OrcaEntityForge=700, SandtigerSharkEntityForge=300, ShortfinMakoSharkEntityForge=300, TigerSharkEntityForge=300}	11	{death_AmericanLobsterEntityForge_mob_by_CommonStingrayEntityForge=1, death_AtlanticCodEntityForge_mob_by_CommonThresherSharkEntityForge=1, death_CaribbeanReefOctopusEntityForge_mob_by_BlacktipReefSharkEntityForge=1, death_CommonOctopusEntityForge_mob_by_GreatHammerheadSharkEntityForge=1, living_deaths=4, navigation_calls=7847, sensor_calls=14144}	59	63
6400	527510856	{AmericanLobsterEntityForge=10, AtlanticCodEntityForge=8, AtlanticSalmonEntityForge=8, BlackSeaNettleJellyfishEntityForge=1, BlacktipReefSharkEntityForge=3, BottlenoseDolphinEntityForge=4, CannonballJellyfishEntityForge=2, CaribbeanReefOctopusEntityForge=2, CommonOctopusEntityForge=3, CommonStingrayEntityForge=3, CommonThresherSharkEntityForge=1, GiantMorayEelEntityForge=4, GreatHammerheadSharkEntityForge=1, GreatWhiteSharkEntityForge=1, GreenSeaTurtleEntityForge=3, HarborSealEntityForge=3, NautilusEntityForge=1, OceanicWhitetipSharkEntityForge=1, OrcaEntityForge=1, SandtigerSharkEntityForge=1, ShortfinMakoSharkEntityForge=1, TigerSharkEntityForge=1}	{AmericanLobsterEntityForge=300, AtlanticCodEntityForge=300, AtlanticSalmonEntityForge=300, BlackSeaNettleJellyfishEntityForge=300, BlacktipReefSharkEntityForge=300, BottlenoseDolphinEntityForge=700, CannonballJellyfishEntityForge=300, CaribbeanReefOctopusEntityForge=300, CommonOctopusEntityForge=300, CommonStingrayEntityForge=300, CommonThresherSharkEntityForge=300, GiantMorayEelEntityForge=300, GreatHammerheadSharkEntityForge=300, GreatWhiteSharkEntityForge=300, GreenSeaTurtleEntityForge=300, HarborSealEntityForge=300, NautilusEntityForge=300, OceanicWhitetipSharkEntityForge=300, OrcaEntityForge=700, SandtigerSharkEntityForge=300, ShortfinMakoSharkEntityForge=300, TigerSharkEntityForge=300}	11	{death_AmericanLobsterEntityForge_mob_by_CommonStingrayEntityForge=1, death_AtlanticCodEntityForge_mob_by_CommonThresherSharkEntityForge=1, death_CaribbeanReefOctopusEntityForge_mob_by_BlacktipReefSharkEntityForge=1, death_CommonOctopusEntityForge_mob_by_GreatHammerheadSharkEntityForge=1, living_deaths=4, navigation_calls=8093, sensor_calls=14582}	59	63
6600	615591240	{AmericanLobsterEntityForge=10, AtlanticCodEntityForge=8, AtlanticSalmonEntityForge=8, BlackSeaNettleJellyfishEntityForge=1, BlacktipReefSharkEntityForge=3, BottlenoseDolphinEntityForge=4, CannonballJellyfishEntityForge=2, CaribbeanReefOctopusEntityForge=2, CommonOctopusEntityForge=3, CommonStingrayEntityForge=3, CommonThresherSharkEntityForge=1, GiantMorayEelEntityForge=4, GreatHammerheadSharkEntityForge=1, GreatWhiteSharkEntityForge=1, GreenSeaTurtleEntityForge=3, HarborSealEntityForge=3, NautilusEntityForge=1, OceanicWhitetipSharkEntityForge=1, OrcaEntityForge=1, SandtigerSharkEntityForge=1, ShortfinMakoSharkEntityForge=1, TigerSharkEntityForge=1}	{AmericanLobsterEntityForge=300, AtlanticCodEntityForge=300, AtlanticSalmonEntityForge=300, BlackSeaNettleJellyfishEntityForge=300, BlacktipReefSharkEntityForge=300, BottlenoseDolphinEntityForge=700, CannonballJellyfishEntityForge=300, CaribbeanReefOctopusEntityForge=300, CommonOctopusEntityForge=300, CommonStingrayEntityForge=300, CommonThresherSharkEntityForge=300, GiantMorayEelEntityForge=300, GreatHammerheadSharkEntityForge=300, GreatWhiteSharkEntityForge=300, GreenSeaTurtleEntityForge=300, HarborSealEntityForge=300, NautilusEntityForge=300, OceanicWhitetipSharkEntityForge=300, OrcaEntityForge=700, SandtigerSharkEntityForge=300, ShortfinMakoSharkEntityForge=300, TigerSharkEntityForge=300}	11	{death_AmericanLobsterEntityForge_mob_by_CommonStingrayEntityForge=1, death_AtlanticCodEntityForge_mob_by_CommonThresherSharkEntityForge=1, death_CaribbeanReefOctopusEntityForge_mob_by_BlacktipReefSharkEntityForge=1, death_CommonOctopusEntityForge_mob_by_GreatHammerheadSharkEntityForge=1, living_deaths=4, navigation_calls=8407, sensor_calls=15056}	61	63
6800	699477320	{AmericanLobsterEntityForge=10, AtlanticCodEntityForge=8, AtlanticSalmonEntityForge=8, BlackSeaNettleJellyfishEntityForge=1, BlacktipReefSharkEntityForge=3, BottlenoseDolphinEntityForge=4, CannonballJellyfishEntityForge=2, CaribbeanReefOctopusEntityForge=2, CommonOctopusEntityForge=3, CommonStingrayEntityForge=3, CommonThresherSharkEntityForge=1, GiantMorayEelEntityForge=4, GreatHammerheadSharkEntityForge=1, GreatWhiteSharkEntityForge=1, GreenSeaTurtleEntityForge=3, HarborSealEntityForge=3, NautilusEntityForge=1, OceanicWhitetipSharkEntityForge=1, OrcaEntityForge=1, SandtigerSharkEntityForge=1, ShortfinMakoSharkEntityForge=1, TigerSharkEntityForge=1}	{AmericanLobsterEntityForge=300, AtlanticCodEntityForge=300, AtlanticSalmonEntityForge=300, BlackSeaNettleJellyfishEntityForge=300, BlacktipReefSharkEntityForge=300, BottlenoseDolphinEntityForge=700, CannonballJellyfishEntityForge=300, CaribbeanReefOctopusEntityForge=300, CommonOctopusEntityForge=300, CommonStingrayEntityForge=300, CommonThresherSharkEntityForge=300, GiantMorayEelEntityForge=300, GreatHammerheadSharkEntityForge=300, GreatWhiteSharkEntityForge=300, GreenSeaTurtleEntityForge=300, HarborSealEntityForge=300, NautilusEntityForge=300, OceanicWhitetipSharkEntityForge=300, OrcaEntityForge=700, SandtigerSharkEntityForge=300, ShortfinMakoSharkEntityForge=300, TigerSharkEntityForge=300}	11	{death_AmericanLobsterEntityForge_mob_by_CommonStingrayEntityForge=1, death_AtlanticCodEntityForge_mob_by_CommonThresherSharkEntityForge=1, death_CaribbeanReefOctopusEntityForge_mob_by_BlacktipReefSharkEntityForge=1, death_CommonOctopusEntityForge_mob_by_GreatHammerheadSharkEntityForge=1, living_deaths=4, navigation_calls=8663, sensor_calls=15494}	57	63
7000	786509128	{AmericanLobsterEntityForge=10, AtlanticCodEntityForge=8, AtlanticSalmonEntityForge=8, BlackSeaNettleJellyfishEntityForge=1, BlacktipReefSharkEntityForge=3, BottlenoseDolphinEntityForge=4, CannonballJellyfishEntityForge=2, CaribbeanReefOctopusEntityForge=2, CommonOctopusEntityForge=3, CommonStingrayEntityForge=3, CommonThresherSharkEntityForge=1, GiantMorayEelEntityForge=4, GreatHammerheadSharkEntityForge=1, GreatWhiteSharkEntityForge=1, GreenSeaTurtleEntityForge=3, HarborSealEntityForge=3, NautilusEntityForge=1, OceanicWhitetipSharkEntityForge=1, OrcaEntityForge=1, SandtigerSharkEntityForge=1, ShortfinMakoSharkEntityForge=1, TigerSharkEntityForge=1}	{AmericanLobsterEntityForge=300, AtlanticCodEntityForge=300, AtlanticSalmonEntityForge=300, BlackSeaNettleJellyfishEntityForge=300, BlacktipReefSharkEntityForge=300, BottlenoseDolphinEntityForge=700, CannonballJellyfishEntityForge=300, CaribbeanReefOctopusEntityForge=300, CommonOctopusEntityForge=300, CommonStingrayEntityForge=300, CommonThresherSharkEntityForge=300, GiantMorayEelEntityForge=300, GreatHammerheadSharkEntityForge=300, GreatWhiteSharkEntityForge=300, GreenSeaTurtleEntityForge=300, HarborSealEntityForge=300, NautilusEntityForge=300, OceanicWhitetipSharkEntityForge=300, OrcaEntityForge=700, SandtigerSharkEntityForge=300, ShortfinMakoSharkEntityForge=300, TigerSharkEntityForge=300}	11	{death_AmericanLobsterEntityForge_mob_by_CommonStingrayEntityForge=1, death_AtlanticCodEntityForge_mob_by_CommonThresherSharkEntityForge=1, death_CaribbeanReefOctopusEntityForge_mob_by_BlacktipReefSharkEntityForge=1, death_CommonOctopusEntityForge_mob_by_GreatHammerheadSharkEntityForge=1, living_deaths=4, navigation_calls=8970, sensor_calls=15968}	61	63
7200	870395208	{AmericanLobsterEntityForge=10, AtlanticCodEntityForge=8, AtlanticSalmonEntityForge=8, BlackSeaNettleJellyfishEntityForge=1, BlacktipReefSharkEntityForge=3, BottlenoseDolphinEntityForge=4, CannonballJellyfishEntityForge=2, CaribbeanReefOctopusEntityForge=2, CommonOctopusEntityForge=3, CommonStingrayEntityForge=3, CommonThresherSharkEntityForge=1, GiantMorayEelEntityForge=4, GreatHammerheadSharkEntityForge=1, GreatWhiteSharkEntityForge=1, GreenSeaTurtleEntityForge=3, HarborSealEntityForge=3, NautilusEntityForge=1, OceanicWhitetipSharkEntityForge=1, OrcaEntityForge=1, SandtigerSharkEntityForge=1, ShortfinMakoSharkEntityForge=1, TigerSharkEntityForge=1}	{AmericanLobsterEntityForge=300, AtlanticCodEntityForge=300, AtlanticSalmonEntityForge=300, BlackSeaNettleJellyfishEntityForge=300, BlacktipReefSharkEntityForge=300, BottlenoseDolphinEntityForge=700, CannonballJellyfishEntityForge=300, CaribbeanReefOctopusEntityForge=300, CommonOctopusEntityForge=300, CommonStingrayEntityForge=300, CommonThresherSharkEntityForge=300, GiantMorayEelEntityForge=300, GreatHammerheadSharkEntityForge=300, GreatWhiteSharkEntityForge=300, GreenSeaTurtleEntityForge=300, HarborSealEntityForge=300, NautilusEntityForge=300, OceanicWhitetipSharkEntityForge=300, OrcaEntityForge=700, SandtigerSharkEntityForge=300, ShortfinMakoSharkEntityForge=300, TigerSharkEntityForge=300}	11	{death_AmericanLobsterEntityForge_mob_by_CommonStingrayEntityForge=1, death_AtlanticCodEntityForge_mob_by_CommonThresherSharkEntityForge=1, death_CaribbeanReefOctopusEntityForge_mob_by_BlacktipReefSharkEntityForge=1, death_CommonOctopusEntityForge_mob_by_GreatHammerheadSharkEntityForge=1, living_deaths=4, navigation_calls=9212, sensor_calls=16445}	60	63
7400	956378440	{AmericanLobsterEntityForge=9, AtlanticCodEntityForge=8, AtlanticSalmonEntityForge=8, BlackSeaNettleJellyfishEntityForge=1, BlacktipReefSharkEntityForge=3, BottlenoseDolphinEntityForge=4, CannonballJellyfishEntityForge=2, CaribbeanReefOctopusEntityForge=2, CommonOctopusEntityForge=3, CommonStingrayEntityForge=3, CommonThresherSharkEntityForge=1, GiantMorayEelEntityForge=4, GreatHammerheadSharkEntityForge=1, GreatWhiteSharkEntityForge=1, GreenSeaTurtleEntityForge=3, HarborSealEntityForge=3, NautilusEntityForge=1, OceanicWhitetipSharkEntityForge=1, OrcaEntityForge=1, SandtigerSharkEntityForge=1, ShortfinMakoSharkEntityForge=1, TigerSharkEntityForge=1}	{AmericanLobsterEntityForge=300, AtlanticCodEntityForge=300, AtlanticSalmonEntityForge=300, BlackSeaNettleJellyfishEntityForge=300, BlacktipReefSharkEntityForge=300, BottlenoseDolphinEntityForge=700, CannonballJellyfishEntityForge=300, CaribbeanReefOctopusEntityForge=300, CommonOctopusEntityForge=300, CommonStingrayEntityForge=300, CommonThresherSharkEntityForge=300, GiantMorayEelEntityForge=300, GreatHammerheadSharkEntityForge=300, GreatWhiteSharkEntityForge=300, GreenSeaTurtleEntityForge=300, HarborSealEntityForge=300, NautilusEntityForge=300, OceanicWhitetipSharkEntityForge=300, OrcaEntityForge=700, SandtigerSharkEntityForge=300, ShortfinMakoSharkEntityForge=300, TigerSharkEntityForge=300}	11	{death_AmericanLobsterEntityForge_mob_by_CommonStingrayEntityForge=2, death_AtlanticCodEntityForge_mob_by_CommonThresherSharkEntityForge=1, death_CaribbeanReefOctopusEntityForge_mob_by_BlacktipReefSharkEntityForge=1, death_CommonOctopusEntityForge_mob_by_GreatHammerheadSharkEntityForge=1, living_deaths=5, navigation_calls=9487, sensor_calls=16874}	58	62
7600	1042361672	{AmericanLobsterEntityForge=10, AtlanticCodEntityForge=8, AtlanticSalmonEntityForge=8, BlackSeaNettleJellyfishEntityForge=1, BlacktipReefSharkEntityForge=3, BottlenoseDolphinEntityForge=4, CannonballJellyfishEntityForge=2, CaribbeanReefOctopusEntityForge=2, CommonOctopusEntityForge=3, CommonStingrayEntityForge=3, CommonThresherSharkEntityForge=1, GiantMorayEelEntityForge=4, GreatHammerheadSharkEntityForge=1, GreatWhiteSharkEntityForge=1, GreenSeaTurtleEntityForge=3, HarborSealEntityForge=3, NautilusEntityForge=1, OceanicWhitetipSharkEntityForge=1, OrcaEntityForge=1, SandtigerSharkEntityForge=1, ShortfinMakoSharkEntityForge=1, TigerSharkEntityForge=1}	{AmericanLobsterEntityForge=300, AtlanticCodEntityForge=300, AtlanticSalmonEntityForge=300, BlackSeaNettleJellyfishEntityForge=300, BlacktipReefSharkEntityForge=300, BottlenoseDolphinEntityForge=700, CannonballJellyfishEntityForge=300, CaribbeanReefOctopusEntityForge=300, CommonOctopusEntityForge=300, CommonStingrayEntityForge=300, CommonThresherSharkEntityForge=300, GiantMorayEelEntityForge=300, GreatHammerheadSharkEntityForge=300, GreatWhiteSharkEntityForge=300, GreenSeaTurtleEntityForge=300, HarborSealEntityForge=300, NautilusEntityForge=300, OceanicWhitetipSharkEntityForge=300, OrcaEntityForge=700, SandtigerSharkEntityForge=300, ShortfinMakoSharkEntityForge=300, TigerSharkEntityForge=300}	11	{death_AmericanLobsterEntityForge_mob_by_CommonStingrayEntityForge=2, death_AtlanticCodEntityForge_mob_by_CommonThresherSharkEntityForge=1, death_CaribbeanReefOctopusEntityForge_mob_by_BlacktipReefSharkEntityForge=1, death_CommonOctopusEntityForge_mob_by_GreatHammerheadSharkEntityForge=1, living_deaths=5, navigation_calls=9773, sensor_calls=17349}	60	63
7800	1126247752	{AmericanLobsterEntityForge=10, AtlanticCodEntityForge=8, AtlanticSalmonEntityForge=8, BlackSeaNettleJellyfishEntityForge=1, BlacktipReefSharkEntityForge=3, BottlenoseDolphinEntityForge=4, CannonballJellyfishEntityForge=2, CaribbeanReefOctopusEntityForge=2, CommonOctopusEntityForge=3, CommonStingrayEntityForge=3, CommonThresherSharkEntityForge=1, GiantMorayEelEntityForge=4, GreatHammerheadSharkEntityForge=1, GreatWhiteSharkEntityForge=1, GreenSeaTurtleEntityForge=3, HarborSealEntityForge=3, NautilusEntityForge=1, OceanicWhitetipSharkEntityForge=1, OrcaEntityForge=1, SandtigerSharkEntityForge=1, ShortfinMakoSharkEntityForge=1, TigerSharkEntityForge=1}	{AmericanLobsterEntityForge=300, AtlanticCodEntityForge=300, AtlanticSalmonEntityForge=300, BlackSeaNettleJellyfishEntityForge=300, BlacktipReefSharkEntityForge=300, BottlenoseDolphinEntityForge=700, CannonballJellyfishEntityForge=300, CaribbeanReefOctopusEntityForge=300, CommonOctopusEntityForge=300, CommonStingrayEntityForge=300, CommonThresherSharkEntityForge=300, GiantMorayEelEntityForge=300, GreatHammerheadSharkEntityForge=300, GreatWhiteSharkEntityForge=300, GreenSeaTurtleEntityForge=300, HarborSealEntityForge=300, NautilusEntityForge=300, OceanicWhitetipSharkEntityForge=300, OrcaEntityForge=700, SandtigerSharkEntityForge=300, ShortfinMakoSharkEntityForge=300, TigerSharkEntityForge=300}	11	{death_AmericanLobsterEntityForge_mob_by_CommonStingrayEntityForge=2, death_AtlanticCodEntityForge_mob_by_CommonThresherSharkEntityForge=1, death_CaribbeanReefOctopusEntityForge_mob_by_BlacktipReefSharkEntityForge=1, death_CommonOctopusEntityForge_mob_by_GreatHammerheadSharkEntityForge=1, living_deaths=5, navigation_calls=10016, sensor_calls=17787}	58	63
8000	1216425288	{AmericanLobsterEntityForge=10, AtlanticCodEntityForge=8, AtlanticSalmonEntityForge=8, BlackSeaNettleJellyfishEntityForge=1, BlacktipReefSharkEntityForge=3, BottlenoseDolphinEntityForge=4, CannonballJellyfishEntityForge=2, CaribbeanReefOctopusEntityForge=2, CommonOctopusEntityForge=3, CommonStingrayEntityForge=3, CommonThresherSharkEntityForge=1, GiantMorayEelEntityForge=4, GreatHammerheadSharkEntityForge=1, GreatWhiteSharkEntityForge=1, GreenSeaTurtleEntityForge=3, HarborSealEntityForge=3, NautilusEntityForge=1, OceanicWhitetipSharkEntityForge=1, OrcaEntityForge=1, SandtigerSharkEntityForge=1, ShortfinMakoSharkEntityForge=1, TigerSharkEntityForge=1}	{AmericanLobsterEntityForge=300, AtlanticCodEntityForge=300, AtlanticSalmonEntityForge=300, BlackSeaNettleJellyfishEntityForge=300, BlacktipReefSharkEntityForge=300, BottlenoseDolphinEntityForge=700, CannonballJellyfishEntityForge=300, CaribbeanReefOctopusEntityForge=300, CommonOctopusEntityForge=300, CommonStingrayEntityForge=300, CommonThresherSharkEntityForge=300, GiantMorayEelEntityForge=300, GreatHammerheadSharkEntityForge=300, GreatWhiteSharkEntityForge=300, GreenSeaTurtleEntityForge=300, HarborSealEntityForge=300, NautilusEntityForge=300, OceanicWhitetipSharkEntityForge=300, OrcaEntityForge=700, SandtigerSharkEntityForge=300, ShortfinMakoSharkEntityForge=300, TigerSharkEntityForge=300}	11	{death_AmericanLobsterEntityForge_mob_by_CommonStingrayEntityForge=2, death_AtlanticCodEntityForge_mob_by_CommonThresherSharkEntityForge=1, death_CaribbeanReefOctopusEntityForge_mob_by_BlacktipReefSharkEntityForge=1, death_CommonOctopusEntityForge_mob_by_GreatHammerheadSharkEntityForge=1, living_deaths=5, navigation_calls=10356, sensor_calls=18262}	61	63
8200	1305554248	{AmericanLobsterEntityForge=10, AtlanticCodEntityForge=8, AtlanticSalmonEntityForge=8, BlackSeaNettleJellyfishEntityForge=1, BlacktipReefSharkEntityForge=3, BottlenoseDolphinEntityForge=4, CannonballJellyfishEntityForge=2, CaribbeanReefOctopusEntityForge=2, CommonOctopusEntityForge=3, CommonStingrayEntityForge=3, CommonThresherSharkEntityForge=1, GiantMorayEelEntityForge=4, GreatHammerheadSharkEntityForge=1, GreatWhiteSharkEntityForge=1, GreenSeaTurtleEntityForge=3, HarborSealEntityForge=3, NautilusEntityForge=1, OceanicWhitetipSharkEntityForge=1, OrcaEntityForge=1, SandtigerSharkEntityForge=1, ShortfinMakoSharkEntityForge=1, TigerSharkEntityForge=1}	{AmericanLobsterEntityForge=300, AtlanticCodEntityForge=300, AtlanticSalmonEntityForge=300, BlackSeaNettleJellyfishEntityForge=300, BlacktipReefSharkEntityForge=300, BottlenoseDolphinEntityForge=700, CannonballJellyfishEntityForge=300, CaribbeanReefOctopusEntityForge=300, CommonOctopusEntityForge=300, CommonStingrayEntityForge=300, CommonThresherSharkEntityForge=300, GiantMorayEelEntityForge=300, GreatHammerheadSharkEntityForge=300, GreatWhiteSharkEntityForge=300, GreenSeaTurtleEntityForge=300, HarborSealEntityForge=300, NautilusEntityForge=300, OceanicWhitetipSharkEntityForge=300, OrcaEntityForge=700, SandtigerSharkEntityForge=300, ShortfinMakoSharkEntityForge=300, TigerSharkEntityForge=300}	11	{death_AmericanLobsterEntityForge_mob_by_CommonStingrayEntityForge=2, death_AtlanticCodEntityForge_mob_by_CommonThresherSharkEntityForge=1, death_CaribbeanReefOctopusEntityForge_mob_by_BlacktipReefSharkEntityForge=1, death_CommonOctopusEntityForge_mob_by_GreatHammerheadSharkEntityForge=1, living_deaths=5, navigation_calls=10658, sensor_calls=18702}	60	63
8400	1391537480	{AmericanLobsterEntityForge=10, AtlanticCodEntityForge=8, AtlanticSalmonEntityForge=8, BlackSeaNettleJellyfishEntityForge=1, BlacktipReefSharkEntityForge=3, BottlenoseDolphinEntityForge=4, CannonballJellyfishEntityForge=2, CaribbeanReefOctopusEntityForge=2, CommonOctopusEntityForge=3, CommonStingrayEntityForge=3, CommonThresherSharkEntityForge=1, GiantMorayEelEntityForge=4, GreatHammerheadSharkEntityForge=1, GreatWhiteSharkEntityForge=1, GreenSeaTurtleEntityForge=3, HarborSealEntityForge=3, NautilusEntityForge=1, OceanicWhitetipSharkEntityForge=1, OrcaEntityForge=1, SandtigerSharkEntityForge=1, ShortfinMakoSharkEntityForge=1, TigerSharkEntityForge=1}	{AmericanLobsterEntityForge=300, AtlanticCodEntityForge=300, AtlanticSalmonEntityForge=300, BlackSeaNettleJellyfishEntityForge=300, BlacktipReefSharkEntityForge=300, BottlenoseDolphinEntityForge=700, CannonballJellyfishEntityForge=300, CaribbeanReefOctopusEntityForge=300, CommonOctopusEntityForge=300, CommonStingrayEntityForge=300, CommonThresherSharkEntityForge=300, GiantMorayEelEntityForge=300, GreatHammerheadSharkEntityForge=300, GreatWhiteSharkEntityForge=300, GreenSeaTurtleEntityForge=300, HarborSealEntityForge=300, NautilusEntityForge=300, OceanicWhitetipSharkEntityForge=300, OrcaEntityForge=700, SandtigerSharkEntityForge=300, ShortfinMakoSharkEntityForge=300, TigerSharkEntityForge=300}	11	{death_AmericanLobsterEntityForge_mob_by_CommonStingrayEntityForge=2, death_AtlanticCodEntityForge_mob_by_CommonThresherSharkEntityForge=1, death_CaribbeanReefOctopusEntityForge_mob_by_BlacktipReefSharkEntityForge=1, death_CommonOctopusEntityForge_mob_by_GreatHammerheadSharkEntityForge=1, living_deaths=5, navigation_calls=10925, sensor_calls=19175}	58	63
8600	1479617864	{AmericanLobsterEntityForge=10, AtlanticCodEntityForge=8, AtlanticSalmonEntityForge=8, BlackSeaNettleJellyfishEntityForge=1, BlacktipReefSharkEntityForge=3, BottlenoseDolphinEntityForge=4, CannonballJellyfishEntityForge=2, CaribbeanReefOctopusEntityForge=2, CommonOctopusEntityForge=3, CommonStingrayEntityForge=3, CommonThresherSharkEntityForge=1, GiantMorayEelEntityForge=4, GreatHammerheadSharkEntityForge=1, GreatWhiteSharkEntityForge=1, GreenSeaTurtleEntityForge=3, HarborSealEntityForge=3, NautilusEntityForge=1, OceanicWhitetipSharkEntityForge=1, OrcaEntityForge=1, SandtigerSharkEntityForge=1, ShortfinMakoSharkEntityForge=1, TigerSharkEntityForge=1}	{AmericanLobsterEntityForge=300, AtlanticCodEntityForge=300, AtlanticSalmonEntityForge=300, BlackSeaNettleJellyfishEntityForge=300, BlacktipReefSharkEntityForge=300, BottlenoseDolphinEntityForge=700, CannonballJellyfishEntityForge=300, CaribbeanReefOctopusEntityForge=300, CommonOctopusEntityForge=300, CommonStingrayEntityForge=300, CommonThresherSharkEntityForge=300, GiantMorayEelEntityForge=300, GreatHammerheadSharkEntityForge=300, GreatWhiteSharkEntityForge=300, GreenSeaTurtleEntityForge=300, HarborSealEntityForge=300, NautilusEntityForge=300, OceanicWhitetipSharkEntityForge=300, OrcaEntityForge=700, SandtigerSharkEntityForge=300, ShortfinMakoSharkEntityForge=300, TigerSharkEntityForge=300}	11	{death_AmericanLobsterEntityForge_mob_by_CommonStingrayEntityForge=2, death_AtlanticCodEntityForge_mob_by_CommonThresherSharkEntityForge=1, death_CaribbeanReefOctopusEntityForge_mob_by_BlacktipReefSharkEntityForge=1, death_CommonOctopusEntityForge_mob_by_GreatHammerheadSharkEntityForge=1, living_deaths=5, navigation_calls=11184, sensor_calls=19614}	58	63
8800	286337480	{AmericanLobsterEntityForge=10, AtlanticCodEntityForge=8, AtlanticSalmonEntityForge=8, BlackSeaNettleJellyfishEntityForge=1, BlacktipReefSharkEntityForge=3, BottlenoseDolphinEntityForge=4, CannonballJellyfishEntityForge=2, CaribbeanReefOctopusEntityForge=2, CommonOctopusEntityForge=3, CommonStingrayEntityForge=3, CommonThresherSharkEntityForge=1, GiantMorayEelEntityForge=4, GreatHammerheadSharkEntityForge=1, GreatWhiteSharkEntityForge=1, GreenSeaTurtleEntityForge=3, HarborSealEntityForge=3, NautilusEntityForge=1, OceanicWhitetipSharkEntityForge=1, OrcaEntityForge=1, SandtigerSharkEntityForge=1, ShortfinMakoSharkEntityForge=1, TigerSharkEntityForge=1}	{AmericanLobsterEntityForge=300, AtlanticCodEntityForge=300, AtlanticSalmonEntityForge=300, BlackSeaNettleJellyfishEntityForge=300, BlacktipReefSharkEntityForge=300, BottlenoseDolphinEntityForge=700, CannonballJellyfishEntityForge=300, CaribbeanReefOctopusEntityForge=300, CommonOctopusEntityForge=300, CommonStingrayEntityForge=300, CommonThresherSharkEntityForge=300, GiantMorayEelEntityForge=300, GreatHammerheadSharkEntityForge=300, GreatWhiteSharkEntityForge=300, GreenSeaTurtleEntityForge=300, HarborSealEntityForge=300, NautilusEntityForge=300, OceanicWhitetipSharkEntityForge=300, OrcaEntityForge=700, SandtigerSharkEntityForge=300, ShortfinMakoSharkEntityForge=300, TigerSharkEntityForge=300}	11	{death_AmericanLobsterEntityForge_mob_by_CommonStingrayEntityForge=2, death_AtlanticCodEntityForge_mob_by_CommonThresherSharkEntityForge=1, death_CaribbeanReefOctopusEntityForge_mob_by_BlacktipReefSharkEntityForge=1, death_CommonOctopusEntityForge_mob_by_GreatHammerheadSharkEntityForge=1, living_deaths=5, navigation_calls=11433, sensor_calls=20087}	59	63
9000	370223560	{AmericanLobsterEntityForge=10, AtlanticCodEntityForge=8, AtlanticSalmonEntityForge=8, BlackSeaNettleJellyfishEntityForge=1, BlacktipReefSharkEntityForge=3, BottlenoseDolphinEntityForge=4, CannonballJellyfishEntityForge=2, CaribbeanReefOctopusEntityForge=2, CommonOctopusEntityForge=3, CommonStingrayEntityForge=3, CommonThresherSharkEntityForge=1, GiantMorayEelEntityForge=4, GreatHammerheadSharkEntityForge=1, GreatWhiteSharkEntityForge=1, GreenSeaTurtleEntityForge=3, HarborSealEntityForge=3, NautilusEntityForge=1, OceanicWhitetipSharkEntityForge=1, OrcaEntityForge=1, SandtigerSharkEntityForge=1, ShortfinMakoSharkEntityForge=1, TigerSharkEntityForge=1}	{AmericanLobsterEntityForge=300, AtlanticCodEntityForge=300, AtlanticSalmonEntityForge=300, BlackSeaNettleJellyfishEntityForge=300, BlacktipReefSharkEntityForge=300, BottlenoseDolphinEntityForge=700, CannonballJellyfishEntityForge=300, CaribbeanReefOctopusEntityForge=300, CommonOctopusEntityForge=300, CommonStingrayEntityForge=300, CommonThresherSharkEntityForge=300, GiantMorayEelEntityForge=300, GreatHammerheadSharkEntityForge=300, GreatWhiteSharkEntityForge=300, GreenSeaTurtleEntityForge=300, HarborSealEntityForge=300, NautilusEntityForge=300, OceanicWhitetipSharkEntityForge=300, OrcaEntityForge=700, SandtigerSharkEntityForge=300, ShortfinMakoSharkEntityForge=300, TigerSharkEntityForge=300}	11	{death_AmericanLobsterEntityForge_mob_by_CommonStingrayEntityForge=2, death_AtlanticCodEntityForge_mob_by_CommonThresherSharkEntityForge=1, death_CaribbeanReefOctopusEntityForge_mob_by_BlacktipReefSharkEntityForge=1, death_CommonOctopusEntityForge_mob_by_GreatHammerheadSharkEntityForge=1, living_deaths=5, navigation_calls=11684, sensor_calls=20526}	63	63
9200	454109640	{AmericanLobsterEntityForge=10, AtlanticCodEntityForge=8, AtlanticSalmonEntityForge=8, BlackSeaNettleJellyfishEntityForge=1, BlacktipReefSharkEntityForge=3, BottlenoseDolphinEntityForge=4, CannonballJellyfishEntityForge=2, CaribbeanReefOctopusEntityForge=2, CommonOctopusEntityForge=3, CommonStingrayEntityForge=3, CommonThresherSharkEntityForge=1, GiantMorayEelEntityForge=4, GreatHammerheadSharkEntityForge=1, GreatWhiteSharkEntityForge=1, GreenSeaTurtleEntityForge=3, HarborSealEntityForge=3, NautilusEntityForge=1, OceanicWhitetipSharkEntityForge=1, OrcaEntityForge=1, SandtigerSharkEntityForge=1, ShortfinMakoSharkEntityForge=1, TigerSharkEntityForge=1}	{AmericanLobsterEntityForge=300, AtlanticCodEntityForge=300, AtlanticSalmonEntityForge=300, BlackSeaNettleJellyfishEntityForge=300, BlacktipReefSharkEntityForge=300, BottlenoseDolphinEntityForge=700, CannonballJellyfishEntityForge=300, CaribbeanReefOctopusEntityForge=300, CommonOctopusEntityForge=300, CommonStingrayEntityForge=300, CommonThresherSharkEntityForge=300, GiantMorayEelEntityForge=300, GreatHammerheadSharkEntityForge=300, GreatWhiteSharkEntityForge=300, GreenSeaTurtleEntityForge=300, HarborSealEntityForge=300, NautilusEntityForge=300, OceanicWhitetipSharkEntityForge=300, OrcaEntityForge=700, SandtigerSharkEntityForge=300, ShortfinMakoSharkEntityForge=300, TigerSharkEntityForge=300}	11	{death_AmericanLobsterEntityForge_mob_by_CommonStingrayEntityForge=2, death_AtlanticCodEntityForge_mob_by_CommonThresherSharkEntityForge=1, death_CaribbeanReefOctopusEntityForge_mob_by_BlacktipReefSharkEntityForge=1, death_CommonOctopusEntityForge_mob_by_GreatHammerheadSharkEntityForge=1, living_deaths=5, navigation_calls=11951, sensor_calls=21000}	61	63
9400	537995720	{AmericanLobsterEntityForge=10, AtlanticCodEntityForge=8, AtlanticSalmonEntityForge=8, BlackSeaNettleJellyfishEntityForge=1, BlacktipReefSharkEntityForge=3, BottlenoseDolphinEntityForge=4, CannonballJellyfishEntityForge=2, CaribbeanReefOctopusEntityForge=2, CommonOctopusEntityForge=3, CommonStingrayEntityForge=3, CommonThresherSharkEntityForge=1, GiantMorayEelEntityForge=4, GreatHammerheadSharkEntityForge=1, GreatWhiteSharkEntityForge=1, GreenSeaTurtleEntityForge=3, HarborSealEntityForge=3, NautilusEntityForge=1, OceanicWhitetipSharkEntityForge=1, OrcaEntityForge=1, SandtigerSharkEntityForge=1, ShortfinMakoSharkEntityForge=1, TigerSharkEntityForge=1}	{AmericanLobsterEntityForge=300, AtlanticCodEntityForge=300, AtlanticSalmonEntityForge=300, BlackSeaNettleJellyfishEntityForge=300, BlacktipReefSharkEntityForge=300, BottlenoseDolphinEntityForge=700, CannonballJellyfishEntityForge=300, CaribbeanReefOctopusEntityForge=300, CommonOctopusEntityForge=300, CommonStingrayEntityForge=300, CommonThresherSharkEntityForge=300, GiantMorayEelEntityForge=300, GreatHammerheadSharkEntityForge=300, GreatWhiteSharkEntityForge=300, GreenSeaTurtleEntityForge=300, HarborSealEntityForge=300, NautilusEntityForge=300, OceanicWhitetipSharkEntityForge=300, OrcaEntityForge=700, SandtigerSharkEntityForge=300, ShortfinMakoSharkEntityForge=300, TigerSharkEntityForge=300}	11	{death_AmericanLobsterEntityForge_mob_by_CommonStingrayEntityForge=2, death_AtlanticCodEntityForge_mob_by_CommonThresherSharkEntityForge=1, death_CaribbeanReefOctopusEntityForge_mob_by_BlacktipReefSharkEntityForge=1, death_CommonOctopusEntityForge_mob_by_GreatHammerheadSharkEntityForge=1, living_deaths=5, navigation_calls=12222, sensor_calls=21439}	58	63
9600	626076104	{AmericanLobsterEntityForge=10, AtlanticCodEntityForge=8, AtlanticSalmonEntityForge=8, BlackSeaNettleJellyfishEntityForge=1, BlacktipReefSharkEntityForge=3, BottlenoseDolphinEntityForge=4, CannonballJellyfishEntityForge=2, CaribbeanReefOctopusEntityForge=2, CommonOctopusEntityForge=3, CommonStingrayEntityForge=3, CommonThresherSharkEntityForge=1, GiantMorayEelEntityForge=4, GreatHammerheadSharkEntityForge=1, GreatWhiteSharkEntityForge=1, GreenSeaTurtleEntityForge=3, HarborSealEntityForge=3, NautilusEntityForge=1, OceanicWhitetipSharkEntityForge=1, OrcaEntityForge=1, SandtigerSharkEntityForge=1, ShortfinMakoSharkEntityForge=1, TigerSharkEntityForge=1}	{AmericanLobsterEntityForge=300, AtlanticCodEntityForge=300, AtlanticSalmonEntityForge=300, BlackSeaNettleJellyfishEntityForge=300, BlacktipReefSharkEntityForge=300, BottlenoseDolphinEntityForge=700, CannonballJellyfishEntityForge=300, CaribbeanReefOctopusEntityForge=300, CommonOctopusEntityForge=300, CommonStingrayEntityForge=300, CommonThresherSharkEntityForge=300, GiantMorayEelEntityForge=300, GreatHammerheadSharkEntityForge=300, GreatWhiteSharkEntityForge=300, GreenSeaTurtleEntityForge=300, HarborSealEntityForge=300, NautilusEntityForge=300, OceanicWhitetipSharkEntityForge=300, OrcaEntityForge=700, SandtigerSharkEntityForge=300, ShortfinMakoSharkEntityForge=300, TigerSharkEntityForge=300}	11	{death_AmericanLobsterEntityForge_mob_by_CommonStingrayEntityForge=2, death_AtlanticCodEntityForge_mob_by_CommonThresherSharkEntityForge=1, death_CaribbeanReefOctopusEntityForge_mob_by_BlacktipReefSharkEntityForge=1, death_CommonOctopusEntityForge_mob_by_GreatHammerheadSharkEntityForge=1, living_deaths=5, navigation_calls=12462, sensor_calls=21912}	60	63
9800	713107912	{AmericanLobsterEntityForge=10, AtlanticCodEntityForge=8, AtlanticSalmonEntityForge=8, BlackSeaNettleJellyfishEntityForge=1, BlacktipReefSharkEntityForge=3, BottlenoseDolphinEntityForge=4, CannonballJellyfishEntityForge=2, CaribbeanReefOctopusEntityForge=2, CommonOctopusEntityForge=3, CommonStingrayEntityForge=3, CommonThresherSharkEntityForge=1, GiantMorayEelEntityForge=4, GreatHammerheadSharkEntityForge=1, GreatWhiteSharkEntityForge=1, GreenSeaTurtleEntityForge=3, HarborSealEntityForge=3, NautilusEntityForge=1, OceanicWhitetipSharkEntityForge=1, OrcaEntityForge=1, SandtigerSharkEntityForge=1, ShortfinMakoSharkEntityForge=1, TigerSharkEntityForge=1}	{AmericanLobsterEntityForge=300, AtlanticCodEntityForge=300, AtlanticSalmonEntityForge=300, BlackSeaNettleJellyfishEntityForge=300, BlacktipReefSharkEntityForge=300, BottlenoseDolphinEntityForge=700, CannonballJellyfishEntityForge=300, CaribbeanReefOctopusEntityForge=300, CommonOctopusEntityForge=300, CommonStingrayEntityForge=300, CommonThresherSharkEntityForge=300, GiantMorayEelEntityForge=300, GreatHammerheadSharkEntityForge=300, GreatWhiteSharkEntityForge=300, GreenSeaTurtleEntityForge=300, HarborSealEntityForge=300, NautilusEntityForge=300, OceanicWhitetipSharkEntityForge=300, OrcaEntityForge=700, SandtigerSharkEntityForge=300, ShortfinMakoSharkEntityForge=300, TigerSharkEntityForge=300}	11	{death_AmericanLobsterEntityForge_mob_by_CommonStingrayEntityForge=2, death_AtlanticCodEntityForge_mob_by_CommonThresherSharkEntityForge=1, death_CaribbeanReefOctopusEntityForge_mob_by_BlacktipReefSharkEntityForge=1, death_CommonOctopusEntityForge_mob_by_GreatHammerheadSharkEntityForge=1, living_deaths=5, navigation_calls=12751, sensor_calls=22351}	61	63
10000	795945416	{AmericanLobsterEntityForge=10, AtlanticCodEntityForge=8, AtlanticSalmonEntityForge=8, BlackSeaNettleJellyfishEntityForge=1, BlacktipReefSharkEntityForge=3, BottlenoseDolphinEntityForge=4, CannonballJellyfishEntityForge=2, CaribbeanReefOctopusEntityForge=2, CommonOctopusEntityForge=3, CommonStingrayEntityForge=3, CommonThresherSharkEntityForge=1, GiantMorayEelEntityForge=4, GreatHammerheadSharkEntityForge=1, GreatWhiteSharkEntityForge=1, GreenSeaTurtleEntityForge=3, HarborSealEntityForge=3, NautilusEntityForge=1, OceanicWhitetipSharkEntityForge=1, OrcaEntityForge=1, SandtigerSharkEntityForge=1, ShortfinMakoSharkEntityForge=1, TigerSharkEntityForge=1}	{AmericanLobsterEntityForge=300, AtlanticCodEntityForge=300, AtlanticSalmonEntityForge=300, BlackSeaNettleJellyfishEntityForge=300, BlacktipReefSharkEntityForge=300, BottlenoseDolphinEntityForge=700, CannonballJellyfishEntityForge=300, CaribbeanReefOctopusEntityForge=300, CommonOctopusEntityForge=300, CommonStingrayEntityForge=300, CommonThresherSharkEntityForge=300, GiantMorayEelEntityForge=300, GreatHammerheadSharkEntityForge=300, GreatWhiteSharkEntityForge=300, GreenSeaTurtleEntityForge=300, HarborSealEntityForge=300, NautilusEntityForge=300, OceanicWhitetipSharkEntityForge=300, OrcaEntityForge=700, SandtigerSharkEntityForge=300, ShortfinMakoSharkEntityForge=300, TigerSharkEntityForge=300}	11	{death_AmericanLobsterEntityForge_mob_by_CommonStingrayEntityForge=2, death_AtlanticCodEntityForge_mob_by_CommonThresherSharkEntityForge=1, death_CaribbeanReefOctopusEntityForge_mob_by_BlacktipReefSharkEntityForge=1, death_CommonOctopusEntityForge_mob_by_GreatHammerheadSharkEntityForge=1, living_deaths=5, navigation_calls=13021, sensor_calls=22824}	60	63
10200	888220104	{AmericanLobsterEntityForge=10, AtlanticCodEntityForge=8, AtlanticSalmonEntityForge=8, BlackSeaNettleJellyfishEntityForge=1, BlacktipReefSharkEntityForge=3, BottlenoseDolphinEntityForge=4, CannonballJellyfishEntityForge=2, CaribbeanReefOctopusEntityForge=2, CommonOctopusEntityForge=3, CommonStingrayEntityForge=3, CommonThresherSharkEntityForge=1, GiantMorayEelEntityForge=4, GreatHammerheadSharkEntityForge=1, GreatWhiteSharkEntityForge=1, GreenSeaTurtleEntityForge=3, HarborSealEntityForge=3, NautilusEntityForge=1, OceanicWhitetipSharkEntityForge=1, OrcaEntityForge=1, SandtigerSharkEntityForge=1, ShortfinMakoSharkEntityForge=1, TigerSharkEntityForge=1}	{AmericanLobsterEntityForge=300, AtlanticCodEntityForge=300, AtlanticSalmonEntityForge=300, BlackSeaNettleJellyfishEntityForge=300, BlacktipReefSharkEntityForge=300, BottlenoseDolphinEntityForge=700, CannonballJellyfishEntityForge=300, CaribbeanReefOctopusEntityForge=300, CommonOctopusEntityForge=300, CommonStingrayEntityForge=300, CommonThresherSharkEntityForge=300, GiantMorayEelEntityForge=300, GreatHammerheadSharkEntityForge=300, GreatWhiteSharkEntityForge=300, GreenSeaTurtleEntityForge=300, HarborSealEntityForge=300, NautilusEntityForge=300, OceanicWhitetipSharkEntityForge=300, OrcaEntityForge=700, SandtigerSharkEntityForge=300, ShortfinMakoSharkEntityForge=300, TigerSharkEntityForge=300}	11	{death_AmericanLobsterEntityForge_mob_by_CommonStingrayEntityForge=2, death_AtlanticCodEntityForge_mob_by_CommonThresherSharkEntityForge=1, death_CaribbeanReefOctopusEntityForge_mob_by_BlacktipReefSharkEntityForge=1, death_CommonOctopusEntityForge_mob_by_GreatHammerheadSharkEntityForge=1, living_deaths=5, navigation_calls=13309, sensor_calls=23263}	62	63
10400	982591944	{AmericanLobsterEntityForge=10, AtlanticCodEntityForge=7, AtlanticSalmonEntityForge=8, BlackSeaNettleJellyfishEntityForge=1, BlacktipReefSharkEntityForge=3, BottlenoseDolphinEntityForge=4, CannonballJellyfishEntityForge=2, CaribbeanReefOctopusEntityForge=2, CommonOctopusEntityForge=3, CommonStingrayEntityForge=3, CommonThresherSharkEntityForge=1, GiantMorayEelEntityForge=4, GreatHammerheadSharkEntityForge=1, GreatWhiteSharkEntityForge=1, GreenSeaTurtleEntityForge=3, HarborSealEntityForge=3, NautilusEntityForge=1, OceanicWhitetipSharkEntityForge=1, OrcaEntityForge=1, SandtigerSharkEntityForge=1, ShortfinMakoSharkEntityForge=1, TigerSharkEntityForge=1}	{AmericanLobsterEntityForge=300, AtlanticCodEntityForge=300, AtlanticSalmonEntityForge=300, BlackSeaNettleJellyfishEntityForge=300, BlacktipReefSharkEntityForge=300, BottlenoseDolphinEntityForge=700, CannonballJellyfishEntityForge=300, CaribbeanReefOctopusEntityForge=300, CommonOctopusEntityForge=300, CommonStingrayEntityForge=300, CommonThresherSharkEntityForge=300, GiantMorayEelEntityForge=300, GreatHammerheadSharkEntityForge=300, GreatWhiteSharkEntityForge=300, GreenSeaTurtleEntityForge=300, HarborSealEntityForge=300, NautilusEntityForge=300, OceanicWhitetipSharkEntityForge=300, OrcaEntityForge=700, SandtigerSharkEntityForge=300, ShortfinMakoSharkEntityForge=300, TigerSharkEntityForge=300}	11	{death_AmericanLobsterEntityForge_mob_by_CommonStingrayEntityForge=2, death_AtlanticCodEntityForge_mob_by_CommonThresherSharkEntityForge=1, death_AtlanticCodEntityForge_mob_by_TigerSharkEntityForge=1, death_CaribbeanReefOctopusEntityForge_mob_by_BlacktipReefSharkEntityForge=1, death_CommonOctopusEntityForge_mob_by_GreatHammerheadSharkEntityForge=1, living_deaths=6, navigation_calls=13621, sensor_calls=23736}	60	62
10600	1076963784	{AmericanLobsterEntityForge=10, AtlanticCodEntityForge=8, AtlanticSalmonEntityForge=8, BlackSeaNettleJellyfishEntityForge=1, BlacktipReefSharkEntityForge=3, BottlenoseDolphinEntityForge=4, CannonballJellyfishEntityForge=2, CaribbeanReefOctopusEntityForge=2, CommonOctopusEntityForge=3, CommonStingrayEntityForge=3, CommonThresherSharkEntityForge=1, GiantMorayEelEntityForge=4, GreatHammerheadSharkEntityForge=1, GreatWhiteSharkEntityForge=1, GreenSeaTurtleEntityForge=3, HarborSealEntityForge=3, NautilusEntityForge=1, OceanicWhitetipSharkEntityForge=1, OrcaEntityForge=1, SandtigerSharkEntityForge=1, ShortfinMakoSharkEntityForge=1, TigerSharkEntityForge=1}	{AmericanLobsterEntityForge=300, AtlanticCodEntityForge=300, AtlanticSalmonEntityForge=300, BlackSeaNettleJellyfishEntityForge=300, BlacktipReefSharkEntityForge=300, BottlenoseDolphinEntityForge=700, CannonballJellyfishEntityForge=300, CaribbeanReefOctopusEntityForge=300, CommonOctopusEntityForge=300, CommonStingrayEntityForge=300, CommonThresherSharkEntityForge=300, GiantMorayEelEntityForge=300, GreatHammerheadSharkEntityForge=300, GreatWhiteSharkEntityForge=300, GreenSeaTurtleEntityForge=300, HarborSealEntityForge=300, NautilusEntityForge=300, OceanicWhitetipSharkEntityForge=300, OrcaEntityForge=700, SandtigerSharkEntityForge=300, ShortfinMakoSharkEntityForge=300, TigerSharkEntityForge=300}	11	{death_AmericanLobsterEntityForge_mob_by_CommonStingrayEntityForge=2, death_AtlanticCodEntityForge_mob_by_CommonThresherSharkEntityForge=1, death_AtlanticCodEntityForge_mob_by_TigerSharkEntityForge=1, death_CaribbeanReefOctopusEntityForge_mob_by_BlacktipReefSharkEntityForge=1, death_CommonOctopusEntityForge_mob_by_GreatHammerheadSharkEntityForge=1, living_deaths=6, navigation_calls=13921, sensor_calls=24175}	59	63
10800	1174481352	{AmericanLobsterEntityForge=10, AtlanticCodEntityForge=8, AtlanticSalmonEntityForge=8, BlackSeaNettleJellyfishEntityForge=1, BlacktipReefSharkEntityForge=3, BottlenoseDolphinEntityForge=4, CannonballJellyfishEntityForge=2, CaribbeanReefOctopusEntityForge=2, CommonOctopusEntityForge=3, CommonStingrayEntityForge=3, CommonThresherSharkEntityForge=1, GiantMorayEelEntityForge=4, GreatHammerheadSharkEntityForge=1, GreatWhiteSharkEntityForge=1, GreenSeaTurtleEntityForge=3, HarborSealEntityForge=3, NautilusEntityForge=1, OceanicWhitetipSharkEntityForge=1, OrcaEntityForge=1, SandtigerSharkEntityForge=1, ShortfinMakoSharkEntityForge=1, TigerSharkEntityForge=1}	{AmericanLobsterEntityForge=300, AtlanticCodEntityForge=300, AtlanticSalmonEntityForge=300, BlackSeaNettleJellyfishEntityForge=300, BlacktipReefSharkEntityForge=300, BottlenoseDolphinEntityForge=700, CannonballJellyfishEntityForge=300, CaribbeanReefOctopusEntityForge=300, CommonOctopusEntityForge=300, CommonStingrayEntityForge=300, CommonThresherSharkEntityForge=300, GiantMorayEelEntityForge=300, GreatHammerheadSharkEntityForge=300, GreatWhiteSharkEntityForge=300, GreenSeaTurtleEntityForge=300, HarborSealEntityForge=300, NautilusEntityForge=300, OceanicWhitetipSharkEntityForge=300, OrcaEntityForge=700, SandtigerSharkEntityForge=300, ShortfinMakoSharkEntityForge=300, TigerSharkEntityForge=300}	11	{death_AmericanLobsterEntityForge_mob_by_CommonStingrayEntityForge=2, death_AtlanticCodEntityForge_mob_by_CommonThresherSharkEntityForge=1, death_AtlanticCodEntityForge_mob_by_TigerSharkEntityForge=1, death_CaribbeanReefOctopusEntityForge_mob_by_BlacktipReefSharkEntityForge=1, death_CommonOctopusEntityForge_mob_by_GreatHammerheadSharkEntityForge=1, living_deaths=6, navigation_calls=14231, sensor_calls=24648}	59	63
11000	1265707464	{AmericanLobsterEntityForge=10, AtlanticCodEntityForge=8, AtlanticSalmonEntityForge=8, BlackSeaNettleJellyfishEntityForge=1, BlacktipReefSharkEntityForge=3, BottlenoseDolphinEntityForge=4, CannonballJellyfishEntityForge=2, CaribbeanReefOctopusEntityForge=2, CommonOctopusEntityForge=3, CommonStingrayEntityForge=3, CommonThresherSharkEntityForge=1, GiantMorayEelEntityForge=4, GreatHammerheadSharkEntityForge=1, GreatWhiteSharkEntityForge=1, GreenSeaTurtleEntityForge=3, HarborSealEntityForge=3, NautilusEntityForge=1, OceanicWhitetipSharkEntityForge=1, OrcaEntityForge=1, SandtigerSharkEntityForge=1, ShortfinMakoSharkEntityForge=1, TigerSharkEntityForge=1}	{AmericanLobsterEntityForge=300, AtlanticCodEntityForge=300, AtlanticSalmonEntityForge=300, BlackSeaNettleJellyfishEntityForge=300, BlacktipReefSharkEntityForge=300, BottlenoseDolphinEntityForge=700, CannonballJellyfishEntityForge=300, CaribbeanReefOctopusEntityForge=300, CommonOctopusEntityForge=300, CommonStingrayEntityForge=300, CommonThresherSharkEntityForge=300, GiantMorayEelEntityForge=300, GreatHammerheadSharkEntityForge=300, GreatWhiteSharkEntityForge=300, GreenSeaTurtleEntityForge=300, HarborSealEntityForge=300, NautilusEntityForge=300, OceanicWhitetipSharkEntityForge=300, OrcaEntityForge=700, SandtigerSharkEntityForge=300, ShortfinMakoSharkEntityForge=300, TigerSharkEntityForge=300}	11	{death_AmericanLobsterEntityForge_mob_by_CommonStingrayEntityForge=2, death_AtlanticCodEntityForge_mob_by_CommonThresherSharkEntityForge=1, death_AtlanticCodEntityForge_mob_by_TigerSharkEntityForge=1, death_CaribbeanReefOctopusEntityForge_mob_by_BlacktipReefSharkEntityForge=1, death_CommonOctopusEntityForge_mob_by_GreatHammerheadSharkEntityForge=1, living_deaths=6, navigation_calls=14502, sensor_calls=25087}	61	63
11200	1364273608	{AmericanLobsterEntityForge=10, AtlanticCodEntityForge=8, AtlanticSalmonEntityForge=8, BlackSeaNettleJellyfishEntityForge=1, BlacktipReefSharkEntityForge=3, BottlenoseDolphinEntityForge=4, CannonballJellyfishEntityForge=2, CaribbeanReefOctopusEntityForge=2, CommonOctopusEntityForge=3, CommonStingrayEntityForge=3, CommonThresherSharkEntityForge=1, GiantMorayEelEntityForge=4, GreatHammerheadSharkEntityForge=1, GreatWhiteSharkEntityForge=1, GreenSeaTurtleEntityForge=3, HarborSealEntityForge=3, NautilusEntityForge=1, OceanicWhitetipSharkEntityForge=1, OrcaEntityForge=1, SandtigerSharkEntityForge=1, ShortfinMakoSharkEntityForge=1, TigerSharkEntityForge=1}	{AmericanLobsterEntityForge=300, AtlanticCodEntityForge=300, AtlanticSalmonEntityForge=300, BlackSeaNettleJellyfishEntityForge=300, BlacktipReefSharkEntityForge=300, BottlenoseDolphinEntityForge=700, CannonballJellyfishEntityForge=300, CaribbeanReefOctopusEntityForge=300, CommonOctopusEntityForge=300, CommonStingrayEntityForge=300, CommonThresherSharkEntityForge=300, GiantMorayEelEntityForge=300, GreatHammerheadSharkEntityForge=300, GreatWhiteSharkEntityForge=300, GreenSeaTurtleEntityForge=300, HarborSealEntityForge=300, NautilusEntityForge=300, OceanicWhitetipSharkEntityForge=300, OrcaEntityForge=700, SandtigerSharkEntityForge=300, ShortfinMakoSharkEntityForge=300, TigerSharkEntityForge=300}	11	{death_AmericanLobsterEntityForge_mob_by_CommonStingrayEntityForge=2, death_AtlanticCodEntityForge_mob_by_CommonThresherSharkEntityForge=1, death_AtlanticCodEntityForge_mob_by_TigerSharkEntityForge=1, death_CaribbeanReefOctopusEntityForge_mob_by_BlacktipReefSharkEntityForge=1, death_CommonOctopusEntityForge_mob_by_GreatHammerheadSharkEntityForge=1, living_deaths=6, navigation_calls=14802, sensor_calls=25560}	59	63
11400	1460742600	{AmericanLobsterEntityForge=10, AtlanticCodEntityForge=8, AtlanticSalmonEntityForge=7, BlackSeaNettleJellyfishEntityForge=1, BlacktipReefSharkEntityForge=3, BottlenoseDolphinEntityForge=4, CannonballJellyfishEntityForge=2, CaribbeanReefOctopusEntityForge=2, CommonOctopusEntityForge=3, CommonStingrayEntityForge=3, CommonThresherSharkEntityForge=1, GiantMorayEelEntityForge=4, GreatHammerheadSharkEntityForge=1, GreatWhiteSharkEntityForge=1, GreenSeaTurtleEntityForge=3, HarborSealEntityForge=3, NautilusEntityForge=1, OceanicWhitetipSharkEntityForge=1, OrcaEntityForge=1, SandtigerSharkEntityForge=1, ShortfinMakoSharkEntityForge=1, TigerSharkEntityForge=1}	{AmericanLobsterEntityForge=300, AtlanticCodEntityForge=300, AtlanticSalmonEntityForge=300, BlackSeaNettleJellyfishEntityForge=300, BlacktipReefSharkEntityForge=300, BottlenoseDolphinEntityForge=700, CannonballJellyfishEntityForge=300, CaribbeanReefOctopusEntityForge=300, CommonOctopusEntityForge=300, CommonStingrayEntityForge=300, CommonThresherSharkEntityForge=300, GiantMorayEelEntityForge=300, GreatHammerheadSharkEntityForge=300, GreatWhiteSharkEntityForge=300, GreenSeaTurtleEntityForge=300, HarborSealEntityForge=300, NautilusEntityForge=300, OceanicWhitetipSharkEntityForge=300, OrcaEntityForge=700, SandtigerSharkEntityForge=300, ShortfinMakoSharkEntityForge=300, TigerSharkEntityForge=300}	11	{death_AmericanLobsterEntityForge_mob_by_CommonStingrayEntityForge=2, death_AtlanticCodEntityForge_mob_by_CommonThresherSharkEntityForge=1, death_AtlanticCodEntityForge_mob_by_TigerSharkEntityForge=1, death_AtlanticSalmonEntityForge_mob_by_BlacktipReefSharkEntityForge=1, death_CaribbeanReefOctopusEntityForge_mob_by_BlacktipReefSharkEntityForge=1, death_CommonOctopusEntityForge_mob_by_GreatHammerheadSharkEntityForge=1, living_deaths=7, navigation_calls=15083, sensor_calls=26037}	60	62
11600	274883528	{AmericanLobsterEntityForge=10, AtlanticCodEntityForge=8, AtlanticSalmonEntityForge=7, BlackSeaNettleJellyfishEntityForge=1, BlacktipReefSharkEntityForge=3, BottlenoseDolphinEntityForge=4, CannonballJellyfishEntityForge=2, CaribbeanReefOctopusEntityForge=2, CommonOctopusEntityForge=3, CommonStingrayEntityForge=3, CommonThresherSharkEntityForge=1, GiantMorayEelEntityForge=4, GreatHammerheadSharkEntityForge=1, GreatWhiteSharkEntityForge=1, GreenSeaTurtleEntityForge=3, HarborSealEntityForge=3, NautilusEntityForge=1, OceanicWhitetipSharkEntityForge=1, OrcaEntityForge=1, SandtigerSharkEntityForge=1, ShortfinMakoSharkEntityForge=1, TigerSharkEntityForge=1}	{AmericanLobsterEntityForge=300, AtlanticCodEntityForge=300, AtlanticSalmonEntityForge=300, BlackSeaNettleJellyfishEntityForge=300, BlacktipReefSharkEntityForge=300, BottlenoseDolphinEntityForge=700, CannonballJellyfishEntityForge=300, CaribbeanReefOctopusEntityForge=300, CommonOctopusEntityForge=300, CommonStingrayEntityForge=300, CommonThresherSharkEntityForge=300, GiantMorayEelEntityForge=300, GreatHammerheadSharkEntityForge=300, GreatWhiteSharkEntityForge=300, GreenSeaTurtleEntityForge=300, HarborSealEntityForge=300, NautilusEntityForge=300, OceanicWhitetipSharkEntityForge=300, OrcaEntityForge=700, SandtigerSharkEntityForge=300, ShortfinMakoSharkEntityForge=300, TigerSharkEntityForge=300}	11	{death_AmericanLobsterEntityForge_mob_by_CommonStingrayEntityForge=2, death_AtlanticCodEntityForge_mob_by_CommonThresherSharkEntityForge=1, death_AtlanticCodEntityForge_mob_by_TigerSharkEntityForge=1, death_AtlanticSalmonEntityForge_mob_by_BlacktipReefSharkEntityForge=2, death_AtlanticSalmonEntityForge_mob_by_OceanicWhitetipSharkEntityForge=1, death_CaribbeanReefOctopusEntityForge_mob_by_BlacktipReefSharkEntityForge=1, death_CommonOctopusEntityForge_mob_by_GreatHammerheadSharkEntityForge=1, living_deaths=9, navigation_calls=15365, sensor_calls=26474}	58	62
11800	374498248	{AmericanLobsterEntityForge=10, AtlanticCodEntityForge=8, AtlanticSalmonEntityForge=7, BlackSeaNettleJellyfishEntityForge=1, BlacktipReefSharkEntityForge=3, BottlenoseDolphinEntityForge=4, CannonballJellyfishEntityForge=2, CaribbeanReefOctopusEntityForge=2, CommonOctopusEntityForge=3, CommonStingrayEntityForge=3, CommonThresherSharkEntityForge=1, GiantMorayEelEntityForge=4, GreatHammerheadSharkEntityForge=1, GreatWhiteSharkEntityForge=1, GreenSeaTurtleEntityForge=3, HarborSealEntityForge=3, NautilusEntityForge=1, OceanicWhitetipSharkEntityForge=1, OrcaEntityForge=1, SandtigerSharkEntityForge=1, ShortfinMakoSharkEntityForge=1, TigerSharkEntityForge=1}	{AmericanLobsterEntityForge=300, AtlanticCodEntityForge=300, AtlanticSalmonEntityForge=300, BlackSeaNettleJellyfishEntityForge=300, BlacktipReefSharkEntityForge=300, BottlenoseDolphinEntityForge=700, CannonballJellyfishEntityForge=300, CaribbeanReefOctopusEntityForge=300, CommonOctopusEntityForge=300, CommonStingrayEntityForge=300, CommonThresherSharkEntityForge=300, GiantMorayEelEntityForge=300, GreatHammerheadSharkEntityForge=300, GreatWhiteSharkEntityForge=300, GreenSeaTurtleEntityForge=300, HarborSealEntityForge=300, NautilusEntityForge=300, OceanicWhitetipSharkEntityForge=300, OrcaEntityForge=700, SandtigerSharkEntityForge=300, ShortfinMakoSharkEntityForge=300, TigerSharkEntityForge=300}	11	{death_AmericanLobsterEntityForge_mob_by_CommonStingrayEntityForge=2, death_AtlanticCodEntityForge_mob_by_CommonThresherSharkEntityForge=1, death_AtlanticCodEntityForge_mob_by_TigerSharkEntityForge=1, death_AtlanticSalmonEntityForge_mob_by_BlacktipReefSharkEntityForge=2, death_AtlanticSalmonEntityForge_mob_by_OceanicWhitetipSharkEntityForge=1, death_CaribbeanReefOctopusEntityForge_mob_by_BlacktipReefSharkEntityForge=1, death_CommonOctopusEntityForge_mob_by_GreatHammerheadSharkEntityForge=1, living_deaths=9, navigation_calls=15641, sensor_calls=26949}	58	62
12000	472015816	{AmericanLobsterEntityForge=10, AtlanticCodEntityForge=8, AtlanticSalmonEntityForge=8, BlackSeaNettleJellyfishEntityForge=1, BlacktipReefSharkEntityForge=3, BottlenoseDolphinEntityForge=4, CannonballJellyfishEntityForge=2, CaribbeanReefOctopusEntityForge=2, CommonOctopusEntityForge=3, CommonStingrayEntityForge=3, CommonThresherSharkEntityForge=1, GiantMorayEelEntityForge=4, GreatHammerheadSharkEntityForge=1, GreatWhiteSharkEntityForge=1, GreenSeaTurtleEntityForge=3, HarborSealEntityForge=3, NautilusEntityForge=1, OceanicWhitetipSharkEntityForge=1, OrcaEntityForge=1, SandtigerSharkEntityForge=1, ShortfinMakoSharkEntityForge=1, TigerSharkEntityForge=1}	{AmericanLobsterEntityForge=300, AtlanticCodEntityForge=300, AtlanticSalmonEntityForge=300, BlackSeaNettleJellyfishEntityForge=300, BlacktipReefSharkEntityForge=300, BottlenoseDolphinEntityForge=700, CannonballJellyfishEntityForge=300, CaribbeanReefOctopusEntityForge=300, CommonOctopusEntityForge=300, CommonStingrayEntityForge=300, CommonThresherSharkEntityForge=300, GiantMorayEelEntityForge=300, GreatHammerheadSharkEntityForge=300, GreatWhiteSharkEntityForge=300, GreenSeaTurtleEntityForge=300, HarborSealEntityForge=300, NautilusEntityForge=300, OceanicWhitetipSharkEntityForge=300, OrcaEntityForge=700, SandtigerSharkEntityForge=300, ShortfinMakoSharkEntityForge=300, TigerSharkEntityForge=300}	11	{death_AmericanLobsterEntityForge_mob_by_CommonStingrayEntityForge=2, death_AtlanticCodEntityForge_mob_by_CommonThresherSharkEntityForge=1, death_AtlanticCodEntityForge_mob_by_TigerSharkEntityForge=1, death_AtlanticSalmonEntityForge_mob_by_BlacktipReefSharkEntityForge=2, death_AtlanticSalmonEntityForge_mob_by_OceanicWhitetipSharkEntityForge=1, death_CaribbeanReefOctopusEntityForge_mob_by_BlacktipReefSharkEntityForge=1, death_CommonOctopusEntityForge_mob_by_GreatHammerheadSharkEntityForge=1, living_deaths=9, navigation_calls=15892, sensor_calls=27387}	61	63
12200	572679112	{AmericanLobsterEntityForge=10, AtlanticCodEntityForge=8, AtlanticSalmonEntityForge=8, BlackSeaNettleJellyfishEntityForge=1, BlacktipReefSharkEntityForge=3, BottlenoseDolphinEntityForge=4, CannonballJellyfishEntityForge=2, CaribbeanReefOctopusEntityForge=2, CommonOctopusEntityForge=3, CommonStingrayEntityForge=3, CommonThresherSharkEntityForge=1, GiantMorayEelEntityForge=4, GreatHammerheadSharkEntityForge=1, GreatWhiteSharkEntityForge=1, GreenSeaTurtleEntityForge=3, HarborSealEntityForge=3, NautilusEntityForge=1, OceanicWhitetipSharkEntityForge=1, OrcaEntityForge=1, SandtigerSharkEntityForge=1, ShortfinMakoSharkEntityForge=1, TigerSharkEntityForge=1}	{AmericanLobsterEntityForge=300, AtlanticCodEntityForge=300, AtlanticSalmonEntityForge=300, BlackSeaNettleJellyfishEntityForge=300, BlacktipReefSharkEntityForge=300, BottlenoseDolphinEntityForge=700, CannonballJellyfishEntityForge=300, CaribbeanReefOctopusEntityForge=300, CommonOctopusEntityForge=300, CommonStingrayEntityForge=300, CommonThresherSharkEntityForge=300, GiantMorayEelEntityForge=300, GreatHammerheadSharkEntityForge=300, GreatWhiteSharkEntityForge=300, GreenSeaTurtleEntityForge=300, HarborSealEntityForge=300, NautilusEntityForge=300, OceanicWhitetipSharkEntityForge=300, OrcaEntityForge=700, SandtigerSharkEntityForge=300, ShortfinMakoSharkEntityForge=300, TigerSharkEntityForge=300}	11	{death_AmericanLobsterEntityForge_mob_by_CommonStingrayEntityForge=2, death_AtlanticCodEntityForge_mob_by_CommonThresherSharkEntityForge=1, death_AtlanticCodEntityForge_mob_by_TigerSharkEntityForge=1, death_AtlanticSalmonEntityForge_mob_by_BlacktipReefSharkEntityForge=2, death_AtlanticSalmonEntityForge_mob_by_OceanicWhitetipSharkEntityForge=1, death_CaribbeanReefOctopusEntityForge_mob_by_BlacktipReefSharkEntityForge=1, death_CommonOctopusEntityForge_mob_by_GreatHammerheadSharkEntityForge=1, living_deaths=9, navigation_calls=16173, sensor_calls=27862}	61	63
12400	674390984	{AmericanLobsterEntityForge=9, AtlanticCodEntityForge=8, AtlanticSalmonEntityForge=8, BlackSeaNettleJellyfishEntityForge=1, BlacktipReefSharkEntityForge=3, BottlenoseDolphinEntityForge=3, CannonballJellyfishEntityForge=2, CaribbeanReefOctopusEntityForge=2, CommonOctopusEntityForge=3, CommonStingrayEntityForge=3, CommonThresherSharkEntityForge=1, GiantMorayEelEntityForge=4, GreatHammerheadSharkEntityForge=1, GreatWhiteSharkEntityForge=1, GreenSeaTurtleEntityForge=3, HarborSealEntityForge=3, NautilusEntityForge=1, OceanicWhitetipSharkEntityForge=1, OrcaEntityForge=1, SandtigerSharkEntityForge=1, ShortfinMakoSharkEntityForge=1, TigerSharkEntityForge=1}	{AmericanLobsterEntityForge=300, AtlanticCodEntityForge=300, AtlanticSalmonEntityForge=300, BlackSeaNettleJellyfishEntityForge=300, BlacktipReefSharkEntityForge=300, BottlenoseDolphinEntityForge=700, CannonballJellyfishEntityForge=300, CaribbeanReefOctopusEntityForge=300, CommonOctopusEntityForge=300, CommonStingrayEntityForge=300, CommonThresherSharkEntityForge=300, GiantMorayEelEntityForge=300, GreatHammerheadSharkEntityForge=300, GreatWhiteSharkEntityForge=300, GreenSeaTurtleEntityForge=300, HarborSealEntityForge=300, NautilusEntityForge=300, OceanicWhitetipSharkEntityForge=300, OrcaEntityForge=700, SandtigerSharkEntityForge=300, ShortfinMakoSharkEntityForge=300, TigerSharkEntityForge=300}	11	{death_AmericanLobsterEntityForge_mob_by_CommonStingrayEntityForge=2, death_AmericanLobsterEntityForge_mob_by_SandtigerSharkEntityForge=1, death_AtlanticCodEntityForge_mob_by_CommonThresherSharkEntityForge=1, death_AtlanticCodEntityForge_mob_by_TigerSharkEntityForge=1, death_AtlanticSalmonEntityForge_mob_by_BlacktipReefSharkEntityForge=2, death_AtlanticSalmonEntityForge_mob_by_OceanicWhitetipSharkEntityForge=1, death_BottlenoseDolphinEntityForge_mob_by_GreatWhiteSharkEntityForge=1, death_CaribbeanReefOctopusEntityForge_mob_by_BlacktipReefSharkEntityForge=1, death_CommonOctopusEntityForge_mob_by_GreatHammerheadSharkEntityForge=1, living_deaths=11, navigation_calls=16463, sensor_calls=28296}	60	61
12600	769811400	{AmericanLobsterEntityForge=10, AtlanticCodEntityForge=7, AtlanticSalmonEntityForge=8, BlackSeaNettleJellyfishEntityForge=1, BlacktipReefSharkEntityForge=3, BottlenoseDolphinEntityForge=4, CannonballJellyfishEntityForge=2, CaribbeanReefOctopusEntityForge=2, CommonOctopusEntityForge=3, CommonStingrayEntityForge=3, CommonThresherSharkEntityForge=1, GiantMorayEelEntityForge=4, GreatHammerheadSharkEntityForge=1, GreatWhiteSharkEntityForge=1, GreenSeaTurtleEntityForge=3, HarborSealEntityForge=3, NautilusEntityForge=1, OceanicWhitetipSharkEntityForge=1, OrcaEntityForge=1, SandtigerSharkEntityForge=1, ShortfinMakoSharkEntityForge=1, TigerSharkEntityForge=1}	{AmericanLobsterEntityForge=300, AtlanticCodEntityForge=300, AtlanticSalmonEntityForge=300, BlackSeaNettleJellyfishEntityForge=300, BlacktipReefSharkEntityForge=300, BottlenoseDolphinEntityForge=700, CannonballJellyfishEntityForge=300, CaribbeanReefOctopusEntityForge=300, CommonOctopusEntityForge=300, CommonStingrayEntityForge=300, CommonThresherSharkEntityForge=300, GiantMorayEelEntityForge=300, GreatHammerheadSharkEntityForge=300, GreatWhiteSharkEntityForge=300, GreenSeaTurtleEntityForge=300, HarborSealEntityForge=300, NautilusEntityForge=300, OceanicWhitetipSharkEntityForge=300, OrcaEntityForge=700, SandtigerSharkEntityForge=300, ShortfinMakoSharkEntityForge=300, TigerSharkEntityForge=300}	11	{death_AmericanLobsterEntityForge_mob_by_CommonStingrayEntityForge=2, death_AmericanLobsterEntityForge_mob_by_SandtigerSharkEntityForge=1, death_AtlanticCodEntityForge_mob_by_CommonThresherSharkEntityForge=1, death_AtlanticCodEntityForge_mob_by_GreatHammerheadSharkEntityForge=1, death_AtlanticCodEntityForge_mob_by_TigerSharkEntityForge=1, death_AtlanticSalmonEntityForge_mob_by_BlacktipReefSharkEntityForge=2, death_AtlanticSalmonEntityForge_mob_by_OceanicWhitetipSharkEntityForge=1, death_BottlenoseDolphinEntityForge_mob_by_GreatWhiteSharkEntityForge=1, death_CaribbeanReefOctopusEntityForge_mob_by_BlacktipReefSharkEntityForge=1, death_CommonOctopusEntityForge_mob_by_GreatHammerheadSharkEntityForge=1, living_deaths=12, navigation_calls=16724, sensor_calls=28769}	56	62
12800	863134664	{AmericanLobsterEntityForge=10, AtlanticCodEntityForge=8, AtlanticSalmonEntityForge=8, BlackSeaNettleJellyfishEntityForge=1, BlacktipReefSharkEntityForge=3, BottlenoseDolphinEntityForge=4, CannonballJellyfishEntityForge=2, CaribbeanReefOctopusEntityForge=2, CommonOctopusEntityForge=3, CommonStingrayEntityForge=3, CommonThresherSharkEntityForge=1, GiantMorayEelEntityForge=4, GreatHammerheadSharkEntityForge=1, GreatWhiteSharkEntityForge=1, GreenSeaTurtleEntityForge=3, HarborSealEntityForge=3, NautilusEntityForge=1, OceanicWhitetipSharkEntityForge=1, OrcaEntityForge=1, SandtigerSharkEntityForge=1, ShortfinMakoSharkEntityForge=1, TigerSharkEntityForge=1}	{AmericanLobsterEntityForge=300, AtlanticCodEntityForge=300, AtlanticSalmonEntityForge=300, BlackSeaNettleJellyfishEntityForge=300, BlacktipReefSharkEntityForge=300, BottlenoseDolphinEntityForge=700, CannonballJellyfishEntityForge=300, CaribbeanReefOctopusEntityForge=300, CommonOctopusEntityForge=300, CommonStingrayEntityForge=300, CommonThresherSharkEntityForge=300, GiantMorayEelEntityForge=300, GreatHammerheadSharkEntityForge=300, GreatWhiteSharkEntityForge=300, GreenSeaTurtleEntityForge=300, HarborSealEntityForge=300, NautilusEntityForge=300, OceanicWhitetipSharkEntityForge=300, OrcaEntityForge=700, SandtigerSharkEntityForge=300, ShortfinMakoSharkEntityForge=300, TigerSharkEntityForge=300}	11	{death_AmericanLobsterEntityForge_mob_by_CommonStingrayEntityForge=2, death_AmericanLobsterEntityForge_mob_by_SandtigerSharkEntityForge=1, death_AtlanticCodEntityForge_mob_by_CommonThresherSharkEntityForge=1, death_AtlanticCodEntityForge_mob_by_GreatHammerheadSharkEntityForge=1, death_AtlanticCodEntityForge_mob_by_TigerSharkEntityForge=1, death_AtlanticSalmonEntityForge_mob_by_BlacktipReefSharkEntityForge=2, death_AtlanticSalmonEntityForge_mob_by_OceanicWhitetipSharkEntityForge=1, death_BottlenoseDolphinEntityForge_mob_by_GreatWhiteSharkEntityForge=1, death_CaribbeanReefOctopusEntityForge_mob_by_BlacktipReefSharkEntityForge=1, death_CommonOctopusEntityForge_mob_by_GreatHammerheadSharkEntityForge=1, living_deaths=12, navigation_calls=16953, sensor_calls=29208}	57	63
13000	957506504	{AmericanLobsterEntityForge=10, AtlanticCodEntityForge=8, AtlanticSalmonEntityForge=8, BlackSeaNettleJellyfishEntityForge=1, BlacktipReefSharkEntityForge=3, BottlenoseDolphinEntityForge=4, CannonballJellyfishEntityForge=2, CaribbeanReefOctopusEntityForge=2, CommonOctopusEntityForge=3, CommonStingrayEntityForge=3, CommonThresherSharkEntityForge=1, GiantMorayEelEntityForge=4, GreatHammerheadSharkEntityForge=1, GreatWhiteSharkEntityForge=1, GreenSeaTurtleEntityForge=3, HarborSealEntityForge=3, NautilusEntityForge=1, OceanicWhitetipSharkEntityForge=1, OrcaEntityForge=1, SandtigerSharkEntityForge=1, ShortfinMakoSharkEntityForge=1, TigerSharkEntityForge=1}	{AmericanLobsterEntityForge=300, AtlanticCodEntityForge=300, AtlanticSalmonEntityForge=300, BlackSeaNettleJellyfishEntityForge=300, BlacktipReefSharkEntityForge=300, BottlenoseDolphinEntityForge=700, CannonballJellyfishEntityForge=300, CaribbeanReefOctopusEntityForge=300, CommonOctopusEntityForge=300, CommonStingrayEntityForge=300, CommonThresherSharkEntityForge=300, GiantMorayEelEntityForge=300, GreatHammerheadSharkEntityForge=300, GreatWhiteSharkEntityForge=300, GreenSeaTurtleEntityForge=300, HarborSealEntityForge=300, NautilusEntityForge=300, OceanicWhitetipSharkEntityForge=300, OrcaEntityForge=700, SandtigerSharkEntityForge=300, ShortfinMakoSharkEntityForge=300, TigerSharkEntityForge=300}	11	{death_AmericanLobsterEntityForge_mob_by_CommonStingrayEntityForge=2, death_AmericanLobsterEntityForge_mob_by_SandtigerSharkEntityForge=1, death_AtlanticCodEntityForge_mob_by_CommonThresherSharkEntityForge=1, death_AtlanticCodEntityForge_mob_by_GreatHammerheadSharkEntityForge=1, death_AtlanticCodEntityForge_mob_by_TigerSharkEntityForge=1, death_AtlanticSalmonEntityForge_mob_by_BlacktipReefSharkEntityForge=2, death_AtlanticSalmonEntityForge_mob_by_OceanicWhitetipSharkEntityForge=1, death_BottlenoseDolphinEntityForge_mob_by_GreatWhiteSharkEntityForge=1, death_CaribbeanReefOctopusEntityForge_mob_by_BlacktipReefSharkEntityForge=1, death_CommonOctopusEntityForge_mob_by_GreatHammerheadSharkEntityForge=1, living_deaths=12, navigation_calls=17194, sensor_calls=29681}	60	63
13200	1055024072	{AmericanLobsterEntityForge=10, AtlanticCodEntityForge=8, AtlanticSalmonEntityForge=8, BlackSeaNettleJellyfishEntityForge=1, BlacktipReefSharkEntityForge=3, BottlenoseDolphinEntityForge=4, CannonballJellyfishEntityForge=2, CaribbeanReefOctopusEntityForge=2, CommonOctopusEntityForge=3, CommonStingrayEntityForge=3, CommonThresherSharkEntityForge=1, GiantMorayEelEntityForge=4, GreatHammerheadSharkEntityForge=1, GreatWhiteSharkEntityForge=1, GreenSeaTurtleEntityForge=3, HarborSealEntityForge=3, NautilusEntityForge=1, OceanicWhitetipSharkEntityForge=1, OrcaEntityForge=1, SandtigerSharkEntityForge=1, ShortfinMakoSharkEntityForge=1, TigerSharkEntityForge=1}	{AmericanLobsterEntityForge=300, AtlanticCodEntityForge=300, AtlanticSalmonEntityForge=300, BlackSeaNettleJellyfishEntityForge=300, BlacktipReefSharkEntityForge=300, BottlenoseDolphinEntityForge=700, CannonballJellyfishEntityForge=300, CaribbeanReefOctopusEntityForge=300, CommonOctopusEntityForge=300, CommonStingrayEntityForge=300, CommonThresherSharkEntityForge=300, GiantMorayEelEntityForge=300, GreatHammerheadSharkEntityForge=300, GreatWhiteSharkEntityForge=300, GreenSeaTurtleEntityForge=300, HarborSealEntityForge=300, NautilusEntityForge=300, OceanicWhitetipSharkEntityForge=300, OrcaEntityForge=700, SandtigerSharkEntityForge=300, ShortfinMakoSharkEntityForge=300, TigerSharkEntityForge=300}	11	{death_AmericanLobsterEntityForge_mob_by_CommonStingrayEntityForge=2, death_AmericanLobsterEntityForge_mob_by_SandtigerSharkEntityForge=1, death_AtlanticCodEntityForge_mob_by_CommonThresherSharkEntityForge=1, death_AtlanticCodEntityForge_mob_by_GreatHammerheadSharkEntityForge=1, death_AtlanticCodEntityForge_mob_by_TigerSharkEntityForge=1, death_AtlanticSalmonEntityForge_mob_by_BlacktipReefSharkEntityForge=2, death_AtlanticSalmonEntityForge_mob_by_OceanicWhitetipSharkEntityForge=1, death_BottlenoseDolphinEntityForge_mob_by_GreatWhiteSharkEntityForge=1, death_CaribbeanReefOctopusEntityForge_mob_by_BlacktipReefSharkEntityForge=1, death_CommonOctopusEntityForge_mob_by_GreatHammerheadSharkEntityForge=1, living_deaths=12, navigation_calls=17444, sensor_calls=30122}	63	63
13400	1148347336	{AmericanLobsterEntityForge=10, AtlanticCodEntityForge=8, AtlanticSalmonEntityForge=8, BlackSeaNettleJellyfishEntityForge=1, BlacktipReefSharkEntityForge=3, BottlenoseDolphinEntityForge=4, CannonballJellyfishEntityForge=2, CaribbeanReefOctopusEntityForge=2, CommonOctopusEntityForge=3, CommonStingrayEntityForge=3, CommonThresherSharkEntityForge=1, GiantMorayEelEntityForge=4, GreatHammerheadSharkEntityForge=1, GreatWhiteSharkEntityForge=1, GreenSeaTurtleEntityForge=3, HarborSealEntityForge=3, NautilusEntityForge=1, OceanicWhitetipSharkEntityForge=1, OrcaEntityForge=1, SandtigerSharkEntityForge=1, ShortfinMakoSharkEntityForge=1, TigerSharkEntityForge=1}	{AmericanLobsterEntityForge=300, AtlanticCodEntityForge=300, AtlanticSalmonEntityForge=300, BlackSeaNettleJellyfishEntityForge=300, BlacktipReefSharkEntityForge=300, BottlenoseDolphinEntityForge=700, CannonballJellyfishEntityForge=300, CaribbeanReefOctopusEntityForge=300, CommonOctopusEntityForge=300, CommonStingrayEntityForge=300, CommonThresherSharkEntityForge=300, GiantMorayEelEntityForge=300, GreatHammerheadSharkEntityForge=300, GreatWhiteSharkEntityForge=300, GreenSeaTurtleEntityForge=300, HarborSealEntityForge=300, NautilusEntityForge=300, OceanicWhitetipSharkEntityForge=300, OrcaEntityForge=700, SandtigerSharkEntityForge=300, ShortfinMakoSharkEntityForge=300, TigerSharkEntityForge=300}	11	{death_AmericanLobsterEntityForge_mob_by_CommonStingrayEntityForge=2, death_AmericanLobsterEntityForge_mob_by_SandtigerSharkEntityForge=1, death_AtlanticCodEntityForge_mob_by_CommonThresherSharkEntityForge=1, death_AtlanticCodEntityForge_mob_by_GreatHammerheadSharkEntityForge=1, death_AtlanticCodEntityForge_mob_by_TigerSharkEntityForge=1, death_AtlanticSalmonEntityForge_mob_by_BlacktipReefSharkEntityForge=2, death_AtlanticSalmonEntityForge_mob_by_OceanicWhitetipSharkEntityForge=1, death_BottlenoseDolphinEntityForge_mob_by_GreatWhiteSharkEntityForge=1, death_CaribbeanReefOctopusEntityForge_mob_by_BlacktipReefSharkEntityForge=1, death_CommonOctopusEntityForge_mob_by_GreatHammerheadSharkEntityForge=1, living_deaths=12, navigation_calls=17691, sensor_calls=30594}	61	63
13600	1242719176	{AmericanLobsterEntityForge=10, AtlanticCodEntityForge=7, AtlanticSalmonEntityForge=8, BlackSeaNettleJellyfishEntityForge=1, BlacktipReefSharkEntityForge=3, BottlenoseDolphinEntityForge=4, CannonballJellyfishEntityForge=2, CaribbeanReefOctopusEntityForge=2, CommonOctopusEntityForge=3, CommonStingrayEntityForge=3, CommonThresherSharkEntityForge=1, GiantMorayEelEntityForge=4, GreatHammerheadSharkEntityForge=1, GreatWhiteSharkEntityForge=1, GreenSeaTurtleEntityForge=3, HarborSealEntityForge=3, NautilusEntityForge=1, OceanicWhitetipSharkEntityForge=1, OrcaEntityForge=1, SandtigerSharkEntityForge=1, ShortfinMakoSharkEntityForge=1, TigerSharkEntityForge=1}	{AmericanLobsterEntityForge=300, AtlanticCodEntityForge=300, AtlanticSalmonEntityForge=300, BlackSeaNettleJellyfishEntityForge=300, BlacktipReefSharkEntityForge=300, BottlenoseDolphinEntityForge=700, CannonballJellyfishEntityForge=300, CaribbeanReefOctopusEntityForge=300, CommonOctopusEntityForge=300, CommonStingrayEntityForge=300, CommonThresherSharkEntityForge=300, GiantMorayEelEntityForge=300, GreatHammerheadSharkEntityForge=300, GreatWhiteSharkEntityForge=300, GreenSeaTurtleEntityForge=300, HarborSealEntityForge=300, NautilusEntityForge=300, OceanicWhitetipSharkEntityForge=300, OrcaEntityForge=700, SandtigerSharkEntityForge=300, ShortfinMakoSharkEntityForge=300, TigerSharkEntityForge=300}	11	{death_AmericanLobsterEntityForge_mob_by_CommonStingrayEntityForge=2, death_AmericanLobsterEntityForge_mob_by_SandtigerSharkEntityForge=1, death_AtlanticCodEntityForge_mob_by_CommonThresherSharkEntityForge=2, death_AtlanticCodEntityForge_mob_by_GreatHammerheadSharkEntityForge=1, death_AtlanticCodEntityForge_mob_by_TigerSharkEntityForge=1, death_AtlanticSalmonEntityForge_mob_by_BlacktipReefSharkEntityForge=2, death_AtlanticSalmonEntityForge_mob_by_OceanicWhitetipSharkEntityForge=1, death_BottlenoseDolphinEntityForge_mob_by_GreatWhiteSharkEntityForge=1, death_CaribbeanReefOctopusEntityForge_mob_by_BlacktipReefSharkEntityForge=1, death_CommonOctopusEntityForge_mob_by_GreatHammerheadSharkEntityForge=1, living_deaths=13, navigation_calls=17929, sensor_calls=31035}	57	62
13800	1336042440	{AmericanLobsterEntityForge=10, AtlanticCodEntityForge=8, AtlanticSalmonEntityForge=8, BlackSeaNettleJellyfishEntityForge=1, BlacktipReefSharkEntityForge=3, BottlenoseDolphinEntityForge=4, CannonballJellyfishEntityForge=2, CaribbeanReefOctopusEntityForge=2, CommonOctopusEntityForge=3, CommonStingrayEntityForge=3, CommonThresherSharkEntityForge=1, GiantMorayEelEntityForge=4, GreatHammerheadSharkEntityForge=1, GreatWhiteSharkEntityForge=1, GreenSeaTurtleEntityForge=3, HarborSealEntityForge=3, NautilusEntityForge=1, OceanicWhitetipSharkEntityForge=1, OrcaEntityForge=1, SandtigerSharkEntityForge=1, ShortfinMakoSharkEntityForge=1, TigerSharkEntityForge=1}	{AmericanLobsterEntityForge=300, AtlanticCodEntityForge=300, AtlanticSalmonEntityForge=300, BlackSeaNettleJellyfishEntityForge=300, BlacktipReefSharkEntityForge=300, BottlenoseDolphinEntityForge=700, CannonballJellyfishEntityForge=300, CaribbeanReefOctopusEntityForge=300, CommonOctopusEntityForge=300, CommonStingrayEntityForge=300, CommonThresherSharkEntityForge=300, GiantMorayEelEntityForge=300, GreatHammerheadSharkEntityForge=300, GreatWhiteSharkEntityForge=300, GreenSeaTurtleEntityForge=300, HarborSealEntityForge=300, NautilusEntityForge=300, OceanicWhitetipSharkEntityForge=300, OrcaEntityForge=687, SandtigerSharkEntityForge=300, ShortfinMakoSharkEntityForge=300, TigerSharkEntityForge=300}	11	{death_AmericanLobsterEntityForge_mob_by_CommonStingrayEntityForge=2, death_AmericanLobsterEntityForge_mob_by_SandtigerSharkEntityForge=1, death_AtlanticCodEntityForge_mob_by_CommonThresherSharkEntityForge=2, death_AtlanticCodEntityForge_mob_by_GreatHammerheadSharkEntityForge=1, death_AtlanticCodEntityForge_mob_by_TigerSharkEntityForge=1, death_AtlanticSalmonEntityForge_mob_by_BlacktipReefSharkEntityForge=2, death_AtlanticSalmonEntityForge_mob_by_OceanicWhitetipSharkEntityForge=1, death_BottlenoseDolphinEntityForge_mob_by_GreatWhiteSharkEntityForge=1, death_CaribbeanReefOctopusEntityForge_mob_by_BlacktipReefSharkEntityForge=1, death_CommonOctopusEntityForge_mob_by_GreatHammerheadSharkEntityForge=1, living_deaths=13, navigation_calls=18170, sensor_calls=31506}	59	63
14000	1429365704	{AmericanLobsterEntityForge=10, AtlanticCodEntityForge=8, AtlanticSalmonEntityForge=8, BlackSeaNettleJellyfishEntityForge=1, BlacktipReefSharkEntityForge=3, BottlenoseDolphinEntityForge=4, CannonballJellyfishEntityForge=2, CaribbeanReefOctopusEntityForge=2, CommonOctopusEntityForge=3, CommonStingrayEntityForge=3, CommonThresherSharkEntityForge=1, GiantMorayEelEntityForge=4, GreatHammerheadSharkEntityForge=1, GreatWhiteSharkEntityForge=1, GreenSeaTurtleEntityForge=3, HarborSealEntityForge=3, NautilusEntityForge=1, OceanicWhitetipSharkEntityForge=1, OrcaEntityForge=1, SandtigerSharkEntityForge=1, ShortfinMakoSharkEntityForge=1, TigerSharkEntityForge=1}	{AmericanLobsterEntityForge=300, AtlanticCodEntityForge=300, AtlanticSalmonEntityForge=300, BlackSeaNettleJellyfishEntityForge=300, BlacktipReefSharkEntityForge=300, BottlenoseDolphinEntityForge=700, CannonballJellyfishEntityForge=300, CaribbeanReefOctopusEntityForge=300, CommonOctopusEntityForge=300, CommonStingrayEntityForge=300, CommonThresherSharkEntityForge=300, GiantMorayEelEntityForge=300, GreatHammerheadSharkEntityForge=300, GreatWhiteSharkEntityForge=300, GreenSeaTurtleEntityForge=300, HarborSealEntityForge=300, NautilusEntityForge=300, OceanicWhitetipSharkEntityForge=300, OrcaEntityForge=700, SandtigerSharkEntityForge=300, ShortfinMakoSharkEntityForge=300, TigerSharkEntityForge=300}	11	{death_AmericanLobsterEntityForge_mob_by_CommonStingrayEntityForge=2, death_AmericanLobsterEntityForge_mob_by_SandtigerSharkEntityForge=1, death_AtlanticCodEntityForge_mob_by_CommonThresherSharkEntityForge=2, death_AtlanticCodEntityForge_mob_by_GreatHammerheadSharkEntityForge=1, death_AtlanticCodEntityForge_mob_by_TigerSharkEntityForge=1, death_AtlanticSalmonEntityForge_mob_by_BlacktipReefSharkEntityForge=2, death_AtlanticSalmonEntityForge_mob_by_OceanicWhitetipSharkEntityForge=1, death_BottlenoseDolphinEntityForge_mob_by_GreatWhiteSharkEntityForge=1, death_CaribbeanReefOctopusEntityForge_mob_by_BlacktipReefSharkEntityForge=1, death_CommonOctopusEntityForge_mob_by_GreatHammerheadSharkEntityForge=1, living_deaths=13, navigation_calls=18423, sensor_calls=31947}	58	63
14200	1519543240	{AmericanLobsterEntityForge=10, AtlanticCodEntityForge=8, AtlanticSalmonEntityForge=8, BlackSeaNettleJellyfishEntityForge=1, BlacktipReefSharkEntityForge=3, BottlenoseDolphinEntityForge=3, CannonballJellyfishEntityForge=2, CaribbeanReefOctopusEntityForge=2, CommonOctopusEntityForge=3, CommonStingrayEntityForge=3, CommonThresherSharkEntityForge=1, GiantMorayEelEntityForge=4, GreatHammerheadSharkEntityForge=1, GreatWhiteSharkEntityForge=1, GreenSeaTurtleEntityForge=3, HarborSealEntityForge=3, NautilusEntityForge=1, OceanicWhitetipSharkEntityForge=1, OrcaEntityForge=1, SandtigerSharkEntityForge=1, ShortfinMakoSharkEntityForge=1, TigerSharkEntityForge=1}	{AmericanLobsterEntityForge=300, AtlanticCodEntityForge=300, AtlanticSalmonEntityForge=300, BlackSeaNettleJellyfishEntityForge=300, BlacktipReefSharkEntityForge=300, BottlenoseDolphinEntityForge=700, CannonballJellyfishEntityForge=300, CaribbeanReefOctopusEntityForge=300, CommonOctopusEntityForge=300, CommonStingrayEntityForge=300, CommonThresherSharkEntityForge=300, GiantMorayEelEntityForge=300, GreatHammerheadSharkEntityForge=300, GreatWhiteSharkEntityForge=300, GreenSeaTurtleEntityForge=300, HarborSealEntityForge=300, NautilusEntityForge=300, OceanicWhitetipSharkEntityForge=300, OrcaEntityForge=700, SandtigerSharkEntityForge=300, ShortfinMakoSharkEntityForge=300, TigerSharkEntityForge=300}	11	{death_AmericanLobsterEntityForge_mob_by_CommonStingrayEntityForge=2, death_AmericanLobsterEntityForge_mob_by_SandtigerSharkEntityForge=1, death_AtlanticCodEntityForge_mob_by_CommonThresherSharkEntityForge=2, death_AtlanticCodEntityForge_mob_by_GreatHammerheadSharkEntityForge=1, death_AtlanticCodEntityForge_mob_by_TigerSharkEntityForge=1, death_AtlanticSalmonEntityForge_mob_by_BlacktipReefSharkEntityForge=2, death_AtlanticSalmonEntityForge_mob_by_OceanicWhitetipSharkEntityForge=1, death_BottlenoseDolphinEntityForge_mob_by_GreatWhiteSharkEntityForge=1, death_BottlenoseDolphinEntityForge_mob_by_ShortfinMakoSharkEntityForge=1, death_CaribbeanReefOctopusEntityForge_mob_by_BlacktipReefSharkEntityForge=1, death_CommonOctopusEntityForge_mob_by_GreatHammerheadSharkEntityForge=1, living_deaths=14, navigation_calls=18672, sensor_calls=32412}	59	62
14400	332936144	{AmericanLobsterEntityForge=9, AtlanticCodEntityForge=8, AtlanticSalmonEntityForge=8, BlackSeaNettleJellyfishEntityForge=1, BlacktipReefSharkEntityForge=3, BottlenoseDolphinEntityForge=4, CannonballJellyfishEntityForge=2, CaribbeanReefOctopusEntityForge=2, CommonOctopusEntityForge=3, CommonStingrayEntityForge=3, CommonThresherSharkEntityForge=1, GiantMorayEelEntityForge=4, GreatHammerheadSharkEntityForge=1, GreatWhiteSharkEntityForge=1, GreenSeaTurtleEntityForge=3, HarborSealEntityForge=3, NautilusEntityForge=1, OceanicWhitetipSharkEntityForge=1, OrcaEntityForge=1, SandtigerSharkEntityForge=1, ShortfinMakoSharkEntityForge=1, TigerSharkEntityForge=1}	{AmericanLobsterEntityForge=300, AtlanticCodEntityForge=300, AtlanticSalmonEntityForge=300, BlackSeaNettleJellyfishEntityForge=300, BlacktipReefSharkEntityForge=300, BottlenoseDolphinEntityForge=700, CannonballJellyfishEntityForge=300, CaribbeanReefOctopusEntityForge=300, CommonOctopusEntityForge=300, CommonStingrayEntityForge=300, CommonThresherSharkEntityForge=300, GiantMorayEelEntityForge=300, GreatHammerheadSharkEntityForge=300, GreatWhiteSharkEntityForge=300, GreenSeaTurtleEntityForge=300, HarborSealEntityForge=300, NautilusEntityForge=300, OceanicWhitetipSharkEntityForge=300, OrcaEntityForge=700, SandtigerSharkEntityForge=300, ShortfinMakoSharkEntityForge=300, TigerSharkEntityForge=300}	11	{death_AmericanLobsterEntityForge_mob_by_CommonStingrayEntityForge=3, death_AmericanLobsterEntityForge_mob_by_SandtigerSharkEntityForge=1, death_AtlanticCodEntityForge_mob_by_CommonThresherSharkEntityForge=2, death_AtlanticCodEntityForge_mob_by_GreatHammerheadSharkEntityForge=1, death_AtlanticCodEntityForge_mob_by_TigerSharkEntityForge=1, death_AtlanticSalmonEntityForge_mob_by_BlacktipReefSharkEntityForge=2, death_AtlanticSalmonEntityForge_mob_by_OceanicWhitetipSharkEntityForge=1, death_BottlenoseDolphinEntityForge_mob_by_GreatWhiteSharkEntityForge=1, death_BottlenoseDolphinEntityForge_mob_by_ShortfinMakoSharkEntityForge=1, death_CaribbeanReefOctopusEntityForge_mob_by_BlacktipReefSharkEntityForge=1, death_CommonOctopusEntityForge_mob_by_GreatHammerheadSharkEntityForge=1, living_deaths=15, navigation_calls=18888, sensor_calls=32850}	58	62
14600	426259408	{AmericanLobsterEntityForge=10, AtlanticCodEntityForge=8, AtlanticSalmonEntityForge=8, BlackSeaNettleJellyfishEntityForge=1, BlacktipReefSharkEntityForge=3, BottlenoseDolphinEntityForge=4, CannonballJellyfishEntityForge=2, CaribbeanReefOctopusEntityForge=2, CommonOctopusEntityForge=3, CommonStingrayEntityForge=3, CommonThresherSharkEntityForge=1, GiantMorayEelEntityForge=4, GreatHammerheadSharkEntityForge=1, GreatWhiteSharkEntityForge=1, GreenSeaTurtleEntityForge=3, HarborSealEntityForge=3, NautilusEntityForge=1, OceanicWhitetipSharkEntityForge=1, OrcaEntityForge=1, SandtigerSharkEntityForge=1, ShortfinMakoSharkEntityForge=1, TigerSharkEntityForge=1}	{AmericanLobsterEntityForge=300, AtlanticCodEntityForge=300, AtlanticSalmonEntityForge=300, BlackSeaNettleJellyfishEntityForge=300, BlacktipReefSharkEntityForge=300, BottlenoseDolphinEntityForge=700, CannonballJellyfishEntityForge=300, CaribbeanReefOctopusEntityForge=300, CommonOctopusEntityForge=300, CommonStingrayEntityForge=300, CommonThresherSharkEntityForge=300, GiantMorayEelEntityForge=300, GreatHammerheadSharkEntityForge=300, GreatWhiteSharkEntityForge=300, GreenSeaTurtleEntityForge=300, HarborSealEntityForge=300, NautilusEntityForge=300, OceanicWhitetipSharkEntityForge=300, OrcaEntityForge=700, SandtigerSharkEntityForge=300, ShortfinMakoSharkEntityForge=300, TigerSharkEntityForge=300}	11	{death_AmericanLobsterEntityForge_mob_by_CommonStingrayEntityForge=3, death_AmericanLobsterEntityForge_mob_by_SandtigerSharkEntityForge=1, death_AtlanticCodEntityForge_mob_by_CommonThresherSharkEntityForge=2, death_AtlanticCodEntityForge_mob_by_GreatHammerheadSharkEntityForge=1, death_AtlanticCodEntityForge_mob_by_TigerSharkEntityForge=1, death_AtlanticSalmonEntityForge_mob_by_BlacktipReefSharkEntityForge=2, death_AtlanticSalmonEntityForge_mob_by_OceanicWhitetipSharkEntityForge=1, death_BottlenoseDolphinEntityForge_mob_by_GreatWhiteSharkEntityForge=1, death_BottlenoseDolphinEntityForge_mob_by_ShortfinMakoSharkEntityForge=1, death_CaribbeanReefOctopusEntityForge_mob_by_BlacktipReefSharkEntityForge=1, death_CommonOctopusEntityForge_mob_by_GreatHammerheadSharkEntityForge=1, living_deaths=15, navigation_calls=19104, sensor_calls=33320}	61	63
14800	516436944	{AmericanLobsterEntityForge=10, AtlanticCodEntityForge=8, AtlanticSalmonEntityForge=8, BlackSeaNettleJellyfishEntityForge=1, BlacktipReefSharkEntityForge=3, BottlenoseDolphinEntityForge=4, CannonballJellyfishEntityForge=2, CaribbeanReefOctopusEntityForge=2, CommonOctopusEntityForge=3, CommonStingrayEntityForge=3, CommonThresherSharkEntityForge=1, GiantMorayEelEntityForge=4, GreatHammerheadSharkEntityForge=1, GreatWhiteSharkEntityForge=1, GreenSeaTurtleEntityForge=3, HarborSealEntityForge=3, NautilusEntityForge=1, OceanicWhitetipSharkEntityForge=1, OrcaEntityForge=1, SandtigerSharkEntityForge=1, ShortfinMakoSharkEntityForge=1, TigerSharkEntityForge=1}	{AmericanLobsterEntityForge=300, AtlanticCodEntityForge=300, AtlanticSalmonEntityForge=300, BlackSeaNettleJellyfishEntityForge=300, BlacktipReefSharkEntityForge=300, BottlenoseDolphinEntityForge=700, CannonballJellyfishEntityForge=300, CaribbeanReefOctopusEntityForge=300, CommonOctopusEntityForge=300, CommonStingrayEntityForge=300, CommonThresherSharkEntityForge=300, GiantMorayEelEntityForge=300, GreatHammerheadSharkEntityForge=300, GreatWhiteSharkEntityForge=300, GreenSeaTurtleEntityForge=300, HarborSealEntityForge=300, NautilusEntityForge=300, OceanicWhitetipSharkEntityForge=300, OrcaEntityForge=700, SandtigerSharkEntityForge=300, ShortfinMakoSharkEntityForge=300, TigerSharkEntityForge=300}	11	{death_AmericanLobsterEntityForge_mob_by_CommonStingrayEntityForge=3, death_AmericanLobsterEntityForge_mob_by_SandtigerSharkEntityForge=1, death_AtlanticCodEntityForge_mob_by_CommonThresherSharkEntityForge=2, death_AtlanticCodEntityForge_mob_by_GreatHammerheadSharkEntityForge=1, death_AtlanticCodEntityForge_mob_by_TigerSharkEntityForge=1, death_AtlanticSalmonEntityForge_mob_by_BlacktipReefSharkEntityForge=2, death_AtlanticSalmonEntityForge_mob_by_OceanicWhitetipSharkEntityForge=1, death_BottlenoseDolphinEntityForge_mob_by_GreatWhiteSharkEntityForge=1, death_BottlenoseDolphinEntityForge_mob_by_ShortfinMakoSharkEntityForge=1, death_CaribbeanReefOctopusEntityForge_mob_by_BlacktipReefSharkEntityForge=1, death_CommonOctopusEntityForge_mob_by_GreatHammerheadSharkEntityForge=1, living_deaths=15, navigation_calls=19317, sensor_calls=33762}	61	63
15000	609760208	{AmericanLobsterEntityForge=10, AtlanticCodEntityForge=8, AtlanticSalmonEntityForge=8, BlackSeaNettleJellyfishEntityForge=1, BlacktipReefSharkEntityForge=3, BottlenoseDolphinEntityForge=4, CannonballJellyfishEntityForge=2, CaribbeanReefOctopusEntityForge=2, CommonOctopusEntityForge=3, CommonStingrayEntityForge=3, CommonThresherSharkEntityForge=1, GiantMorayEelEntityForge=3, GreatHammerheadSharkEntityForge=1, GreatWhiteSharkEntityForge=1, GreenSeaTurtleEntityForge=3, HarborSealEntityForge=3, NautilusEntityForge=1, OceanicWhitetipSharkEntityForge=1, OrcaEntityForge=1, SandtigerSharkEntityForge=1, ShortfinMakoSharkEntityForge=1, TigerSharkEntityForge=1}	{AmericanLobsterEntityForge=300, AtlanticCodEntityForge=300, AtlanticSalmonEntityForge=300, BlackSeaNettleJellyfishEntityForge=300, BlacktipReefSharkEntityForge=300, BottlenoseDolphinEntityForge=700, CannonballJellyfishEntityForge=300, CaribbeanReefOctopusEntityForge=300, CommonOctopusEntityForge=300, CommonStingrayEntityForge=300, CommonThresherSharkEntityForge=300, GiantMorayEelEntityForge=300, GreatHammerheadSharkEntityForge=300, GreatWhiteSharkEntityForge=300, GreenSeaTurtleEntityForge=300, HarborSealEntityForge=300, NautilusEntityForge=300, OceanicWhitetipSharkEntityForge=300, OrcaEntityForge=700, SandtigerSharkEntityForge=300, ShortfinMakoSharkEntityForge=300, TigerSharkEntityForge=300}	11	{death_AmericanLobsterEntityForge_mob_by_CommonStingrayEntityForge=3, death_AmericanLobsterEntityForge_mob_by_SandtigerSharkEntityForge=1, death_AtlanticCodEntityForge_mob_by_CommonThresherSharkEntityForge=2, death_AtlanticCodEntityForge_mob_by_GreatHammerheadSharkEntityForge=1, death_AtlanticCodEntityForge_mob_by_TigerSharkEntityForge=1, death_AtlanticSalmonEntityForge_mob_by_BlacktipReefSharkEntityForge=2, death_AtlanticSalmonEntityForge_mob_by_OceanicWhitetipSharkEntityForge=1, death_BottlenoseDolphinEntityForge_mob_by_GreatWhiteSharkEntityForge=1, death_BottlenoseDolphinEntityForge_mob_by_ShortfinMakoSharkEntityForge=1, death_CaribbeanReefOctopusEntityForge_mob_by_BlacktipReefSharkEntityForge=1, death_CommonOctopusEntityForge_mob_by_GreatHammerheadSharkEntityForge=1, death_GiantMorayEelEntityForge_mob_by_CommonStingrayEntityForge=1, living_deaths=16, navigation_calls=19528, sensor_calls=34227}	58	62
15200	700986320	{AmericanLobsterEntityForge=10, AtlanticCodEntityForge=8, AtlanticSalmonEntityForge=8, BlackSeaNettleJellyfishEntityForge=1, BlacktipReefSharkEntityForge=3, BottlenoseDolphinEntityForge=4, CannonballJellyfishEntityForge=2, CaribbeanReefOctopusEntityForge=2, CommonOctopusEntityForge=3, CommonStingrayEntityForge=3, CommonThresherSharkEntityForge=1, GiantMorayEelEntityForge=4, GreatHammerheadSharkEntityForge=1, GreatWhiteSharkEntityForge=1, GreenSeaTurtleEntityForge=3, HarborSealEntityForge=3, NautilusEntityForge=1, OceanicWhitetipSharkEntityForge=1, OrcaEntityForge=1, SandtigerSharkEntityForge=1, ShortfinMakoSharkEntityForge=1, TigerSharkEntityForge=1}	{AmericanLobsterEntityForge=300, AtlanticCodEntityForge=300, AtlanticSalmonEntityForge=300, BlackSeaNettleJellyfishEntityForge=300, BlacktipReefSharkEntityForge=300, BottlenoseDolphinEntityForge=700, CannonballJellyfishEntityForge=300, CaribbeanReefOctopusEntityForge=300, CommonOctopusEntityForge=300, CommonStingrayEntityForge=300, CommonThresherSharkEntityForge=300, GiantMorayEelEntityForge=300, GreatHammerheadSharkEntityForge=300, GreatWhiteSharkEntityForge=300, GreenSeaTurtleEntityForge=300, HarborSealEntityForge=300, NautilusEntityForge=300, OceanicWhitetipSharkEntityForge=300, OrcaEntityForge=700, SandtigerSharkEntityForge=300, ShortfinMakoSharkEntityForge=300, TigerSharkEntityForge=300}	11	{death_AmericanLobsterEntityForge_mob_by_CommonStingrayEntityForge=3, death_AmericanLobsterEntityForge_mob_by_SandtigerSharkEntityForge=1, death_AtlanticCodEntityForge_mob_by_CommonThresherSharkEntityForge=2, death_AtlanticCodEntityForge_mob_by_GreatHammerheadSharkEntityForge=1, death_AtlanticCodEntityForge_mob_by_TigerSharkEntityForge=1, death_AtlanticSalmonEntityForge_mob_by_BlacktipReefSharkEntityForge=2, death_AtlanticSalmonEntityForge_mob_by_OceanicWhitetipSharkEntityForge=1, death_BottlenoseDolphinEntityForge_mob_by_GreatWhiteSharkEntityForge=1, death_BottlenoseDolphinEntityForge_mob_by_ShortfinMakoSharkEntityForge=1, death_CaribbeanReefOctopusEntityForge_mob_by_BlacktipReefSharkEntityForge=1, death_CommonOctopusEntityForge_mob_by_GreatHammerheadSharkEntityForge=1, death_GiantMorayEelEntityForge_mob_by_CommonStingrayEntityForge=1, living_deaths=16, navigation_calls=19778, sensor_calls=34670}	59	63
15400	791163856	{AmericanLobsterEntityForge=10, AtlanticCodEntityForge=8, AtlanticSalmonEntityForge=8, BlackSeaNettleJellyfishEntityForge=1, BlacktipReefSharkEntityForge=3, BottlenoseDolphinEntityForge=4, CannonballJellyfishEntityForge=2, CaribbeanReefOctopusEntityForge=2, CommonOctopusEntityForge=3, CommonStingrayEntityForge=3, CommonThresherSharkEntityForge=1, GiantMorayEelEntityForge=4, GreatHammerheadSharkEntityForge=1, GreatWhiteSharkEntityForge=1, GreenSeaTurtleEntityForge=3, HarborSealEntityForge=3, NautilusEntityForge=1, OceanicWhitetipSharkEntityForge=1, OrcaEntityForge=1, SandtigerSharkEntityForge=1, ShortfinMakoSharkEntityForge=1, TigerSharkEntityForge=1}	{AmericanLobsterEntityForge=300, AtlanticCodEntityForge=300, AtlanticSalmonEntityForge=300, BlackSeaNettleJellyfishEntityForge=300, BlacktipReefSharkEntityForge=300, BottlenoseDolphinEntityForge=700, CannonballJellyfishEntityForge=300, CaribbeanReefOctopusEntityForge=300, CommonOctopusEntityForge=300, CommonStingrayEntityForge=300, CommonThresherSharkEntityForge=300, GiantMorayEelEntityForge=300, GreatHammerheadSharkEntityForge=300, GreatWhiteSharkEntityForge=300, GreenSeaTurtleEntityForge=300, HarborSealEntityForge=300, NautilusEntityForge=300, OceanicWhitetipSharkEntityForge=300, OrcaEntityForge=700, SandtigerSharkEntityForge=300, ShortfinMakoSharkEntityForge=300, TigerSharkEntityForge=300}	11	{death_AmericanLobsterEntityForge_mob_by_CommonStingrayEntityForge=3, death_AmericanLobsterEntityForge_mob_by_SandtigerSharkEntityForge=1, death_AtlanticCodEntityForge_mob_by_CommonThresherSharkEntityForge=2, death_AtlanticCodEntityForge_mob_by_GreatHammerheadSharkEntityForge=1, death_AtlanticCodEntityForge_mob_by_TigerSharkEntityForge=1, death_AtlanticSalmonEntityForge_mob_by_BlacktipReefSharkEntityForge=2, death_AtlanticSalmonEntityForge_mob_by_OceanicWhitetipSharkEntityForge=1, death_BottlenoseDolphinEntityForge_mob_by_GreatWhiteSharkEntityForge=1, death_BottlenoseDolphinEntityForge_mob_by_ShortfinMakoSharkEntityForge=1, death_CaribbeanReefOctopusEntityForge_mob_by_BlacktipReefSharkEntityForge=1, death_CommonOctopusEntityForge_mob_by_GreatHammerheadSharkEntityForge=1, death_GiantMorayEelEntityForge_mob_by_CommonStingrayEntityForge=1, living_deaths=16, navigation_calls=20025, sensor_calls=35139}	59	63
15600	885535696	{AmericanLobsterEntityForge=10, AtlanticCodEntityForge=8, AtlanticSalmonEntityForge=8, BlackSeaNettleJellyfishEntityForge=1, BlacktipReefSharkEntityForge=3, BottlenoseDolphinEntityForge=4, CannonballJellyfishEntityForge=2, CaribbeanReefOctopusEntityForge=2, CommonOctopusEntityForge=3, CommonStingrayEntityForge=3, CommonThresherSharkEntityForge=1, GiantMorayEelEntityForge=4, GreatHammerheadSharkEntityForge=1, GreatWhiteSharkEntityForge=1, GreenSeaTurtleEntityForge=3, HarborSealEntityForge=3, NautilusEntityForge=1, OceanicWhitetipSharkEntityForge=1, OrcaEntityForge=1, SandtigerSharkEntityForge=1, ShortfinMakoSharkEntityForge=1, TigerSharkEntityForge=1}	{AmericanLobsterEntityForge=300, AtlanticCodEntityForge=300, AtlanticSalmonEntityForge=300, BlackSeaNettleJellyfishEntityForge=300, BlacktipReefSharkEntityForge=300, BottlenoseDolphinEntityForge=700, CannonballJellyfishEntityForge=300, CaribbeanReefOctopusEntityForge=300, CommonOctopusEntityForge=300, CommonStingrayEntityForge=300, CommonThresherSharkEntityForge=300, GiantMorayEelEntityForge=300, GreatHammerheadSharkEntityForge=300, GreatWhiteSharkEntityForge=300, GreenSeaTurtleEntityForge=300, HarborSealEntityForge=300, NautilusEntityForge=300, OceanicWhitetipSharkEntityForge=300, OrcaEntityForge=700, SandtigerSharkEntityForge=300, ShortfinMakoSharkEntityForge=300, TigerSharkEntityForge=300}	11	{death_AmericanLobsterEntityForge_mob_by_CommonStingrayEntityForge=3, death_AmericanLobsterEntityForge_mob_by_SandtigerSharkEntityForge=1, death_AtlanticCodEntityForge_mob_by_CommonThresherSharkEntityForge=2, death_AtlanticCodEntityForge_mob_by_GreatHammerheadSharkEntityForge=1, death_AtlanticCodEntityForge_mob_by_TigerSharkEntityForge=1, death_AtlanticSalmonEntityForge_mob_by_BlacktipReefSharkEntityForge=2, death_AtlanticSalmonEntityForge_mob_by_OceanicWhitetipSharkEntityForge=1, death_BottlenoseDolphinEntityForge_mob_by_GreatWhiteSharkEntityForge=1, death_BottlenoseDolphinEntityForge_mob_by_ShortfinMakoSharkEntityForge=1, death_CaribbeanReefOctopusEntityForge_mob_by_BlacktipReefSharkEntityForge=1, death_CommonOctopusEntityForge_mob_by_GreatHammerheadSharkEntityForge=1, death_GiantMorayEelEntityForge_mob_by_CommonStingrayEntityForge=1, living_deaths=16, navigation_calls=20277, sensor_calls=35615}	58	63
15800	977810384	{AmericanLobsterEntityForge=10, AtlanticCodEntityForge=8, AtlanticSalmonEntityForge=8, BlackSeaNettleJellyfishEntityForge=1, BlacktipReefSharkEntityForge=3, BottlenoseDolphinEntityForge=4, CannonballJellyfishEntityForge=2, CaribbeanReefOctopusEntityForge=2, CommonOctopusEntityForge=3, CommonStingrayEntityForge=3, CommonThresherSharkEntityForge=1, GiantMorayEelEntityForge=4, GreatHammerheadSharkEntityForge=1, GreatWhiteSharkEntityForge=1, GreenSeaTurtleEntityForge=3, HarborSealEntityForge=3, NautilusEntityForge=1, OceanicWhitetipSharkEntityForge=1, OrcaEntityForge=1, SandtigerSharkEntityForge=1, ShortfinMakoSharkEntityForge=1, TigerSharkEntityForge=1}	{AmericanLobsterEntityForge=300, AtlanticCodEntityForge=300, AtlanticSalmonEntityForge=300, BlackSeaNettleJellyfishEntityForge=300, BlacktipReefSharkEntityForge=300, BottlenoseDolphinEntityForge=700, CannonballJellyfishEntityForge=300, CaribbeanReefOctopusEntityForge=300, CommonOctopusEntityForge=300, CommonStingrayEntityForge=300, CommonThresherSharkEntityForge=300, GiantMorayEelEntityForge=300, GreatHammerheadSharkEntityForge=300, GreatWhiteSharkEntityForge=300, GreenSeaTurtleEntityForge=300, HarborSealEntityForge=300, NautilusEntityForge=300, OceanicWhitetipSharkEntityForge=300, OrcaEntityForge=700, SandtigerSharkEntityForge=300, ShortfinMakoSharkEntityForge=300, TigerSharkEntityForge=300}	11	{death_AmericanLobsterEntityForge_mob_by_CommonStingrayEntityForge=3, death_AmericanLobsterEntityForge_mob_by_SandtigerSharkEntityForge=1, death_AtlanticCodEntityForge_mob_by_CommonThresherSharkEntityForge=2, death_AtlanticCodEntityForge_mob_by_GreatHammerheadSharkEntityForge=1, death_AtlanticCodEntityForge_mob_by_TigerSharkEntityForge=1, death_AtlanticSalmonEntityForge_mob_by_BlacktipReefSharkEntityForge=2, death_AtlanticSalmonEntityForge_mob_by_OceanicWhitetipSharkEntityForge=1, death_BottlenoseDolphinEntityForge_mob_by_GreatWhiteSharkEntityForge=1, death_BottlenoseDolphinEntityForge_mob_by_ShortfinMakoSharkEntityForge=1, death_CaribbeanReefOctopusEntityForge_mob_by_BlacktipReefSharkEntityForge=1, death_CommonOctopusEntityForge_mob_by_GreatHammerheadSharkEntityForge=1, death_GiantMorayEelEntityForge_mob_by_CommonStingrayEntityForge=1, living_deaths=16, navigation_calls=20537, sensor_calls=36054}	59	63
16000	1070085072	{AmericanLobsterEntityForge=10, AtlanticCodEntityForge=7, AtlanticSalmonEntityForge=8, BlackSeaNettleJellyfishEntityForge=1, BlacktipReefSharkEntityForge=3, BottlenoseDolphinEntityForge=4, CannonballJellyfishEntityForge=2, CaribbeanReefOctopusEntityForge=2, CommonOctopusEntityForge=3, CommonStingrayEntityForge=3, CommonThresherSharkEntityForge=1, GiantMorayEelEntityForge=4, GreatHammerheadSharkEntityForge=1, GreatWhiteSharkEntityForge=1, GreenSeaTurtleEntityForge=3, HarborSealEntityForge=3, NautilusEntityForge=1, OceanicWhitetipSharkEntityForge=1, OrcaEntityForge=1, SandtigerSharkEntityForge=1, ShortfinMakoSharkEntityForge=1, TigerSharkEntityForge=1}	{AmericanLobsterEntityForge=300, AtlanticCodEntityForge=300, AtlanticSalmonEntityForge=300, BlackSeaNettleJellyfishEntityForge=300, BlacktipReefSharkEntityForge=300, BottlenoseDolphinEntityForge=700, CannonballJellyfishEntityForge=300, CaribbeanReefOctopusEntityForge=300, CommonOctopusEntityForge=300, CommonStingrayEntityForge=300, CommonThresherSharkEntityForge=300, GiantMorayEelEntityForge=300, GreatHammerheadSharkEntityForge=300, GreatWhiteSharkEntityForge=300, GreenSeaTurtleEntityForge=300, HarborSealEntityForge=300, NautilusEntityForge=300, OceanicWhitetipSharkEntityForge=300, OrcaEntityForge=700, SandtigerSharkEntityForge=300, ShortfinMakoSharkEntityForge=300, TigerSharkEntityForge=300}	11	{death_AmericanLobsterEntityForge_mob_by_CommonStingrayEntityForge=3, death_AmericanLobsterEntityForge_mob_by_SandtigerSharkEntityForge=1, death_AtlanticCodEntityForge_mob_by_BlacktipReefSharkEntityForge=1, death_AtlanticCodEntityForge_mob_by_CommonThresherSharkEntityForge=2, death_AtlanticCodEntityForge_mob_by_GreatHammerheadSharkEntityForge=1, death_AtlanticCodEntityForge_mob_by_TigerSharkEntityForge=1, death_AtlanticSalmonEntityForge_mob_by_BlacktipReefSharkEntityForge=2, death_AtlanticSalmonEntityForge_mob_by_OceanicWhitetipSharkEntityForge=1, death_BottlenoseDolphinEntityForge_mob_by_GreatWhiteSharkEntityForge=1, death_BottlenoseDolphinEntityForge_mob_by_ShortfinMakoSharkEntityForge=1, death_CaribbeanReefOctopusEntityForge_mob_by_BlacktipReefSharkEntityForge=1, death_CommonOctopusEntityForge_mob_by_GreatHammerheadSharkEntityForge=1, death_GiantMorayEelEntityForge_mob_by_CommonStingrayEntityForge=1, living_deaths=17, navigation_calls=20758, sensor_calls=36527}	60	62
16200	1159214032	{AmericanLobsterEntityForge=10, AtlanticCodEntityForge=8, AtlanticSalmonEntityForge=8, BlackSeaNettleJellyfishEntityForge=1, BlacktipReefSharkEntityForge=3, BottlenoseDolphinEntityForge=4, CannonballJellyfishEntityForge=2, CaribbeanReefOctopusEntityForge=2, CommonOctopusEntityForge=3, CommonStingrayEntityForge=3, CommonThresherSharkEntityForge=1, GiantMorayEelEntityForge=4, GreatHammerheadSharkEntityForge=1, GreatWhiteSharkEntityForge=1, GreenSeaTurtleEntityForge=3, HarborSealEntityForge=3, NautilusEntityForge=1, OceanicWhitetipSharkEntityForge=1, OrcaEntityForge=1, SandtigerSharkEntityForge=1, ShortfinMakoSharkEntityForge=1, TigerSharkEntityForge=1}	{AmericanLobsterEntityForge=300, AtlanticCodEntityForge=300, AtlanticSalmonEntityForge=300, BlackSeaNettleJellyfishEntityForge=300, BlacktipReefSharkEntityForge=300, BottlenoseDolphinEntityForge=700, CannonballJellyfishEntityForge=300, CaribbeanReefOctopusEntityForge=300, CommonOctopusEntityForge=300, CommonStingrayEntityForge=300, CommonThresherSharkEntityForge=300, GiantMorayEelEntityForge=300, GreatHammerheadSharkEntityForge=300, GreatWhiteSharkEntityForge=300, GreenSeaTurtleEntityForge=300, HarborSealEntityForge=300, NautilusEntityForge=300, OceanicWhitetipSharkEntityForge=300, OrcaEntityForge=700, SandtigerSharkEntityForge=300, ShortfinMakoSharkEntityForge=300, TigerSharkEntityForge=300}	11	{death_AmericanLobsterEntityForge_mob_by_CommonStingrayEntityForge=3, death_AmericanLobsterEntityForge_mob_by_SandtigerSharkEntityForge=1, death_AtlanticCodEntityForge_mob_by_BlacktipReefSharkEntityForge=1, death_AtlanticCodEntityForge_mob_by_CommonThresherSharkEntityForge=2, death_AtlanticCodEntityForge_mob_by_GreatHammerheadSharkEntityForge=1, death_AtlanticCodEntityForge_mob_by_TigerSharkEntityForge=1, death_AtlanticSalmonEntityForge_mob_by_BlacktipReefSharkEntityForge=2, death_AtlanticSalmonEntityForge_mob_by_OceanicWhitetipSharkEntityForge=1, death_BottlenoseDolphinEntityForge_mob_by_GreatWhiteSharkEntityForge=1, death_BottlenoseDolphinEntityForge_mob_by_ShortfinMakoSharkEntityForge=1, death_CaribbeanReefOctopusEntityForge_mob_by_BlacktipReefSharkEntityForge=1, death_CommonOctopusEntityForge_mob_by_GreatHammerheadSharkEntityForge=1, death_GiantMorayEelEntityForge_mob_by_CommonStingrayEntityForge=1, living_deaths=17, navigation_calls=20976, sensor_calls=36967}	61	63
16400	1251488720	{AmericanLobsterEntityForge=10, AtlanticCodEntityForge=8, AtlanticSalmonEntityForge=8, BlackSeaNettleJellyfishEntityForge=1, BlacktipReefSharkEntityForge=3, BottlenoseDolphinEntityForge=4, CannonballJellyfishEntityForge=2, CaribbeanReefOctopusEntityForge=2, CommonOctopusEntityForge=3, CommonStingrayEntityForge=3, CommonThresherSharkEntityForge=1, GiantMorayEelEntityForge=4, GreatHammerheadSharkEntityForge=1, GreatWhiteSharkEntityForge=1, GreenSeaTurtleEntityForge=3, HarborSealEntityForge=3, NautilusEntityForge=1, OceanicWhitetipSharkEntityForge=1, OrcaEntityForge=1, SandtigerSharkEntityForge=1, ShortfinMakoSharkEntityForge=1, TigerSharkEntityForge=1}	{AmericanLobsterEntityForge=300, AtlanticCodEntityForge=300, AtlanticSalmonEntityForge=300, BlackSeaNettleJellyfishEntityForge=300, BlacktipReefSharkEntityForge=300, BottlenoseDolphinEntityForge=700, CannonballJellyfishEntityForge=300, CaribbeanReefOctopusEntityForge=300, CommonOctopusEntityForge=300, CommonStingrayEntityForge=300, CommonThresherSharkEntityForge=300, GiantMorayEelEntityForge=300, GreatHammerheadSharkEntityForge=300, GreatWhiteSharkEntityForge=300, GreenSeaTurtleEntityForge=300, HarborSealEntityForge=300, NautilusEntityForge=300, OceanicWhitetipSharkEntityForge=300, OrcaEntityForge=700, SandtigerSharkEntityForge=300, ShortfinMakoSharkEntityForge=300, TigerSharkEntityForge=300}	11	{death_AmericanLobsterEntityForge_mob_by_CommonStingrayEntityForge=3, death_AmericanLobsterEntityForge_mob_by_SandtigerSharkEntityForge=1, death_AtlanticCodEntityForge_mob_by_BlacktipReefSharkEntityForge=1, death_AtlanticCodEntityForge_mob_by_CommonThresherSharkEntityForge=2, death_AtlanticCodEntityForge_mob_by_GreatHammerheadSharkEntityForge=1, death_AtlanticCodEntityForge_mob_by_TigerSharkEntityForge=1, death_AtlanticSalmonEntityForge_mob_by_BlacktipReefSharkEntityForge=2, death_AtlanticSalmonEntityForge_mob_by_OceanicWhitetipSharkEntityForge=1, death_BottlenoseDolphinEntityForge_mob_by_GreatWhiteSharkEntityForge=1, death_BottlenoseDolphinEntityForge_mob_by_ShortfinMakoSharkEntityForge=1, death_CaribbeanReefOctopusEntityForge_mob_by_BlacktipReefSharkEntityForge=1, death_CommonOctopusEntityForge_mob_by_GreatHammerheadSharkEntityForge=1, death_GiantMorayEelEntityForge_mob_by_CommonStingrayEntityForge=1, living_deaths=17, navigation_calls=21216, sensor_calls=37440}	60	63
16600	1343763408	{AmericanLobsterEntityForge=10, AtlanticCodEntityForge=8, AtlanticSalmonEntityForge=8, BlackSeaNettleJellyfishEntityForge=1, BlacktipReefSharkEntityForge=3, BottlenoseDolphinEntityForge=4, CannonballJellyfishEntityForge=2, CaribbeanReefOctopusEntityForge=2, CommonOctopusEntityForge=3, CommonStingrayEntityForge=3, CommonThresherSharkEntityForge=1, GiantMorayEelEntityForge=4, GreatHammerheadSharkEntityForge=1, GreatWhiteSharkEntityForge=1, GreenSeaTurtleEntityForge=3, HarborSealEntityForge=3, NautilusEntityForge=1, OceanicWhitetipSharkEntityForge=1, OrcaEntityForge=1, SandtigerSharkEntityForge=1, ShortfinMakoSharkEntityForge=1, TigerSharkEntityForge=1}	{AmericanLobsterEntityForge=300, AtlanticCodEntityForge=300, AtlanticSalmonEntityForge=300, BlackSeaNettleJellyfishEntityForge=300, BlacktipReefSharkEntityForge=300, BottlenoseDolphinEntityForge=700, CannonballJellyfishEntityForge=300, CaribbeanReefOctopusEntityForge=300, CommonOctopusEntityForge=300, CommonStingrayEntityForge=300, CommonThresherSharkEntityForge=300, GiantMorayEelEntityForge=300, GreatHammerheadSharkEntityForge=300, GreatWhiteSharkEntityForge=300, GreenSeaTurtleEntityForge=300, HarborSealEntityForge=300, NautilusEntityForge=300, OceanicWhitetipSharkEntityForge=300, OrcaEntityForge=700, SandtigerSharkEntityForge=300, ShortfinMakoSharkEntityForge=300, TigerSharkEntityForge=300}	11	{death_AmericanLobsterEntityForge_mob_by_CommonStingrayEntityForge=3, death_AmericanLobsterEntityForge_mob_by_SandtigerSharkEntityForge=1, death_AtlanticCodEntityForge_mob_by_BlacktipReefSharkEntityForge=1, death_AtlanticCodEntityForge_mob_by_CommonThresherSharkEntityForge=2, death_AtlanticCodEntityForge_mob_by_GreatHammerheadSharkEntityForge=1, death_AtlanticCodEntityForge_mob_by_TigerSharkEntityForge=1, death_AtlanticSalmonEntityForge_mob_by_BlacktipReefSharkEntityForge=2, death_AtlanticSalmonEntityForge_mob_by_OceanicWhitetipSharkEntityForge=1, death_BottlenoseDolphinEntityForge_mob_by_GreatWhiteSharkEntityForge=1, death_BottlenoseDolphinEntityForge_mob_by_ShortfinMakoSharkEntityForge=1, death_CaribbeanReefOctopusEntityForge_mob_by_BlacktipReefSharkEntityForge=1, death_CommonOctopusEntityForge_mob_by_GreatHammerheadSharkEntityForge=1, death_GiantMorayEelEntityForge_mob_by_CommonStingrayEntityForge=1, living_deaths=17, navigation_calls=21487, sensor_calls=37882}	57	63
16800	1436038096	{AmericanLobsterEntityForge=10, AtlanticCodEntityForge=8, AtlanticSalmonEntityForge=8, BlackSeaNettleJellyfishEntityForge=1, BlacktipReefSharkEntityForge=3, BottlenoseDolphinEntityForge=4, CannonballJellyfishEntityForge=2, CaribbeanReefOctopusEntityForge=2, CommonOctopusEntityForge=3, CommonStingrayEntityForge=3, CommonThresherSharkEntityForge=1, GiantMorayEelEntityForge=4, GreatHammerheadSharkEntityForge=1, GreatWhiteSharkEntityForge=1, GreenSeaTurtleEntityForge=3, HarborSealEntityForge=3, NautilusEntityForge=1, OceanicWhitetipSharkEntityForge=1, OrcaEntityForge=1, SandtigerSharkEntityForge=1, ShortfinMakoSharkEntityForge=1, TigerSharkEntityForge=1}	{AmericanLobsterEntityForge=300, AtlanticCodEntityForge=300, AtlanticSalmonEntityForge=300, BlackSeaNettleJellyfishEntityForge=300, BlacktipReefSharkEntityForge=300, BottlenoseDolphinEntityForge=700, CannonballJellyfishEntityForge=300, CaribbeanReefOctopusEntityForge=300, CommonOctopusEntityForge=300, CommonStingrayEntityForge=300, CommonThresherSharkEntityForge=300, GiantMorayEelEntityForge=300, GreatHammerheadSharkEntityForge=300, GreatWhiteSharkEntityForge=300, GreenSeaTurtleEntityForge=300, HarborSealEntityForge=300, NautilusEntityForge=300, OceanicWhitetipSharkEntityForge=300, OrcaEntityForge=700, SandtigerSharkEntityForge=300, ShortfinMakoSharkEntityForge=300, TigerSharkEntityForge=300}	11	{death_AmericanLobsterEntityForge_mob_by_CommonStingrayEntityForge=3, death_AmericanLobsterEntityForge_mob_by_SandtigerSharkEntityForge=1, death_AtlanticCodEntityForge_mob_by_BlacktipReefSharkEntityForge=1, death_AtlanticCodEntityForge_mob_by_CommonThresherSharkEntityForge=2, death_AtlanticCodEntityForge_mob_by_GreatHammerheadSharkEntityForge=1, death_AtlanticCodEntityForge_mob_by_TigerSharkEntityForge=1, death_AtlanticSalmonEntityForge_mob_by_BlacktipReefSharkEntityForge=2, death_AtlanticSalmonEntityForge_mob_by_OceanicWhitetipSharkEntityForge=1, death_BottlenoseDolphinEntityForge_mob_by_GreatWhiteSharkEntityForge=1, death_BottlenoseDolphinEntityForge_mob_by_ShortfinMakoSharkEntityForge=1, death_CaribbeanReefOctopusEntityForge_mob_by_BlacktipReefSharkEntityForge=1, death_CommonOctopusEntityForge_mob_by_GreatHammerheadSharkEntityForge=1, death_GiantMorayEelEntityForge_mob_by_CommonStingrayEntityForge=1, living_deaths=17, navigation_calls=21745, sensor_calls=38353}	58	63
17000	250194872	{AmericanLobsterEntityForge=10, AtlanticCodEntityForge=8, AtlanticSalmonEntityForge=8, BlackSeaNettleJellyfishEntityForge=1, BlacktipReefSharkEntityForge=3, BottlenoseDolphinEntityForge=4, CannonballJellyfishEntityForge=2, CaribbeanReefOctopusEntityForge=2, CommonOctopusEntityForge=3, CommonStingrayEntityForge=3, CommonThresherSharkEntityForge=1, GiantMorayEelEntityForge=4, GreatHammerheadSharkEntityForge=1, GreatWhiteSharkEntityForge=1, GreenSeaTurtleEntityForge=3, HarborSealEntityForge=3, NautilusEntityForge=1, OceanicWhitetipSharkEntityForge=1, OrcaEntityForge=1, SandtigerSharkEntityForge=1, ShortfinMakoSharkEntityForge=1, TigerSharkEntityForge=1}	{AmericanLobsterEntityForge=300, AtlanticCodEntityForge=300, AtlanticSalmonEntityForge=300, BlackSeaNettleJellyfishEntityForge=300, BlacktipReefSharkEntityForge=300, BottlenoseDolphinEntityForge=700, CannonballJellyfishEntityForge=300, CaribbeanReefOctopusEntityForge=300, CommonOctopusEntityForge=300, CommonStingrayEntityForge=300, CommonThresherSharkEntityForge=300, GiantMorayEelEntityForge=300, GreatHammerheadSharkEntityForge=300, GreatWhiteSharkEntityForge=300, GreenSeaTurtleEntityForge=300, HarborSealEntityForge=300, NautilusEntityForge=300, OceanicWhitetipSharkEntityForge=300, OrcaEntityForge=700, SandtigerSharkEntityForge=300, ShortfinMakoSharkEntityForge=300, TigerSharkEntityForge=300}	11	{death_AmericanLobsterEntityForge_mob_by_CommonStingrayEntityForge=3, death_AmericanLobsterEntityForge_mob_by_SandtigerSharkEntityForge=1, death_AtlanticCodEntityForge_mob_by_BlacktipReefSharkEntityForge=1, death_AtlanticCodEntityForge_mob_by_CommonThresherSharkEntityForge=2, death_AtlanticCodEntityForge_mob_by_GreatHammerheadSharkEntityForge=1, death_AtlanticCodEntityForge_mob_by_TigerSharkEntityForge=1, death_AtlanticSalmonEntityForge_mob_by_BlacktipReefSharkEntityForge=2, death_AtlanticSalmonEntityForge_mob_by_OceanicWhitetipSharkEntityForge=1, death_BottlenoseDolphinEntityForge_mob_by_GreatWhiteSharkEntityForge=1, death_BottlenoseDolphinEntityForge_mob_by_ShortfinMakoSharkEntityForge=1, death_CaribbeanReefOctopusEntityForge_mob_by_BlacktipReefSharkEntityForge=1, death_CommonOctopusEntityForge_mob_by_GreatHammerheadSharkEntityForge=1, death_GiantMorayEelEntityForge_mob_by_CommonStingrayEntityForge=1, living_deaths=17, navigation_calls=21993, sensor_calls=38794}	60	63
17200	341420984	{AmericanLobsterEntityForge=10, AtlanticCodEntityForge=8, AtlanticSalmonEntityForge=8, BlackSeaNettleJellyfishEntityForge=1, BlacktipReefSharkEntityForge=3, BottlenoseDolphinEntityForge=4, CannonballJellyfishEntityForge=2, CaribbeanReefOctopusEntityForge=2, CommonOctopusEntityForge=3, CommonStingrayEntityForge=3, CommonThresherSharkEntityForge=1, GiantMorayEelEntityForge=4, GreatHammerheadSharkEntityForge=1, GreatWhiteSharkEntityForge=1, GreenSeaTurtleEntityForge=3, HarborSealEntityForge=3, NautilusEntityForge=1, OceanicWhitetipSharkEntityForge=1, OrcaEntityForge=1, SandtigerSharkEntityForge=1, ShortfinMakoSharkEntityForge=1, TigerSharkEntityForge=1}	{AmericanLobsterEntityForge=300, AtlanticCodEntityForge=300, AtlanticSalmonEntityForge=300, BlackSeaNettleJellyfishEntityForge=300, BlacktipReefSharkEntityForge=300, BottlenoseDolphinEntityForge=700, CannonballJellyfishEntityForge=300, CaribbeanReefOctopusEntityForge=300, CommonOctopusEntityForge=300, CommonStingrayEntityForge=300, CommonThresherSharkEntityForge=300, GiantMorayEelEntityForge=300, GreatHammerheadSharkEntityForge=300, GreatWhiteSharkEntityForge=300, GreenSeaTurtleEntityForge=300, HarborSealEntityForge=300, NautilusEntityForge=300, OceanicWhitetipSharkEntityForge=300, OrcaEntityForge=700, SandtigerSharkEntityForge=300, ShortfinMakoSharkEntityForge=300, TigerSharkEntityForge=300}	11	{death_AmericanLobsterEntityForge_mob_by_CommonStingrayEntityForge=3, death_AmericanLobsterEntityForge_mob_by_SandtigerSharkEntityForge=1, death_AtlanticCodEntityForge_mob_by_BlacktipReefSharkEntityForge=1, death_AtlanticCodEntityForge_mob_by_CommonThresherSharkEntityForge=2, death_AtlanticCodEntityForge_mob_by_GreatHammerheadSharkEntityForge=1, death_AtlanticCodEntityForge_mob_by_TigerSharkEntityForge=1, death_AtlanticSalmonEntityForge_mob_by_BlacktipReefSharkEntityForge=2, death_AtlanticSalmonEntityForge_mob_by_OceanicWhitetipSharkEntityForge=1, death_BottlenoseDolphinEntityForge_mob_by_GreatWhiteSharkEntityForge=1, death_BottlenoseDolphinEntityForge_mob_by_ShortfinMakoSharkEntityForge=1, death_CaribbeanReefOctopusEntityForge_mob_by_BlacktipReefSharkEntityForge=1, death_CommonOctopusEntityForge_mob_by_GreatHammerheadSharkEntityForge=1, death_GiantMorayEelEntityForge_mob_by_CommonStingrayEntityForge=1, living_deaths=17, navigation_calls=22231, sensor_calls=39265}	61	63
17400	431598520	{AmericanLobsterEntityForge=10, AtlanticCodEntityForge=8, AtlanticSalmonEntityForge=8, BlackSeaNettleJellyfishEntityForge=1, BlacktipReefSharkEntityForge=3, BottlenoseDolphinEntityForge=4, CannonballJellyfishEntityForge=2, CaribbeanReefOctopusEntityForge=2, CommonOctopusEntityForge=3, CommonStingrayEntityForge=3, CommonThresherSharkEntityForge=1, GiantMorayEelEntityForge=4, GreatHammerheadSharkEntityForge=1, GreatWhiteSharkEntityForge=1, GreenSeaTurtleEntityForge=3, HarborSealEntityForge=3, NautilusEntityForge=1, OceanicWhitetipSharkEntityForge=1, OrcaEntityForge=1, SandtigerSharkEntityForge=1, ShortfinMakoSharkEntityForge=1, TigerSharkEntityForge=1}	{AmericanLobsterEntityForge=300, AtlanticCodEntityForge=300, AtlanticSalmonEntityForge=300, BlackSeaNettleJellyfishEntityForge=300, BlacktipReefSharkEntityForge=300, BottlenoseDolphinEntityForge=700, CannonballJellyfishEntityForge=300, CaribbeanReefOctopusEntityForge=300, CommonOctopusEntityForge=300, CommonStingrayEntityForge=300, CommonThresherSharkEntityForge=300, GiantMorayEelEntityForge=300, GreatHammerheadSharkEntityForge=300, GreatWhiteSharkEntityForge=300, GreenSeaTurtleEntityForge=300, HarborSealEntityForge=300, NautilusEntityForge=300, OceanicWhitetipSharkEntityForge=300, OrcaEntityForge=700, SandtigerSharkEntityForge=300, ShortfinMakoSharkEntityForge=300, TigerSharkEntityForge=300}	11	{death_AmericanLobsterEntityForge_mob_by_CommonStingrayEntityForge=3, death_AmericanLobsterEntityForge_mob_by_SandtigerSharkEntityForge=1, death_AtlanticCodEntityForge_mob_by_BlacktipReefSharkEntityForge=1, death_AtlanticCodEntityForge_mob_by_CommonThresherSharkEntityForge=2, death_AtlanticCodEntityForge_mob_by_GreatHammerheadSharkEntityForge=1, death_AtlanticCodEntityForge_mob_by_TigerSharkEntityForge=1, death_AtlanticSalmonEntityForge_mob_by_BlacktipReefSharkEntityForge=2, death_AtlanticSalmonEntityForge_mob_by_OceanicWhitetipSharkEntityForge=1, death_BottlenoseDolphinEntityForge_mob_by_GreatWhiteSharkEntityForge=1, death_BottlenoseDolphinEntityForge_mob_by_ShortfinMakoSharkEntityForge=1, death_CaribbeanReefOctopusEntityForge_mob_by_BlacktipReefSharkEntityForge=1, death_CommonOctopusEntityForge_mob_by_GreatHammerheadSharkEntityForge=1, death_GiantMorayEelEntityForge_mob_by_CommonStingrayEntityForge=1, living_deaths=17, navigation_calls=22471, sensor_calls=39708}	61	63
17600	521776056	{AmericanLobsterEntityForge=10, AtlanticCodEntityForge=8, AtlanticSalmonEntityForge=8, BlackSeaNettleJellyfishEntityForge=1, BlacktipReefSharkEntityForge=3, BottlenoseDolphinEntityForge=4, CannonballJellyfishEntityForge=2, CaribbeanReefOctopusEntityForge=2, CommonOctopusEntityForge=3, CommonStingrayEntityForge=3, CommonThresherSharkEntityForge=1, GiantMorayEelEntityForge=4, GreatHammerheadSharkEntityForge=1, GreatWhiteSharkEntityForge=1, GreenSeaTurtleEntityForge=3, HarborSealEntityForge=3, NautilusEntityForge=1, OceanicWhitetipSharkEntityForge=1, OrcaEntityForge=1, SandtigerSharkEntityForge=1, ShortfinMakoSharkEntityForge=1, TigerSharkEntityForge=1}	{AmericanLobsterEntityForge=300, AtlanticCodEntityForge=300, AtlanticSalmonEntityForge=300, BlackSeaNettleJellyfishEntityForge=300, BlacktipReefSharkEntityForge=300, BottlenoseDolphinEntityForge=700, CannonballJellyfishEntityForge=300, CaribbeanReefOctopusEntityForge=300, CommonOctopusEntityForge=300, CommonStingrayEntityForge=300, CommonThresherSharkEntityForge=300, GiantMorayEelEntityForge=300, GreatHammerheadSharkEntityForge=300, GreatWhiteSharkEntityForge=300, GreenSeaTurtleEntityForge=300, HarborSealEntityForge=300, NautilusEntityForge=300, OceanicWhitetipSharkEntityForge=300, OrcaEntityForge=700, SandtigerSharkEntityForge=300, ShortfinMakoSharkEntityForge=300, TigerSharkEntityForge=300}	11	{death_AmericanLobsterEntityForge_mob_by_CommonStingrayEntityForge=3, death_AmericanLobsterEntityForge_mob_by_SandtigerSharkEntityForge=1, death_AtlanticCodEntityForge_mob_by_BlacktipReefSharkEntityForge=1, death_AtlanticCodEntityForge_mob_by_CommonThresherSharkEntityForge=2, death_AtlanticCodEntityForge_mob_by_GreatHammerheadSharkEntityForge=1, death_AtlanticCodEntityForge_mob_by_TigerSharkEntityForge=1, death_AtlanticSalmonEntityForge_mob_by_BlacktipReefSharkEntityForge=2, death_AtlanticSalmonEntityForge_mob_by_OceanicWhitetipSharkEntityForge=1, death_BottlenoseDolphinEntityForge_mob_by_GreatWhiteSharkEntityForge=1, death_BottlenoseDolphinEntityForge_mob_by_ShortfinMakoSharkEntityForge=1, death_CaribbeanReefOctopusEntityForge_mob_by_BlacktipReefSharkEntityForge=1, death_CommonOctopusEntityForge_mob_by_GreatHammerheadSharkEntityForge=1, death_GiantMorayEelEntityForge_mob_by_CommonStingrayEntityForge=1, living_deaths=17, navigation_calls=22720, sensor_calls=40178}	61	63
17800	609856440	{AmericanLobsterEntityForge=10, AtlanticCodEntityForge=8, AtlanticSalmonEntityForge=8, BlackSeaNettleJellyfishEntityForge=1, BlacktipReefSharkEntityForge=3, BottlenoseDolphinEntityForge=4, CannonballJellyfishEntityForge=2, CaribbeanReefOctopusEntityForge=2, CommonOctopusEntityForge=3, CommonStingrayEntityForge=3, CommonThresherSharkEntityForge=1, GiantMorayEelEntityForge=4, GreatHammerheadSharkEntityForge=1, GreatWhiteSharkEntityForge=1, GreenSeaTurtleEntityForge=3, HarborSealEntityForge=3, NautilusEntityForge=1, OceanicWhitetipSharkEntityForge=1, OrcaEntityForge=1, SandtigerSharkEntityForge=1, ShortfinMakoSharkEntityForge=1, TigerSharkEntityForge=1}	{AmericanLobsterEntityForge=300, AtlanticCodEntityForge=300, AtlanticSalmonEntityForge=300, BlackSeaNettleJellyfishEntityForge=300, BlacktipReefSharkEntityForge=300, BottlenoseDolphinEntityForge=700, CannonballJellyfishEntityForge=300, CaribbeanReefOctopusEntityForge=300, CommonOctopusEntityForge=300, CommonStingrayEntityForge=300, CommonThresherSharkEntityForge=300, GiantMorayEelEntityForge=300, GreatHammerheadSharkEntityForge=300, GreatWhiteSharkEntityForge=300, GreenSeaTurtleEntityForge=300, HarborSealEntityForge=300, NautilusEntityForge=300, OceanicWhitetipSharkEntityForge=300, OrcaEntityForge=700, SandtigerSharkEntityForge=300, ShortfinMakoSharkEntityForge=300, TigerSharkEntityForge=300}	11	{death_AmericanLobsterEntityForge_mob_by_CommonStingrayEntityForge=3, death_AmericanLobsterEntityForge_mob_by_SandtigerSharkEntityForge=1, death_AtlanticCodEntityForge_mob_by_BlacktipReefSharkEntityForge=1, death_AtlanticCodEntityForge_mob_by_CommonThresherSharkEntityForge=2, death_AtlanticCodEntityForge_mob_by_GreatHammerheadSharkEntityForge=1, death_AtlanticCodEntityForge_mob_by_TigerSharkEntityForge=1, death_AtlanticSalmonEntityForge_mob_by_BlacktipReefSharkEntityForge=2, death_AtlanticSalmonEntityForge_mob_by_OceanicWhitetipSharkEntityForge=1, death_BottlenoseDolphinEntityForge_mob_by_GreatWhiteSharkEntityForge=1, death_BottlenoseDolphinEntityForge_mob_by_ShortfinMakoSharkEntityForge=1, death_CaribbeanReefOctopusEntityForge_mob_by_BlacktipReefSharkEntityForge=1, death_CommonOctopusEntityForge_mob_by_GreatHammerheadSharkEntityForge=1, death_GiantMorayEelEntityForge_mob_by_CommonStingrayEntityForge=1, living_deaths=17, navigation_calls=22958, sensor_calls=40621}	59	63
18000	697936824	{AmericanLobsterEntityForge=10, AtlanticCodEntityForge=8, AtlanticSalmonEntityForge=8, BlackSeaNettleJellyfishEntityForge=1, BlacktipReefSharkEntityForge=3, BottlenoseDolphinEntityForge=4, CannonballJellyfishEntityForge=2, CaribbeanReefOctopusEntityForge=2, CommonOctopusEntityForge=3, CommonStingrayEntityForge=3, CommonThresherSharkEntityForge=1, GiantMorayEelEntityForge=4, GreatHammerheadSharkEntityForge=1, GreatWhiteSharkEntityForge=1, GreenSeaTurtleEntityForge=3, HarborSealEntityForge=3, NautilusEntityForge=1, OceanicWhitetipSharkEntityForge=1, OrcaEntityForge=1, SandtigerSharkEntityForge=1, ShortfinMakoSharkEntityForge=1, TigerSharkEntityForge=1}	{AmericanLobsterEntityForge=300, AtlanticCodEntityForge=300, AtlanticSalmonEntityForge=300, BlackSeaNettleJellyfishEntityForge=300, BlacktipReefSharkEntityForge=300, BottlenoseDolphinEntityForge=700, CannonballJellyfishEntityForge=300, CaribbeanReefOctopusEntityForge=300, CommonOctopusEntityForge=300, CommonStingrayEntityForge=300, CommonThresherSharkEntityForge=300, GiantMorayEelEntityForge=300, GreatHammerheadSharkEntityForge=300, GreatWhiteSharkEntityForge=300, GreenSeaTurtleEntityForge=300, HarborSealEntityForge=300, NautilusEntityForge=300, OceanicWhitetipSharkEntityForge=300, OrcaEntityForge=700, SandtigerSharkEntityForge=300, ShortfinMakoSharkEntityForge=300, TigerSharkEntityForge=300}	11	{death_AmericanLobsterEntityForge_mob_by_CommonStingrayEntityForge=3, death_AmericanLobsterEntityForge_mob_by_SandtigerSharkEntityForge=1, death_AtlanticCodEntityForge_mob_by_BlacktipReefSharkEntityForge=1, death_AtlanticCodEntityForge_mob_by_CommonThresherSharkEntityForge=2, death_AtlanticCodEntityForge_mob_by_GreatHammerheadSharkEntityForge=1, death_AtlanticCodEntityForge_mob_by_TigerSharkEntityForge=1, death_AtlanticSalmonEntityForge_mob_by_BlacktipReefSharkEntityForge=2, death_AtlanticSalmonEntityForge_mob_by_OceanicWhitetipSharkEntityForge=1, death_BottlenoseDolphinEntityForge_mob_by_GreatWhiteSharkEntityForge=1, death_BottlenoseDolphinEntityForge_mob_by_ShortfinMakoSharkEntityForge=1, death_CaribbeanReefOctopusEntityForge_mob_by_BlacktipReefSharkEntityForge=1, death_CommonOctopusEntityForge_mob_by_GreatHammerheadSharkEntityForge=1, death_GiantMorayEelEntityForge_mob_by_CommonStingrayEntityForge=1, living_deaths=17, navigation_calls=23189, sensor_calls=41090}	60	63
18200	788114360	{AmericanLobsterEntityForge=10, AtlanticCodEntityForge=8, AtlanticSalmonEntityForge=8, BlackSeaNettleJellyfishEntityForge=1, BlacktipReefSharkEntityForge=3, BottlenoseDolphinEntityForge=4, CannonballJellyfishEntityForge=2, CaribbeanReefOctopusEntityForge=2, CommonOctopusEntityForge=3, CommonStingrayEntityForge=3, CommonThresherSharkEntityForge=1, GiantMorayEelEntityForge=4, GreatHammerheadSharkEntityForge=1, GreatWhiteSharkEntityForge=1, GreenSeaTurtleEntityForge=3, HarborSealEntityForge=3, NautilusEntityForge=1, OceanicWhitetipSharkEntityForge=1, OrcaEntityForge=1, SandtigerSharkEntityForge=1, ShortfinMakoSharkEntityForge=1, TigerSharkEntityForge=1}	{AmericanLobsterEntityForge=300, AtlanticCodEntityForge=300, AtlanticSalmonEntityForge=300, BlackSeaNettleJellyfishEntityForge=300, BlacktipReefSharkEntityForge=300, BottlenoseDolphinEntityForge=700, CannonballJellyfishEntityForge=300, CaribbeanReefOctopusEntityForge=300, CommonOctopusEntityForge=300, CommonStingrayEntityForge=300, CommonThresherSharkEntityForge=300, GiantMorayEelEntityForge=300, GreatHammerheadSharkEntityForge=300, GreatWhiteSharkEntityForge=300, GreenSeaTurtleEntityForge=300, HarborSealEntityForge=300, NautilusEntityForge=300, OceanicWhitetipSharkEntityForge=300, OrcaEntityForge=694, SandtigerSharkEntityForge=300, ShortfinMakoSharkEntityForge=300, TigerSharkEntityForge=300}	11	{death_AmericanLobsterEntityForge_mob_by_CommonStingrayEntityForge=3, death_AmericanLobsterEntityForge_mob_by_SandtigerSharkEntityForge=1, death_AtlanticCodEntityForge_mob_by_BlacktipReefSharkEntityForge=1, death_AtlanticCodEntityForge_mob_by_CommonThresherSharkEntityForge=2, death_AtlanticCodEntityForge_mob_by_GreatHammerheadSharkEntityForge=1, death_AtlanticCodEntityForge_mob_by_TigerSharkEntityForge=1, death_AtlanticSalmonEntityForge_mob_by_BlacktipReefSharkEntityForge=2, death_AtlanticSalmonEntityForge_mob_by_OceanicWhitetipSharkEntityForge=1, death_BottlenoseDolphinEntityForge_mob_by_GreatWhiteSharkEntityForge=1, death_BottlenoseDolphinEntityForge_mob_by_ShortfinMakoSharkEntityForge=1, death_CaribbeanReefOctopusEntityForge_mob_by_BlacktipReefSharkEntityForge=1, death_CommonOctopusEntityForge_mob_by_GreatHammerheadSharkEntityForge=1, death_GiantMorayEelEntityForge_mob_by_CommonStingrayEntityForge=1, living_deaths=17, navigation_calls=23466, sensor_calls=41533}	60	63
18400	879340472	{AmericanLobsterEntityForge=10, AtlanticCodEntityForge=8, AtlanticSalmonEntityForge=8, BlackSeaNettleJellyfishEntityForge=1, BlacktipReefSharkEntityForge=3, BottlenoseDolphinEntityForge=4, CannonballJellyfishEntityForge=2, CaribbeanReefOctopusEntityForge=2, CommonOctopusEntityForge=3, CommonStingrayEntityForge=3, CommonThresherSharkEntityForge=1, GiantMorayEelEntityForge=4, GreatHammerheadSharkEntityForge=1, GreatWhiteSharkEntityForge=1, GreenSeaTurtleEntityForge=3, HarborSealEntityForge=3, NautilusEntityForge=1, OceanicWhitetipSharkEntityForge=1, OrcaEntityForge=1, SandtigerSharkEntityForge=1, ShortfinMakoSharkEntityForge=1, TigerSharkEntityForge=1}	{AmericanLobsterEntityForge=300, AtlanticCodEntityForge=300, AtlanticSalmonEntityForge=300, BlackSeaNettleJellyfishEntityForge=300, BlacktipReefSharkEntityForge=300, BottlenoseDolphinEntityForge=700, CannonballJellyfishEntityForge=300, CaribbeanReefOctopusEntityForge=300, CommonOctopusEntityForge=300, CommonStingrayEntityForge=300, CommonThresherSharkEntityForge=300, GiantMorayEelEntityForge=300, GreatHammerheadSharkEntityForge=300, GreatWhiteSharkEntityForge=300, GreenSeaTurtleEntityForge=300, HarborSealEntityForge=300, NautilusEntityForge=300, OceanicWhitetipSharkEntityForge=300, OrcaEntityForge=700, SandtigerSharkEntityForge=300, ShortfinMakoSharkEntityForge=300, TigerSharkEntityForge=300}	11	{death_AmericanLobsterEntityForge_mob_by_CommonStingrayEntityForge=3, death_AmericanLobsterEntityForge_mob_by_SandtigerSharkEntityForge=1, death_AtlanticCodEntityForge_mob_by_BlacktipReefSharkEntityForge=1, death_AtlanticCodEntityForge_mob_by_CommonThresherSharkEntityForge=2, death_AtlanticCodEntityForge_mob_by_GreatHammerheadSharkEntityForge=1, death_AtlanticCodEntityForge_mob_by_TigerSharkEntityForge=1, death_AtlanticSalmonEntityForge_mob_by_BlacktipReefSharkEntityForge=2, death_AtlanticSalmonEntityForge_mob_by_OceanicWhitetipSharkEntityForge=1, death_BottlenoseDolphinEntityForge_mob_by_GreatWhiteSharkEntityForge=1, death_BottlenoseDolphinEntityForge_mob_by_ShortfinMakoSharkEntityForge=1, death_CaribbeanReefOctopusEntityForge_mob_by_BlacktipReefSharkEntityForge=1, death_CommonOctopusEntityForge_mob_by_GreatHammerheadSharkEntityForge=1, death_GiantMorayEelEntityForge_mob_by_CommonStingrayEntityForge=1, living_deaths=17, navigation_calls=23734, sensor_calls=42002}	58	63
18600	965323704	{AmericanLobsterEntityForge=10, AtlanticCodEntityForge=8, AtlanticSalmonEntityForge=8, BlackSeaNettleJellyfishEntityForge=1, BlacktipReefSharkEntityForge=3, BottlenoseDolphinEntityForge=4, CannonballJellyfishEntityForge=2, CaribbeanReefOctopusEntityForge=2, CommonOctopusEntityForge=3, CommonStingrayEntityForge=3, CommonThresherSharkEntityForge=1, GiantMorayEelEntityForge=4, GreatHammerheadSharkEntityForge=1, GreatWhiteSharkEntityForge=1, GreenSeaTurtleEntityForge=3, HarborSealEntityForge=3, NautilusEntityForge=1, OceanicWhitetipSharkEntityForge=1, OrcaEntityForge=1, SandtigerSharkEntityForge=1, ShortfinMakoSharkEntityForge=1, TigerSharkEntityForge=1}	{AmericanLobsterEntityForge=300, AtlanticCodEntityForge=300, AtlanticSalmonEntityForge=300, BlackSeaNettleJellyfishEntityForge=300, BlacktipReefSharkEntityForge=300, BottlenoseDolphinEntityForge=700, CannonballJellyfishEntityForge=300, CaribbeanReefOctopusEntityForge=300, CommonOctopusEntityForge=300, CommonStingrayEntityForge=300, CommonThresherSharkEntityForge=300, GiantMorayEelEntityForge=300, GreatHammerheadSharkEntityForge=300, GreatWhiteSharkEntityForge=300, GreenSeaTurtleEntityForge=300, HarborSealEntityForge=300, NautilusEntityForge=300, OceanicWhitetipSharkEntityForge=300, OrcaEntityForge=700, SandtigerSharkEntityForge=300, ShortfinMakoSharkEntityForge=300, TigerSharkEntityForge=300}	11	{death_AmericanLobsterEntityForge_mob_by_CommonStingrayEntityForge=3, death_AmericanLobsterEntityForge_mob_by_SandtigerSharkEntityForge=1, death_AtlanticCodEntityForge_mob_by_BlacktipReefSharkEntityForge=1, death_AtlanticCodEntityForge_mob_by_CommonThresherSharkEntityForge=2, death_AtlanticCodEntityForge_mob_by_GreatHammerheadSharkEntityForge=1, death_AtlanticCodEntityForge_mob_by_TigerSharkEntityForge=1, death_AtlanticSalmonEntityForge_mob_by_BlacktipReefSharkEntityForge=2, death_AtlanticSalmonEntityForge_mob_by_OceanicWhitetipSharkEntityForge=1, death_BottlenoseDolphinEntityForge_mob_by_GreatWhiteSharkEntityForge=1, death_BottlenoseDolphinEntityForge_mob_by_ShortfinMakoSharkEntityForge=1, death_CaribbeanReefOctopusEntityForge_mob_by_BlacktipReefSharkEntityForge=1, death_CommonOctopusEntityForge_mob_by_GreatHammerheadSharkEntityForge=1, death_GiantMorayEelEntityForge_mob_by_CommonStingrayEntityForge=1, living_deaths=17, navigation_calls=23995, sensor_calls=42445}	59	63
18800	1051306936	{AmericanLobsterEntityForge=10, AtlanticCodEntityForge=8, AtlanticSalmonEntityForge=8, BlackSeaNettleJellyfishEntityForge=1, BlacktipReefSharkEntityForge=3, BottlenoseDolphinEntityForge=4, CannonballJellyfishEntityForge=2, CaribbeanReefOctopusEntityForge=2, CommonOctopusEntityForge=3, CommonStingrayEntityForge=3, CommonThresherSharkEntityForge=1, GiantMorayEelEntityForge=4, GreatHammerheadSharkEntityForge=1, GreatWhiteSharkEntityForge=1, GreenSeaTurtleEntityForge=3, HarborSealEntityForge=3, NautilusEntityForge=1, OceanicWhitetipSharkEntityForge=1, OrcaEntityForge=1, SandtigerSharkEntityForge=1, ShortfinMakoSharkEntityForge=1, TigerSharkEntityForge=1}	{AmericanLobsterEntityForge=300, AtlanticCodEntityForge=300, AtlanticSalmonEntityForge=300, BlackSeaNettleJellyfishEntityForge=300, BlacktipReefSharkEntityForge=300, BottlenoseDolphinEntityForge=700, CannonballJellyfishEntityForge=300, CaribbeanReefOctopusEntityForge=300, CommonOctopusEntityForge=300, CommonStingrayEntityForge=300, CommonThresherSharkEntityForge=300, GiantMorayEelEntityForge=300, GreatHammerheadSharkEntityForge=300, GreatWhiteSharkEntityForge=300, GreenSeaTurtleEntityForge=300, HarborSealEntityForge=300, NautilusEntityForge=300, OceanicWhitetipSharkEntityForge=300, OrcaEntityForge=700, SandtigerSharkEntityForge=300, ShortfinMakoSharkEntityForge=300, TigerSharkEntityForge=300}	11	{death_AmericanLobsterEntityForge_mob_by_CommonStingrayEntityForge=3, death_AmericanLobsterEntityForge_mob_by_SandtigerSharkEntityForge=1, death_AtlanticCodEntityForge_mob_by_BlacktipReefSharkEntityForge=1, death_AtlanticCodEntityForge_mob_by_CommonThresherSharkEntityForge=2, death_AtlanticCodEntityForge_mob_by_GreatHammerheadSharkEntityForge=1, death_AtlanticCodEntityForge_mob_by_TigerSharkEntityForge=1, death_AtlanticSalmonEntityForge_mob_by_BlacktipReefSharkEntityForge=2, death_AtlanticSalmonEntityForge_mob_by_OceanicWhitetipSharkEntityForge=1, death_BottlenoseDolphinEntityForge_mob_by_GreatWhiteSharkEntityForge=1, death_BottlenoseDolphinEntityForge_mob_by_ShortfinMakoSharkEntityForge=1, death_CaribbeanReefOctopusEntityForge_mob_by_BlacktipReefSharkEntityForge=1, death_CommonOctopusEntityForge_mob_by_GreatHammerheadSharkEntityForge=1, death_GiantMorayEelEntityForge_mob_by_CommonStingrayEntityForge=1, living_deaths=17, navigation_calls=24256, sensor_calls=42914}	61	63
19000	1138338744	{AmericanLobsterEntityForge=10, AtlanticCodEntityForge=8, AtlanticSalmonEntityForge=8, BlackSeaNettleJellyfishEntityForge=1, BlacktipReefSharkEntityForge=3, BottlenoseDolphinEntityForge=4, CannonballJellyfishEntityForge=2, CaribbeanReefOctopusEntityForge=1, CommonOctopusEntityForge=3, CommonStingrayEntityForge=3, CommonThresherSharkEntityForge=1, GiantMorayEelEntityForge=4, GreatHammerheadSharkEntityForge=1, GreatWhiteSharkEntityForge=1, GreenSeaTurtleEntityForge=3, HarborSealEntityForge=3, NautilusEntityForge=1, OceanicWhitetipSharkEntityForge=1, OrcaEntityForge=1, SandtigerSharkEntityForge=1, ShortfinMakoSharkEntityForge=1, TigerSharkEntityForge=1}	{AmericanLobsterEntityForge=300, AtlanticCodEntityForge=300, AtlanticSalmonEntityForge=300, BlackSeaNettleJellyfishEntityForge=300, BlacktipReefSharkEntityForge=300, BottlenoseDolphinEntityForge=700, CannonballJellyfishEntityForge=300, CaribbeanReefOctopusEntityForge=300, CommonOctopusEntityForge=300, CommonStingrayEntityForge=300, CommonThresherSharkEntityForge=300, GiantMorayEelEntityForge=300, GreatHammerheadSharkEntityForge=300, GreatWhiteSharkEntityForge=300, GreenSeaTurtleEntityForge=300, HarborSealEntityForge=300, NautilusEntityForge=300, OceanicWhitetipSharkEntityForge=300, OrcaEntityForge=700, SandtigerSharkEntityForge=300, ShortfinMakoSharkEntityForge=300, TigerSharkEntityForge=300}	11	{death_AmericanLobsterEntityForge_mob_by_CommonStingrayEntityForge=3, death_AmericanLobsterEntityForge_mob_by_SandtigerSharkEntityForge=1, death_AtlanticCodEntityForge_mob_by_BlacktipReefSharkEntityForge=1, death_AtlanticCodEntityForge_mob_by_CommonThresherSharkEntityForge=2, death_AtlanticCodEntityForge_mob_by_GreatHammerheadSharkEntityForge=1, death_AtlanticCodEntityForge_mob_by_TigerSharkEntityForge=1, death_AtlanticSalmonEntityForge_mob_by_BlacktipReefSharkEntityForge=2, death_AtlanticSalmonEntityForge_mob_by_OceanicWhitetipSharkEntityForge=1, death_BottlenoseDolphinEntityForge_mob_by_GreatWhiteSharkEntityForge=1, death_BottlenoseDolphinEntityForge_mob_by_ShortfinMakoSharkEntityForge=1, death_CaribbeanReefOctopusEntityForge_mob_by_BlacktipReefSharkEntityForge=1, death_CaribbeanReefOctopusEntityForge_mob_by_CommonStingrayEntityForge=1, death_CommonOctopusEntityForge_mob_by_GreatHammerheadSharkEntityForge=1, death_GiantMorayEelEntityForge_mob_by_CommonStingrayEntityForge=1, living_deaths=18, navigation_calls=24518, sensor_calls=43356}	59	62
19200	1226419128	{AmericanLobsterEntityForge=10, AtlanticCodEntityForge=8, AtlanticSalmonEntityForge=8, BlackSeaNettleJellyfishEntityForge=1, BlacktipReefSharkEntityForge=3, BottlenoseDolphinEntityForge=4, CannonballJellyfishEntityForge=2, CaribbeanReefOctopusEntityForge=2, CommonOctopusEntityForge=3, CommonStingrayEntityForge=3, CommonThresherSharkEntityForge=1, GiantMorayEelEntityForge=4, GreatHammerheadSharkEntityForge=1, GreatWhiteSharkEntityForge=1, GreenSeaTurtleEntityForge=3, HarborSealEntityForge=3, NautilusEntityForge=1, OceanicWhitetipSharkEntityForge=1, OrcaEntityForge=1, SandtigerSharkEntityForge=1, ShortfinMakoSharkEntityForge=1, TigerSharkEntityForge=1}	{AmericanLobsterEntityForge=300, AtlanticCodEntityForge=300, AtlanticSalmonEntityForge=300, BlackSeaNettleJellyfishEntityForge=300, BlacktipReefSharkEntityForge=300, BottlenoseDolphinEntityForge=700, CannonballJellyfishEntityForge=300, CaribbeanReefOctopusEntityForge=300, CommonOctopusEntityForge=300, CommonStingrayEntityForge=300, CommonThresherSharkEntityForge=300, GiantMorayEelEntityForge=300, GreatHammerheadSharkEntityForge=300, GreatWhiteSharkEntityForge=300, GreenSeaTurtleEntityForge=300, HarborSealEntityForge=300, NautilusEntityForge=300, OceanicWhitetipSharkEntityForge=300, OrcaEntityForge=700, SandtigerSharkEntityForge=300, ShortfinMakoSharkEntityForge=300, TigerSharkEntityForge=300}	11	{death_AmericanLobsterEntityForge_mob_by_CommonStingrayEntityForge=3, death_AmericanLobsterEntityForge_mob_by_SandtigerSharkEntityForge=1, death_AtlanticCodEntityForge_mob_by_BlacktipReefSharkEntityForge=1, death_AtlanticCodEntityForge_mob_by_CommonThresherSharkEntityForge=2, death_AtlanticCodEntityForge_mob_by_GreatHammerheadSharkEntityForge=1, death_AtlanticCodEntityForge_mob_by_TigerSharkEntityForge=1, death_AtlanticSalmonEntityForge_mob_by_BlacktipReefSharkEntityForge=2, death_AtlanticSalmonEntityForge_mob_by_OceanicWhitetipSharkEntityForge=1, death_BottlenoseDolphinEntityForge_mob_by_GreatWhiteSharkEntityForge=1, death_BottlenoseDolphinEntityForge_mob_by_ShortfinMakoSharkEntityForge=1, death_CaribbeanReefOctopusEntityForge_mob_by_BlacktipReefSharkEntityForge=1, death_CaribbeanReefOctopusEntityForge_mob_by_CommonStingrayEntityForge=1, death_CommonOctopusEntityForge_mob_by_GreatHammerheadSharkEntityForge=1, death_GiantMorayEelEntityForge_mob_by_CommonStingrayEntityForge=1, living_deaths=18, navigation_calls=24768, sensor_calls=43826}	59	63
19400	1313450936	{AmericanLobsterEntityForge=10, AtlanticCodEntityForge=8, AtlanticSalmonEntityForge=8, BlackSeaNettleJellyfishEntityForge=1, BlacktipReefSharkEntityForge=3, BottlenoseDolphinEntityForge=4, CannonballJellyfishEntityForge=2, CaribbeanReefOctopusEntityForge=2, CommonOctopusEntityForge=3, CommonStingrayEntityForge=3, CommonThresherSharkEntityForge=1, GiantMorayEelEntityForge=4, GreatHammerheadSharkEntityForge=1, GreatWhiteSharkEntityForge=1, GreenSeaTurtleEntityForge=3, HarborSealEntityForge=3, NautilusEntityForge=1, OceanicWhitetipSharkEntityForge=1, OrcaEntityForge=1, SandtigerSharkEntityForge=1, ShortfinMakoSharkEntityForge=1, TigerSharkEntityForge=1}	{AmericanLobsterEntityForge=300, AtlanticCodEntityForge=300, AtlanticSalmonEntityForge=300, BlackSeaNettleJellyfishEntityForge=300, BlacktipReefSharkEntityForge=300, BottlenoseDolphinEntityForge=700, CannonballJellyfishEntityForge=300, CaribbeanReefOctopusEntityForge=300, CommonOctopusEntityForge=300, CommonStingrayEntityForge=300, CommonThresherSharkEntityForge=300, GiantMorayEelEntityForge=300, GreatHammerheadSharkEntityForge=300, GreatWhiteSharkEntityForge=300, GreenSeaTurtleEntityForge=300, HarborSealEntityForge=300, NautilusEntityForge=300, OceanicWhitetipSharkEntityForge=300, OrcaEntityForge=700, SandtigerSharkEntityForge=300, ShortfinMakoSharkEntityForge=300, TigerSharkEntityForge=300}	11	{death_AmericanLobsterEntityForge_mob_by_CommonStingrayEntityForge=3, death_AmericanLobsterEntityForge_mob_by_SandtigerSharkEntityForge=1, death_AtlanticCodEntityForge_mob_by_BlacktipReefSharkEntityForge=1, death_AtlanticCodEntityForge_mob_by_CommonThresherSharkEntityForge=2, death_AtlanticCodEntityForge_mob_by_GreatHammerheadSharkEntityForge=1, death_AtlanticCodEntityForge_mob_by_TigerSharkEntityForge=1, death_AtlanticSalmonEntityForge_mob_by_BlacktipReefSharkEntityForge=2, death_AtlanticSalmonEntityForge_mob_by_OceanicWhitetipSharkEntityForge=1, death_BottlenoseDolphinEntityForge_mob_by_GreatWhiteSharkEntityForge=1, death_BottlenoseDolphinEntityForge_mob_by_ShortfinMakoSharkEntityForge=1, death_CaribbeanReefOctopusEntityForge_mob_by_BlacktipReefSharkEntityForge=1, death_CaribbeanReefOctopusEntityForge_mob_by_CommonStingrayEntityForge=1, death_CommonOctopusEntityForge_mob_by_GreatHammerheadSharkEntityForge=1, death_GiantMorayEelEntityForge_mob_by_CommonStingrayEntityForge=1, living_deaths=18, navigation_calls=25006, sensor_calls=44269}	58	63
19600	1401531320	{AmericanLobsterEntityForge=10, AtlanticCodEntityForge=8, AtlanticSalmonEntityForge=8, BlackSeaNettleJellyfishEntityForge=1, BlacktipReefSharkEntityForge=3, BottlenoseDolphinEntityForge=4, CannonballJellyfishEntityForge=2, CaribbeanReefOctopusEntityForge=2, CommonOctopusEntityForge=3, CommonStingrayEntityForge=3, CommonThresherSharkEntityForge=1, GiantMorayEelEntityForge=4, GreatHammerheadSharkEntityForge=1, GreatWhiteSharkEntityForge=1, GreenSeaTurtleEntityForge=3, HarborSealEntityForge=3, NautilusEntityForge=1, OceanicWhitetipSharkEntityForge=1, OrcaEntityForge=1, SandtigerSharkEntityForge=1, ShortfinMakoSharkEntityForge=1, TigerSharkEntityForge=1}	{AmericanLobsterEntityForge=300, AtlanticCodEntityForge=300, AtlanticSalmonEntityForge=300, BlackSeaNettleJellyfishEntityForge=300, BlacktipReefSharkEntityForge=300, BottlenoseDolphinEntityForge=700, CannonballJellyfishEntityForge=300, CaribbeanReefOctopusEntityForge=300, CommonOctopusEntityForge=300, CommonStingrayEntityForge=300, CommonThresherSharkEntityForge=300, GiantMorayEelEntityForge=300, GreatHammerheadSharkEntityForge=300, GreatWhiteSharkEntityForge=300, GreenSeaTurtleEntityForge=300, HarborSealEntityForge=300, NautilusEntityForge=300, OceanicWhitetipSharkEntityForge=300, OrcaEntityForge=700, SandtigerSharkEntityForge=300, ShortfinMakoSharkEntityForge=300, TigerSharkEntityForge=300}	11	{death_AmericanLobsterEntityForge_mob_by_CommonStingrayEntityForge=3, death_AmericanLobsterEntityForge_mob_by_SandtigerSharkEntityForge=1, death_AtlanticCodEntityForge_mob_by_BlacktipReefSharkEntityForge=1, death_AtlanticCodEntityForge_mob_by_CommonThresherSharkEntityForge=2, death_AtlanticCodEntityForge_mob_by_GreatHammerheadSharkEntityForge=1, death_AtlanticCodEntityForge_mob_by_TigerSharkEntityForge=1, death_AtlanticSalmonEntityForge_mob_by_BlacktipReefSharkEntityForge=2, death_AtlanticSalmonEntityForge_mob_by_OceanicWhitetipSharkEntityForge=1, death_BottlenoseDolphinEntityForge_mob_by_GreatWhiteSharkEntityForge=1, death_BottlenoseDolphinEntityForge_mob_by_ShortfinMakoSharkEntityForge=1, death_CaribbeanReefOctopusEntityForge_mob_by_BlacktipReefSharkEntityForge=1, death_CaribbeanReefOctopusEntityForge_mob_by_CommonStingrayEntityForge=1, death_CommonOctopusEntityForge_mob_by_GreatHammerheadSharkEntityForge=1, death_GiantMorayEelEntityForge_mob_by_CommonStingrayEntityForge=1, living_deaths=18, navigation_calls=25297, sensor_calls=44738}	60	63
19800	1489611704	{AmericanLobsterEntityForge=10, AtlanticCodEntityForge=8, AtlanticSalmonEntityForge=8, BlackSeaNettleJellyfishEntityForge=1, BlacktipReefSharkEntityForge=3, BottlenoseDolphinEntityForge=4, CannonballJellyfishEntityForge=2, CaribbeanReefOctopusEntityForge=2, CommonOctopusEntityForge=3, CommonStingrayEntityForge=3, CommonThresherSharkEntityForge=1, GiantMorayEelEntityForge=4, GreatHammerheadSharkEntityForge=1, GreatWhiteSharkEntityForge=1, GreenSeaTurtleEntityForge=3, HarborSealEntityForge=3, NautilusEntityForge=1, OceanicWhitetipSharkEntityForge=1, OrcaEntityForge=1, SandtigerSharkEntityForge=1, ShortfinMakoSharkEntityForge=1, TigerSharkEntityForge=1}	{AmericanLobsterEntityForge=300, AtlanticCodEntityForge=300, AtlanticSalmonEntityForge=300, BlackSeaNettleJellyfishEntityForge=300, BlacktipReefSharkEntityForge=300, BottlenoseDolphinEntityForge=700, CannonballJellyfishEntityForge=300, CaribbeanReefOctopusEntityForge=300, CommonOctopusEntityForge=300, CommonStingrayEntityForge=300, CommonThresherSharkEntityForge=300, GiantMorayEelEntityForge=300, GreatHammerheadSharkEntityForge=300, GreatWhiteSharkEntityForge=300, GreenSeaTurtleEntityForge=300, HarborSealEntityForge=300, NautilusEntityForge=300, OceanicWhitetipSharkEntityForge=300, OrcaEntityForge=700, SandtigerSharkEntityForge=300, ShortfinMakoSharkEntityForge=300, TigerSharkEntityForge=300}	11	{death_AmericanLobsterEntityForge_mob_by_CommonStingrayEntityForge=3, death_AmericanLobsterEntityForge_mob_by_SandtigerSharkEntityForge=1, death_AtlanticCodEntityForge_mob_by_BlacktipReefSharkEntityForge=1, death_AtlanticCodEntityForge_mob_by_CommonThresherSharkEntityForge=2, death_AtlanticCodEntityForge_mob_by_GreatHammerheadSharkEntityForge=1, death_AtlanticCodEntityForge_mob_by_TigerSharkEntityForge=1, death_AtlanticSalmonEntityForge_mob_by_BlacktipReefSharkEntityForge=2, death_AtlanticSalmonEntityForge_mob_by_OceanicWhitetipSharkEntityForge=1, death_BottlenoseDolphinEntityForge_mob_by_GreatWhiteSharkEntityForge=1, death_BottlenoseDolphinEntityForge_mob_by_ShortfinMakoSharkEntityForge=1, death_CaribbeanReefOctopusEntityForge_mob_by_BlacktipReefSharkEntityForge=1, death_CaribbeanReefOctopusEntityForge_mob_by_CommonStingrayEntityForge=1, death_CommonOctopusEntityForge_mob_by_GreatHammerheadSharkEntityForge=1, death_GiantMorayEelEntityForge_mob_by_CommonStingrayEntityForge=1, living_deaths=18, navigation_calls=25564, sensor_calls=45215}	61	63
20000	296138760	{AmericanLobsterEntityForge=10, AtlanticCodEntityForge=8, AtlanticSalmonEntityForge=8, BlackSeaNettleJellyfishEntityForge=1, BlacktipReefSharkEntityForge=3, BottlenoseDolphinEntityForge=4, CannonballJellyfishEntityForge=2, CaribbeanReefOctopusEntityForge=2, CommonOctopusEntityForge=3, CommonStingrayEntityForge=3, CommonThresherSharkEntityForge=1, GiantMorayEelEntityForge=4, GreatHammerheadSharkEntityForge=1, GreatWhiteSharkEntityForge=1, GreenSeaTurtleEntityForge=3, HarborSealEntityForge=3, NautilusEntityForge=1, OceanicWhitetipSharkEntityForge=1, OrcaEntityForge=1, SandtigerSharkEntityForge=1, ShortfinMakoSharkEntityForge=1, TigerSharkEntityForge=1}	{AmericanLobsterEntityForge=300, AtlanticCodEntityForge=300, AtlanticSalmonEntityForge=300, BlackSeaNettleJellyfishEntityForge=300, BlacktipReefSharkEntityForge=300, BottlenoseDolphinEntityForge=700, CannonballJellyfishEntityForge=300, CaribbeanReefOctopusEntityForge=300, CommonOctopusEntityForge=300, CommonStingrayEntityForge=300, CommonThresherSharkEntityForge=300, GiantMorayEelEntityForge=300, GreatHammerheadSharkEntityForge=300, GreatWhiteSharkEntityForge=300, GreenSeaTurtleEntityForge=300, HarborSealEntityForge=300, NautilusEntityForge=300, OceanicWhitetipSharkEntityForge=300, OrcaEntityForge=700, SandtigerSharkEntityForge=300, ShortfinMakoSharkEntityForge=300, TigerSharkEntityForge=300}	11	{death_AmericanLobsterEntityForge_mob_by_CommonStingrayEntityForge=3, death_AmericanLobsterEntityForge_mob_by_SandtigerSharkEntityForge=1, death_AtlanticCodEntityForge_mob_by_BlacktipReefSharkEntityForge=1, death_AtlanticCodEntityForge_mob_by_CommonThresherSharkEntityForge=2, death_AtlanticCodEntityForge_mob_by_GreatHammerheadSharkEntityForge=1, death_AtlanticCodEntityForge_mob_by_TigerSharkEntityForge=1, death_AtlanticSalmonEntityForge_mob_by_BlacktipReefSharkEntityForge=2, death_AtlanticSalmonEntityForge_mob_by_OceanicWhitetipSharkEntityForge=1, death_BottlenoseDolphinEntityForge_mob_by_GreatWhiteSharkEntityForge=1, death_BottlenoseDolphinEntityForge_mob_by_ShortfinMakoSharkEntityForge=1, death_CaribbeanReefOctopusEntityForge_mob_by_BlacktipReefSharkEntityForge=1, death_CaribbeanReefOctopusEntityForge_mob_by_CommonStingrayEntityForge=1, death_CommonOctopusEntityForge_mob_by_GreatHammerheadSharkEntityForge=1, death_GiantMorayEelEntityForge_mob_by_CommonStingrayEntityForge=1, living_deaths=18, navigation_calls=25797, sensor_calls=45653}	59	63
20200	382121992	{AmericanLobsterEntityForge=10, AtlanticCodEntityForge=8, AtlanticSalmonEntityForge=8, BlackSeaNettleJellyfishEntityForge=1, BlacktipReefSharkEntityForge=3, BottlenoseDolphinEntityForge=4, CannonballJellyfishEntityForge=2, CaribbeanReefOctopusEntityForge=2, CommonOctopusEntityForge=3, CommonStingrayEntityForge=3, CommonThresherSharkEntityForge=1, GiantMorayEelEntityForge=4, GreatHammerheadSharkEntityForge=1, GreatWhiteSharkEntityForge=1, GreenSeaTurtleEntityForge=3, HarborSealEntityForge=3, NautilusEntityForge=1, OceanicWhitetipSharkEntityForge=1, OrcaEntityForge=1, SandtigerSharkEntityForge=1, ShortfinMakoSharkEntityForge=1, TigerSharkEntityForge=1}	{AmericanLobsterEntityForge=300, AtlanticCodEntityForge=300, AtlanticSalmonEntityForge=300, BlackSeaNettleJellyfishEntityForge=300, BlacktipReefSharkEntityForge=300, BottlenoseDolphinEntityForge=700, CannonballJellyfishEntityForge=300, CaribbeanReefOctopusEntityForge=300, CommonOctopusEntityForge=300, CommonStingrayEntityForge=300, CommonThresherSharkEntityForge=300, GiantMorayEelEntityForge=300, GreatHammerheadSharkEntityForge=300, GreatWhiteSharkEntityForge=300, GreenSeaTurtleEntityForge=300, HarborSealEntityForge=300, NautilusEntityForge=300, OceanicWhitetipSharkEntityForge=300, OrcaEntityForge=700, SandtigerSharkEntityForge=300, ShortfinMakoSharkEntityForge=300, TigerSharkEntityForge=300}	11	{death_AmericanLobsterEntityForge_mob_by_CommonStingrayEntityForge=3, death_AmericanLobsterEntityForge_mob_by_SandtigerSharkEntityForge=1, death_AtlanticCodEntityForge_mob_by_BlacktipReefSharkEntityForge=1, death_AtlanticCodEntityForge_mob_by_CommonThresherSharkEntityForge=2, death_AtlanticCodEntityForge_mob_by_GreatHammerheadSharkEntityForge=1, death_AtlanticCodEntityForge_mob_by_TigerSharkEntityForge=1, death_AtlanticSalmonEntityForge_mob_by_BlacktipReefSharkEntityForge=2, death_AtlanticSalmonEntityForge_mob_by_OceanicWhitetipSharkEntityForge=1, death_BottlenoseDolphinEntityForge_mob_by_GreatWhiteSharkEntityForge=1, death_BottlenoseDolphinEntityForge_mob_by_ShortfinMakoSharkEntityForge=1, death_CaribbeanReefOctopusEntityForge_mob_by_BlacktipReefSharkEntityForge=1, death_CaribbeanReefOctopusEntityForge_mob_by_CommonStingrayEntityForge=1, death_CommonOctopusEntityForge_mob_by_GreatHammerheadSharkEntityForge=1, death_GiantMorayEelEntityForge_mob_by_CommonStingrayEntityForge=1, living_deaths=18, navigation_calls=26059, sensor_calls=46127}	62	63
20400	468105224	{AmericanLobsterEntityForge=10, AtlanticCodEntityForge=8, AtlanticSalmonEntityForge=8, BlackSeaNettleJellyfishEntityForge=1, BlacktipReefSharkEntityForge=3, BottlenoseDolphinEntityForge=4, CannonballJellyfishEntityForge=2, CaribbeanReefOctopusEntityForge=2, CommonOctopusEntityForge=3, CommonStingrayEntityForge=3, CommonThresherSharkEntityForge=1, GiantMorayEelEntityForge=4, GreatHammerheadSharkEntityForge=1, GreatWhiteSharkEntityForge=1, GreenSeaTurtleEntityForge=3, HarborSealEntityForge=3, NautilusEntityForge=1, OceanicWhitetipSharkEntityForge=1, OrcaEntityForge=1, SandtigerSharkEntityForge=1, ShortfinMakoSharkEntityForge=1, TigerSharkEntityForge=1}	{AmericanLobsterEntityForge=300, AtlanticCodEntityForge=300, AtlanticSalmonEntityForge=300, BlackSeaNettleJellyfishEntityForge=300, BlacktipReefSharkEntityForge=300, BottlenoseDolphinEntityForge=700, CannonballJellyfishEntityForge=300, CaribbeanReefOctopusEntityForge=300, CommonOctopusEntityForge=300, CommonStingrayEntityForge=300, CommonThresherSharkEntityForge=300, GiantMorayEelEntityForge=300, GreatHammerheadSharkEntityForge=300, GreatWhiteSharkEntityForge=300, GreenSeaTurtleEntityForge=300, HarborSealEntityForge=300, NautilusEntityForge=300, OceanicWhitetipSharkEntityForge=300, OrcaEntityForge=700, SandtigerSharkEntityForge=300, ShortfinMakoSharkEntityForge=300, TigerSharkEntityForge=300}	11	{death_AmericanLobsterEntityForge_mob_by_CommonStingrayEntityForge=3, death_AmericanLobsterEntityForge_mob_by_SandtigerSharkEntityForge=1, death_AtlanticCodEntityForge_mob_by_BlacktipReefSharkEntityForge=1, death_AtlanticCodEntityForge_mob_by_CommonThresherSharkEntityForge=2, death_AtlanticCodEntityForge_mob_by_GreatHammerheadSharkEntityForge=1, death_AtlanticCodEntityForge_mob_by_TigerSharkEntityForge=1, death_AtlanticSalmonEntityForge_mob_by_BlacktipReefSharkEntityForge=2, death_AtlanticSalmonEntityForge_mob_by_OceanicWhitetipSharkEntityForge=1, death_BottlenoseDolphinEntityForge_mob_by_GreatWhiteSharkEntityForge=1, death_BottlenoseDolphinEntityForge_mob_by_ShortfinMakoSharkEntityForge=1, death_CaribbeanReefOctopusEntityForge_mob_by_BlacktipReefSharkEntityForge=1, death_CaribbeanReefOctopusEntityForge_mob_by_CommonStingrayEntityForge=1, death_CommonOctopusEntityForge_mob_by_GreatHammerheadSharkEntityForge=1, death_GiantMorayEelEntityForge_mob_by_CommonStingrayEntityForge=1, living_deaths=18, navigation_calls=26315, sensor_calls=46566}	61	63
20600	551991304	{AmericanLobsterEntityForge=10, AtlanticCodEntityForge=8, AtlanticSalmonEntityForge=8, BlackSeaNettleJellyfishEntityForge=1, BlacktipReefSharkEntityForge=3, BottlenoseDolphinEntityForge=4, CannonballJellyfishEntityForge=2, CaribbeanReefOctopusEntityForge=2, CommonOctopusEntityForge=3, CommonStingrayEntityForge=3, CommonThresherSharkEntityForge=1, GiantMorayEelEntityForge=4, GreatHammerheadSharkEntityForge=1, GreatWhiteSharkEntityForge=1, GreenSeaTurtleEntityForge=3, HarborSealEntityForge=3, NautilusEntityForge=1, OceanicWhitetipSharkEntityForge=1, OrcaEntityForge=1, SandtigerSharkEntityForge=1, ShortfinMakoSharkEntityForge=1, TigerSharkEntityForge=1}	{AmericanLobsterEntityForge=300, AtlanticCodEntityForge=300, AtlanticSalmonEntityForge=300, BlackSeaNettleJellyfishEntityForge=300, BlacktipReefSharkEntityForge=300, BottlenoseDolphinEntityForge=700, CannonballJellyfishEntityForge=300, CaribbeanReefOctopusEntityForge=300, CommonOctopusEntityForge=300, CommonStingrayEntityForge=300, CommonThresherSharkEntityForge=300, GiantMorayEelEntityForge=300, GreatHammerheadSharkEntityForge=300, GreatWhiteSharkEntityForge=300, GreenSeaTurtleEntityForge=300, HarborSealEntityForge=300, NautilusEntityForge=300, OceanicWhitetipSharkEntityForge=300, OrcaEntityForge=700, SandtigerSharkEntityForge=300, ShortfinMakoSharkEntityForge=300, TigerSharkEntityForge=300}	11	{death_AmericanLobsterEntityForge_mob_by_CommonStingrayEntityForge=3, death_AmericanLobsterEntityForge_mob_by_SandtigerSharkEntityForge=1, death_AtlanticCodEntityForge_mob_by_BlacktipReefSharkEntityForge=1, death_AtlanticCodEntityForge_mob_by_CommonThresherSharkEntityForge=2, death_AtlanticCodEntityForge_mob_by_GreatHammerheadSharkEntityForge=1, death_AtlanticCodEntityForge_mob_by_TigerSharkEntityForge=1, death_AtlanticSalmonEntityForge_mob_by_BlacktipReefSharkEntityForge=2, death_AtlanticSalmonEntityForge_mob_by_OceanicWhitetipSharkEntityForge=1, death_BottlenoseDolphinEntityForge_mob_by_GreatWhiteSharkEntityForge=1, death_BottlenoseDolphinEntityForge_mob_by_ShortfinMakoSharkEntityForge=1, death_CaribbeanReefOctopusEntityForge_mob_by_BlacktipReefSharkEntityForge=1, death_CaribbeanReefOctopusEntityForge_mob_by_CommonStingrayEntityForge=1, death_CommonOctopusEntityForge_mob_by_GreatHammerheadSharkEntityForge=1, death_GiantMorayEelEntityForge_mob_by_CommonStingrayEntityForge=1, living_deaths=18, navigation_calls=26565, sensor_calls=47039}	60	63
20800	641120264	{AmericanLobsterEntityForge=10, AtlanticCodEntityForge=8, AtlanticSalmonEntityForge=8, BlackSeaNettleJellyfishEntityForge=1, BlacktipReefSharkEntityForge=3, BottlenoseDolphinEntityForge=4, CannonballJellyfishEntityForge=2, CaribbeanReefOctopusEntityForge=2, CommonOctopusEntityForge=3, CommonStingrayEntityForge=3, CommonThresherSharkEntityForge=1, GiantMorayEelEntityForge=4, GreatHammerheadSharkEntityForge=1, GreatWhiteSharkEntityForge=1, GreenSeaTurtleEntityForge=3, HarborSealEntityForge=3, NautilusEntityForge=1, OceanicWhitetipSharkEntityForge=1, OrcaEntityForge=1, SandtigerSharkEntityForge=1, ShortfinMakoSharkEntityForge=1, TigerSharkEntityForge=1}	{AmericanLobsterEntityForge=300, AtlanticCodEntityForge=300, AtlanticSalmonEntityForge=300, BlackSeaNettleJellyfishEntityForge=300, BlacktipReefSharkEntityForge=300, BottlenoseDolphinEntityForge=700, CannonballJellyfishEntityForge=300, CaribbeanReefOctopusEntityForge=300, CommonOctopusEntityForge=300, CommonStingrayEntityForge=300, CommonThresherSharkEntityForge=300, GiantMorayEelEntityForge=300, GreatHammerheadSharkEntityForge=300, GreatWhiteSharkEntityForge=300, GreenSeaTurtleEntityForge=300, HarborSealEntityForge=300, NautilusEntityForge=300, OceanicWhitetipSharkEntityForge=300, OrcaEntityForge=700, SandtigerSharkEntityForge=300, ShortfinMakoSharkEntityForge=300, TigerSharkEntityForge=300}	11	{death_AmericanLobsterEntityForge_mob_by_CommonStingrayEntityForge=3, death_AmericanLobsterEntityForge_mob_by_SandtigerSharkEntityForge=1, death_AtlanticCodEntityForge_mob_by_BlacktipReefSharkEntityForge=1, death_AtlanticCodEntityForge_mob_by_CommonThresherSharkEntityForge=2, death_AtlanticCodEntityForge_mob_by_GreatHammerheadSharkEntityForge=1, death_AtlanticCodEntityForge_mob_by_TigerSharkEntityForge=1, death_AtlanticSalmonEntityForge_mob_by_BlacktipReefSharkEntityForge=2, death_AtlanticSalmonEntityForge_mob_by_OceanicWhitetipSharkEntityForge=1, death_BottlenoseDolphinEntityForge_mob_by_GreatWhiteSharkEntityForge=1, death_BottlenoseDolphinEntityForge_mob_by_ShortfinMakoSharkEntityForge=1, death_CaribbeanReefOctopusEntityForge_mob_by_BlacktipReefSharkEntityForge=1, death_CaribbeanReefOctopusEntityForge_mob_by_CommonStingrayEntityForge=1, death_CommonOctopusEntityForge_mob_by_GreatHammerheadSharkEntityForge=1, death_GiantMorayEelEntityForge_mob_by_CommonStingrayEntityForge=1, living_deaths=18, navigation_calls=26808, sensor_calls=47481}	59	63
21000	730249224	{AmericanLobsterEntityForge=10, AtlanticCodEntityForge=8, AtlanticSalmonEntityForge=8, BlackSeaNettleJellyfishEntityForge=1, BlacktipReefSharkEntityForge=3, BottlenoseDolphinEntityForge=4, CannonballJellyfishEntityForge=2, CaribbeanReefOctopusEntityForge=2, CommonOctopusEntityForge=3, CommonStingrayEntityForge=3, CommonThresherSharkEntityForge=1, GiantMorayEelEntityForge=4, GreatHammerheadSharkEntityForge=1, GreatWhiteSharkEntityForge=1, GreenSeaTurtleEntityForge=3, HarborSealEntityForge=3, NautilusEntityForge=1, OceanicWhitetipSharkEntityForge=1, OrcaEntityForge=1, SandtigerSharkEntityForge=1, ShortfinMakoSharkEntityForge=1, TigerSharkEntityForge=1}	{AmericanLobsterEntityForge=300, AtlanticCodEntityForge=300, AtlanticSalmonEntityForge=300, BlackSeaNettleJellyfishEntityForge=300, BlacktipReefSharkEntityForge=300, BottlenoseDolphinEntityForge=700, CannonballJellyfishEntityForge=300, CaribbeanReefOctopusEntityForge=300, CommonOctopusEntityForge=300, CommonStingrayEntityForge=300, CommonThresherSharkEntityForge=300, GiantMorayEelEntityForge=300, GreatHammerheadSharkEntityForge=300, GreatWhiteSharkEntityForge=300, GreenSeaTurtleEntityForge=300, HarborSealEntityForge=300, NautilusEntityForge=300, OceanicWhitetipSharkEntityForge=300, OrcaEntityForge=700, SandtigerSharkEntityForge=300, ShortfinMakoSharkEntityForge=300, TigerSharkEntityForge=300}	11	{death_AmericanLobsterEntityForge_mob_by_CommonStingrayEntityForge=3, death_AmericanLobsterEntityForge_mob_by_SandtigerSharkEntityForge=1, death_AtlanticCodEntityForge_mob_by_BlacktipReefSharkEntityForge=1, death_AtlanticCodEntityForge_mob_by_CommonThresherSharkEntityForge=2, death_AtlanticCodEntityForge_mob_by_GreatHammerheadSharkEntityForge=1, death_AtlanticCodEntityForge_mob_by_TigerSharkEntityForge=1, death_AtlanticSalmonEntityForge_mob_by_BlacktipReefSharkEntityForge=2, death_AtlanticSalmonEntityForge_mob_by_OceanicWhitetipSharkEntityForge=1, death_BottlenoseDolphinEntityForge_mob_by_GreatWhiteSharkEntityForge=1, death_BottlenoseDolphinEntityForge_mob_by_ShortfinMakoSharkEntityForge=1, death_CaribbeanReefOctopusEntityForge_mob_by_BlacktipReefSharkEntityForge=1, death_CaribbeanReefOctopusEntityForge_mob_by_CommonStingrayEntityForge=1, death_CommonOctopusEntityForge_mob_by_GreatHammerheadSharkEntityForge=1, death_GiantMorayEelEntityForge_mob_by_CommonStingrayEntityForge=1, living_deaths=18, navigation_calls=27096, sensor_calls=47952}	59	63
21200	815183880	{AmericanLobsterEntityForge=10, AtlanticCodEntityForge=8, AtlanticSalmonEntityForge=8, BlackSeaNettleJellyfishEntityForge=1, BlacktipReefSharkEntityForge=3, BottlenoseDolphinEntityForge=4, CannonballJellyfishEntityForge=2, CaribbeanReefOctopusEntityForge=2, CommonOctopusEntityForge=3, CommonStingrayEntityForge=3, CommonThresherSharkEntityForge=1, GiantMorayEelEntityForge=4, GreatHammerheadSharkEntityForge=1, GreatWhiteSharkEntityForge=1, GreenSeaTurtleEntityForge=3, HarborSealEntityForge=3, NautilusEntityForge=1, OceanicWhitetipSharkEntityForge=1, OrcaEntityForge=1, SandtigerSharkEntityForge=1, ShortfinMakoSharkEntityForge=1, TigerSharkEntityForge=1}	{AmericanLobsterEntityForge=300, AtlanticCodEntityForge=300, AtlanticSalmonEntityForge=300, BlackSeaNettleJellyfishEntityForge=300, BlacktipReefSharkEntityForge=300, BottlenoseDolphinEntityForge=700, CannonballJellyfishEntityForge=300, CaribbeanReefOctopusEntityForge=300, CommonOctopusEntityForge=300, CommonStingrayEntityForge=300, CommonThresherSharkEntityForge=300, GiantMorayEelEntityForge=300, GreatHammerheadSharkEntityForge=300, GreatWhiteSharkEntityForge=300, GreenSeaTurtleEntityForge=300, HarborSealEntityForge=300, NautilusEntityForge=300, OceanicWhitetipSharkEntityForge=300, OrcaEntityForge=700, SandtigerSharkEntityForge=300, ShortfinMakoSharkEntityForge=300, TigerSharkEntityForge=300}	11	{death_AmericanLobsterEntityForge_mob_by_CommonStingrayEntityForge=3, death_AmericanLobsterEntityForge_mob_by_SandtigerSharkEntityForge=1, death_AtlanticCodEntityForge_mob_by_BlacktipReefSharkEntityForge=1, death_AtlanticCodEntityForge_mob_by_CommonThresherSharkEntityForge=2, death_AtlanticCodEntityForge_mob_by_GreatHammerheadSharkEntityForge=1, death_AtlanticCodEntityForge_mob_by_TigerSharkEntityForge=1, death_AtlanticSalmonEntityForge_mob_by_BlacktipReefSharkEntityForge=2, death_AtlanticSalmonEntityForge_mob_by_OceanicWhitetipSharkEntityForge=1, death_BottlenoseDolphinEntityForge_mob_by_GreatWhiteSharkEntityForge=1, death_BottlenoseDolphinEntityForge_mob_by_ShortfinMakoSharkEntityForge=1, death_CaribbeanReefOctopusEntityForge_mob_by_BlacktipReefSharkEntityForge=1, death_CaribbeanReefOctopusEntityForge_mob_by_CommonStingrayEntityForge=1, death_CommonOctopusEntityForge_mob_by_GreatHammerheadSharkEntityForge=1, death_GiantMorayEelEntityForge_mob_by_CommonStingrayEntityForge=1, living_deaths=18, navigation_calls=27369, sensor_calls=48393}	60	63
21400	902215688	{AmericanLobsterEntityForge=10, AtlanticCodEntityForge=8, AtlanticSalmonEntityForge=8, BlackSeaNettleJellyfishEntityForge=1, BlacktipReefSharkEntityForge=3, BottlenoseDolphinEntityForge=4, CannonballJellyfishEntityForge=2, CaribbeanReefOctopusEntityForge=2, CommonOctopusEntityForge=3, CommonStingrayEntityForge=3, CommonThresherSharkEntityForge=1, GiantMorayEelEntityForge=4, GreatHammerheadSharkEntityForge=1, GreatWhiteSharkEntityForge=1, GreenSeaTurtleEntityForge=3, HarborSealEntityForge=3, NautilusEntityForge=1, OceanicWhitetipSharkEntityForge=1, OrcaEntityForge=1, SandtigerSharkEntityForge=1, ShortfinMakoSharkEntityForge=1, TigerSharkEntityForge=1}	{AmericanLobsterEntityForge=300, AtlanticCodEntityForge=300, AtlanticSalmonEntityForge=300, BlackSeaNettleJellyfishEntityForge=300, BlacktipReefSharkEntityForge=300, BottlenoseDolphinEntityForge=700, CannonballJellyfishEntityForge=300, CaribbeanReefOctopusEntityForge=300, CommonOctopusEntityForge=300, CommonStingrayEntityForge=300, CommonThresherSharkEntityForge=300, GiantMorayEelEntityForge=300, GreatHammerheadSharkEntityForge=300, GreatWhiteSharkEntityForge=300, GreenSeaTurtleEntityForge=300, HarborSealEntityForge=300, NautilusEntityForge=300, OceanicWhitetipSharkEntityForge=300, OrcaEntityForge=700, SandtigerSharkEntityForge=300, ShortfinMakoSharkEntityForge=300, TigerSharkEntityForge=300}	11	{death_AmericanLobsterEntityForge_mob_by_CommonStingrayEntityForge=3, death_AmericanLobsterEntityForge_mob_by_SandtigerSharkEntityForge=1, death_AtlanticCodEntityForge_mob_by_BlacktipReefSharkEntityForge=1, death_AtlanticCodEntityForge_mob_by_CommonThresherSharkEntityForge=2, death_AtlanticCodEntityForge_mob_by_GreatHammerheadSharkEntityForge=1, death_AtlanticCodEntityForge_mob_by_TigerSharkEntityForge=1, death_AtlanticSalmonEntityForge_mob_by_BlacktipReefSharkEntityForge=2, death_AtlanticSalmonEntityForge_mob_by_OceanicWhitetipSharkEntityForge=1, death_BottlenoseDolphinEntityForge_mob_by_GreatWhiteSharkEntityForge=1, death_BottlenoseDolphinEntityForge_mob_by_ShortfinMakoSharkEntityForge=1, death_CaribbeanReefOctopusEntityForge_mob_by_BlacktipReefSharkEntityForge=1, death_CaribbeanReefOctopusEntityForge_mob_by_CommonStingrayEntityForge=1, death_CommonOctopusEntityForge_mob_by_GreatHammerheadSharkEntityForge=1, death_GiantMorayEelEntityForge_mob_by_CommonStingrayEntityForge=1, living_deaths=18, navigation_calls=27684, sensor_calls=48864}	58	63
21600	994490376	{AmericanLobsterEntityForge=10, AtlanticCodEntityForge=8, AtlanticSalmonEntityForge=8, BlackSeaNettleJellyfishEntityForge=1, BlacktipReefSharkEntityForge=3, BottlenoseDolphinEntityForge=4, CannonballJellyfishEntityForge=2, CaribbeanReefOctopusEntityForge=2, CommonOctopusEntityForge=3, CommonStingrayEntityForge=3, CommonThresherSharkEntityForge=1, GiantMorayEelEntityForge=4, GreatHammerheadSharkEntityForge=1, GreatWhiteSharkEntityForge=1, GreenSeaTurtleEntityForge=3, HarborSealEntityForge=3, NautilusEntityForge=1, OceanicWhitetipSharkEntityForge=1, OrcaEntityForge=1, SandtigerSharkEntityForge=1, ShortfinMakoSharkEntityForge=1, TigerSharkEntityForge=1}	{AmericanLobsterEntityForge=300, AtlanticCodEntityForge=300, AtlanticSalmonEntityForge=300, BlackSeaNettleJellyfishEntityForge=300, BlacktipReefSharkEntityForge=300, BottlenoseDolphinEntityForge=700, CannonballJellyfishEntityForge=300, CaribbeanReefOctopusEntityForge=300, CommonOctopusEntityForge=300, CommonStingrayEntityForge=300, CommonThresherSharkEntityForge=300, GiantMorayEelEntityForge=300, GreatHammerheadSharkEntityForge=300, GreatWhiteSharkEntityForge=300, GreenSeaTurtleEntityForge=300, HarborSealEntityForge=300, NautilusEntityForge=300, OceanicWhitetipSharkEntityForge=300, OrcaEntityForge=700, SandtigerSharkEntityForge=300, ShortfinMakoSharkEntityForge=300, TigerSharkEntityForge=300}	11	{death_AmericanLobsterEntityForge_mob_by_CommonStingrayEntityForge=3, death_AmericanLobsterEntityForge_mob_by_SandtigerSharkEntityForge=1, death_AtlanticCodEntityForge_mob_by_BlacktipReefSharkEntityForge=1, death_AtlanticCodEntityForge_mob_by_CommonThresherSharkEntityForge=2, death_AtlanticCodEntityForge_mob_by_GreatHammerheadSharkEntityForge=1, death_AtlanticCodEntityForge_mob_by_TigerSharkEntityForge=1, death_AtlanticSalmonEntityForge_mob_by_BlacktipReefSharkEntityForge=2, death_AtlanticSalmonEntityForge_mob_by_OceanicWhitetipSharkEntityForge=1, death_BottlenoseDolphinEntityForge_mob_by_GreatWhiteSharkEntityForge=1, death_BottlenoseDolphinEntityForge_mob_by_ShortfinMakoSharkEntityForge=1, death_CaribbeanReefOctopusEntityForge_mob_by_BlacktipReefSharkEntityForge=1, death_CaribbeanReefOctopusEntityForge_mob_by_CommonStingrayEntityForge=1, death_CommonOctopusEntityForge_mob_by_GreatHammerheadSharkEntityForge=1, death_GiantMorayEelEntityForge_mob_by_CommonStingrayEntityForge=1, living_deaths=18, navigation_calls=27950, sensor_calls=49307}	57	63
21800	1079425032	{AmericanLobsterEntityForge=10, AtlanticCodEntityForge=8, AtlanticSalmonEntityForge=8, BlackSeaNettleJellyfishEntityForge=1, BlacktipReefSharkEntityForge=3, BottlenoseDolphinEntityForge=4, CannonballJellyfishEntityForge=2, CaribbeanReefOctopusEntityForge=2, CommonOctopusEntityForge=3, CommonStingrayEntityForge=3, CommonThresherSharkEntityForge=1, GiantMorayEelEntityForge=4, GreatHammerheadSharkEntityForge=1, GreatWhiteSharkEntityForge=1, GreenSeaTurtleEntityForge=3, HarborSealEntityForge=3, NautilusEntityForge=1, OceanicWhitetipSharkEntityForge=1, OrcaEntityForge=1, SandtigerSharkEntityForge=1, ShortfinMakoSharkEntityForge=1, TigerSharkEntityForge=1}	{AmericanLobsterEntityForge=300, AtlanticCodEntityForge=300, AtlanticSalmonEntityForge=300, BlackSeaNettleJellyfishEntityForge=300, BlacktipReefSharkEntityForge=300, BottlenoseDolphinEntityForge=700, CannonballJellyfishEntityForge=300, CaribbeanReefOctopusEntityForge=300, CommonOctopusEntityForge=300, CommonStingrayEntityForge=300, CommonThresherSharkEntityForge=300, GiantMorayEelEntityForge=300, GreatHammerheadSharkEntityForge=300, GreatWhiteSharkEntityForge=300, GreenSeaTurtleEntityForge=300, HarborSealEntityForge=300, NautilusEntityForge=300, OceanicWhitetipSharkEntityForge=300, OrcaEntityForge=700, SandtigerSharkEntityForge=300, ShortfinMakoSharkEntityForge=300, TigerSharkEntityForge=300}	11	{death_AmericanLobsterEntityForge_mob_by_CommonStingrayEntityForge=3, death_AmericanLobsterEntityForge_mob_by_SandtigerSharkEntityForge=1, death_AtlanticCodEntityForge_mob_by_BlacktipReefSharkEntityForge=1, death_AtlanticCodEntityForge_mob_by_CommonThresherSharkEntityForge=2, death_AtlanticCodEntityForge_mob_by_GreatHammerheadSharkEntityForge=1, death_AtlanticCodEntityForge_mob_by_TigerSharkEntityForge=1, death_AtlanticSalmonEntityForge_mob_by_BlacktipReefSharkEntityForge=2, death_AtlanticSalmonEntityForge_mob_by_OceanicWhitetipSharkEntityForge=1, death_BottlenoseDolphinEntityForge_mob_by_GreatWhiteSharkEntityForge=1, death_BottlenoseDolphinEntityForge_mob_by_ShortfinMakoSharkEntityForge=1, death_CaribbeanReefOctopusEntityForge_mob_by_BlacktipReefSharkEntityForge=1, death_CaribbeanReefOctopusEntityForge_mob_by_CommonStingrayEntityForge=1, death_CommonOctopusEntityForge_mob_by_GreatHammerheadSharkEntityForge=1, death_GiantMorayEelEntityForge_mob_by_CommonStingrayEntityForge=1, living_deaths=18, navigation_calls=28212, sensor_calls=49777}	58	63
22000	1165408264	{AmericanLobsterEntityForge=10, AtlanticCodEntityForge=8, AtlanticSalmonEntityForge=8, BlackSeaNettleJellyfishEntityForge=1, BlacktipReefSharkEntityForge=3, BottlenoseDolphinEntityForge=4, CannonballJellyfishEntityForge=2, CaribbeanReefOctopusEntityForge=2, CommonOctopusEntityForge=3, CommonStingrayEntityForge=3, CommonThresherSharkEntityForge=1, GiantMorayEelEntityForge=4, GreatHammerheadSharkEntityForge=1, GreatWhiteSharkEntityForge=1, GreenSeaTurtleEntityForge=3, HarborSealEntityForge=3, NautilusEntityForge=1, OceanicWhitetipSharkEntityForge=1, OrcaEntityForge=1, SandtigerSharkEntityForge=1, ShortfinMakoSharkEntityForge=1, TigerSharkEntityForge=1}	{AmericanLobsterEntityForge=300, AtlanticCodEntityForge=300, AtlanticSalmonEntityForge=300, BlackSeaNettleJellyfishEntityForge=300, BlacktipReefSharkEntityForge=300, BottlenoseDolphinEntityForge=700, CannonballJellyfishEntityForge=300, CaribbeanReefOctopusEntityForge=300, CommonOctopusEntityForge=300, CommonStingrayEntityForge=300, CommonThresherSharkEntityForge=300, GiantMorayEelEntityForge=300, GreatHammerheadSharkEntityForge=300, GreatWhiteSharkEntityForge=300, GreenSeaTurtleEntityForge=300, HarborSealEntityForge=300, NautilusEntityForge=300, OceanicWhitetipSharkEntityForge=300, OrcaEntityForge=700, SandtigerSharkEntityForge=300, ShortfinMakoSharkEntityForge=300, TigerSharkEntityForge=300}	11	{death_AmericanLobsterEntityForge_mob_by_CommonStingrayEntityForge=3, death_AmericanLobsterEntityForge_mob_by_SandtigerSharkEntityForge=1, death_AtlanticCodEntityForge_mob_by_BlacktipReefSharkEntityForge=1, death_AtlanticCodEntityForge_mob_by_CommonThresherSharkEntityForge=2, death_AtlanticCodEntityForge_mob_by_GreatHammerheadSharkEntityForge=1, death_AtlanticCodEntityForge_mob_by_TigerSharkEntityForge=1, death_AtlanticSalmonEntityForge_mob_by_BlacktipReefSharkEntityForge=2, death_AtlanticSalmonEntityForge_mob_by_OceanicWhitetipSharkEntityForge=1, death_BottlenoseDolphinEntityForge_mob_by_GreatWhiteSharkEntityForge=1, death_BottlenoseDolphinEntityForge_mob_by_ShortfinMakoSharkEntityForge=1, death_CaribbeanReefOctopusEntityForge_mob_by_BlacktipReefSharkEntityForge=1, death_CaribbeanReefOctopusEntityForge_mob_by_CommonStingrayEntityForge=1, death_CommonOctopusEntityForge_mob_by_GreatHammerheadSharkEntityForge=1, death_GiantMorayEelEntityForge_mob_by_CommonStingrayEntityForge=1, living_deaths=18, navigation_calls=28478, sensor_calls=50220}	59	63
22200	1247197192	{AmericanLobsterEntityForge=10, AtlanticCodEntityForge=8, AtlanticSalmonEntityForge=8, BlackSeaNettleJellyfishEntityForge=1, BlacktipReefSharkEntityForge=3, BottlenoseDolphinEntityForge=4, CannonballJellyfishEntityForge=2, CaribbeanReefOctopusEntityForge=2, CommonOctopusEntityForge=3, CommonStingrayEntityForge=3, CommonThresherSharkEntityForge=1, GiantMorayEelEntityForge=4, GreatHammerheadSharkEntityForge=1, GreatWhiteSharkEntityForge=1, GreenSeaTurtleEntityForge=3, HarborSealEntityForge=3, NautilusEntityForge=1, OceanicWhitetipSharkEntityForge=1, OrcaEntityForge=1, SandtigerSharkEntityForge=1, ShortfinMakoSharkEntityForge=1, TigerSharkEntityForge=1}	{AmericanLobsterEntityForge=300, AtlanticCodEntityForge=300, AtlanticSalmonEntityForge=300, BlackSeaNettleJellyfishEntityForge=300, BlacktipReefSharkEntityForge=300, BottlenoseDolphinEntityForge=700, CannonballJellyfishEntityForge=300, CaribbeanReefOctopusEntityForge=300, CommonOctopusEntityForge=300, CommonStingrayEntityForge=300, CommonThresherSharkEntityForge=300, GiantMorayEelEntityForge=300, GreatHammerheadSharkEntityForge=300, GreatWhiteSharkEntityForge=300, GreenSeaTurtleEntityForge=300, HarborSealEntityForge=300, NautilusEntityForge=300, OceanicWhitetipSharkEntityForge=300, OrcaEntityForge=700, SandtigerSharkEntityForge=300, ShortfinMakoSharkEntityForge=300, TigerSharkEntityForge=300}	11	{death_AmericanLobsterEntityForge_mob_by_CommonStingrayEntityForge=3, death_AmericanLobsterEntityForge_mob_by_SandtigerSharkEntityForge=1, death_AtlanticCodEntityForge_mob_by_BlacktipReefSharkEntityForge=1, death_AtlanticCodEntityForge_mob_by_CommonThresherSharkEntityForge=2, death_AtlanticCodEntityForge_mob_by_GreatHammerheadSharkEntityForge=1, death_AtlanticCodEntityForge_mob_by_TigerSharkEntityForge=1, death_AtlanticSalmonEntityForge_mob_by_BlacktipReefSharkEntityForge=2, death_AtlanticSalmonEntityForge_mob_by_OceanicWhitetipSharkEntityForge=1, death_BottlenoseDolphinEntityForge_mob_by_GreatWhiteSharkEntityForge=1, death_BottlenoseDolphinEntityForge_mob_by_ShortfinMakoSharkEntityForge=1, death_CaribbeanReefOctopusEntityForge_mob_by_BlacktipReefSharkEntityForge=1, death_CaribbeanReefOctopusEntityForge_mob_by_CommonStingrayEntityForge=1, death_CommonOctopusEntityForge_mob_by_GreatHammerheadSharkEntityForge=1, death_GiantMorayEelEntityForge_mob_by_CommonStingrayEntityForge=1, living_deaths=18, navigation_calls=28708, sensor_calls=50689}	59	63
22400	1331083272	{AmericanLobsterEntityForge=10, AtlanticCodEntityForge=8, AtlanticSalmonEntityForge=8, BlackSeaNettleJellyfishEntityForge=1, BlacktipReefSharkEntityForge=3, BottlenoseDolphinEntityForge=4, CannonballJellyfishEntityForge=2, CaribbeanReefOctopusEntityForge=2, CommonOctopusEntityForge=3, CommonStingrayEntityForge=3, CommonThresherSharkEntityForge=1, GiantMorayEelEntityForge=4, GreatHammerheadSharkEntityForge=1, GreatWhiteSharkEntityForge=1, GreenSeaTurtleEntityForge=3, HarborSealEntityForge=3, NautilusEntityForge=1, OceanicWhitetipSharkEntityForge=1, OrcaEntityForge=1, SandtigerSharkEntityForge=1, ShortfinMakoSharkEntityForge=1, TigerSharkEntityForge=1}	{AmericanLobsterEntityForge=300, AtlanticCodEntityForge=300, AtlanticSalmonEntityForge=300, BlackSeaNettleJellyfishEntityForge=300, BlacktipReefSharkEntityForge=300, BottlenoseDolphinEntityForge=700, CannonballJellyfishEntityForge=300, CaribbeanReefOctopusEntityForge=300, CommonOctopusEntityForge=300, CommonStingrayEntityForge=300, CommonThresherSharkEntityForge=300, GiantMorayEelEntityForge=300, GreatHammerheadSharkEntityForge=300, GreatWhiteSharkEntityForge=300, GreenSeaTurtleEntityForge=300, HarborSealEntityForge=300, NautilusEntityForge=300, OceanicWhitetipSharkEntityForge=300, OrcaEntityForge=700, SandtigerSharkEntityForge=300, ShortfinMakoSharkEntityForge=300, TigerSharkEntityForge=300}	11	{death_AmericanLobsterEntityForge_mob_by_CommonStingrayEntityForge=3, death_AmericanLobsterEntityForge_mob_by_SandtigerSharkEntityForge=1, death_AtlanticCodEntityForge_mob_by_BlacktipReefSharkEntityForge=1, death_AtlanticCodEntityForge_mob_by_CommonThresherSharkEntityForge=2, death_AtlanticCodEntityForge_mob_by_GreatHammerheadSharkEntityForge=1, death_AtlanticCodEntityForge_mob_by_TigerSharkEntityForge=1, death_AtlanticSalmonEntityForge_mob_by_BlacktipReefSharkEntityForge=2, death_AtlanticSalmonEntityForge_mob_by_OceanicWhitetipSharkEntityForge=1, death_BottlenoseDolphinEntityForge_mob_by_GreatWhiteSharkEntityForge=1, death_BottlenoseDolphinEntityForge_mob_by_ShortfinMakoSharkEntityForge=1, death_CaribbeanReefOctopusEntityForge_mob_by_BlacktipReefSharkEntityForge=1, death_CaribbeanReefOctopusEntityForge_mob_by_CommonStingrayEntityForge=1, death_CommonOctopusEntityForge_mob_by_GreatHammerheadSharkEntityForge=1, death_GiantMorayEelEntityForge_mob_by_CommonStingrayEntityForge=1, living_deaths=18, navigation_calls=28977, sensor_calls=51132}	58	63
22600	1414969352	{AmericanLobsterEntityForge=10, AtlanticCodEntityForge=8, AtlanticSalmonEntityForge=8, BlackSeaNettleJellyfishEntityForge=1, BlacktipReefSharkEntityForge=3, BottlenoseDolphinEntityForge=4, CannonballJellyfishEntityForge=2, CaribbeanReefOctopusEntityForge=2, CommonOctopusEntityForge=3, CommonStingrayEntityForge=3, CommonThresherSharkEntityForge=1, GiantMorayEelEntityForge=4, GreatHammerheadSharkEntityForge=1, GreatWhiteSharkEntityForge=1, GreenSeaTurtleEntityForge=3, HarborSealEntityForge=3, NautilusEntityForge=1, OceanicWhitetipSharkEntityForge=1, OrcaEntityForge=1, SandtigerSharkEntityForge=1, ShortfinMakoSharkEntityForge=1, TigerSharkEntityForge=1}	{AmericanLobsterEntityForge=300, AtlanticCodEntityForge=300, AtlanticSalmonEntityForge=300, BlackSeaNettleJellyfishEntityForge=300, BlacktipReefSharkEntityForge=300, BottlenoseDolphinEntityForge=700, CannonballJellyfishEntityForge=300, CaribbeanReefOctopusEntityForge=300, CommonOctopusEntityForge=300, CommonStingrayEntityForge=300, CommonThresherSharkEntityForge=300, GiantMorayEelEntityForge=300, GreatHammerheadSharkEntityForge=300, GreatWhiteSharkEntityForge=300, GreenSeaTurtleEntityForge=300, HarborSealEntityForge=300, NautilusEntityForge=300, OceanicWhitetipSharkEntityForge=300, OrcaEntityForge=700, SandtigerSharkEntityForge=300, ShortfinMakoSharkEntityForge=300, TigerSharkEntityForge=300}	11	{death_AmericanLobsterEntityForge_mob_by_CommonStingrayEntityForge=3, death_AmericanLobsterEntityForge_mob_by_SandtigerSharkEntityForge=1, death_AtlanticCodEntityForge_mob_by_BlacktipReefSharkEntityForge=1, death_AtlanticCodEntityForge_mob_by_CommonThresherSharkEntityForge=2, death_AtlanticCodEntityForge_mob_by_GreatHammerheadSharkEntityForge=1, death_AtlanticCodEntityForge_mob_by_TigerSharkEntityForge=1, death_AtlanticSalmonEntityForge_mob_by_BlacktipReefSharkEntityForge=2, death_AtlanticSalmonEntityForge_mob_by_OceanicWhitetipSharkEntityForge=1, death_BottlenoseDolphinEntityForge_mob_by_GreatWhiteSharkEntityForge=1, death_BottlenoseDolphinEntityForge_mob_by_ShortfinMakoSharkEntityForge=1, death_CaribbeanReefOctopusEntityForge_mob_by_BlacktipReefSharkEntityForge=1, death_CaribbeanReefOctopusEntityForge_mob_by_CommonStingrayEntityForge=1, death_CommonOctopusEntityForge_mob_by_GreatHammerheadSharkEntityForge=1, death_GiantMorayEelEntityForge_mob_by_CommonStingrayEntityForge=1, living_deaths=18, navigation_calls=29222, sensor_calls=51601}	57	63
22800	1499904008	{AmericanLobsterEntityForge=10, AtlanticCodEntityForge=8, AtlanticSalmonEntityForge=8, BlackSeaNettleJellyfishEntityForge=1, BlacktipReefSharkEntityForge=3, BottlenoseDolphinEntityForge=4, CannonballJellyfishEntityForge=2, CaribbeanReefOctopusEntityForge=2, CommonOctopusEntityForge=3, CommonStingrayEntityForge=3, CommonThresherSharkEntityForge=1, GiantMorayEelEntityForge=4, GreatHammerheadSharkEntityForge=1, GreatWhiteSharkEntityForge=1, GreenSeaTurtleEntityForge=3, HarborSealEntityForge=3, NautilusEntityForge=1, OceanicWhitetipSharkEntityForge=1, OrcaEntityForge=1, SandtigerSharkEntityForge=1, ShortfinMakoSharkEntityForge=1, TigerSharkEntityForge=1}	{AmericanLobsterEntityForge=300, AtlanticCodEntityForge=300, AtlanticSalmonEntityForge=300, BlackSeaNettleJellyfishEntityForge=300, BlacktipReefSharkEntityForge=300, BottlenoseDolphinEntityForge=700, CannonballJellyfishEntityForge=300, CaribbeanReefOctopusEntityForge=300, CommonOctopusEntityForge=300, CommonStingrayEntityForge=300, CommonThresherSharkEntityForge=300, GiantMorayEelEntityForge=300, GreatHammerheadSharkEntityForge=300, GreatWhiteSharkEntityForge=300, GreenSeaTurtleEntityForge=300, HarborSealEntityForge=300, NautilusEntityForge=300, OceanicWhitetipSharkEntityForge=300, OrcaEntityForge=700, SandtigerSharkEntityForge=300, ShortfinMakoSharkEntityForge=300, TigerSharkEntityForge=300}	11	{death_AmericanLobsterEntityForge_mob_by_CommonStingrayEntityForge=3, death_AmericanLobsterEntityForge_mob_by_SandtigerSharkEntityForge=1, death_AtlanticCodEntityForge_mob_by_BlacktipReefSharkEntityForge=1, death_AtlanticCodEntityForge_mob_by_CommonThresherSharkEntityForge=2, death_AtlanticCodEntityForge_mob_by_GreatHammerheadSharkEntityForge=1, death_AtlanticCodEntityForge_mob_by_TigerSharkEntityForge=1, death_AtlanticSalmonEntityForge_mob_by_BlacktipReefSharkEntityForge=2, death_AtlanticSalmonEntityForge_mob_by_OceanicWhitetipSharkEntityForge=1, death_BottlenoseDolphinEntityForge_mob_by_GreatWhiteSharkEntityForge=1, death_BottlenoseDolphinEntityForge_mob_by_ShortfinMakoSharkEntityForge=1, death_CaribbeanReefOctopusEntityForge_mob_by_BlacktipReefSharkEntityForge=1, death_CaribbeanReefOctopusEntityForge_mob_by_CommonStingrayEntityForge=1, death_CommonOctopusEntityForge_mob_by_GreatHammerheadSharkEntityForge=1, death_GiantMorayEelEntityForge_mob_by_CommonStingrayEntityForge=1, living_deaths=18, navigation_calls=29479, sensor_calls=52044}	61	63
23000	306778256	{AmericanLobsterEntityForge=10, AtlanticCodEntityForge=8, AtlanticSalmonEntityForge=8, BlackSeaNettleJellyfishEntityForge=1, BlacktipReefSharkEntityForge=3, BottlenoseDolphinEntityForge=4, CannonballJellyfishEntityForge=2, CaribbeanReefOctopusEntityForge=2, CommonOctopusEntityForge=3, CommonStingrayEntityForge=3, CommonThresherSharkEntityForge=1, GiantMorayEelEntityForge=4, GreatHammerheadSharkEntityForge=1, GreatWhiteSharkEntityForge=1, GreenSeaTurtleEntityForge=3, HarborSealEntityForge=3, NautilusEntityForge=1, OceanicWhitetipSharkEntityForge=1, OrcaEntityForge=1, SandtigerSharkEntityForge=1, ShortfinMakoSharkEntityForge=1, TigerSharkEntityForge=1}	{AmericanLobsterEntityForge=300, AtlanticCodEntityForge=300, AtlanticSalmonEntityForge=300, BlackSeaNettleJellyfishEntityForge=300, BlacktipReefSharkEntityForge=300, BottlenoseDolphinEntityForge=700, CannonballJellyfishEntityForge=300, CaribbeanReefOctopusEntityForge=300, CommonOctopusEntityForge=300, CommonStingrayEntityForge=300, CommonThresherSharkEntityForge=300, GiantMorayEelEntityForge=300, GreatHammerheadSharkEntityForge=300, GreatWhiteSharkEntityForge=300, GreenSeaTurtleEntityForge=300, HarborSealEntityForge=300, NautilusEntityForge=300, OceanicWhitetipSharkEntityForge=300, OrcaEntityForge=700, SandtigerSharkEntityForge=300, ShortfinMakoSharkEntityForge=300, TigerSharkEntityForge=300}	11	{death_AmericanLobsterEntityForge_mob_by_CommonStingrayEntityForge=3, death_AmericanLobsterEntityForge_mob_by_SandtigerSharkEntityForge=1, death_AtlanticCodEntityForge_mob_by_BlacktipReefSharkEntityForge=1, death_AtlanticCodEntityForge_mob_by_CommonThresherSharkEntityForge=2, death_AtlanticCodEntityForge_mob_by_GreatHammerheadSharkEntityForge=1, death_AtlanticCodEntityForge_mob_by_TigerSharkEntityForge=1, death_AtlanticSalmonEntityForge_mob_by_BlacktipReefSharkEntityForge=2, death_AtlanticSalmonEntityForge_mob_by_OceanicWhitetipSharkEntityForge=1, death_BottlenoseDolphinEntityForge_mob_by_GreatWhiteSharkEntityForge=1, death_BottlenoseDolphinEntityForge_mob_by_ShortfinMakoSharkEntityForge=1, death_CaribbeanReefOctopusEntityForge_mob_by_BlacktipReefSharkEntityForge=1, death_CaribbeanReefOctopusEntityForge_mob_by_CommonStingrayEntityForge=1, death_CommonOctopusEntityForge_mob_by_GreatHammerheadSharkEntityForge=1, death_GiantMorayEelEntityForge_mob_by_CommonStingrayEntityForge=1, living_deaths=18, navigation_calls=29727, sensor_calls=52513}	60	63
23200	394858640	{AmericanLobsterEntityForge=10, AtlanticCodEntityForge=8, AtlanticSalmonEntityForge=8, BlackSeaNettleJellyfishEntityForge=1, BlacktipReefSharkEntityForge=3, BottlenoseDolphinEntityForge=4, CannonballJellyfishEntityForge=2, CaribbeanReefOctopusEntityForge=2, CommonOctopusEntityForge=3, CommonStingrayEntityForge=3, CommonThresherSharkEntityForge=1, GiantMorayEelEntityForge=4, GreatHammerheadSharkEntityForge=1, GreatWhiteSharkEntityForge=1, GreenSeaTurtleEntityForge=3, HarborSealEntityForge=3, NautilusEntityForge=1, OceanicWhitetipSharkEntityForge=1, OrcaEntityForge=1, SandtigerSharkEntityForge=1, ShortfinMakoSharkEntityForge=1, TigerSharkEntityForge=1}	{AmericanLobsterEntityForge=300, AtlanticCodEntityForge=300, AtlanticSalmonEntityForge=300, BlackSeaNettleJellyfishEntityForge=300, BlacktipReefSharkEntityForge=300, BottlenoseDolphinEntityForge=700, CannonballJellyfishEntityForge=300, CaribbeanReefOctopusEntityForge=300, CommonOctopusEntityForge=300, CommonStingrayEntityForge=300, CommonThresherSharkEntityForge=300, GiantMorayEelEntityForge=300, GreatHammerheadSharkEntityForge=300, GreatWhiteSharkEntityForge=300, GreenSeaTurtleEntityForge=300, HarborSealEntityForge=300, NautilusEntityForge=300, OceanicWhitetipSharkEntityForge=300, OrcaEntityForge=700, SandtigerSharkEntityForge=300, ShortfinMakoSharkEntityForge=300, TigerSharkEntityForge=300}	11	{death_AmericanLobsterEntityForge_mob_by_CommonStingrayEntityForge=3, death_AmericanLobsterEntityForge_mob_by_SandtigerSharkEntityForge=1, death_AtlanticCodEntityForge_mob_by_BlacktipReefSharkEntityForge=1, death_AtlanticCodEntityForge_mob_by_CommonThresherSharkEntityForge=2, death_AtlanticCodEntityForge_mob_by_GreatHammerheadSharkEntityForge=1, death_AtlanticCodEntityForge_mob_by_TigerSharkEntityForge=1, death_AtlanticSalmonEntityForge_mob_by_BlacktipReefSharkEntityForge=2, death_AtlanticSalmonEntityForge_mob_by_OceanicWhitetipSharkEntityForge=1, death_BottlenoseDolphinEntityForge_mob_by_GreatWhiteSharkEntityForge=1, death_BottlenoseDolphinEntityForge_mob_by_ShortfinMakoSharkEntityForge=1, death_CaribbeanReefOctopusEntityForge_mob_by_BlacktipReefSharkEntityForge=1, death_CaribbeanReefOctopusEntityForge_mob_by_CommonStingrayEntityForge=1, death_CommonOctopusEntityForge_mob_by_GreatHammerheadSharkEntityForge=1, death_GiantMorayEelEntityForge_mob_by_CommonStingrayEntityForge=1, living_deaths=18, navigation_calls=29987, sensor_calls=52956}	60	63
23400	478744720	{AmericanLobsterEntityForge=10, AtlanticCodEntityForge=8, AtlanticSalmonEntityForge=8, BlackSeaNettleJellyfishEntityForge=1, BlacktipReefSharkEntityForge=3, BottlenoseDolphinEntityForge=4, CannonballJellyfishEntityForge=2, CaribbeanReefOctopusEntityForge=2, CommonOctopusEntityForge=3, CommonStingrayEntityForge=3, CommonThresherSharkEntityForge=1, GiantMorayEelEntityForge=4, GreatHammerheadSharkEntityForge=1, GreatWhiteSharkEntityForge=1, GreenSeaTurtleEntityForge=3, HarborSealEntityForge=3, NautilusEntityForge=1, OceanicWhitetipSharkEntityForge=1, OrcaEntityForge=1, SandtigerSharkEntityForge=1, ShortfinMakoSharkEntityForge=1, TigerSharkEntityForge=1}	{AmericanLobsterEntityForge=300, AtlanticCodEntityForge=300, AtlanticSalmonEntityForge=300, BlackSeaNettleJellyfishEntityForge=300, BlacktipReefSharkEntityForge=300, BottlenoseDolphinEntityForge=700, CannonballJellyfishEntityForge=300, CaribbeanReefOctopusEntityForge=300, CommonOctopusEntityForge=300, CommonStingrayEntityForge=300, CommonThresherSharkEntityForge=300, GiantMorayEelEntityForge=300, GreatHammerheadSharkEntityForge=300, GreatWhiteSharkEntityForge=300, GreenSeaTurtleEntityForge=300, HarborSealEntityForge=300, NautilusEntityForge=300, OceanicWhitetipSharkEntityForge=300, OrcaEntityForge=700, SandtigerSharkEntityForge=300, ShortfinMakoSharkEntityForge=300, TigerSharkEntityForge=300}	11	{death_AmericanLobsterEntityForge_mob_by_CommonStingrayEntityForge=3, death_AmericanLobsterEntityForge_mob_by_SandtigerSharkEntityForge=1, death_AtlanticCodEntityForge_mob_by_BlacktipReefSharkEntityForge=1, death_AtlanticCodEntityForge_mob_by_CommonThresherSharkEntityForge=2, death_AtlanticCodEntityForge_mob_by_GreatHammerheadSharkEntityForge=1, death_AtlanticCodEntityForge_mob_by_TigerSharkEntityForge=1, death_AtlanticSalmonEntityForge_mob_by_BlacktipReefSharkEntityForge=2, death_AtlanticSalmonEntityForge_mob_by_OceanicWhitetipSharkEntityForge=1, death_BottlenoseDolphinEntityForge_mob_by_GreatWhiteSharkEntityForge=1, death_BottlenoseDolphinEntityForge_mob_by_ShortfinMakoSharkEntityForge=1, death_CaribbeanReefOctopusEntityForge_mob_by_BlacktipReefSharkEntityForge=1, death_CaribbeanReefOctopusEntityForge_mob_by_CommonStingrayEntityForge=1, death_CommonOctopusEntityForge_mob_by_GreatHammerheadSharkEntityForge=1, death_GiantMorayEelEntityForge_mob_by_CommonStingrayEntityForge=1, living_deaths=18, navigation_calls=30243, sensor_calls=53426}	59	63
23600	561582224	{AmericanLobsterEntityForge=10, AtlanticCodEntityForge=8, AtlanticSalmonEntityForge=8, BlackSeaNettleJellyfishEntityForge=1, BlacktipReefSharkEntityForge=3, BottlenoseDolphinEntityForge=4, CannonballJellyfishEntityForge=2, CaribbeanReefOctopusEntityForge=2, CommonOctopusEntityForge=3, CommonStingrayEntityForge=3, CommonThresherSharkEntityForge=1, GiantMorayEelEntityForge=4, GreatHammerheadSharkEntityForge=1, GreatWhiteSharkEntityForge=1, GreenSeaTurtleEntityForge=3, HarborSealEntityForge=3, NautilusEntityForge=1, OceanicWhitetipSharkEntityForge=1, OrcaEntityForge=1, ShortfinMakoSharkEntityForge=1, TigerSharkEntityForge=1}	{AmericanLobsterEntityForge=300, AtlanticCodEntityForge=300, AtlanticSalmonEntityForge=300, BlackSeaNettleJellyfishEntityForge=300, BlacktipReefSharkEntityForge=300, BottlenoseDolphinEntityForge=700, CannonballJellyfishEntityForge=300, CaribbeanReefOctopusEntityForge=300, CommonOctopusEntityForge=300, CommonStingrayEntityForge=300, CommonThresherSharkEntityForge=300, GiantMorayEelEntityForge=300, GreatHammerheadSharkEntityForge=300, GreatWhiteSharkEntityForge=300, GreenSeaTurtleEntityForge=300, HarborSealEntityForge=300, NautilusEntityForge=300, OceanicWhitetipSharkEntityForge=300, OrcaEntityForge=700, ShortfinMakoSharkEntityForge=300, TigerSharkEntityForge=300}	11	{death_AmericanLobsterEntityForge_mob_by_CommonStingrayEntityForge=3, death_AmericanLobsterEntityForge_mob_by_SandtigerSharkEntityForge=1, death_AtlanticCodEntityForge_mob_by_BlacktipReefSharkEntityForge=1, death_AtlanticCodEntityForge_mob_by_CommonThresherSharkEntityForge=2, death_AtlanticCodEntityForge_mob_by_GreatHammerheadSharkEntityForge=1, death_AtlanticCodEntityForge_mob_by_TigerSharkEntityForge=1, death_AtlanticSalmonEntityForge_mob_by_BlacktipReefSharkEntityForge=2, death_AtlanticSalmonEntityForge_mob_by_OceanicWhitetipSharkEntityForge=1, death_BottlenoseDolphinEntityForge_mob_by_GreatWhiteSharkEntityForge=1, death_BottlenoseDolphinEntityForge_mob_by_ShortfinMakoSharkEntityForge=1, death_CaribbeanReefOctopusEntityForge_mob_by_BlacktipReefSharkEntityForge=1, death_CaribbeanReefOctopusEntityForge_mob_by_CommonStingrayEntityForge=1, death_CommonOctopusEntityForge_mob_by_GreatHammerheadSharkEntityForge=1, death_GiantMorayEelEntityForge_mob_by_CommonStingrayEntityForge=1, death_SandtigerSharkEntityForge_mob_by_TigerSharkEntityForge=1, living_deaths=19, navigation_calls=30495, sensor_calls=53865}	61	62
23800	649662608	{AmericanLobsterEntityForge=10, AtlanticCodEntityForge=8, AtlanticSalmonEntityForge=8, BlackSeaNettleJellyfishEntityForge=1, BlacktipReefSharkEntityForge=3, BottlenoseDolphinEntityForge=4, CannonballJellyfishEntityForge=2, CaribbeanReefOctopusEntityForge=2, CommonOctopusEntityForge=3, CommonStingrayEntityForge=3, CommonThresherSharkEntityForge=1, GiantMorayEelEntityForge=4, GreatHammerheadSharkEntityForge=1, GreatWhiteSharkEntityForge=1, GreenSeaTurtleEntityForge=3, HarborSealEntityForge=3, NautilusEntityForge=1, OceanicWhitetipSharkEntityForge=1, OrcaEntityForge=1, SandtigerSharkEntityForge=1, ShortfinMakoSharkEntityForge=1, TigerSharkEntityForge=1}	{AmericanLobsterEntityForge=300, AtlanticCodEntityForge=300, AtlanticSalmonEntityForge=300, BlackSeaNettleJellyfishEntityForge=300, BlacktipReefSharkEntityForge=300, BottlenoseDolphinEntityForge=700, CannonballJellyfishEntityForge=300, CaribbeanReefOctopusEntityForge=300, CommonOctopusEntityForge=300, CommonStingrayEntityForge=300, CommonThresherSharkEntityForge=300, GiantMorayEelEntityForge=300, GreatHammerheadSharkEntityForge=300, GreatWhiteSharkEntityForge=300, GreenSeaTurtleEntityForge=300, HarborSealEntityForge=300, NautilusEntityForge=300, OceanicWhitetipSharkEntityForge=300, OrcaEntityForge=700, SandtigerSharkEntityForge=300, ShortfinMakoSharkEntityForge=300, TigerSharkEntityForge=300}	11	{death_AmericanLobsterEntityForge_mob_by_CommonStingrayEntityForge=3, death_AmericanLobsterEntityForge_mob_by_SandtigerSharkEntityForge=1, death_AtlanticCodEntityForge_mob_by_BlacktipReefSharkEntityForge=1, death_AtlanticCodEntityForge_mob_by_CommonThresherSharkEntityForge=2, death_AtlanticCodEntityForge_mob_by_GreatHammerheadSharkEntityForge=1, death_AtlanticCodEntityForge_mob_by_TigerSharkEntityForge=1, death_AtlanticSalmonEntityForge_mob_by_BlacktipReefSharkEntityForge=2, death_AtlanticSalmonEntityForge_mob_by_OceanicWhitetipSharkEntityForge=1, death_BottlenoseDolphinEntityForge_mob_by_GreatWhiteSharkEntityForge=1, death_BottlenoseDolphinEntityForge_mob_by_ShortfinMakoSharkEntityForge=1, death_CaribbeanReefOctopusEntityForge_mob_by_BlacktipReefSharkEntityForge=1, death_CaribbeanReefOctopusEntityForge_mob_by_CommonStingrayEntityForge=1, death_CommonOctopusEntityForge_mob_by_GreatHammerheadSharkEntityForge=1, death_GiantMorayEelEntityForge_mob_by_CommonStingrayEntityForge=1, death_SandtigerSharkEntityForge_mob_by_TigerSharkEntityForge=1, living_deaths=19, navigation_calls=30805, sensor_calls=54334}	57	63
24000	739840144	{AmericanLobsterEntityForge=10, AtlanticCodEntityForge=7, AtlanticSalmonEntityForge=7, BlackSeaNettleJellyfishEntityForge=1, BlacktipReefSharkEntityForge=3, BottlenoseDolphinEntityForge=4, CannonballJellyfishEntityForge=2, CaribbeanReefOctopusEntityForge=2, CommonOctopusEntityForge=3, CommonStingrayEntityForge=3, CommonThresherSharkEntityForge=1, GiantMorayEelEntityForge=4, GreatHammerheadSharkEntityForge=1, GreatWhiteSharkEntityForge=1, GreenSeaTurtleEntityForge=3, HarborSealEntityForge=3, NautilusEntityForge=1, OceanicWhitetipSharkEntityForge=1, OrcaEntityForge=1, SandtigerSharkEntityForge=1, ShortfinMakoSharkEntityForge=1, TigerSharkEntityForge=1}	{AmericanLobsterEntityForge=300, AtlanticCodEntityForge=300, AtlanticSalmonEntityForge=300, BlackSeaNettleJellyfishEntityForge=300, BlacktipReefSharkEntityForge=300, BottlenoseDolphinEntityForge=700, CannonballJellyfishEntityForge=300, CaribbeanReefOctopusEntityForge=300, CommonOctopusEntityForge=300, CommonStingrayEntityForge=300, CommonThresherSharkEntityForge=300, GiantMorayEelEntityForge=300, GreatHammerheadSharkEntityForge=300, GreatWhiteSharkEntityForge=300, GreenSeaTurtleEntityForge=300, HarborSealEntityForge=300, NautilusEntityForge=300, OceanicWhitetipSharkEntityForge=300, OrcaEntityForge=700, SandtigerSharkEntityForge=300, ShortfinMakoSharkEntityForge=300, TigerSharkEntityForge=300}	11	{death_AmericanLobsterEntityForge_mob_by_CommonStingrayEntityForge=3, death_AmericanLobsterEntityForge_mob_by_SandtigerSharkEntityForge=1, death_AtlanticCodEntityForge_mob_by_BlacktipReefSharkEntityForge=1, death_AtlanticCodEntityForge_mob_by_CommonThresherSharkEntityForge=2, death_AtlanticCodEntityForge_mob_by_GreatHammerheadSharkEntityForge=1, death_AtlanticCodEntityForge_mob_by_SandtigerSharkEntityForge=1, death_AtlanticCodEntityForge_mob_by_TigerSharkEntityForge=1, death_AtlanticSalmonEntityForge_mob_by_BlacktipReefSharkEntityForge=3, death_AtlanticSalmonEntityForge_mob_by_OceanicWhitetipSharkEntityForge=1, death_BottlenoseDolphinEntityForge_mob_by_GreatWhiteSharkEntityForge=1, death_BottlenoseDolphinEntityForge_mob_by_ShortfinMakoSharkEntityForge=1, death_CaribbeanReefOctopusEntityForge_mob_by_BlacktipReefSharkEntityForge=1, death_CaribbeanReefOctopusEntityForge_mob_by_CommonStingrayEntityForge=1, death_CommonOctopusEntityForge_mob_by_GreatHammerheadSharkEntityForge=1, death_GiantMorayEelEntityForge_mob_by_CommonStingrayEntityForge=1, death_SandtigerSharkEntityForge_mob_by_TigerSharkEntityForge=1, living_deaths=21, navigation_calls=31097, sensor_calls=54810}	58	61
24200	823726224	{AmericanLobsterEntityForge=10, AtlanticCodEntityForge=8, AtlanticSalmonEntityForge=8, BlackSeaNettleJellyfishEntityForge=1, BlacktipReefSharkEntityForge=3, BottlenoseDolphinEntityForge=4, CannonballJellyfishEntityForge=2, CaribbeanReefOctopusEntityForge=2, CommonOctopusEntityForge=3, CommonStingrayEntityForge=3, CommonThresherSharkEntityForge=1, GiantMorayEelEntityForge=4, GreatHammerheadSharkEntityForge=1, GreatWhiteSharkEntityForge=1, GreenSeaTurtleEntityForge=2, HarborSealEntityForge=3, NautilusEntityForge=1, OceanicWhitetipSharkEntityForge=1, OrcaEntityForge=1, SandtigerSharkEntityForge=1, ShortfinMakoSharkEntityForge=1, TigerSharkEntityForge=1}	{AmericanLobsterEntityForge=300, AtlanticCodEntityForge=300, AtlanticSalmonEntityForge=300, BlackSeaNettleJellyfishEntityForge=300, BlacktipReefSharkEntityForge=300, BottlenoseDolphinEntityForge=700, CannonballJellyfishEntityForge=300, CaribbeanReefOctopusEntityForge=300, CommonOctopusEntityForge=300, CommonStingrayEntityForge=300, CommonThresherSharkEntityForge=300, GiantMorayEelEntityForge=300, GreatHammerheadSharkEntityForge=300, GreatWhiteSharkEntityForge=300, GreenSeaTurtleEntityForge=300, HarborSealEntityForge=300, NautilusEntityForge=300, OceanicWhitetipSharkEntityForge=300, OrcaEntityForge=700, SandtigerSharkEntityForge=300, ShortfinMakoSharkEntityForge=300, TigerSharkEntityForge=300}	11	{death_AmericanLobsterEntityForge_mob_by_CommonStingrayEntityForge=3, death_AmericanLobsterEntityForge_mob_by_SandtigerSharkEntityForge=1, death_AtlanticCodEntityForge_mob_by_BlacktipReefSharkEntityForge=1, death_AtlanticCodEntityForge_mob_by_CommonThresherSharkEntityForge=2, death_AtlanticCodEntityForge_mob_by_GreatHammerheadSharkEntityForge=1, death_AtlanticCodEntityForge_mob_by_SandtigerSharkEntityForge=1, death_AtlanticCodEntityForge_mob_by_TigerSharkEntityForge=1, death_AtlanticSalmonEntityForge_mob_by_BlacktipReefSharkEntityForge=3, death_AtlanticSalmonEntityForge_mob_by_OceanicWhitetipSharkEntityForge=1, death_BottlenoseDolphinEntityForge_mob_by_GreatWhiteSharkEntityForge=1, death_BottlenoseDolphinEntityForge_mob_by_ShortfinMakoSharkEntityForge=1, death_CaribbeanReefOctopusEntityForge_mob_by_BlacktipReefSharkEntityForge=1, death_CaribbeanReefOctopusEntityForge_mob_by_CommonStingrayEntityForge=1, death_CommonOctopusEntityForge_mob_by_GreatHammerheadSharkEntityForge=1, death_GiantMorayEelEntityForge_mob_by_CommonStingrayEntityForge=1, death_GreenSeaTurtleEntityForge_mob_by_OceanicWhitetipSharkEntityForge=1, death_SandtigerSharkEntityForge_mob_by_TigerSharkEntityForge=1, living_deaths=22, navigation_calls=31284, sensor_calls=55242}	58	62
24400	912855184	{AmericanLobsterEntityForge=10, AtlanticCodEntityForge=8, AtlanticSalmonEntityForge=8, BlackSeaNettleJellyfishEntityForge=1, BlacktipReefSharkEntityForge=3, BottlenoseDolphinEntityForge=4, CannonballJellyfishEntityForge=2, CaribbeanReefOctopusEntityForge=2, CommonOctopusEntityForge=3, CommonStingrayEntityForge=3, CommonThresherSharkEntityForge=1, GiantMorayEelEntityForge=4, GreatHammerheadSharkEntityForge=1, GreatWhiteSharkEntityForge=1, GreenSeaTurtleEntityForge=3, HarborSealEntityForge=3, NautilusEntityForge=1, OceanicWhitetipSharkEntityForge=1, OrcaEntityForge=1, SandtigerSharkEntityForge=1, ShortfinMakoSharkEntityForge=1, TigerSharkEntityForge=1}	{AmericanLobsterEntityForge=300, AtlanticCodEntityForge=300, AtlanticSalmonEntityForge=300, BlackSeaNettleJellyfishEntityForge=300, BlacktipReefSharkEntityForge=300, BottlenoseDolphinEntityForge=700, CannonballJellyfishEntityForge=300, CaribbeanReefOctopusEntityForge=300, CommonOctopusEntityForge=300, CommonStingrayEntityForge=300, CommonThresherSharkEntityForge=300, GiantMorayEelEntityForge=300, GreatHammerheadSharkEntityForge=300, GreatWhiteSharkEntityForge=300, GreenSeaTurtleEntityForge=300, HarborSealEntityForge=300, NautilusEntityForge=300, OceanicWhitetipSharkEntityForge=300, OrcaEntityForge=700, SandtigerSharkEntityForge=300, ShortfinMakoSharkEntityForge=300, TigerSharkEntityForge=300}	11	{death_AmericanLobsterEntityForge_mob_by_CommonStingrayEntityForge=3, death_AmericanLobsterEntityForge_mob_by_SandtigerSharkEntityForge=1, death_AtlanticCodEntityForge_mob_by_BlacktipReefSharkEntityForge=1, death_AtlanticCodEntityForge_mob_by_CommonThresherSharkEntityForge=2, death_AtlanticCodEntityForge_mob_by_GreatHammerheadSharkEntityForge=1, death_AtlanticCodEntityForge_mob_by_SandtigerSharkEntityForge=1, death_AtlanticCodEntityForge_mob_by_TigerSharkEntityForge=1, death_AtlanticSalmonEntityForge_mob_by_BlacktipReefSharkEntityForge=3, death_AtlanticSalmonEntityForge_mob_by_OceanicWhitetipSharkEntityForge=1, death_BottlenoseDolphinEntityForge_mob_by_GreatWhiteSharkEntityForge=1, death_BottlenoseDolphinEntityForge_mob_by_ShortfinMakoSharkEntityForge=1, death_CaribbeanReefOctopusEntityForge_mob_by_BlacktipReefSharkEntityForge=1, death_CaribbeanReefOctopusEntityForge_mob_by_CommonStingrayEntityForge=1, death_CommonOctopusEntityForge_mob_by_GreatHammerheadSharkEntityForge=1, death_GiantMorayEelEntityForge_mob_by_CommonStingrayEntityForge=1, death_GreenSeaTurtleEntityForge_mob_by_OceanicWhitetipSharkEntityForge=1, death_SandtigerSharkEntityForge_mob_by_TigerSharkEntityForge=1, living_deaths=22, navigation_calls=31534, sensor_calls=55716}	60	63
24600	1009324176	{AmericanLobsterEntityForge=10, AtlanticCodEntityForge=8, AtlanticSalmonEntityForge=8, BlackSeaNettleJellyfishEntityForge=1, BlacktipReefSharkEntityForge=3, BottlenoseDolphinEntityForge=4, CannonballJellyfishEntityForge=2, CaribbeanReefOctopusEntityForge=2, CommonOctopusEntityForge=3, CommonStingrayEntityForge=3, CommonThresherSharkEntityForge=1, GiantMorayEelEntityForge=4, GreatHammerheadSharkEntityForge=1, GreatWhiteSharkEntityForge=1, GreenSeaTurtleEntityForge=3, HarborSealEntityForge=3, NautilusEntityForge=1, OceanicWhitetipSharkEntityForge=1, OrcaEntityForge=1, SandtigerSharkEntityForge=1, ShortfinMakoSharkEntityForge=1, TigerSharkEntityForge=1}	{AmericanLobsterEntityForge=300, AtlanticCodEntityForge=300, AtlanticSalmonEntityForge=300, BlackSeaNettleJellyfishEntityForge=300, BlacktipReefSharkEntityForge=300, BottlenoseDolphinEntityForge=700, CannonballJellyfishEntityForge=300, CaribbeanReefOctopusEntityForge=300, CommonOctopusEntityForge=300, CommonStingrayEntityForge=300, CommonThresherSharkEntityForge=300, GiantMorayEelEntityForge=300, GreatHammerheadSharkEntityForge=300, GreatWhiteSharkEntityForge=300, GreenSeaTurtleEntityForge=300, HarborSealEntityForge=300, NautilusEntityForge=300, OceanicWhitetipSharkEntityForge=300, OrcaEntityForge=700, SandtigerSharkEntityForge=300, ShortfinMakoSharkEntityForge=300, TigerSharkEntityForge=300}	11	{death_AmericanLobsterEntityForge_mob_by_CommonStingrayEntityForge=3, death_AmericanLobsterEntityForge_mob_by_SandtigerSharkEntityForge=1, death_AtlanticCodEntityForge_mob_by_BlacktipReefSharkEntityForge=1, death_AtlanticCodEntityForge_mob_by_CommonThresherSharkEntityForge=2, death_AtlanticCodEntityForge_mob_by_GreatHammerheadSharkEntityForge=1, death_AtlanticCodEntityForge_mob_by_SandtigerSharkEntityForge=1, death_AtlanticCodEntityForge_mob_by_TigerSharkEntityForge=1, death_AtlanticSalmonEntityForge_mob_by_BlacktipReefSharkEntityForge=3, death_AtlanticSalmonEntityForge_mob_by_OceanicWhitetipSharkEntityForge=1, death_BottlenoseDolphinEntityForge_mob_by_GreatWhiteSharkEntityForge=1, death_BottlenoseDolphinEntityForge_mob_by_ShortfinMakoSharkEntityForge=1, death_CaribbeanReefOctopusEntityForge_mob_by_BlacktipReefSharkEntityForge=1, death_CaribbeanReefOctopusEntityForge_mob_by_CommonStingrayEntityForge=1, death_CommonOctopusEntityForge_mob_by_GreatHammerheadSharkEntityForge=1, death_GiantMorayEelEntityForge_mob_by_CommonStingrayEntityForge=1, death_GreenSeaTurtleEntityForge_mob_by_OceanicWhitetipSharkEntityForge=1, death_SandtigerSharkEntityForge_mob_by_TigerSharkEntityForge=1, living_deaths=22, navigation_calls=31772, sensor_calls=56155}	61	63
24800	1101598864	{AmericanLobsterEntityForge=10, AtlanticCodEntityForge=8, AtlanticSalmonEntityForge=8, BlackSeaNettleJellyfishEntityForge=1, BlacktipReefSharkEntityForge=3, BottlenoseDolphinEntityForge=4, CannonballJellyfishEntityForge=2, CaribbeanReefOctopusEntityForge=2, CommonOctopusEntityForge=3, CommonStingrayEntityForge=3, CommonThresherSharkEntityForge=1, GiantMorayEelEntityForge=4, GreatHammerheadSharkEntityForge=1, GreatWhiteSharkEntityForge=1, GreenSeaTurtleEntityForge=3, HarborSealEntityForge=3, NautilusEntityForge=1, OceanicWhitetipSharkEntityForge=1, OrcaEntityForge=1, SandtigerSharkEntityForge=1, ShortfinMakoSharkEntityForge=1, TigerSharkEntityForge=1}	{AmericanLobsterEntityForge=300, AtlanticCodEntityForge=300, AtlanticSalmonEntityForge=300, BlackSeaNettleJellyfishEntityForge=300, BlacktipReefSharkEntityForge=300, BottlenoseDolphinEntityForge=700, CannonballJellyfishEntityForge=300, CaribbeanReefOctopusEntityForge=300, CommonOctopusEntityForge=300, CommonStingrayEntityForge=300, CommonThresherSharkEntityForge=300, GiantMorayEelEntityForge=300, GreatHammerheadSharkEntityForge=300, GreatWhiteSharkEntityForge=300, GreenSeaTurtleEntityForge=300, HarborSealEntityForge=300, NautilusEntityForge=300, OceanicWhitetipSharkEntityForge=300, OrcaEntityForge=700, SandtigerSharkEntityForge=300, ShortfinMakoSharkEntityForge=300, TigerSharkEntityForge=300}	11	{death_AmericanLobsterEntityForge_mob_by_CommonStingrayEntityForge=3, death_AmericanLobsterEntityForge_mob_by_SandtigerSharkEntityForge=1, death_AtlanticCodEntityForge_mob_by_BlacktipReefSharkEntityForge=1, death_AtlanticCodEntityForge_mob_by_CommonThresherSharkEntityForge=2, death_AtlanticCodEntityForge_mob_by_GreatHammerheadSharkEntityForge=1, death_AtlanticCodEntityForge_mob_by_SandtigerSharkEntityForge=1, death_AtlanticCodEntityForge_mob_by_TigerSharkEntityForge=1, death_AtlanticSalmonEntityForge_mob_by_BlacktipReefSharkEntityForge=3, death_AtlanticSalmonEntityForge_mob_by_OceanicWhitetipSharkEntityForge=1, death_BottlenoseDolphinEntityForge_mob_by_GreatWhiteSharkEntityForge=1, death_BottlenoseDolphinEntityForge_mob_by_ShortfinMakoSharkEntityForge=1, death_CaribbeanReefOctopusEntityForge_mob_by_BlacktipReefSharkEntityForge=1, death_CaribbeanReefOctopusEntityForge_mob_by_CommonStingrayEntityForge=1, death_CommonOctopusEntityForge_mob_by_GreatHammerheadSharkEntityForge=1, death_GiantMorayEelEntityForge_mob_by_CommonStingrayEntityForge=1, death_GreenSeaTurtleEntityForge_mob_by_OceanicWhitetipSharkEntityForge=1, death_SandtigerSharkEntityForge_mob_by_TigerSharkEntityForge=1, living_deaths=22, navigation_calls=32014, sensor_calls=56628}	60	63
25000	1194922128	{AmericanLobsterEntityForge=10, AtlanticCodEntityForge=8, AtlanticSalmonEntityForge=8, BlackSeaNettleJellyfishEntityForge=1, BlacktipReefSharkEntityForge=3, BottlenoseDolphinEntityForge=4, CannonballJellyfishEntityForge=2, CaribbeanReefOctopusEntityForge=2, CommonOctopusEntityForge=3, CommonStingrayEntityForge=3, CommonThresherSharkEntityForge=1, GiantMorayEelEntityForge=4, GreatHammerheadSharkEntityForge=1, GreatWhiteSharkEntityForge=1, GreenSeaTurtleEntityForge=3, HarborSealEntityForge=3, NautilusEntityForge=1, OceanicWhitetipSharkEntityForge=1, OrcaEntityForge=1, SandtigerSharkEntityForge=1, ShortfinMakoSharkEntityForge=1, TigerSharkEntityForge=1}	{AmericanLobsterEntityForge=300, AtlanticCodEntityForge=300, AtlanticSalmonEntityForge=300, BlackSeaNettleJellyfishEntityForge=300, BlacktipReefSharkEntityForge=300, BottlenoseDolphinEntityForge=700, CannonballJellyfishEntityForge=300, CaribbeanReefOctopusEntityForge=300, CommonOctopusEntityForge=300, CommonStingrayEntityForge=300, CommonThresherSharkEntityForge=300, GiantMorayEelEntityForge=300, GreatHammerheadSharkEntityForge=300, GreatWhiteSharkEntityForge=300, GreenSeaTurtleEntityForge=300, HarborSealEntityForge=300, NautilusEntityForge=300, OceanicWhitetipSharkEntityForge=300, OrcaEntityForge=700, SandtigerSharkEntityForge=300, ShortfinMakoSharkEntityForge=300, TigerSharkEntityForge=300}	11	{death_AmericanLobsterEntityForge_mob_by_CommonStingrayEntityForge=3, death_AmericanLobsterEntityForge_mob_by_SandtigerSharkEntityForge=1, death_AtlanticCodEntityForge_mob_by_BlacktipReefSharkEntityForge=1, death_AtlanticCodEntityForge_mob_by_CommonThresherSharkEntityForge=2, death_AtlanticCodEntityForge_mob_by_GreatHammerheadSharkEntityForge=1, death_AtlanticCodEntityForge_mob_by_SandtigerSharkEntityForge=1, death_AtlanticCodEntityForge_mob_by_TigerSharkEntityForge=1, death_AtlanticSalmonEntityForge_mob_by_BlacktipReefSharkEntityForge=3, death_AtlanticSalmonEntityForge_mob_by_OceanicWhitetipSharkEntityForge=1, death_BottlenoseDolphinEntityForge_mob_by_GreatWhiteSharkEntityForge=1, death_BottlenoseDolphinEntityForge_mob_by_ShortfinMakoSharkEntityForge=1, death_CaribbeanReefOctopusEntityForge_mob_by_BlacktipReefSharkEntityForge=1, death_CaribbeanReefOctopusEntityForge_mob_by_CommonStingrayEntityForge=1, death_CommonOctopusEntityForge_mob_by_GreatHammerheadSharkEntityForge=1, death_GiantMorayEelEntityForge_mob_by_CommonStingrayEntityForge=1, death_GreenSeaTurtleEntityForge_mob_by_OceanicWhitetipSharkEntityForge=1, death_SandtigerSharkEntityForge_mob_by_TigerSharkEntityForge=1, living_deaths=22, navigation_calls=32290, sensor_calls=57071}	59	63
25200	1284051088	{AmericanLobsterEntityForge=10, AtlanticCodEntityForge=8, AtlanticSalmonEntityForge=8, BlackSeaNettleJellyfishEntityForge=1, BlacktipReefSharkEntityForge=3, BottlenoseDolphinEntityForge=4, CannonballJellyfishEntityForge=2, CaribbeanReefOctopusEntityForge=2, CommonOctopusEntityForge=3, CommonStingrayEntityForge=3, CommonThresherSharkEntityForge=1, GiantMorayEelEntityForge=4, GreatHammerheadSharkEntityForge=1, GreatWhiteSharkEntityForge=1, GreenSeaTurtleEntityForge=3, HarborSealEntityForge=3, NautilusEntityForge=1, OceanicWhitetipSharkEntityForge=1, OrcaEntityForge=1, SandtigerSharkEntityForge=1, ShortfinMakoSharkEntityForge=1, TigerSharkEntityForge=1}	{AmericanLobsterEntityForge=300, AtlanticCodEntityForge=300, AtlanticSalmonEntityForge=300, BlackSeaNettleJellyfishEntityForge=300, BlacktipReefSharkEntityForge=300, BottlenoseDolphinEntityForge=700, CannonballJellyfishEntityForge=300, CaribbeanReefOctopusEntityForge=300, CommonOctopusEntityForge=300, CommonStingrayEntityForge=300, CommonThresherSharkEntityForge=300, GiantMorayEelEntityForge=300, GreatHammerheadSharkEntityForge=300, GreatWhiteSharkEntityForge=300, GreenSeaTurtleEntityForge=300, HarborSealEntityForge=300, NautilusEntityForge=300, OceanicWhitetipSharkEntityForge=300, OrcaEntityForge=700, SandtigerSharkEntityForge=300, ShortfinMakoSharkEntityForge=300, TigerSharkEntityForge=300}	11	{death_AmericanLobsterEntityForge_mob_by_CommonStingrayEntityForge=3, death_AmericanLobsterEntityForge_mob_by_SandtigerSharkEntityForge=1, death_AtlanticCodEntityForge_mob_by_BlacktipReefSharkEntityForge=1, death_AtlanticCodEntityForge_mob_by_CommonThresherSharkEntityForge=2, death_AtlanticCodEntityForge_mob_by_GreatHammerheadSharkEntityForge=1, death_AtlanticCodEntityForge_mob_by_SandtigerSharkEntityForge=1, death_AtlanticCodEntityForge_mob_by_TigerSharkEntityForge=1, death_AtlanticSalmonEntityForge_mob_by_BlacktipReefSharkEntityForge=3, death_AtlanticSalmonEntityForge_mob_by_OceanicWhitetipSharkEntityForge=1, death_BottlenoseDolphinEntityForge_mob_by_GreatWhiteSharkEntityForge=1, death_BottlenoseDolphinEntityForge_mob_by_ShortfinMakoSharkEntityForge=1, death_CaribbeanReefOctopusEntityForge_mob_by_BlacktipReefSharkEntityForge=1, death_CaribbeanReefOctopusEntityForge_mob_by_CommonStingrayEntityForge=1, death_CommonOctopusEntityForge_mob_by_GreatHammerheadSharkEntityForge=1, death_GiantMorayEelEntityForge_mob_by_CommonStingrayEntityForge=1, death_GreenSeaTurtleEntityForge_mob_by_OceanicWhitetipSharkEntityForge=1, death_SandtigerSharkEntityForge_mob_by_TigerSharkEntityForge=1, living_deaths=22, navigation_calls=32561, sensor_calls=57541}	59	63
25400	1381568656	{AmericanLobsterEntityForge=10, AtlanticCodEntityForge=7, AtlanticSalmonEntityForge=7, BlackSeaNettleJellyfishEntityForge=1, BlacktipReefSharkEntityForge=3, BottlenoseDolphinEntityForge=4, CannonballJellyfishEntityForge=2, CaribbeanReefOctopusEntityForge=2, CommonOctopusEntityForge=3, CommonStingrayEntityForge=3, CommonThresherSharkEntityForge=1, GiantMorayEelEntityForge=4, GreatHammerheadSharkEntityForge=1, GreatWhiteSharkEntityForge=1, GreenSeaTurtleEntityForge=3, HarborSealEntityForge=3, NautilusEntityForge=1, OceanicWhitetipSharkEntityForge=1, OrcaEntityForge=1, SandtigerSharkEntityForge=1, ShortfinMakoSharkEntityForge=1, TigerSharkEntityForge=1}	{AmericanLobsterEntityForge=300, AtlanticCodEntityForge=300, AtlanticSalmonEntityForge=300, BlackSeaNettleJellyfishEntityForge=300, BlacktipReefSharkEntityForge=300, BottlenoseDolphinEntityForge=700, CannonballJellyfishEntityForge=300, CaribbeanReefOctopusEntityForge=300, CommonOctopusEntityForge=300, CommonStingrayEntityForge=300, CommonThresherSharkEntityForge=300, GiantMorayEelEntityForge=300, GreatHammerheadSharkEntityForge=300, GreatWhiteSharkEntityForge=300, GreenSeaTurtleEntityForge=300, HarborSealEntityForge=300, NautilusEntityForge=300, OceanicWhitetipSharkEntityForge=300, OrcaEntityForge=700, SandtigerSharkEntityForge=300, ShortfinMakoSharkEntityForge=300, TigerSharkEntityForge=300}	11	{death_AmericanLobsterEntityForge_mob_by_CommonStingrayEntityForge=3, death_AmericanLobsterEntityForge_mob_by_SandtigerSharkEntityForge=1, death_AtlanticCodEntityForge_mob_by_BlacktipReefSharkEntityForge=1, death_AtlanticCodEntityForge_mob_by_CommonThresherSharkEntityForge=2, death_AtlanticCodEntityForge_mob_by_GreatHammerheadSharkEntityForge=1, death_AtlanticCodEntityForge_mob_by_GreatWhiteSharkEntityForge=1, death_AtlanticCodEntityForge_mob_by_SandtigerSharkEntityForge=1, death_AtlanticCodEntityForge_mob_by_TigerSharkEntityForge=1, death_AtlanticSalmonEntityForge_mob_by_BlacktipReefSharkEntityForge=4, death_AtlanticSalmonEntityForge_mob_by_OceanicWhitetipSharkEntityForge=1, death_BottlenoseDolphinEntityForge_mob_by_GreatWhiteSharkEntityForge=1, death_BottlenoseDolphinEntityForge_mob_by_ShortfinMakoSharkEntityForge=1, death_CaribbeanReefOctopusEntityForge_mob_by_BlacktipReefSharkEntityForge=1, death_CaribbeanReefOctopusEntityForge_mob_by_CommonStingrayEntityForge=1, death_CommonOctopusEntityForge_mob_by_GreatHammerheadSharkEntityForge=1, death_GiantMorayEelEntityForge_mob_by_CommonStingrayEntityForge=1, death_GreenSeaTurtleEntityForge_mob_by_OceanicWhitetipSharkEntityForge=1, death_SandtigerSharkEntityForge_mob_by_TigerSharkEntityForge=1, living_deaths=24, navigation_calls=32819, sensor_calls=57983}	58	61
25600	1474891920	{AmericanLobsterEntityForge=10, AtlanticCodEntityForge=8, AtlanticSalmonEntityForge=8, BlackSeaNettleJellyfishEntityForge=1, BlacktipReefSharkEntityForge=3, BottlenoseDolphinEntityForge=4, CannonballJellyfishEntityForge=2, CaribbeanReefOctopusEntityForge=2, CommonOctopusEntityForge=3, CommonStingrayEntityForge=3, CommonThresherSharkEntityForge=1, GiantMorayEelEntityForge=4, GreatHammerheadSharkEntityForge=1, GreatWhiteSharkEntityForge=1, GreenSeaTurtleEntityForge=3, HarborSealEntityForge=3, NautilusEntityForge=1, OceanicWhitetipSharkEntityForge=1, OrcaEntityForge=1, SandtigerSharkEntityForge=1, ShortfinMakoSharkEntityForge=1, TigerSharkEntityForge=1}	{AmericanLobsterEntityForge=300, AtlanticCodEntityForge=300, AtlanticSalmonEntityForge=300, BlackSeaNettleJellyfishEntityForge=300, BlacktipReefSharkEntityForge=300, BottlenoseDolphinEntityForge=700, CannonballJellyfishEntityForge=300, CaribbeanReefOctopusEntityForge=300, CommonOctopusEntityForge=300, CommonStingrayEntityForge=300, CommonThresherSharkEntityForge=300, GiantMorayEelEntityForge=300, GreatHammerheadSharkEntityForge=300, GreatWhiteSharkEntityForge=300, GreenSeaTurtleEntityForge=300, HarborSealEntityForge=300, NautilusEntityForge=300, OceanicWhitetipSharkEntityForge=300, OrcaEntityForge=700, SandtigerSharkEntityForge=300, ShortfinMakoSharkEntityForge=300, TigerSharkEntityForge=300}	11	{death_AmericanLobsterEntityForge_mob_by_CommonStingrayEntityForge=3, death_AmericanLobsterEntityForge_mob_by_SandtigerSharkEntityForge=1, death_AtlanticCodEntityForge_mob_by_BlacktipReefSharkEntityForge=1, death_AtlanticCodEntityForge_mob_by_CommonThresherSharkEntityForge=2, death_AtlanticCodEntityForge_mob_by_GreatHammerheadSharkEntityForge=1, death_AtlanticCodEntityForge_mob_by_GreatWhiteSharkEntityForge=1, death_AtlanticCodEntityForge_mob_by_SandtigerSharkEntityForge=1, death_AtlanticCodEntityForge_mob_by_TigerSharkEntityForge=1, death_AtlanticSalmonEntityForge_mob_by_BlacktipReefSharkEntityForge=4, death_AtlanticSalmonEntityForge_mob_by_OceanicWhitetipSharkEntityForge=1, death_BottlenoseDolphinEntityForge_mob_by_GreatWhiteSharkEntityForge=1, death_BottlenoseDolphinEntityForge_mob_by_ShortfinMakoSharkEntityForge=1, death_CaribbeanReefOctopusEntityForge_mob_by_BlacktipReefSharkEntityForge=1, death_CaribbeanReefOctopusEntityForge_mob_by_CommonStingrayEntityForge=1, death_CommonOctopusEntityForge_mob_by_GreatHammerheadSharkEntityForge=1, death_GiantMorayEelEntityForge_mob_by_CommonStingrayEntityForge=1, death_GreenSeaTurtleEntityForge_mob_by_OceanicWhitetipSharkEntityForge=1, death_SandtigerSharkEntityForge_mob_by_TigerSharkEntityForge=1, living_deaths=24, navigation_calls=33022, sensor_calls=58453}	54	63
25800	288106776	{AmericanLobsterEntityForge=10, AtlanticCodEntityForge=8, AtlanticSalmonEntityForge=8, BlackSeaNettleJellyfishEntityForge=1, BlacktipReefSharkEntityForge=3, BottlenoseDolphinEntityForge=4, CannonballJellyfishEntityForge=2, CaribbeanReefOctopusEntityForge=2, CommonOctopusEntityForge=3, CommonStingrayEntityForge=3, CommonThresherSharkEntityForge=1, GiantMorayEelEntityForge=4, GreatHammerheadSharkEntityForge=1, GreatWhiteSharkEntityForge=1, GreenSeaTurtleEntityForge=3, HarborSealEntityForge=3, NautilusEntityForge=1, OceanicWhitetipSharkEntityForge=1, OrcaEntityForge=1, SandtigerSharkEntityForge=1, ShortfinMakoSharkEntityForge=1, TigerSharkEntityForge=1}	{AmericanLobsterEntityForge=300, AtlanticCodEntityForge=300, AtlanticSalmonEntityForge=300, BlackSeaNettleJellyfishEntityForge=300, BlacktipReefSharkEntityForge=300, BottlenoseDolphinEntityForge=700, CannonballJellyfishEntityForge=300, CaribbeanReefOctopusEntityForge=300, CommonOctopusEntityForge=300, CommonStingrayEntityForge=300, CommonThresherSharkEntityForge=300, GiantMorayEelEntityForge=300, GreatHammerheadSharkEntityForge=300, GreatWhiteSharkEntityForge=300, GreenSeaTurtleEntityForge=300, HarborSealEntityForge=300, NautilusEntityForge=300, OceanicWhitetipSharkEntityForge=300, OrcaEntityForge=700, SandtigerSharkEntityForge=300, ShortfinMakoSharkEntityForge=300, TigerSharkEntityForge=300}	11	{death_AmericanLobsterEntityForge_mob_by_CommonStingrayEntityForge=3, death_AmericanLobsterEntityForge_mob_by_SandtigerSharkEntityForge=1, death_AtlanticCodEntityForge_mob_by_BlacktipReefSharkEntityForge=1, death_AtlanticCodEntityForge_mob_by_CommonThresherSharkEntityForge=2, death_AtlanticCodEntityForge_mob_by_GreatHammerheadSharkEntityForge=1, death_AtlanticCodEntityForge_mob_by_GreatWhiteSharkEntityForge=1, death_AtlanticCodEntityForge_mob_by_SandtigerSharkEntityForge=1, death_AtlanticCodEntityForge_mob_by_TigerSharkEntityForge=1, death_AtlanticSalmonEntityForge_mob_by_BlacktipReefSharkEntityForge=4, death_AtlanticSalmonEntityForge_mob_by_OceanicWhitetipSharkEntityForge=1, death_BottlenoseDolphinEntityForge_mob_by_GreatWhiteSharkEntityForge=1, death_BottlenoseDolphinEntityForge_mob_by_ShortfinMakoSharkEntityForge=1, death_CaribbeanReefOctopusEntityForge_mob_by_BlacktipReefSharkEntityForge=1, death_CaribbeanReefOctopusEntityForge_mob_by_CommonStingrayEntityForge=1, death_CommonOctopusEntityForge_mob_by_GreatHammerheadSharkEntityForge=1, death_GiantMorayEelEntityForge_mob_by_CommonStingrayEntityForge=1, death_GreenSeaTurtleEntityForge_mob_by_OceanicWhitetipSharkEntityForge=1, death_SandtigerSharkEntityForge_mob_by_TigerSharkEntityForge=1, living_deaths=24, navigation_calls=33217, sensor_calls=58897}	61	63
26000	380381464	{AmericanLobsterEntityForge=10, AtlanticCodEntityForge=8, AtlanticSalmonEntityForge=8, BlackSeaNettleJellyfishEntityForge=1, BlacktipReefSharkEntityForge=3, BottlenoseDolphinEntityForge=4, CannonballJellyfishEntityForge=2, CaribbeanReefOctopusEntityForge=2, CommonOctopusEntityForge=3, CommonStingrayEntityForge=3, CommonThresherSharkEntityForge=1, GiantMorayEelEntityForge=4, GreatHammerheadSharkEntityForge=1, GreatWhiteSharkEntityForge=1, GreenSeaTurtleEntityForge=3, HarborSealEntityForge=3, NautilusEntityForge=1, OceanicWhitetipSharkEntityForge=1, OrcaEntityForge=1, SandtigerSharkEntityForge=1, ShortfinMakoSharkEntityForge=1, TigerSharkEntityForge=1}	{AmericanLobsterEntityForge=300, AtlanticCodEntityForge=300, AtlanticSalmonEntityForge=300, BlackSeaNettleJellyfishEntityForge=300, BlacktipReefSharkEntityForge=300, BottlenoseDolphinEntityForge=700, CannonballJellyfishEntityForge=300, CaribbeanReefOctopusEntityForge=300, CommonOctopusEntityForge=300, CommonStingrayEntityForge=300, CommonThresherSharkEntityForge=300, GiantMorayEelEntityForge=300, GreatHammerheadSharkEntityForge=300, GreatWhiteSharkEntityForge=300, GreenSeaTurtleEntityForge=300, HarborSealEntityForge=300, NautilusEntityForge=300, OceanicWhitetipSharkEntityForge=300, OrcaEntityForge=700, SandtigerSharkEntityForge=300, ShortfinMakoSharkEntityForge=300, TigerSharkEntityForge=300}	11	{death_AmericanLobsterEntityForge_mob_by_CommonStingrayEntityForge=3, death_AmericanLobsterEntityForge_mob_by_SandtigerSharkEntityForge=1, death_AtlanticCodEntityForge_mob_by_BlacktipReefSharkEntityForge=1, death_AtlanticCodEntityForge_mob_by_CommonThresherSharkEntityForge=2, death_AtlanticCodEntityForge_mob_by_GreatHammerheadSharkEntityForge=1, death_AtlanticCodEntityForge_mob_by_GreatWhiteSharkEntityForge=1, death_AtlanticCodEntityForge_mob_by_SandtigerSharkEntityForge=1, death_AtlanticCodEntityForge_mob_by_TigerSharkEntityForge=1, death_AtlanticSalmonEntityForge_mob_by_BlacktipReefSharkEntityForge=4, death_AtlanticSalmonEntityForge_mob_by_OceanicWhitetipSharkEntityForge=1, death_BottlenoseDolphinEntityForge_mob_by_GreatWhiteSharkEntityForge=1, death_BottlenoseDolphinEntityForge_mob_by_ShortfinMakoSharkEntityForge=1, death_CaribbeanReefOctopusEntityForge_mob_by_BlacktipReefSharkEntityForge=1, death_CaribbeanReefOctopusEntityForge_mob_by_CommonStingrayEntityForge=1, death_CommonOctopusEntityForge_mob_by_GreatHammerheadSharkEntityForge=1, death_GiantMorayEelEntityForge_mob_by_CommonStingrayEntityForge=1, death_GreenSeaTurtleEntityForge_mob_by_OceanicWhitetipSharkEntityForge=1, death_SandtigerSharkEntityForge_mob_by_TigerSharkEntityForge=1, living_deaths=24, navigation_calls=33406, sensor_calls=59366}	57	63
26200	477899032	{AmericanLobsterEntityForge=10, AtlanticCodEntityForge=8, AtlanticSalmonEntityForge=8, BlackSeaNettleJellyfishEntityForge=1, BlacktipReefSharkEntityForge=3, BottlenoseDolphinEntityForge=4, CannonballJellyfishEntityForge=2, CaribbeanReefOctopusEntityForge=2, CommonOctopusEntityForge=3, CommonStingrayEntityForge=3, CommonThresherSharkEntityForge=1, GiantMorayEelEntityForge=4, GreatHammerheadSharkEntityForge=1, GreatWhiteSharkEntityForge=1, GreenSeaTurtleEntityForge=3, HarborSealEntityForge=3, NautilusEntityForge=1, OceanicWhitetipSharkEntityForge=1, OrcaEntityForge=1, SandtigerSharkEntityForge=1, ShortfinMakoSharkEntityForge=1, TigerSharkEntityForge=1}	{AmericanLobsterEntityForge=300, AtlanticCodEntityForge=300, AtlanticSalmonEntityForge=300, BlackSeaNettleJellyfishEntityForge=300, BlacktipReefSharkEntityForge=300, BottlenoseDolphinEntityForge=700, CannonballJellyfishEntityForge=300, CaribbeanReefOctopusEntityForge=300, CommonOctopusEntityForge=300, CommonStingrayEntityForge=300, CommonThresherSharkEntityForge=300, GiantMorayEelEntityForge=300, GreatHammerheadSharkEntityForge=300, GreatWhiteSharkEntityForge=300, GreenSeaTurtleEntityForge=300, HarborSealEntityForge=300, NautilusEntityForge=300, OceanicWhitetipSharkEntityForge=300, OrcaEntityForge=700, SandtigerSharkEntityForge=300, ShortfinMakoSharkEntityForge=300, TigerSharkEntityForge=300}	11	{death_AmericanLobsterEntityForge_mob_by_CommonStingrayEntityForge=3, death_AmericanLobsterEntityForge_mob_by_SandtigerSharkEntityForge=1, death_AtlanticCodEntityForge_mob_by_BlacktipReefSharkEntityForge=1, death_AtlanticCodEntityForge_mob_by_CommonThresherSharkEntityForge=2, death_AtlanticCodEntityForge_mob_by_GreatHammerheadSharkEntityForge=1, death_AtlanticCodEntityForge_mob_by_GreatWhiteSharkEntityForge=1, death_AtlanticCodEntityForge_mob_by_SandtigerSharkEntityForge=1, death_AtlanticCodEntityForge_mob_by_TigerSharkEntityForge=1, death_AtlanticSalmonEntityForge_mob_by_BlacktipReefSharkEntityForge=4, death_AtlanticSalmonEntityForge_mob_by_OceanicWhitetipSharkEntityForge=1, death_BottlenoseDolphinEntityForge_mob_by_GreatWhiteSharkEntityForge=1, death_BottlenoseDolphinEntityForge_mob_by_ShortfinMakoSharkEntityForge=1, death_CaribbeanReefOctopusEntityForge_mob_by_BlacktipReefSharkEntityForge=1, death_CaribbeanReefOctopusEntityForge_mob_by_CommonStingrayEntityForge=1, death_CommonOctopusEntityForge_mob_by_GreatHammerheadSharkEntityForge=1, death_GiantMorayEelEntityForge_mob_by_CommonStingrayEntityForge=1, death_GreenSeaTurtleEntityForge_mob_by_OceanicWhitetipSharkEntityForge=1, death_SandtigerSharkEntityForge_mob_by_TigerSharkEntityForge=1, living_deaths=24, navigation_calls=33633, sensor_calls=59810}	62	63
26400	569125144	{AmericanLobsterEntityForge=10, AtlanticCodEntityForge=8, AtlanticSalmonEntityForge=8, BlackSeaNettleJellyfishEntityForge=1, BlacktipReefSharkEntityForge=3, BottlenoseDolphinEntityForge=4, CannonballJellyfishEntityForge=2, CaribbeanReefOctopusEntityForge=2, CommonOctopusEntityForge=3, CommonStingrayEntityForge=3, CommonThresherSharkEntityForge=1, GiantMorayEelEntityForge=4, GreatHammerheadSharkEntityForge=1, GreatWhiteSharkEntityForge=1, GreenSeaTurtleEntityForge=3, HarborSealEntityForge=3, NautilusEntityForge=1, OceanicWhitetipSharkEntityForge=1, OrcaEntityForge=1, SandtigerSharkEntityForge=1, ShortfinMakoSharkEntityForge=1, TigerSharkEntityForge=1}	{AmericanLobsterEntityForge=300, AtlanticCodEntityForge=300, AtlanticSalmonEntityForge=300, BlackSeaNettleJellyfishEntityForge=300, BlacktipReefSharkEntityForge=300, BottlenoseDolphinEntityForge=700, CannonballJellyfishEntityForge=300, CaribbeanReefOctopusEntityForge=300, CommonOctopusEntityForge=300, CommonStingrayEntityForge=300, CommonThresherSharkEntityForge=300, GiantMorayEelEntityForge=300, GreatHammerheadSharkEntityForge=300, GreatWhiteSharkEntityForge=300, GreenSeaTurtleEntityForge=300, HarborSealEntityForge=300, NautilusEntityForge=300, OceanicWhitetipSharkEntityForge=300, OrcaEntityForge=700, SandtigerSharkEntityForge=300, ShortfinMakoSharkEntityForge=300, TigerSharkEntityForge=300}	11	{death_AmericanLobsterEntityForge_mob_by_CommonStingrayEntityForge=3, death_AmericanLobsterEntityForge_mob_by_SandtigerSharkEntityForge=1, death_AtlanticCodEntityForge_mob_by_BlacktipReefSharkEntityForge=1, death_AtlanticCodEntityForge_mob_by_CommonThresherSharkEntityForge=2, death_AtlanticCodEntityForge_mob_by_GreatHammerheadSharkEntityForge=1, death_AtlanticCodEntityForge_mob_by_GreatWhiteSharkEntityForge=1, death_AtlanticCodEntityForge_mob_by_SandtigerSharkEntityForge=1, death_AtlanticCodEntityForge_mob_by_TigerSharkEntityForge=1, death_AtlanticSalmonEntityForge_mob_by_BlacktipReefSharkEntityForge=4, death_AtlanticSalmonEntityForge_mob_by_OceanicWhitetipSharkEntityForge=1, death_BottlenoseDolphinEntityForge_mob_by_GreatWhiteSharkEntityForge=1, death_BottlenoseDolphinEntityForge_mob_by_ShortfinMakoSharkEntityForge=1, death_CaribbeanReefOctopusEntityForge_mob_by_BlacktipReefSharkEntityForge=1, death_CaribbeanReefOctopusEntityForge_mob_by_CommonStingrayEntityForge=1, death_CommonOctopusEntityForge_mob_by_GreatHammerheadSharkEntityForge=1, death_GiantMorayEelEntityForge_mob_by_CommonStingrayEntityForge=1, death_GreenSeaTurtleEntityForge_mob_by_OceanicWhitetipSharkEntityForge=1, death_SandtigerSharkEntityForge_mob_by_TigerSharkEntityForge=1, living_deaths=24, navigation_calls=33872, sensor_calls=60278}	61	63
26600	661399832	{AmericanLobsterEntityForge=10, AtlanticCodEntityForge=8, AtlanticSalmonEntityForge=7, BlackSeaNettleJellyfishEntityForge=1, BlacktipReefSharkEntityForge=3, BottlenoseDolphinEntityForge=3, CannonballJellyfishEntityForge=2, CaribbeanReefOctopusEntityForge=2, CommonOctopusEntityForge=3, CommonStingrayEntityForge=3, CommonThresherSharkEntityForge=1, GiantMorayEelEntityForge=4, GreatHammerheadSharkEntityForge=1, GreatWhiteSharkEntityForge=1, GreenSeaTurtleEntityForge=3, HarborSealEntityForge=3, NautilusEntityForge=1, OceanicWhitetipSharkEntityForge=1, OrcaEntityForge=1, SandtigerSharkEntityForge=1, ShortfinMakoSharkEntityForge=1, TigerSharkEntityForge=1}	{AmericanLobsterEntityForge=300, AtlanticCodEntityForge=300, AtlanticSalmonEntityForge=300, BlackSeaNettleJellyfishEntityForge=300, BlacktipReefSharkEntityForge=300, BottlenoseDolphinEntityForge=700, CannonballJellyfishEntityForge=300, CaribbeanReefOctopusEntityForge=300, CommonOctopusEntityForge=300, CommonStingrayEntityForge=300, CommonThresherSharkEntityForge=300, GiantMorayEelEntityForge=300, GreatHammerheadSharkEntityForge=300, GreatWhiteSharkEntityForge=300, GreenSeaTurtleEntityForge=300, HarborSealEntityForge=300, NautilusEntityForge=300, OceanicWhitetipSharkEntityForge=300, OrcaEntityForge=700, SandtigerSharkEntityForge=300, ShortfinMakoSharkEntityForge=300, TigerSharkEntityForge=300}	11	{death_AmericanLobsterEntityForge_mob_by_CommonStingrayEntityForge=3, death_AmericanLobsterEntityForge_mob_by_SandtigerSharkEntityForge=1, death_AtlanticCodEntityForge_mob_by_BlacktipReefSharkEntityForge=1, death_AtlanticCodEntityForge_mob_by_CommonThresherSharkEntityForge=2, death_AtlanticCodEntityForge_mob_by_GreatHammerheadSharkEntityForge=1, death_AtlanticCodEntityForge_mob_by_GreatWhiteSharkEntityForge=1, death_AtlanticCodEntityForge_mob_by_SandtigerSharkEntityForge=1, death_AtlanticCodEntityForge_mob_by_TigerSharkEntityForge=1, death_AtlanticSalmonEntityForge_mob_by_BlacktipReefSharkEntityForge=4, death_AtlanticSalmonEntityForge_mob_by_CommonThresherSharkEntityForge=1, death_AtlanticSalmonEntityForge_mob_by_OceanicWhitetipSharkEntityForge=1, death_BottlenoseDolphinEntityForge_mob_by_GreatWhiteSharkEntityForge=1, death_BottlenoseDolphinEntityForge_mob_by_ShortfinMakoSharkEntityForge=2, death_CaribbeanReefOctopusEntityForge_mob_by_BlacktipReefSharkEntityForge=1, death_CaribbeanReefOctopusEntityForge_mob_by_CommonStingrayEntityForge=1, death_CommonOctopusEntityForge_mob_by_GreatHammerheadSharkEntityForge=1, death_GiantMorayEelEntityForge_mob_by_CommonStingrayEntityForge=1, death_GreenSeaTurtleEntityForge_mob_by_OceanicWhitetipSharkEntityForge=1, death_SandtigerSharkEntityForge_mob_by_TigerSharkEntityForge=1, living_deaths=26, navigation_calls=34082, sensor_calls=60715}	59	61
26800	753674520	{AmericanLobsterEntityForge=10, AtlanticCodEntityForge=8, AtlanticSalmonEntityForge=8, BlackSeaNettleJellyfishEntityForge=1, BlacktipReefSharkEntityForge=3, BottlenoseDolphinEntityForge=4, CannonballJellyfishEntityForge=2, CaribbeanReefOctopusEntityForge=2, CommonOctopusEntityForge=3, CommonStingrayEntityForge=3, CommonThresherSharkEntityForge=1, GiantMorayEelEntityForge=4, GreatHammerheadSharkEntityForge=1, GreatWhiteSharkEntityForge=1, GreenSeaTurtleEntityForge=3, HarborSealEntityForge=3, NautilusEntityForge=1, OceanicWhitetipSharkEntityForge=1, OrcaEntityForge=1, SandtigerSharkEntityForge=1, ShortfinMakoSharkEntityForge=1, TigerSharkEntityForge=1}	{AmericanLobsterEntityForge=300, AtlanticCodEntityForge=300, AtlanticSalmonEntityForge=300, BlackSeaNettleJellyfishEntityForge=300, BlacktipReefSharkEntityForge=300, BottlenoseDolphinEntityForge=700, CannonballJellyfishEntityForge=300, CaribbeanReefOctopusEntityForge=300, CommonOctopusEntityForge=300, CommonStingrayEntityForge=300, CommonThresherSharkEntityForge=300, GiantMorayEelEntityForge=300, GreatHammerheadSharkEntityForge=300, GreatWhiteSharkEntityForge=300, GreenSeaTurtleEntityForge=300, HarborSealEntityForge=300, NautilusEntityForge=300, OceanicWhitetipSharkEntityForge=300, OrcaEntityForge=700, SandtigerSharkEntityForge=300, ShortfinMakoSharkEntityForge=300, TigerSharkEntityForge=300}	11	{death_AmericanLobsterEntityForge_mob_by_CommonStingrayEntityForge=3, death_AmericanLobsterEntityForge_mob_by_SandtigerSharkEntityForge=1, death_AtlanticCodEntityForge_mob_by_BlacktipReefSharkEntityForge=1, death_AtlanticCodEntityForge_mob_by_CommonThresherSharkEntityForge=2, death_AtlanticCodEntityForge_mob_by_GreatHammerheadSharkEntityForge=1, death_AtlanticCodEntityForge_mob_by_GreatWhiteSharkEntityForge=1, death_AtlanticCodEntityForge_mob_by_SandtigerSharkEntityForge=1, death_AtlanticCodEntityForge_mob_by_TigerSharkEntityForge=1, death_AtlanticSalmonEntityForge_mob_by_BlacktipReefSharkEntityForge=4, death_AtlanticSalmonEntityForge_mob_by_CommonThresherSharkEntityForge=1, death_AtlanticSalmonEntityForge_mob_by_OceanicWhitetipSharkEntityForge=1, death_BottlenoseDolphinEntityForge_mob_by_GreatWhiteSharkEntityForge=1, death_BottlenoseDolphinEntityForge_mob_by_ShortfinMakoSharkEntityForge=2, death_CaribbeanReefOctopusEntityForge_mob_by_BlacktipReefSharkEntityForge=1, death_CaribbeanReefOctopusEntityForge_mob_by_CommonStingrayEntityForge=1, death_CommonOctopusEntityForge_mob_by_GreatHammerheadSharkEntityForge=1, death_GiantMorayEelEntityForge_mob_by_CommonStingrayEntityForge=1, death_GreenSeaTurtleEntityForge_mob_by_OceanicWhitetipSharkEntityForge=1, death_SandtigerSharkEntityForge_mob_by_TigerSharkEntityForge=1, living_deaths=26, navigation_calls=34268, sensor_calls=61183}	59	63
27000	842803480	{AmericanLobsterEntityForge=10, AtlanticCodEntityForge=8, AtlanticSalmonEntityForge=8, BlackSeaNettleJellyfishEntityForge=1, BlacktipReefSharkEntityForge=3, BottlenoseDolphinEntityForge=4, CannonballJellyfishEntityForge=2, CaribbeanReefOctopusEntityForge=2, CommonOctopusEntityForge=3, CommonStingrayEntityForge=3, CommonThresherSharkEntityForge=1, GiantMorayEelEntityForge=4, GreatHammerheadSharkEntityForge=1, GreatWhiteSharkEntityForge=1, GreenSeaTurtleEntityForge=3, HarborSealEntityForge=3, NautilusEntityForge=1, OceanicWhitetipSharkEntityForge=1, OrcaEntityForge=1, SandtigerSharkEntityForge=1, ShortfinMakoSharkEntityForge=1, TigerSharkEntityForge=1}	{AmericanLobsterEntityForge=300, AtlanticCodEntityForge=300, AtlanticSalmonEntityForge=300, BlackSeaNettleJellyfishEntityForge=300, BlacktipReefSharkEntityForge=300, BottlenoseDolphinEntityForge=700, CannonballJellyfishEntityForge=300, CaribbeanReefOctopusEntityForge=300, CommonOctopusEntityForge=300, CommonStingrayEntityForge=300, CommonThresherSharkEntityForge=300, GiantMorayEelEntityForge=300, GreatHammerheadSharkEntityForge=300, GreatWhiteSharkEntityForge=300, GreenSeaTurtleEntityForge=300, HarborSealEntityForge=300, NautilusEntityForge=300, OceanicWhitetipSharkEntityForge=300, OrcaEntityForge=700, SandtigerSharkEntityForge=300, ShortfinMakoSharkEntityForge=300, TigerSharkEntityForge=300}	11	{death_AmericanLobsterEntityForge_mob_by_CommonStingrayEntityForge=3, death_AmericanLobsterEntityForge_mob_by_SandtigerSharkEntityForge=1, death_AtlanticCodEntityForge_mob_by_BlacktipReefSharkEntityForge=1, death_AtlanticCodEntityForge_mob_by_CommonThresherSharkEntityForge=2, death_AtlanticCodEntityForge_mob_by_GreatHammerheadSharkEntityForge=1, death_AtlanticCodEntityForge_mob_by_GreatWhiteSharkEntityForge=1, death_AtlanticCodEntityForge_mob_by_SandtigerSharkEntityForge=1, death_AtlanticCodEntityForge_mob_by_TigerSharkEntityForge=1, death_AtlanticSalmonEntityForge_mob_by_BlacktipReefSharkEntityForge=4, death_AtlanticSalmonEntityForge_mob_by_CommonThresherSharkEntityForge=1, death_AtlanticSalmonEntityForge_mob_by_OceanicWhitetipSharkEntityForge=1, death_BottlenoseDolphinEntityForge_mob_by_GreatWhiteSharkEntityForge=1, death_BottlenoseDolphinEntityForge_mob_by_ShortfinMakoSharkEntityForge=2, death_CaribbeanReefOctopusEntityForge_mob_by_BlacktipReefSharkEntityForge=1, death_CaribbeanReefOctopusEntityForge_mob_by_CommonStingrayEntityForge=1, death_CommonOctopusEntityForge_mob_by_GreatHammerheadSharkEntityForge=1, death_GiantMorayEelEntityForge_mob_by_CommonStingrayEntityForge=1, death_GreenSeaTurtleEntityForge_mob_by_OceanicWhitetipSharkEntityForge=1, death_SandtigerSharkEntityForge_mob_by_TigerSharkEntityForge=1, living_deaths=26, navigation_calls=34454, sensor_calls=61627}	62	63
27200	935078168	{AmericanLobsterEntityForge=10, AtlanticCodEntityForge=8, AtlanticSalmonEntityForge=8, BlackSeaNettleJellyfishEntityForge=1, BlacktipReefSharkEntityForge=3, BottlenoseDolphinEntityForge=4, CannonballJellyfishEntityForge=2, CaribbeanReefOctopusEntityForge=2, CommonOctopusEntityForge=3, CommonStingrayEntityForge=3, CommonThresherSharkEntityForge=1, GiantMorayEelEntityForge=4, GreatHammerheadSharkEntityForge=1, GreatWhiteSharkEntityForge=1, GreenSeaTurtleEntityForge=3, HarborSealEntityForge=3, NautilusEntityForge=1, OceanicWhitetipSharkEntityForge=1, OrcaEntityForge=1, SandtigerSharkEntityForge=1, ShortfinMakoSharkEntityForge=1, TigerSharkEntityForge=1}	{AmericanLobsterEntityForge=300, AtlanticCodEntityForge=300, AtlanticSalmonEntityForge=300, BlackSeaNettleJellyfishEntityForge=300, BlacktipReefSharkEntityForge=300, BottlenoseDolphinEntityForge=700, CannonballJellyfishEntityForge=300, CaribbeanReefOctopusEntityForge=300, CommonOctopusEntityForge=300, CommonStingrayEntityForge=300, CommonThresherSharkEntityForge=300, GiantMorayEelEntityForge=300, GreatHammerheadSharkEntityForge=300, GreatWhiteSharkEntityForge=300, GreenSeaTurtleEntityForge=300, HarborSealEntityForge=300, NautilusEntityForge=300, OceanicWhitetipSharkEntityForge=300, OrcaEntityForge=700, SandtigerSharkEntityForge=300, ShortfinMakoSharkEntityForge=300, TigerSharkEntityForge=300}	11	{death_AmericanLobsterEntityForge_mob_by_CommonStingrayEntityForge=3, death_AmericanLobsterEntityForge_mob_by_SandtigerSharkEntityForge=1, death_AtlanticCodEntityForge_mob_by_BlacktipReefSharkEntityForge=1, death_AtlanticCodEntityForge_mob_by_CommonThresherSharkEntityForge=2, death_AtlanticCodEntityForge_mob_by_GreatHammerheadSharkEntityForge=1, death_AtlanticCodEntityForge_mob_by_GreatWhiteSharkEntityForge=1, death_AtlanticCodEntityForge_mob_by_SandtigerSharkEntityForge=1, death_AtlanticCodEntityForge_mob_by_TigerSharkEntityForge=1, death_AtlanticSalmonEntityForge_mob_by_BlacktipReefSharkEntityForge=4, death_AtlanticSalmonEntityForge_mob_by_CommonThresherSharkEntityForge=1, death_AtlanticSalmonEntityForge_mob_by_OceanicWhitetipSharkEntityForge=1, death_BottlenoseDolphinEntityForge_mob_by_GreatWhiteSharkEntityForge=1, death_BottlenoseDolphinEntityForge_mob_by_ShortfinMakoSharkEntityForge=2, death_CaribbeanReefOctopusEntityForge_mob_by_BlacktipReefSharkEntityForge=1, death_CaribbeanReefOctopusEntityForge_mob_by_CommonStingrayEntityForge=1, death_CommonOctopusEntityForge_mob_by_GreatHammerheadSharkEntityForge=1, death_GiantMorayEelEntityForge_mob_by_CommonStingrayEntityForge=1, death_GreenSeaTurtleEntityForge_mob_by_OceanicWhitetipSharkEntityForge=1, death_SandtigerSharkEntityForge_mob_by_TigerSharkEntityForge=1, living_deaths=26, navigation_calls=34747, sensor_calls=62095}	59	63
27400	1027352856	{AmericanLobsterEntityForge=10, AtlanticCodEntityForge=8, AtlanticSalmonEntityForge=8, BlackSeaNettleJellyfishEntityForge=1, BlacktipReefSharkEntityForge=3, BottlenoseDolphinEntityForge=4, CannonballJellyfishEntityForge=2, CaribbeanReefOctopusEntityForge=2, CommonOctopusEntityForge=3, CommonStingrayEntityForge=3, CommonThresherSharkEntityForge=1, GiantMorayEelEntityForge=4, GreatHammerheadSharkEntityForge=1, GreatWhiteSharkEntityForge=1, GreenSeaTurtleEntityForge=3, HarborSealEntityForge=3, NautilusEntityForge=1, OceanicWhitetipSharkEntityForge=1, OrcaEntityForge=1, SandtigerSharkEntityForge=1, ShortfinMakoSharkEntityForge=1, TigerSharkEntityForge=1}	{AmericanLobsterEntityForge=300, AtlanticCodEntityForge=300, AtlanticSalmonEntityForge=300, BlackSeaNettleJellyfishEntityForge=300, BlacktipReefSharkEntityForge=300, BottlenoseDolphinEntityForge=700, CannonballJellyfishEntityForge=300, CaribbeanReefOctopusEntityForge=300, CommonOctopusEntityForge=300, CommonStingrayEntityForge=300, CommonThresherSharkEntityForge=300, GiantMorayEelEntityForge=300, GreatHammerheadSharkEntityForge=300, GreatWhiteSharkEntityForge=300, GreenSeaTurtleEntityForge=300, HarborSealEntityForge=300, NautilusEntityForge=300, OceanicWhitetipSharkEntityForge=300, OrcaEntityForge=700, SandtigerSharkEntityForge=300, ShortfinMakoSharkEntityForge=300, TigerSharkEntityForge=300}	11	{death_AmericanLobsterEntityForge_mob_by_CommonStingrayEntityForge=3, death_AmericanLobsterEntityForge_mob_by_SandtigerSharkEntityForge=1, death_AtlanticCodEntityForge_mob_by_BlacktipReefSharkEntityForge=1, death_AtlanticCodEntityForge_mob_by_CommonThresherSharkEntityForge=2, death_AtlanticCodEntityForge_mob_by_GreatHammerheadSharkEntityForge=1, death_AtlanticCodEntityForge_mob_by_GreatWhiteSharkEntityForge=1, death_AtlanticCodEntityForge_mob_by_SandtigerSharkEntityForge=1, death_AtlanticCodEntityForge_mob_by_TigerSharkEntityForge=1, death_AtlanticSalmonEntityForge_mob_by_BlacktipReefSharkEntityForge=4, death_AtlanticSalmonEntityForge_mob_by_CommonThresherSharkEntityForge=1, death_AtlanticSalmonEntityForge_mob_by_OceanicWhitetipSharkEntityForge=1, death_BottlenoseDolphinEntityForge_mob_by_GreatWhiteSharkEntityForge=1, death_BottlenoseDolphinEntityForge_mob_by_ShortfinMakoSharkEntityForge=2, death_CaribbeanReefOctopusEntityForge_mob_by_BlacktipReefSharkEntityForge=1, death_CaribbeanReefOctopusEntityForge_mob_by_CommonStingrayEntityForge=1, death_CommonOctopusEntityForge_mob_by_GreatHammerheadSharkEntityForge=1, death_GiantMorayEelEntityForge_mob_by_CommonStingrayEntityForge=1, death_GreenSeaTurtleEntityForge_mob_by_OceanicWhitetipSharkEntityForge=1, death_SandtigerSharkEntityForge_mob_by_TigerSharkEntityForge=1, living_deaths=26, navigation_calls=35045, sensor_calls=62540}	58	63
27600	1120676120	{AmericanLobsterEntityForge=10, AtlanticCodEntityForge=8, AtlanticSalmonEntityForge=8, BlackSeaNettleJellyfishEntityForge=1, BlacktipReefSharkEntityForge=3, BottlenoseDolphinEntityForge=4, CannonballJellyfishEntityForge=2, CaribbeanReefOctopusEntityForge=2, CommonOctopusEntityForge=2, CommonStingrayEntityForge=3, CommonThresherSharkEntityForge=1, GiantMorayEelEntityForge=4, GreatHammerheadSharkEntityForge=1, GreatWhiteSharkEntityForge=1, GreenSeaTurtleEntityForge=3, HarborSealEntityForge=3, NautilusEntityForge=1, OceanicWhitetipSharkEntityForge=1, OrcaEntityForge=1, SandtigerSharkEntityForge=1, ShortfinMakoSharkEntityForge=1, TigerSharkEntityForge=1}	{AmericanLobsterEntityForge=300, AtlanticCodEntityForge=300, AtlanticSalmonEntityForge=300, BlackSeaNettleJellyfishEntityForge=300, BlacktipReefSharkEntityForge=300, BottlenoseDolphinEntityForge=700, CannonballJellyfishEntityForge=300, CaribbeanReefOctopusEntityForge=300, CommonOctopusEntityForge=300, CommonStingrayEntityForge=300, CommonThresherSharkEntityForge=300, GiantMorayEelEntityForge=300, GreatHammerheadSharkEntityForge=300, GreatWhiteSharkEntityForge=300, GreenSeaTurtleEntityForge=300, HarborSealEntityForge=300, NautilusEntityForge=300, OceanicWhitetipSharkEntityForge=300, OrcaEntityForge=700, SandtigerSharkEntityForge=300, ShortfinMakoSharkEntityForge=300, TigerSharkEntityForge=300}	11	{death_AmericanLobsterEntityForge_mob_by_CommonStingrayEntityForge=3, death_AmericanLobsterEntityForge_mob_by_SandtigerSharkEntityForge=1, death_AtlanticCodEntityForge_mob_by_BlacktipReefSharkEntityForge=1, death_AtlanticCodEntityForge_mob_by_CommonThresherSharkEntityForge=2, death_AtlanticCodEntityForge_mob_by_GreatHammerheadSharkEntityForge=1, death_AtlanticCodEntityForge_mob_by_GreatWhiteSharkEntityForge=1, death_AtlanticCodEntityForge_mob_by_SandtigerSharkEntityForge=1, death_AtlanticCodEntityForge_mob_by_TigerSharkEntityForge=1, death_AtlanticSalmonEntityForge_mob_by_BlacktipReefSharkEntityForge=4, death_AtlanticSalmonEntityForge_mob_by_CommonThresherSharkEntityForge=1, death_AtlanticSalmonEntityForge_mob_by_OceanicWhitetipSharkEntityForge=1, death_BottlenoseDolphinEntityForge_mob_by_GreatWhiteSharkEntityForge=1, death_BottlenoseDolphinEntityForge_mob_by_ShortfinMakoSharkEntityForge=2, death_CaribbeanReefOctopusEntityForge_mob_by_BlacktipReefSharkEntityForge=1, death_CaribbeanReefOctopusEntityForge_mob_by_CommonStingrayEntityForge=1, death_CommonOctopusEntityForge_mob_by_GreatHammerheadSharkEntityForge=2, death_GiantMorayEelEntityForge_mob_by_CommonStingrayEntityForge=1, death_GreenSeaTurtleEntityForge_mob_by_OceanicWhitetipSharkEntityForge=1, death_SandtigerSharkEntityForge_mob_by_TigerSharkEntityForge=1, living_deaths=27, navigation_calls=35290, sensor_calls=62999}	59	62
27800	1211902232	{AmericanLobsterEntityForge=10, AtlanticCodEntityForge=8, AtlanticSalmonEntityForge=8, BlackSeaNettleJellyfishEntityForge=1, BlacktipReefSharkEntityForge=3, BottlenoseDolphinEntityForge=4, CannonballJellyfishEntityForge=2, CaribbeanReefOctopusEntityForge=2, CommonOctopusEntityForge=3, CommonStingrayEntityForge=3, CommonThresherSharkEntityForge=1, GiantMorayEelEntityForge=4, GreatHammerheadSharkEntityForge=1, GreatWhiteSharkEntityForge=1, GreenSeaTurtleEntityForge=3, HarborSealEntityForge=3, NautilusEntityForge=1, OceanicWhitetipSharkEntityForge=1, OrcaEntityForge=1, SandtigerSharkEntityForge=1, ShortfinMakoSharkEntityForge=1, TigerSharkEntityForge=1}	{AmericanLobsterEntityForge=300, AtlanticCodEntityForge=300, AtlanticSalmonEntityForge=300, BlackSeaNettleJellyfishEntityForge=300, BlacktipReefSharkEntityForge=300, BottlenoseDolphinEntityForge=700, CannonballJellyfishEntityForge=300, CaribbeanReefOctopusEntityForge=300, CommonOctopusEntityForge=300, CommonStingrayEntityForge=300, CommonThresherSharkEntityForge=300, GiantMorayEelEntityForge=300, GreatHammerheadSharkEntityForge=300, GreatWhiteSharkEntityForge=300, GreenSeaTurtleEntityForge=300, HarborSealEntityForge=300, NautilusEntityForge=300, OceanicWhitetipSharkEntityForge=300, OrcaEntityForge=700, SandtigerSharkEntityForge=300, ShortfinMakoSharkEntityForge=300, TigerSharkEntityForge=300}	11	{death_AmericanLobsterEntityForge_mob_by_CommonStingrayEntityForge=3, death_AmericanLobsterEntityForge_mob_by_SandtigerSharkEntityForge=1, death_AtlanticCodEntityForge_mob_by_BlacktipReefSharkEntityForge=1, death_AtlanticCodEntityForge_mob_by_CommonThresherSharkEntityForge=2, death_AtlanticCodEntityForge_mob_by_GreatHammerheadSharkEntityForge=1, death_AtlanticCodEntityForge_mob_by_GreatWhiteSharkEntityForge=1, death_AtlanticCodEntityForge_mob_by_SandtigerSharkEntityForge=1, death_AtlanticCodEntityForge_mob_by_TigerSharkEntityForge=1, death_AtlanticSalmonEntityForge_mob_by_BlacktipReefSharkEntityForge=4, death_AtlanticSalmonEntityForge_mob_by_CommonThresherSharkEntityForge=1, death_AtlanticSalmonEntityForge_mob_by_OceanicWhitetipSharkEntityForge=1, death_BottlenoseDolphinEntityForge_mob_by_GreatWhiteSharkEntityForge=1, death_BottlenoseDolphinEntityForge_mob_by_ShortfinMakoSharkEntityForge=2, death_CaribbeanReefOctopusEntityForge_mob_by_BlacktipReefSharkEntityForge=1, death_CaribbeanReefOctopusEntityForge_mob_by_CommonStingrayEntityForge=1, death_CommonOctopusEntityForge_mob_by_GreatHammerheadSharkEntityForge=2, death_GiantMorayEelEntityForge_mob_by_CommonStingrayEntityForge=1, death_GreenSeaTurtleEntityForge_mob_by_OceanicWhitetipSharkEntityForge=1, death_SandtigerSharkEntityForge_mob_by_TigerSharkEntityForge=1, living_deaths=27, navigation_calls=35497, sensor_calls=63444}	61	63
28000	1297885464	{AmericanLobsterEntityForge=10, AtlanticCodEntityForge=8, AtlanticSalmonEntityForge=8, BlackSeaNettleJellyfishEntityForge=1, BlacktipReefSharkEntityForge=3, BottlenoseDolphinEntityForge=4, CannonballJellyfishEntityForge=2, CaribbeanReefOctopusEntityForge=2, CommonOctopusEntityForge=3, CommonStingrayEntityForge=3, CommonThresherSharkEntityForge=1, GiantMorayEelEntityForge=4, GreatHammerheadSharkEntityForge=1, GreatWhiteSharkEntityForge=1, GreenSeaTurtleEntityForge=3, HarborSealEntityForge=3, NautilusEntityForge=1, OceanicWhitetipSharkEntityForge=1, OrcaEntityForge=1, SandtigerSharkEntityForge=1, ShortfinMakoSharkEntityForge=1, TigerSharkEntityForge=1}	{AmericanLobsterEntityForge=300, AtlanticCodEntityForge=300, AtlanticSalmonEntityForge=300, BlackSeaNettleJellyfishEntityForge=300, BlacktipReefSharkEntityForge=300, BottlenoseDolphinEntityForge=700, CannonballJellyfishEntityForge=300, CaribbeanReefOctopusEntityForge=300, CommonOctopusEntityForge=300, CommonStingrayEntityForge=300, CommonThresherSharkEntityForge=300, GiantMorayEelEntityForge=300, GreatHammerheadSharkEntityForge=300, GreatWhiteSharkEntityForge=300, GreenSeaTurtleEntityForge=300, HarborSealEntityForge=300, NautilusEntityForge=300, OceanicWhitetipSharkEntityForge=300, OrcaEntityForge=700, SandtigerSharkEntityForge=300, ShortfinMakoSharkEntityForge=300, TigerSharkEntityForge=300}	11	{death_AmericanLobsterEntityForge_mob_by_CommonStingrayEntityForge=3, death_AmericanLobsterEntityForge_mob_by_SandtigerSharkEntityForge=1, death_AtlanticCodEntityForge_mob_by_BlacktipReefSharkEntityForge=1, death_AtlanticCodEntityForge_mob_by_CommonThresherSharkEntityForge=2, death_AtlanticCodEntityForge_mob_by_GreatHammerheadSharkEntityForge=1, death_AtlanticCodEntityForge_mob_by_GreatWhiteSharkEntityForge=1, death_AtlanticCodEntityForge_mob_by_SandtigerSharkEntityForge=1, death_AtlanticCodEntityForge_mob_by_TigerSharkEntityForge=1, death_AtlanticSalmonEntityForge_mob_by_BlacktipReefSharkEntityForge=4, death_AtlanticSalmonEntityForge_mob_by_CommonThresherSharkEntityForge=1, death_AtlanticSalmonEntityForge_mob_by_OceanicWhitetipSharkEntityForge=1, death_BottlenoseDolphinEntityForge_mob_by_GreatWhiteSharkEntityForge=1, death_BottlenoseDolphinEntityForge_mob_by_ShortfinMakoSharkEntityForge=2, death_CaribbeanReefOctopusEntityForge_mob_by_BlacktipReefSharkEntityForge=1, death_CaribbeanReefOctopusEntityForge_mob_by_CommonStingrayEntityForge=1, death_CommonOctopusEntityForge_mob_by_GreatHammerheadSharkEntityForge=2, death_GiantMorayEelEntityForge_mob_by_CommonStingrayEntityForge=1, death_GreenSeaTurtleEntityForge_mob_by_OceanicWhitetipSharkEntityForge=1, death_SandtigerSharkEntityForge_mob_by_TigerSharkEntityForge=1, living_deaths=27, navigation_calls=35686, sensor_calls=63911}	61	63
28200	1387014424	{AmericanLobsterEntityForge=10, AtlanticCodEntityForge=8, AtlanticSalmonEntityForge=8, BlackSeaNettleJellyfishEntityForge=1, BlacktipReefSharkEntityForge=3, BottlenoseDolphinEntityForge=4, CannonballJellyfishEntityForge=2, CaribbeanReefOctopusEntityForge=2, CommonOctopusEntityForge=3, CommonStingrayEntityForge=3, CommonThresherSharkEntityForge=1, GiantMorayEelEntityForge=4, GreatHammerheadSharkEntityForge=1, GreatWhiteSharkEntityForge=1, GreenSeaTurtleEntityForge=3, HarborSealEntityForge=3, NautilusEntityForge=1, OceanicWhitetipSharkEntityForge=1, OrcaEntityForge=1, SandtigerSharkEntityForge=1, ShortfinMakoSharkEntityForge=1, TigerSharkEntityForge=1}	{AmericanLobsterEntityForge=300, AtlanticCodEntityForge=300, AtlanticSalmonEntityForge=300, BlackSeaNettleJellyfishEntityForge=300, BlacktipReefSharkEntityForge=300, BottlenoseDolphinEntityForge=700, CannonballJellyfishEntityForge=300, CaribbeanReefOctopusEntityForge=300, CommonOctopusEntityForge=300, CommonStingrayEntityForge=300, CommonThresherSharkEntityForge=300, GiantMorayEelEntityForge=300, GreatHammerheadSharkEntityForge=300, GreatWhiteSharkEntityForge=300, GreenSeaTurtleEntityForge=300, HarborSealEntityForge=300, NautilusEntityForge=300, OceanicWhitetipSharkEntityForge=300, OrcaEntityForge=700, SandtigerSharkEntityForge=300, ShortfinMakoSharkEntityForge=300, TigerSharkEntityForge=300}	11	{death_AmericanLobsterEntityForge_mob_by_CommonStingrayEntityForge=3, death_AmericanLobsterEntityForge_mob_by_SandtigerSharkEntityForge=1, death_AtlanticCodEntityForge_mob_by_BlacktipReefSharkEntityForge=1, death_AtlanticCodEntityForge_mob_by_CommonThresherSharkEntityForge=2, death_AtlanticCodEntityForge_mob_by_GreatHammerheadSharkEntityForge=1, death_AtlanticCodEntityForge_mob_by_GreatWhiteSharkEntityForge=1, death_AtlanticCodEntityForge_mob_by_SandtigerSharkEntityForge=1, death_AtlanticCodEntityForge_mob_by_TigerSharkEntityForge=1, death_AtlanticSalmonEntityForge_mob_by_BlacktipReefSharkEntityForge=4, death_AtlanticSalmonEntityForge_mob_by_CommonThresherSharkEntityForge=1, death_AtlanticSalmonEntityForge_mob_by_OceanicWhitetipSharkEntityForge=1, death_BottlenoseDolphinEntityForge_mob_by_GreatWhiteSharkEntityForge=1, death_BottlenoseDolphinEntityForge_mob_by_ShortfinMakoSharkEntityForge=2, death_CaribbeanReefOctopusEntityForge_mob_by_BlacktipReefSharkEntityForge=1, death_CaribbeanReefOctopusEntityForge_mob_by_CommonStingrayEntityForge=1, death_CommonOctopusEntityForge_mob_by_GreatHammerheadSharkEntityForge=2, death_GiantMorayEelEntityForge_mob_by_CommonStingrayEntityForge=1, death_GreenSeaTurtleEntityForge_mob_by_OceanicWhitetipSharkEntityForge=1, death_SandtigerSharkEntityForge_mob_by_TigerSharkEntityForge=1, living_deaths=27, navigation_calls=35899, sensor_calls=64387}	59	63
28400	1476143384	{AmericanLobsterEntityForge=10, AtlanticCodEntityForge=8, AtlanticSalmonEntityForge=8, BlackSeaNettleJellyfishEntityForge=1, BlacktipReefSharkEntityForge=3, BottlenoseDolphinEntityForge=4, CannonballJellyfishEntityForge=2, CaribbeanReefOctopusEntityForge=2, CommonOctopusEntityForge=3, CommonStingrayEntityForge=3, CommonThresherSharkEntityForge=1, GiantMorayEelEntityForge=4, GreatHammerheadSharkEntityForge=1, GreatWhiteSharkEntityForge=1, GreenSeaTurtleEntityForge=3, HarborSealEntityForge=3, NautilusEntityForge=1, OceanicWhitetipSharkEntityForge=1, OrcaEntityForge=1, SandtigerSharkEntityForge=1, ShortfinMakoSharkEntityForge=1, TigerSharkEntityForge=1}	{AmericanLobsterEntityForge=300, AtlanticCodEntityForge=300, AtlanticSalmonEntityForge=300, BlackSeaNettleJellyfishEntityForge=300, BlacktipReefSharkEntityForge=300, BottlenoseDolphinEntityForge=700, CannonballJellyfishEntityForge=300, CaribbeanReefOctopusEntityForge=300, CommonOctopusEntityForge=300, CommonStingrayEntityForge=300, CommonThresherSharkEntityForge=300, GiantMorayEelEntityForge=300, GreatHammerheadSharkEntityForge=300, GreatWhiteSharkEntityForge=300, GreenSeaTurtleEntityForge=300, HarborSealEntityForge=300, NautilusEntityForge=300, OceanicWhitetipSharkEntityForge=300, OrcaEntityForge=700, SandtigerSharkEntityForge=300, ShortfinMakoSharkEntityForge=300, TigerSharkEntityForge=300}	11	{death_AmericanLobsterEntityForge_mob_by_CommonStingrayEntityForge=3, death_AmericanLobsterEntityForge_mob_by_SandtigerSharkEntityForge=1, death_AtlanticCodEntityForge_mob_by_BlacktipReefSharkEntityForge=1, death_AtlanticCodEntityForge_mob_by_CommonThresherSharkEntityForge=2, death_AtlanticCodEntityForge_mob_by_GreatHammerheadSharkEntityForge=1, death_AtlanticCodEntityForge_mob_by_GreatWhiteSharkEntityForge=1, death_AtlanticCodEntityForge_mob_by_SandtigerSharkEntityForge=1, death_AtlanticCodEntityForge_mob_by_TigerSharkEntityForge=1, death_AtlanticSalmonEntityForge_mob_by_BlacktipReefSharkEntityForge=4, death_AtlanticSalmonEntityForge_mob_by_CommonThresherSharkEntityForge=1, death_AtlanticSalmonEntityForge_mob_by_OceanicWhitetipSharkEntityForge=1, death_BottlenoseDolphinEntityForge_mob_by_GreatWhiteSharkEntityForge=1, death_BottlenoseDolphinEntityForge_mob_by_ShortfinMakoSharkEntityForge=2, death_CaribbeanReefOctopusEntityForge_mob_by_BlacktipReefSharkEntityForge=1, death_CaribbeanReefOctopusEntityForge_mob_by_CommonStingrayEntityForge=1, death_CommonOctopusEntityForge_mob_by_GreatHammerheadSharkEntityForge=2, death_GiantMorayEelEntityForge_mob_by_CommonStingrayEntityForge=1, death_GreenSeaTurtleEntityForge_mob_by_OceanicWhitetipSharkEntityForge=1, death_SandtigerSharkEntityForge_mob_by_TigerSharkEntityForge=1, living_deaths=27, navigation_calls=36100, sensor_calls=64827}	59	63
28600	283704784	{AmericanLobsterEntityForge=9, AtlanticCodEntityForge=8, AtlanticSalmonEntityForge=8, BlackSeaNettleJellyfishEntityForge=1, BlacktipReefSharkEntityForge=3, BottlenoseDolphinEntityForge=4, CannonballJellyfishEntityForge=2, CaribbeanReefOctopusEntityForge=2, CommonOctopusEntityForge=3, CommonStingrayEntityForge=3, CommonThresherSharkEntityForge=1, GiantMorayEelEntityForge=4, GreatHammerheadSharkEntityForge=1, GreatWhiteSharkEntityForge=1, GreenSeaTurtleEntityForge=3, HarborSealEntityForge=3, NautilusEntityForge=1, OceanicWhitetipSharkEntityForge=1, OrcaEntityForge=1, SandtigerSharkEntityForge=1, ShortfinMakoSharkEntityForge=1, TigerSharkEntityForge=1}	{AmericanLobsterEntityForge=300, AtlanticCodEntityForge=300, AtlanticSalmonEntityForge=300, BlackSeaNettleJellyfishEntityForge=300, BlacktipReefSharkEntityForge=300, BottlenoseDolphinEntityForge=700, CannonballJellyfishEntityForge=300, CaribbeanReefOctopusEntityForge=300, CommonOctopusEntityForge=300, CommonStingrayEntityForge=300, CommonThresherSharkEntityForge=300, GiantMorayEelEntityForge=300, GreatHammerheadSharkEntityForge=300, GreatWhiteSharkEntityForge=300, GreenSeaTurtleEntityForge=300, HarborSealEntityForge=300, NautilusEntityForge=300, OceanicWhitetipSharkEntityForge=300, OrcaEntityForge=700, SandtigerSharkEntityForge=300, ShortfinMakoSharkEntityForge=300, TigerSharkEntityForge=300}	11	{death_AmericanLobsterEntityForge_mob_by_BlacktipReefSharkEntityForge=1, death_AmericanLobsterEntityForge_mob_by_CommonStingrayEntityForge=3, death_AmericanLobsterEntityForge_mob_by_SandtigerSharkEntityForge=1, death_AtlanticCodEntityForge_mob_by_BlacktipReefSharkEntityForge=1, death_AtlanticCodEntityForge_mob_by_CommonThresherSharkEntityForge=2, death_AtlanticCodEntityForge_mob_by_GreatHammerheadSharkEntityForge=1, death_AtlanticCodEntityForge_mob_by_GreatWhiteSharkEntityForge=1, death_AtlanticCodEntityForge_mob_by_SandtigerSharkEntityForge=1, death_AtlanticCodEntityForge_mob_by_TigerSharkEntityForge=1, death_AtlanticSalmonEntityForge_mob_by_BlacktipReefSharkEntityForge=4, death_AtlanticSalmonEntityForge_mob_by_CommonThresherSharkEntityForge=1, death_AtlanticSalmonEntityForge_mob_by_OceanicWhitetipSharkEntityForge=1, death_BottlenoseDolphinEntityForge_mob_by_GreatWhiteSharkEntityForge=1, death_BottlenoseDolphinEntityForge_mob_by_ShortfinMakoSharkEntityForge=2, death_CaribbeanReefOctopusEntityForge_mob_by_BlacktipReefSharkEntityForge=1, death_CaribbeanReefOctopusEntityForge_mob_by_CommonStingrayEntityForge=1, death_CommonOctopusEntityForge_mob_by_GreatHammerheadSharkEntityForge=2, death_GiantMorayEelEntityForge_mob_by_CommonStingrayEntityForge=1, death_GreenSeaTurtleEntityForge_mob_by_OceanicWhitetipSharkEntityForge=1, death_SandtigerSharkEntityForge_mob_by_TigerSharkEntityForge=1, living_deaths=28, navigation_calls=36274, sensor_calls=65292}	59	62
28800	372833744	{AmericanLobsterEntityForge=10, AtlanticCodEntityForge=8, AtlanticSalmonEntityForge=8, BlackSeaNettleJellyfishEntityForge=1, BlacktipReefSharkEntityForge=3, BottlenoseDolphinEntityForge=4, CannonballJellyfishEntityForge=2, CaribbeanReefOctopusEntityForge=2, CommonOctopusEntityForge=3, CommonStingrayEntityForge=3, CommonThresherSharkEntityForge=1, GiantMorayEelEntityForge=4, GreatHammerheadSharkEntityForge=1, GreatWhiteSharkEntityForge=1, GreenSeaTurtleEntityForge=3, HarborSealEntityForge=3, NautilusEntityForge=1, OceanicWhitetipSharkEntityForge=1, OrcaEntityForge=1, SandtigerSharkEntityForge=1, ShortfinMakoSharkEntityForge=1, TigerSharkEntityForge=1}	{AmericanLobsterEntityForge=300, AtlanticCodEntityForge=300, AtlanticSalmonEntityForge=300, BlackSeaNettleJellyfishEntityForge=300, BlacktipReefSharkEntityForge=300, BottlenoseDolphinEntityForge=700, CannonballJellyfishEntityForge=300, CaribbeanReefOctopusEntityForge=300, CommonOctopusEntityForge=300, CommonStingrayEntityForge=300, CommonThresherSharkEntityForge=300, GiantMorayEelEntityForge=300, GreatHammerheadSharkEntityForge=300, GreatWhiteSharkEntityForge=300, GreenSeaTurtleEntityForge=300, HarborSealEntityForge=300, NautilusEntityForge=300, OceanicWhitetipSharkEntityForge=300, OrcaEntityForge=700, SandtigerSharkEntityForge=300, ShortfinMakoSharkEntityForge=300, TigerSharkEntityForge=300}	11	{death_AmericanLobsterEntityForge_mob_by_BlacktipReefSharkEntityForge=1, death_AmericanLobsterEntityForge_mob_by_CommonStingrayEntityForge=3, death_AmericanLobsterEntityForge_mob_by_SandtigerSharkEntityForge=1, death_AtlanticCodEntityForge_mob_by_BlacktipReefSharkEntityForge=1, death_AtlanticCodEntityForge_mob_by_CommonThresherSharkEntityForge=2, death_AtlanticCodEntityForge_mob_by_GreatHammerheadSharkEntityForge=1, death_AtlanticCodEntityForge_mob_by_GreatWhiteSharkEntityForge=1, death_AtlanticCodEntityForge_mob_by_SandtigerSharkEntityForge=1, death_AtlanticCodEntityForge_mob_by_TigerSharkEntityForge=1, death_AtlanticSalmonEntityForge_mob_by_BlacktipReefSharkEntityForge=4, death_AtlanticSalmonEntityForge_mob_by_CommonThresherSharkEntityForge=1, death_AtlanticSalmonEntityForge_mob_by_OceanicWhitetipSharkEntityForge=1, death_BottlenoseDolphinEntityForge_mob_by_GreatWhiteSharkEntityForge=1, death_BottlenoseDolphinEntityForge_mob_by_ShortfinMakoSharkEntityForge=2, death_CaribbeanReefOctopusEntityForge_mob_by_BlacktipReefSharkEntityForge=1, death_CaribbeanReefOctopusEntityForge_mob_by_CommonStingrayEntityForge=1, death_CommonOctopusEntityForge_mob_by_GreatHammerheadSharkEntityForge=2, death_GiantMorayEelEntityForge_mob_by_CommonStingrayEntityForge=1, death_GreenSeaTurtleEntityForge_mob_by_OceanicWhitetipSharkEntityForge=1, death_SandtigerSharkEntityForge_mob_by_TigerSharkEntityForge=1, living_deaths=28, navigation_calls=36475, sensor_calls=65732}	59	63
29000	460914128	{AmericanLobsterEntityForge=10, AtlanticCodEntityForge=8, AtlanticSalmonEntityForge=8, BlackSeaNettleJellyfishEntityForge=1, BlacktipReefSharkEntityForge=3, BottlenoseDolphinEntityForge=4, CannonballJellyfishEntityForge=2, CaribbeanReefOctopusEntityForge=2, CommonOctopusEntityForge=3, CommonStingrayEntityForge=3, CommonThresherSharkEntityForge=1, GiantMorayEelEntityForge=4, GreatHammerheadSharkEntityForge=1, GreatWhiteSharkEntityForge=1, GreenSeaTurtleEntityForge=3, HarborSealEntityForge=3, NautilusEntityForge=1, OceanicWhitetipSharkEntityForge=1, OrcaEntityForge=1, SandtigerSharkEntityForge=1, ShortfinMakoSharkEntityForge=1, TigerSharkEntityForge=1}	{AmericanLobsterEntityForge=300, AtlanticCodEntityForge=300, AtlanticSalmonEntityForge=300, BlackSeaNettleJellyfishEntityForge=300, BlacktipReefSharkEntityForge=300, BottlenoseDolphinEntityForge=700, CannonballJellyfishEntityForge=300, CaribbeanReefOctopusEntityForge=300, CommonOctopusEntityForge=300, CommonStingrayEntityForge=300, CommonThresherSharkEntityForge=300, GiantMorayEelEntityForge=300, GreatHammerheadSharkEntityForge=300, GreatWhiteSharkEntityForge=300, GreenSeaTurtleEntityForge=300, HarborSealEntityForge=300, NautilusEntityForge=300, OceanicWhitetipSharkEntityForge=300, OrcaEntityForge=700, SandtigerSharkEntityForge=300, ShortfinMakoSharkEntityForge=300, TigerSharkEntityForge=300}	11	{death_AmericanLobsterEntityForge_mob_by_BlacktipReefSharkEntityForge=1, death_AmericanLobsterEntityForge_mob_by_CommonStingrayEntityForge=3, death_AmericanLobsterEntityForge_mob_by_SandtigerSharkEntityForge=1, death_AtlanticCodEntityForge_mob_by_BlacktipReefSharkEntityForge=1, death_AtlanticCodEntityForge_mob_by_CommonThresherSharkEntityForge=2, death_AtlanticCodEntityForge_mob_by_GreatHammerheadSharkEntityForge=1, death_AtlanticCodEntityForge_mob_by_GreatWhiteSharkEntityForge=1, death_AtlanticCodEntityForge_mob_by_SandtigerSharkEntityForge=1, death_AtlanticCodEntityForge_mob_by_TigerSharkEntityForge=1, death_AtlanticSalmonEntityForge_mob_by_BlacktipReefSharkEntityForge=4, death_AtlanticSalmonEntityForge_mob_by_CommonThresherSharkEntityForge=1, death_AtlanticSalmonEntityForge_mob_by_OceanicWhitetipSharkEntityForge=1, death_BottlenoseDolphinEntityForge_mob_by_GreatWhiteSharkEntityForge=1, death_BottlenoseDolphinEntityForge_mob_by_ShortfinMakoSharkEntityForge=2, death_CaribbeanReefOctopusEntityForge_mob_by_BlacktipReefSharkEntityForge=1, death_CaribbeanReefOctopusEntityForge_mob_by_CommonStingrayEntityForge=1, death_CommonOctopusEntityForge_mob_by_GreatHammerheadSharkEntityForge=2, death_GiantMorayEelEntityForge_mob_by_CommonStingrayEntityForge=1, death_GreenSeaTurtleEntityForge_mob_by_OceanicWhitetipSharkEntityForge=1, death_SandtigerSharkEntityForge_mob_by_TigerSharkEntityForge=1, living_deaths=28, navigation_calls=36658, sensor_calls=66204}	61	63
29200	548994512	{AmericanLobsterEntityForge=10, AtlanticCodEntityForge=8, AtlanticSalmonEntityForge=8, BlackSeaNettleJellyfishEntityForge=1, BlacktipReefSharkEntityForge=3, BottlenoseDolphinEntityForge=4, CannonballJellyfishEntityForge=2, CaribbeanReefOctopusEntityForge=2, CommonOctopusEntityForge=3, CommonStingrayEntityForge=3, CommonThresherSharkEntityForge=1, GiantMorayEelEntityForge=4, GreatHammerheadSharkEntityForge=1, GreatWhiteSharkEntityForge=1, GreenSeaTurtleEntityForge=3, HarborSealEntityForge=3, NautilusEntityForge=1, OceanicWhitetipSharkEntityForge=1, OrcaEntityForge=1, SandtigerSharkEntityForge=1, ShortfinMakoSharkEntityForge=1, TigerSharkEntityForge=1}	{AmericanLobsterEntityForge=300, AtlanticCodEntityForge=300, AtlanticSalmonEntityForge=300, BlackSeaNettleJellyfishEntityForge=300, BlacktipReefSharkEntityForge=300, BottlenoseDolphinEntityForge=700, CannonballJellyfishEntityForge=300, CaribbeanReefOctopusEntityForge=300, CommonOctopusEntityForge=300, CommonStingrayEntityForge=300, CommonThresherSharkEntityForge=300, GiantMorayEelEntityForge=300, GreatHammerheadSharkEntityForge=300, GreatWhiteSharkEntityForge=300, GreenSeaTurtleEntityForge=300, HarborSealEntityForge=300, NautilusEntityForge=300, OceanicWhitetipSharkEntityForge=300, OrcaEntityForge=700, SandtigerSharkEntityForge=300, ShortfinMakoSharkEntityForge=300, TigerSharkEntityForge=300}	11	{death_AmericanLobsterEntityForge_mob_by_BlacktipReefSharkEntityForge=1, death_AmericanLobsterEntityForge_mob_by_CommonStingrayEntityForge=3, death_AmericanLobsterEntityForge_mob_by_SandtigerSharkEntityForge=1, death_AtlanticCodEntityForge_mob_by_BlacktipReefSharkEntityForge=1, death_AtlanticCodEntityForge_mob_by_CommonThresherSharkEntityForge=2, death_AtlanticCodEntityForge_mob_by_GreatHammerheadSharkEntityForge=1, death_AtlanticCodEntityForge_mob_by_GreatWhiteSharkEntityForge=1, death_AtlanticCodEntityForge_mob_by_SandtigerSharkEntityForge=1, death_AtlanticCodEntityForge_mob_by_TigerSharkEntityForge=1, death_AtlanticSalmonEntityForge_mob_by_BlacktipReefSharkEntityForge=4, death_AtlanticSalmonEntityForge_mob_by_CommonThresherSharkEntityForge=1, death_AtlanticSalmonEntityForge_mob_by_OceanicWhitetipSharkEntityForge=1, death_BottlenoseDolphinEntityForge_mob_by_GreatWhiteSharkEntityForge=1, death_BottlenoseDolphinEntityForge_mob_by_ShortfinMakoSharkEntityForge=2, death_CaribbeanReefOctopusEntityForge_mob_by_BlacktipReefSharkEntityForge=1, death_CaribbeanReefOctopusEntityForge_mob_by_CommonStingrayEntityForge=1, death_CommonOctopusEntityForge_mob_by_GreatHammerheadSharkEntityForge=2, death_GiantMorayEelEntityForge_mob_by_CommonStingrayEntityForge=1, death_GreenSeaTurtleEntityForge_mob_by_OceanicWhitetipSharkEntityForge=1, death_SandtigerSharkEntityForge_mob_by_TigerSharkEntityForge=1, living_deaths=28, navigation_calls=36852, sensor_calls=66647}	61	63
29400	636026320	{AmericanLobsterEntityForge=10, AtlanticCodEntityForge=8, AtlanticSalmonEntityForge=8, BlackSeaNettleJellyfishEntityForge=1, BlacktipReefSharkEntityForge=3, BottlenoseDolphinEntityForge=4, CannonballJellyfishEntityForge=2, CaribbeanReefOctopusEntityForge=2, CommonOctopusEntityForge=3, CommonStingrayEntityForge=3, CommonThresherSharkEntityForge=1, GiantMorayEelEntityForge=4, GreatHammerheadSharkEntityForge=1, GreatWhiteSharkEntityForge=1, GreenSeaTurtleEntityForge=3, HarborSealEntityForge=3, NautilusEntityForge=1, OceanicWhitetipSharkEntityForge=1, OrcaEntityForge=1, SandtigerSharkEntityForge=1, ShortfinMakoSharkEntityForge=1, TigerSharkEntityForge=1}	{AmericanLobsterEntityForge=300, AtlanticCodEntityForge=300, AtlanticSalmonEntityForge=300, BlackSeaNettleJellyfishEntityForge=300, BlacktipReefSharkEntityForge=300, BottlenoseDolphinEntityForge=700, CannonballJellyfishEntityForge=300, CaribbeanReefOctopusEntityForge=300, CommonOctopusEntityForge=300, CommonStingrayEntityForge=300, CommonThresherSharkEntityForge=300, GiantMorayEelEntityForge=300, GreatHammerheadSharkEntityForge=300, GreatWhiteSharkEntityForge=300, GreenSeaTurtleEntityForge=300, HarborSealEntityForge=300, NautilusEntityForge=300, OceanicWhitetipSharkEntityForge=300, OrcaEntityForge=700, SandtigerSharkEntityForge=300, ShortfinMakoSharkEntityForge=300, TigerSharkEntityForge=300}	11	{death_AmericanLobsterEntityForge_mob_by_BlacktipReefSharkEntityForge=1, death_AmericanLobsterEntityForge_mob_by_CommonStingrayEntityForge=3, death_AmericanLobsterEntityForge_mob_by_SandtigerSharkEntityForge=1, death_AtlanticCodEntityForge_mob_by_BlacktipReefSharkEntityForge=1, death_AtlanticCodEntityForge_mob_by_CommonThresherSharkEntityForge=2, death_AtlanticCodEntityForge_mob_by_GreatHammerheadSharkEntityForge=1, death_AtlanticCodEntityForge_mob_by_GreatWhiteSharkEntityForge=1, death_AtlanticCodEntityForge_mob_by_SandtigerSharkEntityForge=1, death_AtlanticCodEntityForge_mob_by_TigerSharkEntityForge=1, death_AtlanticSalmonEntityForge_mob_by_BlacktipReefSharkEntityForge=4, death_AtlanticSalmonEntityForge_mob_by_CommonThresherSharkEntityForge=1, death_AtlanticSalmonEntityForge_mob_by_OceanicWhitetipSharkEntityForge=1, death_BottlenoseDolphinEntityForge_mob_by_GreatWhiteSharkEntityForge=1, death_BottlenoseDolphinEntityForge_mob_by_ShortfinMakoSharkEntityForge=2, death_CaribbeanReefOctopusEntityForge_mob_by_BlacktipReefSharkEntityForge=1, death_CaribbeanReefOctopusEntityForge_mob_by_CommonStingrayEntityForge=1, death_CommonOctopusEntityForge_mob_by_GreatHammerheadSharkEntityForge=2, death_GiantMorayEelEntityForge_mob_by_CommonStingrayEntityForge=1, death_GreenSeaTurtleEntityForge_mob_by_OceanicWhitetipSharkEntityForge=1, death_SandtigerSharkEntityForge_mob_by_TigerSharkEntityForge=1, living_deaths=28, navigation_calls=37033, sensor_calls=67118}	57	63
29600	725155280	{AmericanLobsterEntityForge=10, AtlanticCodEntityForge=8, AtlanticSalmonEntityForge=8, BlackSeaNettleJellyfishEntityForge=1, BlacktipReefSharkEntityForge=3, BottlenoseDolphinEntityForge=4, CannonballJellyfishEntityForge=2, CaribbeanReefOctopusEntityForge=2, CommonOctopusEntityForge=3, CommonStingrayEntityForge=3, CommonThresherSharkEntityForge=1, GiantMorayEelEntityForge=4, GreatHammerheadSharkEntityForge=1, GreatWhiteSharkEntityForge=1, GreenSeaTurtleEntityForge=3, HarborSealEntityForge=3, NautilusEntityForge=1, OceanicWhitetipSharkEntityForge=1, OrcaEntityForge=1, SandtigerSharkEntityForge=1, ShortfinMakoSharkEntityForge=1, TigerSharkEntityForge=1}	{AmericanLobsterEntityForge=300, AtlanticCodEntityForge=300, AtlanticSalmonEntityForge=300, BlackSeaNettleJellyfishEntityForge=300, BlacktipReefSharkEntityForge=300, BottlenoseDolphinEntityForge=700, CannonballJellyfishEntityForge=300, CaribbeanReefOctopusEntityForge=300, CommonOctopusEntityForge=300, CommonStingrayEntityForge=300, CommonThresherSharkEntityForge=300, GiantMorayEelEntityForge=300, GreatHammerheadSharkEntityForge=300, GreatWhiteSharkEntityForge=300, GreenSeaTurtleEntityForge=300, HarborSealEntityForge=300, NautilusEntityForge=300, OceanicWhitetipSharkEntityForge=300, OrcaEntityForge=700, SandtigerSharkEntityForge=300, ShortfinMakoSharkEntityForge=300, TigerSharkEntityForge=300}	11	{death_AmericanLobsterEntityForge_mob_by_BlacktipReefSharkEntityForge=1, death_AmericanLobsterEntityForge_mob_by_CommonStingrayEntityForge=3, death_AmericanLobsterEntityForge_mob_by_SandtigerSharkEntityForge=1, death_AtlanticCodEntityForge_mob_by_BlacktipReefSharkEntityForge=1, death_AtlanticCodEntityForge_mob_by_CommonThresherSharkEntityForge=2, death_AtlanticCodEntityForge_mob_by_GreatHammerheadSharkEntityForge=1, death_AtlanticCodEntityForge_mob_by_GreatWhiteSharkEntityForge=1, death_AtlanticCodEntityForge_mob_by_SandtigerSharkEntityForge=1, death_AtlanticCodEntityForge_mob_by_TigerSharkEntityForge=1, death_AtlanticSalmonEntityForge_mob_by_BlacktipReefSharkEntityForge=4, death_AtlanticSalmonEntityForge_mob_by_CommonThresherSharkEntityForge=1, death_AtlanticSalmonEntityForge_mob_by_OceanicWhitetipSharkEntityForge=1, death_BottlenoseDolphinEntityForge_mob_by_GreatWhiteSharkEntityForge=1, death_BottlenoseDolphinEntityForge_mob_by_ShortfinMakoSharkEntityForge=2, death_CaribbeanReefOctopusEntityForge_mob_by_BlacktipReefSharkEntityForge=1, death_CaribbeanReefOctopusEntityForge_mob_by_CommonStingrayEntityForge=1, death_CommonOctopusEntityForge_mob_by_GreatHammerheadSharkEntityForge=2, death_GiantMorayEelEntityForge_mob_by_CommonStingrayEntityForge=1, death_GreenSeaTurtleEntityForge_mob_by_OceanicWhitetipSharkEntityForge=1, death_SandtigerSharkEntityForge_mob_by_TigerSharkEntityForge=1, living_deaths=28, navigation_calls=37207, sensor_calls=67559}	57	63
29800	813235664	{AmericanLobsterEntityForge=10, AtlanticCodEntityForge=8, AtlanticSalmonEntityForge=8, BlackSeaNettleJellyfishEntityForge=1, BlacktipReefSharkEntityForge=3, BottlenoseDolphinEntityForge=4, CannonballJellyfishEntityForge=2, CaribbeanReefOctopusEntityForge=2, CommonOctopusEntityForge=3, CommonStingrayEntityForge=3, CommonThresherSharkEntityForge=1, GiantMorayEelEntityForge=4, GreatHammerheadSharkEntityForge=1, GreatWhiteSharkEntityForge=1, GreenSeaTurtleEntityForge=3, HarborSealEntityForge=3, NautilusEntityForge=1, OceanicWhitetipSharkEntityForge=1, OrcaEntityForge=1, SandtigerSharkEntityForge=1, ShortfinMakoSharkEntityForge=1, TigerSharkEntityForge=1}	{AmericanLobsterEntityForge=300, AtlanticCodEntityForge=300, AtlanticSalmonEntityForge=300, BlackSeaNettleJellyfishEntityForge=300, BlacktipReefSharkEntityForge=300, BottlenoseDolphinEntityForge=700, CannonballJellyfishEntityForge=300, CaribbeanReefOctopusEntityForge=300, CommonOctopusEntityForge=300, CommonStingrayEntityForge=300, CommonThresherSharkEntityForge=300, GiantMorayEelEntityForge=300, GreatHammerheadSharkEntityForge=300, GreatWhiteSharkEntityForge=300, GreenSeaTurtleEntityForge=300, HarborSealEntityForge=300, NautilusEntityForge=300, OceanicWhitetipSharkEntityForge=300, OrcaEntityForge=700, SandtigerSharkEntityForge=300, ShortfinMakoSharkEntityForge=300, TigerSharkEntityForge=300}	11	{death_AmericanLobsterEntityForge_mob_by_BlacktipReefSharkEntityForge=1, death_AmericanLobsterEntityForge_mob_by_CommonStingrayEntityForge=3, death_AmericanLobsterEntityForge_mob_by_SandtigerSharkEntityForge=1, death_AtlanticCodEntityForge_mob_by_BlacktipReefSharkEntityForge=1, death_AtlanticCodEntityForge_mob_by_CommonThresherSharkEntityForge=2, death_AtlanticCodEntityForge_mob_by_GreatHammerheadSharkEntityForge=1, death_AtlanticCodEntityForge_mob_by_GreatWhiteSharkEntityForge=1, death_AtlanticCodEntityForge_mob_by_SandtigerSharkEntityForge=1, death_AtlanticCodEntityForge_mob_by_TigerSharkEntityForge=1, death_AtlanticSalmonEntityForge_mob_by_BlacktipReefSharkEntityForge=4, death_AtlanticSalmonEntityForge_mob_by_CommonThresherSharkEntityForge=1, death_AtlanticSalmonEntityForge_mob_by_OceanicWhitetipSharkEntityForge=1, death_BottlenoseDolphinEntityForge_mob_by_GreatWhiteSharkEntityForge=1, death_BottlenoseDolphinEntityForge_mob_by_ShortfinMakoSharkEntityForge=2, death_CaribbeanReefOctopusEntityForge_mob_by_BlacktipReefSharkEntityForge=1, death_CaribbeanReefOctopusEntityForge_mob_by_CommonStingrayEntityForge=1, death_CommonOctopusEntityForge_mob_by_GreatHammerheadSharkEntityForge=2, death_GiantMorayEelEntityForge_mob_by_CommonStingrayEntityForge=1, death_GreenSeaTurtleEntityForge_mob_by_OceanicWhitetipSharkEntityForge=1, death_SandtigerSharkEntityForge_mob_by_TigerSharkEntityForge=1, living_deaths=28, navigation_calls=37390, sensor_calls=68030}	59	63
30000	901316048	{AmericanLobsterEntityForge=10, AtlanticCodEntityForge=8, AtlanticSalmonEntityForge=8, BlackSeaNettleJellyfishEntityForge=1, BlacktipReefSharkEntityForge=3, BottlenoseDolphinEntityForge=4, CannonballJellyfishEntityForge=2, CaribbeanReefOctopusEntityForge=2, CommonOctopusEntityForge=3, CommonStingrayEntityForge=3, CommonThresherSharkEntityForge=1, GiantMorayEelEntityForge=4, GreatHammerheadSharkEntityForge=1, GreatWhiteSharkEntityForge=1, GreenSeaTurtleEntityForge=3, HarborSealEntityForge=3, NautilusEntityForge=1, OceanicWhitetipSharkEntityForge=1, OrcaEntityForge=1, SandtigerSharkEntityForge=1, ShortfinMakoSharkEntityForge=1, TigerSharkEntityForge=1}	{AmericanLobsterEntityForge=300, AtlanticCodEntityForge=300, AtlanticSalmonEntityForge=300, BlackSeaNettleJellyfishEntityForge=300, BlacktipReefSharkEntityForge=300, BottlenoseDolphinEntityForge=700, CannonballJellyfishEntityForge=300, CaribbeanReefOctopusEntityForge=300, CommonOctopusEntityForge=300, CommonStingrayEntityForge=300, CommonThresherSharkEntityForge=300, GiantMorayEelEntityForge=300, GreatHammerheadSharkEntityForge=300, GreatWhiteSharkEntityForge=300, GreenSeaTurtleEntityForge=300, HarborSealEntityForge=300, NautilusEntityForge=300, OceanicWhitetipSharkEntityForge=300, OrcaEntityForge=700, SandtigerSharkEntityForge=300, ShortfinMakoSharkEntityForge=300, TigerSharkEntityForge=300}	11	{death_AmericanLobsterEntityForge_mob_by_BlacktipReefSharkEntityForge=1, death_AmericanLobsterEntityForge_mob_by_CommonStingrayEntityForge=3, death_AmericanLobsterEntityForge_mob_by_SandtigerSharkEntityForge=1, death_AtlanticCodEntityForge_mob_by_BlacktipReefSharkEntityForge=1, death_AtlanticCodEntityForge_mob_by_CommonThresherSharkEntityForge=2, death_AtlanticCodEntityForge_mob_by_GreatHammerheadSharkEntityForge=1, death_AtlanticCodEntityForge_mob_by_GreatWhiteSharkEntityForge=1, death_AtlanticCodEntityForge_mob_by_SandtigerSharkEntityForge=1, death_AtlanticCodEntityForge_mob_by_TigerSharkEntityForge=1, death_AtlanticSalmonEntityForge_mob_by_BlacktipReefSharkEntityForge=4, death_AtlanticSalmonEntityForge_mob_by_CommonThresherSharkEntityForge=1, death_AtlanticSalmonEntityForge_mob_by_OceanicWhitetipSharkEntityForge=1, death_BottlenoseDolphinEntityForge_mob_by_GreatWhiteSharkEntityForge=1, death_BottlenoseDolphinEntityForge_mob_by_ShortfinMakoSharkEntityForge=2, death_CaribbeanReefOctopusEntityForge_mob_by_BlacktipReefSharkEntityForge=1, death_CaribbeanReefOctopusEntityForge_mob_by_CommonStingrayEntityForge=1, death_CommonOctopusEntityForge_mob_by_GreatHammerheadSharkEntityForge=2, death_GiantMorayEelEntityForge_mob_by_CommonStingrayEntityForge=1, death_GreenSeaTurtleEntityForge_mob_by_OceanicWhitetipSharkEntityForge=1, death_SandtigerSharkEntityForge_mob_by_TigerSharkEntityForge=1, living_deaths=28, navigation_calls=37590, sensor_calls=68473}	60	63
30200	986250704	{AmericanLobsterEntityForge=10, AtlanticCodEntityForge=8, AtlanticSalmonEntityForge=8, BlackSeaNettleJellyfishEntityForge=1, BlacktipReefSharkEntityForge=3, BottlenoseDolphinEntityForge=4, CannonballJellyfishEntityForge=2, CaribbeanReefOctopusEntityForge=2, CommonOctopusEntityForge=3, CommonStingrayEntityForge=3, CommonThresherSharkEntityForge=1, GiantMorayEelEntityForge=4, GreatHammerheadSharkEntityForge=1, GreatWhiteSharkEntityForge=1, GreenSeaTurtleEntityForge=3, HarborSealEntityForge=3, NautilusEntityForge=1, OceanicWhitetipSharkEntityForge=1, OrcaEntityForge=1, SandtigerSharkEntityForge=1, ShortfinMakoSharkEntityForge=1, TigerSharkEntityForge=1}	{AmericanLobsterEntityForge=300, AtlanticCodEntityForge=300, AtlanticSalmonEntityForge=300, BlackSeaNettleJellyfishEntityForge=300, BlacktipReefSharkEntityForge=300, BottlenoseDolphinEntityForge=700, CannonballJellyfishEntityForge=300, CaribbeanReefOctopusEntityForge=300, CommonOctopusEntityForge=300, CommonStingrayEntityForge=300, CommonThresherSharkEntityForge=300, GiantMorayEelEntityForge=300, GreatHammerheadSharkEntityForge=300, GreatWhiteSharkEntityForge=300, GreenSeaTurtleEntityForge=300, HarborSealEntityForge=300, NautilusEntityForge=300, OceanicWhitetipSharkEntityForge=300, OrcaEntityForge=700, SandtigerSharkEntityForge=300, ShortfinMakoSharkEntityForge=300, TigerSharkEntityForge=300}	11	{death_AmericanLobsterEntityForge_mob_by_BlacktipReefSharkEntityForge=1, death_AmericanLobsterEntityForge_mob_by_CommonStingrayEntityForge=3, death_AmericanLobsterEntityForge_mob_by_SandtigerSharkEntityForge=1, death_AtlanticCodEntityForge_mob_by_BlacktipReefSharkEntityForge=1, death_AtlanticCodEntityForge_mob_by_CommonThresherSharkEntityForge=2, death_AtlanticCodEntityForge_mob_by_GreatHammerheadSharkEntityForge=1, death_AtlanticCodEntityForge_mob_by_GreatWhiteSharkEntityForge=1, death_AtlanticCodEntityForge_mob_by_SandtigerSharkEntityForge=1, death_AtlanticCodEntityForge_mob_by_TigerSharkEntityForge=1, death_AtlanticSalmonEntityForge_mob_by_BlacktipReefSharkEntityForge=4, death_AtlanticSalmonEntityForge_mob_by_CommonThresherSharkEntityForge=1, death_AtlanticSalmonEntityForge_mob_by_OceanicWhitetipSharkEntityForge=1, death_BottlenoseDolphinEntityForge_mob_by_GreatWhiteSharkEntityForge=1, death_BottlenoseDolphinEntityForge_mob_by_ShortfinMakoSharkEntityForge=2, death_CaribbeanReefOctopusEntityForge_mob_by_BlacktipReefSharkEntityForge=1, death_CaribbeanReefOctopusEntityForge_mob_by_CommonStingrayEntityForge=1, death_CommonOctopusEntityForge_mob_by_GreatHammerheadSharkEntityForge=2, death_GiantMorayEelEntityForge_mob_by_CommonStingrayEntityForge=1, death_GreenSeaTurtleEntityForge_mob_by_OceanicWhitetipSharkEntityForge=1, death_SandtigerSharkEntityForge_mob_by_TigerSharkEntityForge=1, living_deaths=28, navigation_calls=37776, sensor_calls=68943}	57	63
30400	1074331088	{AmericanLobsterEntityForge=10, AtlanticCodEntityForge=8, AtlanticSalmonEntityForge=8, BlackSeaNettleJellyfishEntityForge=1, BlacktipReefSharkEntityForge=3, BottlenoseDolphinEntityForge=4, CannonballJellyfishEntityForge=2, CaribbeanReefOctopusEntityForge=2, CommonOctopusEntityForge=3, CommonStingrayEntityForge=3, CommonThresherSharkEntityForge=1, GiantMorayEelEntityForge=4, GreatHammerheadSharkEntityForge=1, GreatWhiteSharkEntityForge=1, GreenSeaTurtleEntityForge=3, HarborSealEntityForge=3, NautilusEntityForge=1, OceanicWhitetipSharkEntityForge=1, OrcaEntityForge=1, SandtigerSharkEntityForge=1, ShortfinMakoSharkEntityForge=1, TigerSharkEntityForge=1}	{AmericanLobsterEntityForge=300, AtlanticCodEntityForge=300, AtlanticSalmonEntityForge=300, BlackSeaNettleJellyfishEntityForge=300, BlacktipReefSharkEntityForge=300, BottlenoseDolphinEntityForge=700, CannonballJellyfishEntityForge=300, CaribbeanReefOctopusEntityForge=300, CommonOctopusEntityForge=300, CommonStingrayEntityForge=300, CommonThresherSharkEntityForge=300, GiantMorayEelEntityForge=300, GreatHammerheadSharkEntityForge=300, GreatWhiteSharkEntityForge=300, GreenSeaTurtleEntityForge=300, HarborSealEntityForge=300, NautilusEntityForge=300, OceanicWhitetipSharkEntityForge=300, OrcaEntityForge=700, SandtigerSharkEntityForge=300, ShortfinMakoSharkEntityForge=300, TigerSharkEntityForge=300}	11	{death_AmericanLobsterEntityForge_mob_by_BlacktipReefSharkEntityForge=1, death_AmericanLobsterEntityForge_mob_by_CommonStingrayEntityForge=3, death_AmericanLobsterEntityForge_mob_by_SandtigerSharkEntityForge=1, death_AtlanticCodEntityForge_mob_by_BlacktipReefSharkEntityForge=1, death_AtlanticCodEntityForge_mob_by_CommonThresherSharkEntityForge=2, death_AtlanticCodEntityForge_mob_by_GreatHammerheadSharkEntityForge=1, death_AtlanticCodEntityForge_mob_by_GreatWhiteSharkEntityForge=1, death_AtlanticCodEntityForge_mob_by_SandtigerSharkEntityForge=1, death_AtlanticCodEntityForge_mob_by_TigerSharkEntityForge=1, death_AtlanticSalmonEntityForge_mob_by_BlacktipReefSharkEntityForge=4, death_AtlanticSalmonEntityForge_mob_by_CommonThresherSharkEntityForge=1, death_AtlanticSalmonEntityForge_mob_by_OceanicWhitetipSharkEntityForge=1, death_BottlenoseDolphinEntityForge_mob_by_GreatWhiteSharkEntityForge=1, death_BottlenoseDolphinEntityForge_mob_by_ShortfinMakoSharkEntityForge=2, death_CaribbeanReefOctopusEntityForge_mob_by_BlacktipReefSharkEntityForge=1, death_CaribbeanReefOctopusEntityForge_mob_by_CommonStingrayEntityForge=1, death_CommonOctopusEntityForge_mob_by_GreatHammerheadSharkEntityForge=2, death_GiantMorayEelEntityForge_mob_by_CommonStingrayEntityForge=1, death_GreenSeaTurtleEntityForge_mob_by_OceanicWhitetipSharkEntityForge=1, death_SandtigerSharkEntityForge_mob_by_TigerSharkEntityForge=1, living_deaths=28, navigation_calls=37955, sensor_calls=69386}	59	63
30600	1162411472	{AmericanLobsterEntityForge=10, AtlanticCodEntityForge=8, AtlanticSalmonEntityForge=8, BlackSeaNettleJellyfishEntityForge=1, BlacktipReefSharkEntityForge=3, BottlenoseDolphinEntityForge=4, CannonballJellyfishEntityForge=2, CaribbeanReefOctopusEntityForge=2, CommonOctopusEntityForge=3, CommonStingrayEntityForge=3, CommonThresherSharkEntityForge=1, GiantMorayEelEntityForge=4, GreatHammerheadSharkEntityForge=1, GreatWhiteSharkEntityForge=1, GreenSeaTurtleEntityForge=3, HarborSealEntityForge=3, NautilusEntityForge=1, OceanicWhitetipSharkEntityForge=1, OrcaEntityForge=1, SandtigerSharkEntityForge=1, ShortfinMakoSharkEntityForge=1, TigerSharkEntityForge=1}	{AmericanLobsterEntityForge=300, AtlanticCodEntityForge=300, AtlanticSalmonEntityForge=300, BlackSeaNettleJellyfishEntityForge=300, BlacktipReefSharkEntityForge=300, BottlenoseDolphinEntityForge=700, CannonballJellyfishEntityForge=300, CaribbeanReefOctopusEntityForge=300, CommonOctopusEntityForge=300, CommonStingrayEntityForge=300, CommonThresherSharkEntityForge=300, GiantMorayEelEntityForge=300, GreatHammerheadSharkEntityForge=300, GreatWhiteSharkEntityForge=300, GreenSeaTurtleEntityForge=300, HarborSealEntityForge=300, NautilusEntityForge=300, OceanicWhitetipSharkEntityForge=300, OrcaEntityForge=700, SandtigerSharkEntityForge=300, ShortfinMakoSharkEntityForge=300, TigerSharkEntityForge=300}	11	{death_AmericanLobsterEntityForge_mob_by_BlacktipReefSharkEntityForge=1, death_AmericanLobsterEntityForge_mob_by_CommonStingrayEntityForge=3, death_AmericanLobsterEntityForge_mob_by_SandtigerSharkEntityForge=1, death_AtlanticCodEntityForge_mob_by_BlacktipReefSharkEntityForge=1, death_AtlanticCodEntityForge_mob_by_CommonThresherSharkEntityForge=2, death_AtlanticCodEntityForge_mob_by_GreatHammerheadSharkEntityForge=1, death_AtlanticCodEntityForge_mob_by_GreatWhiteSharkEntityForge=1, death_AtlanticCodEntityForge_mob_by_SandtigerSharkEntityForge=1, death_AtlanticCodEntityForge_mob_by_TigerSharkEntityForge=1, death_AtlanticSalmonEntityForge_mob_by_BlacktipReefSharkEntityForge=4, death_AtlanticSalmonEntityForge_mob_by_CommonThresherSharkEntityForge=1, death_AtlanticSalmonEntityForge_mob_by_OceanicWhitetipSharkEntityForge=1, death_BottlenoseDolphinEntityForge_mob_by_GreatWhiteSharkEntityForge=1, death_BottlenoseDolphinEntityForge_mob_by_ShortfinMakoSharkEntityForge=2, death_CaribbeanReefOctopusEntityForge_mob_by_BlacktipReefSharkEntityForge=1, death_CaribbeanReefOctopusEntityForge_mob_by_CommonStingrayEntityForge=1, death_CommonOctopusEntityForge_mob_by_GreatHammerheadSharkEntityForge=2, death_GiantMorayEelEntityForge_mob_by_CommonStingrayEntityForge=1, death_GreenSeaTurtleEntityForge_mob_by_OceanicWhitetipSharkEntityForge=1, death_SandtigerSharkEntityForge_mob_by_TigerSharkEntityForge=1, living_deaths=28, navigation_calls=38182, sensor_calls=69855}	57	63
30800	1249443280	{AmericanLobsterEntityForge=10, AtlanticCodEntityForge=8, AtlanticSalmonEntityForge=8, BlackSeaNettleJellyfishEntityForge=1, BlacktipReefSharkEntityForge=3, BottlenoseDolphinEntityForge=4, CannonballJellyfishEntityForge=2, CaribbeanReefOctopusEntityForge=2, CommonOctopusEntityForge=3, CommonStingrayEntityForge=3, CommonThresherSharkEntityForge=1, GiantMorayEelEntityForge=4, GreatHammerheadSharkEntityForge=1, GreatWhiteSharkEntityForge=1, GreenSeaTurtleEntityForge=3, HarborSealEntityForge=3, NautilusEntityForge=1, OceanicWhitetipSharkEntityForge=1, OrcaEntityForge=1, SandtigerSharkEntityForge=1, ShortfinMakoSharkEntityForge=1, TigerSharkEntityForge=1}	{AmericanLobsterEntityForge=300, AtlanticCodEntityForge=300, AtlanticSalmonEntityForge=300, BlackSeaNettleJellyfishEntityForge=300, BlacktipReefSharkEntityForge=300, BottlenoseDolphinEntityForge=700, CannonballJellyfishEntityForge=300, CaribbeanReefOctopusEntityForge=300, CommonOctopusEntityForge=300, CommonStingrayEntityForge=300, CommonThresherSharkEntityForge=300, GiantMorayEelEntityForge=300, GreatHammerheadSharkEntityForge=300, GreatWhiteSharkEntityForge=300, GreenSeaTurtleEntityForge=300, HarborSealEntityForge=300, NautilusEntityForge=300, OceanicWhitetipSharkEntityForge=300, OrcaEntityForge=700, SandtigerSharkEntityForge=300, ShortfinMakoSharkEntityForge=300, TigerSharkEntityForge=300}	11	{death_AmericanLobsterEntityForge_mob_by_BlacktipReefSharkEntityForge=1, death_AmericanLobsterEntityForge_mob_by_CommonStingrayEntityForge=3, death_AmericanLobsterEntityForge_mob_by_SandtigerSharkEntityForge=1, death_AtlanticCodEntityForge_mob_by_BlacktipReefSharkEntityForge=1, death_AtlanticCodEntityForge_mob_by_CommonThresherSharkEntityForge=2, death_AtlanticCodEntityForge_mob_by_GreatHammerheadSharkEntityForge=1, death_AtlanticCodEntityForge_mob_by_GreatWhiteSharkEntityForge=1, death_AtlanticCodEntityForge_mob_by_SandtigerSharkEntityForge=1, death_AtlanticCodEntityForge_mob_by_TigerSharkEntityForge=1, death_AtlanticSalmonEntityForge_mob_by_BlacktipReefSharkEntityForge=4, death_AtlanticSalmonEntityForge_mob_by_CommonThresherSharkEntityForge=1, death_AtlanticSalmonEntityForge_mob_by_OceanicWhitetipSharkEntityForge=1, death_BottlenoseDolphinEntityForge_mob_by_GreatWhiteSharkEntityForge=1, death_BottlenoseDolphinEntityForge_mob_by_ShortfinMakoSharkEntityForge=2, death_CaribbeanReefOctopusEntityForge_mob_by_BlacktipReefSharkEntityForge=1, death_CaribbeanReefOctopusEntityForge_mob_by_CommonStingrayEntityForge=1, death_CommonOctopusEntityForge_mob_by_GreatHammerheadSharkEntityForge=2, death_GiantMorayEelEntityForge_mob_by_CommonStingrayEntityForge=1, death_GreenSeaTurtleEntityForge_mob_by_OceanicWhitetipSharkEntityForge=1, death_SandtigerSharkEntityForge_mob_by_TigerSharkEntityForge=1, living_deaths=28, navigation_calls=38391, sensor_calls=70298}	57	63
31000	1336475088	{AmericanLobsterEntityForge=10, AtlanticCodEntityForge=8, AtlanticSalmonEntityForge=8, BlackSeaNettleJellyfishEntityForge=1, BlacktipReefSharkEntityForge=3, BottlenoseDolphinEntityForge=4, CannonballJellyfishEntityForge=2, CaribbeanReefOctopusEntityForge=2, CommonOctopusEntityForge=3, CommonStingrayEntityForge=3, CommonThresherSharkEntityForge=1, GiantMorayEelEntityForge=4, GreatHammerheadSharkEntityForge=1, GreatWhiteSharkEntityForge=1, GreenSeaTurtleEntityForge=3, HarborSealEntityForge=3, NautilusEntityForge=1, OceanicWhitetipSharkEntityForge=1, OrcaEntityForge=1, SandtigerSharkEntityForge=1, ShortfinMakoSharkEntityForge=1, TigerSharkEntityForge=1}	{AmericanLobsterEntityForge=300, AtlanticCodEntityForge=300, AtlanticSalmonEntityForge=300, BlackSeaNettleJellyfishEntityForge=300, BlacktipReefSharkEntityForge=300, BottlenoseDolphinEntityForge=700, CannonballJellyfishEntityForge=300, CaribbeanReefOctopusEntityForge=300, CommonOctopusEntityForge=300, CommonStingrayEntityForge=300, CommonThresherSharkEntityForge=300, GiantMorayEelEntityForge=300, GreatHammerheadSharkEntityForge=300, GreatWhiteSharkEntityForge=300, GreenSeaTurtleEntityForge=300, HarborSealEntityForge=300, NautilusEntityForge=300, OceanicWhitetipSharkEntityForge=300, OrcaEntityForge=700, SandtigerSharkEntityForge=300, ShortfinMakoSharkEntityForge=300, TigerSharkEntityForge=300}	11	{death_AmericanLobsterEntityForge_mob_by_BlacktipReefSharkEntityForge=1, death_AmericanLobsterEntityForge_mob_by_CommonStingrayEntityForge=3, death_AmericanLobsterEntityForge_mob_by_SandtigerSharkEntityForge=1, death_AtlanticCodEntityForge_mob_by_BlacktipReefSharkEntityForge=1, death_AtlanticCodEntityForge_mob_by_CommonThresherSharkEntityForge=2, death_AtlanticCodEntityForge_mob_by_GreatHammerheadSharkEntityForge=1, death_AtlanticCodEntityForge_mob_by_GreatWhiteSharkEntityForge=1, death_AtlanticCodEntityForge_mob_by_SandtigerSharkEntityForge=1, death_AtlanticCodEntityForge_mob_by_TigerSharkEntityForge=1, death_AtlanticSalmonEntityForge_mob_by_BlacktipReefSharkEntityForge=4, death_AtlanticSalmonEntityForge_mob_by_CommonThresherSharkEntityForge=1, death_AtlanticSalmonEntityForge_mob_by_OceanicWhitetipSharkEntityForge=1, death_BottlenoseDolphinEntityForge_mob_by_GreatWhiteSharkEntityForge=1, death_BottlenoseDolphinEntityForge_mob_by_ShortfinMakoSharkEntityForge=2, death_CaribbeanReefOctopusEntityForge_mob_by_BlacktipReefSharkEntityForge=1, death_CaribbeanReefOctopusEntityForge_mob_by_CommonStingrayEntityForge=1, death_CommonOctopusEntityForge_mob_by_GreatHammerheadSharkEntityForge=2, death_GiantMorayEelEntityForge_mob_by_CommonStingrayEntityForge=1, death_GreenSeaTurtleEntityForge_mob_by_OceanicWhitetipSharkEntityForge=1, death_SandtigerSharkEntityForge_mob_by_TigerSharkEntityForge=1, living_deaths=28, navigation_calls=38611, sensor_calls=70767}	58	63
31200	1423506896	{AmericanLobsterEntityForge=10, AtlanticCodEntityForge=8, AtlanticSalmonEntityForge=8, BlackSeaNettleJellyfishEntityForge=1, BlacktipReefSharkEntityForge=3, BottlenoseDolphinEntityForge=4, CannonballJellyfishEntityForge=2, CaribbeanReefOctopusEntityForge=2, CommonOctopusEntityForge=3, CommonStingrayEntityForge=3, CommonThresherSharkEntityForge=1, GiantMorayEelEntityForge=4, GreatHammerheadSharkEntityForge=1, GreatWhiteSharkEntityForge=1, GreenSeaTurtleEntityForge=3, HarborSealEntityForge=3, NautilusEntityForge=1, OceanicWhitetipSharkEntityForge=1, OrcaEntityForge=1, SandtigerSharkEntityForge=1, ShortfinMakoSharkEntityForge=1, TigerSharkEntityForge=1}	{AmericanLobsterEntityForge=300, AtlanticCodEntityForge=300, AtlanticSalmonEntityForge=300, BlackSeaNettleJellyfishEntityForge=300, BlacktipReefSharkEntityForge=300, BottlenoseDolphinEntityForge=700, CannonballJellyfishEntityForge=300, CaribbeanReefOctopusEntityForge=300, CommonOctopusEntityForge=300, CommonStingrayEntityForge=300, CommonThresherSharkEntityForge=300, GiantMorayEelEntityForge=300, GreatHammerheadSharkEntityForge=300, GreatWhiteSharkEntityForge=300, GreenSeaTurtleEntityForge=300, HarborSealEntityForge=300, NautilusEntityForge=300, OceanicWhitetipSharkEntityForge=300, OrcaEntityForge=700, SandtigerSharkEntityForge=300, ShortfinMakoSharkEntityForge=300, TigerSharkEntityForge=300}	11	{death_AmericanLobsterEntityForge_mob_by_BlacktipReefSharkEntityForge=1, death_AmericanLobsterEntityForge_mob_by_CommonStingrayEntityForge=3, death_AmericanLobsterEntityForge_mob_by_SandtigerSharkEntityForge=1, death_AtlanticCodEntityForge_mob_by_BlacktipReefSharkEntityForge=1, death_AtlanticCodEntityForge_mob_by_CommonThresherSharkEntityForge=2, death_AtlanticCodEntityForge_mob_by_GreatHammerheadSharkEntityForge=1, death_AtlanticCodEntityForge_mob_by_GreatWhiteSharkEntityForge=1, death_AtlanticCodEntityForge_mob_by_SandtigerSharkEntityForge=1, death_AtlanticCodEntityForge_mob_by_TigerSharkEntityForge=1, death_AtlanticSalmonEntityForge_mob_by_BlacktipReefSharkEntityForge=4, death_AtlanticSalmonEntityForge_mob_by_CommonThresherSharkEntityForge=1, death_AtlanticSalmonEntityForge_mob_by_OceanicWhitetipSharkEntityForge=1, death_BottlenoseDolphinEntityForge_mob_by_GreatWhiteSharkEntityForge=1, death_BottlenoseDolphinEntityForge_mob_by_ShortfinMakoSharkEntityForge=2, death_CaribbeanReefOctopusEntityForge_mob_by_BlacktipReefSharkEntityForge=1, death_CaribbeanReefOctopusEntityForge_mob_by_CommonStingrayEntityForge=1, death_CommonOctopusEntityForge_mob_by_GreatHammerheadSharkEntityForge=2, death_GiantMorayEelEntityForge_mob_by_CommonStingrayEntityForge=1, death_GreenSeaTurtleEntityForge_mob_by_OceanicWhitetipSharkEntityForge=1, death_SandtigerSharkEntityForge_mob_by_TigerSharkEntityForge=1, living_deaths=28, navigation_calls=38804, sensor_calls=71210}	59	63
31400	1510538704	{AmericanLobsterEntityForge=10, AtlanticCodEntityForge=8, AtlanticSalmonEntityForge=8, BlackSeaNettleJellyfishEntityForge=1, BlacktipReefSharkEntityForge=3, BottlenoseDolphinEntityForge=4, CannonballJellyfishEntityForge=2, CaribbeanReefOctopusEntityForge=2, CommonOctopusEntityForge=3, CommonStingrayEntityForge=3, CommonThresherSharkEntityForge=1, GiantMorayEelEntityForge=4, GreatHammerheadSharkEntityForge=1, GreatWhiteSharkEntityForge=1, GreenSeaTurtleEntityForge=3, HarborSealEntityForge=3, NautilusEntityForge=1, OceanicWhitetipSharkEntityForge=1, OrcaEntityForge=1, SandtigerSharkEntityForge=1, ShortfinMakoSharkEntityForge=1, TigerSharkEntityForge=1}	{AmericanLobsterEntityForge=300, AtlanticCodEntityForge=300, AtlanticSalmonEntityForge=300, BlackSeaNettleJellyfishEntityForge=300, BlacktipReefSharkEntityForge=300, BottlenoseDolphinEntityForge=700, CannonballJellyfishEntityForge=300, CaribbeanReefOctopusEntityForge=300, CommonOctopusEntityForge=300, CommonStingrayEntityForge=300, CommonThresherSharkEntityForge=300, GiantMorayEelEntityForge=300, GreatHammerheadSharkEntityForge=300, GreatWhiteSharkEntityForge=300, GreenSeaTurtleEntityForge=300, HarborSealEntityForge=300, NautilusEntityForge=300, OceanicWhitetipSharkEntityForge=300, OrcaEntityForge=700, SandtigerSharkEntityForge=300, ShortfinMakoSharkEntityForge=300, TigerSharkEntityForge=300}	11	{death_AmericanLobsterEntityForge_mob_by_BlacktipReefSharkEntityForge=1, death_AmericanLobsterEntityForge_mob_by_CommonStingrayEntityForge=3, death_AmericanLobsterEntityForge_mob_by_SandtigerSharkEntityForge=1, death_AtlanticCodEntityForge_mob_by_BlacktipReefSharkEntityForge=1, death_AtlanticCodEntityForge_mob_by_CommonThresherSharkEntityForge=2, death_AtlanticCodEntityForge_mob_by_GreatHammerheadSharkEntityForge=1, death_AtlanticCodEntityForge_mob_by_GreatWhiteSharkEntityForge=1, death_AtlanticCodEntityForge_mob_by_SandtigerSharkEntityForge=1, death_AtlanticCodEntityForge_mob_by_TigerSharkEntityForge=1, death_AtlanticSalmonEntityForge_mob_by_BlacktipReefSharkEntityForge=4, death_AtlanticSalmonEntityForge_mob_by_CommonThresherSharkEntityForge=1, death_AtlanticSalmonEntityForge_mob_by_OceanicWhitetipSharkEntityForge=1, death_BottlenoseDolphinEntityForge_mob_by_GreatWhiteSharkEntityForge=1, death_BottlenoseDolphinEntityForge_mob_by_ShortfinMakoSharkEntityForge=2, death_CaribbeanReefOctopusEntityForge_mob_by_BlacktipReefSharkEntityForge=1, death_CaribbeanReefOctopusEntityForge_mob_by_CommonStingrayEntityForge=1, death_CommonOctopusEntityForge_mob_by_GreatHammerheadSharkEntityForge=2, death_GiantMorayEelEntityForge_mob_by_CommonStingrayEntityForge=1, death_GreenSeaTurtleEntityForge_mob_by_OceanicWhitetipSharkEntityForge=1, death_SandtigerSharkEntityForge_mob_by_TigerSharkEntityForge=1, living_deaths=28, navigation_calls=39030, sensor_calls=71679}	59	63
31600	322737944	{AmericanLobsterEntityForge=10, AtlanticCodEntityForge=8, AtlanticSalmonEntityForge=8, BlackSeaNettleJellyfishEntityForge=1, BlacktipReefSharkEntityForge=3, BottlenoseDolphinEntityForge=4, CannonballJellyfishEntityForge=2, CaribbeanReefOctopusEntityForge=2, CommonOctopusEntityForge=3, CommonStingrayEntityForge=3, CommonThresherSharkEntityForge=1, GiantMorayEelEntityForge=4, GreatHammerheadSharkEntityForge=1, GreatWhiteSharkEntityForge=1, GreenSeaTurtleEntityForge=3, HarborSealEntityForge=3, NautilusEntityForge=1, OceanicWhitetipSharkEntityForge=1, OrcaEntityForge=1, SandtigerSharkEntityForge=1, ShortfinMakoSharkEntityForge=1, TigerSharkEntityForge=1}	{AmericanLobsterEntityForge=300, AtlanticCodEntityForge=300, AtlanticSalmonEntityForge=300, BlackSeaNettleJellyfishEntityForge=300, BlacktipReefSharkEntityForge=300, BottlenoseDolphinEntityForge=700, CannonballJellyfishEntityForge=300, CaribbeanReefOctopusEntityForge=300, CommonOctopusEntityForge=300, CommonStingrayEntityForge=300, CommonThresherSharkEntityForge=300, GiantMorayEelEntityForge=300, GreatHammerheadSharkEntityForge=300, GreatWhiteSharkEntityForge=300, GreenSeaTurtleEntityForge=300, HarborSealEntityForge=300, NautilusEntityForge=300, OceanicWhitetipSharkEntityForge=300, OrcaEntityForge=700, SandtigerSharkEntityForge=300, ShortfinMakoSharkEntityForge=300, TigerSharkEntityForge=300}	11	{death_AmericanLobsterEntityForge_mob_by_BlacktipReefSharkEntityForge=1, death_AmericanLobsterEntityForge_mob_by_CommonStingrayEntityForge=3, death_AmericanLobsterEntityForge_mob_by_SandtigerSharkEntityForge=1, death_AtlanticCodEntityForge_mob_by_BlacktipReefSharkEntityForge=1, death_AtlanticCodEntityForge_mob_by_CommonThresherSharkEntityForge=2, death_AtlanticCodEntityForge_mob_by_GreatHammerheadSharkEntityForge=1, death_AtlanticCodEntityForge_mob_by_GreatWhiteSharkEntityForge=1, death_AtlanticCodEntityForge_mob_by_SandtigerSharkEntityForge=1, death_AtlanticCodEntityForge_mob_by_TigerSharkEntityForge=1, death_AtlanticSalmonEntityForge_mob_by_BlacktipReefSharkEntityForge=4, death_AtlanticSalmonEntityForge_mob_by_CommonThresherSharkEntityForge=1, death_AtlanticSalmonEntityForge_mob_by_OceanicWhitetipSharkEntityForge=1, death_BottlenoseDolphinEntityForge_mob_by_GreatWhiteSharkEntityForge=1, death_BottlenoseDolphinEntityForge_mob_by_ShortfinMakoSharkEntityForge=2, death_CaribbeanReefOctopusEntityForge_mob_by_BlacktipReefSharkEntityForge=1, death_CaribbeanReefOctopusEntityForge_mob_by_CommonStingrayEntityForge=1, death_CommonOctopusEntityForge_mob_by_GreatHammerheadSharkEntityForge=2, death_GiantMorayEelEntityForge_mob_by_CommonStingrayEntityForge=1, death_GreenSeaTurtleEntityForge_mob_by_OceanicWhitetipSharkEntityForge=1, death_SandtigerSharkEntityForge_mob_by_TigerSharkEntityForge=1, living_deaths=28, navigation_calls=39342, sensor_calls=72123}	60	63
31800	412915480	{AmericanLobsterEntityForge=10, AtlanticCodEntityForge=8, AtlanticSalmonEntityForge=8, BlackSeaNettleJellyfishEntityForge=1, BlacktipReefSharkEntityForge=3, BottlenoseDolphinEntityForge=4, CannonballJellyfishEntityForge=2, CaribbeanReefOctopusEntityForge=2, CommonOctopusEntityForge=3, CommonStingrayEntityForge=3, CommonThresherSharkEntityForge=1, GiantMorayEelEntityForge=4, GreatHammerheadSharkEntityForge=1, GreatWhiteSharkEntityForge=1, GreenSeaTurtleEntityForge=3, HarborSealEntityForge=3, NautilusEntityForge=1, OceanicWhitetipSharkEntityForge=1, OrcaEntityForge=1, SandtigerSharkEntityForge=1, ShortfinMakoSharkEntityForge=1, TigerSharkEntityForge=1}	{AmericanLobsterEntityForge=300, AtlanticCodEntityForge=300, AtlanticSalmonEntityForge=300, BlackSeaNettleJellyfishEntityForge=300, BlacktipReefSharkEntityForge=300, BottlenoseDolphinEntityForge=700, CannonballJellyfishEntityForge=300, CaribbeanReefOctopusEntityForge=300, CommonOctopusEntityForge=300, CommonStingrayEntityForge=300, CommonThresherSharkEntityForge=300, GiantMorayEelEntityForge=300, GreatHammerheadSharkEntityForge=300, GreatWhiteSharkEntityForge=300, GreenSeaTurtleEntityForge=300, HarborSealEntityForge=300, NautilusEntityForge=300, OceanicWhitetipSharkEntityForge=300, OrcaEntityForge=700, SandtigerSharkEntityForge=300, ShortfinMakoSharkEntityForge=300, TigerSharkEntityForge=300}	11	{death_AmericanLobsterEntityForge_mob_by_BlacktipReefSharkEntityForge=1, death_AmericanLobsterEntityForge_mob_by_CommonStingrayEntityForge=3, death_AmericanLobsterEntityForge_mob_by_SandtigerSharkEntityForge=1, death_AtlanticCodEntityForge_mob_by_BlacktipReefSharkEntityForge=1, death_AtlanticCodEntityForge_mob_by_CommonThresherSharkEntityForge=2, death_AtlanticCodEntityForge_mob_by_GreatHammerheadSharkEntityForge=1, death_AtlanticCodEntityForge_mob_by_GreatWhiteSharkEntityForge=1, death_AtlanticCodEntityForge_mob_by_SandtigerSharkEntityForge=1, death_AtlanticCodEntityForge_mob_by_TigerSharkEntityForge=1, death_AtlanticSalmonEntityForge_mob_by_BlacktipReefSharkEntityForge=4, death_AtlanticSalmonEntityForge_mob_by_CommonThresherSharkEntityForge=1, death_AtlanticSalmonEntityForge_mob_by_OceanicWhitetipSharkEntityForge=1, death_BottlenoseDolphinEntityForge_mob_by_GreatWhiteSharkEntityForge=1, death_BottlenoseDolphinEntityForge_mob_by_ShortfinMakoSharkEntityForge=2, death_CaribbeanReefOctopusEntityForge_mob_by_BlacktipReefSharkEntityForge=1, death_CaribbeanReefOctopusEntityForge_mob_by_CommonStingrayEntityForge=1, death_CommonOctopusEntityForge_mob_by_GreatHammerheadSharkEntityForge=2, death_GiantMorayEelEntityForge_mob_by_CommonStingrayEntityForge=1, death_GreenSeaTurtleEntityForge_mob_by_OceanicWhitetipSharkEntityForge=1, death_SandtigerSharkEntityForge_mob_by_TigerSharkEntityForge=1, living_deaths=28, navigation_calls=39608, sensor_calls=72592}	60	63
32000	498898712	{AmericanLobsterEntityForge=10, AtlanticCodEntityForge=8, AtlanticSalmonEntityForge=8, BlackSeaNettleJellyfishEntityForge=1, BlacktipReefSharkEntityForge=3, BottlenoseDolphinEntityForge=4, CannonballJellyfishEntityForge=2, CaribbeanReefOctopusEntityForge=2, CommonOctopusEntityForge=3, CommonStingrayEntityForge=3, CommonThresherSharkEntityForge=1, GiantMorayEelEntityForge=4, GreatHammerheadSharkEntityForge=1, GreatWhiteSharkEntityForge=1, GreenSeaTurtleEntityForge=3, HarborSealEntityForge=3, NautilusEntityForge=1, OceanicWhitetipSharkEntityForge=1, OrcaEntityForge=1, SandtigerSharkEntityForge=1, ShortfinMakoSharkEntityForge=1, TigerSharkEntityForge=1}	{AmericanLobsterEntityForge=300, AtlanticCodEntityForge=300, AtlanticSalmonEntityForge=300, BlackSeaNettleJellyfishEntityForge=300, BlacktipReefSharkEntityForge=300, BottlenoseDolphinEntityForge=700, CannonballJellyfishEntityForge=300, CaribbeanReefOctopusEntityForge=300, CommonOctopusEntityForge=300, CommonStingrayEntityForge=300, CommonThresherSharkEntityForge=300, GiantMorayEelEntityForge=300, GreatHammerheadSharkEntityForge=300, GreatWhiteSharkEntityForge=300, GreenSeaTurtleEntityForge=300, HarborSealEntityForge=300, NautilusEntityForge=300, OceanicWhitetipSharkEntityForge=300, OrcaEntityForge=700, SandtigerSharkEntityForge=300, ShortfinMakoSharkEntityForge=300, TigerSharkEntityForge=300}	11	{death_AmericanLobsterEntityForge_mob_by_BlacktipReefSharkEntityForge=1, death_AmericanLobsterEntityForge_mob_by_CommonStingrayEntityForge=3, death_AmericanLobsterEntityForge_mob_by_SandtigerSharkEntityForge=1, death_AtlanticCodEntityForge_mob_by_BlacktipReefSharkEntityForge=1, death_AtlanticCodEntityForge_mob_by_CommonThresherSharkEntityForge=2, death_AtlanticCodEntityForge_mob_by_GreatHammerheadSharkEntityForge=1, death_AtlanticCodEntityForge_mob_by_GreatWhiteSharkEntityForge=1, death_AtlanticCodEntityForge_mob_by_SandtigerSharkEntityForge=1, death_AtlanticCodEntityForge_mob_by_TigerSharkEntityForge=1, death_AtlanticSalmonEntityForge_mob_by_BlacktipReefSharkEntityForge=4, death_AtlanticSalmonEntityForge_mob_by_CommonThresherSharkEntityForge=1, death_AtlanticSalmonEntityForge_mob_by_OceanicWhitetipSharkEntityForge=1, death_BottlenoseDolphinEntityForge_mob_by_GreatWhiteSharkEntityForge=1, death_BottlenoseDolphinEntityForge_mob_by_ShortfinMakoSharkEntityForge=2, death_CaribbeanReefOctopusEntityForge_mob_by_BlacktipReefSharkEntityForge=1, death_CaribbeanReefOctopusEntityForge_mob_by_CommonStingrayEntityForge=1, death_CommonOctopusEntityForge_mob_by_GreatHammerheadSharkEntityForge=2, death_GiantMorayEelEntityForge_mob_by_CommonStingrayEntityForge=1, death_GreenSeaTurtleEntityForge_mob_by_OceanicWhitetipSharkEntityForge=1, death_SandtigerSharkEntityForge_mob_by_TigerSharkEntityForge=1, living_deaths=28, navigation_calls=39818, sensor_calls=73036}	60	63
32200	584881944	{AmericanLobsterEntityForge=10, AtlanticCodEntityForge=8, AtlanticSalmonEntityForge=8, BlackSeaNettleJellyfishEntityForge=1, BlacktipReefSharkEntityForge=3, BottlenoseDolphinEntityForge=4, CannonballJellyfishEntityForge=2, CaribbeanReefOctopusEntityForge=2, CommonOctopusEntityForge=3, CommonStingrayEntityForge=3, CommonThresherSharkEntityForge=1, GiantMorayEelEntityForge=4, GreatHammerheadSharkEntityForge=1, GreatWhiteSharkEntityForge=1, GreenSeaTurtleEntityForge=3, HarborSealEntityForge=3, NautilusEntityForge=1, OceanicWhitetipSharkEntityForge=1, OrcaEntityForge=1, SandtigerSharkEntityForge=1, ShortfinMakoSharkEntityForge=1, TigerSharkEntityForge=1}	{AmericanLobsterEntityForge=300, AtlanticCodEntityForge=300, AtlanticSalmonEntityForge=300, BlackSeaNettleJellyfishEntityForge=300, BlacktipReefSharkEntityForge=300, BottlenoseDolphinEntityForge=700, CannonballJellyfishEntityForge=300, CaribbeanReefOctopusEntityForge=300, CommonOctopusEntityForge=300, CommonStingrayEntityForge=300, CommonThresherSharkEntityForge=300, GiantMorayEelEntityForge=300, GreatHammerheadSharkEntityForge=300, GreatWhiteSharkEntityForge=300, GreenSeaTurtleEntityForge=300, HarborSealEntityForge=300, NautilusEntityForge=300, OceanicWhitetipSharkEntityForge=300, OrcaEntityForge=700, SandtigerSharkEntityForge=300, ShortfinMakoSharkEntityForge=300, TigerSharkEntityForge=300}	11	{death_AmericanLobsterEntityForge_mob_by_BlacktipReefSharkEntityForge=1, death_AmericanLobsterEntityForge_mob_by_CommonStingrayEntityForge=3, death_AmericanLobsterEntityForge_mob_by_SandtigerSharkEntityForge=1, death_AtlanticCodEntityForge_mob_by_BlacktipReefSharkEntityForge=1, death_AtlanticCodEntityForge_mob_by_CommonThresherSharkEntityForge=2, death_AtlanticCodEntityForge_mob_by_GreatHammerheadSharkEntityForge=1, death_AtlanticCodEntityForge_mob_by_GreatWhiteSharkEntityForge=1, death_AtlanticCodEntityForge_mob_by_SandtigerSharkEntityForge=1, death_AtlanticCodEntityForge_mob_by_TigerSharkEntityForge=1, death_AtlanticSalmonEntityForge_mob_by_BlacktipReefSharkEntityForge=4, death_AtlanticSalmonEntityForge_mob_by_CommonThresherSharkEntityForge=1, death_AtlanticSalmonEntityForge_mob_by_OceanicWhitetipSharkEntityForge=1, death_BottlenoseDolphinEntityForge_mob_by_GreatWhiteSharkEntityForge=1, death_BottlenoseDolphinEntityForge_mob_by_ShortfinMakoSharkEntityForge=2, death_CaribbeanReefOctopusEntityForge_mob_by_BlacktipReefSharkEntityForge=1, death_CaribbeanReefOctopusEntityForge_mob_by_CommonStingrayEntityForge=1, death_CommonOctopusEntityForge_mob_by_GreatHammerheadSharkEntityForge=2, death_GiantMorayEelEntityForge_mob_by_CommonStingrayEntityForge=1, death_GreenSeaTurtleEntityForge_mob_by_OceanicWhitetipSharkEntityForge=1, death_SandtigerSharkEntityForge_mob_by_TigerSharkEntityForge=1, living_deaths=28, navigation_calls=40032, sensor_calls=73504}	61	63
32400	669816600	{AmericanLobsterEntityForge=10, AtlanticCodEntityForge=8, AtlanticSalmonEntityForge=8, BlackSeaNettleJellyfishEntityForge=1, BlacktipReefSharkEntityForge=3, BottlenoseDolphinEntityForge=4, CannonballJellyfishEntityForge=2, CaribbeanReefOctopusEntityForge=2, CommonOctopusEntityForge=3, CommonStingrayEntityForge=3, CommonThresherSharkEntityForge=1, GiantMorayEelEntityForge=4, GreatHammerheadSharkEntityForge=1, GreatWhiteSharkEntityForge=1, GreenSeaTurtleEntityForge=3, HarborSealEntityForge=3, NautilusEntityForge=1, OceanicWhitetipSharkEntityForge=1, OrcaEntityForge=1, SandtigerSharkEntityForge=1, ShortfinMakoSharkEntityForge=1, TigerSharkEntityForge=1}	{AmericanLobsterEntityForge=300, AtlanticCodEntityForge=300, AtlanticSalmonEntityForge=300, BlackSeaNettleJellyfishEntityForge=300, BlacktipReefSharkEntityForge=300, BottlenoseDolphinEntityForge=700, CannonballJellyfishEntityForge=300, CaribbeanReefOctopusEntityForge=300, CommonOctopusEntityForge=300, CommonStingrayEntityForge=300, CommonThresherSharkEntityForge=300, GiantMorayEelEntityForge=300, GreatHammerheadSharkEntityForge=300, GreatWhiteSharkEntityForge=300, GreenSeaTurtleEntityForge=300, HarborSealEntityForge=300, NautilusEntityForge=300, OceanicWhitetipSharkEntityForge=300, OrcaEntityForge=700, SandtigerSharkEntityForge=300, ShortfinMakoSharkEntityForge=300, TigerSharkEntityForge=300}	11	{death_AmericanLobsterEntityForge_mob_by_BlacktipReefSharkEntityForge=1, death_AmericanLobsterEntityForge_mob_by_CommonStingrayEntityForge=3, death_AmericanLobsterEntityForge_mob_by_SandtigerSharkEntityForge=1, death_AtlanticCodEntityForge_mob_by_BlacktipReefSharkEntityForge=1, death_AtlanticCodEntityForge_mob_by_CommonThresherSharkEntityForge=2, death_AtlanticCodEntityForge_mob_by_GreatHammerheadSharkEntityForge=1, death_AtlanticCodEntityForge_mob_by_GreatWhiteSharkEntityForge=1, death_AtlanticCodEntityForge_mob_by_SandtigerSharkEntityForge=1, death_AtlanticCodEntityForge_mob_by_TigerSharkEntityForge=1, death_AtlanticSalmonEntityForge_mob_by_BlacktipReefSharkEntityForge=4, death_AtlanticSalmonEntityForge_mob_by_CommonThresherSharkEntityForge=1, death_AtlanticSalmonEntityForge_mob_by_OceanicWhitetipSharkEntityForge=1, death_BottlenoseDolphinEntityForge_mob_by_GreatWhiteSharkEntityForge=1, death_BottlenoseDolphinEntityForge_mob_by_ShortfinMakoSharkEntityForge=2, death_CaribbeanReefOctopusEntityForge_mob_by_BlacktipReefSharkEntityForge=1, death_CaribbeanReefOctopusEntityForge_mob_by_CommonStingrayEntityForge=1, death_CommonOctopusEntityForge_mob_by_GreatHammerheadSharkEntityForge=2, death_GiantMorayEelEntityForge_mob_by_CommonStingrayEntityForge=1, death_GreenSeaTurtleEntityForge_mob_by_OceanicWhitetipSharkEntityForge=1, death_SandtigerSharkEntityForge_mob_by_TigerSharkEntityForge=1, living_deaths=28, navigation_calls=40236, sensor_calls=73979}	60	63
32600	756848408	{AmericanLobsterEntityForge=10, AtlanticCodEntityForge=8, AtlanticSalmonEntityForge=8, BlackSeaNettleJellyfishEntityForge=1, BlacktipReefSharkEntityForge=3, BottlenoseDolphinEntityForge=4, CannonballJellyfishEntityForge=2, CaribbeanReefOctopusEntityForge=2, CommonOctopusEntityForge=3, CommonStingrayEntityForge=3, CommonThresherSharkEntityForge=1, GiantMorayEelEntityForge=4, GreatHammerheadSharkEntityForge=1, GreatWhiteSharkEntityForge=1, GreenSeaTurtleEntityForge=3, HarborSealEntityForge=3, NautilusEntityForge=1, OceanicWhitetipSharkEntityForge=1, OrcaEntityForge=1, SandtigerSharkEntityForge=1, ShortfinMakoSharkEntityForge=1, TigerSharkEntityForge=1}	{AmericanLobsterEntityForge=300, AtlanticCodEntityForge=300, AtlanticSalmonEntityForge=300, BlackSeaNettleJellyfishEntityForge=300, BlacktipReefSharkEntityForge=300, BottlenoseDolphinEntityForge=700, CannonballJellyfishEntityForge=300, CaribbeanReefOctopusEntityForge=300, CommonOctopusEntityForge=300, CommonStingrayEntityForge=300, CommonThresherSharkEntityForge=300, GiantMorayEelEntityForge=300, GreatHammerheadSharkEntityForge=300, GreatWhiteSharkEntityForge=300, GreenSeaTurtleEntityForge=300, HarborSealEntityForge=300, NautilusEntityForge=300, OceanicWhitetipSharkEntityForge=300, OrcaEntityForge=700, SandtigerSharkEntityForge=300, ShortfinMakoSharkEntityForge=300, TigerSharkEntityForge=300}	11	{death_AmericanLobsterEntityForge_mob_by_BlacktipReefSharkEntityForge=1, death_AmericanLobsterEntityForge_mob_by_CommonStingrayEntityForge=3, death_AmericanLobsterEntityForge_mob_by_SandtigerSharkEntityForge=1, death_AtlanticCodEntityForge_mob_by_BlacktipReefSharkEntityForge=1, death_AtlanticCodEntityForge_mob_by_CommonThresherSharkEntityForge=2, death_AtlanticCodEntityForge_mob_by_GreatHammerheadSharkEntityForge=1, death_AtlanticCodEntityForge_mob_by_GreatWhiteSharkEntityForge=1, death_AtlanticCodEntityForge_mob_by_SandtigerSharkEntityForge=1, death_AtlanticCodEntityForge_mob_by_TigerSharkEntityForge=1, death_AtlanticSalmonEntityForge_mob_by_BlacktipReefSharkEntityForge=4, death_AtlanticSalmonEntityForge_mob_by_CommonThresherSharkEntityForge=1, death_AtlanticSalmonEntityForge_mob_by_OceanicWhitetipSharkEntityForge=1, death_BottlenoseDolphinEntityForge_mob_by_GreatWhiteSharkEntityForge=1, death_BottlenoseDolphinEntityForge_mob_by_ShortfinMakoSharkEntityForge=2, death_CaribbeanReefOctopusEntityForge_mob_by_BlacktipReefSharkEntityForge=1, death_CaribbeanReefOctopusEntityForge_mob_by_CommonStingrayEntityForge=1, death_CommonOctopusEntityForge_mob_by_GreatHammerheadSharkEntityForge=2, death_GiantMorayEelEntityForge_mob_by_CommonStingrayEntityForge=1, death_GreenSeaTurtleEntityForge_mob_by_OceanicWhitetipSharkEntityForge=1, death_SandtigerSharkEntityForge_mob_by_TigerSharkEntityForge=1, living_deaths=28, navigation_calls=40455, sensor_calls=74420}	59	63
32800	839685912	{AmericanLobsterEntityForge=10, AtlanticCodEntityForge=8, AtlanticSalmonEntityForge=8, BlackSeaNettleJellyfishEntityForge=1, BlacktipReefSharkEntityForge=3, BottlenoseDolphinEntityForge=4, CannonballJellyfishEntityForge=2, CaribbeanReefOctopusEntityForge=2, CommonOctopusEntityForge=3, CommonStingrayEntityForge=3, CommonThresherSharkEntityForge=1, GiantMorayEelEntityForge=4, GreatHammerheadSharkEntityForge=1, GreatWhiteSharkEntityForge=1, GreenSeaTurtleEntityForge=3, HarborSealEntityForge=3, NautilusEntityForge=1, OceanicWhitetipSharkEntityForge=1, OrcaEntityForge=1, SandtigerSharkEntityForge=1, ShortfinMakoSharkEntityForge=1, TigerSharkEntityForge=1}	{AmericanLobsterEntityForge=300, AtlanticCodEntityForge=300, AtlanticSalmonEntityForge=300, BlackSeaNettleJellyfishEntityForge=300, BlacktipReefSharkEntityForge=300, BottlenoseDolphinEntityForge=700, CannonballJellyfishEntityForge=300, CaribbeanReefOctopusEntityForge=300, CommonOctopusEntityForge=300, CommonStingrayEntityForge=300, CommonThresherSharkEntityForge=300, GiantMorayEelEntityForge=300, GreatHammerheadSharkEntityForge=300, GreatWhiteSharkEntityForge=300, GreenSeaTurtleEntityForge=300, HarborSealEntityForge=300, NautilusEntityForge=300, OceanicWhitetipSharkEntityForge=300, OrcaEntityForge=700, SandtigerSharkEntityForge=300, ShortfinMakoSharkEntityForge=300, TigerSharkEntityForge=300}	11	{death_AmericanLobsterEntityForge_mob_by_BlacktipReefSharkEntityForge=1, death_AmericanLobsterEntityForge_mob_by_CommonStingrayEntityForge=3, death_AmericanLobsterEntityForge_mob_by_SandtigerSharkEntityForge=1, death_AtlanticCodEntityForge_mob_by_BlacktipReefSharkEntityForge=1, death_AtlanticCodEntityForge_mob_by_CommonThresherSharkEntityForge=2, death_AtlanticCodEntityForge_mob_by_GreatHammerheadSharkEntityForge=1, death_AtlanticCodEntityForge_mob_by_GreatWhiteSharkEntityForge=1, death_AtlanticCodEntityForge_mob_by_SandtigerSharkEntityForge=1, death_AtlanticCodEntityForge_mob_by_TigerSharkEntityForge=1, death_AtlanticSalmonEntityForge_mob_by_BlacktipReefSharkEntityForge=4, death_AtlanticSalmonEntityForge_mob_by_CommonThresherSharkEntityForge=1, death_AtlanticSalmonEntityForge_mob_by_OceanicWhitetipSharkEntityForge=1, death_BottlenoseDolphinEntityForge_mob_by_GreatWhiteSharkEntityForge=1, death_BottlenoseDolphinEntityForge_mob_by_ShortfinMakoSharkEntityForge=2, death_CaribbeanReefOctopusEntityForge_mob_by_BlacktipReefSharkEntityForge=1, death_CaribbeanReefOctopusEntityForge_mob_by_CommonStingrayEntityForge=1, death_CommonOctopusEntityForge_mob_by_GreatHammerheadSharkEntityForge=2, death_GiantMorayEelEntityForge_mob_by_CommonStingrayEntityForge=1, death_GreenSeaTurtleEntityForge_mob_by_OceanicWhitetipSharkEntityForge=1, death_SandtigerSharkEntityForge_mob_by_TigerSharkEntityForge=1, living_deaths=28, navigation_calls=40676, sensor_calls=74892}	59	63
33000	925669144	{AmericanLobsterEntityForge=10, AtlanticCodEntityForge=8, AtlanticSalmonEntityForge=8, BlackSeaNettleJellyfishEntityForge=1, BlacktipReefSharkEntityForge=3, BottlenoseDolphinEntityForge=4, CannonballJellyfishEntityForge=2, CaribbeanReefOctopusEntityForge=2, CommonOctopusEntityForge=3, CommonStingrayEntityForge=3, CommonThresherSharkEntityForge=1, GiantMorayEelEntityForge=4, GreatHammerheadSharkEntityForge=1, GreatWhiteSharkEntityForge=1, GreenSeaTurtleEntityForge=3, HarborSealEntityForge=3, NautilusEntityForge=1, OceanicWhitetipSharkEntityForge=1, OrcaEntityForge=1, SandtigerSharkEntityForge=1, ShortfinMakoSharkEntityForge=1, TigerSharkEntityForge=1}	{AmericanLobsterEntityForge=300, AtlanticCodEntityForge=300, AtlanticSalmonEntityForge=300, BlackSeaNettleJellyfishEntityForge=300, BlacktipReefSharkEntityForge=300, BottlenoseDolphinEntityForge=700, CannonballJellyfishEntityForge=300, CaribbeanReefOctopusEntityForge=300, CommonOctopusEntityForge=300, CommonStingrayEntityForge=300, CommonThresherSharkEntityForge=300, GiantMorayEelEntityForge=300, GreatHammerheadSharkEntityForge=300, GreatWhiteSharkEntityForge=300, GreenSeaTurtleEntityForge=300, HarborSealEntityForge=300, NautilusEntityForge=300, OceanicWhitetipSharkEntityForge=300, OrcaEntityForge=700, SandtigerSharkEntityForge=300, ShortfinMakoSharkEntityForge=300, TigerSharkEntityForge=300}	11	{death_AmericanLobsterEntityForge_mob_by_BlacktipReefSharkEntityForge=1, death_AmericanLobsterEntityForge_mob_by_CommonStingrayEntityForge=3, death_AmericanLobsterEntityForge_mob_by_SandtigerSharkEntityForge=1, death_AtlanticCodEntityForge_mob_by_BlacktipReefSharkEntityForge=1, death_AtlanticCodEntityForge_mob_by_CommonThresherSharkEntityForge=2, death_AtlanticCodEntityForge_mob_by_GreatHammerheadSharkEntityForge=1, death_AtlanticCodEntityForge_mob_by_GreatWhiteSharkEntityForge=1, death_AtlanticCodEntityForge_mob_by_SandtigerSharkEntityForge=1, death_AtlanticCodEntityForge_mob_by_TigerSharkEntityForge=1, death_AtlanticSalmonEntityForge_mob_by_BlacktipReefSharkEntityForge=4, death_AtlanticSalmonEntityForge_mob_by_CommonThresherSharkEntityForge=1, death_AtlanticSalmonEntityForge_mob_by_OceanicWhitetipSharkEntityForge=1, death_BottlenoseDolphinEntityForge_mob_by_GreatWhiteSharkEntityForge=1, death_BottlenoseDolphinEntityForge_mob_by_ShortfinMakoSharkEntityForge=2, death_CaribbeanReefOctopusEntityForge_mob_by_BlacktipReefSharkEntityForge=1, death_CaribbeanReefOctopusEntityForge_mob_by_CommonStingrayEntityForge=1, death_CommonOctopusEntityForge_mob_by_GreatHammerheadSharkEntityForge=2, death_GiantMorayEelEntityForge_mob_by_CommonStingrayEntityForge=1, death_GreenSeaTurtleEntityForge_mob_by_OceanicWhitetipSharkEntityForge=1, death_SandtigerSharkEntityForge_mob_by_TigerSharkEntityForge=1, living_deaths=28, navigation_calls=40940, sensor_calls=75332}	57	63
33200	1011652376	{AmericanLobsterEntityForge=10, AtlanticCodEntityForge=8, AtlanticSalmonEntityForge=8, BlackSeaNettleJellyfishEntityForge=1, BlacktipReefSharkEntityForge=3, BottlenoseDolphinEntityForge=4, CannonballJellyfishEntityForge=2, CaribbeanReefOctopusEntityForge=2, CommonOctopusEntityForge=3, CommonStingrayEntityForge=3, CommonThresherSharkEntityForge=1, GiantMorayEelEntityForge=4, GreatHammerheadSharkEntityForge=1, GreatWhiteSharkEntityForge=1, GreenSeaTurtleEntityForge=3, HarborSealEntityForge=3, NautilusEntityForge=1, OceanicWhitetipSharkEntityForge=1, OrcaEntityForge=1, SandtigerSharkEntityForge=1, ShortfinMakoSharkEntityForge=1, TigerSharkEntityForge=1}	{AmericanLobsterEntityForge=300, AtlanticCodEntityForge=300, AtlanticSalmonEntityForge=300, BlackSeaNettleJellyfishEntityForge=300, BlacktipReefSharkEntityForge=300, BottlenoseDolphinEntityForge=700, CannonballJellyfishEntityForge=300, CaribbeanReefOctopusEntityForge=300, CommonOctopusEntityForge=300, CommonStingrayEntityForge=300, CommonThresherSharkEntityForge=300, GiantMorayEelEntityForge=300, GreatHammerheadSharkEntityForge=300, GreatWhiteSharkEntityForge=300, GreenSeaTurtleEntityForge=300, HarborSealEntityForge=300, NautilusEntityForge=300, OceanicWhitetipSharkEntityForge=300, OrcaEntityForge=700, SandtigerSharkEntityForge=300, ShortfinMakoSharkEntityForge=300, TigerSharkEntityForge=300}	11	{death_AmericanLobsterEntityForge_mob_by_BlacktipReefSharkEntityForge=1, death_AmericanLobsterEntityForge_mob_by_CommonStingrayEntityForge=3, death_AmericanLobsterEntityForge_mob_by_SandtigerSharkEntityForge=1, death_AtlanticCodEntityForge_mob_by_BlacktipReefSharkEntityForge=1, death_AtlanticCodEntityForge_mob_by_CommonThresherSharkEntityForge=2, death_AtlanticCodEntityForge_mob_by_GreatHammerheadSharkEntityForge=1, death_AtlanticCodEntityForge_mob_by_GreatWhiteSharkEntityForge=1, death_AtlanticCodEntityForge_mob_by_SandtigerSharkEntityForge=1, death_AtlanticCodEntityForge_mob_by_TigerSharkEntityForge=1, death_AtlanticSalmonEntityForge_mob_by_BlacktipReefSharkEntityForge=4, death_AtlanticSalmonEntityForge_mob_by_CommonThresherSharkEntityForge=1, death_AtlanticSalmonEntityForge_mob_by_OceanicWhitetipSharkEntityForge=1, death_BottlenoseDolphinEntityForge_mob_by_GreatWhiteSharkEntityForge=1, death_BottlenoseDolphinEntityForge_mob_by_ShortfinMakoSharkEntityForge=2, death_CaribbeanReefOctopusEntityForge_mob_by_BlacktipReefSharkEntityForge=1, death_CaribbeanReefOctopusEntityForge_mob_by_CommonStingrayEntityForge=1, death_CommonOctopusEntityForge_mob_by_GreatHammerheadSharkEntityForge=2, death_GiantMorayEelEntityForge_mob_by_CommonStingrayEntityForge=1, death_GreenSeaTurtleEntityForge_mob_by_OceanicWhitetipSharkEntityForge=1, death_SandtigerSharkEntityForge_mob_by_TigerSharkEntityForge=1, living_deaths=28, navigation_calls=41137, sensor_calls=75804}	55	63
33400	1097635608	{AmericanLobsterEntityForge=10, AtlanticCodEntityForge=8, AtlanticSalmonEntityForge=8, BlackSeaNettleJellyfishEntityForge=1, BlacktipReefSharkEntityForge=3, BottlenoseDolphinEntityForge=4, CannonballJellyfishEntityForge=2, CaribbeanReefOctopusEntityForge=2, CommonOctopusEntityForge=3, CommonStingrayEntityForge=3, CommonThresherSharkEntityForge=1, GiantMorayEelEntityForge=4, GreatHammerheadSharkEntityForge=1, GreatWhiteSharkEntityForge=1, GreenSeaTurtleEntityForge=3, HarborSealEntityForge=3, NautilusEntityForge=1, OceanicWhitetipSharkEntityForge=1, OrcaEntityForge=1, SandtigerSharkEntityForge=1, ShortfinMakoSharkEntityForge=1, TigerSharkEntityForge=1}	{AmericanLobsterEntityForge=300, AtlanticCodEntityForge=300, AtlanticSalmonEntityForge=300, BlackSeaNettleJellyfishEntityForge=300, BlacktipReefSharkEntityForge=300, BottlenoseDolphinEntityForge=700, CannonballJellyfishEntityForge=300, CaribbeanReefOctopusEntityForge=300, CommonOctopusEntityForge=300, CommonStingrayEntityForge=300, CommonThresherSharkEntityForge=300, GiantMorayEelEntityForge=300, GreatHammerheadSharkEntityForge=300, GreatWhiteSharkEntityForge=300, GreenSeaTurtleEntityForge=300, HarborSealEntityForge=300, NautilusEntityForge=300, OceanicWhitetipSharkEntityForge=300, OrcaEntityForge=700, SandtigerSharkEntityForge=300, ShortfinMakoSharkEntityForge=300, TigerSharkEntityForge=300}	11	{death_AmericanLobsterEntityForge_mob_by_BlacktipReefSharkEntityForge=1, death_AmericanLobsterEntityForge_mob_by_CommonStingrayEntityForge=3, death_AmericanLobsterEntityForge_mob_by_SandtigerSharkEntityForge=1, death_AtlanticCodEntityForge_mob_by_BlacktipReefSharkEntityForge=1, death_AtlanticCodEntityForge_mob_by_CommonThresherSharkEntityForge=2, death_AtlanticCodEntityForge_mob_by_GreatHammerheadSharkEntityForge=1, death_AtlanticCodEntityForge_mob_by_GreatWhiteSharkEntityForge=1, death_AtlanticCodEntityForge_mob_by_SandtigerSharkEntityForge=1, death_AtlanticCodEntityForge_mob_by_TigerSharkEntityForge=1, death_AtlanticSalmonEntityForge_mob_by_BlacktipReefSharkEntityForge=4, death_AtlanticSalmonEntityForge_mob_by_CommonThresherSharkEntityForge=1, death_AtlanticSalmonEntityForge_mob_by_OceanicWhitetipSharkEntityForge=1, death_BottlenoseDolphinEntityForge_mob_by_GreatWhiteSharkEntityForge=1, death_BottlenoseDolphinEntityForge_mob_by_ShortfinMakoSharkEntityForge=2, death_CaribbeanReefOctopusEntityForge_mob_by_BlacktipReefSharkEntityForge=1, death_CaribbeanReefOctopusEntityForge_mob_by_CommonStingrayEntityForge=1, death_CommonOctopusEntityForge_mob_by_GreatHammerheadSharkEntityForge=2, death_GiantMorayEelEntityForge_mob_by_CommonStingrayEntityForge=1, death_GreenSeaTurtleEntityForge_mob_by_OceanicWhitetipSharkEntityForge=1, death_SandtigerSharkEntityForge_mob_by_TigerSharkEntityForge=1, living_deaths=28, navigation_calls=41385, sensor_calls=76247}	62	63
33600	1185715992	{AmericanLobsterEntityForge=10, AtlanticCodEntityForge=8, AtlanticSalmonEntityForge=8, BlackSeaNettleJellyfishEntityForge=1, BlacktipReefSharkEntityForge=3, BottlenoseDolphinEntityForge=4, CannonballJellyfishEntityForge=2, CaribbeanReefOctopusEntityForge=2, CommonOctopusEntityForge=3, CommonStingrayEntityForge=3, CommonThresherSharkEntityForge=1, GiantMorayEelEntityForge=4, GreatHammerheadSharkEntityForge=1, GreatWhiteSharkEntityForge=1, GreenSeaTurtleEntityForge=3, HarborSealEntityForge=3, NautilusEntityForge=1, OceanicWhitetipSharkEntityForge=1, OrcaEntityForge=1, SandtigerSharkEntityForge=1, ShortfinMakoSharkEntityForge=1, TigerSharkEntityForge=1}	{AmericanLobsterEntityForge=300, AtlanticCodEntityForge=300, AtlanticSalmonEntityForge=300, BlackSeaNettleJellyfishEntityForge=300, BlacktipReefSharkEntityForge=300, BottlenoseDolphinEntityForge=700, CannonballJellyfishEntityForge=300, CaribbeanReefOctopusEntityForge=300, CommonOctopusEntityForge=300, CommonStingrayEntityForge=300, CommonThresherSharkEntityForge=300, GiantMorayEelEntityForge=300, GreatHammerheadSharkEntityForge=300, GreatWhiteSharkEntityForge=300, GreenSeaTurtleEntityForge=300, HarborSealEntityForge=300, NautilusEntityForge=300, OceanicWhitetipSharkEntityForge=300, OrcaEntityForge=700, SandtigerSharkEntityForge=300, ShortfinMakoSharkEntityForge=300, TigerSharkEntityForge=300}	11	{death_AmericanLobsterEntityForge_mob_by_BlacktipReefSharkEntityForge=1, death_AmericanLobsterEntityForge_mob_by_CommonStingrayEntityForge=3, death_AmericanLobsterEntityForge_mob_by_SandtigerSharkEntityForge=1, death_AtlanticCodEntityForge_mob_by_BlacktipReefSharkEntityForge=1, death_AtlanticCodEntityForge_mob_by_CommonThresherSharkEntityForge=2, death_AtlanticCodEntityForge_mob_by_GreatHammerheadSharkEntityForge=1, death_AtlanticCodEntityForge_mob_by_GreatWhiteSharkEntityForge=1, death_AtlanticCodEntityForge_mob_by_SandtigerSharkEntityForge=1, death_AtlanticCodEntityForge_mob_by_TigerSharkEntityForge=1, death_AtlanticSalmonEntityForge_mob_by_BlacktipReefSharkEntityForge=4, death_AtlanticSalmonEntityForge_mob_by_CommonThresherSharkEntityForge=1, death_AtlanticSalmonEntityForge_mob_by_OceanicWhitetipSharkEntityForge=1, death_BottlenoseDolphinEntityForge_mob_by_GreatWhiteSharkEntityForge=1, death_BottlenoseDolphinEntityForge_mob_by_ShortfinMakoSharkEntityForge=2, death_CaribbeanReefOctopusEntityForge_mob_by_BlacktipReefSharkEntityForge=1, death_CaribbeanReefOctopusEntityForge_mob_by_CommonStingrayEntityForge=1, death_CommonOctopusEntityForge_mob_by_GreatHammerheadSharkEntityForge=2, death_GiantMorayEelEntityForge_mob_by_CommonStingrayEntityForge=1, death_GreenSeaTurtleEntityForge_mob_by_OceanicWhitetipSharkEntityForge=1, death_SandtigerSharkEntityForge_mob_by_TigerSharkEntityForge=1, living_deaths=28, navigation_calls=41600, sensor_calls=76718}	61	63
33800	1269602072	{AmericanLobsterEntityForge=10, AtlanticCodEntityForge=8, AtlanticSalmonEntityForge=8, BlackSeaNettleJellyfishEntityForge=1, BlacktipReefSharkEntityForge=3, BottlenoseDolphinEntityForge=4, CannonballJellyfishEntityForge=2, CaribbeanReefOctopusEntityForge=2, CommonOctopusEntityForge=3, CommonStingrayEntityForge=3, CommonThresherSharkEntityForge=1, GiantMorayEelEntityForge=4, GreatHammerheadSharkEntityForge=1, GreatWhiteSharkEntityForge=1, GreenSeaTurtleEntityForge=3, HarborSealEntityForge=3, NautilusEntityForge=1, OceanicWhitetipSharkEntityForge=1, OrcaEntityForge=1, SandtigerSharkEntityForge=1, ShortfinMakoSharkEntityForge=1, TigerSharkEntityForge=1}	{AmericanLobsterEntityForge=300, AtlanticCodEntityForge=300, AtlanticSalmonEntityForge=300, BlackSeaNettleJellyfishEntityForge=300, BlacktipReefSharkEntityForge=300, BottlenoseDolphinEntityForge=700, CannonballJellyfishEntityForge=300, CaribbeanReefOctopusEntityForge=300, CommonOctopusEntityForge=300, CommonStingrayEntityForge=300, CommonThresherSharkEntityForge=300, GiantMorayEelEntityForge=300, GreatHammerheadSharkEntityForge=300, GreatWhiteSharkEntityForge=300, GreenSeaTurtleEntityForge=300, HarborSealEntityForge=300, NautilusEntityForge=300, OceanicWhitetipSharkEntityForge=300, OrcaEntityForge=700, SandtigerSharkEntityForge=300, ShortfinMakoSharkEntityForge=300, TigerSharkEntityForge=300}	11	{death_AmericanLobsterEntityForge_mob_by_BlacktipReefSharkEntityForge=1, death_AmericanLobsterEntityForge_mob_by_CommonStingrayEntityForge=3, death_AmericanLobsterEntityForge_mob_by_SandtigerSharkEntityForge=1, death_AtlanticCodEntityForge_mob_by_BlacktipReefSharkEntityForge=1, death_AtlanticCodEntityForge_mob_by_CommonThresherSharkEntityForge=2, death_AtlanticCodEntityForge_mob_by_GreatHammerheadSharkEntityForge=1, death_AtlanticCodEntityForge_mob_by_GreatWhiteSharkEntityForge=1, death_AtlanticCodEntityForge_mob_by_SandtigerSharkEntityForge=1, death_AtlanticCodEntityForge_mob_by_TigerSharkEntityForge=1, death_AtlanticSalmonEntityForge_mob_by_BlacktipReefSharkEntityForge=4, death_AtlanticSalmonEntityForge_mob_by_CommonThresherSharkEntityForge=1, death_AtlanticSalmonEntityForge_mob_by_OceanicWhitetipSharkEntityForge=1, death_BottlenoseDolphinEntityForge_mob_by_GreatWhiteSharkEntityForge=1, death_BottlenoseDolphinEntityForge_mob_by_ShortfinMakoSharkEntityForge=2, death_CaribbeanReefOctopusEntityForge_mob_by_BlacktipReefSharkEntityForge=1, death_CaribbeanReefOctopusEntityForge_mob_by_CommonStingrayEntityForge=1, death_CommonOctopusEntityForge_mob_by_GreatHammerheadSharkEntityForge=2, death_GiantMorayEelEntityForge_mob_by_CommonStingrayEntityForge=1, death_GreenSeaTurtleEntityForge_mob_by_OceanicWhitetipSharkEntityForge=1, death_SandtigerSharkEntityForge_mob_by_TigerSharkEntityForge=1, living_deaths=28, navigation_calls=41839, sensor_calls=77159}	61	63
34000	1360828184	{AmericanLobsterEntityForge=10, AtlanticCodEntityForge=8, AtlanticSalmonEntityForge=8, BlackSeaNettleJellyfishEntityForge=1, BlacktipReefSharkEntityForge=3, BottlenoseDolphinEntityForge=4, CannonballJellyfishEntityForge=2, CaribbeanReefOctopusEntityForge=2, CommonOctopusEntityForge=3, CommonStingrayEntityForge=3, CommonThresherSharkEntityForge=1, GiantMorayEelEntityForge=4, GreatHammerheadSharkEntityForge=1, GreatWhiteSharkEntityForge=1, GreenSeaTurtleEntityForge=3, HarborSealEntityForge=3, NautilusEntityForge=1, OceanicWhitetipSharkEntityForge=1, OrcaEntityForge=1, SandtigerSharkEntityForge=1, ShortfinMakoSharkEntityForge=1, TigerSharkEntityForge=1}	{AmericanLobsterEntityForge=300, AtlanticCodEntityForge=300, AtlanticSalmonEntityForge=300, BlackSeaNettleJellyfishEntityForge=300, BlacktipReefSharkEntityForge=300, BottlenoseDolphinEntityForge=700, CannonballJellyfishEntityForge=300, CaribbeanReefOctopusEntityForge=300, CommonOctopusEntityForge=300, CommonStingrayEntityForge=300, CommonThresherSharkEntityForge=300, GiantMorayEelEntityForge=300, GreatHammerheadSharkEntityForge=300, GreatWhiteSharkEntityForge=300, GreenSeaTurtleEntityForge=300, HarborSealEntityForge=300, NautilusEntityForge=300, OceanicWhitetipSharkEntityForge=300, OrcaEntityForge=700, SandtigerSharkEntityForge=300, ShortfinMakoSharkEntityForge=300, TigerSharkEntityForge=300}	11	{death_AmericanLobsterEntityForge_mob_by_BlacktipReefSharkEntityForge=1, death_AmericanLobsterEntityForge_mob_by_CommonStingrayEntityForge=3, death_AmericanLobsterEntityForge_mob_by_SandtigerSharkEntityForge=1, death_AtlanticCodEntityForge_mob_by_BlacktipReefSharkEntityForge=1, death_AtlanticCodEntityForge_mob_by_CommonThresherSharkEntityForge=2, death_AtlanticCodEntityForge_mob_by_GreatHammerheadSharkEntityForge=1, death_AtlanticCodEntityForge_mob_by_GreatWhiteSharkEntityForge=1, death_AtlanticCodEntityForge_mob_by_SandtigerSharkEntityForge=1, death_AtlanticCodEntityForge_mob_by_TigerSharkEntityForge=1, death_AtlanticSalmonEntityForge_mob_by_BlacktipReefSharkEntityForge=4, death_AtlanticSalmonEntityForge_mob_by_CommonThresherSharkEntityForge=1, death_AtlanticSalmonEntityForge_mob_by_OceanicWhitetipSharkEntityForge=1, death_BottlenoseDolphinEntityForge_mob_by_GreatWhiteSharkEntityForge=1, death_BottlenoseDolphinEntityForge_mob_by_ShortfinMakoSharkEntityForge=2, death_CaribbeanReefOctopusEntityForge_mob_by_BlacktipReefSharkEntityForge=1, death_CaribbeanReefOctopusEntityForge_mob_by_CommonStingrayEntityForge=1, death_CommonOctopusEntityForge_mob_by_GreatHammerheadSharkEntityForge=2, death_GiantMorayEelEntityForge_mob_by_CommonStingrayEntityForge=1, death_GreenSeaTurtleEntityForge_mob_by_OceanicWhitetipSharkEntityForge=1, death_SandtigerSharkEntityForge_mob_by_TigerSharkEntityForge=1, living_deaths=28, navigation_calls=42072, sensor_calls=77630}	61	63
34200	1448908568	{AmericanLobsterEntityForge=10, AtlanticCodEntityForge=8, AtlanticSalmonEntityForge=8, BlackSeaNettleJellyfishEntityForge=1, BlacktipReefSharkEntityForge=3, BottlenoseDolphinEntityForge=4, CannonballJellyfishEntityForge=2, CaribbeanReefOctopusEntityForge=2, CommonOctopusEntityForge=3, CommonStingrayEntityForge=3, CommonThresherSharkEntityForge=1, GiantMorayEelEntityForge=4, GreatHammerheadSharkEntityForge=1, GreatWhiteSharkEntityForge=1, GreenSeaTurtleEntityForge=3, HarborSealEntityForge=3, NautilusEntityForge=1, OceanicWhitetipSharkEntityForge=1, OrcaEntityForge=1, SandtigerSharkEntityForge=1, ShortfinMakoSharkEntityForge=1, TigerSharkEntityForge=1}	{AmericanLobsterEntityForge=300, AtlanticCodEntityForge=300, AtlanticSalmonEntityForge=300, BlackSeaNettleJellyfishEntityForge=300, BlacktipReefSharkEntityForge=300, BottlenoseDolphinEntityForge=700, CannonballJellyfishEntityForge=300, CaribbeanReefOctopusEntityForge=300, CommonOctopusEntityForge=300, CommonStingrayEntityForge=300, CommonThresherSharkEntityForge=300, GiantMorayEelEntityForge=300, GreatHammerheadSharkEntityForge=300, GreatWhiteSharkEntityForge=300, GreenSeaTurtleEntityForge=300, HarborSealEntityForge=300, NautilusEntityForge=300, OceanicWhitetipSharkEntityForge=300, OrcaEntityForge=700, SandtigerSharkEntityForge=300, ShortfinMakoSharkEntityForge=300, TigerSharkEntityForge=300}	11	{death_AmericanLobsterEntityForge_mob_by_BlacktipReefSharkEntityForge=1, death_AmericanLobsterEntityForge_mob_by_CommonStingrayEntityForge=3, death_AmericanLobsterEntityForge_mob_by_SandtigerSharkEntityForge=1, death_AtlanticCodEntityForge_mob_by_BlacktipReefSharkEntityForge=1, death_AtlanticCodEntityForge_mob_by_CommonThresherSharkEntityForge=2, death_AtlanticCodEntityForge_mob_by_GreatHammerheadSharkEntityForge=1, death_AtlanticCodEntityForge_mob_by_GreatWhiteSharkEntityForge=1, death_AtlanticCodEntityForge_mob_by_SandtigerSharkEntityForge=1, death_AtlanticCodEntityForge_mob_by_TigerSharkEntityForge=1, death_AtlanticSalmonEntityForge_mob_by_BlacktipReefSharkEntityForge=4, death_AtlanticSalmonEntityForge_mob_by_CommonThresherSharkEntityForge=1, death_AtlanticSalmonEntityForge_mob_by_OceanicWhitetipSharkEntityForge=1, death_BottlenoseDolphinEntityForge_mob_by_GreatWhiteSharkEntityForge=1, death_BottlenoseDolphinEntityForge_mob_by_ShortfinMakoSharkEntityForge=2, death_CaribbeanReefOctopusEntityForge_mob_by_BlacktipReefSharkEntityForge=1, death_CaribbeanReefOctopusEntityForge_mob_by_CommonStingrayEntityForge=1, death_CommonOctopusEntityForge_mob_by_GreatHammerheadSharkEntityForge=2, death_GiantMorayEelEntityForge_mob_by_CommonStingrayEntityForge=1, death_GreenSeaTurtleEntityForge_mob_by_OceanicWhitetipSharkEntityForge=1, death_SandtigerSharkEntityForge_mob_by_TigerSharkEntityForge=1, living_deaths=28, navigation_calls=42347, sensor_calls=78073}	60	63
34400	254688528	{AmericanLobsterEntityForge=10, AtlanticCodEntityForge=8, AtlanticSalmonEntityForge=8, BlackSeaNettleJellyfishEntityForge=1, BlacktipReefSharkEntityForge=3, BottlenoseDolphinEntityForge=4, CannonballJellyfishEntityForge=2, CaribbeanReefOctopusEntityForge=2, CommonOctopusEntityForge=3, CommonStingrayEntityForge=3, CommonThresherSharkEntityForge=1, GiantMorayEelEntityForge=4, GreatHammerheadSharkEntityForge=1, GreatWhiteSharkEntityForge=1, GreenSeaTurtleEntityForge=3, HarborSealEntityForge=3, NautilusEntityForge=1, OceanicWhitetipSharkEntityForge=1, OrcaEntityForge=1, SandtigerSharkEntityForge=1, ShortfinMakoSharkEntityForge=1, TigerSharkEntityForge=1}	{AmericanLobsterEntityForge=300, AtlanticCodEntityForge=300, AtlanticSalmonEntityForge=300, BlackSeaNettleJellyfishEntityForge=300, BlacktipReefSharkEntityForge=300, BottlenoseDolphinEntityForge=700, CannonballJellyfishEntityForge=300, CaribbeanReefOctopusEntityForge=300, CommonOctopusEntityForge=300, CommonStingrayEntityForge=300, CommonThresherSharkEntityForge=300, GiantMorayEelEntityForge=300, GreatHammerheadSharkEntityForge=300, GreatWhiteSharkEntityForge=300, GreenSeaTurtleEntityForge=300, HarborSealEntityForge=300, NautilusEntityForge=300, OceanicWhitetipSharkEntityForge=300, OrcaEntityForge=700, SandtigerSharkEntityForge=300, ShortfinMakoSharkEntityForge=300, TigerSharkEntityForge=300}	11	{death_AmericanLobsterEntityForge_mob_by_BlacktipReefSharkEntityForge=1, death_AmericanLobsterEntityForge_mob_by_CommonStingrayEntityForge=3, death_AmericanLobsterEntityForge_mob_by_SandtigerSharkEntityForge=1, death_AtlanticCodEntityForge_mob_by_BlacktipReefSharkEntityForge=1, death_AtlanticCodEntityForge_mob_by_CommonThresherSharkEntityForge=2, death_AtlanticCodEntityForge_mob_by_GreatHammerheadSharkEntityForge=1, death_AtlanticCodEntityForge_mob_by_GreatWhiteSharkEntityForge=1, death_AtlanticCodEntityForge_mob_by_SandtigerSharkEntityForge=1, death_AtlanticCodEntityForge_mob_by_TigerSharkEntityForge=1, death_AtlanticSalmonEntityForge_mob_by_BlacktipReefSharkEntityForge=4, death_AtlanticSalmonEntityForge_mob_by_CommonThresherSharkEntityForge=1, death_AtlanticSalmonEntityForge_mob_by_OceanicWhitetipSharkEntityForge=1, death_BottlenoseDolphinEntityForge_mob_by_GreatWhiteSharkEntityForge=1, death_BottlenoseDolphinEntityForge_mob_by_ShortfinMakoSharkEntityForge=2, death_CaribbeanReefOctopusEntityForge_mob_by_BlacktipReefSharkEntityForge=1, death_CaribbeanReefOctopusEntityForge_mob_by_CommonStingrayEntityForge=1, death_CommonOctopusEntityForge_mob_by_GreatHammerheadSharkEntityForge=2, death_GiantMorayEelEntityForge_mob_by_CommonStingrayEntityForge=1, death_GreenSeaTurtleEntityForge_mob_by_OceanicWhitetipSharkEntityForge=1, death_SandtigerSharkEntityForge_mob_by_TigerSharkEntityForge=1, living_deaths=28, navigation_calls=42561, sensor_calls=78543}	60	63
34600	340671760	{AmericanLobsterEntityForge=10, AtlanticCodEntityForge=8, AtlanticSalmonEntityForge=8, BlackSeaNettleJellyfishEntityForge=1, BlacktipReefSharkEntityForge=3, BottlenoseDolphinEntityForge=4, CannonballJellyfishEntityForge=2, CaribbeanReefOctopusEntityForge=2, CommonOctopusEntityForge=3, CommonStingrayEntityForge=3, CommonThresherSharkEntityForge=1, GiantMorayEelEntityForge=4, GreatHammerheadSharkEntityForge=1, GreatWhiteSharkEntityForge=1, GreenSeaTurtleEntityForge=3, HarborSealEntityForge=3, NautilusEntityForge=1, OceanicWhitetipSharkEntityForge=1, OrcaEntityForge=1, SandtigerSharkEntityForge=1, ShortfinMakoSharkEntityForge=1, TigerSharkEntityForge=1}	{AmericanLobsterEntityForge=300, AtlanticCodEntityForge=300, AtlanticSalmonEntityForge=300, BlackSeaNettleJellyfishEntityForge=300, BlacktipReefSharkEntityForge=300, BottlenoseDolphinEntityForge=700, CannonballJellyfishEntityForge=300, CaribbeanReefOctopusEntityForge=300, CommonOctopusEntityForge=300, CommonStingrayEntityForge=300, CommonThresherSharkEntityForge=300, GiantMorayEelEntityForge=300, GreatHammerheadSharkEntityForge=300, GreatWhiteSharkEntityForge=300, GreenSeaTurtleEntityForge=300, HarborSealEntityForge=300, NautilusEntityForge=300, OceanicWhitetipSharkEntityForge=300, OrcaEntityForge=700, SandtigerSharkEntityForge=300, ShortfinMakoSharkEntityForge=300, TigerSharkEntityForge=300}	11	{death_AmericanLobsterEntityForge_mob_by_BlacktipReefSharkEntityForge=1, death_AmericanLobsterEntityForge_mob_by_CommonStingrayEntityForge=3, death_AmericanLobsterEntityForge_mob_by_SandtigerSharkEntityForge=1, death_AtlanticCodEntityForge_mob_by_BlacktipReefSharkEntityForge=1, death_AtlanticCodEntityForge_mob_by_CommonThresherSharkEntityForge=2, death_AtlanticCodEntityForge_mob_by_GreatHammerheadSharkEntityForge=1, death_AtlanticCodEntityForge_mob_by_GreatWhiteSharkEntityForge=1, death_AtlanticCodEntityForge_mob_by_SandtigerSharkEntityForge=1, death_AtlanticCodEntityForge_mob_by_TigerSharkEntityForge=1, death_AtlanticSalmonEntityForge_mob_by_BlacktipReefSharkEntityForge=4, death_AtlanticSalmonEntityForge_mob_by_CommonThresherSharkEntityForge=1, death_AtlanticSalmonEntityForge_mob_by_OceanicWhitetipSharkEntityForge=1, death_BottlenoseDolphinEntityForge_mob_by_GreatWhiteSharkEntityForge=1, death_BottlenoseDolphinEntityForge_mob_by_ShortfinMakoSharkEntityForge=2, death_CaribbeanReefOctopusEntityForge_mob_by_BlacktipReefSharkEntityForge=1, death_CaribbeanReefOctopusEntityForge_mob_by_CommonStingrayEntityForge=1, death_CommonOctopusEntityForge_mob_by_GreatHammerheadSharkEntityForge=2, death_GiantMorayEelEntityForge_mob_by_CommonStingrayEntityForge=1, death_GreenSeaTurtleEntityForge_mob_by_OceanicWhitetipSharkEntityForge=1, death_SandtigerSharkEntityForge_mob_by_TigerSharkEntityForge=1, living_deaths=28, navigation_calls=42790, sensor_calls=78986}	61	63
34800	427703568	{AmericanLobsterEntityForge=10, AtlanticCodEntityForge=8, AtlanticSalmonEntityForge=8, BlackSeaNettleJellyfishEntityForge=1, BlacktipReefSharkEntityForge=3, BottlenoseDolphinEntityForge=4, CannonballJellyfishEntityForge=2, CaribbeanReefOctopusEntityForge=2, CommonOctopusEntityForge=3, CommonStingrayEntityForge=3, CommonThresherSharkEntityForge=1, GiantMorayEelEntityForge=4, GreatHammerheadSharkEntityForge=1, GreatWhiteSharkEntityForge=1, GreenSeaTurtleEntityForge=3, HarborSealEntityForge=3, NautilusEntityForge=1, OceanicWhitetipSharkEntityForge=1, OrcaEntityForge=1, SandtigerSharkEntityForge=1, ShortfinMakoSharkEntityForge=1, TigerSharkEntityForge=1}	{AmericanLobsterEntityForge=300, AtlanticCodEntityForge=300, AtlanticSalmonEntityForge=300, BlackSeaNettleJellyfishEntityForge=300, BlacktipReefSharkEntityForge=300, BottlenoseDolphinEntityForge=700, CannonballJellyfishEntityForge=300, CaribbeanReefOctopusEntityForge=300, CommonOctopusEntityForge=300, CommonStingrayEntityForge=300, CommonThresherSharkEntityForge=300, GiantMorayEelEntityForge=300, GreatHammerheadSharkEntityForge=300, GreatWhiteSharkEntityForge=300, GreenSeaTurtleEntityForge=300, HarborSealEntityForge=300, NautilusEntityForge=300, OceanicWhitetipSharkEntityForge=300, OrcaEntityForge=700, SandtigerSharkEntityForge=300, ShortfinMakoSharkEntityForge=300, TigerSharkEntityForge=300}	11	{death_AmericanLobsterEntityForge_mob_by_BlacktipReefSharkEntityForge=1, death_AmericanLobsterEntityForge_mob_by_CommonStingrayEntityForge=3, death_AmericanLobsterEntityForge_mob_by_SandtigerSharkEntityForge=1, death_AtlanticCodEntityForge_mob_by_BlacktipReefSharkEntityForge=1, death_AtlanticCodEntityForge_mob_by_CommonThresherSharkEntityForge=2, death_AtlanticCodEntityForge_mob_by_GreatHammerheadSharkEntityForge=1, death_AtlanticCodEntityForge_mob_by_GreatWhiteSharkEntityForge=1, death_AtlanticCodEntityForge_mob_by_SandtigerSharkEntityForge=1, death_AtlanticCodEntityForge_mob_by_TigerSharkEntityForge=1, death_AtlanticSalmonEntityForge_mob_by_BlacktipReefSharkEntityForge=4, death_AtlanticSalmonEntityForge_mob_by_CommonThresherSharkEntityForge=1, death_AtlanticSalmonEntityForge_mob_by_OceanicWhitetipSharkEntityForge=1, death_BottlenoseDolphinEntityForge_mob_by_GreatWhiteSharkEntityForge=1, death_BottlenoseDolphinEntityForge_mob_by_ShortfinMakoSharkEntityForge=2, death_CaribbeanReefOctopusEntityForge_mob_by_BlacktipReefSharkEntityForge=1, death_CaribbeanReefOctopusEntityForge_mob_by_CommonStingrayEntityForge=1, death_CommonOctopusEntityForge_mob_by_GreatHammerheadSharkEntityForge=2, death_GiantMorayEelEntityForge_mob_by_CommonStingrayEntityForge=1, death_GreenSeaTurtleEntityForge_mob_by_OceanicWhitetipSharkEntityForge=1, death_SandtigerSharkEntityForge_mob_by_TigerSharkEntityForge=1, living_deaths=28, navigation_calls=43012, sensor_calls=79455}	56	63
35000	513686800	{AmericanLobsterEntityForge=10, AtlanticCodEntityForge=8, AtlanticSalmonEntityForge=8, BlackSeaNettleJellyfishEntityForge=1, BlacktipReefSharkEntityForge=3, BottlenoseDolphinEntityForge=4, CannonballJellyfishEntityForge=2, CaribbeanReefOctopusEntityForge=2, CommonOctopusEntityForge=3, CommonStingrayEntityForge=3, CommonThresherSharkEntityForge=1, GiantMorayEelEntityForge=4, GreatHammerheadSharkEntityForge=1, GreatWhiteSharkEntityForge=1, GreenSeaTurtleEntityForge=3, HarborSealEntityForge=3, NautilusEntityForge=1, OceanicWhitetipSharkEntityForge=1, OrcaEntityForge=1, SandtigerSharkEntityForge=1, ShortfinMakoSharkEntityForge=1, TigerSharkEntityForge=1}	{AmericanLobsterEntityForge=300, AtlanticCodEntityForge=300, AtlanticSalmonEntityForge=300, BlackSeaNettleJellyfishEntityForge=300, BlacktipReefSharkEntityForge=300, BottlenoseDolphinEntityForge=700, CannonballJellyfishEntityForge=300, CaribbeanReefOctopusEntityForge=300, CommonOctopusEntityForge=300, CommonStingrayEntityForge=300, CommonThresherSharkEntityForge=300, GiantMorayEelEntityForge=300, GreatHammerheadSharkEntityForge=300, GreatWhiteSharkEntityForge=300, GreenSeaTurtleEntityForge=300, HarborSealEntityForge=300, NautilusEntityForge=300, OceanicWhitetipSharkEntityForge=300, OrcaEntityForge=698, SandtigerSharkEntityForge=300, ShortfinMakoSharkEntityForge=300, TigerSharkEntityForge=300}	11	{death_AmericanLobsterEntityForge_mob_by_BlacktipReefSharkEntityForge=1, death_AmericanLobsterEntityForge_mob_by_CommonStingrayEntityForge=3, death_AmericanLobsterEntityForge_mob_by_SandtigerSharkEntityForge=1, death_AtlanticCodEntityForge_mob_by_BlacktipReefSharkEntityForge=1, death_AtlanticCodEntityForge_mob_by_CommonThresherSharkEntityForge=2, death_AtlanticCodEntityForge_mob_by_GreatHammerheadSharkEntityForge=1, death_AtlanticCodEntityForge_mob_by_GreatWhiteSharkEntityForge=1, death_AtlanticCodEntityForge_mob_by_SandtigerSharkEntityForge=1, death_AtlanticCodEntityForge_mob_by_TigerSharkEntityForge=1, death_AtlanticSalmonEntityForge_mob_by_BlacktipReefSharkEntityForge=4, death_AtlanticSalmonEntityForge_mob_by_CommonThresherSharkEntityForge=1, death_AtlanticSalmonEntityForge_mob_by_OceanicWhitetipSharkEntityForge=1, death_BottlenoseDolphinEntityForge_mob_by_GreatWhiteSharkEntityForge=1, death_BottlenoseDolphinEntityForge_mob_by_ShortfinMakoSharkEntityForge=2, death_CaribbeanReefOctopusEntityForge_mob_by_BlacktipReefSharkEntityForge=1, death_CaribbeanReefOctopusEntityForge_mob_by_CommonStingrayEntityForge=1, death_CommonOctopusEntityForge_mob_by_GreatHammerheadSharkEntityForge=2, death_GiantMorayEelEntityForge_mob_by_CommonStingrayEntityForge=1, death_GreenSeaTurtleEntityForge_mob_by_OceanicWhitetipSharkEntityForge=1, death_SandtigerSharkEntityForge_mob_by_TigerSharkEntityForge=1, living_deaths=28, navigation_calls=43243, sensor_calls=79898}	61	63
35200	597572880	{AmericanLobsterEntityForge=10, AtlanticCodEntityForge=8, AtlanticSalmonEntityForge=8, BlackSeaNettleJellyfishEntityForge=1, BlacktipReefSharkEntityForge=3, BottlenoseDolphinEntityForge=4, CannonballJellyfishEntityForge=2, CaribbeanReefOctopusEntityForge=2, CommonOctopusEntityForge=3, CommonStingrayEntityForge=3, CommonThresherSharkEntityForge=1, GiantMorayEelEntityForge=4, GreatHammerheadSharkEntityForge=1, GreatWhiteSharkEntityForge=1, GreenSeaTurtleEntityForge=3, HarborSealEntityForge=3, NautilusEntityForge=1, OceanicWhitetipSharkEntityForge=1, OrcaEntityForge=1, SandtigerSharkEntityForge=1, ShortfinMakoSharkEntityForge=1, TigerSharkEntityForge=1}	{AmericanLobsterEntityForge=300, AtlanticCodEntityForge=300, AtlanticSalmonEntityForge=300, BlackSeaNettleJellyfishEntityForge=300, BlacktipReefSharkEntityForge=300, BottlenoseDolphinEntityForge=700, CannonballJellyfishEntityForge=300, CaribbeanReefOctopusEntityForge=300, CommonOctopusEntityForge=300, CommonStingrayEntityForge=300, CommonThresherSharkEntityForge=300, GiantMorayEelEntityForge=300, GreatHammerheadSharkEntityForge=300, GreatWhiteSharkEntityForge=300, GreenSeaTurtleEntityForge=300, HarborSealEntityForge=300, NautilusEntityForge=300, OceanicWhitetipSharkEntityForge=300, OrcaEntityForge=700, SandtigerSharkEntityForge=300, ShortfinMakoSharkEntityForge=300, TigerSharkEntityForge=300}	11	{death_AmericanLobsterEntityForge_mob_by_BlacktipReefSharkEntityForge=1, death_AmericanLobsterEntityForge_mob_by_CommonStingrayEntityForge=3, death_AmericanLobsterEntityForge_mob_by_SandtigerSharkEntityForge=1, death_AtlanticCodEntityForge_mob_by_BlacktipReefSharkEntityForge=1, death_AtlanticCodEntityForge_mob_by_CommonThresherSharkEntityForge=2, death_AtlanticCodEntityForge_mob_by_GreatHammerheadSharkEntityForge=1, death_AtlanticCodEntityForge_mob_by_GreatWhiteSharkEntityForge=1, death_AtlanticCodEntityForge_mob_by_SandtigerSharkEntityForge=1, death_AtlanticCodEntityForge_mob_by_TigerSharkEntityForge=1, death_AtlanticSalmonEntityForge_mob_by_BlacktipReefSharkEntityForge=4, death_AtlanticSalmonEntityForge_mob_by_CommonThresherSharkEntityForge=1, death_AtlanticSalmonEntityForge_mob_by_OceanicWhitetipSharkEntityForge=1, death_BottlenoseDolphinEntityForge_mob_by_GreatWhiteSharkEntityForge=1, death_BottlenoseDolphinEntityForge_mob_by_ShortfinMakoSharkEntityForge=2, death_CaribbeanReefOctopusEntityForge_mob_by_BlacktipReefSharkEntityForge=1, death_CaribbeanReefOctopusEntityForge_mob_by_CommonStingrayEntityForge=1, death_CommonOctopusEntityForge_mob_by_GreatHammerheadSharkEntityForge=2, death_GiantMorayEelEntityForge_mob_by_CommonStingrayEntityForge=1, death_GreenSeaTurtleEntityForge_mob_by_OceanicWhitetipSharkEntityForge=1, death_SandtigerSharkEntityForge_mob_by_TigerSharkEntityForge=1, living_deaths=28, navigation_calls=43466, sensor_calls=80367}	60	63
35400	686701840	{AmericanLobsterEntityForge=10, AtlanticCodEntityForge=8, AtlanticSalmonEntityForge=8, BlackSeaNettleJellyfishEntityForge=1, BlacktipReefSharkEntityForge=3, BottlenoseDolphinEntityForge=4, CannonballJellyfishEntityForge=2, CaribbeanReefOctopusEntityForge=2, CommonOctopusEntityForge=3, CommonStingrayEntityForge=3, CommonThresherSharkEntityForge=1, GiantMorayEelEntityForge=4, GreatHammerheadSharkEntityForge=1, GreatWhiteSharkEntityForge=1, GreenSeaTurtleEntityForge=3, HarborSealEntityForge=3, NautilusEntityForge=1, OceanicWhitetipSharkEntityForge=1, OrcaEntityForge=1, SandtigerSharkEntityForge=1, ShortfinMakoSharkEntityForge=1, TigerSharkEntityForge=1}	{AmericanLobsterEntityForge=300, AtlanticCodEntityForge=300, AtlanticSalmonEntityForge=300, BlackSeaNettleJellyfishEntityForge=300, BlacktipReefSharkEntityForge=300, BottlenoseDolphinEntityForge=700, CannonballJellyfishEntityForge=300, CaribbeanReefOctopusEntityForge=300, CommonOctopusEntityForge=300, CommonStingrayEntityForge=300, CommonThresherSharkEntityForge=300, GiantMorayEelEntityForge=300, GreatHammerheadSharkEntityForge=300, GreatWhiteSharkEntityForge=300, GreenSeaTurtleEntityForge=300, HarborSealEntityForge=300, NautilusEntityForge=300, OceanicWhitetipSharkEntityForge=300, OrcaEntityForge=700, SandtigerSharkEntityForge=300, ShortfinMakoSharkEntityForge=300, TigerSharkEntityForge=300}	11	{death_AmericanLobsterEntityForge_mob_by_BlacktipReefSharkEntityForge=1, death_AmericanLobsterEntityForge_mob_by_CommonStingrayEntityForge=3, death_AmericanLobsterEntityForge_mob_by_SandtigerSharkEntityForge=1, death_AtlanticCodEntityForge_mob_by_BlacktipReefSharkEntityForge=1, death_AtlanticCodEntityForge_mob_by_CommonThresherSharkEntityForge=2, death_AtlanticCodEntityForge_mob_by_GreatHammerheadSharkEntityForge=1, death_AtlanticCodEntityForge_mob_by_GreatWhiteSharkEntityForge=1, death_AtlanticCodEntityForge_mob_by_SandtigerSharkEntityForge=1, death_AtlanticCodEntityForge_mob_by_TigerSharkEntityForge=1, death_AtlanticSalmonEntityForge_mob_by_BlacktipReefSharkEntityForge=4, death_AtlanticSalmonEntityForge_mob_by_CommonThresherSharkEntityForge=1, death_AtlanticSalmonEntityForge_mob_by_OceanicWhitetipSharkEntityForge=1, death_BottlenoseDolphinEntityForge_mob_by_GreatWhiteSharkEntityForge=1, death_BottlenoseDolphinEntityForge_mob_by_ShortfinMakoSharkEntityForge=2, death_CaribbeanReefOctopusEntityForge_mob_by_BlacktipReefSharkEntityForge=1, death_CaribbeanReefOctopusEntityForge_mob_by_CommonStingrayEntityForge=1, death_CommonOctopusEntityForge_mob_by_GreatHammerheadSharkEntityForge=2, death_GiantMorayEelEntityForge_mob_by_CommonStingrayEntityForge=1, death_GreenSeaTurtleEntityForge_mob_by_OceanicWhitetipSharkEntityForge=1, death_SandtigerSharkEntityForge_mob_by_TigerSharkEntityForge=1, living_deaths=28, navigation_calls=43738, sensor_calls=80810}	62	63
35600	771636496	{AmericanLobsterEntityForge=10, AtlanticCodEntityForge=8, AtlanticSalmonEntityForge=8, BlackSeaNettleJellyfishEntityForge=1, BlacktipReefSharkEntityForge=3, BottlenoseDolphinEntityForge=4, CannonballJellyfishEntityForge=2, CaribbeanReefOctopusEntityForge=2, CommonOctopusEntityForge=3, CommonStingrayEntityForge=3, CommonThresherSharkEntityForge=1, GiantMorayEelEntityForge=4, GreatHammerheadSharkEntityForge=1, GreatWhiteSharkEntityForge=1, GreenSeaTurtleEntityForge=3, HarborSealEntityForge=3, NautilusEntityForge=1, OceanicWhitetipSharkEntityForge=1, OrcaEntityForge=1, SandtigerSharkEntityForge=1, ShortfinMakoSharkEntityForge=1, TigerSharkEntityForge=1}	{AmericanLobsterEntityForge=300, AtlanticCodEntityForge=300, AtlanticSalmonEntityForge=300, BlackSeaNettleJellyfishEntityForge=300, BlacktipReefSharkEntityForge=300, BottlenoseDolphinEntityForge=700, CannonballJellyfishEntityForge=300, CaribbeanReefOctopusEntityForge=300, CommonOctopusEntityForge=300, CommonStingrayEntityForge=300, CommonThresherSharkEntityForge=300, GiantMorayEelEntityForge=300, GreatHammerheadSharkEntityForge=300, GreatWhiteSharkEntityForge=300, GreenSeaTurtleEntityForge=300, HarborSealEntityForge=300, NautilusEntityForge=300, OceanicWhitetipSharkEntityForge=300, OrcaEntityForge=700, SandtigerSharkEntityForge=300, ShortfinMakoSharkEntityForge=300, TigerSharkEntityForge=300}	11	{death_AmericanLobsterEntityForge_mob_by_BlacktipReefSharkEntityForge=1, death_AmericanLobsterEntityForge_mob_by_CommonStingrayEntityForge=3, death_AmericanLobsterEntityForge_mob_by_SandtigerSharkEntityForge=1, death_AtlanticCodEntityForge_mob_by_BlacktipReefSharkEntityForge=1, death_AtlanticCodEntityForge_mob_by_CommonThresherSharkEntityForge=2, death_AtlanticCodEntityForge_mob_by_GreatHammerheadSharkEntityForge=1, death_AtlanticCodEntityForge_mob_by_GreatWhiteSharkEntityForge=1, death_AtlanticCodEntityForge_mob_by_SandtigerSharkEntityForge=1, death_AtlanticCodEntityForge_mob_by_TigerSharkEntityForge=1, death_AtlanticSalmonEntityForge_mob_by_BlacktipReefSharkEntityForge=4, death_AtlanticSalmonEntityForge_mob_by_CommonThresherSharkEntityForge=1, death_AtlanticSalmonEntityForge_mob_by_OceanicWhitetipSharkEntityForge=1, death_BottlenoseDolphinEntityForge_mob_by_GreatWhiteSharkEntityForge=1, death_BottlenoseDolphinEntityForge_mob_by_ShortfinMakoSharkEntityForge=2, death_CaribbeanReefOctopusEntityForge_mob_by_BlacktipReefSharkEntityForge=1, death_CaribbeanReefOctopusEntityForge_mob_by_CommonStingrayEntityForge=1, death_CommonOctopusEntityForge_mob_by_GreatHammerheadSharkEntityForge=2, death_GiantMorayEelEntityForge_mob_by_CommonStingrayEntityForge=1, death_GreenSeaTurtleEntityForge_mob_by_OceanicWhitetipSharkEntityForge=1, death_SandtigerSharkEntityForge_mob_by_TigerSharkEntityForge=1, living_deaths=28, navigation_calls=44015, sensor_calls=81279}	60	63
35800	856571152	{AmericanLobsterEntityForge=10, AtlanticCodEntityForge=8, AtlanticSalmonEntityForge=8, BlackSeaNettleJellyfishEntityForge=1, BlacktipReefSharkEntityForge=3, BottlenoseDolphinEntityForge=4, CannonballJellyfishEntityForge=2, CaribbeanReefOctopusEntityForge=2, CommonOctopusEntityForge=3, CommonStingrayEntityForge=3, CommonThresherSharkEntityForge=1, GiantMorayEelEntityForge=4, GreatHammerheadSharkEntityForge=1, GreatWhiteSharkEntityForge=1, GreenSeaTurtleEntityForge=3, HarborSealEntityForge=3, NautilusEntityForge=1, OceanicWhitetipSharkEntityForge=1, OrcaEntityForge=1, SandtigerSharkEntityForge=1, ShortfinMakoSharkEntityForge=1, TigerSharkEntityForge=1}	{AmericanLobsterEntityForge=300, AtlanticCodEntityForge=300, AtlanticSalmonEntityForge=300, BlackSeaNettleJellyfishEntityForge=300, BlacktipReefSharkEntityForge=300, BottlenoseDolphinEntityForge=700, CannonballJellyfishEntityForge=300, CaribbeanReefOctopusEntityForge=300, CommonOctopusEntityForge=300, CommonStingrayEntityForge=300, CommonThresherSharkEntityForge=300, GiantMorayEelEntityForge=300, GreatHammerheadSharkEntityForge=300, GreatWhiteSharkEntityForge=300, GreenSeaTurtleEntityForge=300, HarborSealEntityForge=300, NautilusEntityForge=300, OceanicWhitetipSharkEntityForge=300, OrcaEntityForge=700, SandtigerSharkEntityForge=300, ShortfinMakoSharkEntityForge=300, TigerSharkEntityForge=300}	11	{death_AmericanLobsterEntityForge_mob_by_BlacktipReefSharkEntityForge=1, death_AmericanLobsterEntityForge_mob_by_CommonStingrayEntityForge=3, death_AmericanLobsterEntityForge_mob_by_SandtigerSharkEntityForge=1, death_AtlanticCodEntityForge_mob_by_BlacktipReefSharkEntityForge=1, death_AtlanticCodEntityForge_mob_by_CommonThresherSharkEntityForge=2, death_AtlanticCodEntityForge_mob_by_GreatHammerheadSharkEntityForge=1, death_AtlanticCodEntityForge_mob_by_GreatWhiteSharkEntityForge=1, death_AtlanticCodEntityForge_mob_by_SandtigerSharkEntityForge=1, death_AtlanticCodEntityForge_mob_by_TigerSharkEntityForge=1, death_AtlanticSalmonEntityForge_mob_by_BlacktipReefSharkEntityForge=4, death_AtlanticSalmonEntityForge_mob_by_CommonThresherSharkEntityForge=1, death_AtlanticSalmonEntityForge_mob_by_OceanicWhitetipSharkEntityForge=1, death_BottlenoseDolphinEntityForge_mob_by_GreatWhiteSharkEntityForge=1, death_BottlenoseDolphinEntityForge_mob_by_ShortfinMakoSharkEntityForge=2, death_CaribbeanReefOctopusEntityForge_mob_by_BlacktipReefSharkEntityForge=1, death_CaribbeanReefOctopusEntityForge_mob_by_CommonStingrayEntityForge=1, death_CommonOctopusEntityForge_mob_by_GreatHammerheadSharkEntityForge=2, death_GiantMorayEelEntityForge_mob_by_CommonStingrayEntityForge=1, death_GreenSeaTurtleEntityForge_mob_by_OceanicWhitetipSharkEntityForge=1, death_SandtigerSharkEntityForge_mob_by_TigerSharkEntityForge=1, living_deaths=28, navigation_calls=44262, sensor_calls=81723}	59	63
36000	953040144	{AmericanLobsterEntityForge=10, AtlanticCodEntityForge=8, AtlanticSalmonEntityForge=8, BlackSeaNettleJellyfishEntityForge=1, BlacktipReefSharkEntityForge=3, BottlenoseDolphinEntityForge=4, CannonballJellyfishEntityForge=2, CaribbeanReefOctopusEntityForge=2, CommonOctopusEntityForge=3, CommonStingrayEntityForge=3, CommonThresherSharkEntityForge=1, GiantMorayEelEntityForge=4, GreatHammerheadSharkEntityForge=1, GreatWhiteSharkEntityForge=1, GreenSeaTurtleEntityForge=3, HarborSealEntityForge=3, NautilusEntityForge=1, OceanicWhitetipSharkEntityForge=1, OrcaEntityForge=1, SandtigerSharkEntityForge=1, ShortfinMakoSharkEntityForge=1, TigerSharkEntityForge=1}	{AmericanLobsterEntityForge=300, AtlanticCodEntityForge=300, AtlanticSalmonEntityForge=300, BlackSeaNettleJellyfishEntityForge=300, BlacktipReefSharkEntityForge=300, BottlenoseDolphinEntityForge=700, CannonballJellyfishEntityForge=300, CaribbeanReefOctopusEntityForge=300, CommonOctopusEntityForge=300, CommonStingrayEntityForge=300, CommonThresherSharkEntityForge=300, GiantMorayEelEntityForge=300, GreatHammerheadSharkEntityForge=300, GreatWhiteSharkEntityForge=300, GreenSeaTurtleEntityForge=300, HarborSealEntityForge=300, NautilusEntityForge=300, OceanicWhitetipSharkEntityForge=300, OrcaEntityForge=700, SandtigerSharkEntityForge=300, ShortfinMakoSharkEntityForge=300, TigerSharkEntityForge=300}	11	{death_AmericanLobsterEntityForge_mob_by_BlacktipReefSharkEntityForge=1, death_AmericanLobsterEntityForge_mob_by_CommonStingrayEntityForge=3, death_AmericanLobsterEntityForge_mob_by_SandtigerSharkEntityForge=1, death_AtlanticCodEntityForge_mob_by_BlacktipReefSharkEntityForge=1, death_AtlanticCodEntityForge_mob_by_CommonThresherSharkEntityForge=2, death_AtlanticCodEntityForge_mob_by_GreatHammerheadSharkEntityForge=1, death_AtlanticCodEntityForge_mob_by_GreatWhiteSharkEntityForge=1, death_AtlanticCodEntityForge_mob_by_SandtigerSharkEntityForge=1, death_AtlanticCodEntityForge_mob_by_TigerSharkEntityForge=1, death_AtlanticSalmonEntityForge_mob_by_BlacktipReefSharkEntityForge=4, death_AtlanticSalmonEntityForge_mob_by_CommonThresherSharkEntityForge=1, death_AtlanticSalmonEntityForge_mob_by_OceanicWhitetipSharkEntityForge=1, death_BottlenoseDolphinEntityForge_mob_by_GreatWhiteSharkEntityForge=1, death_BottlenoseDolphinEntityForge_mob_by_ShortfinMakoSharkEntityForge=2, death_CaribbeanReefOctopusEntityForge_mob_by_BlacktipReefSharkEntityForge=1, death_CaribbeanReefOctopusEntityForge_mob_by_CommonStingrayEntityForge=1, death_CommonOctopusEntityForge_mob_by_GreatHammerheadSharkEntityForge=2, death_GiantMorayEelEntityForge_mob_by_CommonStingrayEntityForge=1, death_GreenSeaTurtleEntityForge_mob_by_OceanicWhitetipSharkEntityForge=1, death_SandtigerSharkEntityForge_mob_by_TigerSharkEntityForge=1, living_deaths=28, navigation_calls=44529, sensor_calls=82192}	58	63
