tick,duration_ns
1,4457529
2,5010362
3,3683925
4,2788415
5,2151254
6,2238241
7,8682385
8,5337287
9,3403790
10,3925909
11,3026216
12,3118813
13,4689014
14,4071680
15,4129949
16,2960845
17,3230687
18,3689552
19,3155204
20,2732042
21,2888613
22,5249827
23,2199144
24,2778733
25,2459281
26,2909276
27,10628353
28,4198407
29,3560386
30,3091150
31,3708014
32,3193482
33,5137991
34,7080427
35,5170054
36,3621324
37,4087201
38,2393355
39,6268702
40,3165087
41,4714029
42,2658583
43,2379915
44,2228970
45,2735195
46,2530022
47,8269585
48,2457481
49,2304707
50,2932533
51,3037435
52,6306384
53,2491503
54,2885334
55,2219378
56,5671324
57,3022184
58,5552059
59,5335600
60,4123225
61,4853221
62,3773452
63,3631600
64,12423987
65,10235691
66,3837252
67,5550713
68,3434343
69,4630439
70,2874908
71,2136828
72,3511474
73,5942018
74,4389578
75,3869519
76,3133346
77,6337879
78,2695652
79,4811982
80,5102367
81,11398312
82,3519745
83,3076336
84,3283998
85,2922486
86,10865150
87,2223633
88,2937599
89,2281983
90,2687581
91,2332409
92,3258949
93,2781027
94,5279443
95,2647297
96,2836238
97,2249788
98,9772229
99,3636607
100,1986104
101,2182219
102,4730255
103,5751794
104,3088537
105,2586156
106,2174426
107,2603124
108,2250163
109,3290529
110,2647265
111,2542922
112,3564073
113,7589685
114,4886242
115,3922311
116,3658439
117,3159536
118,3071171
119,3009002
120,8714525
121,2252004
122,2714244
123,10289913
124,3181967
125,2659114
126,4536204
127,5409726
128,5959676
129,2416346
130,4295568
131,7431932
132,2937456
133,2664703
134,3051276
135,2400899
136,2904129
137,3950325
138,5434614
139,2645166
140,2547530
141,2989905
142,2550166
143,6556173
144,2827516
145,4936730
146,4010069
147,2926068
148,2719706
149,3683765
150,2604615
151,2167749
152,6254208
153,3137452
154,6962484
155,4121683
156,3156024
157,4969730
158,3667852
159,3052277
160,4605581
161,3731513
162,4268728
163,3892212
164,4863747
165,4638380
166,3887040
167,3239547
168,3315957
169,3977575
170,2855356
171,5869133
172,2763086
173,4675904
174,4698810
175,3480615
176,4570066
177,6585704
178,2927795
179,4029927
180,2820021
181,2860562
182,2880743
183,2378929
184,2422844
185,2306407
186,3294387
187,8730178
188,5455104
189,2967374
190,2854814
191,2769815
192,3265932
193,2690354
194,5063976
195,5768329
196,3483284
197,3398620
198,3026706
199,2988152
200,2922752
201,3996920
202,3049250
203,2490990
204,5258198
205,5785263
206,3085119
207,10010584
208,3492707
209,2716859
210,5205597
211,2461940
212,2384584
213,3720663
214,3867848
215,2131618
216,3014126
217,4347060
218,12660890
219,6782164
220,2918258
221,3331390
222,3182831
223,3238218
224,2554530
225,2520094
226,2921590
227,2907042
228,5535975
229,2928648
230,4366379
231,9470776
232,3191000
233,7204012
234,2377627
235,1955176
236,2639761
237,2554884
238,2324970
239,2659195
240,5295259
241,2628153
242,2463787
243,2877224
244,2874903
245,3362781
246,3915978
247,3063562
248,2671263
249,6108212
250,3512699
251,2223903
252,2680466
253,9809041
254,3311259
255,3496893
256,4532690
257,2272493
258,7987823
259,16081057
260,6950540
261,2715309
262,2115046
263,2958305
264,2843890
265,3996529
266,6342803
267,10270420
268,4101116
269,7428130
270,4447631
271,2564958
272,2733316
273,2783149
274,2334134
275,3746995
276,2467841
277,2337611
278,5714887
279,5675298
280,4921590
281,2126386
282,2704010
283,2287615
284,2263339
285,3842971
286,3366231
287,4874464
288,5756565
289,6017044
290,2991554
291,6123333
292,2453379
293,2474208
294,3315184
295,5634058
296,2950645
297,4911274
298,2440429
299,2929915
300,2153742
301,4309842
302,4045895
303,5547864
304,2886372
305,3009252
306,2589341
307,3302755
308,3775604
309,3150938
310,3230420
311,4506183
312,3527483
313,7234719
314,5045962
315,2280950
316,2870223
317,2657645
318,3249377
319,3046142
320,3147666
321,2720147
322,4392824
323,3378629
324,7150353
325,2914460
326,3230850
327,4127550
328,3045610
329,3852903
330,2917941
331,9948183
332,2905405
333,5916934
334,3283179
335,5047124
336,3321028
337,4242520
338,3813039
339,3494224
340,4054383
341,4860436
342,6491478
343,5131228
344,2191653
345,7148664
346,5967288
347,5879427
348,6302609
349,2638492
350,2132201
351,2447221
352,2221150
353,3093117
354,7837603
355,4547075
356,2871948
357,2491436
358,2454178
359,3181448
360,5068029
361,2314170
362,2401311
363,5264870
364,3136903
365,2381097
366,2363898
367,2506836
368,2393807
369,2467155
370,2382798
371,2720673
372,2473701
373,4771492
374,2497473
375,2645060
376,2693251
377,5810304
378,2526261
379,2363085
380,3263521
381,2856097
382,4023492
383,2475585
384,3345307
385,3624086
386,2445711
387,7238470
388,6338152
389,6058805
390,6546258
391,3784139
392,2749210
393,3151355
394,2909130
395,4845003
396,6796065
397,2421240
398,2349544
399,2426470
400,3633020
401,8689913
402,2563526
403,4722917
404,2693105
405,2175526
406,2205053
407,3957465
408,4134708
409,5025371
410,4319955
411,4022223
412,2571687
413,2048350
414,3260373
415,5505729
416,2917868
417,2939120
418,2596002
419,5444185
420,4452372
421,2464394
422,3105565
423,3147252
424,4403774
425,4685370
426,2452328
427,4764187
428,2929043
429,4190984
430,2621137
431,6825587
432,3943123
433,10586286
434,5053464
435,4494920
436,5434571
437,4373073
438,3388845
439,2338720
440,3568331
441,2611200
442,2487948
443,3263853
444,2666766
445,2895550
446,4046040
447,3830869
448,3179703
449,2314141
450,2714954
451,4681348
452,2290859
453,2771867
454,6580433
455,3942222
456,2927162
457,4414296
458,12442997
459,6045486
460,4651914
461,4615662
462,2817348
463,11984838
464,4271229
465,2894186
466,3701333
467,3441051
468,4915536
469,4030748
470,2262912
471,3460236
472,2404030
473,3148471
474,3861198
475,4088650
476,2569017
477,2880503
478,4318594
479,4787082
480,7022459
481,3258430
482,2293108
483,5477147
484,2414033
485,3451371
486,4235299
487,6243171
488,4412780
489,4183358
490,3030076
491,11466350
492,2909968
493,4708927
494,2578954
495,5731848
496,2907164
497,3117144
498,2511159
499,6098782
500,5583083
501,6510230
502,3483821
503,3459176
504,6088419
505,5280681
506,7006277
507,6516129
508,5699948
509,2858389
510,3444173
511,2414144
512,2661325
513,3810022
514,2523154
515,2387809
516,4945989
517,5826432
518,2554771
519,4059710
520,2409845
521,2688475
522,3527310
523,2431553
524,3121399
525,3558189
526,2725654
527,6674711
528,3183272
529,2546673
530,2187121
531,2167892
532,2940099
533,4339900
534,4656114
535,6998143
536,2597034
537,2835818
538,2690069
539,3554961
540,3049091
541,6525536
542,2660759
543,3421828
544,3823944
545,3165777
546,2572816
547,3685472
548,4136118
549,3237866
550,3695325
551,2425686
552,2680200
553,2210500
554,2640792
555,2593742
556,6888276
557,4883012
558,2594755
559,12496270
560,3231579
561,4161173
562,2196359
563,2117150
564,4641109
565,3051423
566,2972398
567,2662576
568,2165237
569,2559439
570,2393952
571,2633291
572,3241512
573,3809703
574,2312064
575,2544002
576,3805728
577,3792284
578,2593263
579,6593351
580,4690002
581,3223239
582,3736449
583,2255376
584,2696649
585,4358084
586,4328044
587,3148292
588,3224533
589,3255187
590,2416710
591,4017690
592,2837789
593,2596643
594,2366967
595,3842244
596,4665202
597,6039610
598,4297971
599,7904161
600,3973452
601,5916901
602,3235263
603,2685754
604,6500510
605,5257583
606,4559858
607,3225516
608,3401880
609,2448921
610,2243540
611,2411456
612,4518847
613,2264459
614,4072525
615,5755601
616,3023339
617,4078532
618,2775051
619,5253446
620,3276427
621,4470559
622,2720490
623,4016910
624,5227750
625,3091149
626,3703947
627,3869146
628,3132058
629,3500487
630,2923227
631,2862287
632,3471501
633,5855158
634,2228815
635,4609531
636,3282638
637,3323844
638,5697898
639,4375555
640,3302921
641,3697210
642,5329799
643,3449515
644,4197722
645,6555402
646,3181607
647,2331335
648,4505775
649,2625821
650,5078045
651,8017338
652,6111258
653,6736703
654,5673010
655,3802074
656,3653861
657,5923758
658,6228921
659,2380384
660,2261055
661,4193232
662,5307388
663,4868943
664,3705915
665,10239081
666,2750605
667,4932206
668,3023570
669,3416977
670,2594906
671,2937465
672,6087841
673,3337614
674,4637097
675,3009005
676,6236333
677,6446714
678,7295625
679,5604448
680,5218643
681,2650986
682,2801224
683,6010888
684,2383360
685,4459909
686,4309974
687,3569458
688,3076316
689,2962498
690,4618772
691,18193587
692,3097020
693,3185801
694,4002298
695,2809496
696,3640149
697,3549274
698,3005623
699,2989358
700,2860551
701,4704160
702,2632209
703,5315168
704,2539112
705,4316783
706,2445447
707,6179636
708,2490018
709,2889721
710,2710315
711,6422125
712,4989591
713,4952802
714,2066752
715,2165480
716,2597298
717,2994068
718,6449702
719,3938535
720,2869915
721,4468265
722,2216061
723,4449716
724,2614604
725,2686633
726,3575006
727,2891992
728,2410913
729,3426539
730,2578955
731,4781968
732,3236314
733,4172987
734,2294789
735,2095826
736,4377815
737,4447207
738,5468417
739,8612094
740,3235176
741,9981299
742,2907522
743,6838734
744,3892449
745,3207750
746,4010105
747,3545636
748,2734628
749,2336395
750,3027238
751,4150897
752,2918645
753,13886308
754,2964316
755,2652391
756,2845709
757,2897343
758,4270409
759,5227288
760,3796585
761,3506518
762,2869555
763,3290994
764,4514787
765,4331765
766,5667544
767,4392905
768,2438553
769,2341380
770,4029160
771,2240326
772,2556642
773,2624997
774,3520956
775,4220329
776,3593961
777,2982694
778,2409238
779,2221616
780,3080021
781,3115018
782,3207677
783,2819351
784,3084203
785,2698651
786,6545337
787,3511454
788,3695415
789,4897517
790,2709303
791,2364878
792,3508485
793,2333620
794,2344798
795,9187417
796,6668163
797,4599024
798,2544616
799,2433588
800,2456808
801,3181116
802,2692687
803,5612766
804,2667160
805,2095889
806,2182918
807,2597567
808,4462096
809,6192017
810,5892653
811,4633075
812,3097986
813,2751487
814,5956825
815,4056991
816,3175338
817,2699581
818,2878142
819,2356255
820,2302330
821,2606899
822,2356706
823,3989836
824,5422337
825,5237267
826,2372687
827,6549518
828,7795048
829,2666437
830,5176571
831,2212248
832,2264728
833,3610588
834,2784257
835,3088180
836,2553341
837,3009473
838,3629400
839,3665513
840,2302025
841,3104915
842,5809792
843,5056680
844,7133903
845,2271334
846,2271443
847,3752505
848,7675933
849,4629020
850,4102718
851,2734155
852,6000167
853,4340529
854,2843932
855,3930309
856,2166162
857,6473560
858,3718489
859,4348602
860,4359626
861,3779025
862,2263944
863,2851667
864,4305096
865,4595148
866,3014992
867,4813294
868,2679229
869,4577796
870,2539670
871,2316043
872,3057647
873,4225122
874,5246944
875,3533999
876,4003391
877,5248609
878,3168093
879,10688161
880,2882346
881,6640894
882,4478707
883,3398705
884,3293877
885,3550303
886,5757911
887,6718633
888,2945313
889,4927046
890,5347220
891,2088899
892,2148624
893,2166832
894,2441494
895,3265772
896,3138436
897,3922174
898,6820758
899,4926071
900,5067144
901,5823897
902,3289162
903,2895734
904,2363989
905,12678843
906,3199023
907,4377851
908,4505027
909,5003620
910,6505105
911,4726684
912,4438502
913,2153793
914,2245886
915,3708856
916,5024336
917,2550537
918,7373508
919,2317275
920,10606923
921,7411068
922,8348574
923,4756039
924,4729968
925,4628921
926,3256431
927,3185839
928,5567392
929,4299245
930,2581321
931,7078894
932,2509022
933,2186498
934,5218374
935,3764800
936,3645699
937,2776813
938,10669507
939,4191113
940,4276810
941,4257710
942,3085285
943,2657792
944,2784454
945,2470303
946,4889732
947,2493742
948,3666607
949,2354059
950,3749319
951,7353399
952,2771192
953,5055179
954,2551522
955,3171448
956,2740281
957,7663386
958,3809092
959,2956085
960,4245883
961,2223969
962,2490628
963,5534562
964,3569644
965,2898064
966,2736521
967,2622595
968,2620892
969,2868420
970,6101098
971,3645511
972,3220945
973,3889548
974,2505298
975,5039521
976,2818124
977,4214570
978,3163079
979,5244419
980,3611663
981,6862711
982,2050419
983,3173090
984,5412577
985,3137127
986,2484698
987,12127116
988,4038655
989,3635106
990,5116828
991,2605637
992,2908202
993,3668774
994,3225144
995,7207136
996,3582671
997,2720097
998,5206887
999,2990630
1000,2634012
1001,2107888
1002,2178928
1003,2071240
1004,3922926
1005,3857742
1006,2895950
1007,3105589
1008,4610351
1009,5144082
1010,3268917
1011,6587992
1012,4970736
1013,5735446
1014,2904361
1015,3931358
1016,3073493
1017,5222758
1018,3241789
1019,5210847
1020,2512951
1021,3266401
1022,2850009
1023,5536083
1024,3963032
1025,5095952
1026,3728040
1027,3591958
1028,2539011
1029,4849121
1030,6165520
1031,4469216
1032,3214128
1033,16064621
1034,2448765
1035,4603675
1036,5127309
1037,5314926
1038,5846433
1039,3590005
1040,2700829
1041,2476269
1042,4064213
1043,3310977
1044,4051724
1045,2387618
1046,3806144
1047,5238265
1048,4647447
1049,2572294
1050,2666628
1051,2019252
1052,2270561
1053,3614613
1054,2608211
1055,2453570
1056,2219954
1057,3153400
1058,3477395
1059,6320624
1060,2799570
1061,4138737
1062,2951284
1063,2678684
1064,2840504
1065,5224243
1066,5892927
1067,2715897
1068,4128942
1069,4996348
1070,3160081
1071,2328511
1072,2287004
1073,2297129
1074,3229725
1075,2502221
1076,3319542
1077,2598486
1078,5605693
1079,3080308
1080,2610201
1081,2735110
1082,2386631
1083,5270354
1084,5919765
1085,2871417
1086,2849321
1087,3087931
1088,2559310
1089,5610145
1090,5053012
1091,6859551
1092,2834269
1093,3119283
1094,2483872
1095,3234636
1096,2272597
1097,2335815
1098,4740875
1099,4263665
1100,2527758
1101,2571971
1102,2548867
1103,2097606
1104,4664938
1105,2085883
1106,4221819
1107,4335045
1108,2663277
1109,11083394
1110,5848651
1111,2267184
1112,2319029
1113,2455565
1114,2113018
1115,2019932
1116,2337826
1117,4013061
1118,2064060
1119,2504721
1120,10961329
1121,2481625
1122,3740001
1123,3336294
1124,2666613
1125,3887636
1126,2330587
1127,2471544
1128,2533060
1129,2677045
1130,2113944
1131,2860032
1132,3813743
1133,3059259
1134,3981708
1135,3154445
1136,2705261
1137,5755187
1138,2644105
1139,3956509
1140,5113187
1141,5620530
1142,3560526
1143,4495691
1144,4645481
1145,4300895
1146,4972764
1147,4611757
1148,2737776
1149,20449244
1150,2779457
1151,2293583
1152,2579688
1153,3178109
1154,2236110
1155,2281873
1156,2265944
1157,3855508
1158,2215858
1159,5363294
1160,6075774
1161,3802669
1162,3196005
1163,2215357
1164,2642785
1165,2254265
1166,2121323
1167,2221212
1168,4336323
1169,1978835
1170,2035756
1171,1938103
1172,2793687
1173,3142421
1174,2281589
1175,5604372
1176,3342895
1177,2495785
1178,2472707
1179,3861485
1180,6538773
1181,2561832
1182,1977849
1183,3101017
1184,6803029
1185,6772874
1186,4012989
1187,3246140
1188,2381077
1189,2620867
1190,2722420
1191,2723981
1192,2364040
1193,2424726
1194,3553806
1195,2888695
1196,2421371
1197,8287992
1198,4302083
1199,3526080
1200,7100365
1201,3113085
1202,2705853
1203,3444724
1204,2729297
1205,2976471
1206,2512939
1207,4121533
1208,3316649
1209,6196110
1210,2922401
1211,3255000
1212,2850926
1213,2967139
1214,3675214
1215,7049273
1216,3025623
1217,7501721
1218,6935638
1219,2944150
1220,2676552
1221,4213551
1222,3084114
1223,3002446
1224,2827393
1225,2553208
1226,3245909
1227,2860633
1228,4563133
1229,2720819
1230,3593900
1231,2617282
1232,3018608
1233,3041727
1234,5660619
1235,2684164
1236,3381566
1237,3818495
1238,4375690
1239,4534565
1240,3285766
1241,2972822
1242,4385234
1243,4278416
1244,3377026
1245,3181172
1246,3125366
1247,3647684
1248,2656819
1249,2530319
1250,4218107
1251,3513050
1252,3388054
1253,4314978
1254,2262949
1255,3638402
1256,2538421
1257,6573098
1258,6469267
1259,2294146
1260,4100390
1261,6499290
1262,2788288
1263,3101015
1264,7166514
1265,3126883
1266,5359727
1267,2931634
1268,3149037
1269,3506272
1270,4172612
1271,2756387
1272,3912494
1273,3693123
1274,4535557
1275,4188261
1276,2346865
1277,2574817
1278,3863635
1279,3967674
1280,2665118
1281,2330781
1282,2768891
1283,4593530
1284,3554618
1285,8236729
1286,4889173
1287,2484429
1288,2503389
1289,2350759
1290,3081280
1291,8142022
1292,5347958
1293,4159459
1294,4468594
1295,4606323
1296,2479376
1297,3140487
1298,3285978
1299,3234484
1300,2203845
1301,2631356
1302,2263585
1303,4224396
1304,7393385
1305,6268848
1306,5523852
1307,6016173
1308,5363317
1309,2294623
1310,3907240
1311,5659312
1312,3106661
1313,2151364
1314,4089494
1315,3343935
1316,4855601
1317,4645033
1318,3943544
1319,2623248
1320,10007761
1321,6108727
1322,4924076
1323,3949510
1324,7123958
1325,5673808
1326,5640406
1327,5547207
1328,5315576
1329,2412433
1330,3735459
1331,3352600
1332,4557197
1333,5314578
1334,2363958
1335,3248902
1336,4378662
1337,3004053
1338,4841749
1339,3249216
1340,4643886
1341,6064862
1342,7884651
1343,4704695
1344,6356205
1345,2535403
1346,2932956
1347,3253973
1348,3201035
1349,2563730
1350,3694270
1351,2565120
1352,2404706
1353,4195645
1354,4796082
1355,4927086
1356,4934491
1357,2790403
1358,5942341
1359,4157577
1360,3160789
1361,3464474
1362,3364222
1363,2946456
1364,2320937
1365,3772491
1366,2314926
1367,4089301
1368,2250643
1369,2381053
1370,2703557
1371,4388782
1372,2297426
1373,2252129
1374,4401071
1375,4038618
1376,4465121
1377,5938625
1378,5068725
1379,5426506
1380,6381683
1381,5397742
1382,3625510
1383,3342491
1384,5692813
1385,3367670
1386,3315198
1387,3797992
1388,3981195
1389,3100760
1390,2426082
1391,3299274
1392,2883263
1393,2711497
1394,3204339
1395,5735360
1396,4832581
1397,4034231
1398,5826516
1399,5216293
1400,3161183
1401,7088432
1402,3336026
1403,3229482
1404,4641315
1405,4957456
1406,3502333
1407,5428739
1408,5836462
1409,3244853
1410,4045419
1411,4027620
1412,4448395
1413,5127824
1414,4609403
1415,4805869
1416,4619525
1417,4183567
1418,2255640
1419,2613043
1420,2214250
1421,4065162
1422,6402961
1423,3842938
1424,2931029
1425,5387168
1426,2519708
1427,20799112
1428,2551372
1429,2847253
1430,8000222
1431,4366005
1432,16125112
1433,3217895
1434,3373771
1435,6105027
1436,2145915
1437,2311798
1438,4026068
1439,3715166
1440,2482019
1441,3250427
1442,2981209
1443,2383625
1444,4720251
1445,5242188
1446,9088414
1447,6560121
1448,3741348
1449,6581556
1450,2066961
1451,2145980
1452,4502455
1453,3516817
1454,2640172
1455,3702964
1456,2458876
1457,5807401
1458,2691241
1459,2492891
1460,2817579
1461,5688261
1462,5498171
1463,3487185
1464,5652029
1465,5766220
1466,4971979
1467,4315056
1468,3195327
1469,5654255
1470,4184477
1471,2055221
1472,7030774
1473,2962713
1474,2324833
1475,3997406
1476,2117975
1477,2282352
1478,3182199
1479,6298763
1480,2648931
1481,4402362
1482,2864521
1483,2686853
1484,2111035
1485,2299797
1486,3639113
1487,2290020
1488,6884080
1489,4401808
1490,2379255
1491,2786278
1492,3286200
1493,3454558
1494,5269746
1495,2827592
1496,2344114
1497,4283016
1498,2599940
1499,4339229
1500,3016254
1501,3770804
1502,3644889
1503,2097100
1504,2258372
1505,3081092
1506,2740332
1507,3126470
1508,3398857
1509,4542323
1510,2861481
1511,3128454
1512,2619351
1513,5749826
1514,3007951
1515,7415791
1516,4741098
1517,6250103
1518,2975819
1519,5277501
1520,4055565
1521,3790080
1522,2395051
1523,3031712
1524,2923986
1525,3801286
1526,2325233
1527,2425020
1528,3461512
1529,2595525
1530,3853540
1531,3772978
1532,2559842
1533,3528778
1534,2742911
1535,2662191
1536,2459234
1537,2596280
1538,2936489
1539,4782936
1540,3072030
1541,2877320
1542,4289062
1543,7035216
1544,6630493
1545,4920385
1546,3921864
1547,6191798
1548,3837191
1549,4687889
1550,2969343
1551,3660238
1552,3539386
1553,9506615
1554,2563889
1555,3313522
1556,2662125
1557,4677931
1558,7898945
1559,2525389
1560,2545349
1561,3172528
1562,2217010
1563,3178504
1564,2450378
1565,2534830
1566,2964427
1567,6627655
1568,4288874
1569,4645818
1570,2634472
1571,2901116
1572,5870935
1573,4256783
1574,2507883
1575,2636958
1576,2076934
1577,2232169
1578,2335363
1579,2011281
1580,3182672
1581,4223527
1582,4743221
1583,4289911
1584,2609480
1585,2622126
1586,5931995
1587,2816926
1588,3137342
1589,2610574
1590,3447851
1591,5215719
1592,2472823
1593,4205092
1594,2984645
1595,3646611
1596,2541202
1597,2848839
1598,3260990
1599,11057074
1600,2361661
1601,3163433
1602,5389000
1603,2910885
1604,3154819
1605,4269963
1606,3149374
1607,7140994
1608,2618187
1609,6037320
1610,4039132
1611,3591665
1612,3028619
1613,2769102
1614,12660120
1615,3055929
1616,2535177
1617,2865130
1618,6413823
1619,3027225
1620,3228004
1621,3139193
1622,4981632
1623,4580294
1624,3060272
1625,3214253
1626,4404692
1627,4609892
1628,2735657
1629,4778726
1630,2334065
1631,8079289
1632,3367759
1633,7082716
1634,2645264
1635,16148603
1636,2442767
1637,3765811
1638,2428314
1639,2704551
1640,2578401
1641,4768857
1642,3322410
1643,2294899
1644,4358593
1645,4099299
1646,2042220
1647,2889787
1648,2841915
1649,2463032
1650,2958374
1651,2545021
1652,2481434
1653,3285444
1654,3035403
1655,2316762
1656,5390401
1657,4532324
1658,9354998
1659,3855060
1660,2338034
1661,21641696
1662,3484533
1663,6129917
1664,3738403
1665,4887486
1666,3571243
1667,2582709
1668,2351212
1669,5936033
1670,5829485
1671,3103244
1672,3489503
1673,2717874
1674,5298502
1675,2651087
1676,2792489
1677,3587919
1678,2394311
1679,6093386
1680,3329196
1681,5647314
1682,3240054
1683,4351185
1684,4179141
1685,3418238
1686,2659153
1687,3329001
1688,3128248
1689,6049659
1690,7074760
1691,3605723
1692,2568129
1693,3201067
1694,2541566
1695,2781551
1696,2870714
1697,2584741
1698,3608074
1699,4231052
1700,5887005
1701,3710368
1702,3057899
1703,3294918
1704,13554049
1705,3200889
1706,8440569
1707,5033395
1708,6596417
1709,7339311
1710,5064478
1711,2197406
1712,2351597
1713,2259487
1714,3731570
1715,2587800
1716,3184890
1717,3821120
1718,4261063
1719,6729640
1720,4856218
1721,5651087
1722,5989453
1723,4249783
1724,3818451
1725,3382345
1726,2202228
1727,3005316
1728,2558422
1729,6955536
1730,6253867
1731,2815823
1732,2920756
1733,2948788
1734,2982408
1735,3895306
1736,3069140
1737,2784129
1738,2527736
1739,3484785
1740,8490131
1741,6740080
1742,3272859
1743,3414093
1744,2783041
1745,3138745
1746,6876217
1747,2660869
1748,2386828
1749,3012388
1750,3090565
1751,3997080
1752,2706311
1753,4167012
1754,2619279
1755,2466472
1756,2380933
1757,2227439
1758,2369056
1759,5524065
1760,9842337
1761,4903864
1762,8252367
1763,5006630
1764,3377378
1765,3696344
1766,2850933
1767,2888428
1768,2876450
1769,2731535
1770,2372130
1771,7070536
1772,2477251
1773,2750651
1774,5699760
1775,2659344
1776,2120767
1777,2355022
1778,2379676
1779,2413059
1780,5878302
1781,2729024
1782,3654349
1783,2517379
1784,2478951
1785,5541156
1786,3077154
1787,2289234
1788,2643446
1789,1910216
1790,2858458
1791,2624770
1792,2503572
1793,3252936
1794,2573652
1795,2485408
1796,3752532
1797,2728632
1798,2765609
1799,2244096
1800,2656221
1801,5653490
1802,3229221
1803,3575708
1804,9592817
1805,2899488
1806,3626635
1807,3637983
1808,4223352
1809,2509917
1810,2489230
1811,3316970
1812,9338474
1813,3268418
1814,5316917
1815,4258322
1816,2435662
1817,3088554
1818,3147838
1819,3158950
1820,6484125
1821,3494351
1822,2892364
1823,4517317
1824,3641915
1825,7681282
1826,3545350
1827,5664110
1828,3980252
1829,3406444
1830,5534422
1831,3355835
1832,2918797
1833,3131005
1834,2773873
1835,3590124
1836,3099582
1837,4986849
1838,2997516
1839,2642667
1840,6569523
1841,4939352
1842,2836334
1843,3268882
1844,8051960
1845,4514386
1846,4064235
1847,5577747
1848,6328728
1849,6820174
1850,4976594
1851,4321365
1852,2737318
1853,2475171
1854,6625546
1855,3696172
1856,3508153
1857,3240567
1858,3893485
1859,3022585
1860,3062354
1861,2536484
1862,3628889
1863,3045110
1864,3497592
1865,3082798
1866,5346018
1867,2183387
1868,3477200
1869,2940890
1870,2410460
1871,2837048
1872,2861568
1873,6823209
1874,3317213
1875,2201817
1876,2969405
1877,2707681
1878,2935401
1879,2895938
1880,6525541
1881,4670789
1882,8714373
1883,2905345
1884,6155830
1885,9229840
1886,2160656
1887,5714489
1888,5081072
1889,5425036
1890,3423264
1891,4532037
1892,4420084
1893,6748505
1894,4101485
1895,2913611
1896,5003146
1897,6755174
1898,7356787
1899,5069343
1900,4447344
1901,7880928
1902,4013743
1903,3248078
1904,6398331
1905,2624350
1906,2273858
1907,12463999
1908,3065402
1909,4495235
1910,2189436
1911,2596807
1912,5175558
1913,2793405
1914,4336866
1915,4611523
1916,3379741
1917,4969652
1918,8470222
1919,6489157
1920,10075630
1921,9398887
1922,4353945
1923,2932965
1924,14649042
1925,6273037
1926,6963429
1927,4002392
1928,4179353
1929,2746193
1930,3636360
1931,2714953
1932,3431618
1933,2262313
1934,3178274
1935,3494160
1936,2378495
1937,2254981
1938,7325308
1939,2193934
1940,6225586
1941,6483930
1942,8010216
1943,4458361
1944,5702985
1945,2693648
1946,4821386
1947,2765610
1948,2888689
1949,5275390
1950,3164286
1951,2963852
1952,2662778
1953,5485079
1954,3060524
1955,2690834
1956,2185996
1957,2755878
1958,2865639
1959,2265811
1960,2704117
1961,4523446
1962,2158885
1963,2368083
1964,2726657
1965,13884602
1966,5086506
1967,2446667
1968,2208872
1969,2128689
1970,2460077
1971,14792948
1972,2722881
1973,2000890
1974,4187599
1975,3600207
1976,2152849
1977,2148103
1978,5665188
1979,2268238
1980,2867736
1981,4733639
1982,2227674
1983,2478902
1984,2803872
1985,7128920
1986,3094441
1987,2094461
1988,2498741
1989,4292053
1990,2414753
1991,3895745
1992,3248656
1993,3920979
1994,3418448
1995,2687823
1996,2791819
1997,2425017
1998,2602268
1999,2919540
2000,2831904
2001,3822099
2002,2821748
2003,2823411
2004,2503864
2005,3028228
2006,6418235
2007,8007880
2008,5471411
2009,6462795
2010,2768182
2011,6855695
2012,2535634
2013,2656177
2014,3256130
2015,2545797
2016,2506423
2017,2541598
2018,3113145
2019,3648881
2020,3547075
2021,5091326
2022,2354123
2023,2285697
2024,6533203
2025,2929869
2026,7119994
2027,5397329
2028,7376296
2029,6324343
2030,5543684
2031,2340285
2032,3175297
2033,4891941
2034,3406722
2035,2716803
2036,3667474
2037,3543257
2038,3409778
2039,3116188
2040,5215658
2041,7578000
2042,2933987
2043,2861748
2044,6245327
2045,4296454
2046,2299574
2047,3376517
2048,2117343
2049,2248254
2050,4535189
2051,3190281
2052,2745127
2053,2462756
2054,3423101
2055,4241845
2056,2508649
2057,3028085
2058,2906600
2059,5535898
2060,2811723
2061,4792442
2062,8289671
2063,2560257
2064,3852545
2065,4802473
2066,3562501
2067,2942947
2068,2962496
2069,2274014
2070,5138877
2071,5705942
2072,2442167
2073,2194465
2074,2563957
2075,2318587
2076,2326471
2077,3008029
2078,4355762
2079,2574020
2080,3811450
2081,3342426
2082,2675245
2083,2690268
2084,2310248
2085,4594634
2086,4115584
2087,5356774
2088,2108097
2089,6804530
2090,2893901
2091,2349504
2092,2392106
2093,2164201
2094,2621379
2095,4175687
2096,2014571
2097,2614081
2098,2788962
2099,2421543
2100,2339920
2101,2517381
2102,2773074
2103,5275139
2104,3210497
2105,3715079
2106,3206689
2107,2855703
2108,2950323
2109,4596220
2110,2346849
2111,3538653
2112,3317839
2113,5401307
2114,3431992
2115,2423646
2116,2759167
2117,5001938
2118,2828120
2119,3786837
2120,2675161
2121,2433995
2122,3612852
2123,6486553
2124,2894126
2125,2250534
2126,3795417
2127,5932957
2128,4120592
2129,4003422
2130,5358237
2131,3537069
2132,4143438
2133,3690992
2134,3679848
2135,9923648
2136,2607743
2137,3232511
2138,3520375
2139,7324106
2140,2710482
2141,7277181
2142,11710560
2143,2701645
2144,2171144
2145,7056248
2146,2864019
2147,3135973
2148,22032148
2149,3112054
2150,2966801
2151,2748875
2152,3205166
2153,3114722
2154,2609120
2155,5160333
2156,2510255
2157,2832394
2158,2855583
2159,2868507
2160,3612374
2161,5710035
2162,3653568
2163,2740522
2164,3184624
2165,5733717
2166,5635013
2167,3949426
2168,2185571
2169,3324244
2170,8655413
2171,4792945
2172,2661108
2173,2497349
2174,3453904
2175,2928297
2176,3624131
2177,2456444
2178,6203842
2179,2393598
2180,2582346
2181,3029616
2182,2696548
2183,2762560
2184,3507449
2185,2186454
2186,3730654
2187,6088992
2188,2901151
2189,2594402
2190,5490663
2191,2712130
2192,2329444
2193,2778749
2194,2531561
2195,2657071
2196,3072820
2197,2164490
2198,3396781
2199,4026321
2200,4353266
2201,4100036
2202,2480181
2203,4456163
2204,2563992
2205,3457898
2206,2542041
2207,7902831
2208,2291365
2209,2414998
2210,3418575
2211,2524210
2212,3667345
2213,6291025
2214,3137345
2215,3174779
2216,2363299
2217,3544185
2218,2815760
2219,3136504
2220,2681456
2221,4110033
2222,3328877
2223,3048367
2224,2828735
2225,2781862
2226,2286327
2227,2399750
2228,3243896
2229,2150350
2230,2305711
2231,8866904
2232,4123882
2233,3596724
2234,3119591
2235,5481051
2236,2297049
2237,2323974
2238,2564030
2239,4428810
2240,2788748
2241,5637242
2242,2874792
2243,4059608
2244,6934914
2245,2774389
2246,2958065
2247,3074471
2248,4539827
2249,4949699
2250,2893909
2251,2930007
2252,6149664
2253,3743340
2254,4996741
2255,4053561
2256,2621605
2257,2447915
2258,2950796
2259,2759764
2260,2553411
2261,2298778
2262,2123685
2263,2998649
2264,3547332
2265,5545695
2266,5097974
2267,4347758
2268,6092563
2269,5475590
2270,2648549
2271,2296362
2272,5502508
2273,2795531
2274,2634873
2275,2252406
2276,2118823
2277,3270663
2278,3075170
2279,2980454
2280,3097082
2281,2792867
2282,2175843
2283,7932993
2284,2931113
2285,3506255
2286,5133557
2287,2429700
2288,2710967
2289,2693838
2290,3652743
2291,3881662
2292,2588665
2293,2058301
2294,2970256
2295,2564391
2296,2980550
2297,1956088
2298,2227261
2299,2449138
2300,2828657
2301,2421246
2302,2886738
2303,7925120
2304,4280622
2305,13660744
2306,4340500
2307,5760874
2308,7862627
2309,3217428
2310,2182712
2311,2178096
2312,3611001
2313,6720528
2314,6221884
2315,5613726
2316,3782571
2317,4383184
2318,4631651
2319,3701826
2320,6775950
2321,7093244
2322,4289850
2323,3035802
2324,2993853
2325,2835805
2326,2943543
2327,9279018
2328,3704272
2329,5775384
2330,4973442
2331,2277376
2332,5814588
2333,2891902
2334,3281730
2335,2840075
2336,2168316
2337,4828982
2338,2821233
2339,2950642
2340,3033643
2341,7968234
2342,4122628
2343,7717672
2344,2843531
2345,4954745
2346,2583572
2347,2895173
2348,7351364
2349,3807877
2350,2361496
2351,3037217
2352,2933670
2353,3049913
2354,2408218
2355,3991593
2356,5211745
2357,2575359
2358,2982096
2359,2474228
2360,4212958
2361,2476474
2362,5259642
2363,3781341
2364,3573831
2365,7889415
2366,4122968
2367,2921225
2368,2170225
2369,3025475
2370,7466251
2371,4525918
2372,6256524
2373,4999492
2374,2679314
2375,2748749
2376,4257078
2377,2722425
2378,2412901
2379,5331150
2380,4584025
2381,3317406
2382,3273949
2383,3022255
2384,2896313
2385,3007055
2386,15681087
2387,6863606
2388,3585132
2389,2409309
2390,4129629
2391,6684627
2392,3292472
2393,4913569
2394,10587073
2395,3191027
2396,2362862
2397,2494501
2398,2755166
2399,2232520
2400,2595401
2401,4754693
2402,2517909
2403,5248352
2404,2846473
2405,3958290
2406,9875151
2407,3706755
2408,4006077
2409,6817917
2410,2518502
2411,5489560
2412,4796277
2413,5553836
2414,2811453
2415,3748012
2416,2325261
2417,3229361
2418,2924474
2419,2146075
2420,2639355
2421,4384639
2422,8921529
2423,2529200
2424,2436001
2425,7280031
2426,6052477
2427,2287706
2428,4707405
2429,2168779
2430,2271826
2431,2410825
2432,2202825
2433,4448889
2434,8407470
2435,2048834
2436,2227058
2437,2165372
2438,2044434
2439,2072887
2440,3644472
2441,4326075
2442,6182401
2443,2070627
2444,3172915
2445,2739587
2446,1957614
2447,2140873
2448,2262716
2449,2135376
2450,2258821
2451,2134569
2452,2288789
2453,2409927
2454,4143829
2455,3040538
2456,2481490
2457,2622034
2458,1864265
2459,1960487
2460,2061017
2461,5698717
2462,5857189
2463,3644062
2464,2204709
2465,2234923
2466,2619391
2467,2128030
2468,4160305
2469,3625968
2470,3577116
2471,2296433
2472,5837014
2473,5143919
2474,4038603
2475,3716352
2476,4805153
2477,4649262
2478,2613349
2479,3688655
2480,2808730
2481,3191108
2482,2496825
2483,1998726
2484,4652081
2485,2538601
2486,2247023
2487,4904985
2488,2507961
2489,3848569
2490,2745159
2491,2012213
2492,2108955
2493,2222392
2494,2710770
2495,2524180
2496,3677838
2497,2712344
2498,2201131
2499,2743798
2500,2164672
2501,4270526
2502,2039067
2503,3987009
2504,3506394
2505,2614636
2506,5853053
2507,3940160
2508,2648258
2509,3608983
2510,2959393
2511,15209112
2512,4002137
2513,3248448
2514,3123218
2515,3823534
2516,2477679
2517,6682239
2518,4739186
2519,2820807
2520,3205602
2521,2864345
2522,2812539
2523,6665336
2524,3654983
2525,2791123
2526,3366980
2527,3496248
2528,2002914
2529,2678546
2530,2557296
2531,2670964
2532,5344334
2533,8987774
2534,3071556
2535,2526311
2536,3132425
2537,2322274
2538,3800940
2539,5159604
2540,3146188
2541,8120015
2542,3168084
2543,3091967
2544,2645280
2545,3677711
2546,2381648
2547,2722082
2548,2306145
2549,3699710
2550,2956758
2551,2526527
2552,2057316
2553,2208990
2554,2793233
2555,2849723
2556,4787875
2557,3044857
2558,3179051
2559,13295530
2560,4407661
2561,3892009
2562,2683427
2563,2297341
2564,9548424
2565,5930591
2566,6299060
2567,3418264
2568,3023636
2569,3105190
2570,2705387
2571,4892716
2572,2264706
2573,2889293
2574,2551122
2575,3165755
2576,4857592
2577,3901368
2578,3382926
2579,2955508
2580,10307067
2581,5461172
2582,3866057
2583,2126416
2584,2479892
2585,9506633
2586,3202195
2587,6186620
2588,2849840
2589,2571545
2590,2352684
2591,2817734
2592,2381857
2593,3445989
2594,5723951
2595,3357285
2596,6674457
2597,2638813
2598,2645258
2599,2983443
2600,2827473
2601,6779640
2602,3020030
2603,5349390
2604,3225351
2605,4612251
2606,2422308
2607,2958304
2608,2715903
2609,5496370
2610,5220095
2611,2646356
2612,4615126
2613,3869900
2614,4636919
2615,8394169
2616,5724167
2617,2455472
2618,2145005
2619,9896532
2620,3226422
2621,4118063
2622,9517600
2623,3696539
2624,5294376
2625,3058020
2626,4090551
2627,2956162
2628,4156213
2629,3355790
2630,6482926
2631,2622551
2632,2929116
2633,2358389
2634,2130251
2635,4773448
2636,2417732
2637,2188481
2638,2482451
2639,2845108
2640,2877946
2641,3052848
2642,5025223
2643,6146451
2644,2416822
2645,2956751
2646,2621972
2647,2395746
2648,2433406
2649,2278121
2650,2852381
2651,2239759
2652,3620903
2653,2627161
2654,3294664
2655,7251578
2656,7824887
2657,4374015
2658,2707496
2659,2723068
2660,6662551
2661,3182078
2662,2984128
2663,6222443
2664,6437503
2665,2783495
2666,2966986
2667,3531006
2668,2604841
2669,2461499
2670,2916717
2671,3021569
2672,3446051
2673,2177786
2674,2356305
2675,2402616
2676,2286936
2677,2162426
2678,2619691
2679,4533157
2680,3586833
2681,8628268
2682,3406934
2683,3152628
2684,2894086
2685,6437426
2686,2726176
2687,4514091
2688,8300288
2689,5562198
2690,2738895
2691,11027636
2692,15497761
2693,12464891
2694,4278195
2695,8533063
2696,8330365
2697,15768281
2698,2592404
2699,4618248
2700,2114689
2701,2643497
2702,2503698
2703,2694494
2704,2264441
2705,2302715
2706,2704882
2707,2452388
2708,2655289
2709,6219052
2710,6627311
2711,3238765
2712,2424298
2713,2460823
2714,2695489
2715,2550114
2716,6574064
2717,4234117
2718,6441815
2719,4038968
2720,2693883
2721,2495475
2722,5216848
2723,2654880
2724,4477343
2725,3655845
2726,3404886
2727,2756118
2728,2342722
2729,2322849
2730,2251303
2731,4146773
2732,5375638
2733,3329564
2734,4710665
2735,3517164
2736,2401769
2737,2650346
2738,2474969
2739,3157100
2740,2385177
2741,7813911
2742,2625736
2743,4072028
2744,3326651
2745,2460044
2746,2466256
2747,2752875
2748,3395244
2749,3625746
2750,2954812
2751,4542932
2752,3680134
2753,3232326
2754,2594627
2755,2895163
2756,2527952
2757,2097324
2758,3326945
2759,4645507
2760,2534624
2761,2429652
2762,2086731
2763,4683843
2764,2906252
2765,2598211
2766,4842934
2767,2841504
2768,5499518
2769,3814532
2770,2192070
2771,3265526
2772,2708822
2773,7838450
2774,2777217
2775,3869720
2776,2790446
2777,2479870
2778,4737526
2779,2546920
2780,2587772
2781,2801894
2782,4323098
2783,2990741
2784,3669777
2785,3066755
2786,3008425
2787,7136863
2788,2628753
2789,2685436
2790,3642355
2791,2683352
2792,2413261
2793,2774692
2794,2175615
2795,3151447
2796,2899912
2797,2475530
2798,2704758
2799,3023114
2800,2947699
2801,3669850
2802,4090087
2803,2409565
2804,2153913
2805,2112877
2806,4076664
2807,2767220
2808,2455806
2809,2418118
2810,3190352
2811,3538745
2812,2432572
2813,3147162
2814,3871876
2815,6594751
2816,3958713
2817,2213019
2818,2569994
2819,5748894
2820,7517236
2821,9154518
2822,5410590
2823,4754748
2824,4801741
2825,2790613
2826,3697319
2827,4544625
2828,10152808
2829,2621180
2830,3084212
2831,6302650
2832,6390831
2833,3222832
2834,2617954
2835,2635035
2836,4133529
2837,2408534
2838,2529293
2839,2617462
2840,3166317
2841,3886533
2842,3171776
2843,2745656
2844,2964147
2845,2901274
2846,3975714
2847,2860603
2848,2426741
2849,2797081
2850,3121757
2851,3078047
2852,2731526
2853,5089271
2854,3680715
2855,2728582
2856,6816949
2857,11332059
2858,4333283
2859,15885588
2860,2798400
2861,3025682
2862,2818322
2863,2888795
2864,3344311
2865,3736665
2866,6494104
2867,4590444
2868,9971183
2869,2215087
2870,4341655
2871,3678541
2872,3583424
2873,3086878
2874,10185673
2875,3078000
2876,2810914
2877,2367492
2878,3103269
2879,3223862
2880,9055846
2881,4190223
2882,3144242
2883,4603061
2884,3396033
2885,5798009
2886,2897472
2887,3296831
2888,4650745
2889,3457758
2890,3372934
2891,4820232
2892,2708815
2893,3231481
2894,3246350
2895,2833530
2896,4975416
2897,2405715
2898,3243886
2899,3957216
2900,3854926
2901,2553239
2902,3459817
2903,3197370
2904,6702724
2905,4807861
2906,8973630
2907,4511707
2908,3627626
2909,2627016
2910,3771143
2911,3092599
2912,4426224
2913,6888118
2914,3085124
2915,3911678
2916,2918643
2917,2870053
2918,2476571
2919,2637525
2920,2632521
2921,4507078
2922,2829908
2923,6891967
2924,2964434
2925,4126462
2926,4810778
2927,2351101
2928,2723756
2929,3312355
2930,3038160
2931,2639820
2932,2693287
2933,5361161
2934,6652573
2935,4352861
2936,2691414
2937,3660676
2938,5580623
2939,3922276
2940,4335261
2941,5466652
2942,8235910
2943,6503831
2944,8162153
2945,3194520
2946,3192895
2947,2509490
2948,2633979
2949,3941138
2950,5184062
2951,3999390
2952,4927270
2953,12532964
2954,4498056
2955,4441633
2956,2773634
2957,4358088
2958,3523756
2959,2795173
2960,2522038
2961,2705507
2962,2504062
2963,5676156
2964,3015407
2965,2678628
2966,5163468
2967,2414229
2968,2525596
2969,2436292
2970,4619427
2971,4001441
2972,4822892
2973,4157716
2974,4456145
2975,2104656
2976,4573943
2977,4715547
2978,3974035
2979,10948173
2980,2188735
2981,2446215
2982,2694491
2983,4364949
2984,2507503
2985,2960088
2986,2445193
2987,4139146
2988,3008156
2989,2444159
2990,2697180
2991,4425143
2992,2263720
2993,7768382
2994,2891758
2995,7492579
2996,2803436
2997,5210838
2998,2152045
2999,2881858
3000,11478809
3001,2750679
3002,2334616
3003,4597950
3004,5259752
3005,7440910
3006,3117935
3007,5389772
3008,2488161
3009,4225627
3010,7183750
3011,6914399
3012,2179262
3013,2080819
3014,4158768
3015,4524861
3016,4418463
3017,4254940
3018,2655793
3019,3102560
3020,2563508
3021,6549267
3022,6138742
3023,3848785
3024,5754731
3025,3301055
3026,2168668
3027,2204633
3028,2365104
3029,2604791
3030,2281175
3031,2620832
3032,2293627
3033,2666704
3034,2518271
3035,5253017
3036,2674534
3037,1957211
3038,2412839
3039,2059165
3040,4003877
3041,7637387
3042,9107726
3043,4697713
3044,5760009
3045,2511642
3046,2564141
3047,2717519
3048,2746294
3049,2125824
3050,6394409
3051,5019405
3052,4821909
3053,5413844
3054,3212891
3055,5912312
3056,2312775
3057,1938244
3058,3001032
3059,3289437
3060,3357441
3061,2661882
3062,2792991
3063,4312043
3064,4867595
3065,4228445
3066,2419097
3067,2254990
3068,3425465
3069,2808166
3070,3216954
3071,2103809
3072,2451879
3073,4617421
3074,5800801
3075,4223098
3076,4823097
3077,4374298
3078,3125723
3079,3338299
3080,3413988
3081,2144829
3082,3447971
3083,17443692
3084,4020599
3085,4759866
3086,3253263
3087,6113555
3088,3437250
3089,2841642
3090,2992518
3091,3680023
3092,2151549
3093,3956864
3094,2464444
3095,3215164
3096,2678822
3097,2071945
3098,2455471
3099,3246147
3100,2355885
3101,2698712
3102,2657125
3103,4105392
3104,2752872
3105,3419567
3106,2137356
3107,2020681
3108,2181056
3109,4214449
3110,2704444
3111,2996078
3112,2874456
3113,2847022
3114,2367965
3115,4809942
3116,2979160
3117,2777545
3118,3797164
3119,4525565
3120,6945767
3121,4811431
3122,5545092
3123,5446447
3124,6765885
3125,5575550
3126,5671467
3127,3548933
3128,6633589
3129,6476837
3130,8052327
3131,3248539
3132,2984653
3133,3840905
3134,2907824
3135,3666303
3136,3072769
3137,2797886
3138,3869619
3139,3077370
3140,3361277
3141,3434181
3142,2728291
3143,6254747
3144,3070157
3145,2697655
3146,8614163
3147,9866300
3148,2999950
3149,2747724
3150,7193976
3151,4446570
3152,2725925
3153,2621119
3154,3190303
3155,3992000
3156,2028361
3157,3104234
3158,3014752
3159,3452273
3160,2254096
3161,2410206
3162,6659267
3163,2888156
3164,5724537
3165,5614584
3166,2194843
3167,2040835
3168,5651883
3169,2824347
3170,2515966
3171,7302978
3172,2371058
3173,3422824
3174,6577066
3175,4572816
3176,2741200
3177,2200894
3178,2881549
3179,2691563
3180,3862696
3181,9628362
3182,2775522
3183,2816267
3184,2964205
3185,2695942
3186,2406100
3187,2570548
3188,2179140
3189,9089329
3190,5172851
3191,5692958
3192,3165454
3193,3760326
3194,3025010
3195,2174902
3196,4578379
3197,2761651
3198,2910672
3199,2135649
3200,4720014
3201,5032433
3202,2409820
3203,6847589
3204,3621284
3205,2154178
3206,2131779
3207,3659066
3208,2111824
3209,2117723
3210,3464405
3211,3354829
3212,2508551
3213,3672998
3214,3295001
3215,3172641
3216,7312197
3217,3652622
3218,4493359
3219,5727093
3220,2160553
3221,4326865
3222,3545956
3223,5148788
3224,4328083
3225,6123013
3226,3429835
3227,2642948
3228,5739319
3229,4063096
3230,2321443
3231,6628280
3232,4383148
3233,2394899
3234,2697214
3235,2522266
3236,5321886
3237,2725888
3238,3262546
3239,3119991
3240,3702303
3241,2182067
3242,4571553
3243,3041793
3244,2961378
3245,3122580
3246,4274487
3247,2502776
3248,2566302
3249,6261997
3250,5563290
3251,4669418
3252,5033458
3253,2583128
3254,3060198
3255,4005986
3256,2371631
3257,1886520
3258,2326676
3259,3287594
3260,5657465
3261,3323981
3262,2213302
3263,3670552
3264,6702304
3265,7172145
3266,4803981
3267,3210370
3268,3395929
3269,2341421
3270,2570278
3271,4316669
3272,3225153
3273,2927229
3274,4261876
3275,3147041
3276,2470530
3277,3148853
3278,3251747
3279,2629945
3280,2339726
3281,4507896
3282,2490949
3283,2376729
3284,2799205
3285,5535007
3286,3164677
3287,2852099
3288,5339698
3289,8285081
3290,3355272
3291,4989527
3292,2929569
3293,2707424
3294,7125000
3295,2669637
3296,3046138
3297,2349437
3298,3087663
3299,2914893
3300,2797082
3301,3821054
3302,6426969
3303,3751091
3304,2920288
3305,2510199
3306,4932427
3307,3903509
3308,4799253
3309,2204079
3310,2516880
3311,2253307
3312,2289745
3313,2107156
3314,2526931
3315,5370717
3316,2404677
3317,2606760
3318,5872610
3319,5601028
3320,6361727
3321,7787191
3322,2686882
3323,4216962
3324,3039306
3325,6746562
3326,9049681
3327,3917936
3328,3407521
3329,3846920
3330,3073352
3331,3070256
3332,4519073
3333,11954327
3334,2954806
3335,4981258
3336,5326758
3337,5461382
3338,3539614
3339,3244709
3340,2529627
3341,3414448
3342,2467054
3343,2269186
3344,2893879
3345,3201647
3346,3027843
3347,2423470
3348,2889282
3349,7926709
3350,3040412
3351,2002550
3352,2192307
3353,2876928
3354,10367030
3355,4024741
3356,2526890
3357,3912678
3358,2547539
3359,2357684
3360,5748614
3361,7526148
3362,2247214
3363,2243062
3364,2331720
3365,2257224
3366,2848442
3367,6580104
3368,2601249
3369,2719592
3370,3475004
3371,4384409
3372,2317790
3373,2006795
3374,2329583
3375,3303445
3376,3498712
3377,2115451
3378,4061848
3379,6837571
3380,2869214
3381,2818858
3382,2395267
3383,4794338
3384,2356961
3385,2704913
3386,2193062
3387,2263267
3388,4560271
3389,2328193
3390,2883325
3391,2806585
3392,3420598
3393,2118918
3394,2809605
3395,2331645
3396,3428416
3397,1971140
3398,5213240
3399,6078603
3400,6214087
3401,3093438
3402,5272124
3403,4989334
3404,6544345
3405,5563646
3406,5748577
3407,4896084
3408,2714999
3409,3351516
3410,3281239
3411,2568479
3412,2389559
3413,2863424
3414,2467917
3415,5508876
3416,3799050
3417,2138350
3418,3853455
3419,3247537
3420,5234825
3421,4961517
3422,2831800
3423,2371318
3424,2120306
3425,5568331
3426,5364180
3427,3305445
3428,4088939
3429,3847040
3430,2644138
3431,2964074
3432,3801273
3433,2738769
3434,2234403
3435,2808258
3436,2955139
3437,3179007
3438,3282090
3439,4149919
3440,2403902
3441,2943187
3442,3159609
3443,2223035
3444,2436204
3445,2638048
3446,2215667
3447,2233475
3448,2054354
3449,2342798
3450,2539294
3451,2435309
3452,2183048
3453,4224043
3454,2648640
3455,2291152
3456,2449767
3457,2477663
3458,2419221
3459,3810010
3460,2815999
3461,5164134
3462,11748697
3463,2500320
3464,2659692
3465,2253622
3466,2219856
3467,5047340
3468,5576396
3469,2515710
3470,2854531
3471,3393444
3472,2908078
3473,7662749
3474,6401306
3475,5548602
3476,2613285
3477,3603093
3478,2595378
3479,2471920
3480,2492704
3481,2464080
3482,2449247
3483,12708752
3484,5287734
3485,2364055
3486,2930046
3487,2082495
3488,2494293
3489,2313468
3490,2616333
3491,2092326
3492,2734180
3493,4045684
3494,2814245
3495,3244102
3496,7288821
3497,2286429
3498,3881992
3499,3528561
3500,3324546
3501,3574962
3502,6262210
3503,2749269
3504,9899001
3505,9565526
3506,3831268
3507,6616986
3508,8273364
3509,10597149
3510,6671217
3511,3650447
3512,3292258
3513,4644828
3514,2723818
3515,3401085
3516,3901096
3517,2990465
3518,2209975
3519,4471141
3520,4287244
3521,4095795
3522,4144175
3523,2672275
3524,2782370
3525,15865383
3526,2970943
3527,3372406
3528,2993010
3529,2522723
3530,2263491
3531,3177108
3532,10581686
3533,5212411
3534,4206228
3535,3051632
3536,2758493
3537,3333274
3538,2983703
3539,4067322
3540,7355468
3541,8116310
3542,3240648
3543,5468804
3544,3777923
3545,3019191
3546,17542958
3547,15699953
3548,4762542
3549,3081523
3550,5489235
3551,3163592
3552,2420870
3553,2299883
3554,2026539
3555,10627805
3556,2837107
3557,2535728
3558,6944974
3559,2940760
3560,7946840
3561,2683165
3562,7300231
3563,5394882
3564,6005182
3565,3311382
3566,3413855
3567,16184380
3568,3276829
3569,2865467
3570,4020388
3571,3168046
3572,2393981
3573,4213322
3574,2554432
3575,5647718
3576,3057769
3577,2436901
3578,2359713
3579,2450386
3580,21635478
3581,4297369
3582,7940391
3583,3879813
3584,2170041
3585,7678766
3586,2937492
3587,4778480
3588,12149867
3589,3447454
3590,2748911
3591,2461064
3592,2616126
3593,4001716
3594,3873269
3595,6121277
3596,3232038
3597,2580772
3598,2585379
3599,3550180
3600,3689269
3601,3455904
3602,3045711
3603,3355569
3604,5961428
3605,3347841
3606,5999158
3607,3011894
3608,5828804
3609,7452685
3610,3242499
3611,4173997
3612,3208755
3613,2822452
3614,2635701
3615,2369523
3616,2308109
3617,2227976
3618,3045359
3619,3114160
3620,5231832
3621,3437404
3622,3430999
3623,5737774
3624,2800709
3625,5621543
3626,2594638
3627,6309202
3628,3889585
3629,2170462
3630,7177029
3631,2652291
3632,3923222
3633,2849357
3634,7512433
3635,2431651
3636,2514812
3637,3103184
3638,2520663
3639,4343288
3640,2484967
3641,2485889
3642,2479378
3643,3168098
3644,7949166
3645,4132030
3646,2588170
3647,2346409
3648,4628475
3649,4273778
3650,3286826
3651,5113716
3652,2787183
3653,2113964
3654,2174210
3655,5046704
3656,6442207
3657,5189961
3658,2297910
3659,4015270
3660,6792585
3661,10585873
3662,5225392
3663,2689725
3664,2519013
3665,6421730
3666,6438282
3667,4586343
3668,3138044
3669,3410878
3670,5110016
3671,3497358
3672,9940953
3673,3984428
3674,2997647
3675,2330900
3676,9698656
3677,4650690
3678,3765004
3679,2596146
3680,6051605
3681,4062419
3682,2952191
3683,4257319
3684,6662443
3685,2788863
3686,3302959
3687,3028560
3688,3624311
3689,10315316
3690,2290346
3691,2458328
3692,2928539
3693,6535063
3694,2821275
3695,2440840
3696,2367921
3697,8569565
3698,5332244
3699,3594264
3700,2559956
3701,5438551
3702,3757859
3703,2591831
3704,8606006
3705,2651761
3706,3077648
3707,2237584
3708,2526628
3709,2613383
3710,2207713
3711,5899814
3712,3853166
3713,2218274
3714,4731444
3715,2216930
3716,2078114
3717,2266823
3718,2593549
3719,2601540
3720,3769368
3721,2404097
3722,2904738
3723,2271822
3724,3022572
3725,2537996
3726,2360049
3727,4586968
3728,5351228
3729,2691639
3730,2171613
3731,2136583
3732,2230130
3733,3677350
3734,2332211
3735,4655141
3736,2228117
3737,2170153
3738,2238380
3739,2141051
3740,2494451
3741,4561187
3742,2812980
3743,4371135
3744,3760307
3745,2910395
3746,5420422
3747,7407530
3748,9518143
3749,2271891
3750,2286250
3751,2489436
3752,2571733
3753,3132923
3754,5228383
3755,7048649
3756,5117995
3757,4451619
3758,2674839
3759,2910549
3760,2541719
3761,2865517
3762,2554825
3763,2414339
3764,2171182
3765,3660709
3766,2969964
3767,6898699
3768,3381792
3769,3772988
3770,3371682
3771,2100771
3772,2078054
3773,3112832
3774,2376442
3775,2760621
3776,3413160
3777,4853272
3778,2603383
3779,3805585
3780,3022670
3781,2450093
3782,2386243
3783,2281897
3784,2462368
3785,3806641
3786,2955857
3787,4895190
3788,2763914
3789,2671436
3790,2533501
3791,2372813
3792,2721914
3793,3500990
3794,2524789
3795,4340842
3796,5467538
3797,4491251
3798,5819716
3799,2579290
3800,2944706
3801,2525672
3802,2332536
3803,3050710
3804,4938202
3805,3613546
3806,2869271
3807,3496200
3808,3879350
3809,2603891
3810,2566685
3811,2441029
3812,2514050
3813,4676122
3814,3808395
3815,2928787
3816,2682858
3817,4704912
3818,2668518
3819,4559867
3820,3233262
3821,2735626
3822,2952325
3823,3065665
3824,6588999
3825,4779457
3826,2716064
3827,2829405
3828,2687259
3829,4316399
3830,5502664
3831,2637278
3832,6848666
3833,4441772
3834,4344364
3835,4764994
3836,5024361
3837,2582523
3838,2820981
3839,2663947
3840,4692322
3841,4065858
3842,2568810
3843,2620119
3844,4747111
3845,4155785
3846,6516582
3847,2517013
3848,2496148
3849,3322798
3850,3165625
3851,3056266
3852,2718960
3853,2442560
3854,2479340
3855,2514062
3856,4614029
3857,2828383
3858,2217290
3859,3185308
3860,3326829
3861,7285576
3862,2821624
3863,3440159
3864,2401047
3865,2614213
3866,5255847
3867,3084337
3868,6903089
3869,2821132
3870,2841606
3871,2724368
3872,2775536
3873,2616156
3874,6302684
3875,4687193
3876,4724603
3877,4367241
3878,2501983
3879,4448717
3880,4363191
3881,4537810
3882,13877671
3883,2567420
3884,5527622
3885,4458843
3886,4419058
3887,3924705
3888,7718799
3889,5687644
3890,2674274
3891,2172478
3892,2317546
3893,2137614
3894,2124214
3895,2448571
3896,6161386
3897,11335123
3898,3779535
3899,3055509
3900,3499043
3901,3253585
3902,7758077
3903,17498273
3904,6057133
3905,3533147
3906,3203161
3907,5210121
3908,3169379
3909,4271245
3910,2787793
3911,2899681
3912,2933024
3913,2574471
3914,2184339
3915,3072697
3916,2305800
3917,4202522
3918,3525828
3919,2786471
3920,2644688
3921,8024397
3922,5141593
3923,2244342
3924,8503514
3925,4462433
3926,6395147
3927,4592805
3928,11746444
3929,12532657
3930,2633875
3931,2259227
3932,2127325
3933,4248518
3934,2109602
3935,2783943
3936,4190786
3937,2552170
3938,2239280
3939,4359506
3940,3001194
3941,2564739
3942,4645170
3943,2288007
3944,3286266
3945,3425486
3946,2156031
3947,3502266
3948,2233054
3949,2071005
3950,2175165
3951,2122205
3952,2277554
3953,2004966
3954,2061061
3955,4696011
3956,2120344
3957,2029575
3958,2293772
3959,2215051
3960,2347076
3961,2189842
3962,2343238
3963,2549377
3964,2194701
3965,3677274
3966,3276412
3967,4539741
3968,2587846
3969,2270061
3970,2225012
3971,4721059
3972,4269475
3973,4374768
3974,2592597
3975,3386057
3976,2232599
3977,4528958
3978,2452923
3979,2349672
3980,2392528
3981,5454509
3982,2083531
3983,4858061
3984,2784886
3985,2107856
3986,2276624
3987,3468361
3988,2810126
3989,2567488
3990,2658221
3991,2183298
3992,2534828
3993,2267962
3994,2234285
3995,2024613
3996,2937527
3997,2190097
3998,2126035
3999,4425934
4000,2469423
4001,4276548
4002,2224309
4003,2155408
4004,2142415
4005,2478003
4006,2671704
4007,2260193
4008,3747085
4009,2177625
4010,2162553
4011,2276385
4012,3192010
4013,2284111
4014,2438090
4015,2368367
4016,2674004
4017,2513210
4018,2472009
4019,3870466
4020,7670298
4021,5904386
4022,2972128
4023,2249884
4024,5554223
4025,5298429
4026,2579947
4027,2936456
4028,3778941
4029,3630060
4030,3600737
4031,3460688
4032,4565661
4033,3176598
4034,2261663
4035,2304538
4036,2387495
4037,2946152
4038,3315014
4039,5073986
4040,2321123
4041,2680573
4042,3602028
4043,5205381
4044,6776313
4045,10065360
4046,2738120
4047,3499750
4048,12227967
4049,7928700
4050,7896572
4051,2944190
4052,5657840
4053,5065740
4054,3326077
4055,4525105
4056,2537252
4057,3343355
4058,2883596
4059,6007339
4060,6223215
4061,7466099
4062,4824946
4063,2339814
4064,2345783
4065,13354481
4066,3235154
4067,3977219
4068,2827021
4069,2320362
4070,3702412
4071,3926157
4072,4582189
4073,3897397
4074,2656155
4075,3827442
4076,4014791
4077,2518865
4078,5625873
4079,5798756
4080,2084255
4081,9933282
4082,4919411
4083,4353946
4084,3781796
4085,12801317
4086,7999033
4087,2945663
4088,3147249
4089,2437266
4090,2540985
4091,3677777
4092,4195516
4093,2447991
4094,2395523
4095,2445833
4096,2338472
4097,3671320
4098,2978303
4099,6078750
4100,3240059
4101,3253621
4102,6868926
4103,4842625
4104,6769196
4105,2305997
4106,2863056
4107,2543880
4108,2567889
4109,2541268
4110,2701828
4111,3449407
4112,2511092
4113,3993673
4114,2543030
4115,3331324
4116,2585371
4117,4460668
4118,2353109
4119,4804886
4120,3187565
4121,2456613
4122,4232675
4123,5184990
4124,2720577
4125,3746281
4126,3724324
4127,2190637
4128,3814866
4129,2821886
4130,3997900
4131,3273373
4132,2364795
4133,2418766
4134,3405217
4135,2804558
4136,2620034
4137,3290484
4138,4146891
4139,2186669
4140,3481879
4141,3359036
4142,2347105
4143,4721305
4144,2331359
4145,5043199
4146,7411397
4147,3959284
4148,4516222
4149,4732352
4150,2290233
4151,2573355
4152,3048508
4153,2456113
4154,2254912
4155,3459160
4156,4461918
4157,5814851
4158,3048580
4159,3572834
4160,2872339
4161,3472090
4162,3183412
4163,6135952
4164,2829039
4165,2960236
4166,6637750
4167,3090536
4168,7352213
4169,2201419
4170,3625968
4171,5400905
4172,2622654
4173,3770661
4174,4450795
4175,5710429
4176,4214648
4177,4340272
4178,2922035
4179,3343403
4180,5065574
4181,4424791
4182,3617311
4183,2928157
4184,3001260
4185,6419734
4186,5849728
4187,6399484
4188,3539845
4189,3514038
4190,6014528
4191,5679694
4192,5332274
4193,3537366
4194,6254097
4195,4645342
4196,3002908
4197,2605413
4198,2337769
4199,2321850
4200,2299043
4201,2808223
4202,2679356
4203,4022416
4204,2654471
4205,2684798
4206,2835176
4207,3682070
4208,3558968
4209,4522630
4210,3006400
4211,5303160
4212,3892958
4213,4738522
4214,2497620
4215,2857792
4216,3715142
4217,4666067
4218,3456161
4219,3314162
4220,5899273
4221,5408997
4222,4005626
4223,4028510
4224,3076922
4225,5659252
4226,2981617
4227,4242740
4228,4076298
4229,2645118
4230,10558767
4231,7655626
4232,2914833
4233,3677099
4234,5265347
4235,5192984
4236,4067431
4237,3181215
4238,2544381
4239,3386695
4240,3505705
4241,3400028
4242,2897578
4243,4147397
4244,2620215
4245,4176069
4246,2846268
4247,3222210
4248,6258124
4249,3573005
4250,4889699
4251,4572556
4252,2542542
4253,2807402
4254,3364809
4255,8964301
4256,6438945
4257,4213945
4258,2101615
4259,2883768
4260,4817928
4261,4924132
4262,4146880
4263,3112383
4264,3460482
4265,4566188
4266,4691736
4267,3098413
4268,2789256
4269,2908640
4270,2328918
4271,2098063
4272,2161559
4273,2199770
4274,3060986
4275,5140539
4276,4852053
4277,2380067
4278,2689294
4279,2442744
4280,2381430
4281,7915605
4282,2400347
4283,4368591
4284,2816742
4285,2327936
4286,2627303
4287,2297090
4288,4008366
4289,2736915
4290,4412316
4291,2063265
4292,3330601
4293,2178669
4294,2232247
4295,2103738
4296,2352886
4297,2538544
4298,2970584
4299,2646757
4300,2783017
4301,4774227
4302,5386202
4303,5383457
4304,4565531
4305,6209287
4306,3201550
4307,3670784
4308,3925213
4309,2421210
4310,4588521
4311,5015802
4312,5374413
4313,4484753
4314,3471039
4315,2371606
4316,2912611
4317,4224098
4318,2404715
4319,3355891
4320,4595945
4321,4690481
4322,8373967
4323,5139606
4324,2576019
4325,3116567
4326,2644810
4327,5712771
4328,4599675
4329,13679807
4330,10669904
4331,4565840
4332,3512603
4333,3123148
4334,3044770
4335,2727238
4336,3053848
4337,2979450
4338,2254027
4339,2619603
4340,2612884
4341,3096547
4342,5067455
4343,2526619
4344,9144842
4345,6783213
4346,2299720
4347,15919746
4348,5795721
4349,2249972
4350,4661140
4351,4530005
4352,5655647
4353,8264026
4354,6273846
4355,5110995
4356,7785619
4357,5885939
4358,4334436
4359,9402030
4360,6351701
4361,2926647
4362,6079455
4363,5051023
4364,3836324
4365,8453348
4366,4006685
4367,3226791
4368,2987663
4369,2117210
4370,2473170
4371,7406549
4372,5380064
4373,4359694
4374,3334951
4375,3023357
4376,2542950
4377,3534535
4378,2574310
4379,4163080
4380,2322104
4381,5768644
4382,3377202
4383,5002409
4384,3442555
4385,3534868
4386,3092988
4387,3486400
4388,3484544
4389,3476712
4390,2807230
4391,5481924
4392,3624533
4393,4412474
4394,4835348
4395,3900345
4396,3069144
4397,2740698
4398,4914539
4399,2777750
4400,2694488
4401,2475577
4402,3328721
4403,2835664
4404,2341146
4405,4651390
4406,4170755
4407,3476264
4408,3912535
4409,3364166
4410,3576372
4411,2531409
4412,20454309
4413,2910544
4414,2432581
4415,4067641
4416,2793009
4417,6151123
4418,4970825
4419,2489034
4420,2609632
4421,3178198
4422,3860805
4423,2685689
4424,3993135
4425,2177274
4426,2869990
4427,2672456
4428,22852913
4429,5555479
4430,2923877
4431,2313796
4432,2957683
4433,4109152
4434,2468385
4435,2776906
4436,2396266
4437,3167917
4438,3664713
4439,3919914
4440,4361738
4441,5194897
4442,4785670
4443,4110995
4444,3030114
4445,2860305
4446,2626764
4447,2909864
4448,2982342
4449,3702565
4450,2671070
4451,2277748
4452,2999178
4453,4383360
4454,3917145
4455,2587459
4456,3023848
4457,4603995
4458,3582509
4459,2880716
4460,3731731
4461,2439677
4462,3345362
4463,2494968
4464,2678608
4465,3911874
4466,5107458
4467,4129877
4468,2702410
4469,2851710
4470,8619047
4471,6667826
4472,9082028
4473,6349124
4474,2688525
4475,3678476
4476,2451213
4477,3684820
4478,3935939
4479,3892255
4480,2250599
4481,2742662
4482,2991489
4483,2471369
4484,3387154
4485,5741508
4486,2450468
4487,2750559
4488,5614073
4489,2240242
4490,3299195
4491,5341293
4492,2655325
4493,3810366
4494,3126495
4495,4727606
4496,2658968
4497,2168983
4498,4063590
4499,3272619
4500,2892602
4501,2530682
4502,2294595
4503,2375526
4504,2621348
4505,2500817
4506,3770744
4507,4776886
4508,2656554
4509,2287923
4510,2979785
4511,2760866
4512,4570610
4513,3815098
4514,2165638
4515,5422717
4516,4516657
4517,6157422
4518,6005531
4519,2109072
4520,4033050
4521,3856221
4522,2695826
4523,2771111
4524,3289342
4525,6610076
4526,7027916
4527,4406902
4528,3185812
4529,2589588
4530,6793883
4531,4202723
4532,4582944
4533,7726155
4534,2666517
4535,2429110
4536,3434028
4537,2979578
4538,2407531
4539,2806624
4540,3674611
4541,4084005
4542,7527310
4543,6378474
4544,4414756
4545,2901117
4546,4069491
4547,3871748
4548,8083153
4549,6113221
4550,3348333
4551,3719861
4552,6081099
4553,2592076
4554,23264720
4555,7792727
4556,2294159
4557,2794424
4558,2409556
4559,2482307
4560,2605143
4561,4924603
4562,2380338
4563,5412203
4564,3931640
4565,4004179
4566,2521158
4567,2753979
4568,2997830
4569,2425548
4570,3239742
4571,3924496
4572,2469561
4573,2274947
4574,2541027
4575,12901048
4576,2681154
4577,3748680
4578,2337963
4579,3083748
4580,10192977
4581,2854573
4582,2836646
4583,4358545
4584,3182071
4585,10523129
4586,2967470
4587,2239502
4588,2306205
4589,6571442
4590,4260246
4591,3299289
4592,7060719
4593,2895007
4594,3018438
4595,3046096
4596,16620236
4597,5395427
4598,4003128
4599,4536551
4600,3060177
4601,9238592
4602,3407541
4603,4717939
4604,3200815
4605,4484904
4606,3034545
4607,2113534
4608,5594991
4609,3818450
4610,2967702
4611,4182265
4612,3539631
4613,4242154
4614,2299103
4615,2359917
4616,2147503
4617,2646089
4618,2315740
4619,2566597
4620,2507717
4621,5196893
4622,2770583
4623,6925335
4624,3198617
4625,2299653
4626,2639074
4627,2151448
4628,6829387
4629,7405451
4630,2561984
4631,2244704
4632,5481870
4633,3521559
4634,3249204
4635,2644935
4636,2986209
4637,3239376
4638,2815594
4639,2365724
4640,3972626
4641,6117320
4642,2668623
4643,5172308
4644,4669403
4645,2747604
4646,3549023
4647,3715709
4648,5422307
4649,3232611
4650,3301210
4651,3471491
4652,2634573
4653,3005489
4654,3213612
4655,11326076
4656,2762961
4657,4555947
4658,2281177
4659,5299238
4660,2709851
4661,3344062
4662,4600399
4663,4466188
4664,7085841
4665,5322025
4666,3946514
4667,3457612
4668,3253666
4669,6237342
4670,3066662
4671,2404414
4672,3635362
4673,4755649
4674,3250039
4675,2895458
4676,2381614
4677,2446623
4678,2099172
4679,2710600
4680,3860540
4681,4542066
4682,2876695
4683,2258541
4684,6906954
4685,3769999
4686,4846221
4687,6833440
4688,7095912
4689,5476855
4690,7191061
4691,5570780
4692,3282938
4693,2705500
4694,8278511
4695,3731577
4696,4266611
4697,5326642
4698,3474461
4699,3190481
4700,3577627
4701,18141734
4702,4147166
4703,3302751
4704,5905509
4705,8156788
4706,3724581
4707,4204573
4708,5876333
4709,3130970
4710,4201370
4711,6625299
4712,2276745
4713,4688901
4714,2495850
4715,4792141
4716,3118681
4717,3494209
4718,2696857
4719,3448337
4720,5938746
4721,4059907
4722,9878743
4723,4865422
4724,2806978
4725,4692303
4726,6296304
4727,2375874
4728,3828429
4729,2347744
4730,6596201
4731,6596719
4732,3533751
4733,2639929
4734,2248272
4735,2767172
4736,2707477
4737,2252953
4738,2274547
4739,2617594
4740,2627211
4741,2488856
4742,6273958
4743,17629030
4744,6498036
4745,4271436
4746,2961404
4747,3473011
4748,6366089
4749,5513379
4750,5946715
4751,4628888
4752,4393952
4753,4287332
4754,5167304
4755,6721447
4756,5714883
4757,5624722
4758,3142077
4759,4271871
4760,5158843
4761,3121167
4762,2858996
4763,5686760
4764,10610386
4765,3406359
4766,2904702
4767,3452497
4768,3296092
4769,5839000
4770,2962409
4771,2788146
4772,6588260
4773,3238011
4774,2760865
4775,3775240
4776,3118896
4777,3069173
4778,2368652
4779,3857525
4780,6038058
4781,3460414
4782,3002104
4783,2830540
4784,3994934
4785,13710122
4786,7121311
4787,3505802
4788,4452085
4789,2946868
4790,4916972
4791,5420946
4792,2983739
4793,5078901
4794,4528012
4795,4607118
4796,2938775
4797,2872119
4798,4295180
4799,3173239
4800,3231764
4801,2776679
4802,2358782
4803,2679650
4804,3001315
4805,3159649
4806,9859844
4807,2785298
4808,4243293
4809,3297319
4810,2647935
4811,3094732
4812,2495246
4813,3231145
4814,6230255
4815,2554171
4816,2734545
4817,2903514
4818,3550002
4819,2975274
4820,2929805
4821,3422424
4822,2686298
4823,2306486
4824,2462706
4825,4096011
4826,2536069
4827,4976345
4828,3712160
4829,3237792
4830,2294473
4831,2399158
4832,11412326
4833,3075508
4834,2664872
4835,2265624
4836,2364994
4837,2329056
4838,3143069
4839,3231669
4840,3458546
4841,2745397
4842,2294823
4843,2905173
4844,3793438
4845,3303957
4846,4287058
4847,2635807
4848,10316690
4849,13296916
4850,2513407
4851,2346591
4852,2225491
4853,1959712
4854,6127416
4855,10713310
4856,2246742
4857,2690523
4858,4920023
4859,7223253
4860,4805930
4861,4063772
4862,2418335
4863,3537892
4864,2873605
4865,18519821
4866,2749019
4867,4880235
4868,4759358
4869,8790929
4870,4761779
4871,3015491
4872,3447801
4873,4452857
4874,2167474
4875,3302843
4876,2863069
4877,3965137
4878,2213870
4879,2625031
4880,2352130
4881,2597340
4882,2548887
4883,3739376
4884,5372354
4885,4929744
4886,2340242
4887,2630610
4888,2518873
4889,2758021
4890,13397333
4891,7102526
4892,3784533
4893,2755943
4894,7202699
4895,4954279
4896,3000763
4897,2381218
4898,2242867
4899,2921582
4900,2925191
4901,3391002
4902,3344070
4903,4034246
4904,3334417
4905,5741188
4906,2485563
4907,2917604
4908,2667462
4909,2447298
4910,3348485
4911,7510116
4912,3765813
4913,4169563
4914,4801238
4915,2673682
4916,5585937
4917,4978669
4918,2248299
4919,3308042
4920,4461890
4921,2300025
4922,2207565
4923,2743505
4924,3231010
4925,3873710
4926,3566946
4927,3707119
4928,2376736
4929,2718094
4930,4833547
4931,4012676
4932,10764637
4933,2296921
4934,2556299
4935,2335837
4936,5055159
4937,2510156
4938,2449161
4939,3734119
4940,4621130
4941,5253022
4942,5939088
4943,10294272
4944,2758626
4945,3941647
4946,2260822
4947,2405199
4948,2934735
4949,3171138
4950,2554897
4951,8855402
4952,2259274
4953,10663241
4954,2276300
4955,2360938
4956,2601615
4957,3282958
4958,2556196
4959,2365253
4960,2456748
4961,2245379
4962,2415968
4963,1988850
4964,2619026
4965,2548548
4966,2074527
4967,2374704
4968,2561577
4969,2286132
4970,5713360
4971,2671222
4972,2821434
4973,5858415
4974,12317157
4975,3516965
4976,2479343
4977,4019256
4978,2243829
4979,2815822
4980,3894132
4981,16846803
4982,5150409
4983,2223030
4984,6236287
4985,3689237
4986,4678289
4987,3129096
4988,2447112
4989,5659499
4990,5431640
4991,5587970
4992,5975998
4993,4168570
4994,3722806
4995,17401360
4996,2530300
4997,5686445
4998,1995415
4999,7058794
5000,2405242
5001,4527210
5002,2663049
5003,3026836
5004,3306803
5005,2453866
5006,4720356
5007,7576413
5008,2425383
5009,2123231
5010,2678148
5011,3029530
5012,2231676
5013,2800034
5014,2643670
5015,2211835
5016,8733061
5017,2489835
5018,2470146
5019,11082445
5020,2383983
5021,2389807
5022,2192131
5023,2353843
5024,2614599
5025,2429582
5026,2583875
5027,4524193
5028,2182648
5029,2858066
5030,2575911
5031,3605171
5032,2602468
5033,2552173
5034,2345999
5035,3215312
5036,2530466
5037,9028654
5038,2153368
5039,2467440
5040,2167633
5041,6760812
5042,2230774
5043,4867410
5044,3464422
5045,5825876
5046,2810935
5047,2344634
5048,2101532
5049,2116643
5050,2318016
5051,2229389
5052,2941880
5053,2329396
5054,2494264
5055,3606545
5056,2831451
5057,2323090
5058,6769677
5059,2134881
5060,2334360
5061,2578732
5062,2170552
5063,2939221
5064,2349707
5065,2084950
5066,2349641
5067,2024326
5068,5558124
5069,1989235
5070,2446701
5071,3335524
5072,2410448
5073,4353908
5074,2749390
5075,2874777
5076,2367544
5077,2251786
5078,2716601
5079,2986559
5080,2555939
5081,2945978
5082,4715398
5083,4382134
5084,3607833
5085,4808589
5086,3149947
5087,5333083
5088,2353301
5089,3882482
5090,2249199
5091,2510961
5092,2150553
5093,2472454
5094,5478237
5095,4137240
5096,3152710
5097,4026613
5098,3626029
5099,5179300
5100,4566290
5101,3326262
5102,3060396
5103,6001296
5104,3979709
5105,3939472
5106,2719410
5107,8832984
5108,2638837
5109,4276072
5110,3144763
5111,4288097
5112,2991165
5113,3058457
5114,6451141
5115,6011495
5116,3617897
5117,2206839
5118,5727305
5119,1983544
5120,8137173
5121,10326933
5122,4232324
5123,3115226
5124,2605783
5125,2672128
5126,2450272
5127,3641181
5128,3057677
5129,7238692
5130,5680654
5131,1961968
5132,3101007
5133,2761535
5134,2768129
5135,2841119
5136,2857931
5137,3082222
5138,2232972
5139,2723508
5140,2326000
5141,5661044
5142,4040304
5143,4542218
5144,3705023
5145,2900626
5146,2759815
5147,4362975
5148,6461484
5149,3117192
5150,6824335
5151,5795764
5152,7192585
5153,2354231
5154,2482009
5155,2682527
5156,2412760
5157,2208557
5158,2841782
5159,3921306
5160,6620331
5161,3699310
5162,4273015
5163,4111563
5164,4931011
5165,2498679
5166,4751267
5167,11620577
5168,6056816
5169,3059443
5170,4425778
5171,4423048
5172,5909221
5173,3681417
5174,4383649
5175,3718234
5176,4806433
5177,4627299
5178,5131244
5179,5238850
5180,4573084
5181,5368774
5182,2842746
5183,4399460
5184,3173163
5185,3847000
5186,4619551
5187,4828953
5188,2709069
5189,4998737
5190,3891788
5191,5348792
5192,8031722
5193,2231751
5194,4848352
5195,8288461
5196,2640633
5197,3189975
5198,3597923
5199,2524581
5200,6063640
5201,4926211
5202,2057361
5203,2296022
5204,3145714
5205,5073930
5206,5539177
5207,3072656
5208,2359124
5209,4510507
5210,2674222
5211,6159472
5212,4889513
5213,4977829
5214,5720360
5215,5714896
5216,2282575
5217,3310571
5218,4637733
5219,2222029
5220,3289821
5221,5362087
5222,4622500
5223,4704587
5224,4553653
5225,4653558
5226,5261737
5227,4462207
5228,4721555
5229,5228816
5230,4957769
5231,5588017
5232,4377510
5233,7901207
5234,4977429
5235,4490038
5236,2509502
5237,2450955
5238,2612837
5239,4755088
5240,4671547
5241,4259135
5242,3336319
5243,2127304
5244,4513195
5245,2219958
5246,5172365
5247,5506680
5248,3175038
5249,4131494
5250,2344483
5251,4510466
5252,5110061
5253,4752609
5254,4938422
5255,4175561
5256,2205788
5257,6691016
5258,4423350
5259,4319939
5260,2856411
5261,4197286
5262,4395312
5263,3646071
5264,3016401
5265,4350223
5266,4809923
5267,4409128
5268,5036695
5269,5199430
5270,4645095
5271,2264929
5272,3808901
5273,3246438
5274,2872059
5275,5231857
5276,5483128
5277,3749819
5278,6418149
5279,7496706
5280,4782536
5281,2419023
5282,5315033
5283,3606699
5284,2686593
5285,2626633
5286,4980228
5287,2169463
5288,2562743
5289,8057996
5290,6183193
5291,4933285
5292,2715911
5293,2414801
5294,2722871
5295,7899757
5296,4490711
5297,4302448
5298,4865499
5299,3616271
5300,4868542
5301,9118280
5302,2850630
5303,4289150
5304,5355200
5305,15772440
5306,2420378
5307,3915594
5308,5429519
5309,7656193
5310,4688168
5311,3094080
5312,2190211
5313,3097873
5314,3280425
5315,7976385
5316,4661515
5317,4189696
5318,3085827
5319,4758522
5320,2769117
5321,3824293
5322,2798585
5323,10569505
5324,4519154
5325,5350649
5326,3444896
5327,3192769
5328,2296068
5329,3878189
5330,5503003
5331,4475193
5332,4366295
5333,2437512
5334,4602813
5335,3107774
5336,2867856
5337,5710775
5338,3528846
5339,4431274
5340,2669817
5341,2909693
5342,2465933
5343,2257698
5344,2511005
5345,2877341
5346,3977310
5347,3123975
5348,4574939
5349,5838636
5350,2772974
5351,3096411
5352,6821289
5353,3665414
5354,5340196
5355,7205907
5356,4212554
5357,2354742
5358,2826028
5359,2861785
5360,3433183
5361,2979632
5362,4724607
5363,3410052
5364,7676421
5365,2629015
5366,6173177
5367,3596537
5368,2404887
5369,2962634
5370,2703594
5371,2555149
5372,2506749
5373,3898132
5374,2801345
5375,3257190
5376,2654815
5377,2055989
5378,2436279
5379,2168164
5380,2471748
5381,3507466
5382,2338929
5383,4650536
5384,3288790
5385,2872917
5386,2468164
5387,2715798
5388,3700271
5389,4373913
5390,3860837
5391,3222459
5392,6063418
5393,7735910
5394,4397466
5395,3106160
5396,3244930
5397,4795293
5398,3492457
5399,4363742
5400,3616273
5401,2400927
5402,3515142
5403,4224129
5404,3132342
5405,2072349
5406,2017070
5407,4451197
5408,5872064
5409,5676731
5410,2506425
5411,3539331
5412,7285004
5413,6315089
5414,2806037
5415,3003426
5416,3618687
5417,3535079
5418,2898509
5419,2277196
5420,7430881
5421,3158402
5422,2720938
5423,4649933
5424,2836784
5425,2227263
5426,2326904
5427,2178478
5428,3154980
5429,4471826
5430,3072773
5431,6035111
5432,2298574
5433,4224006
5434,3296086
5435,3411534
5436,3830751
5437,2910350
5438,5351408
5439,2269718
5440,4561064
5441,5180686
5442,4530984
5443,3007235
5444,2601616
5445,2261007
5446,2627450
5447,2248726
5448,2165989
5449,12648600
5450,2267353
5451,2688241
5452,5388897
5453,5182785
5454,5895979
5455,3329462
5456,2431072
5457,4401545
5458,2561401
5459,2556420
5460,8249099
5461,4951079
5462,4211113
5463,5308126
5464,5440428
5465,4056399
5466,2694268
5467,2216951
5468,2222877
5469,2497541
5470,2290745
5471,2178653
5472,3619664
5473,3314959
5474,2775174
5475,2127902
5476,2055487
5477,2330139
5478,3003869
5479,2156783
5480,2094699
5481,2307206
5482,2743225
5483,3917498
5484,2487178
5485,2514107
5486,2446539
5487,2322230
5488,2719295
5489,2230159
5490,2738616
5491,5627817
5492,8467306
5493,5478965
5494,7793855
5495,4375807
5496,2248021
5497,2754879
5498,2683769
5499,2564514
5500,3026264
5501,3034283
5502,3040710
5503,11031493
5504,2249242
5505,3538786
5506,2580452
5507,3889019
5508,2566623
5509,3134976
5510,3103708
5511,2317204
5512,4011861
5513,2483961
5514,2482842
5515,1919637
5516,2790098
5517,2422597
5518,2418449
5519,2598499
5520,3062080
5521,4765233
5522,2804173
5523,3225777
5524,2617396
5525,2937968
5526,4619559
5527,2189843
5528,2163392
5529,3309022
5530,2616593
5531,2475388
5532,5366215
5533,4635137
5534,5239982
5535,6028912
5536,5257881
5537,2412977
5538,2073512
5539,1912129
5540,2784030
5541,3061607
5542,7064949
5543,3119528
5544,3945077
5545,2591954
5546,3080171
5547,8578288
5548,5660280
5549,3195755
5550,2595488
5551,2650367
5552,2645431
5553,2397242
5554,6805760
5555,3941639
5556,2480571
5557,2298470
5558,2313739
5559,1962237
5560,2372234
5561,2985721
5562,2567275
5563,3981843
5564,3659732
5565,2384965
5566,4533394
5567,3683471
5568,3567042
5569,4314600
5570,3145230
5571,2239558
5572,2555827
5573,2275256
5574,2507530
5575,4728295
5576,2632060
5577,2429237
5578,2335975
5579,1837072
5580,3342395
5581,3684517
5582,2953590
5583,3546111
5584,5378681
5585,4392857
5586,2999170
5587,2566032
5588,2536100
5589,8022932
5590,4656044
5591,5185668
5592,3375139
5593,2947592
5594,4663233
5595,3073746
5596,3181314
5597,2614649
5598,3658064
5599,2786624
5600,3383864
5601,6688629
5602,2432556
5603,2480537
5604,2875625
5605,3446445
5606,3720374
5607,2418894
5608,2854559
5609,6016140
5610,3209940
5611,1808759
5612,4090222
5613,3210685
5614,5605797
5615,4437917
5616,3678047
5617,5521946
5618,2896462
5619,6195970
5620,3656890
5621,3508239
5622,2613721
5623,2794711
5624,4842539
5625,3944631
5626,2668275
5627,6389527
5628,2768776
5629,2847066
5630,4702644
5631,7209739
5632,6461030
5633,21364131
5634,3748884
5635,3568156
5636,3188158
5637,5964996
5638,2029007
5639,1884678
5640,2207085
5641,2565264
5642,4550970
5643,2867602
5644,4261699
5645,4378518
5646,5415157
5647,5838130
5648,5073523
5649,5058658
5650,4596720
5651,3896238
5652,3452106
5653,5667234
5654,4213453
5655,5850553
5656,3810799
5657,2695382
5658,4572510
5659,4114217
5660,4175166
5661,2981343
5662,2884177
5663,2498996
5664,2633705
5665,7444108
5666,3176442
5667,5593456
5668,2464459
5669,2407766
5670,2674823
5671,2522660
5672,5506339
5673,2154292
5674,3835362
5675,3601050
5676,3786861
5677,2782846
5678,2728960
5679,4410381
5680,2418596
5681,4454795
5682,2646472
5683,3226057
5684,3710691
5685,3924504
5686,4192404
5687,4988828
5688,4275779
5689,2585200
5690,4479250
5691,2541827
5692,7301428
5693,2830592
5694,2809896
5695,2490203
5696,3140077
5697,5279318
5698,8035434
5699,8888371
5700,11601947
5701,15672789
5702,12439527
5703,4821310
5704,9083531
5705,2863988
5706,3224786
5707,2978311
5708,5371542
5709,4628331
5710,2677852
5711,6240597
5712,5983502
5713,5750442
5714,5455750
5715,3914647
5716,2584264
5717,3760741
5718,2564974
5719,2633107
5720,2353876
5721,2695983
5722,2703520
5723,1921011
5724,2163322
5725,3001417
5726,2703726
5727,7258749
5728,3013708
5729,4259070
5730,4688538
5731,4329780
5732,2578879
5733,2862044
5734,4091797
5735,4010128
5736,3230139
5737,5247293
5738,6331362
5739,4148527
5740,2656401
5741,4466213
5742,2077009
5743,2189248
5744,2788571
5745,2396824
5746,2468184
5747,2160213
5748,2221891
5749,2194591
5750,1900237
5751,5504030
5752,8950682
5753,2115995
5754,3638131
5755,3237143
5756,2138172
5757,3273246
5758,2894970
5759,2557702
5760,3275135
5761,3784613
5762,5799137
5763,2909939
5764,2884551
5765,2638305
5766,3070805
5767,2746878
5768,2813401
5769,3237578
5770,2990324
5771,2280798
5772,7530181
5773,3487929
5774,2822563
5775,2535895
5776,3438624
5777,4301553
5778,2217273
5779,1955372
5780,2023779
5781,2194735
5782,2456775
5783,5418798
5784,5856654
5785,3178639
5786,7419349
5787,4065739
5788,3235838
5789,2778027
5790,3657507
5791,3478680
5792,3688108
5793,4793430
5794,3988759
5795,4047502
5796,3897623
5797,6907434
5798,3077773
5799,2147274
5800,9734549
5801,6928880
5802,4747089
5803,3219186
5804,3596410
5805,3362021
5806,3319116
5807,3887426
5808,2675864
5809,3592733
5810,2558355
5811,2655391
5812,3856337
5813,2458390
5814,4098277
5815,3480794
5816,2497546
5817,3320382
5818,2531501
5819,2332174
5820,7130402
5821,2795894
5822,7151544
5823,6013047
5824,4081202
5825,5500866
5826,2832537
5827,3493007
5828,5696652
5829,5641286
5830,2695890
5831,3274674
5832,6446577
5833,7464438
5834,2706486
5835,3145977
5836,2556552
5837,3771922
5838,3243745
5839,2002705
5840,2642236
5841,2464548
5842,3222461
5843,6778212
5844,3455507
5845,2206620
5846,2212155
5847,3253407
5848,2980622
5849,3203959
5850,3096199
5851,2348857
5852,2906718
5853,2837042
5854,2865355
5855,2221257
5856,3124671
5857,2359918
5858,2763542
5859,2249968
5860,2289937
5861,2764709
5862,2966227
5863,2675846
5864,4632625
5865,5104773
5866,4620283
5867,5401066
5868,5318120
5869,6287038
5870,4872056
5871,3292333
5872,3495846
5873,2752948
5874,2295364
5875,2630535
5876,2862606
5877,7771397
5878,2837892
5879,4213157
5880,4364043
5881,3882888
5882,2404665
5883,7686264
5884,4295475
5885,2436286
5886,2297018
5887,4560587
5888,4537120
5889,2569604
5890,7037577
5891,16413990
5892,6938222
5893,3547295
5894,5763362
5895,4278423
5896,4406785
5897,7517965
5898,6422270
5899,2576423
5900,2308885
5901,7739246
5902,3121711
5903,3031376
5904,5370314
5905,3115200
5906,2464266
5907,3708593
5908,5719829
5909,2584407
5910,5739523
5911,4931280
5912,2346828
5913,3703360
5914,2798017
5915,2069644
5916,2456335
5917,2630159
5918,2821761
5919,4249358
5920,2394971
5921,2704695
5922,2607455
5923,2348551
5924,2576298
5925,4626394
5926,2561930
5927,4699527
5928,3555732
5929,2435084
5930,2381695
5931,3806069
5932,2998878
5933,3669640
5934,4023579
5935,2177994
5936,2870357
5937,2220453
5938,2619260
5939,2581222
5940,6628931
5941,3611882
5942,7890239
5943,2282734
5944,2643018
5945,2037751
5946,5695974
5947,2547271
5948,2127411
5949,2815870
5950,2855610
5951,4418401
5952,2413671
5953,2110623
5954,4197477
5955,3834186
5956,2382723
5957,9597670
5958,3037235
5959,2326613
5960,3041703
5961,7618584
5962,3379990
5963,2445403
5964,3499802
5965,2779546
5966,2338301
5967,3635439
5968,2340165
5969,2271606
5970,2217332
5971,2447262
5972,2204143
5973,4886643
5974,2871003
5975,2077649
5976,2313667
5977,4390203
5978,2165025
5979,3457691
5980,2827382
5981,2311729
5982,5504301
5983,3105678
5984,2585346
5985,2861005
5986,2719631
5987,2623541
5988,2766751
5989,2321152
5990,2332011
5991,5521955
5992,3451098
5993,2436353
5994,2132401
5995,2758277
5996,2581374
5997,3068773
5998,2385409
5999,4698504
6000,3439247
6001,6246700
6002,11668362
6003,3608467
6004,3220763
6005,2616571
6006,2995080
6007,2117675
6008,3097668
6009,2820705
6010,2924512
6011,3450820
6012,3149415
6013,4522536
6014,2360048
6015,2808626
6016,2134677
6017,2457052
6018,7510650
6019,4351837
6020,3515536
6021,6247248
6022,3384548
6023,4125990
6024,5541173
6025,3776484
6026,2254239
6027,2250096
6028,4356930
6029,4429610
6030,2376849
6031,4415617
6032,4419522
6033,13913022
6034,2781652
6035,4899210
6036,4738374
6037,4479075
6038,2852903
6039,2308389
6040,2851995
6041,3511330
6042,4656285
6043,3217405
6044,3950556
6045,5506054
6046,2554419
6047,4524825
6048,2488609
6049,4596884
6050,2840606
6051,3886911
6052,4196078
6053,4306133
6054,4270028
6055,4307165
6056,3312062
6057,3305182
6058,3021838
6059,2361791
6060,2220630
6061,2535314
6062,4487427
6063,3788815
6064,3573106
6065,4284688
6066,3262283
6067,4727542
6068,2827791
6069,3952723
6070,8771585
6071,4288309
6072,2642819
6073,4410960
6074,2122878
6075,5362133
6076,2473397
6077,4871289
6078,4072548
6079,2791198
6080,4356142
6081,4682058
6082,5374159
6083,4325216
6084,4779026
6085,3802395
6086,5996879
6087,5623213
6088,4935245
6089,2326655
6090,2642081
6091,3549001
6092,4342929
6093,2961492
6094,3777401
6095,4431120
6096,4486644
6097,2458552
6098,2234718
6099,2715504
6100,2477659
6101,4943789
6102,4609943
6103,4336664
6104,4512120
6105,2400329
6106,4491772
6107,3658807
6108,3208023
6109,4890140
6110,4956957
6111,4426546
6112,4237617
6113,4103228
6114,4279448
6115,2644725
6116,7387686
6117,4223966
6118,2640413
6119,5105384
6120,4512779
6121,4335546
6122,4183175
6123,2378932
6124,7585876
6125,18228519
6126,2212989
6127,4543631
6128,4856891
6129,4592176
6130,3388039
6131,4430879
6132,2948868
6133,5735237
6134,9287140
6135,4749324
6136,3469095
6137,2855390
6138,2695005
6139,1991182
6140,2782219
6141,8580019
6142,3538223
6143,2621005
6144,3547053
6145,2202730
6146,2948967
6147,3285878
6148,3423391
6149,3079289
6150,4849849
6151,3473657
6152,4803857
6153,4440766
6154,3244554
6155,2187384
6156,7720162
6157,3085213
6158,5899673
6159,4132935
6160,2364883
6161,4684146
6162,2698780
6163,3140584
6164,3178383
6165,3886209
6166,2617008
6167,3032099
6168,2350461
6169,2446972
6170,2496522
6171,4086506
6172,2582640
6173,2270351
6174,2642181
6175,3382326
6176,4593667
6177,2494482
6178,3340585
6179,3232293
6180,3753305
6181,5773951
6182,2982689
6183,2484233
6184,3145288
6185,3147431
6186,2338862
6187,3783362
6188,4797300
6189,5422776
6190,2513549
6191,3281862
6192,6196768
6193,4147469
6194,3242038
6195,4402196
6196,4120812
6197,4687461
6198,2092151
6199,2389702
6200,6571465
6201,4006925
6202,6372851
6203,2883627
6204,4304653
6205,4747440
6206,4795426
6207,2394391
6208,2000363
6209,3251999
6210,2378972
6211,2567252
6212,5148194
6213,3887063
6214,2356480
6215,2867122
6216,3437451
6217,3758874
6218,2218793
6219,4528950
6220,6038420
6221,2948393
6222,2712108
6223,2391031
6224,3959561
6225,3024643
6226,3973376
6227,2922865
6228,2546419
6229,4402385
6230,2097393
6231,6393532
6232,3238974
6233,2966101
6234,7409129
6235,3628163
6236,5360955
6237,2247103
6238,4594109
6239,3130087
6240,2527085
6241,2913902
6242,5056478
6243,3183571
6244,2991520
6245,2369616
6246,4744227
6247,6464264
6248,3072360
6249,3196518
6250,4945366
6251,3243829
6252,3707560
6253,2487389
6254,2740828
6255,9703022
6256,2336293
6257,3075824
6258,3496835
6259,2652460
6260,3055712
6261,2363958
6262,2137529
6263,4124504
6264,3218608
6265,4256356
6266,2960350
6267,4699532
6268,3067609
6269,2438888
6270,3020462
6271,4519053
6272,2365871
6273,10656921
6274,3442401
6275,5717159
6276,9457774
6277,3436808
6278,6000426
6279,3666241
6280,3123249
6281,4680032
6282,6926502
6283,3315009
6284,2124332
6285,4080272
6286,2342348
6287,3471233
6288,2974620
6289,3003148
6290,2471041
6291,6669990
6292,2503369
6293,2890426
6294,3088528
6295,2985319
6296,2638300
6297,2853837
6298,2551966
6299,5642257
6300,4703347
6301,2811452
6302,2237170
6303,5026446
6304,5214136
6305,3868419
6306,3077606
6307,8914945
6308,4628902
6309,21827634
6310,5758824
6311,2125531
6312,3083288
6313,5352449
6314,2469179
6315,6523764
6316,2513597
6317,3667897
6318,5307871
6319,4503272
6320,9268237
6321,4308400
6322,3853006
6323,3956716
6324,3072735
6325,2363834
6326,2421617
6327,6156670
6328,6226786
6329,3538768
6330,3484230
6331,5135350
6332,2276944
6333,2243068
6334,2501549
6335,3743260
6336,2323826
6337,2034401
6338,3271118
6339,4023261
6340,2543025
6341,2399492
6342,4133021
6343,7432584
6344,2451219
6345,1985764
6346,2745031
6347,2353488
6348,2772682
6349,2294080
6350,2154262
6351,3729922
6352,2651639
6353,2103260
6354,4447493
6355,7848765
6356,4437436
6357,3795512
6358,4740155
6359,3695345
6360,4938341
6361,2386007
6362,7884678
6363,2307238
6364,3647721
6365,2473694
6366,3002823
6367,3939262
6368,2968306
6369,2121175
6370,2403729
6371,2173184
6372,2451003
6373,2353678
6374,2058204
6375,2018721
6376,3704713
6377,2085245
6378,4464835
6379,4263841
6380,2487472
6381,3026138
6382,3384108
6383,3411550
6384,9329502
6385,2200573
6386,2519218
6387,3866413
6388,4961565
6389,6630780
6390,4316441
6391,2233932
6392,2048684
6393,2701250
6394,2354185
6395,1984168
6396,2300400
6397,5582434
6398,4242780
6399,2359352
6400,3355475
6401,2055057
6402,4182067
6403,2633454
6404,4077491
6405,2784124
6406,3207558
6407,3448147
6408,3536489
6409,6283306
6410,4966971
6411,3985915
6412,2063531
6413,3341774
6414,2789595
6415,2595741
6416,3222659
6417,2602146
6418,2435614
6419,2282492
6420,2244962
6421,2480476
6422,2742594
6423,5604013
6424,2864358
6425,2879933
6426,2364388
6427,2772023
6428,6332034
6429,3820151
6430,4956467
6431,4328219
6432,2405394
6433,4471482
6434,6971512
6435,5437981
6436,2752858
6437,2484225
6438,2627306
6439,2478583
6440,2466204
6441,7094440
6442,2703668
6443,2718049
6444,3448938
6445,4710655
6446,5157029
6447,4440205
6448,3520622
6449,2461980
6450,2442604
6451,2228993
6452,2853404
6453,2429170
6454,5937961
6455,2870023
6456,2589635
6457,2795645
6458,3081236
6459,2312751
6460,2075171
6461,3776378
6462,2803663
6463,2364897
6464,2552265
6465,2983943
6466,6976065
6467,4119404
6468,3418459
6469,2820391
6470,4365012
6471,4321927
6472,2477220
6473,3583963
6474,2663437
6475,6265772
6476,5129691
6477,2657348
6478,2616628
6479,4900256
6480,2923393
6481,6252259
6482,5598214
6483,6045392
6484,4452536
6485,6000093
6486,22590373
6487,7746221
6488,2850192
6489,11191116
6490,3070632
6491,5394177
6492,2091220
6493,2067457
6494,4925194
6495,4290236
6496,4992072
6497,3644353
6498,2882356
6499,2084335
6500,1996622
6501,2672397
6502,2190800
6503,2159826
6504,2279050
6505,2093111
6506,2242971
6507,14159206
6508,3470165
6509,3106288
6510,2767228
6511,2392877
6512,3141029
6513,2511429
6514,2656062
6515,2126734
6516,3411389
6517,2502067
6518,2212815
6519,2533064
6520,1914847
6521,4711096
6522,2991477
6523,6669902
6524,3761725
6525,3454195
6526,4464025
6527,6633133
6528,11899375
6529,3904939
6530,3146579
6531,2455118
6532,2298810
6533,2213416
6534,5192986
6535,2301095
6536,3750338
6537,3861523
6538,4059139
6539,5902323
6540,4358117
6541,3976859
6542,2504033
6543,2127240
6544,6669621
6545,3721080
6546,11530987
6547,2131749
6548,5907670
6549,13112240
6550,5276868
6551,3562915
6552,2451573
6553,2669771
6554,2935109
6555,7256967
6556,2869035
6557,3216413
6558,2634938
6559,2884438
6560,4401355
6561,5120260
6562,9017712
6563,2134163
6564,3288180
6565,5201916
6566,5367125
6567,4615852
6568,15008990
6569,2357961
6570,3291667
6571,2647739
6572,3455214
6573,3511231
6574,2365540
6575,2450772
6576,2247695
6577,2711897
6578,5976144
6579,2893743
6580,2607440
6581,3364717
6582,2544329
6583,5417055
6584,2412996
6585,3345216
6586,4612589
6587,2956722
6588,7805280
6589,3087481
6590,4002421
6591,4601470
6592,2824827
6593,2561210
6594,3026046
6595,2637504
6596,2950746
6597,3141718
6598,6295688
6599,4554217
6600,2246413
6601,2690956
6602,3094773
6603,2490157
6604,2936593
6605,6506152
6606,7019063
6607,6089909
6608,7642211
6609,2699463
6610,2553898
6611,2491313
6612,3192649
6613,3754971
6614,2165200
6615,2032124
6616,2782324
6617,10592837
6618,5570903
6619,2431985
6620,2034155
6621,3241474
6622,3062321
6623,2777237
6624,3326955
6625,5657654
6626,3994879
6627,8002974
6628,9090829
6629,2694311
6630,5383202
6631,4315873
6632,2734251
6633,3460102
6634,5492693
6635,2213271
6636,4010370
6637,2140834
6638,3175913
6639,3663914
6640,2577443
6641,4320994
6642,3104730
6643,6730420
6644,3102102
6645,2346342
6646,6877346
6647,3802162
6648,2035173
6649,3556507
6650,3772808
6651,2859398
6652,2407624
6653,3657297
6654,5099358
6655,7410412
6656,2582095
6657,4779533
6658,4492676
6659,8559822
6660,2484978
6661,3771190
6662,4043203
6663,5260790
6664,3193550
6665,3476960
6666,3407970
6667,2796808
6668,3971778
6669,3273282
6670,2412911
6671,3056192
6672,3222958
6673,2893156
6674,2752853
6675,3698061
6676,2639732
6677,2467959
6678,3165854
6679,2138016
6680,5881981
6681,2145643
6682,3142084
6683,2602945
6684,3746309
6685,3752524
6686,2662781
6687,8219164
6688,2400355
6689,2425051
6690,4920786
6691,3295864
6692,2793347
6693,5002592
6694,3005653
6695,6432836
6696,3819705
6697,2770922
6698,4051311
6699,3331477
6700,4387939
6701,8158091
6702,5527630
6703,3255141
6704,5134753
6705,4707843
6706,4805682
6707,4391072
6708,2940418
6709,2377854
6710,2327255
6711,1994382
6712,3263710
6713,2025481
6714,4183326
6715,2367044
6716,2818427
6717,5376607
6718,3118540
6719,3467068
6720,2300822
6721,2825177
6722,4892939
6723,3103651
6724,2504462
6725,2220291
6726,3742156
6727,3140029
6728,2824371
6729,2603812
6730,2439450
6731,3332393
6732,5822938
6733,4941742
6734,2726754
6735,3159190
6736,2373674
6737,2217441
6738,8596086
6739,3677133
6740,3566658
6741,5894281
6742,2799559
6743,2549836
6744,2870813
6745,2484330
6746,2285739
6747,6414528
6748,5308606
6749,3951088
6750,2686150
6751,2713735
6752,2376304
6753,2540310
6754,2091776
6755,3026773
6756,2382746
6757,2482973
6758,2059141
6759,7035160
6760,5423083
6761,4183116
6762,4783373
6763,6032358
6764,3756617
6765,3246795
6766,2614763
6767,2544612
6768,2432235
6769,3458350
6770,4106703
6771,2364090
6772,6119095
6773,14221844
6774,2666371
6775,2237239
6776,3244739
6777,2359228
6778,2277285
6779,3789029
6780,4498546
6781,2921352
6782,2748079
6783,2756371
6784,2916281
6785,3948694
6786,2585627
6787,2477998
6788,3100461
6789,2689221
6790,2835234
6791,2857541
6792,2668920
6793,3622909
6794,2464513
6795,2659359
6796,2723113
6797,4492610
6798,3756165
6799,3346082
6800,2642635
6801,3115301
6802,9034763
6803,3825021
6804,2443770
6805,2765730
6806,2396216
6807,2342401
6808,3832733
6809,5401782
6810,6047898
6811,3839109
6812,4582170
6813,5990446
6814,2900261
6815,5953102
6816,3360379
6817,2719150
6818,2327477
6819,3609277
6820,4503433
6821,2443423
6822,6965105
6823,4516905
6824,4886355
6825,2837369
6826,3997192
6827,4874123
6828,5875443
6829,6170074
6830,2791027
6831,6513793
6832,5681834
6833,2949312
6834,3188228
6835,3577823
6836,2701725
6837,2677418
6838,3008611
6839,5347197
6840,4152358
6841,8029471
6842,2152007
6843,4480237
6844,6819852
6845,3079978
6846,13760568
6847,3650940
6848,4285777
6849,2959706
6850,2598502
6851,2939890
6852,4273650
6853,2623771
6854,2934789
6855,6818105
6856,3086771
6857,4343138
6858,3581965
6859,7033022
6860,4208623
6861,3711883
6862,4616280
6863,2986953
6864,4917970
6865,3183913
6866,5425072
6867,5690434
6868,3412997
6869,10908159
6870,6195288
6871,3522020
6872,3313876
6873,2780138
6874,4683045
6875,2977747
6876,2604265
6877,2596541
6878,4067401
6879,8079883
6880,5505992
6881,5502879
6882,2906117
6883,6587577
6884,4442675
6885,5192827
6886,4217786
6887,4841942
6888,4583922
6889,3985890
6890,4581473
6891,4688771
6892,4054692
6893,2667309
6894,2419824
6895,4312322
6896,7169087
6897,4066894
6898,4047986
6899,2517533
6900,4127389
6901,3863134
6902,2802326
6903,4320646
6904,2536091
6905,2402545
6906,3245154
6907,2222009
6908,2515094
6909,2201382
6910,4922901
6911,5287521
6912,2378135
6913,3439113
6914,2779620
6915,6366778
6916,2665702
6917,2625773
6918,7424935
6919,6180935
6920,2587770
6921,3069887
6922,2225520
6923,4873487
6924,2377878
6925,2104020
6926,2582395
6927,2565424
6928,2715576
6929,2448407
6930,2703930
6931,7192596
6932,4330675
6933,2426341
6934,2204147
6935,3604834
6936,6840733
6937,2130885
6938,2870178
6939,3431172
6940,2483106
6941,2647873
6942,3133883
6943,2762207
6944,2544609
6945,4242888
6946,1972654
6947,1896727
6948,2547099
6949,3506756
6950,2742724
6951,4218979
6952,1821775
6953,1967786
6954,2181296
6955,1952278
6956,2038056
6957,2575035
6958,4615262
6959,2205421
6960,2199797
6961,2697266
6962,16667058
6963,6071172
6964,9895762
6965,5960300
6966,5706305
6967,2158740
6968,7043570
6969,3290021
6970,2048512
6971,2109062
6972,3061824
6973,3325010
6974,4199256
6975,2174127
6976,2507427
6977,1959740
6978,2163616
6979,3055236
6980,1996136
6981,2501250
6982,2481599
6983,5563847
6984,2274778
6985,2526143
6986,2593338
6987,2652994
6988,2835127
6989,3652416
6990,2893554
6991,3046318
6992,2768858
6993,3258463
6994,2582017
6995,3111262
6996,3713360
6997,2410499
6998,2489282
6999,4897721
7000,3838616
7001,4257591
7002,2682624
7003,4227956
7004,2903830
7005,2581415
7006,2162007
7007,5934106
7008,2260466
7009,4933735
7010,2284115
7011,4091319
7012,2297961
7013,2338610
7014,2466354
7015,2227355
7016,2084504
7017,2433249
7018,2178216
7019,2242952
7020,2145283
7021,2407893
7022,2619547
7023,2775163
7024,3534710
7025,2595225
7026,2629306
7027,18091757
7028,3962051
7029,7159684
7030,4847197
7031,1910787
7032,11150618
7033,7450679
7034,2766689
7035,3037874
7036,4082940
7037,8430803
7038,6130625
7039,4340586
7040,2448889
7041,3500559
7042,2082457
7043,2728145
7044,3251036
7045,2348197
7046,2473684
7047,2435385
7048,2573551
7049,3520949
7050,2536900
7051,2789871
7052,2638174
7053,7589236
7054,2994978
7055,3012871
7056,3867998
7057,2223844
7058,2279088
7059,3561430
7060,10469280
7061,4685731
7062,3250079
7063,2388698
7064,1973148
7065,7230022
7066,4214364
7067,2616130
7068,2749257
7069,3830025
7070,5449923
7071,2586342
7072,5257793
7073,2339118
7074,7425672
7075,5484467
7076,3766415
7077,2449499
7078,2557323
7079,5040990
7080,2968911
7081,2649345
7082,2706515
7083,2923635
7084,3340102
7085,2707701
7086,2419628
7087,6710206
7088,2870901
7089,3197585
7090,2820663
7091,2748625
7092,2721431
7093,2362779
7094,3558509
7095,4775154
7096,2869715
7097,2558806
7098,2448175
7099,2525200
7100,2538209
7101,9672738
7102,3451604
7103,3771808
7104,2875000
7105,6018025
7106,3273820
7107,2946649
7108,4123766
7109,5656120
7110,3251473
7111,2457380
7112,2894151
7113,6033029
7114,2975604
7115,3900292
7116,3996334
7117,2260177
7118,3578211
7119,6371671
7120,2368564
7121,2751094
7122,2813594
7123,2828346
7124,4324450
7125,7505993
7126,3448074
7127,3451647
7128,2422645
7129,3518520
7130,3101880
7131,4198648
7132,6354471
7133,10089385
7134,5717426
7135,2947173
7136,4951954
7137,4877181
7138,3847740
7139,2569720
7140,2494750
7141,5296102
7142,2441121
7143,2559962
7144,2463662
7145,2372739
7146,2262895
7147,2375902
7148,5396837
7149,4847750
7150,6086250
7151,2799636
7152,13816274
7153,6629609
7154,2707761
7155,6054051
7156,3661690
7157,2938327
7158,2718158
7159,4907567
7160,3085713
7161,2924922
7162,2764474
7163,5026401
7164,2551650
7165,3536276
7166,4614646
7167,4740722
7168,5868685
7169,4607239
7170,4549972
7171,6666061
7172,6536212
7173,4575646
7174,6256541
7175,3848774
7176,3126500
7177,3372517
7178,2931543
7179,2889463
7180,2052236
7181,2478946
7182,3465221
7183,2513676
7184,4292007
7185,3741124
7186,2399299
7187,6304878
7188,2649746
7189,2394590
7190,9607565
7191,6414727
7192,4066167
7193,4713342
7194,2649632
7195,2709528
7196,6720632
7197,6611764
7198,5352678
7199,3591412
7200,3105291
7201,3891871
7202,3107909
7203,6973432
7204,4541253
7205,4723793
7206,5907931
7207,3468520
7208,4162253
7209,4335744
7210,5520416
7211,2999670
7212,5448937
7213,3888529
7214,3527303
7215,2420536
7216,5461082
7217,3522815
7218,2828135
7219,2591861
7220,2355947
7221,4480498
7222,3115263
7223,5600666
7224,2482630
7225,3470968
7226,3007938
7227,4949551
7228,5726132
7229,4952960
7230,2848216
7231,4278633
7232,4297424
7233,6230178
7234,2750342
7235,7933621
7236,3176785
7237,2760635
7238,2704594
7239,3044427
7240,5236615
7241,5036986
7242,3007783
7243,4272301
7244,3192307
7245,3744695
7246,3206560
7247,4460780
7248,2861298
7249,3802222
7250,2864564
7251,3467507
7252,2671883
7253,4483812
7254,2676501
7255,2793705
7256,7222063
7257,4211968
7258,4901238
7259,2995177
7260,2388823
7261,4081330
7262,2751670
7263,7122923
7264,3418901
7265,5001800
7266,3126429
7267,4998146
7268,3753583
7269,3928739
7270,5953070
7271,3598392
7272,2659192
7273,4165615
7274,2918206
7275,2988634
7276,3291643
7277,3989759
7278,2577704
7279,4455103
7280,2534879
7281,3037929
7282,3640995
7283,3027994
7284,4973167
7285,2948020
7286,8253664
7287,6019468
7288,2392817
7289,2860781
7290,4849642
7291,4508883
7292,3736209
7293,3093857
7294,7029578
7295,3079941
7296,4607427
7297,2999553
7298,3344710
7299,2025242
7300,2595900
7301,2853861
7302,3316985
7303,2912327
7304,2778543
7305,8868415
7306,2810614
7307,2718524
7308,2877455
7309,3659327
7310,4660974
7311,2750074
7312,3064445
7313,3178036
7314,10260282
7315,2850078
7316,2812391
7317,2760971
7318,4340153
7319,2654337
7320,2226562
7321,4715790
7322,4142571
7323,5882665
7324,6665227
7325,4404958
7326,12402353
7327,3036639
7328,2162411
7329,2523112
7330,3271424
7331,2034786
7332,3185556
7333,4640510
7334,5360848
7335,3957286
7336,3198352
7337,3994914
7338,3893031
7339,2393067
7340,2766796
7341,6653226
7342,4269773
7343,2640274
7344,3357036
7345,6152275
7346,6347046
7347,5211605
7348,4510300
7349,4583886
7350,2743579
7351,2529497
7352,4124584
7353,4444184
7354,2414754
7355,2791072
7356,4758063
7357,5134998
7358,2275296
7359,16212574
7360,2783423
7361,5506956
7362,3014077
7363,4232425
7364,4231404
7365,7177452
7366,5250159
7367,5728093
7368,6693805
7369,8866039
7370,2538732
7371,3001195
7372,3157567
7373,3225843
7374,3576292
7375,2256313
7376,2830529
7377,3352342
7378,2398075
7379,2406299
7380,2619526
7381,2881152
7382,3105079
7383,3417504
7384,9968899
7385,5202121
7386,3350314
7387,2542035
7388,2700669
7389,6774298
7390,3126369
7391,2566367
7392,2874807
7393,2723610
7394,5577013
7395,4290203
7396,7204634
7397,3994355
7398,3284921
7399,3456690
7400,2502740
7401,2837228
7402,2688095
7403,2790047
7404,2983786
7405,7115542
7406,2186905
7407,2280431
7408,6349774
7409,4260928
7410,8079979
7411,4655035
7412,2124181
7413,4666222
7414,3173682
7415,2431881
7416,2525660
7417,5581842
7418,2716138
7419,2990646
7420,2259690
7421,2723477
7422,2412477
7423,3266515
7424,2614550
7425,2730827
7426,2489410
7427,2556851
7428,4668295
7429,9209423
7430,2602198
7431,3841335
7432,3411247
7433,5454714
7434,2519276
7435,2434504
7436,2590310
7437,2578999
7438,2425603
7439,2177979
7440,2716758
7441,2184563
7442,4257911
7443,3907149
7444,2846406
7445,3962492
7446,2329579
7447,4751504
7448,3078331
7449,2900577
7450,3385749
7451,2878624
7452,3146863
7453,1946593
7454,6112611
7455,2336840
7456,4282514
7457,5779458
7458,2189924
7459,2047506
7460,2863894
7461,2666907
7462,2236008
7463,3070858
7464,4130725
7465,2311798
7466,3041481
7467,2142518
7468,2382516
7469,2419717
7470,2157113
7471,2208907
7472,2391937
7473,4123522
7474,2787215
7475,2326450
7476,5174515
7477,4643080
7478,3133847
7479,3147420
7480,3663376
7481,3432212
7482,4223285
7483,3816704
7484,7851026
7485,3770216
7486,2561013
7487,2790377
7488,4786063
7489,2350029
7490,2290379
7491,3676923
7492,2821249
7493,3428566
7494,13048448
7495,2641738
7496,2691662
7497,2550591
7498,3903767
7499,3648503
7500,2109369
7501,2854765
7502,2506986
7503,2506328
7504,2962822
7505,2191910
7506,2062794
7507,2654049
7508,2156332
7509,4904814
7510,3476638
7511,3960542
7512,2717363
7513,2324110
7514,2194740
7515,11384586
7516,3498519
7517,5437451
7518,5296497
7519,2948440
7520,2038154
7521,2258378
7522,5281684
7523,3673049
7524,3176834
7525,2275901
7526,2691456
7527,4086780
7528,2761661
7529,3286158
7530,2893772
7531,2875327
7532,4315885
7533,3392482
7534,2092581
7535,3407376
7536,8164941
7537,5189445
7538,4726914
7539,5082694
7540,2223913
7541,2799204
7542,7394471
7543,3340344
7544,2637885
7545,2167083
7546,4100109
7547,2479448
7548,2292246
7549,2398278
7550,2461059
7551,2551715
7552,3789952
7553,2618648
7554,3931122
7555,2695570
7556,3540017
7557,4263267
7558,2665976
7559,5272773
7560,2503154
7561,2869763
7562,2098990
7563,2876848
7564,2873554
7565,4267356
7566,2557551
7567,2841106
7568,3165355
7569,9039417
7570,3194204
7571,3014175
7572,2423275
7573,2433442
7574,2553671
7575,4395059
7576,2454974
7577,2115297
7578,7817993
7579,4913589
7580,2738900
7581,2951996
7582,2196511
7583,2866559
7584,3191251
7585,2643148
7586,3313353
7587,2802785
7588,2775195
7589,2771297
7590,3568139
7591,3119879
7592,2635179
7593,3277990
7594,3096782
7595,2524705
7596,3217881
7597,3325076
7598,7923245
7599,8898540
7600,2543835
7601,2905914
7602,4170525
7603,13897614
7604,2552668
7605,3816605
7606,3035475
7607,3779260
7608,4591862
7609,7797348
7610,5224467
7611,4615784
7612,2530164
7613,2795794
7614,2525995
7615,2746346
7616,2594911
7617,2899999
7618,2494416
7619,2269200
7620,3545599
7621,3441332
7622,2319746
7623,4588766
7624,4854429
7625,3686882
7626,2906454
7627,2768816
7628,2299808
7629,2122236
7630,2408915
7631,3947922
7632,2320339
7633,2399555
7634,2233487
7635,2496752
7636,2782748
7637,2225337
7638,2822343
7639,2118034
7640,2583005
7641,9298092
7642,2241358
7643,2232108
7644,4346688
7645,2346989
7646,4720751
7647,4793354
7648,2894846
7649,2348965
7650,4862150
7651,4456375
7652,9129365
7653,3230741
7654,4838097
7655,4825855
7656,2639323
7657,3406303
7658,3005755
7659,2732621
7660,3017365
7661,8235707
7662,3653872
7663,2511273
7664,2466256
7665,2564531
7666,6430711
7667,4664581
7668,2456950
7669,4354326
7670,4236268
7671,3944156
7672,3036323
7673,3022502
7674,2588117
7675,2162321
7676,2215357
7677,2365074
7678,2503810
7679,2096721
7680,2344145
7681,2304389
7682,2348327
7683,4181667
7684,4440453
7685,2521676
7686,2804103
7687,5185602
7688,3094078
7689,7316138
7690,2433716
7691,3680523
7692,2475862
7693,4496012
7694,4779528
7695,4864945
7696,2627459
7697,2113102
7698,2452031
7699,4213563
7700,2513840
7701,3200739
7702,2186475
7703,2387511
7704,4356302
7705,2810347
7706,2507293
7707,2711086
7708,2879504
7709,2143247
7710,3586001
7711,3035740
7712,2456000
7713,2537430
7714,2430221
7715,3920596
7716,3405982
7717,8342239
7718,3908499
7719,2745958
7720,2769559
7721,3022837
7722,2881646
7723,2704508
7724,3300060
7725,14013855
7726,4181437
7727,6886461
7728,3032222
7729,4675376
7730,3104716
7731,4523499
7732,3682544
7733,4475729
7734,6041753
7735,4342450
7736,3485459
7737,5491896
7738,3607803
7739,7019560
7740,6640148
7741,5145918
7742,5508929
7743,3372417
7744,4003098
7745,15789953
7746,4264920
7747,4633689
7748,6351404
7749,2543585
7750,2666842
7751,5737974
7752,9847731
7753,4233148
7754,2763195
7755,7335102
7756,3063140
7757,3238215
7758,2407534
7759,5146922
7760,2270305
7761,2395724
7762,2689267
7763,2864767
7764,3285946
7765,4392732
7766,2560468
7767,9289531
7768,2322862
7769,4532339
7770,3043975
7771,4191748
7772,8696811
7773,8285574
7774,4193864
7775,4062169
7776,3139679
7777,2456776
7778,2984835
7779,3080905
7780,2117591
7781,3153193
7782,6325570
7783,2579346
7784,3371192
7785,2738918
7786,5943802
7787,4001123
7788,8005021
7789,5762832
7790,4673238
7791,3830343
7792,7270358
7793,3860695
7794,7612928
7795,2220006
7796,2937849
7797,2771949
7798,3116348
7799,2850804
7800,2518242
7801,2981027
7802,2869533
7803,3249817
7804,4459622
7805,2388780
7806,4224915
7807,2691297
7808,2621808
7809,11736740
7810,3125722
7811,3950958
7812,3622181
7813,3940423
7814,3760737
7815,3945458
7816,3310273
7817,4310720
7818,2910884
7819,2819736
7820,6297006
7821,3689104
7822,2602050
7823,4786827
7824,5531050
7825,4262635
7826,4204694
7827,5343003
7828,4284318
7829,3716359
7830,9799747
7831,4343363
7832,2116972
7833,4226658
7834,2349346
7835,1839042
7836,2243764
7837,2753741
7838,2071191
7839,2201006
7840,6828719
7841,4579519
7842,1976977
7843,1990166
7844,2724715
7845,6446620
7846,3681528
7847,3233202
7848,10898751
7849,2798409
7850,2621373
7851,7889290
7852,4716207
7853,3851496
7854,2416616
7855,2414394
7856,2956403
7857,2953819
7858,5118119
7859,2707248
7860,2860913
7861,4000905
7862,6317919
7863,3244166
7864,4788899
7865,2059739
7866,4607501
7867,3032655
7868,9675853
7869,8133872
7870,4022766
7871,6709131
7872,9834436
7873,4244572
7874,3140485
7875,4844766
7876,8293577
7877,6599128
7878,4819851
7879,7338112
7880,10694000
7881,4189154
7882,4352744
7883,4425884
7884,7019484
7885,3429147
7886,2243823
7887,3566058
7888,2828354
7889,3591839
7890,3012692
7891,3659425
7892,2681620
7893,9341071
7894,8072043
7895,5300471
7896,4599558
7897,3168396
7898,4387301
7899,3764021
7900,4601672
7901,3365121
7902,3073772
7903,4148848
7904,2421518
7905,2254412
7906,2438256
7907,3576179
7908,2155820
7909,2924295
7910,2783201
7911,3037231
7912,2772966
7913,3734518
7914,8329719
7915,5582524
7916,5756606
7917,3499902
7918,2390810
7919,8020280
7920,2630730
7921,2869084
7922,13630457
7923,3621904
7924,2763642
7925,4973387
7926,5382930
7927,4702101
7928,2322980
7929,6657618
7930,5621918
7931,2491067
7932,4302698
7933,4100351
7934,2319334
7935,3086568
7936,2415687
7937,4115032
7938,2594932
7939,2269793
7940,4289811
7941,6535463
7942,3154816
7943,3036357
7944,4814289
7945,2241434
7946,4117705
7947,2698476
7948,2595425
7949,2265110
7950,2855299
7951,2225748
7952,4559456
7953,2706615
7954,2189285
7955,2640968
7956,3441651
7957,2395210
7958,3235316
7959,2408579
7960,2519518
7961,2343033
7962,2491802
7963,3213693
7964,4430923
7965,3017571
7966,2860246
7967,4289739
7968,2551290
7969,4194302
7970,4670403
7971,13470720
7972,7587657
7973,4410021
7974,5939078
7975,4463997
7976,3196509
7977,9328664
7978,3959973
7979,5098114
7980,3083436
7981,6526079
7982,2433475
7983,4394534
7984,4256267
7985,3430338
7986,2607859
7987,7896229
7988,2546535
7989,2893762
7990,3189369
7991,2763055
7992,2809413
7993,2269312
7994,4712568
7995,2660555
7996,5318251
7997,7793343
7998,6756007
7999,6180447
8000,2359410
8001,5558804
8002,4373983
8003,3102083
8004,5966061
8005,6069777
8006,5671036
8007,2491676
8008,2978482
8009,5522524
8010,5729465
8011,6753056
8012,3796492
8013,6528315
8014,5929824
8015,3608474
8016,5288179
8017,8680663
8018,4582337
8019,4149120
8020,3108245
8021,2733384
8022,5065467
8023,2852059
8024,2904925
8025,2975797
8026,3160475
8027,3041886
8028,2933075
8029,4416861
8030,2278070
8031,3090633
8032,2999605
8033,3189271
8034,2745867
8035,3990884
8036,2910485
8037,2600738
8038,5537890
8039,2494071
8040,3889210
8041,6060646
8042,2922618
8043,5637328
8044,2405164
8045,2984926
8046,6073125
8047,2246827
8048,5374008
8049,2161219
8050,2373605
8051,4932401
8052,2466839
8053,4389512
8054,3959172
8055,6838603
8056,3263756
8057,6373841
8058,9879805
8059,2319105
8060,2910016
8061,4125405
8062,3590198
8063,4862778
8064,4991650
8065,2208780
8066,3663788
8067,6513954
8068,5138195
8069,2907541
8070,3394728
8071,15110106
8072,2414493
8073,2445803
8074,3229683
8075,3856368
8076,5952417
8077,4492098
8078,2532879
8079,5955921
8080,2362377
8081,6666190
8082,8501022
8083,14743801
8084,3902658
8085,7759617
8086,5829600
8087,4869542
8088,2860455
8089,8132838
8090,6094946
8091,6106120
8092,2834377
8093,3625832
8094,4246812
8095,4778247
8096,2782602
8097,1913382
8098,2798405
8099,4036213
8100,2122800
8101,2468641
8102,2429929
8103,5250760
8104,3233455
8105,5960729
8106,4941668
8107,5578015
8108,5926773
8109,4189628
8110,5017726
8111,3624407
8112,2208221
8113,4553845
8114,4250710
8115,4151939
8116,3003785
8117,2569478
8118,3424023
8119,2151569
8120,5098101
8121,3860453
8122,5549487
8123,2364737
8124,7932259
8125,6192024
8126,4282289
8127,4993889
8128,6643734
8129,2698572
8130,3148516
8131,2929114
8132,2522118
8133,4146927
8134,2316939
8135,2987293
8136,3221497
8137,3591048
8138,3670854
8139,7170346
8140,5656776
8141,9606362
8142,4930166
8143,9555384
8144,3260323
8145,5056780
8146,2843924
8147,3183740
8148,4274186
8149,1980707
8150,2389742
8151,5150467
8152,2542014
8153,2752636
8154,3357835
8155,5863000
8156,5415654
8157,4768622
8158,2460584
8159,4595880
8160,4448830
8161,6577668
8162,5194435
8163,6621039
8164,5240053
8165,5161569
8166,3474298
8167,3235479
8168,5070719
8169,2739589
8170,2372851
8171,2308622
8172,2292257
8173,4924377
8174,2852398
8175,2777063
8176,4873507
8177,3619687
8178,2421511
8179,3153659
8180,4448138
8181,12255589
8182,4911405
8183,4031551
8184,3653855
8185,2882000
8186,5796292
8187,7734609
8188,10499536
8189,4559136
8190,4968821
8191,2275510
8192,3267559
8193,3073829
8194,2335642
8195,2821756
8196,2434201
8197,11675333
8198,4115014
8199,2207780
8200,2975327
8201,3167023
8202,3015274
8203,4440071
8204,3101235
8205,5367862
8206,5018656
8207,4324565
8208,12582051
8209,10410271
8210,7472688
8211,8200051
8212,5753961
8213,2589844
8214,3815878
8215,4922615
8216,3610930
8217,2579905
8218,7564877
8219,3314619
8220,2794471
8221,3454036
8222,3202911
8223,4026057
8224,2575909
8225,3683319
8226,2157880
8227,2561855
8228,2859479
8229,11177999
8230,2949353
8231,3361408
8232,3246556
8233,4279372
8234,2965332
8235,2544709
8236,2784425
8237,2833933
8238,2085523
8239,3933500
8240,2515179
8241,2765687
8242,2751611
8243,2920903
8244,2727911
8245,2597684
8246,3876353
8247,5413128
8248,2734443
8249,3690744
8250,6695513
8251,2534308
8252,1941482
8253,5835993
8254,2346621
8255,3010242
8256,2441985
8257,4327889
8258,4149906
8259,3896031
8260,2191948
8261,2501698
8262,3888834
8263,4357481
8264,3334450
8265,3085950
8266,2512562
8267,2243870
8268,2393386
8269,4415870
8270,2646459
8271,7185334
8272,3070407
8273,4309526
8274,4410111
8275,2728335
8276,3171633
8277,4886929
8278,3423173
8279,4195926
8280,2668637
8281,2250047
8282,2602510
8283,4684359
8284,2645849
8285,2455802
8286,2624139
8287,2403820
8288,6802513
8289,7788806
8290,4720720
8291,2474920
8292,4124734
8293,2151189
8294,2519591
8295,3767744
8296,5615569
8297,3217108
8298,5953725
8299,5104432
8300,2873213
8301,2683770
8302,2510294
8303,2231069
8304,3354383
8305,2678135
8306,2341030
8307,2615552
8308,6496940
8309,2118972
8310,3429559
8311,3065260
8312,2553139
8313,11230880
8314,5524991
8315,4348785
8316,4498247
8317,6335669
8318,3070247
8319,6509428
8320,1985371
8321,4979081
8322,4632346
8323,4477709
8324,3019787
8325,2455832
8326,7069633
8327,6838186
8328,3188733
8329,2846886
8330,6130570
8331,2338840
8332,2145134
8333,2358181
8334,3820625
8335,2311423
8336,2242252
8337,2095497
8338,2470594
8339,2185421
8340,2671529
8341,2667058
8342,2652625
8343,3009347
8344,2295697
8345,4491183
8346,2550798
8347,2406612
8348,4654795
8349,2776963
8350,4513575
8351,2384959
8352,3028073
8353,4390915
8354,3058941
8355,8766386
8356,12476086
8357,3164019
8358,4035432
8359,5516748
8360,3024770
8361,5305697
8362,7308562
8363,3934079
8364,3002231
8365,2481575
8366,2787213
8367,4857948
8368,5518863
8369,4106433
8370,3507475
8371,2534041
8372,3152337
8373,7583078
8374,2550456
8375,4448965
8376,6124260
8377,2702225
8378,5927855
8379,2978462
8380,4442334
8381,4974762
8382,2751695
8383,2116284
8384,3012568
8385,2792226
8386,3175118
8387,3304641
8388,4496229
8389,4543596
8390,5011528
8391,6309953
8392,2100789
8393,2874080
8394,2748058
8395,2461728
8396,2687263
8397,5646922
8398,2712534
8399,2275535
8400,4444394
8401,4327420
8402,3693325
8403,2573161
8404,4528490
8405,7305298
8406,6336975
8407,4840266
8408,3323547
8409,3187006
8410,3963386
8411,3935847
8412,2323645
8413,3844273
8414,2208803
8415,2319418
8416,3885993
8417,2316240
8418,4743223
8419,2747918
8420,2328830
8421,2602613
8422,2065253
8423,3318957
8424,4633359
8425,4769149
8426,2504147
8427,2430818
8428,2362265
8429,2272064
8430,2987167
8431,3130439
8432,2301968
8433,3663062
8434,2183945
8435,2453082
8436,2849077
8437,2498011
8438,2683415
8439,4659725
8440,3302952
8441,3645787
8442,2399773
8443,4102299
8444,2781530
8445,2295592
8446,2488879
8447,2847430
8448,2636200
8449,2573341
8450,4616873
8451,5150077
8452,4810163
8453,2742091
8454,4346809
8455,5468923
8456,3835930
8457,5396687
8458,2582890
8459,4049551
8460,8772758
8461,4084858
8462,6246990
8463,4407785
8464,2850061
8465,4166340
8466,5731267
8467,2337417
8468,3109239
8469,2607149
8470,3505835
8471,5205569
8472,2103666
8473,1961113
8474,2541978
8475,3903488
8476,2501997
8477,3158728
8478,2943268
8479,2156828
8480,4514876
8481,7431063
8482,7439450
8483,2407266
8484,17334104
8485,5005913
8486,4061810
8487,4809549
8488,2381247
8489,4180558
8490,7326891
8491,6963101
8492,3456347
8493,2818257
8494,4087496
8495,4010822
8496,5120910
8497,3560872
8498,3102784
8499,6656735
8500,5242277
8501,2646100
8502,7076729
8503,3891701
8504,3705834
8505,2311095
8506,2179766
8507,2282424
8508,4458755
8509,3701261
8510,2152996
8511,3668595
8512,2544085
8513,3961553
8514,2366366
8515,2165597
8516,2148503
8517,4033002
8518,4184754
8519,5674065
8520,4553878
8521,3648525
8522,2972421
8523,8318717
8524,2746031
8525,4837863
8526,2930517
8527,1997953
8528,4237504
8529,5648921
8530,5286355
8531,2921381
8532,5082417
8533,6344151
8534,3164214
8535,6206412
8536,5839172
8537,2568547
8538,5665369
8539,2637622
8540,6642493
8541,3531702
8542,2087497
8543,2517703
8544,6386849
8545,4506284
8546,4114080
8547,6541001
8548,3707892
8549,2506568
8550,6139477
8551,3823764
8552,2401327
8553,3860039
8554,2252811
8555,1851492
8556,2787501
8557,3790071
8558,3915292
8559,2758712
8560,6520605
8561,3469610
8562,2368303
8563,2191234
8564,5511442
8565,6863578
8566,3878883
8567,3774823
8568,2263549
8569,2660477
8570,2865768
8571,2355943
8572,3864273
8573,2771765
8574,2403084
8575,5256178
8576,8181701
8577,9890521
8578,5484239
8579,5053170
8580,6246883
8581,2699775
8582,2112151
8583,2617922
8584,4187729
8585,6171678
8586,3707651
8587,8315697
8588,2476241
8589,2993463
8590,3509350
8591,3846937
8592,5932737
8593,5098322
8594,5242317
8595,5522506
8596,2463649
8597,2472990
8598,2252683
8599,2751354
8600,2447286
8601,2633257
8602,2557546
8603,2651006
8604,4408629
8605,2651061
8606,2866420
8607,7953478
8608,3120283
8609,2823243
8610,3120357
8611,4929956
8612,2712765
8613,4274736
8614,4837496
8615,7950901
8616,5443380
8617,4327357
8618,3673884
8619,3906253
8620,2850148
8621,7534600
8622,6274829
8623,6143674
8624,3449247
8625,2029691
8626,2161427
8627,2078164
8628,10148292
8629,3410274
8630,5963321
8631,4927150
8632,2423358
8633,2525871
8634,4955296
8635,3078864
8636,2837508
8637,2004569
8638,2494090
8639,3778555
8640,2866291
8641,3334958
8642,2515666
8643,3195830
8644,2258399
8645,4967480
8646,2889325
8647,4086427
8648,2313608
8649,12607047
8650,3067242
8651,3064391
8652,2768860
8653,2316429
8654,2411032
8655,2524481
8656,4934190
8657,2813150
8658,2398081
8659,2565604
8660,2714080
8661,2570363
8662,2827807
8663,2742761
8664,3074654
8665,2184475
8666,2866285
8667,3159162
8668,2050265
8669,5613463
8670,5269524
8671,4887823
8672,2658702
8673,2485078
8674,2747317
8675,5328893
8676,2914652
8677,3096188
8678,4017691
8679,3055118
8680,3055280
8681,3356101
8682,2406742
8683,2434543
8684,3143315
8685,3204146
8686,4524352
8687,2133609
8688,2268853
8689,2180290
8690,4027036
8691,9778009
8692,4515149
8693,2431014
8694,6932462
8695,2388021
8696,2288050
8697,2272722
8698,2268241
8699,3066332
8700,2452039
8701,4737130
8702,3699842
8703,5475069
8704,14211332
8705,6510765
8706,7370891
8707,6678048
8708,11488650
8709,3650287
8710,8528480
8711,6649770
8712,8418151
8713,3222578
8714,3414416
8715,2812470
8716,3112665
8717,4890832
8718,3253124
8719,3013783
8720,2598317
8721,9333395
8722,3208127
8723,7592641
8724,7752729
8725,3560413
8726,2543719
8727,2014485
8728,2436977
8729,2331464
8730,3105886
8731,2367435
8732,2401557
8733,11801299
8734,3442798
8735,3288145
8736,3303699
8737,4322588
8738,3779108
8739,3098189
8740,3043550
8741,2600337
8742,2790252
8743,8069515
8744,2971865
8745,2767043
8746,5830471
8747,2667946
8748,3138151
8749,2610059
8750,2896301
8751,2401175
8752,2245071
8753,1985747
8754,6103653
8755,2686932
8756,3029501
8757,2927420
8758,3108833
8759,2560283
8760,2277007
8761,2248009
8762,2326560
8763,2444469
8764,2588378
8765,4174940
8766,2508421
8767,3399393
8768,2114123
8769,2079244
8770,3300724
8771,3137350
8772,2543609
8773,2120326
8774,4487081
8775,8223181
8776,4815407
8777,5313067
8778,4309284
8779,5473429
8780,6944692
8781,5608223
8782,6081560
8783,2712123
8784,5441286
8785,4889809
8786,3475168
8787,4076062
8788,3315899
8789,2825865
8790,4577172
8791,1998729
8792,6029596
8793,2707297
8794,3456876
8795,2273471
8796,11629297
8797,2625880
8798,2294157
8799,2149979
8800,2208111
8801,2560219
8802,2649321
8803,2643790
8804,2296393
8805,2555539
8806,2823257
8807,4095644
8808,4361762
8809,7729372
8810,2611775
8811,3463147
8812,3696615
8813,3893409
8814,2458854
8815,2466988
8816,3026544
8817,9540491
8818,3232229
8819,2786290
8820,2483379
8821,2611860
8822,2665975
8823,4059257
8824,2901388
8825,2863067
8826,2913647
8827,2344407
8828,2370720
8829,3457532
8830,5683993
8831,3185042
8832,3460659
8833,9609130
8834,2310395
8835,2905608
8836,4433634
8837,2560144
8838,3413965
8839,2801384
8840,2761794
8841,3692308
8842,2523454
8843,2770158
8844,2745865
8845,2306249
8846,5789958
8847,4610689
8848,4784602
8849,1907865
8850,3749164
8851,9023763
8852,2958593
8853,2547504
8854,2353541
8855,2424437
8856,3364199
8857,3008818
8858,2850262
8859,4340951
8860,6515157
8861,2761039
8862,2528376
8863,10166161
8864,4379886
8865,2122073
8866,2388653
8867,9134937
8868,2614689
8869,6236115
8870,2305784
8871,4136612
8872,2436195
8873,2546915
8874,3348350
8875,5164445
8876,3502612
8877,2473122
8878,3217185
8879,4065678
8880,4832776
8881,2843725
8882,4563053
8883,2185498
8884,2286956
8885,8439199
8886,2481456
8887,2132003
8888,2178493
8889,2965814
8890,3061166
8891,5225117
8892,3078101
8893,6084377
8894,5655667
8895,5352145
8896,2676278
8897,2236268
8898,2473059
8899,2717974
8900,2816249
8901,4594489
8902,2792821
8903,2563096
8904,4223961
8905,4684957
8906,2606855
8907,2026993
8908,5369788
8909,3184840
8910,2171857
8911,3689292
8912,2217619
8913,2118744
8914,2069557
8915,4018815
8916,4283392
8917,3497643
8918,2535407
8919,2320549
8920,2171604
8921,5978711
8922,9775776
8923,2268152
8924,1999977
8925,5785390
8926,2131006
8927,2138045
8928,2417782
8929,2810927
8930,2822255
8931,2479893
8932,1973794
8933,2024616
8934,14533487
8935,5748426
8936,6009227
8937,5631385
8938,2478042
8939,2995637
8940,2178072
8941,2110870
8942,2305886
8943,7643223
8944,2187869
8945,4043750
8946,6360752
8947,4025117
8948,2246535
8949,3401764
8950,2414995
8951,1977781
8952,1971968
8953,2065866
8954,2450669
8955,3044263
8956,3065148
8957,2970189
8958,2117151
8959,2760133
8960,2260277
8961,2443607
8962,4180252
8963,4406889
8964,8305367
8965,2001790
8966,1963069
8967,2176954
8968,2188223
8969,2142452
8970,2352295
8971,4715875
8972,2774925
8973,2771302
8974,2663752
8975,2111280
8976,2189456
8977,5728679
8978,3234377
8979,2151029
8980,2889134
8981,5402520
8982,2050658
8983,2735402
8984,3066550
8985,6326000
8986,2586735
8987,3435769
8988,2128314
8989,2446500
8990,2176536
8991,2075343
8992,3735970
8993,2001043
8994,1951490
8995,1931803
8996,2128871
8997,1911483
8998,2691139
8999,4201346
9000,2803271
9001,2651410
9002,2367191
9003,2968177
9004,3813917
9005,2738605
9006,5632669
9007,2295607
9008,3374321
9009,2261607
9010,2688835
9011,7165439
9012,2571579
9013,2731041
9014,2211707
9015,2665317
9016,2480285
9017,2092420
9018,2257042
9019,2104574
9020,2012179
9021,2277775
9022,2029488
9023,2132418
9024,2264744
9025,2911912
9026,2824396
9027,3233361
9028,2259279
9029,2367302
9030,2103754
9031,3348454
9032,1967625
9033,3657195
9034,4293708
9035,2447266
9036,4644650
9037,3971731
9038,2683793
9039,3338710
9040,2943164
9041,2373752
9042,2401472
9043,2409619
9044,3305079
9045,3900348
9046,2894273
9047,3547963
9048,4391136
9049,2835532
9050,3017219
9051,3078249
9052,2211616
9053,2119738
9054,3079828
9055,4128385
9056,2422634
9057,2383043
9058,3664832
9059,2117643
9060,2322497
9061,6957956
9062,6456673
9063,5233748
9064,2908493
9065,2883809
9066,2858877
9067,3253964
9068,2988448
9069,5948283
9070,3949023
9071,8428153
9072,2804054
9073,2747446
9074,3629340
9075,4309028
9076,3868579
9077,2945400
9078,3176200
9079,5841379
9080,3116287
9081,4819919
9082,4159439
9083,3161463
9084,1965891
9085,3486673
9086,2616606
9087,4877877
9088,2627640
9089,3040713
9090,16119694
9091,2803131
9092,2558106
9093,4616061
9094,3336856
9095,3157612
9096,4403214
9097,2655797
9098,2613944
9099,2402243
9100,4390515
9101,4884526
9102,2272202
9103,2790299
9104,3817545
9105,2268669
9106,4010110
9107,2525476
9108,2262829
9109,2070106
9110,1960296
9111,5955992
9112,2691546
9113,4101853
9114,2373843
9115,4431270
9116,2039543
9117,2815983
9118,2553926
9119,3335026
9120,6965252
9121,2988005
9122,4373656
9123,7315361
9124,3294578
9125,2297097
9126,4938525
9127,3848898
9128,2333279
9129,4309382
9130,2396575
9131,3767080
9132,7143053
9133,6361926
9134,11369768
9135,3399555
9136,4313599
9137,6545815
9138,7107955
9139,3592676
9140,4143657
9141,5260207
9142,4255662
9143,3971844
9144,2789351
9145,3997059
9146,4912281
9147,2513670
9148,4339989
9149,2358928
9150,4337804
9151,6687647
9152,4148512
9153,5851100
9154,4364510
9155,4373263
9156,2343254
9157,2091413
9158,2185370
9159,3926901
9160,2315564
9161,3941857
9162,2533713
9163,4261121
9164,4378248
9165,6228385
9166,4286460
9167,4042114
9168,4287244
9169,4444523
9170,4356809
9171,4357572
9172,6492935
9173,4090264
9174,9965909
9175,6778954
9176,2909596
9177,2217851
9178,4964458
9179,11663677
9180,6264026
9181,5178240
9182,2277402
9183,2887776
9184,5429342
9185,4249110
9186,3690834
9187,3646406
9188,4460117
9189,3679611
9190,4233570
9191,4420657
9192,4205757
9193,4200679
9194,2554659
9195,19310560
9196,4959064
9197,4185492
9198,2654442
9199,6978261
9200,2036319
9201,4517793
9202,3698290
9203,2054472
9204,4204264
9205,2880375
9206,4576313
9207,7778397
9208,4244916
9209,3606525
9210,3648631
9211,3198514
9212,4293197
9213,4154583
9214,3992944
9215,4202934
9216,4072235
9217,4766952
9218,4683070
9219,4371964
9220,2433364
9221,8353466
9222,2474708
9223,5295418
9224,3625034
9225,2661764
9226,6102030
9227,4805341
9228,2746300
9229,2953836
9230,6951184
9231,3688331
9232,7243995
9233,6779072
9234,2993090
9235,3239629
9236,2687656
9237,9196530
9238,2342113
9239,2659065
9240,2847830
9241,2939838
9242,4344772
9243,2126320
9244,2649738
9245,2256053
9246,2522103
9247,2506166
9248,2493297
9249,3523006
9250,2671059
9251,2860442
9252,5691884
9253,5340940
9254,2358022
9255,2831722
9256,2792665
9257,2625423
9258,3542934
9259,3524358
9260,2637502
9261,3262837
9262,3555324
9263,2422022
9264,4167384
9265,5931509
9266,11176216
9267,2620333
9268,2408640
9269,3771974
9270,2994935
9271,2884995
9272,2487377
9273,3246088
9274,3214512
9275,3827036
9276,4220618
9277,2530446
9278,7937426
9279,23711915
9280,4018382
9281,2430122
9282,2046898
9283,1993105
9284,3650829
9285,1927684
9286,2079455
9287,2386526
9288,2084218
9289,2340076
9290,2175488
9291,2643673
9292,2373828
9293,4424418
9294,2847949
9295,2529458
9296,3652543
9297,2678298
9298,3182618
9299,4831403
9300,5466067
9301,3096653
9302,2813661
9303,5894352
9304,5651539
9305,2059456
9306,3153039
9307,2218993
9308,2297323
9309,4392257
9310,3568234
9311,4728551
9312,5239782
9313,4662413
9314,3446502
9315,2855112
9316,5415554
9317,2514055
9318,2207273
9319,2353869
9320,3846905
9321,4800568
9322,5715295
9323,2658718
9324,3067495
9325,3179732
9326,2684719
9327,4051258
9328,3654271
9329,3383671
9330,4198409
9331,2420291
9332,3269872
9333,3253857
9334,2494094
9335,2124873
9336,3065879
9337,4027432
9338,2355301
9339,2048982
9340,2518653
9341,2627976
9342,2887310
9343,10395596
9344,8509879
9345,5459131
9346,3200202
9347,2361991
9348,4621536
9349,4936783
9350,2124718
9351,2892253
9352,2392610
9353,1954415
9354,4870610
9355,2480386
9356,2934509
9357,6691972
9358,2806441
9359,4527095
9360,3524314
9361,7477544
9362,2072849
9363,5348223
9364,2291377
9365,2122323
9366,2735292
9367,2276557
9368,2253165
9369,4620853
9370,2182127
9371,9353552
9372,8289477
9373,3436266
9374,5576375
9375,2856961
9376,3487166
9377,2533122
9378,2726465
9379,2818341
9380,3596760
9381,7727373
9382,2086378
9383,3780867
9384,7486704
9385,5440823
9386,3294111
9387,4497996
9388,2506426
9389,2124531
9390,5867324
9391,2531850
9392,3791128
9393,2802420
9394,2224369
9395,6345420
9396,7192031
9397,2151604
9398,5172265
9399,3863886
9400,2347839
9401,2753739
9402,2278802
9403,4053107
9404,4584129
9405,16510087
9406,2789260
9407,2427290
9408,2921678
9409,4436404
9410,2395378
9411,2880909
9412,2402714
9413,2500115
9414,5642923
9415,3425959
9416,2352397
9417,4899132
9418,2435605
9419,2446997
9420,2544663
9421,2735642
9422,3289623
9423,7141034
9424,3240459
9425,1972765
9426,8582606
9427,4410296
9428,2213144
9429,2313237
9430,2324525
9431,2716249
9432,2448276
9433,4797985
9434,5191945
9435,2063729
9436,2391125
9437,3751726
9438,2202485
9439,3779221
9440,2476118
9441,2367248
9442,2139850
9443,4282701
9444,3722269
9445,2624103
9446,2134846
9447,17720195
9448,2950533
9449,2309820
9450,2210620
9451,3305313
9452,2858926
9453,2898125
9454,3080225
9455,5135966
9456,3444334
9457,4390547
9458,3070063
9459,3143613
9460,4171905
9461,6451174
9462,4709688
9463,5338553
9464,5268828
9465,3975174
9466,2547706
9467,2121254
9468,19229825
9469,4050637
9470,3866487
9471,2570554
9472,2782741
9473,2094385
9474,1949136
9475,1969551
9476,2818646
9477,4772632
9478,2584932
9479,6729973
9480,5315073
9481,4269351
9482,4208422
9483,4127764
9484,2702711
9485,3718915
9486,4775159
9487,3816201
9488,3402087
9489,26181977
9490,3644570
9491,2543974
9492,5330340
9493,3864356
9494,2465686
9495,2123698
9496,5745717
9497,2185805
9498,1961038
9499,1831133
9500,2236043
9501,2489177
9502,2447434
9503,3508292
9504,2679088
9505,2596239
9506,3314467
9507,6537290
9508,3093728
9509,2633938
9510,27429840
9511,3487824
9512,2296831
9513,3205730
9514,2540617
9515,3300576
9516,2857392
9517,5887387
9518,4682262
9519,9618936
9520,2396593
9521,2954497
9522,2213937
9523,8094594
9524,3993148
9525,4918526
9526,3049299
9527,4434399
9528,2725448
9529,2244962
9530,2163199
9531,16149983
9532,2958743
9533,4065546
9534,2194398
9535,4231155
9536,4458374
9537,2434406
9538,6118574
9539,8714239
9540,15495223
9541,6404508
9542,4056859
9543,4304566
9544,2342552
9545,3598636
9546,2854788
9547,5916667
9548,4460031
9549,3051953
9550,2961566
9551,2474309
9552,17029402
9553,4250606
9554,2887348
9555,2489254
9556,2443189
9557,2520124
9558,2565427
9559,2892769
9560,2964622
9561,9714233
9562,4348466
9563,2028930
9564,3234851
9565,2421909
9566,2619308
9567,2515849
9568,2434698
9569,7578293
9570,3928943
9571,2824073
9572,2565780
9573,4047828
9574,2951880
9575,2497181
9576,2966375
9577,5164646
9578,5196519
9579,2216421
9580,21706479
9581,4528926
9582,6807846
9583,2390125
9584,4278231
9585,3522012
9586,2389703
9587,3363989
9588,2058546
9589,4920389
9590,3014875
9591,11038354
9592,2954729
9593,5924614
9594,6617890
9595,3109442
9596,4457367
9597,2684565
9598,2497475
9599,2489976
9600,2773298
9601,2554386
9602,2094322
9603,3668659
9604,6351677
9605,2629680
9606,5204722
9607,4759041
9608,6158825
9609,11020871
9610,5913476
9611,4194385
9612,2668814
9613,3368797
9614,2456180
9615,18102824
9616,2988301
9617,4488849
9618,2899369
9619,2674717
9620,2208458
9621,4977640
9622,2263462
9623,6312696
9624,2434096
9625,7165116
9626,2368471
9627,2010246
9628,4467108
9629,2790080
9630,3238804
9631,2522370
9632,2585357
9633,3731069
9634,2732006
9635,2663890
9636,16088814
9637,3177348
9638,2907372
9639,3303388
9640,3834681
9641,2529592
9642,2810174
9643,2628913
9644,3323456
9645,2456171
9646,2749246
9647,2517212
9648,1968457
9649,3347632
9650,1856342
9651,3931027
9652,4603921
9653,4407064
9654,2500580
9655,2306443
9656,2253071
9657,20646790
9658,10753180
9659,3490138
9660,2360501
9661,2493339
9662,3042025
9663,2352434
9664,5059759
9665,2217889
9666,3803850
9667,3401393
9668,2437762
9669,2320164
9670,2328558
9671,4295753
9672,2483099
9673,8346741
9674,2414723
9675,3962240
9676,2154622
9677,2451396
9678,19705259
9679,4933696
9680,2124659
9681,3655249
9682,2080967
9683,2244550
9684,2684236
9685,2179906
9686,2432814
9687,2245204
9688,2169882
9689,2556366
9690,3146510
9691,2005890
9692,4645703
9693,3361062
9694,3543131
9695,2984761
9696,5447912
9697,3472295
9698,6376616
9699,25121238
9700,4790746
9701,6949214
9702,7544930
9703,4448580
9704,4294062
9705,2442829
9706,6531708
9707,2773038
9708,3444816
9709,3751834
9710,9188035
9711,3110867
9712,2198915
9713,2586300
9714,2399372
9715,3254598
9716,2333981
9717,2668252
9718,2971631
9719,3524649
9720,14415803
9721,2961978
9722,3370181
9723,4223700
9724,4500833
9725,4170193
9726,2766846
9727,5003518
9728,3179486
9729,2757644
9730,2514071
9731,2303523
9732,2426359
9733,2460422
9734,3800199
9735,3149911
9736,5086027
9737,2489374
9738,3034762
9739,7478133
9740,5398695
9741,19883127
9742,5196221
9743,2537653
9744,4257944
9745,4205019
9746,3127212
9747,9853719
9748,3096930
9749,4037195
9750,2115694
9751,6285045
9752,8123930
9753,8953488
9754,2943210
9755,2048546
9756,2984663
9757,2568906
9758,18378535
9759,3549061
9760,2430317
9761,2416406
9762,3027566
9763,2964564
9764,4085017
9765,4495473
9766,3056560
9767,2205545
9768,2290356
9769,2546275
9770,2451545
9771,2679447
9772,2979599
9773,2433537
9774,2196330
9775,6003118
9776,3207201
9777,7370034
9778,2973550
9779,4050108
9780,2330350
9781,2582489
9782,3195821
9783,6514113
9784,2239682
9785,3097993
9786,3954548
9787,2253536
9788,3620375
9789,2659955
9790,2324267
9791,2364516
9792,2615317
9793,2221493
9794,2373970
9795,4232416
9796,2843065
9797,2076216
9798,3082298
9799,4610600
9800,2595463
9801,2690957
9802,5288599
9803,2404969
9804,6697784
9805,3659037
9806,2413545
9807,5728399
9808,1988707
9809,12052347
9810,2567518
9811,3023806
9812,3343951
9813,3786813
9814,2823818
9815,2198830
9816,2657527
9817,2772732
9818,4086933
9819,4685904
9820,3803711
9821,7378735
9822,2676825
9823,8144168
9824,2874393
9825,2933935
9826,2287438
9827,2115866
9828,4941913
9829,2773177
9830,2019075
9831,6483135
9832,3133629
9833,2580443
9834,10801294
9835,4548464
9836,4513012
9837,3381408
9838,2769032
9839,6420958
9840,2713199
9841,4530906
9842,1892412
9843,2424179
9844,2033748
9845,2539876
9846,2749398
9847,2345069
9848,11132284
9849,4491901
9850,4251680
9851,1971867
9852,2376916
9853,4443971
9854,3683286
9855,2452761
9856,2562167
9857,2699829
9858,3993537
9859,3363617
9860,4364975
9861,4601594
9862,2828531
9863,4545277
9864,4013253
9865,2252059
9866,2504918
9867,7531475
9868,4256501
9869,2378284
9870,2234394
9871,6061824
9872,2340896
9873,2973009
9874,3504674
9875,2225703
9876,3219904
9877,2696351
9878,2759971
9879,2525254
9880,2200054
9881,2178987
9882,2294832
9883,2210365
9884,2977220
9885,5468892
9886,5291383
9887,4244827
9888,3167892
9889,2330149
9890,2643237
9891,6002348
9892,9656004
9893,2548804
9894,1928799
9895,3304804
9896,2695790
9897,2667061
9898,3152552
9899,3372865
9900,3092110
9901,3553926
9902,1980135
9903,2503485
9904,3164398
9905,2605353
9906,3730050
9907,2412233
9908,2243188
9909,2786511
9910,3272682
9911,2428664
9912,2195957
9913,5765175
9914,4746628
9915,2598309
9916,5755233
9917,2059872
9918,4421618
9919,4084140
9920,2553566
9921,6144142
9922,2500390
9923,3165801
9924,3284442
9925,2362381
9926,2553757
9927,7335367
9928,4599213
9929,2585578
9930,3328744
9931,5924115
9932,3188846
9933,4406379
9934,2655529
9935,2518873
9936,2346993
9937,5534317
9938,5776690
9939,4457194
9940,3269457
9941,3723818
9942,3668498
9943,2291333
9944,9978634
9945,6034236
9946,5460690
9947,2831897
9948,2971798
9949,2636541
9950,2433675
9951,4581883
9952,3014824
9953,2488824
9954,2289111
9955,2221230
9956,6431408
9957,2749843
9958,3027827
9959,2024354
9960,2453738
9961,2135891
9962,2537122
9963,1882449
9964,3491288
9965,5290653
9966,4151252
9967,4134206
9968,2017076
9969,6638885
9970,4177136
9971,4168464
9972,7973394
9973,3034492
9974,2520649
9975,8426530
9976,9560919
9977,2694774
9978,4457948
9979,3532136
9980,5177599
9981,3572176
9982,2244347
9983,2186855
9984,4509685
9985,4151737
9986,2760605
9987,3878124
9988,2904584
9989,4563666
9990,3569674
9991,4157102
9992,2156179
9993,2476413
9994,2790345
9995,2442330
9996,5152426
9997,2474678
9998,3338934
9999,2374230
10000,3768293
10001,5175115
10002,2193727
10003,3194799
10004,4391702
10005,2858309
10006,2786154
10007,2188039
10008,14987066
10009,6628078
10010,2857408
10011,5489686
10012,3535247
10013,3489201
10014,3358943
10015,2615361
10016,3117302
10017,4580613
10018,2806534
10019,2009883
10020,2269846
10021,4414266
10022,2547832
10023,5931103
10024,3567330
10025,5982644
10026,3288971
10027,2907750
10028,2226056
10029,3945176
10030,2822837
10031,4059039
10032,2759664
10033,5245006
10034,2228110
10035,8425306
10036,3471672
10037,2014013
10038,2256902
10039,2776057
10040,2812646
10041,3462243
10042,2210497
10043,2107610
10044,2721076
10045,2379865
10046,3169267
10047,5146505
10048,2455222
10049,2822588
10050,2952044
10051,4827336
10052,2868088
10053,2831100
10054,2004882
10055,2930518
10056,4099811
10057,6466328
10058,2995109
10059,2471418
10060,2307047
10061,2427296
10062,2377995
10063,2112952
10064,2473409
10065,10001474
10066,2743642
10067,11933066
10068,3444842
10069,3485610
10070,2736893
10071,7844849
10072,2558462
10073,2454974
10074,4430338
10075,5018716
10076,6507612
10077,4056118
10078,3422288
10079,2916340
10080,3423964
10081,3408666
10082,3963614
10083,3713128
10084,3107564
10085,3506390
10086,2257870
10087,2552488
10088,4269583
10089,5118035
10090,3139113
10091,2947735
10092,3265586
10093,3619832
10094,2871084
10095,2670903
10096,3875015
10097,2278719
10098,3889183
10099,6863455
10100,7300040
10101,3773160
10102,5171445
10103,2587941
10104,6272182
10105,5629788
10106,5088969
10107,3079297
10108,3860414
10109,4577304
10110,4516301
10111,2461680
10112,3191845
10113,2511280
10114,2981079
10115,7847568
10116,2800303
10117,2386166
10118,2753012
10119,7556273
10120,6291399
10121,6683310
10122,2220551
10123,4675335
10124,3041056
10125,4015114
10126,2884213
10127,2120332
10128,2535661
10129,2101700
10130,2731022
10131,5444611
10132,2116182
10133,2073874
10134,2095550
10135,2897510
10136,2303390
10137,2645013
10138,2572692
10139,4662400
10140,2720059
10141,8558708
10142,2874157
10143,2301580
10144,2502198
10145,2392795
10146,3317724
10147,3347132
10148,2192767
10149,3263712
10150,2653852
10151,4625143
10152,3671355
10153,3763906
10154,2999148
10155,4343709
10156,4956680
10157,2746616
10158,2568784
10159,2731291
10160,2351668
10161,3331130
10162,5304391
10163,2481046
10164,2891722
10165,3163863
10166,2507367
10167,2308171
10168,6663111
10169,4491959
10170,2427553
10171,2280246
10172,1970118
10173,2331382
10174,2480018
10175,3639951
10176,2510026
10177,2831449
10178,2949295
10179,3832241
10180,2200668
10181,3420148
10182,5403938
10183,6572784
10184,2823250
10185,3373783
10186,2507114
10187,4304600
10188,3225213
10189,3267240
10190,3660008
10191,2685344
10192,2948538
10193,3259501
10194,4337765
10195,3213642
10196,2711134
10197,3673919
10198,4521782
10199,5040112
10200,2779618
10201,2687671
10202,4177293
10203,5330849
10204,7189355
10205,4413374
10206,5301972
10207,4803588
10208,2464829
10209,6093449
10210,2651704
10211,4821537
10212,1979025
10213,2374331
10214,3477215
10215,3429632
10216,3272499
10217,2184824
10218,1930466
10219,1905887
10220,1861530
10221,2118473
10222,2636697
10223,1913974
10224,4514975
10225,3912763
10226,5593970
10227,4098511
10228,2110378
10229,3792369
10230,2118897
10231,2435336
10232,5093689
10233,2523907
10234,3601200
10235,3515340
10236,2149123
10237,2058251
10238,2020414
10239,1884498
10240,2166267
10241,2011439
10242,3160647
10243,2229802
10244,3127903
10245,2512252
10246,2537026
10247,6819479
10248,4360945
10249,3608117
10250,3745028
10251,2472260
10252,2173347
10253,2047153
10254,2363051
10255,2413667
10256,2466668
10257,2144626
10258,6111070
10259,2711717
10260,3015251
10261,3568334
10262,2494955
10263,2832701
10264,3092039
10265,4041708
10266,9812915
10267,7472752
10268,3187412
10269,6051623
10270,3581138
10271,4594640
10272,2165413
10273,5428335
10274,2822467
10275,2182984
10276,5369262
10277,4378736
10278,2027104
10279,2405194
10280,1892095
10281,3832265
10282,3418247
10283,3006611
10284,2314483
10285,1988059
10286,4547015
10287,3333765
10288,4972345
10289,2355028
10290,6888522
10291,5127187
10292,2240939
10293,2960991
10294,2518211
10295,2114788
10296,2516166
10297,2791263
10298,2058802
10299,2904906
10300,4805905
10301,4393849
10302,2373496
10303,2137409
10304,2229667
10305,3634415
10306,6031532
10307,2244852
10308,3216756
10309,2300240
10310,2567492
10311,7267130
10312,2193407
10313,5678762
10314,2215639
10315,2104545
10316,2199879
10317,2267305
10318,2270275
10319,2344097
10320,2529243
10321,2971481
10322,2791792
10323,4525439
10324,2484599
10325,2694994
10326,6096659
10327,4118547
10328,3018774
10329,5441364
10330,6064791
10331,2780219
10332,2165454
10333,15204045
10334,3411336
10335,2982012
10336,2882183
10337,4764428
10338,3646277
10339,2792960
10340,2104060
10341,3364427
10342,3914017
10343,7530403
10344,5196417
10345,3643789
10346,3382764
10347,2603130
10348,3108540
10349,3692044
10350,3712656
10351,2809773
10352,2807222
10353,2921911
10354,3684206
10355,3151365
10356,2391283
10357,2376546
10358,3979220
10359,9428450
10360,3268938
10361,4178717
10362,2791171
10363,2304876
10364,2727532
10365,5615182
10366,2184940
10367,4678821
10368,2584110
10369,2671179
10370,2053567
10371,2337423
10372,1988409
10373,1922434
10374,2652901
10375,2079418
10376,6294667
10377,2094455
10378,2709973
10379,2790049
10380,2824079
10381,3351148
10382,2435828
10383,4262503
10384,3394672
10385,4074102
10386,4152003
10387,2396057
10388,2312354
10389,8360221
10390,5319457
10391,2911749
10392,2961676
10393,7262541
10394,5223600
10395,4325275
10396,3952719
10397,3831343
10398,2853754
10399,4243012
10400,3241710
10401,5455111
10402,3696642
10403,2059448
10404,3846315
10405,2289591
10406,7581820
10407,3537141
10408,5913975
10409,2693560
10410,3019406
10411,2405236
10412,2213128
10413,3078724
10414,8712468
10415,5071820
10416,3334975
10417,3254339
10418,3731611
10419,4005862
10420,3124130
10421,5120098
10422,2813029
10423,4902886
10424,5527374
10425,2595946
10426,3663652
10427,3545231
10428,2661321
10429,4415547
10430,4416456
10431,4387241
10432,4697782
10433,6488343
10434,5232633
10435,2190477
10436,2219832
10437,2226477
10438,2408440
10439,1754055
10440,3016499
10441,3071344
10442,2126053
10443,3530815
10444,2606190
10445,5945918
10446,3853767
10447,2934441
10448,2172804
10449,4551771
10450,4986244
10451,5287765
10452,2571765
10453,2480237
10454,2454870
10455,2555375
10456,2688308
10457,2130382
10458,2556575
10459,2359183
10460,2381727
10461,2950904
10462,5293369
10463,3634541
10464,3159197
10465,3778049
10466,2244367
10467,4038984
10468,2326113
10469,4362468
10470,2368892
10471,3311909
10472,8469443
10473,3537349
10474,3586791
10475,2401184
10476,5501976
10477,2367632
10478,2490557
10479,2441186
10480,2520703
10481,5964721
10482,2940169
10483,4166142
10484,2870379
10485,2528398
10486,4833871
10487,4138758
10488,2209752
10489,3836979
10490,2291199
10491,3000861
10492,2099720
10493,6519245
10494,2372730
10495,2432059
10496,2790990
10497,2699382
10498,3094342
10499,3129546
10500,2548938
10501,2834752
10502,6406113
10503,2515107
10504,3044950
10505,3807034
10506,3152008
10507,2949491
10508,2396590
10509,2291799
10510,3223072
10511,2931432
10512,2397555
10513,2573789
10514,2496995
10515,2484614
10516,2611765
10517,2259525
10518,3019999
10519,2435494
10520,2382450
10521,4722255
10522,3109391
10523,2229425
10524,13684463
10525,2656755
10526,4346945
10527,4209648
10528,2967856
10529,2419164
10530,2909743
10531,4607686
10532,5005216
10533,2930188
10534,7160785
10535,2107003
10536,4004410
10537,2679713
10538,3811007
10539,8042804
10540,8311688
10541,3420089
10542,2806766
10543,4149863
10544,19429809
10545,3085272
10546,2250116
10547,2333826
10548,3399316
10549,2242814
10550,2388493
10551,5690157
10552,2638838
10553,2284622
10554,2097861
10555,6403445
10556,3384088
10557,3941757
10558,2185293
10559,2167264
10560,6444456
10561,2654025
10562,2337421
10563,2042569
10564,20895768
10565,4742682
10566,3638428
10567,2375798
10568,3682134
10569,2610195
10570,4029447
10571,3014596
10572,2837579
10573,2400342
10574,2445445
10575,2843598
10576,2494329
10577,2261743
10578,2162796
10579,3806691
10580,13735238
10581,4139580
10582,6322054
10583,2754160
10584,10194118
10585,2912019
10586,4233316
10587,6054372
10588,2655431
10589,2442670
10590,6545418
10591,4478096
10592,5734259
10593,4070907
10594,2421640
10595,4179321
10596,12057054
10597,7057924
10598,3636559
10599,2677811
10600,4348385
10601,7710464
10602,3298851
10603,4141728
10604,2747277
10605,2211245
10606,2699482
10607,5335272
10608,3753265
10609,3901165
10610,3007436
10611,4511724
10612,9200517
10613,4332442
10614,2405656
10615,2633331
10616,2681898
10617,2505034
10618,4490119
10619,7215412
10620,2400027
10621,2387903
10622,3626085
10623,2359423
10624,11240912
10625,5661038
10626,2866422
10627,6199318
10628,3351328
10629,2522689
10630,4924138
10631,5735000
10632,3158625
10633,3606177
10634,2350143
10635,2532287
10636,2530408
10637,4401162
10638,2457634
10639,4104634
10640,2933184
10641,2917348
10642,3049648
10643,2768515
10644,6102501
10645,4020367
10646,2587242
10647,4203585
10648,2370024
10649,2822009
10650,3346606
10651,4235453
10652,2879938
10653,4823335
10654,2497978
10655,2368321
10656,2362686
10657,4131287
10658,2231292
10659,2429628
10660,2105862
10661,2819618
10662,2638365
10663,7625918
10664,2372282
10665,5051437
10666,2710823
10667,8050658
10668,4906001
10669,2903124
10670,3277734
10671,9837654
10672,4518649
10673,5050776
10674,2243661
10675,4333651
10676,14628630
10677,2953026
10678,2457506
10679,5562494
10680,2913711
10681,2469431
10682,2570191
10683,2096500
10684,11920122
10685,5666055
10686,4008649
10687,3234708
10688,2693039
10689,2788692
10690,2680050
10691,2554901
10692,2854167
10693,4556096
10694,2909678
10695,4242277
10696,2082233
10697,4009492
10698,3144747
10699,3280254
10700,6046218
10701,3084640
10702,2984848
10703,2662123
10704,8934641
10705,2857154
10706,2858732
10707,4016988
10708,6403364
10709,2805112
10710,2277508
10711,2481772
10712,2570358
10713,2704295
10714,2568098
10715,2484164
10716,8880763
10717,3162044
10718,2135809
10719,5412936
10720,7760810
10721,12560594
10722,3026866
10723,2479958
10724,2449178
10725,4457431
10726,2590228
10727,4882853
10728,3177131
10729,11529285
10730,2487767
10731,2756779
10732,13829363
10733,3297422
10734,5259488
10735,5321918
10736,6158819
10737,4515032
10738,2826815
10739,2278113
10740,4970164
10741,4899689
10742,2870978
10743,3813221
10744,12088673
10745,2672670
10746,6409113
10747,7454422
10748,5858259
10749,8571608
10750,3503629
10751,4099906
10752,3178361
10753,2050617
10754,2982797
10755,2946532
10756,11855133
10757,2511984
10758,2359559
10759,3456878
10760,3692510
10761,3742391
10762,2719143
10763,6263424
10764,5577943
10765,4408717
10766,3049459
10767,7415473
10768,17662448
10769,4107086
10770,3741991
10771,4703220
10772,2134922
10773,3644165
10774,2767643
10775,2447076
10776,2540489
10777,5687060
10778,2986703
10779,2473778
10780,5476660
10781,4657603
10782,2475327
10783,4019713
10784,14691096
10785,9910585
10786,2824160
10787,2067870
10788,2385358
10789,6500313
10790,3532259
10791,3026820
10792,3059389
10793,4373502
10794,3589803
10795,2253719
10796,10135142
10797,4184769
10798,7502034
10799,4095873
10800,5766745
10801,6606117
10802,3678350
10803,2715722
10804,2697177
10805,2412907
10806,3137624
10807,2689831
10808,4410100
10809,5370772
10810,2171034
10811,2297537
10812,3166885
10813,5272286
10814,2737856
10815,4292699
10816,4347361
10817,2618595
10818,2735571
10819,2416201
10820,2743210
10821,2669037
10822,2226919
10823,4073863
10824,3406675
10825,3142635
10826,2458196
10827,2407112
10828,3094246
10829,3825606
10830,3348827
10831,3914551
10832,4359898
10833,10258464
10834,3441572
10835,3677543
10836,19873373
10837,2913707
10838,5124071
10839,3879681
10840,3640652
10841,6189565
10842,3159508
10843,4224038
10844,2547128
10845,3210144
10846,2438829
10847,3132663
10848,9162443
10849,5237577
10850,6366622
10851,5940628
10852,2289895
10853,2055655
10854,3162292
10855,3617046
10856,3899989
10857,7430294
10858,6129746
10859,5262542
10860,16179416
10861,3507282
10862,2790098
10863,2129403
10864,2633380
10865,4447770
10866,3095824
10867,2783218
10868,2531934
10869,4399105
10870,4810854
10871,4655902
10872,12564163
10873,8519883
10874,4659851
10875,6688302
10876,6847320
10877,5349935
10878,5132166
10879,7513757
10880,3962182
10881,3655958
10882,1956931
10883,2775908
10884,3424719
10885,2729794
10886,3141549
10887,2985291
10888,14483229
10889,1902622
10890,6474235
10891,7712441
10892,3933922
10893,3333680
10894,2680261
10895,2571974
10896,4335336
10897,4057276
10898,2738665
10899,4925590
10900,4520209
10901,4164795
10902,5513044
10903,3034847
10904,11227788
10905,3092240
10906,6369043
10907,4965756
10908,3101261
10909,3627952
10910,2486779
10911,3572543
10912,8805013
10913,2615285
10914,2919070
10915,2664977
10916,2491006
10917,3123270
10918,3973326
10919,5968538
10920,2753518
10921,2612356
10922,4033370
10923,5517885
10924,3160778
10925,2456193
10926,3728971
10927,4251049
10928,2093895
10929,5488194
10930,2317416
10931,2146225
10932,2468927
10933,2212601
10934,2313908
10935,1928597
10936,2547212
10937,1893721
10938,3259810
10939,4468969
10940,6724870
10941,4117514
10942,5116720
10943,2429918
10944,2205675
10945,2545287
10946,3174539
10947,5657991
10948,2321553
10949,4033438
10950,6756881
10951,3699638
10952,2449828
10953,2056325
10954,2884113
10955,3404648
10956,2207813
10957,3033906
10958,2117580
10959,2474580
10960,5389095
10961,4320875
10962,2396278
10963,4866160
10964,2353625
10965,2833196
10966,2768462
10967,7880243
10968,3912167
10969,2725851
10970,2635167
10971,2604088
10972,3389882
10973,2770002
10974,2605243
10975,2369874
10976,2544554
10977,2402157
10978,2553374
10979,2644046
10980,2625017
10981,4767451
10982,2409980
10983,2815327
10984,5276392
10985,3171783
10986,2527237
10987,5716946
10988,8368031
10989,4923598
10990,2564658
10991,14418250
10992,8824535
10993,5724288
10994,2469442
10995,2608805
10996,4202680
10997,3648412
10998,4177597
10999,6530612
11000,5635842
11001,6645390
11002,2511174
11003,4166835
11004,3232273
11005,2608393
11006,2640534
11007,7785763
11008,6935919
11009,4007894
11010,4542795
11011,5302166
11012,11495756
11013,4280297
11014,2176535
11015,4669589
11016,2483777
11017,2446220
11018,3357488
11019,6437984
11020,2971858
11021,2361480
11022,2901861
11023,2252525
11024,3075317
11025,2723555
11026,2653404
11027,4383693
11028,2347837
11029,4643493
11030,2886786
11031,4429473
11032,5201700
11033,5174160
11034,2534434
11035,7169536
11036,4063538
11037,2030795
11038,5039217
11039,5454423
11040,5453687
11041,3693061
11042,2884428
11043,2773608
11044,3075381
11045,5450951
11046,2749587
11047,2482339
11048,2640775
11049,4032518
11050,4964095
11051,7020955
11052,6708929
11053,12356640
11054,3128163
11055,2267573
11056,2497084
11057,4138384
11058,2289490
11059,4875388
11060,2257818
11061,2454118
11062,4124941
11063,5426491
11064,3620801
11065,3541828
11066,2529419
11067,4633283
11068,3157510
11069,2490591
11070,2591727
11071,3231015
11072,2901710
11073,3018981
11074,2568811
11075,5114465
11076,2452406
11077,3666913
11078,3271968
11079,6735181
11080,5997816
11081,7893892
11082,2503386
11083,2375931
11084,3091293
11085,7999624
11086,3196448
11087,11112231
11088,5674321
11089,4149083
11090,3010504
11091,8585267
11092,2737536
11093,3307948
11094,2173470
11095,3774113
11096,3116002
11097,8019877
11098,2997726
11099,6608832
11100,2845514
11101,3308252
11102,4108101
11103,2333602
11104,3123465
11105,7707291
11106,5588349
11107,8121775
11108,3439666
11109,3976800
11110,4741000
11111,2313453
11112,2408259
11113,4149832
11114,2041624
11115,2285585
11116,5495644
11117,2853805
11118,3599082
11119,2758607
11120,2445909
11121,2063747
11122,2219973
11123,1931508
11124,6186459
11125,6552485
11126,4505115
11127,3220999
11128,5622257
11129,3793266
11130,2603280
11131,6473597
11132,2851646
11133,2607264
11134,2480513
11135,2385111
11136,3860563
11137,2197168
11138,2475374
11139,2351895
11140,2707869
11141,2894756
11142,4317452
11143,4634677
11144,2585693
11145,4265047
11146,1963657
11147,2465312
11148,3074798
11149,2568160
11150,2462622
11151,6819054
11152,2856706
11153,6322296
11154,2351760
11155,4580411
11156,6915455
11157,4341292
11158,2907648
11159,9814102
11160,6683217
11161,2577312
11162,5128828
11163,4562498
11164,3921177
11165,2127019
11166,3143135
11167,4331472
11168,2273246
11169,9926367
11170,3063127
11171,2642941
11172,2554088
11173,3251570
11174,2276366
11175,4288317
11176,2076966
11177,3566344
11178,2478610
11179,2912623
11180,5212585
11181,3363978
11182,2634042
11183,2954389
11184,2544084
11185,2580924
11186,3257318
11187,4192877
11188,3388492
11189,8645173
11190,11666063
11191,6199976
11192,6780066
11193,9022966
11194,13990622
11195,2560823
11196,3772919
11197,2995266
11198,2827075
11199,4288459
11200,2200530
11201,5168139
11202,5523339
11203,4364731
11204,3306014
11205,3168606
11206,5665409
11207,4452847
11208,5197267
11209,5357980
11210,2792959
11211,6736996
11212,6135577
11213,4517109
11214,2122783
11215,4361644
11216,5913239
11217,5621912
11218,3377676
11219,12453507
11220,3118272
11221,5743151
11222,2469634
11223,3903873
11224,3121811
11225,3838416
11226,3710775
11227,4431870
11228,2588305
11229,4676300
11230,4849074
11231,4243781
11232,3583239
11233,6715555
11234,2954813
11235,4186358
11236,3619418
11237,2790587
11238,2257135
11239,6306550
11240,3061517
11241,3241593
11242,2784635
11243,4044585
11244,2138475
11245,2035967
11246,2522240
11247,2620926
11248,6767818
11249,4690526
11250,2766031
11251,4276987
11252,2877155
11253,7979244
11254,3572422
11255,5076933
11256,3367663
11257,10382050
11258,2251208
11259,2698997
11260,2816059
11261,4677772
11262,13298356
11263,6594769
11264,2937368
11265,7030722
11266,2163789
11267,4955759
11268,3294522
11269,12240910
11270,3033042
11271,9446148
11272,2616535
11273,2376017
11274,3246883
11275,4021359
11276,2707678
11277,3393591
11278,3059280
11279,7320814
11280,2586543
11281,3610210
11282,2401486
11283,2408255
11284,3031351
11285,3461659
11286,3554546
11287,2663617
11288,3452695
11289,2521036
11290,3889247
11291,2366631
11292,2337701
11293,4856659
11294,2856264
11295,6801026
11296,6138668
11297,4908324
11298,3820500
11299,2789131
11300,3317941
11301,9092204
11302,3175773
11303,2362179
11304,3056659
11305,5547823
11306,2752090
11307,5565637
11308,5975094
11309,2526504
11310,2589681
11311,2375904
11312,3877295
11313,3453225
11314,2557097
11315,2359701
11316,5500653
11317,4404724
11318,2764295
11319,4892115
11320,2344612
11321,2406012
11322,3394593
11323,2569995
11324,2742948
11325,10569037
11326,2765407
11327,3239121
11328,4742988
11329,2869876
11330,6597990
11331,9517980
11332,4369981
11333,2805067
11334,2627640
11335,2137060
11336,2353352
11337,11169356
11338,4487911
11339,2262213
11340,2466010
11341,3153290
11342,3458290
11343,2334542
11344,5009827
11345,2866207
11346,5124733
11347,8692373
11348,2624062
11349,2477972
11350,5965873
11351,3765750
11352,4800957
11353,3794993
11354,2311668
11355,3836536
11356,3652727
11357,3785825
11358,2860839
11359,4278834
11360,1809684
11361,4370409
11362,7435078
11363,4667240
11364,4150154
11365,2520062
11366,5429500
11367,2991293
11368,3012594
11369,2351556
11370,3069462
11371,11493725
11372,3907870
11373,2202491
11374,3081475
11375,5814263
11376,5496139
11377,6679968
11378,5740554
11379,12734419
11380,3058444
11381,5340439
11382,3907081
11383,2440669
11384,3402419
11385,5932643
11386,2541510
11387,2493871
11388,2656953
11389,2451870
11390,4545344
11391,5968886
11392,2250628
11393,4665829
11394,3709874
11395,3416368
11396,5076275
11397,2617872
11398,3349153
11399,7036979
11400,4857684
11401,5207642
11402,3130651
11403,2236546
11404,3188481
11405,6424641
11406,2744812
11407,3927785
11408,3224351
11409,2387672
11410,3140752
11411,6762508
11412,2465638
11413,2949911
11414,2491017
11415,3964378
11416,2476121
11417,2913920
11418,2873096
11419,7538166
11420,2936181
11421,4153050
11422,3112149
11423,2520416
11424,2773675
11425,4527203
11426,3853923
11427,3621566
11428,2541798
11429,2045793
11430,2628403
11431,5763455
11432,2747160
11433,3110563
11434,2136726
11435,4371206
11436,2864428
11437,4604712
11438,2262509
11439,9216424
11440,2895361
11441,5824923
11442,3618238
11443,5725539
11444,6244747
11445,7125891
11446,2456498
11447,2273388
11448,3671644
11449,7172697
11450,3788368
11451,6763950
11452,2530340
11453,4845767
11454,4757097
11455,5756686
11456,4335912
11457,9052636
11458,3952241
11459,6312793
11460,3530458
11461,7210232
11462,2809729
11463,2872955
11464,2853174
11465,3369978
11466,3723264
11467,2310982
11468,3836584
11469,2596391
11470,2779397
11471,5452371
11472,2591724
11473,2735729
11474,2755358
11475,9790761
11476,2497998
11477,2435395
11478,4702219
11479,2688415
11480,5090519
11481,2488301
11482,2506669
11483,4411549
11484,5845674
11485,2291094
11486,2932810
11487,5427111
11488,4130805
11489,4192309
11490,4052110
11491,5683683
11492,2405973
11493,2110509
11494,2478934
11495,4041073
11496,4679265
11497,4110529
11498,2313483
11499,2332355
11500,5142077
11501,3788683
11502,3285100
11503,15637422
11504,3587824
11505,4937629
11506,4398253
11507,2324911
11508,3727631
11509,2205262
11510,3093875
11511,2045937
11512,2262839
11513,3598353
11514,2868924
11515,3750177
11516,2596587
11517,2334335
11518,1998534
11519,2495273
11520,2587983
11521,5860679
11522,2105970
11523,4361571
11524,2133035
11525,2012439
11526,3916713
11527,2715945
11528,2475160
11529,2418852
11530,2202056
11531,2436278
11532,11158906
11533,3276218
11534,2861298
11535,4267055
11536,6184762
11537,2307377
11538,2133802
11539,2010379
11540,2530548
11541,3295267
11542,2337450
11543,2304465
11544,2404925
11545,2344331
11546,2544805
11547,5307534
11548,7160728
11549,3833251
11550,2737912
11551,4009285
11552,2175349
11553,4125569
11554,4525992
11555,4358772
11556,4713882
11557,6519296
11558,3653153
11559,2894168
11560,3079693
11561,3450198
11562,2309737
11563,4022718
11564,2599911
11565,5423686
11566,2122513
11567,2138633
11568,3103624
11569,2740590
11570,2583504
11571,3317592
11572,2528565
11573,3311569
11574,2201086
11575,5974452
11576,2126836
11577,2804549
11578,4498315
11579,2356849
11580,2712509
11581,2592860
11582,2436681
11583,2537083
11584,3212819
11585,6034555
11586,3125586
11587,4958321
11588,2297096
11589,4856119
11590,2754218
11591,4270746
11592,2464785
11593,2633251
11594,2629492
11595,3886020
11596,2108953
11597,3077007
11598,10756607
11599,2281748
11600,2281029
11601,2288360
11602,3437155
11603,2604861
11604,4287518
11605,2958402
11606,2337706
11607,6072642
11608,2718053
11609,1999906
11610,31120004
11611,7856402
11612,3211539
11613,2243788
11614,2310968
11615,4824813
11616,3271078
11617,3106911
11618,3458537
11619,2524463
11620,2907083
11621,2392099
11622,2252319
11623,3776169
11624,2523328
11625,2498107
11626,2552923
11627,2119020
11628,2538022
11629,2335559
11630,2109449
11631,23038902
11632,2869774
11633,3578110
11634,3641416
11635,2326373
11636,5858184
11637,6990064
11638,2513199
11639,2521294
11640,5467489
11641,7235958
11642,2488051
11643,6017498
11644,6925255
11645,4939699
11646,2542654
11647,2568743
11648,4554831
11649,6140027
11650,6226014
11651,4314580
11652,15663962
11653,7363265
11654,3133696
11655,4418629
11656,5343982
11657,3895049
11658,2628274
11659,3296672
11660,2614881
11661,5721020
11662,2286850
11663,3421339
11664,2402116
11665,3292581
11666,4124536
11667,4878823
11668,2711973
11669,2528152
11670,4305528
11671,5689494
11672,5138655
11673,20378270
11674,2511632
11675,4712545
11676,2141175
11677,6786293
11678,2748904
11679,2473753
11680,3690746
11681,2059385
11682,6218848
11683,4747751
11684,3070346
11685,2856946
11686,4019860
11687,2653127
11688,4251384
11689,3226957
11690,2720604
11691,2711839
11692,2990183
11693,4281623
11694,26832796
11695,6679777
11696,8195453
11697,3170194
11698,6779919
11699,6257209
11700,6350123
11701,2817046
11702,2144722
11703,2749511
11704,3077864
11705,2616264
11706,4625138
11707,3186444
11708,2622670
11709,7413253
11710,13378297
11711,7138669
11712,10981519
11713,5013278
11714,3615519
11715,20528055
11716,2639071
11717,2141654
11718,2465713
11719,2250702
11720,2238522
11721,2991192
11722,3343687
11723,2632249
11724,3553660
11725,2615033
11726,4427094
11727,4937996
11728,2510067
11729,2611879
11730,2701093
11731,15833853
11732,2871886
11733,5990820
11734,3193397
11735,2156455
11736,26555369
11737,3909780
11738,3029414
11739,3351466
11740,2502691
11741,7509748
11742,3682256
11743,3310063
11744,2479833
11745,2714136
11746,5572947
11747,2800081
11748,2760209
11749,3012740
11750,2561622
11751,5549447
11752,2624039
11753,4422119
11754,3155052
11755,7192618
11756,6507816
11757,19249175
11758,4439774
11759,4298350
11760,4341253
11761,4798005
11762,2578085
11763,3865025
11764,2011439
11765,3511567
11766,2872613
11767,2364667
11768,4519432
11769,3850501
11770,6081986
11771,4669107
11772,2280960
11773,7164894
11774,4372874
11775,5194004
11776,2974825
11777,3826140
11778,22671743
11779,7200361
11780,3712134
11781,4848899
11782,4111486
11783,2570957
11784,5959409
11785,4287894
11786,3378451
11787,2287888
11788,2460073
11789,3515343
11790,3261783
11791,6968303
11792,2267224
11793,2677683
11794,2282130
11795,2258371
11796,3679920
11797,3981610
11798,5079641
11799,34482512
11800,4355976
11801,4543793
11802,2737814
11803,7010081
11804,2283943
11805,2261690
11806,2463120
11807,2446055
11808,2104509
11809,2229952
11810,2546791
11811,4446072
11812,2733255
11813,6416993
11814,3012608
11815,4103912
11816,5882215
11817,4788252
11818,4805325
11819,6883259
11820,5272918
11821,10004177
11822,4413804
11823,6013090
11824,2215836
11825,5343730
11826,7631381
11827,6313712
11828,2365435
11829,2569610
11830,2120029
11831,4141308
11832,7006763
11833,8032961
11834,3249661
11835,6068492
11836,2646801
11837,3489446
11838,3197642
11839,3677511
11840,3380124
11841,3337112
11842,2461055
11843,5769002
11844,2560251
11845,2733046
11846,2836393
11847,2704651
11848,2516637
11849,2173463
11850,2502000
11851,8222867
11852,2206422
11853,5181547
11854,6206024
11855,7676163
11856,3135583
11857,3281442
11858,9560183
11859,10082704
11860,3351501
11861,2885052
11862,3639788
11863,3979366
11864,3106552
11865,5354386
11866,2827452
11867,6152302
11868,3083435
11869,4597638
11870,2728134
11871,4372872
11872,4229149
11873,2772302
11874,2623648
11875,8438782
11876,6607658
11877,4366049
11878,2801778
11879,8001393
11880,3274409
11881,2729327
11882,3136955
11883,6996938
11884,2840816
11885,6064098
11886,3429070
11887,6797480
11888,5682711
11889,4919259
11890,3474999
11891,2880738
11892,4885729
11893,9409163
11894,4059937
11895,2147909
11896,3718331
11897,2581799
11898,3195281
11899,4493090
11900,4153126
11901,2773782
11902,2903689
11903,4839050
11904,4530844
11905,4125195
11906,2033417
11907,4831528
11908,2839790
11909,3404908
11910,3287763
11911,5041769
11912,2713844
11913,3429893
11914,4579544
11915,4246783
11916,3293593
11917,5176877
11918,2747598
11919,8261870
11920,2157068
11921,2535185
11922,3040939
11923,9376014
11924,2658885
11925,5121012
11926,6483526
11927,4672023
11928,5379047
11929,3107278
11930,3043342
11931,5752925
11932,2955442
11933,2366330
11934,2469290
11935,4074098
11936,3697432
11937,3243794
11938,3779804
11939,4673311
11940,2690492
11941,4320613
11942,4246701
11943,6074444
11944,3016161
11945,2142051
11946,5907722
11947,3748501
11948,3354539
11949,3984577
11950,5149441
11951,7224507
11952,5113645
11953,4169039
11954,2781174
11955,3472120
11956,2711567
11957,7384101
11958,2255051
11959,8315815
11960,5061544
11961,2428695
11962,5538422
11963,4092669
11964,4442557
11965,4454496
11966,2807060
11967,26495047
11968,2818922
11969,1968737
11970,5184114
11971,2388035
11972,2916415
11973,4444601
11974,5720780
11975,2479560
11976,2652870
11977,2762625
11978,2971033
11979,8635946
11980,3787944
11981,2336892
11982,11990603
11983,2611096
11984,4675213
11985,5526517
11986,3095012
11987,2332468
11988,3860810
11989,3080858
11990,5717723
11991,4040557
11992,8792753
11993,6153676
11994,4107981
11995,4199786
11996,1921500
11997,2580151
11998,2617933
11999,4019397
12000,3788213
12001,10221418
12002,5416469
12003,2197585
12004,5158560
12005,4007942
12006,2373998
12007,7641068
12008,2773212
12009,3501455
12010,3217829
12011,4232946
12012,4401233
12013,4102457
12014,2068963
12015,2308571
12016,1930810
12017,2021973
12018,3444069
12019,5754354
12020,2410386
12021,2931845
12022,2710237
12023,3005743
12024,4829535
12025,4451300
12026,3384570
12027,5219472
12028,2578514
12029,3134893
12030,3541294
12031,6786448
12032,6809829
12033,4906157
12034,3127551
12035,3358539
12036,3416593
12037,5981591
12038,4744182
12039,2766926
12040,6311316
12041,4728478
12042,7443333
12043,11630852
12044,2548575
12045,3006121
12046,5013054
12047,3392688
12048,4666594
12049,3491778
12050,2548333
12051,6350242
12052,8486050
12053,2791657
12054,2762274
12055,2734376
12056,2215369
12057,4573757
12058,2707339
12059,2719097
12060,3901880
12061,4498323
12062,2813297
12063,5799979
12064,2322027
12065,2278979
12066,10008748
12067,3309949
12068,2341780
12069,4386807
12070,2275897
12071,3245208
12072,7780814
12073,5695123
12074,3066687
12075,11039438
12076,4756170
12077,6510504
12078,8988958
12079,5956481
12080,2740269
12081,3120777
12082,5809275
12083,2719377
12084,2841062
12085,2922429
12086,2653010
12087,3494057
12088,2572521
12089,2446000
12090,7266242
12091,3397273
12092,5525092
12093,4679543
12094,3434027
12095,9756491
12096,3708521
12097,4041958
12098,2627614
12099,3685815
12100,3403382
12101,3493406
12102,3309158
12103,2958277
12104,3028759
12105,3137359
12106,8675868
12107,3355628
12108,2940630
12109,4484881
12110,7588084
12111,3835761
12112,5815227
12113,6724853
12114,18407816
12115,3932929
12116,2756511
12117,2812840
12118,6898995
12119,2791072
12120,2113735
12121,7130796
12122,3194878
12123,6801160
12124,5743770
12125,5317429
12126,3552766
12127,3952274
12128,3468189
12129,5066866
12130,3319855
12131,2627933
12132,2776508
12133,3145188
12134,2169498
12135,21078095
12136,3619275
12137,2750114
12138,2587629
12139,3059772
12140,2941950
12141,3410220
12142,6267746
12143,3827024
12144,3092356
12145,4381486
12146,1983392
12147,4582501
12148,3541171
12149,4375868
12150,2839661
12151,2965516
12152,4383639
12153,10503119
12154,4240312
12155,4142261
12156,22288089
12157,2996891
12158,4369436
12159,4017165
12160,2567659
12161,2989415
12162,4903426
12163,3711725
12164,2157923
12165,2365316
12166,2910699
12167,2681810
12168,2939605
12169,7557424
12170,2834279
12171,4912965
12172,2732337
12173,2262600
12174,13087631
12175,9198389
12176,3087122
12177,3130366
12178,2855372
12179,2344839
12180,2614614
12181,2646300
12182,2319945
12183,3099885
12184,1863196
12185,2760815
12186,4274112
12187,4292615
12188,1987115
12189,7269417
12190,2104076
12191,2886485
12192,2319441
12193,2196059
12194,4137651
12195,5135783
12196,3317725
12197,2211690
12198,15945244
12199,2612217
12200,2253044
12201,3617064
12202,2529089
12203,3375076
12204,5871323
12205,3729332
12206,2581181
12207,2310533
12208,3756653
12209,3038727
12210,2720497
12211,3070514
12212,2199883
12213,2830677
12214,2514632
12215,2312925
12216,2563512
12217,2709627
12218,2736333
12219,12113425
12220,2369529
12221,3853916
12222,4543831
12223,4633649
12224,2607840
12225,3710975
12226,9688273
12227,12462432
12228,2810656
12229,2151676
12230,2168609
12231,3216795
12232,2125732
12233,15924084
12234,3067989
12235,5388666
12236,2307551
12237,4200075
12238,4678603
12239,3920434
12240,39249487
12241,2195587
12242,2366170
12243,2615084
12244,2190896
12245,4690899
12246,2426220
12247,2271223
12248,4294327
12249,4080348
12250,2573605
12251,5604074
12252,2603319
12253,3378363
12254,2506918
12255,4339568
12256,2768304
12257,2409593
12258,8452539
12259,6749906
12260,4316630
12261,19984752
12262,2225585
12263,4413233
12264,2418743
12265,4409900
12266,4330840
12267,7311351
12268,7854212
12269,4397515
12270,4855402
12271,3666603
12272,3195327
12273,4635784
12274,4645309
12275,2281188
12276,2300413
12277,6144317
12278,4299249
12279,4257491
12280,4451932
12281,2432749
12282,12872878
12283,5652226
12284,2935739
12285,2257806
12286,2519399
12287,4476300
12288,3965628
12289,4393199
12290,4344443
12291,2413692
12292,2245541
12293,4802778
12294,4378674
12295,4274045
12296,4325436
12297,2669222
12298,4962900
12299,3652766
12300,4242926
12301,3990504
12302,4362157
12303,10898240
12304,2749429
12305,4789070
12306,2080864
12307,3246290
12308,2368714
12309,2066197
12310,4150699
12311,3595785
12312,2525997
12313,2657900
12314,5320029
12315,3457394
12316,2584230
12317,5133447
12318,2536538
12319,2246132
12320,2565855
12321,4792928
12322,2840063
12323,3452748
12324,15877139
12325,3344917
12326,2937700
12327,2766513
12328,4874706
12329,2751242
12330,4803723
12331,5510512
12332,2603635
12333,5251663
12334,3757732
12335,6204395
12336,6001611
12337,5949168
12338,3313707
12339,5516256
12340,5630118
12341,2693739
12342,8548968
12343,6104729
12344,3167836
12345,3788251
12346,2687644
12347,2904110
12348,3085795
12349,3185856
12350,2666448
12351,4674609
12352,2560729
12353,3281256
12354,2484519
12355,4429241
12356,3337854
12357,2511301
12358,4301148
12359,2165294
12360,4283077
12361,3454629
12362,4806899
12363,2403929
12364,4552827
12365,2316157
12366,13099975
12367,6155974
12368,4677019
12369,3107614
12370,3080032
12371,4267579
12372,2748139
12373,2999096
12374,3078918
12375,4665294
12376,4186019
12377,3239493
12378,2868256
12379,6965337
12380,4365373
12381,4225139
12382,5248891
12383,5411886
12384,5110106
12385,3762769
12386,2682428
12387,18605020
12388,3070963
12389,5541394
12390,3111681
12391,2106071
12392,3395629
12393,6280457
12394,3314111
12395,4135186
12396,4091082
12397,2101249
12398,6209394
12399,6494018
12400,4088594
12401,6117228
12402,2852374
12403,2673132
12404,2569885
12405,3291401
12406,6720793
12407,4122412
12408,22156467
12409,10769557
12410,5663208
12411,2433508
12412,2789901
12413,2724373
12414,3175030
12415,2892748
12416,5128805
12417,3334615
12418,6320003
12419,2233540
12420,2684178
12421,3841949
12422,3208800
12423,4637519
12424,6481625
12425,9564944
12426,3218141
12427,3153890
12428,2657579
12429,11301768
12430,6395692
12431,2580803
12432,10461337
12433,2553289
12434,2415901
12435,2036290
12436,2406934
12437,2700001
12438,2964959
12439,2435417
12440,8508500
12441,2229872
12442,5346520
12443,2505889
12444,4264322
12445,2319470
12446,6731964
12447,4807876
12448,4147035
12449,3716192
12450,11374942
12451,3607592
12452,5079215
12453,2500893
12454,2760281
12455,4271251
12456,2835444
12457,3433821
12458,3382289
12459,3071099
12460,2535198
12461,2524677
12462,3632150
12463,5923478
12464,2783591
12465,3310312
12466,3644743
12467,2430169
12468,2342297
12469,3358063
12470,2557677
12471,14038418
12472,6231949
12473,3469745
12474,3867024
12475,2674814
12476,2278574
12477,2590448
12478,3327120
12479,3009046
12480,2623731
12481,3090455
12482,2072780
12483,2923217
12484,4894180
12485,1988930
12486,4769716
12487,2307415
12488,5833364
12489,4377495
12490,6772818
12491,2737466
12492,6011895
12493,4315348
12494,7922499
12495,2663030
12496,3904684
12497,2800449
12498,3068875
12499,2934752
12500,3145572
12501,3452515
12502,2905582
12503,2355598
12504,5941228
12505,3423758
12506,3821784
12507,1961697
12508,2263487
12509,2418754
12510,2412172
12511,3816247
12512,2531779
12513,16357868
12514,3415020
12515,2209112
12516,4881130
12517,5896290
12518,2420102
12519,4214967
12520,4070965
12521,2064921
12522,1983355
12523,7084458
12524,2380181
12525,4075553
12526,3407945
12527,3154890
12528,3411763
12529,2887821
12530,2660140
12531,4939133
12532,3639639
12533,3291098
12534,17809272
12535,3403457
12536,2808099
12537,4764485
12538,3287821
12539,3688467
12540,2691352
12541,2498849
12542,2801120
12543,2678013
12544,3098945
12545,2768076
12546,2159095
12547,6956381
12548,3468361
12549,4623863
12550,2280502
12551,9773628
12552,2370965
12553,2381350
12554,3703700
12555,13712832
12556,8617599
12557,2218901
12558,4144976
12559,4968811
12560,2506314
12561,2502273
12562,2681200
12563,2603468
12564,2708037
12565,4453949
12566,2646558
12567,2177228
12568,5342460
12569,2853848
12570,5748208
12571,2060830
12572,3957719
12573,3265690
12574,3016406
12575,3112856
12576,16155616
12577,3401595
12578,2105404
12579,3805312
12580,4695423
12581,2329662
12582,5248585
12583,2899503
12584,4981756
12585,4123024
12586,4155837
12587,4596975
12588,6988735
12589,2897589
12590,2417406
12591,5075941
12592,3311872
12593,3083690
12594,2899400
12595,6180532
12596,4371573
12597,25303054
12598,2793115
12599,8748704
12600,3424058
12601,7702854
12602,2791604
12603,4191008
12604,4344803
12605,5262591
12606,7679655
12607,6985357
12608,2171155
12609,3165755
12610,2696031
12611,2653666
12612,2420791
12613,4286596
12614,2685298
12615,2884219
12616,5340057
12617,3695702
12618,10667437
12619,5676737
12620,7214712
12621,2315948
12622,7178526
12623,3083767
12624,2807572
12625,3829905
12626,3548919
12627,9930562
12628,2887023
12629,7655978
12630,2274266
12631,3334558
12632,3511526
12633,2704429
12634,2727177
12635,2472138
12636,2437084
12637,2324084
12638,2999174
12639,11340350
12640,2601701
12641,3237603
12642,2185482
12643,3762754
12644,2670922
12645,2243731
12646,2931878
12647,9893302
12648,2883581
12649,3209795
12650,6362821
12651,3469778
12652,3714941
12653,2022347
12654,2379553
12655,2777036
12656,3359054
12657,2697322
12658,4592965
12659,5471164
12660,17355461
12661,4352451
12662,5900460
12663,12186256
12664,4022258
12665,2159132
12666,3624980
12667,3166895
12668,6118369
12669,3135159
12670,2480693
12671,8243504
12672,4279761
12673,2496619
12674,2282488
12675,4814813
12676,5915238
12677,2041350
12678,4118341
12679,3022022
12680,2549169
12681,12679854
12682,4747035
12683,8092122
12684,2645204
12685,4403059
12686,4159351
12687,10165725
12688,5048491
12689,3027023
12690,2589886
12691,2584278
12692,4738728
12693,4895553
12694,4370194
12695,2484697
12696,3964569
12697,3096113
12698,2298748
12699,2661157
12700,4370738
12701,4444545
12702,23591348
12703,9043051
12704,7231863
12705,4576813
12706,4309487
12707,4495760
12708,2241687
12709,2336304
12710,2471395
12711,4425658
12712,3181521
12713,2519919
12714,2706660
12715,5355729
12716,2990224
12717,6053892
12718,3512502
12719,7840143
12720,4268385
12721,2508292
12722,4093306
12723,12627661
12724,3606861
12725,3718327
12726,3331151
12727,3401996
12728,2838452
12729,7122054
12730,2805514
12731,7406460
12732,4145153
12733,2825497
12734,9564917
12735,3071223
12736,2701025
12737,3092623
12738,2936519
12739,8170811
12740,2797879
12741,2744782
12742,3152817
12743,3316336
12744,3181112
12745,6017481
12746,7272974
12747,3049340
12748,2953546
12749,2811510
12750,3339111
12751,4590857
12752,2502951
12753,4164993
12754,2768986
12755,2962044
12756,3980365
12757,3939952
12758,4180450
12759,4658493
12760,4384552
12761,2453663
12762,2177197
12763,2473002
12764,3167725
12765,20475353
12766,4247917
12767,8394987
12768,2491004
12769,4265122
12770,3831720
12771,11443974
12772,1996565
12773,1965120
12774,5373480
12775,2425319
12776,8919836
12777,4772673
12778,3313840
12779,4929076
12780,3440097
12781,4877456
12782,8719518
12783,4412976
12784,4308905
12785,5257241
12786,15181420
12787,4619166
12788,3132457
12789,4056928
12790,5818547
12791,3385236
12792,3415756
12793,3738674
12794,2903267
12795,2903001
12796,3081786
12797,2622025
12798,3725109
12799,2556500
12800,2761779
12801,2213296
12802,2470840
12803,2855308
12804,2675412
12805,10955334
12806,2041428
12807,2369264
12808,3047624
12809,3622564
12810,6714467
12811,4624526
12812,4657673
12813,2504635
12814,4787051
12815,7056449
12816,4444001
12817,2530452
12818,2579630
12819,3567016
12820,2695987
12821,3011075
12822,3083725
12823,2219441
12824,2240739
12825,2840173
12826,1970586
12827,2188272
12828,2376777
12829,2920626
12830,2636771
12831,3533918
12832,2509911
12833,2095536
12834,4655178
12835,7907002
12836,2004764
12837,2943102
12838,2356779
12839,2882738
12840,5587116
12841,3034132
12842,2881163
12843,3343234
12844,3287589
12845,2976900
12846,3021540
12847,6809024
12848,2265174
12849,3721264
12850,2426751
12851,3124422
12852,2100484
12853,3401026
12854,2515679
12855,3390853
12856,3475093
12857,2526718
12858,4808619
12859,2050592
12860,1921739
12861,6105684
12862,3463530
12863,4648487
12864,4681097
12865,4688794
12866,3151501
12867,4387141
12868,3528597
12869,2228536
12870,9730843
12871,5248472
12872,3097377
12873,4562286
12874,2027422
12875,2361590
12876,2267720
12877,2284020
12878,2931306
12879,4818272
12880,2510865
12881,3122621
12882,6374478
12883,3862339
12884,6506618
12885,4006985
12886,2795063
12887,2909876
12888,3401142
12889,3897887
12890,5092538
12891,7888155
12892,2586078
12893,3175108
12894,3013529
12895,2222947
12896,2558823
12897,2535835
12898,3039052
12899,2900048
12900,2800815
12901,2798592
12902,3803096
12903,2256823
12904,2661649
12905,3861465
12906,2076601
12907,2963286
12908,3254764
12909,2187406
12910,5461332
12911,7999759
12912,4601619
12913,4049318
12914,3844469
12915,3400441
12916,2969267
12917,4810071
12918,4317855
12919,8592868
12920,5973851
12921,5135252
12922,4930895
12923,2985223
12924,4653435
12925,4410878
12926,4439890
12927,6726437
12928,7833101
12929,4258114
12930,4184747
12931,2196186
12932,4004645
12933,5334142
12934,6236931
12935,2484166
12936,2175913
12937,6207901
12938,7766199
12939,5770460
12940,6652004
12941,5512486
12942,4340085
12943,8247297
12944,3040030
12945,3619834
12946,4501475
12947,2336163
12948,2232768
12949,2144707
12950,3884637
12951,2966894
12952,2062307
12953,2973677
12954,11651421
12955,7126651
12956,2254747
12957,4875132
12958,2541282
12959,1910848
12960,2634405
12961,2104135
12962,2250779
12963,2393361
12964,4952709
12965,3968166
12966,2700500
12967,4452626
12968,2381686
12969,2901653
12970,2737680
12971,7184523
12972,4338391
12973,3756163
12974,2494221
12975,9785224
12976,6109254
12977,4917424
12978,14589255
12979,2442525
12980,2175654
12981,4252403
12982,3138496
12983,3404655
12984,4202881
12985,5102163
12986,3876094
12987,2146447
12988,2100903
12989,2000500
12990,3119002
12991,6882225
12992,2786898
12993,6027938
12994,2269964
12995,2899903
12996,15146893
12997,3532060
12998,2363319
12999,2556626
13000,2868730
13001,4882335
13002,2859564
13003,2792228
13004,2775715
13005,4288930
13006,3768621
13007,8362203
13008,5176030
13009,3110709
13010,3517985
13011,6128723
13012,3631675
13013,2833527
13014,3122481
13015,4112713
13016,4266803
13017,4225067
13018,4907736
13019,3017399
13020,2709682
13021,2844442
13022,2895204
13023,2729491
13024,2805122
13025,4178415
13026,2054196
13027,3085814
13028,4668846
13029,2737417
13030,4292384
13031,2485127
13032,2208580
13033,2032126
13034,2365716
13035,4008684
13036,2569134
13037,2059872
13038,3859347
13039,12108132
13040,2822110
13041,2664069
13042,3423071
13043,2260955
13044,2418281
13045,2144446
13046,3158875
13047,6031867
13048,3669301
13049,4779254
13050,2395729
13051,4869132
13052,2920297
13053,2101001
13054,4545853
13055,2817532
13056,2724324
13057,5274834
13058,2616416
13059,6233573
13060,4730739
13061,5064818
13062,9374451
13063,3356030
13064,3231360
13065,3415754
13066,2921741
13067,2816717
13068,3011354
13069,2018930
13070,3098699
13071,2838328
13072,3413843
13073,4389408
13074,2935204
13075,2368637
13076,7045313
13077,7274882
13078,9725590
13079,7143322
13080,9409142
13081,5701923
13082,2481917
13083,4399632
13084,4819150
13085,4697015
13086,2761199
13087,7620986
13088,5316444
13089,2634442
13090,2359818
13091,7936398
13092,3034239
13093,5408166
13094,3286539
13095,8275184
13096,2250515
13097,2603827
13098,5041858
13099,5643086
13100,5165056
13101,3396303
13102,5064327
13103,3736157
13104,4454420
13105,2937753
13106,5550959
13107,6246334
13108,2588616
13109,4299476
13110,3477120
13111,2513509
13112,3842441
13113,4616599
13114,2523128
13115,2238851
13116,2479422
13117,2688340
13118,2589365
13119,2563705
13120,2934951
13121,4203942
13122,4500829
13123,5052961
13124,5895732
13125,2854028
13126,3030921
13127,6143054
13128,6986312
13129,3340821
13130,3881815
13131,2817686
13132,4537381
13133,2181536
13134,3289419
13135,3409354
13136,5721199
13137,4328914
13138,2786965
13139,6103073
13140,3043639
13141,2628909
13142,2812626
13143,7332170
13144,4492412
13145,2375091
13146,3450015
13147,2510109
13148,2613097
13149,3647093
13150,3981601
13151,8141065
13152,3057212
13153,2701947
13154,3160332
13155,5262847
13156,5097306
13157,7522925
13158,3447731
13159,4383830
13160,5031514
13161,2443690
13162,2535355
13163,2688326
13164,4955138
13165,4249046
13166,3487713
13167,2499709
13168,2166730
13169,2339906
13170,3682949
13171,6867404
13172,2067333
13173,1960543
13174,2602799
13175,2147220
13176,2197107
13177,2656745
13178,2785845
13179,3409473
13180,2255530
13181,5217909
13182,4050314
13183,5931067
13184,4956911
13185,7453708
13186,2405902
13187,6665698
13188,2894583
13189,5193304
13190,4546590
13191,3540254
13192,5855069
13193,3589559
13194,2176390
13195,12262711
13196,2989395
13197,2259127
13198,3480244
13199,2672523
13200,2208459
13201,3390299
13202,2580752
13203,2862473
13204,2364167
13205,4359685
13206,9220393
13207,3596758
13208,3056943
13209,3391632
13210,9247847
13211,2716896
13212,6948535
13213,9224462
13214,4037178
13215,10871717
13216,3892528
13217,3577707
13218,3819098
13219,4593436
13220,4409240
13221,8201859
13222,2681863
13223,4874588
13224,5391735
13225,4653009
13226,3045513
13227,4779420
13228,4540959
13229,2442585
13230,3061132
13231,2721239
13232,2609592
13233,4521547
13234,3184238
13235,2465095
13236,7753058
13237,4434886
13238,4819899
13239,3947055
13240,5183468
13241,3470764
13242,3629856
13243,14057978
13244,2613922
13245,2518065
13246,3292821
13247,2559939
13248,5561822
13249,2482696
13250,2607238
13251,3257154
13252,2622037
13253,2887423
13254,2766715
13255,4556267
13256,5679146
13257,2945931
13258,3724581
13259,5269412
13260,6393713
13261,2269027
13262,3429220
13263,2872814
13264,2703255
13265,3540817
13266,3786847
13267,8861004
13268,3662301
13269,5986393
13270,3925083
13271,2461764
13272,2714855
13273,2414236
13274,2450626
13275,11382075
13276,2284323
13277,5695442
13278,3322491
13279,5262755
13280,2705243
13281,3280586
13282,3021403
13283,3498225
13284,3607496
13285,3979573
13286,6584734
13287,7040033
13288,7462028
13289,6093120
13290,4076577
13291,7049257
13292,4302262
13293,3305301
13294,2814291
13295,3125527
13296,2787137
13297,2703383
13298,3006012
13299,2996531
13300,2754848
13301,7458536
13302,4320428
13303,2626381
13304,17092570
13305,2612190
13306,2267873
13307,3825514
13308,2742322
13309,2832114
13310,3049543
13311,6285061
13312,3404929
13313,2509452
13314,2056589
13315,13340283
13316,4426134
13317,3078379
13318,2960668
13319,2811959
13320,2928249
13321,2561131
13322,2526207
13323,2511468
13324,2754184
13325,3166868
13326,2984152
13327,2893118
13328,3188702
13329,4951803
13330,3292420
13331,2479670
13332,4788302
13333,3147435
13334,2484587
13335,4136088
13336,4260946
13337,3954508
13338,2380898
13339,2300482
13340,3168901
13341,4854260
13342,2813449
13343,6337902
13344,5808778
13345,4136822
13346,6675824
13347,4800425
13348,2928512
13349,2288031
13350,3931157
13351,4325033
13352,3550399
13353,3472744
13354,3744088
13355,3039262
13356,2748804
13357,3640344
13358,7603757
13359,3735020
13360,2283350
13361,3087676
13362,2364998
13363,2093260
13364,4156416
13365,4710172
13366,4024601
13367,6865588
13368,2598353
13369,2760715
13370,2693811
13371,2529242
13372,2581312
13373,3844988
13374,6097106
13375,5175025
13376,6117898
13377,6719772
13378,4315119
13379,4595841
13380,4954945
13381,3888378
13382,3683593
13383,8289289
13384,6272821
13385,2494433
13386,3321929
13387,4012562
13388,3921738
13389,6800107
13390,6576528
13391,3439812
13392,2675239
13393,2243712
13394,2416329
13395,5561064
13396,5991578
13397,5444304
13398,2219411
13399,2173093
13400,2647507
13401,5194982
13402,5780435
13403,4815565
13404,3301007
13405,3534628
13406,2857790
13407,4200404
13408,5510055
13409,3723418
13410,3035957
13411,3354096
13412,2491115
13413,8250058
13414,3641307
13415,4628972
13416,6897805
13417,4803244
13418,3451535
13419,4929630
13420,3151034
13421,2999313
13422,4028987
13423,2603068
13424,5351315
13425,4571416
13426,6902134
13427,6869109
13428,16786977
13429,2569194
13430,1997618
13431,7237396
13432,2205238
13433,4319486
13434,4332940
13435,4039395
13436,11752953
13437,4477554
13438,10873344
13439,4742705
13440,2754953
13441,2140384
13442,5252163
13443,4227483
13444,3425922
13445,2156887
13446,2659315
13447,2431268
13448,2490060
13449,2403167
13450,2748240
13451,2103318
13452,3020316
13453,2325166
13454,2844429
13455,2231433
13456,2198084
13457,3019465
13458,7656043
13459,6471294
13460,5515317
13461,2475667
13462,2829214
13463,4173789
13464,4663058
13465,6232228
13466,6079275
13467,3024684
13468,2103422
13469,2707808
13470,4033002
13471,2946340
13472,3072472
13473,6627803
13474,2467593
13475,3883090
13476,2302740
13477,7694517
13478,4465371
13479,5406008
13480,2966513
13481,2864510
13482,3085190
13483,6458839
13484,3309118
13485,9104569
13486,3250075
13487,5743151
13488,2604959
13489,7534786
13490,7525073
13491,2351133
13492,2054848
13493,3515875
13494,3090226
13495,4555015
13496,2540309
13497,3921542
13498,3068240
13499,2478580
13500,4794341
13501,6818890
13502,4775790
13503,4150909
13504,6617088
13505,4982859
13506,2802497
13507,3842451
13508,3724352
13509,3619739
13510,5208809
13511,3329099
13512,6443970
13513,5408950
13514,3044097
13515,5351237
13516,4850946
13517,4280075
13518,2246329
13519,4688720
13520,2435175
13521,7695607
13522,6478304
13523,3795046
13524,3678133
13525,4617291
13526,3563698
13527,3070451
13528,2256174
13529,4428789
13530,5085988
13531,6035489
13532,2005537
13533,2391789
13534,2731494
13535,4841857
13536,4615106
13537,3303364
13538,3072026
13539,2159148
13540,2888078
13541,3336140
13542,18663220
13543,2820702
13544,3018007
13545,2362108
13546,2892133
13547,5480253
13548,2807808
13549,2995501
13550,3314654
13551,2316288
13552,2452606
13553,5113249
13554,2155210
13555,4274851
13556,6381158
13557,3504174
13558,2874805
13559,2428734
13560,2130489
13561,3143211
13562,2266133
13563,10695422
13564,2806556
13565,4545151
13566,4571946
13567,2477989
13568,3008575
13569,3604722
13570,2411703
13571,4365250
13572,2247691
13573,2708838
13574,2895878
13575,3118729
13576,4842372
13577,2517549
13578,2310604
13579,2436381
13580,5049813
13581,3613108
13582,2545343
13583,2588301
13584,10779508
13585,4028093
13586,2487991
13587,8378987
13588,3492983
13589,4061957
13590,2956897
13591,3993047
13592,2278110
13593,3256434
13594,2684119
13595,2521861
13596,2595714
13597,2415292
13598,6061233
13599,4565143
13600,2244053
13601,3665644
13602,2960257
13603,4250236
13604,3169510
13605,14136693
13606,7075391
13607,17258731
13608,3557489
13609,2784106
13610,3384540
13611,6882992
13612,6938492
13613,2404612
13614,3428688
13615,9345466
13616,2328075
13617,4877043
13618,5685268
13619,3437052
13620,2827922
13621,2775688
13622,2489657
13623,2689128
13624,2493367
13625,2685808
13626,7350739
13627,3028151
13628,3069647
13629,2994484
13630,3474855
13631,3636379
13632,3462289
13633,4059490
13634,4215774
13635,2927760
13636,2847549
13637,2792911
13638,2854505
13639,9912204
13640,2796532
13641,2965497
13642,2698395
13643,2729486
13644,2837670
13645,2027332
13646,3378394
13647,5146238
13648,6278547
13649,2384537
13650,2677818
13651,2631936
13652,4179548
13653,2845639
13654,2582391
13655,2584815
13656,4702640
13657,3572016
13658,2372349
13659,2307572
13660,3899197
13661,5111873
13662,7735267
13663,5559092
13664,6959973
13665,4608651
13666,4630668
13667,4975509
13668,6934726
13669,7239639
13670,3329075
13671,3309804
13672,5304958
13673,7186829
13674,2487438
13675,4632027
13676,3079374
13677,4751969
13678,4143798
13679,2577764
13680,3044970
13681,2727913
13682,4127436
13683,4064389
13684,2216766
13685,4005507
13686,3964372
13687,3883924
13688,2626265
13689,3714110
13690,2413478
13691,2425020
13692,3208658
13693,5556733
13694,3770199
13695,4065661
13696,2435423
13697,2710662
13698,2277899
13699,2825722
13700,2557321
13701,5471417
13702,2359991
13703,3260871
13704,2519277
13705,2145567
13706,6912599
13707,5904265
13708,3772348
13709,2742220
13710,8688713
13711,3294318
13712,2680741
13713,2746702
13714,2840955
13715,4263277
13716,2914270
13717,4354629
13718,7176131
13719,5092346
13720,2005458
13721,4042449
13722,2812285
13723,5246304
13724,3334252
13725,4333729
13726,5152057
13727,2558418
13728,4596817
13729,2600298
13730,3250666
13731,3894541
13732,3396515
13733,2709172
13734,2111210
13735,2434787
13736,2258695
13737,2123694
13738,4887876
13739,5200542
13740,3332422
13741,4716710
13742,2335595
13743,3313987
13744,4112349
13745,2441902
13746,2435499
13747,13398358
13748,3176700
13749,2692022
13750,2558312
13751,3184985
13752,3016250
13753,4035736
13754,2792178
13755,2775628
13756,2496012
13757,5696384
13758,6061441
13759,4812109
13760,2610863
13761,2519065
13762,6930764
13763,2406445
13764,4204060
13765,3703451
13766,2365497
13767,3431074
13768,2335045
13769,2279271
13770,3232928
13771,2279930
13772,2144660
13773,5977897
13774,3947449
13775,3853233
13776,2585520
13777,1932813
13778,7208403
13779,4369346
13780,4237572
13781,2803407
13782,3953748
13783,2556875
13784,5012433
13785,2682031
13786,6141749
13787,3986673
13788,2580121
13789,2405229
13790,5859852
13791,2969681
13792,3002749
13793,2860514
13794,5208173
13795,3453798
13796,4580585
13797,3039349
13798,2997078
13799,2937631
13800,3975274
13801,6207936
13802,3376721
13803,4274321
13804,3418334
13805,2509333
13806,4423178
13807,3825958
13808,5832780
13809,9145804
13810,2996078
13811,3894059
13812,3354117
13813,2816653
13814,3363402
13815,4859219
13816,8334556
13817,2860448
13818,14743700
13819,3174767
13820,3972724
13821,2597926
13822,3915889
13823,2559604
13824,5737854
13825,4616209
13826,3781892
13827,3961560
13828,8903037
13829,3949489
13830,4136283
13831,4980303
13832,7676124
13833,7547977
13834,3102473
13835,4700968
13836,5928367
13837,2275695
13838,4999252
13839,5576586
13840,2737636
13841,4023804
13842,3175524
13843,4291765
13844,2850389
13845,2571664
13846,3915351
13847,4562139
13848,4858293
13849,2167819
13850,5518058
13851,5062604
13852,2898295
13853,2691576
13854,3832984
13855,2937044
13856,3290598
13857,5166685
13858,2535609
13859,3004011
13860,1951809
13861,3990055
13862,4782455
13863,2582155
13864,2897909
13865,2083372
13866,2367086
13867,2782585
13868,4514241
13869,2707529
13870,2493004
13871,4751350
13872,4568977
13873,5317576
13874,6043180
13875,4756903
13876,2886476
13877,2301464
13878,3591557
13879,3856642
13880,2907456
13881,2435350
13882,3887468
13883,2449046
13884,6641243
13885,5656754
13886,5368872
13887,13454353
13888,6361437
13889,2652549
13890,2549421
13891,12438239
13892,2729861
13893,2387475
13894,2681449
13895,3823066
13896,2258457
13897,2492445
13898,2784819
13899,3866536
13900,6181383
13901,3604203
13902,4604459
13903,5617701
13904,2536273
13905,1950555
13906,2503532
13907,4874889
13908,5124740
13909,2896470
13910,2379993
13911,4337907
13912,2306683
13913,2324539
13914,2361823
13915,2300315
13916,2236368
13917,2410047
13918,4452090
13919,3079623
13920,2896703
13921,2785928
13922,2425931
13923,2348086
13924,2845603
13925,2351551
13926,8554970
13927,2100424
13928,2663513
13929,5227054
13930,2869528
13931,4810145
13932,6368338
13933,5019208
13934,6909886
13935,6388867
13936,3579823
13937,4054567
13938,2212324
13939,4714359
13940,3122908
13941,2863384
13942,2405374
13943,2571626
13944,2389565
13945,2310882
13946,3176351
13947,2569193
13948,2571764
13949,3322784
13950,2342617
13951,6853710
13952,4771306
13953,4439271
13954,2217620
13955,3964285
13956,8698847
13957,6261796
13958,2956965
13959,2668455
13960,2779950
13961,2771877
13962,2704169
13963,6574375
13964,10918665
13965,2331835
13966,2343802
13967,3771978
13968,2362264
13969,2760305
13970,2904207
13971,5341129
13972,3437038
13973,2227289
13974,2652654
13975,3634791
13976,2580435
13977,2338888
13978,3467915
13979,3794778
13980,3924422
13981,3936642
13982,2808572
13983,2805712
13984,3196430
13985,3690608
13986,2516223
13987,5580379
13988,4673880
13989,4491291
13990,2736583
13991,2276888
13992,3721992
13993,2526192
13994,2828191
13995,3839471
13996,3154211
13997,2664670
13998,2705590
13999,6636624
14000,3968701
14001,7916903
14002,7947568
14003,2724849
14004,3555980
14005,7229229
14006,4510990
14007,2616892
14008,3853585
14009,6719503
14010,9067516
14011,3525717
14012,2798157
14013,2362198
14014,2898824
14015,6475824
14016,2531039
14017,3063762
14018,2694242
14019,5952211
14020,4413504
14021,6584609
14022,3087325
14023,4049972
14024,2974779
14025,6362000
14026,3615078
14027,2778840
14028,2945380
14029,3464796
14030,3057010
14031,6109518
14032,2567648
14033,2879227
14034,4467218
14035,8485259
14036,3171951
14037,2935072
14038,4639556
14039,4960986
14040,7428951
14041,2461437
14042,7003457
14043,5484305
14044,4842941
14045,2174906
14046,3648580
14047,7404331
14048,3195504
14049,3369002
14050,3586499
14051,2922485
14052,5466119
14053,5887550
14054,3163457
14055,2941463
14056,2803043
14057,2863594
14058,3011106
14059,3371383
14060,3341771
14061,4204113
14062,4207623
14063,4559831
14064,2250112
14065,6335958
14066,3509744
14067,3528783
14068,3333142
14069,5620323
14070,7227510
14071,3218069
14072,5973307
14073,2313911
14074,3777532
14075,3165685
14076,6777167
14077,3197422
14078,3205204
14079,4942320
14080,2828424
14081,3534919
14082,3665852
14083,3926527
14084,2134578
14085,4011422
14086,2643113
14087,3195099
14088,3290123
14089,2413225
14090,3793030
14091,2221510
14092,2350754
14093,3699414
14094,3214109
14095,2326885
14096,2889259
14097,2590573
14098,3886216
14099,5233307
14100,3710507
14101,4575416
14102,3423704
14103,2880443
14104,3402507
14105,4004974
14106,2494309
14107,5415433
14108,4800558
14109,7449921
14110,4217534
14111,3031397
14112,2357246
14113,2258255
14114,3054231
14115,5061816
14116,2457303
14117,4247893
14118,4993758
14119,2305529
14120,2224577
14121,4969881
14122,9229529
14123,6010842
14124,6244807
14125,3341317
14126,2793692
14127,4453778
14128,8752622
14129,3882432
14130,5671406
14131,6368674
14132,4931505
14133,3845261
14134,2107676
14135,2716092
14136,4003279
14137,5663318
14138,20478270
14139,5048387
14140,2326009
14141,4111530
14142,3139840
14143,2550749
14144,3537801
14145,2562437
14146,6608687
14147,7124288
14148,2265036
14149,5033973
14150,4522547
14151,5925966
14152,9381200
14153,2170174
14154,3671246
14155,7604428
14156,6607077
14157,2695022
14158,5140241
14159,4440799
14160,2792682
14161,4030617
14162,2787816
14163,2019906
14164,2472671
14165,1951390
14166,4325616
14167,5601952
14168,5062235
14169,4375886
14170,7313019
14171,5926112
14172,4634508
14173,3845225
14174,4297222
14175,2180844
14176,4693026
14177,5276176
14178,3348822
14179,3624724
14180,2485438
14181,5669233
14182,2964617
14183,4687400
14184,2348037
14185,2352450
14186,2770615
14187,4788536
14188,3024665
14189,2856397
14190,2347288
14191,3515245
14192,3066761
14193,6706108
14194,3687391
14195,2689121
14196,3067916
14197,2264270
14198,4231710
14199,3134322
14200,2103359
14201,2244776
14202,8485029
14203,2507643
14204,5342186
14205,3652986
14206,2067067
14207,4967078
14208,3856290
14209,7076668
14210,5928269
14211,8068385
14212,3768179
14213,5707459
14214,5380500
14215,4174518
14216,4820996
14217,5532444
14218,6433244
14219,5539823
14220,5587130
14221,5549823
14222,5808557
14223,4159969
14224,3167127
14225,3182984
14226,2290575
14227,3517241
14228,2652788
14229,3286399
14230,3587227
14231,6954018
14232,5963153
14233,4437361
14234,3022400
14235,6894803
14236,2893037
14237,3048410
14238,6458954
14239,12210912
14240,6115808
14241,4815837
14242,3192707
14243,7136442
14244,2212748
14245,2515244
14246,2296774
14247,2476407
14248,4440495
14249,6135328
14250,3459963
14251,5492302
14252,2392112
14253,6142535
14254,6009351
14255,3702782
14256,4622453
14257,3191685
14258,4710489
14259,2729019
14260,5880557
14261,3385331
14262,3195249
14263,4233049
14264,4710670
14265,3617979
14266,6510777
14267,4249580
14268,2329771
14269,2936984
14270,3155909
14271,3460481
14272,14532978
14273,4446678
14274,3061941
14275,2842784
14276,4491915
14277,7319981
14278,4508102
14279,4895427
14280,3183351
14281,4702928
14282,3599272
14283,3480556
14284,2764638
14285,4627259
14286,2509864
14287,2132896
14288,3383221
14289,4339126
14290,3130643
14291,4914030
14292,3164364
14293,3202103
14294,9971636
14295,3083840
14296,3342069
14297,3736687
14298,5260902
14299,4487653
14300,2499628
14301,3148538
14302,3363776
14303,3119911
14304,11629284
14305,3016769
14306,2683275
14307,3339143
14308,3052825
14309,2557875
14310,5232779
14311,4065864
14312,9890786
14313,3005894
14314,3329499
14315,2751653
14316,2421872
14317,2901977
14318,2985541
14319,3322877
14320,4919143
14321,3272189
14322,2935733
14323,2733229
14324,2878235
14325,4886415
14326,2029271
14327,5400699
14328,2248846
14329,3082211
14330,1953806
14331,4897428
14332,2274584
14333,7181590
14334,4865007
14335,3405418
14336,4912152
14337,2741312
14338,13375267
14339,5933147
14340,3545513
14341,9475222
14342,4347182
14343,2585205
14344,3748952
14345,3650439
14346,2358658
14347,4042469
14348,3576934
14349,6366850
14350,2458443
14351,2285308
14352,5566783
14353,3907584
14354,6580527
14355,5054413
14356,7843188
14357,4596799
14358,5648169
14359,2259846
14360,10693147
14361,7554149
14362,2677957
14363,4723561
14364,4696023
14365,4333512
14366,5264940
14367,4194782
14368,11939441
14369,3383599
14370,7987751
14371,5233313
14372,3506132
14373,2762491
14374,3090821
14375,5786778
14376,5866074
14377,3240462
14378,2625158
14379,2818978
14380,6286455
14381,10607792
14382,4220058
14383,4058324
14384,3448496
14385,4137626
14386,2327863
14387,2200220
14388,2338866
14389,6475828
14390,3387187
14391,2464499
14392,8873128
14393,3334980
14394,2247415
14395,2320549
14396,5302743
14397,2799241
14398,2578913
14399,2704757
14400,3667754
14401,3375185
14402,8831365
14403,9452203
14404,4577048
14405,4761530
14406,9110739
14407,4709154
14408,3293161
14409,3247557
14410,3002294
14411,3327881
14412,5251538
14413,2823466
14414,6044512
14415,5771139
14416,3776655
14417,3036804
14418,2725877
14419,2662015
14420,4118344
14421,5503920
14422,2316516
14423,3555258
14424,3863508
14425,5384435
14426,2415181
14427,4203496
14428,4267293
14429,3958709
14430,5208563
14431,3704907
14432,8470520
14433,8196565
14434,5961269
14435,2337259
14436,3013970
14437,4729731
14438,2574145
14439,5931237
14440,6251087
14441,4013144
14442,13433913
14443,7284811
14444,7997100
14445,14418701
14446,2998332
14447,2716353
14448,5127163
14449,3867852
14450,2672602
14451,3623210
14452,2722954
14453,4070438
14454,2480967
14455,2485472
14456,2707900
14457,2605139
14458,6440563
14459,2499986
14460,5841765
14461,3812930
14462,5245106
14463,2945560
14464,4068991
14465,2313774
14466,3194710
14467,7452942
14468,2958527
14469,4102782
14470,2455083
14471,4350066
14472,2473304
14473,3308254
14474,3110510
14475,2310602
14476,3006666
14477,5105781
14478,2897006
14479,5524784
14480,8998258
14481,2844024
14482,9658181
14483,3019156
14484,4487479
14485,3878034
14486,2746552
14487,12434687
14488,5953821
14489,2661804
14490,2936347
14491,2435473
14492,2255044
14493,3575152
14494,3034980
14495,3359756
14496,2034160
14497,3873549
14498,2289079
14499,2442423
14500,6882036
14501,7047063
14502,2286124
14503,4788638
14504,3083728
14505,3018483
14506,2472144
14507,3111240
14508,3070038
14509,3287158
14510,2923042
14511,2296845
14512,3879137
14513,2941681
14514,5004053
14515,4538354
14516,6370582
14517,3013897
14518,2685749
14519,2922674
14520,4138742
14521,2168024
14522,2122468
14523,2165613
14524,2143243
14525,3486670
14526,2118981
14527,2401518
14528,6370807
14529,3162498
14530,2582816
14531,2707906
14532,2871142
14533,4967879
14534,2516862
14535,7353368
14536,2478078
14537,3357046
14538,2769081
14539,4929730
14540,3121013
14541,3378263
14542,3658656
14543,4023132
14544,6549128
14545,5150485
14546,2854326
14547,4730631
14548,5883466
14549,7277477
14550,7292492
14551,2672403
14552,2511078
14553,3795308
14554,2106812
14555,4059676
14556,3424494
14557,5636011
14558,3465743
14559,4725118
14560,4856200
14561,8096362
14562,5233581
14563,2921243
14564,3314692
14565,4409622
14566,4274860
14567,3217660
14568,3299085
14569,3424446
14570,4655080
14571,5743004
14572,3570578
14573,2569678
14574,5172107
14575,4099988
14576,4439257
14577,5925186
14578,2609084
14579,2528075
14580,4425562
14581,4436878
14582,9035963
14583,3499756
14584,3609050
14585,4588647
14586,2153795
14587,2790916
14588,2657145
14589,4719607
14590,7424445
14591,7244279
14592,7743997
14593,6997577
14594,2330606
14595,4858315
14596,5893018
14597,5170069
14598,2527108
14599,20348904
14600,3831645
14601,7490348
14602,2819800
14603,3965064
14604,2495638
14605,2505852
14606,2225611
14607,4942569
14608,5968029
14609,4718866
14610,2904231
14611,3078561
14612,3300722
14613,5913615
14614,3351157
14615,4210249
14616,3063661
14617,3242842
14618,8901894
14619,3179014
14620,2516939
14621,2944882
14622,2660907
14623,2845757
14624,4224991
14625,3578224
14626,4135039
14627,6097915
14628,4148515
14629,8087707
14630,7081844
14631,4512231
14632,2612457
14633,2614675
14634,6869692
14635,3695587
14636,4992886
14637,2437368
14638,2245022
14639,2777407
14640,2724664
14641,3268349
14642,4297462
14643,6986093
14644,5874027
14645,4146224
14646,3208673
14647,3137174
14648,2442304
14649,2352067
14650,2379374
14651,3185010
14652,4303471
14653,2989642
14654,3107254
14655,3418560
14656,6625542
14657,4150301
14658,2474899
14659,2985928
14660,2109093
14661,4001334
14662,13373313
14663,3469032
14664,3349063
14665,2896662
14666,2482125
14667,3029434
14668,3123653
14669,5903189
14670,3311742
14671,2955612
14672,6516936
14673,7734541
14674,6578452
14675,3571432
14676,3436595
14677,5512326
14678,2602878
14679,2479218
14680,5408733
14681,7830179
14682,3130327
14683,2303625
14684,2517954
14685,2549013
14686,2323664
14687,4776457
14688,3201819
14689,3146096
14690,3515261
14691,2923372
14692,2661867
14693,3149157
14694,3333350
14695,6704524
14696,3504667
14697,4177739
14698,4009903
14699,4604849
14700,3089736
14701,6671378
14702,6177220
14703,3561205
14704,2990917
14705,2828333
14706,3888548
14707,3142166
14708,7146348
14709,2976152
14710,6323109
14711,3361693
14712,2331571
14713,4245306
14714,2569027
14715,8757245
14716,14142505
14717,24119850
14718,11198543
14719,9830022
14720,3579706
14721,4281201
14722,2476260
14723,2867745
14724,2405126
14725,2829664
14726,2210638
14727,2307956
14728,2431755
14729,2796468
14730,3065843
14731,2845351
14732,2071588
14733,5123760
14734,6282468
14735,2435131
14736,7252047
14737,5927241
14738,6199296
14739,2933405
14740,3835516
14741,7823457
14742,4194941
14743,6281533
14744,6015416
14745,4831488
14746,2563629
14747,3991702
14748,2184941
14749,4533041
14750,2942612
14751,3409455
14752,3096898
14753,5521075
14754,7473664
14755,2874727
14756,2430866
14757,4758640
14758,10490199
14759,4789347
14760,4335399
14761,3990794
14762,3014738
14763,2897999
14764,2934560
14765,2898042
14766,2553697
14767,4169951
14768,5548446
14769,7964922
14770,5769608
14771,4732707
14772,12574416
14773,3761194
14774,4296300
14775,4767445
14776,4417524
14777,7296319
14778,5024643
14779,4378440
14780,4394006
14781,5534946
14782,2359500
14783,2356656
14784,2153154
14785,3455592
14786,2078361
14787,3026090
14788,2964591
14789,2263172
14790,2535342
14791,5259098
14792,2493790
14793,4333493
14794,2468292
14795,4387553
14796,4579071
14797,4294715
14798,6273622
14799,4321666
14800,4180102
14801,4607687
14802,5407521
14803,4725771
14804,7027817
14805,7057990
14806,2920114
14807,12089822
14808,3383517
14809,6455269
14810,4488630
14811,3056193
14812,4546407
14813,2635049
14814,2931855
14815,7378162
14816,4145429
14817,3419059
14818,2825446
14819,2070353
14820,2256247
14821,6910360
14822,2907456
14823,3136364
14824,8244705
14825,5317815
14826,4642252
14827,3895071
14828,2434110
14829,10261914
14830,4696748
14831,2186030
14832,2414426
14833,2143175
14834,5107950
14835,2521232
14836,2475756
14837,5943852
14838,2597421
14839,5342776
14840,2612959
14841,3762220
14842,2872668
14843,2768080
14844,20944434
14845,3317711
14846,2841621
14847,5190757
14848,3243053
14849,4053089
14850,5513990
14851,4539649
14852,2230433
14853,3530772
14854,4742239
14855,2367709
14856,2172409
14857,2677505
14858,3808235
14859,2964109
14860,2965960
14861,4769058
14862,7622868
14863,1960286
14864,5597767
14865,25783622
14866,4629595
14867,3829612
14868,4206519
14869,2930241
14870,5265333
14871,2879701
14872,3002720
14873,5247505
14874,3083865
14875,2366347
14876,3309004
14877,4823117
14878,2796912
14879,4029651
14880,3204954
14881,5131859
14882,2152567
14883,2110271
14884,2837641
14885,4358822
14886,5714418
14887,5348585
14888,3128590
14889,3222768
14890,6498312
14891,3581685
14892,3017226
14893,2668192
14894,3491069
14895,4724588
14896,4141434
14897,10066485
14898,3497313
14899,3284046
14900,2250633
14901,2689066
14902,3279225
14903,18155497
14904,2934069
14905,6098785
14906,7022047
14907,6065643
14908,3125151
14909,2627914
14910,2780803
14911,3172976
14912,3068846
14913,5347820
14914,4470946
14915,2441516
14916,2263821
14917,3980992
14918,2826415
14919,2923568
14920,2502531
14921,2427071
14922,2441725
14923,3957033
14924,3687741
14925,2827804
14926,2250905
14927,1976052
14928,8757016
14929,4279223
14930,2829381
14931,6861195
14932,2898826
14933,5215866
14934,4449274
14935,8820675
14936,3009602
14937,5569501
14938,12174287
14939,2173299
14940,4630409
14941,6277243
14942,5175630
14943,2805603
14944,2542473
14945,2209682
14946,7478041
14947,2925609
14948,4162363
14949,4917386
14950,4278447
14951,2806964
14952,2667110
14953,2731228
14954,5124404
14955,3729396
14956,2467824
14957,3239493
14958,2055149
14959,4093212
14960,1973698
14961,2419818
14962,2244854
14963,4906923
14964,2706826
14965,2051022
14966,3326777
14967,2074929
14968,2315536
14969,6046587
14970,3854611
14971,3591538
14972,2206680
14973,6465632
14974,12691654
14975,2018222
14976,4943344
14977,2624128
14978,2827778
14979,2419970
14980,2098261
14981,4904989
14982,2865189
14983,3071717
14984,4845054
14985,2590282
14986,2037404
14987,2664582
14988,3780579
14989,2347344
14990,3086129
14991,3533260
14992,4737470
14993,10901931
14994,7002531
14995,5091015
14996,2194592
14997,3759447
14998,3754581
14999,2749617
15000,6174840
15001,2976801
15002,4738241
15003,3901088
15004,3472576
15005,4474194
15006,4408774
15007,3956803
15008,4246504
15009,2549927
15010,2626917
15011,2326629
15012,2789729
15013,3452118
15014,2762143
15015,2249640
15016,3246153
15017,2488038
15018,3251517
15019,2033283
15020,1968246
15021,2329765
15022,2857556
15023,2690731
15024,4443281
15025,3821324
15026,2633628
15027,7502554
15028,5354296
15029,3269326
15030,3737689
15031,6707346
15032,4281316
15033,8777348
15034,9015376
15035,3116523
15036,12932630
15037,4130276
15038,11672868
15039,6392494
15040,7104474
15041,8618436
15042,3528587
15043,2541757
15044,3352465
15045,2573621
15046,2279579
15047,7112853
15048,2452790
15049,2627557
15050,2432740
15051,3171249
15052,3180513
15053,2521517
15054,3318090
15055,1934160
15056,4890551
15057,2354436
15058,5720327
15059,5235564
15060,3554683
15061,2524746
15062,5786332
15063,3774676
15064,2096577
15065,4599483
15066,5235866
15067,4961642
15068,5927859
15069,3128203
15070,3083818
15071,2879475
15072,3864489
15073,4740001
15074,3995388
15075,8350399
15076,3030243
15077,7062876
15078,3639675
15079,3762583
15080,2304970
15081,2380639
15082,2386740
15083,2175383
15084,3324576
15085,3745097
15086,4089842
15087,2117560
15088,3347784
15089,2649816
15090,6408141
15091,3151118
15092,2893875
15093,5063405
15094,3191580
15095,3183914
15096,3106642
15097,4991334
15098,5516279
15099,2660170
15100,2960148
15101,3718424
15102,4562456
15103,3728520
15104,5266307
15105,3046678
15106,2295512
15107,3397993
15108,2767920
15109,3045613
15110,7684982
15111,2455526
15112,2729640
15113,3583528
15114,2699507
15115,2839476
15116,2697196
15117,4475435
15118,2973793
15119,5911950
15120,2553499
15121,4524791
15122,3228720
15123,2598150
15124,2405485
15125,2478187
15126,2794216
15127,3215409
15128,4352744
15129,5976116
15130,5368579
15131,5647858
15132,3687780
15133,3268880
15134,2756123
15135,3297959
15136,3245825
15137,7170125
15138,9743206
15139,6058926
15140,3012694
15141,4244389
15142,4534576
15143,2783619
15144,3072813
15145,2756209
15146,3591029
15147,3166949
15148,3455260
15149,3050763
15150,3227211
15151,7891532
15152,6541511
15153,4760316
15154,4006582
15155,2891175
15156,3083628
15157,5862910
15158,3996254
15159,4968590
15160,3038351
15161,7230905
15162,3455134
15163,6437910
15164,3160684
15165,3245069
15166,4354724
15167,3144465
15168,3175085
15169,4770477
15170,2975161
15171,2430606
15172,2719909
15173,11685298
15174,4939751
15175,5209315
15176,3913406
15177,3943104
15178,2642613
15179,2286637
15180,3268716
15181,2869954
15182,3976138
15183,2302189
15184,2582995
15185,2402733
15186,2470892
15187,3812640
15188,2382250
15189,4565939
15190,2567770
15191,2466195
15192,4667415
15193,4267664
15194,7951007
15195,4235901
15196,3236604
15197,2354946
15198,2857657
15199,4058740
15200,3769535
15201,6873719
15202,5526266
15203,4779533
15204,2543798
15205,3964655
15206,2519761
15207,3791100
15208,5496276
15209,7050066
15210,3038178
15211,2535318
15212,2473365
15213,2724277
15214,3365057
15215,7017109
15216,3161257
15217,2169755
15218,2765787
15219,3627309
15220,2163670
15221,2951760
15222,5680665
15223,5123338
15224,3795916
15225,2887221
15226,4368289
15227,3208602
15228,3728557
15229,16558946
15230,7353663
15231,5642139
15232,4745869
15233,4815994
15234,3238087
15235,2354377
15236,2042704
15237,12013908
15238,5267700
15239,4610833
15240,2479415
15241,5831630
15242,7128159
15243,4698182
15244,5086396
15245,2767209
15246,2217259
15247,2063259
15248,2355104
15249,2335899
15250,3716122
15251,3843152
15252,2309319
15253,4316765
15254,5438883
15255,2450615
15256,2311759
15257,2360317
15258,5296890
15259,4028840
15260,6336800
15261,2487684
15262,11229785
15263,4535663
15264,4438611
15265,2292080
15266,3172273
15267,2587261
15268,2540896
15269,9859267
15270,2599236
15271,2401339
15272,2410031
15273,2243606
15274,2063866
15275,5661788
15276,4873178
15277,3862353
15278,6084682
15279,6554211
15280,5210812
15281,2230198
15282,5070008
15283,3925958
15284,4650927
15285,7120288
15286,2896976
15287,2440743
15288,3020633
15289,2282271
15290,2982216
15291,2372836
15292,4406040
15293,3026429
15294,2711116
15295,4282845
15296,5371883
15297,2286605
15298,8677458
15299,6355578
15300,4754349
15301,4510474
15302,2295127
15303,2473708
15304,2174082
15305,2491008
15306,5567660
15307,2642168
15308,3910357
15309,2537370
15310,2724215
15311,2705242
15312,3602423
15313,2069900
15314,2410693
15315,2443970
15316,2387620
15317,5397914
15318,5287476
15319,4591953
15320,6362123
15321,4494792
15322,4814538
15323,3567932
15324,4422274
15325,2602777
15326,2712407
15327,4840288
15328,2635605
15329,2633740
15330,2264757
15331,2137047
15332,2631739
15333,2339724
15334,5480266
15335,2284967
15336,3077502
15337,2596284
15338,2680972
15339,2290207
15340,5662673
15341,4428999
15342,3062695
15343,4435283
15344,2261082
15345,4457513
15346,2843105
15347,2733052
15348,9721558
15349,4747042
15350,4454782
15351,4305688
15352,4258416
15353,4449603
15354,7332711
15355,4051169
15356,2327554
15357,2196523
15358,6575265
15359,3705464
15360,5395683
15361,3802379
15362,2311746
15363,3690504
15364,2979871
15365,2264917
15366,5496236
15367,2234918
15368,2360515
15369,11471257
15370,2652886
15371,2751556
15372,2157714
15373,3881040
15374,2746433
15375,3152115
15376,2269593
15377,2450318
15378,2355534
15379,2492083
15380,2096681
15381,2485510
15382,7600193
15383,9553786
15384,4427789
15385,2721374
15386,2780089
15387,4918568
15388,4305743
15389,4586190
15390,13940979
15391,4517746
15392,2835696
15393,3765990
15394,2309474
15395,2374386
15396,4419307
15397,4689914
15398,2504828
15399,2317536
15400,2106335
15401,2803368
15402,2876664
15403,4518804
15404,2447282
15405,3692329
15406,2182220
15407,4399459
15408,4437174
15409,2686774
15410,2165311
15411,5334048
15412,6813027
15413,4346641
15414,13125511
15415,3458157
15416,2671363
15417,3534465
15418,2376610
15419,5235169
15420,2594471
15421,2666062
15422,4358175
15423,2409398
15424,2439600
15425,2182419
15426,2472459
15427,2020402
15428,2234900
15429,11845289
15430,3117402
15431,2343613
15432,9582347
15433,2838008
15434,2473107
15435,2456913
15436,2504187
15437,2293784
15438,3590947
15439,2845830
15440,5219584
15441,4603530
15442,5250822
15443,4167094
15444,6262162
15445,2287697
15446,2271409
15447,2068511
15448,2023901
15449,6913783
15450,2756298
15451,3136212
15452,2462419
15453,2705070
15454,11535032
15455,6010182
15456,3218653
15457,4459078
15458,5310606
15459,7029159
15460,4846454
15461,3819808
15462,2284865
15463,2687237
15464,2871407
15465,8756634
15466,2539520
15467,2620472
15468,2940228
15469,4711070
15470,4075178
15471,3599667
15472,5107910
15473,4253223
15474,4931451
15475,6055196
15476,2568363
15477,2699608
15478,2604827
15479,2919512
15480,2882854
15481,6000651
15482,2841724
15483,4754148
15484,3954371
15485,2292850
15486,3035219
15487,2391618
15488,4251172
15489,2798953
15490,3214253
15491,2883343
15492,3056076
15493,2462637
15494,5910232
15495,2795365
15496,2480718
15497,6174534
15498,2382125
15499,2432776
15500,2359084
15501,2786652
15502,2401987
15503,2575549
15504,2489900
15505,2376145
15506,2463277
15507,9316842
15508,3412978
15509,6276991
15510,4422349
15511,4189097
15512,2461128
15513,2706867
15514,3625442
15515,4022235
15516,3671276
15517,2761449
15518,3058798
15519,3899635
15520,5081536
15521,6127739
15522,5341327
15523,3402737
15524,4210689
15525,4441255
15526,2246298
15527,2052626
15528,2333305
15529,2234679
15530,3717848
15531,3437242
15532,3174100
15533,3738459
15534,3280538
15535,2507426
15536,4531499
15537,6185562
15538,2991762
15539,3067181
15540,6477536
15541,3674978
15542,5335086
15543,5139010
15544,4200195
15545,7159189
15546,4793486
15547,7372427
15548,2772475
15549,1983224
15550,3346790
15551,3283477
15552,6119531
15553,4594100
15554,5318918
15555,3385093
15556,2541236
15557,2977526
15558,5709335
15559,5322469
15560,3173889
15561,2577850
15562,4523959
15563,4782337
15564,4670248
15565,5422322
15566,2771030
15567,2851497
15568,2556153
15569,2416624
15570,2738177
15571,2731559
15572,6125299
15573,6124982
15574,2566972
15575,2600803
15576,2247551
15577,2257451
15578,3024581
15579,3485778
15580,16461959
15581,3143529
15582,2977934
15583,5537028
15584,4461234
15585,2658983
15586,2611077
15587,2879063
15588,2278284
15589,3448378
15590,7093511
15591,2992715
15592,2681844
15593,2796116
15594,2967133
15595,3525200
15596,3264337
15597,2986839
15598,3233222
15599,5641998
15600,7762924
15601,7189836
15602,3022226
15603,6025398
15604,2736678
15605,3245039
15606,2729769
15607,4294599
15608,3083032
15609,3735117
15610,3684496
15611,2752160
15612,2574221
15613,2449025
15614,3025459
15615,2370640
15616,2890458
15617,3642254
15618,2764540
15619,6838267
15620,3569269
15621,5129738
15622,2601478
15623,5712752
15624,5382064
15625,2434597
15626,2499225
15627,3602311
15628,2421688
15629,4750380
15630,3285869
15631,10783208
15632,2136314
15633,3862338
15634,4257988
15635,5901305
15636,3245963
15637,6603548
15638,7791749
15639,3579067
15640,6659863
15641,6330459
15642,3254977
15643,8575929
15644,3408653
15645,4476642
15646,2640493
15647,2387302
15648,3767808
15649,2727360
15650,3192777
15651,4631757
15652,6084815
15653,3758025
15654,3012438
15655,3422050
15656,6015454
15657,3305014
15658,2705771
15659,4799403
15660,5204773
15661,8143937
15662,6278458
15663,11539841
15664,3147871
15665,2718578
15666,2850895
15667,5579372
15668,4413072
15669,4610107
15670,4630180
15671,2573054
15672,6070303
15673,2800736
15674,2654650
15675,3375698
15676,2753360
15677,2287999
15678,2156492
15679,2899864
15680,2208529
15681,4142123
15682,5021712
15683,3738045
15684,7433349
15685,11404424
15686,2749044
15687,2263850
15688,7511057
15689,4693500
15690,3994594
15691,2413283
15692,2239849
15693,4832650
15694,6959737
15695,3801223
15696,2400154
15697,5952969
15698,4254455
15699,4875535
15700,2627509
15701,7291594
15702,2716941
15703,3192585
15704,5592286
15705,7138941
15706,2912478
15707,3231859
15708,2369299
15709,4276398
15710,3139897
15711,3062815
15712,3489265
15713,2610893
15714,5955626
15715,2657204
15716,4323284
15717,4081232
15718,3989576
15719,4791235
15720,3380604
15721,4971016
15722,2735458
15723,4049637
15724,2760848
15725,3609441
15726,3917107
15727,2312389
15728,2198647
15729,8654914
15730,5769722
15731,2799624
15732,3706564
15733,6275194
15734,5768222
15735,2441427
15736,5978094
15737,2556988
15738,2709844
15739,4786488
15740,3281121
15741,3708815
15742,4055641
15743,2720532
15744,9512588
15745,2790195
15746,3039877
15747,6113598
15748,8165033
15749,5728666
15750,5627990
15751,4763446
15752,3222731
15753,2468534
15754,3129155
15755,2597720
15756,2832249
15757,2511143
15758,4708972
15759,2755205
15760,3328166
15761,4852731
15762,3244321
15763,6874638
15764,6609392
15765,2308842
15766,5429543
15767,2689706
15768,3559106
15769,5736624
15770,3810095
15771,2320413
15772,3709441
15773,3415975
15774,3396713
15775,3253224
15776,3659104
15777,3002287
15778,4682599
15779,2797174
15780,2971699
15781,3959102
15782,2945637
15783,5045799
15784,5773611
15785,3891099
15786,3039213
15787,3516627
15788,2940189
15789,7109967
15790,2885151
15791,3145025
15792,2560448
15793,3863859
15794,3147255
15795,4234926
15796,3287666
15797,2644745
15798,2576182
15799,3238871
15800,2754006
15801,4446985
15802,3258923
15803,4915292
15804,3094776
15805,3410558
15806,3131425
15807,2887205
15808,2637687
15809,3108052
15810,9579020
15811,5653261
15812,2528816
15813,2737570
15814,3388072
15815,2602222
15816,2881467
15817,3688424
15818,2284204
15819,2992918
15820,2432282
15821,3200396
15822,2898077
15823,3952470
15824,2526965
15825,2664833
15826,3333085
15827,2082732
15828,2499364
15829,3679834
15830,4949434
15831,4261700
15832,4339980
15833,7637885
15834,2281564
15835,3043495
15836,4479920
15837,7278696
15838,3988354
15839,4324346
15840,2984318
15841,3295527
15842,9847204
15843,4863558
15844,2705107
15845,3248365
15846,3358484
15847,4798791
15848,2466023
15849,4156576
15850,5159082
15851,3345754
15852,3453204
15853,3583561
15854,3181939
15855,10700115
15856,3843769
15857,2896890
15858,3128360
15859,2527172
15860,2169487
15861,3517637
15862,5380356
15863,2801871
15864,2764876
15865,3139282
15866,2968776
15867,3144542
15868,3134198
15869,5733151
15870,6481564
15871,6836748
15872,7316308
15873,5538280
15874,3368492
15875,3311558
15876,2976865
15877,4611578
15878,7088216
15879,6429345
15880,3269249
15881,12493164
15882,3765167
15883,4033916
15884,4807322
15885,3294557
15886,2737190
15887,10509688
15888,2416983
15889,2128748
15890,2947223
15891,4250370
15892,8152841
15893,3067462
15894,3804070
15895,8498941
15896,4561662
15897,4469438
15898,2635137
15899,8326962
15900,3300694
15901,2767242
15902,2633222
15903,7773592
15904,5802631
15905,2952873
15906,2764243
15907,2524473
15908,3621948
15909,2497995
15910,3559773
15911,4391440
15912,7315741
15913,4580269
15914,5257079
15915,4664324
15916,2420870
15917,3465298
15918,7418619
15919,4813444
15920,2515885
15921,5501825
15922,4410302
15923,4657333
15924,5595020
15925,6147598
15926,4315302
15927,4402373
15928,3609459
15929,2559096
15930,5051806
15931,5207500
15932,2462801
15933,2826185
15934,2458808
15935,2516686
15936,3158245
15937,4063816
15938,2808219
15939,3771554
15940,4674543
15941,3897124
15942,4790409
15943,3025080
15944,5984118
15945,4394178
15946,4233939
15947,4400029
15948,2312246
15949,4379626
15950,7973789
15951,6750124
15952,6773317
15953,4519990
15954,2524905
15955,3805823
15956,3270199
15957,4661391
15958,4859668
15959,4263915
15960,3409555
15961,3734075
15962,6743132
15963,4497821
15964,2983616
15965,2439590
15966,2934392
15967,2839397
15968,2497933
15969,2692354
15970,5163735
15971,2677019
15972,2634047
15973,5248546
15974,6913042
15975,2767653
15976,2364913
15977,2236706
15978,7264602
15979,4187673
15980,2557846
15981,3077926
15982,2907335
15983,4604282
15984,2595524
15985,5471031
15986,2953756
15987,2013152
15988,2352022
15989,2718660
15990,2311477
15991,2292603
15992,2464666
15993,6021921
15994,3312628
15995,3775497
15996,5129600
15997,5853209
15998,2799555
15999,22960500
16000,5226324
16001,3593954
16002,5530661
16003,3306024
16004,4422194
16005,2780312
16006,3207635
16007,2484037
16008,9267010
16009,2797745
16010,10405442
16011,4512888
16012,2946915
16013,3442471
16014,3135928
16015,4992851
16016,1928607
16017,5214412
16018,2535104
16019,5641337
16020,2841708
16021,3073875
16022,3113465
16023,4846183
16024,6116247
16025,2824392
16026,6183578
16027,2699594
16028,4494046
16029,2444930
16030,2385435
16031,2681083
16032,7595035
16033,2613952
16034,10654918
16035,5117215
16036,4830352
16037,5496083
16038,4051357
16039,13219483
16040,8353271
16041,3500680
16042,3496919
16043,3803512
16044,3109213
16045,2101034
16046,3028378
16047,2384322
16048,2075087
16049,2591462
16050,2502867
16051,2882823
16052,2426596
16053,2921991
16054,2784161
16055,2425591
16056,4759423
16057,2654768
16058,2478121
16059,4865021
16060,4509766
16061,3724074
16062,4779675
16063,3477964
16064,3297518
16065,3770996
16066,5313776
16067,3955155
16068,4036046
16069,2493719
16070,2843548
16071,4760343
16072,3802796
16073,2790350
16074,7371052
16075,4439092
16076,2407252
16077,3198718
16078,2919230
16079,2523876
16080,2787347
16081,2578691
16082,2396786
16083,5901874
16084,3225439
16085,2492951
16086,2375734
16087,2458261
16088,6507522
16089,4026206
16090,6904288
16091,8810673
16092,4862052
16093,7019287
16094,6140109
16095,6481084
16096,3754781
16097,2595732
16098,2942309
16099,2545095
16100,4620265
16101,4264527
16102,3339146
16103,3394337
16104,8186992
16105,2493084
16106,2685260
16107,5447138
16108,5390405
16109,4714330
16110,3262473
16111,2439827
16112,2363594
16113,2654089
16114,2660890
16115,2767248
16116,2739583
16117,2530383
16118,2809231
16119,5376870
16120,6064255
16121,4474047
16122,2404630
16123,3235632
16124,3244203
16125,7911602
16126,3820125
16127,4860849
16128,2278128
16129,2976112
16130,4064688
16131,3827512
16132,3178416
16133,8377776
16134,7323176
16135,2851429
16136,3057007
16137,4903651
16138,3379269
16139,5354946
16140,2959424
16141,4782877
16142,2579373
16143,4730764
16144,4468455
16145,4988977
16146,3912298
16147,6485152
16148,5848988
16149,4056081
16150,2516760
16151,2708481
16152,2703766
16153,2386186
16154,6859596
16155,4215821
16156,5497857
16157,5776967
16158,4873587
16159,2625304
16160,2553135
16161,2451444
16162,2543663
16163,7108517
16164,4069671
16165,5551157
16166,3408665
16167,3238825
16168,3209263
16169,4435681
16170,4254451
16171,3082433
16172,3543552
16173,5622965
16174,2323606
16175,2628315
16176,3045227
16177,3305410
16178,6202929
16179,2246186
16180,2313547
16181,2778192
16182,2371332
16183,2649615
16184,2646568
16185,4131074
16186,2334133
16187,4050703
16188,5156453
16189,4651606
16190,5711257
16191,5356962
16192,3559228
16193,2279705
16194,3012460
16195,2620191
16196,2317722
16197,5214408
16198,2234079
16199,5282072
16200,2740685
16201,2748313
16202,2701554
16203,5448620
16204,3544675
16205,3756930
16206,4144342
16207,4057298
16208,6555829
16209,10697271
16210,6058083
16211,5602525
16212,2890583
16213,2749241
16214,3287509
16215,3198159
16216,2860512
16217,3375038
16218,2451775
16219,3793742
16220,2288392
16221,3775651
16222,3211819
16223,5487204
16224,3432857
16225,5494857
16226,3621238
16227,5080389
16228,4693913
16229,2667340
16230,4319498
16231,5104223
16232,4565860
16233,4441143
16234,9814441
16235,2706570
16236,3067277
16237,2208488
16238,4170529
16239,3106454
16240,4846199
16241,3967868
16242,2730299
16243,3326175
16244,3687902
16245,7535965
16246,3117184
16247,2341512
16248,2397487
16249,2540231
16250,2831770
16251,3419979
16252,3274914
16253,2654249
16254,2716207
16255,2849330
16256,3129067
16257,2690678
16258,2371119
16259,2355501
16260,3047330
16261,4027969
16262,2551763
16263,3779754
16264,4703381
16265,4382386
16266,5226903
16267,3959870
16268,8605484
16269,6777778
16270,5882139
16271,6751170
16272,4295433
16273,3392670
16274,2550941
16275,4577979
16276,2286920
16277,2925524
16278,3004510
16279,4237750
16280,5910539
16281,2431384
16282,3060088
16283,4396226
16284,4275276
16285,5609682
16286,2273251
16287,2962401
16288,2274946
16289,2464419
16290,6115389
16291,3104161
16292,2218637
16293,8742126
16294,2635221
16295,7472840
16296,6129309
16297,16666467
16298,3952018
16299,3150427
16300,2690297
16301,2696998
16302,5765858
16303,2413545
16304,3356787
16305,3965195
16306,4269830
16307,4826329
16308,2092549
16309,7344591
16310,4073492
16311,5199765
16312,3130330
16313,7124780
16314,3285290
16315,2194271
16316,2998599
16317,2559943
16318,4683587
16319,3370168
16320,10220115
16321,2488639
16322,6179108
16323,2957103
16324,3276291
16325,2315292
16326,5745436
16327,4700626
16328,5731767
16329,2513142
16330,2406802
16331,4322826
16332,2145777
16333,2355572
16334,2451945
16335,2641132
16336,2122465
16337,4241430
16338,4419595
16339,2393971
16340,3391183
16341,13895589
16342,2853304
16343,3702405
16344,2525355
16345,7481672
16346,3036392
16347,2931845
16348,3629606
16349,2302759
16350,3290199
16351,6244610
16352,3798200
16353,2776534
16354,5768970
16355,2257647
16356,9315283
16357,5581528
16358,3240641
16359,3569589
16360,2582462
16361,5074188
16362,7901738
16363,8195610
16364,3600504
16365,7689549
16366,7173012
16367,7326014
16368,5249866
16369,5567118
16370,2593045
16371,2674355
16372,3482311
16373,3449584
16374,2650154
16375,6725702
16376,10226654
16377,3189041
16378,2377192
16379,2282355
16380,3252739
16381,11945667
16382,3101608
16383,4766741
16384,2922436
16385,6343508
16386,4044913
16387,4725662
16388,3433167
16389,4280788
16390,2823542
16391,7183727
16392,3335099
16393,2946072
16394,9253979
16395,4585203
16396,2338898
16397,2747961
16398,3605689
16399,3811722
16400,3176196
16401,5619345
16402,3512461
16403,3973593
16404,4281457
16405,2709777
16406,4129028
16407,2126997
16408,9570047
16409,4004636
16410,2784223
16411,7414774
16412,7434649
16413,4964558
16414,2971702
16415,2607477
16416,3320335
16417,2614004
16418,5014455
16419,8438797
16420,3939668
16421,4703456
16422,2547644
16423,4464206
16424,4716600
16425,6098861
16426,7377416
16427,6631470
16428,4713348
16429,6366159
16430,3614426
16431,3382738
16432,3312023
16433,2081270
16434,3910896
16435,3116554
16436,3991684
16437,3607516
16438,14381365
16439,3981993
16440,10397662
16441,3645218
16442,6558806
16443,2284673
16444,6949366
16445,4578971
16446,5891528
16447,2981605
16448,2450773
16449,4032582
16450,3964739
16451,2167464
16452,4145356
16453,3544871
16454,2332550
16455,3773315
16456,4497343
16457,4748368
16458,2739932
16459,2776640
16460,2669231
16461,5875735
16462,2948288
16463,2594309
16464,5791362
16465,5414310
16466,3367732
16467,4014574
16468,5206533
16469,2542941
16470,3528165
16471,2660219
16472,2561026
16473,5729342
16474,2816467
16475,5519619
16476,4390369
16477,4557288
16478,2769166
16479,11665821
16480,2523574
16481,4537751
16482,5946415
16483,2927970
16484,2373185
16485,5031887
16486,2458430
16487,2999560
16488,6364506
16489,2348104
16490,3113597
16491,2999538
16492,7527010
16493,3249686
16494,2804095
16495,5334122
16496,7936517
16497,2793342
16498,3230356
16499,2272788
16500,2183171
16501,2646118
16502,2615444
16503,11479580
16504,3643636
16505,3061927
16506,4567952
16507,3787437
16508,5667064
16509,3610644
16510,3196487
16511,4278664
16512,2583933
16513,4541724
16514,2693596
16515,4883718
16516,2927269
16517,3399626
16518,2705060
16519,4080513
16520,3994492
16521,3444047
16522,2728125
16523,4340700
16524,12070520
16525,3672864
16526,6847567
16527,5036489
16528,5416095
16529,3698860
16530,2914111
16531,2454676
16532,3144122
16533,4926366
16534,3700373
16535,3799177
16536,2304985
16537,2505073
16538,2458614
16539,2912201
16540,2182554
16541,2887897
16542,2554184
16543,4382601
16544,2564722
16545,6716828
16546,8108822
16547,3704802
16548,6030918
16549,6682774
16550,4795513
16551,4651592
16552,2444096
16553,7066314
16554,3215876
16555,3212189
16556,3757674
16557,4169919
16558,5748581
16559,3112181
16560,3018738
16561,2231774
16562,4602325
16563,2115276
16564,3413476
16565,8420123
16566,5438237
16567,2540548
16568,6099336
16569,6423872
16570,4006050
16571,5909512
16572,4499527
16573,2510559
16574,2080634
16575,3726673
16576,6510136
16577,6094188
16578,4165252
16579,2576660
16580,9013131
16581,6728139
16582,2481701
16583,2876192
16584,3214864
16585,2717319
16586,2778918
16587,4138196
16588,3238441
16589,10361664
16590,3299093
16591,3312763
16592,3176895
16593,13893559
16594,4019994
16595,2488476
16596,3151166
16597,4607496
16598,2412330
16599,4898021
16600,2791764
16601,2881432
16602,3191625
16603,2728311
16604,2276092
16605,2619827
16606,7322932
16607,3607612
16608,4694014
16609,3575645
16610,5325333
16611,7383789
16612,4512745
16613,2245500
16614,2963711
16615,6338477
16616,3854102
16617,2936160
16618,2801680
16619,2560357
16620,2298754
16621,2720610
16622,2701649
16623,4383044
16624,6201078
16625,2919842
16626,3401074
16627,4575078
16628,3176713
16629,4143329
16630,4559712
16631,2387806
16632,3529613
16633,4543646
16634,3545849
16635,3044740
16636,2342776
16637,2358713
16638,11324811
16639,5243222
16640,2800090
16641,5143609
16642,5244027
16643,2596162
16644,11883851
16645,5117189
16646,4556592
16647,2189716
16648,4228941
16649,4303444
16650,5330827
16651,5492586
16652,6732840
16653,4595949
16654,5776651
16655,3812727
16656,2920532
16657,3110799
16658,9113710
16659,6842734
16660,3027375
16661,2481250
16662,5824068
16663,2163136
16664,2406389
16665,2753621
16666,2333202
16667,3806898
16668,2345670
16669,2127062
16670,4382662
16671,3056378
16672,3115142
16673,2233506
16674,2542952
16675,6675064
16676,4593068
16677,2951663
16678,2944899
16679,3156156
16680,6680548
16681,2861618
16682,3097668
16683,3899564
16684,2767907
16685,2439255
16686,3147998
16687,5951590
16688,3094415
16689,8866852
16690,2119328
16691,3023405
16692,4619983
16693,5597119
16694,3160720
16695,2808632
16696,5107888
16697,2517091
16698,2984738
16699,2678889
16700,4368065
16701,3208311
16702,2309813
16703,7580413
16704,6208414
16705,3169459
16706,7686540
16707,4547159
16708,2743362
16709,2388267
16710,2480934
16711,2248033
16712,6046118
16713,2899134
16714,2731065
16715,2040317
16716,2437704
16717,2455134
16718,2391363
16719,2783128
16720,2188253
16721,2300883
16722,4013504
16723,4191317
16724,2289673
16725,3743110
16726,2662444
16727,2237419
16728,4702958
16729,2548487
16730,2862719
16731,2258298
16732,2366748
16733,3188210
16734,3785334
16735,3791681
16736,2489620
16737,2824517
16738,2386278
16739,2426225
16740,7061923
16741,3009582
16742,4621801
16743,3565526
16744,2679780
16745,2694931
16746,2775769
16747,3806651
16748,3888172
16749,2349115
16750,3758920
16751,2885172
16752,2721263
16753,3422289
16754,4725883
16755,4899452
16756,2365366
16757,3453868
16758,2802259
16759,2497771
16760,4776994
16761,6819136
16762,5270972
16763,2604181
16764,2744741
16765,4018533
16766,3803210
16767,3949484
16768,3152928
16769,2204457
16770,2511001
16771,2140343
16772,3015825
16773,2157908
16774,4181907
16775,2173333
16776,2906108
16777,2322378
16778,2977330
16779,2565280
16780,2125401
16781,4904113
16782,4342178
16783,4227122
16784,5252251
16785,2939063
16786,4530024
16787,4785996
16788,2349102
16789,2669657
16790,2857944
16791,2769025
16792,2061225
16793,2355087
16794,2806457
16795,2595323
16796,2411318
16797,13245439
16798,3076430
16799,3045840
16800,4743269
16801,5966329
16802,2767195
16803,2554336
16804,3802256
16805,2271903
16806,2722285
16807,2960130
16808,2950355
16809,4271167
16810,5125709
16811,5787984
16812,6874869
16813,6500937
16814,2797058
16815,4408506
16816,2820168
16817,2684335
16818,3466747
16819,2240238
16820,3204927
16821,6480932
16822,2803426
16823,2523512
16824,2754729
16825,3108642
16826,6900659
16827,2425117
16828,3700962
16829,4455003
16830,3697643
16831,3124482
16832,3603049
16833,3133883
16834,3219547
16835,3978556
16836,4307457
16837,2517717
16838,2406229
16839,3710812
16840,3628962
16841,2519754
16842,3733128
16843,6532942
16844,6513219
16845,7598490
16846,4011403
16847,3422924
16848,13283143
16849,3237297
16850,2424446
16851,3967309
16852,4824549
16853,3040998
16854,4463579
16855,3168024
16856,2425526
16857,2415074
16858,4458666
16859,6970933
16860,5051103
16861,3810755
16862,8203929
16863,9271117
16864,9056603
16865,3866669
16866,2618785
16867,5540779
16868,2599233
16869,7837264
16870,6292837
16871,2222826
16872,4558856
16873,2879296
16874,2381627
16875,2685802
16876,3259180
16877,2184484
16878,2431625
16879,4786719
16880,6607554
16881,2832962
16882,3853361
16883,5897228
16884,4777727
16885,7424879
16886,2742980
16887,2636980
16888,2610368
16889,4922549
16890,2582670
16891,2523367
16892,2248162
16893,5206729
16894,3408166
16895,4848009
16896,2709171
16897,3185784
16898,3186623
16899,2756215
16900,2758733
16901,6537469
16902,6191737
16903,7323748
16904,2824958
16905,3480368
16906,2962080
16907,2628767
16908,2402427
16909,8075762
16910,5222467
16911,5850773
16912,5609642
16913,2362210
16914,4552768
16915,2779719
16916,4145095
16917,3149562
16918,7558555
16919,4203877
16920,2740681
16921,2630477
16922,2701725
16923,3600173
16924,2810393
16925,5751052
16926,3151593
16927,3099277
16928,8516343
16929,3181769
16930,2718527
16931,2979671
16932,2924266
16933,3361501
16934,2873446
16935,4088322
16936,3111314
16937,4821932
16938,5697412
16939,3142703
16940,2850073
16941,2595724
16942,2862365
16943,5022845
16944,2955759
16945,3146763
16946,2717194
16947,4391073
16948,2280908
16949,5734867
16950,3274375
16951,2780131
16952,5967259
16953,2394889
16954,2486765
16955,2307947
16956,2578208
16957,3360209
16958,7024723
16959,3265807
16960,2420787
16961,3240153
16962,2865364
16963,4122441
16964,2744715
16965,2488979
16966,2421470
16967,8041344
16968,6032326
16969,4677955
16970,5372596
16971,6301362
16972,4407145
16973,4871373
16974,2647988
16975,2525646
16976,13148424
16977,3066634
16978,3090007
16979,2147887
16980,3967412
16981,2252620
16982,2594738
16983,2794037
16984,6353996
16985,2159281
16986,4698484
16987,3985676
16988,2502486
16989,3035664
16990,3215943
16991,4493852
16992,2974000
16993,3524262
16994,4545832
16995,5865974
16996,3036931
16997,2787575
16998,2772040
16999,6927515
17000,3743140
17001,8211323
17002,2775479
17003,3206954
17004,7033844
17005,4812771
17006,4956061
17007,4392027
17008,5765315
17009,5185078
17010,8186586
17011,4903806
17012,4740712
17013,2508712
17014,3473979
17015,2300266
17016,2884271
17017,3776257
17018,4431829
17019,2488778
17020,2311877
17021,2535099
17022,2911128
17023,4561600
17024,2945809
17025,2774917
17026,2455708
17027,2745231
17028,8538145
17029,4244374
17030,5106164
17031,3569729
17032,5218627
17033,8987324
17034,5154581
17035,2951697
17036,2342884
17037,2491714
17038,2475448
17039,2528463
17040,3182848
17041,2397844
17042,7502542
17043,6263418
17044,2977440
17045,4250012
17046,2851611
17047,4924798
17048,2773992
17049,3469242
17050,5512534
17051,3502048
17052,3159409
17053,3738846
17054,2592349
17055,2661244
17056,6560385
17057,4154315
17058,3469832
17059,3019932
17060,3364055
17061,6421880
17062,3403971
17063,2856588
17064,3250913
17065,2440407
17066,3045144
17067,3342740
17068,2860206
17069,3253247
17070,6609318
17071,3931365
17072,3648607
17073,5850813
17074,5280518
17075,3193125
17076,3293120
17077,5299715
17078,6978429
17079,3632231
17080,3096912
17081,7864134
17082,3791978
17083,4491759
17084,4359035
17085,6229690
17086,3297673
17087,3828829
17088,2931916
17089,8026476
17090,2587330
17091,3661717
17092,8148119
17093,18520173
17094,8216744
17095,2873256
17096,4039393
17097,4781562
17098,3554516
17099,3147221
17100,6925504
17101,3874772
17102,3758032
17103,4477718
17104,4343534
17105,3732480
17106,2738293
17107,5330965
17108,3933149
17109,5111655
17110,3256567
17111,2759776
17112,4250322
17113,14386683
17114,2449372
17115,4517171
17116,5771001
17117,6933876
17118,2726594
17119,2685770
17120,2729110
17121,2778081
17122,6057358
17123,6914142
17124,5594901
17125,4903387
17126,2713246
17127,2183931
17128,2959332
17129,3037856
17130,2741988
17131,7823124
17132,2595497
17133,9193205
17134,3032993
17135,2297328
17136,3168229
17137,3484600
17138,8453788
17139,6302321
17140,6227310
17141,5710793
17142,4321744
17143,4969831
17144,2990378
17145,3075318
17146,8515324
17147,2726823
17148,2312490
17149,6292785
17150,3678242
17151,2732783
17152,2737379
17153,3723682
17154,22974074
17155,5367704
17156,7794739
17157,2866623
17158,2851010
17159,2959433
17160,4386592
17161,2887068
17162,3636194
17163,4560679
17164,2502466
17165,3709673
17166,5501866
17167,5368076
17168,6295619
17169,3654431
17170,5822712
17171,5015046
17172,6400187
17173,4751125
17174,4351707
17175,21301791
17176,3010682
17177,3452308
17178,3482264
17179,2513229
17180,3090876
17181,8184423
17182,3705461
17183,3147381
17184,2810407
17185,2955893
17186,3048172
17187,3120603
17188,5117492
17189,7070389
17190,4582750
17191,4938353
17192,6705360
17193,4712140
17194,6220493
17195,3907984
17196,18827673
17197,3719979
17198,2240035
17199,2433846
17200,2177470
17201,5088633
17202,3362456
17203,3327024
17204,7612797
17205,5962219
17206,4522200
17207,2424881
17208,5175352
17209,8319128
17210,4669030
17211,4340693
17212,2643794
17213,4517656
17214,2794056
17215,5963532
17216,4372867
17217,15174113
17218,2624303
17219,3143342
17220,4619147
17221,3229965
17222,2588142
17223,2511556
17224,2720720
17225,2741741
17226,2625628
17227,3625434
17228,2547516
17229,3588975
17230,2578295
17231,2568242
17232,7236249
17233,8092645
17234,4963528
17235,5105175
17236,6135204
17237,2706562
17238,6523026
17239,3222320
17240,2491489
17241,2458280
17242,2535636
17243,2679848
17244,3172769
17245,2436036
17246,2530343
17247,2551024
17248,4742285
17249,4416584
17250,6338579
17251,3102128
17252,3031538
17253,3314641
17254,2510258
17255,2481082
17256,6674839
17257,3012410
17258,2676460
17259,24670971
17260,2466852
17261,2953279
17262,2718260
17263,2891926
17264,3636853
17265,4874920
17266,2241610
17267,2682386
17268,4990711
17269,2935855
17270,2591402
17271,5035421
17272,3117352
17273,2409286
17274,5710068
17275,4895701
17276,5506886
17277,4321001
17278,2910443
17279,3629612
17280,24408412
17281,3842805
17282,2740483
17283,4331134
17284,3309837
17285,2942007
17286,3200144
17287,2413677
17288,4587599
17289,4157449
17290,3836855
17291,2455920
17292,2948687
17293,2534792
17294,2728929
17295,2571748
17296,3331731
17297,3005801
17298,3516668
17299,3675713
17300,2990927
17301,20039934
17302,4263708
17303,3679673
17304,12171493
17305,5362096
17306,5042864
17307,2870420
17308,2509649
17309,5920158
17310,3479222
17311,2134321
17312,11811040
17313,4878698
17314,4749179
17315,2165273
17316,6229906
17317,11755581
17318,2683532
17319,2364355
17320,4164016
17321,2692541
17322,23028237
17323,4890783
17324,9587037
17325,3487112
17326,2423082
17327,2351134
17328,3025830
17329,3653084
17330,3212918
17331,14853104
17332,7757453
17333,4583271
17334,2477315
17335,3302906
17336,2523511
17337,2482033
17338,2482219
17339,2353996
17340,2491320
17341,7627499
17342,2721397
17343,14690526
17344,11152349
17345,5158798
17346,2812299
17347,2711317
17348,3499650
17349,3800334
17350,2857962
17351,5207386
17352,2896206
17353,3163802
17354,3519926
17355,14475412
17356,2700153
17357,2458809
17358,3954771
17359,3583340
17360,3341900
17361,3202380
17362,2236688
17363,3356702
17364,4101707
17365,2832416
17366,2516785
17367,2499704
17368,6375886
17369,2791606
17370,3359734
17371,3011500
17372,3326394
17373,5691451
17374,4217998
17375,4543572
17376,3330407
17377,4622280
17378,2727960
17379,2383635
17380,3431119
17381,6500178
17382,5170748
17383,4048584
17384,4692616
17385,4050316
17386,4836798
17387,4086843
17388,5302731
17389,4951870
17390,2868481
17391,10294962
17392,3238797
17393,4545208
17394,4735344
17395,6957605
17396,2944879
17397,4231352
17398,2497020
17399,3808369
17400,3003191
17401,2908634
17402,2374292
17403,2532364
17404,2200818
17405,4630368
17406,3356701
17407,6561971
17408,5104812
17409,2718189
17410,2266956
17411,5741901
17412,3440600
17413,6239637
17414,7137361
17415,3872665
17416,3499275
17417,4973770
17418,2443813
17419,2300722
17420,3652362
17421,4035789
17422,7283952
17423,7194305
17424,5232358
17425,17530988
17426,4126798
17427,5981519
17428,5626772
17429,2436068
17430,2795675
17431,4065022
17432,6289912
17433,16543387
17434,3419180
17435,6358736
17436,2897255
17437,3755352
17438,5427169
17439,2413217
17440,2067531
17441,2214406
17442,2230671
17443,2274037
17444,3625841
17445,3798751
17446,4377517
17447,3616473
17448,8951085
17449,3368836
17450,2709464
17451,2393472
17452,3286834
17453,2826336
17454,15864669
17455,3619768
17456,2564850
17457,4536759
17458,4681742
17459,2516190
17460,2792065
17461,12706041
17462,3104502
17463,2646541
17464,3108195
17465,2218032
17466,3198074
17467,2110088
17468,3388080
17469,13365164
17470,3112712
17471,2373647
17472,2251912
17473,2074578
17474,2268530
17475,7178489
17476,2243580
17477,11093203
17478,2942588
17479,3831319
17480,2595043
17481,2791570
17482,5516348
17483,4146560
17484,2872599
17485,2565973
17486,7070412
17487,3103144
17488,2467944
17489,4622928
17490,7629963
17491,6622856
17492,2292813
17493,4321584
17494,2657426
17495,2865391
17496,5334874
17497,5491093
17498,2986851
17499,2411644
17500,2703366
17501,10735614
17502,4155379
17503,2296815
17504,2290241
17505,2578860
17506,2767227
17507,2427176
17508,2873462
17509,3919427
17510,2894947
17511,3566424
17512,2749539
17513,2466437
17514,2897587
17515,2163432
17516,2446906
17517,2906501
17518,2885758
17519,2523184
17520,2510257
17521,6026439
17522,2494089
17523,2222009
17524,2108268
17525,21607314
17526,2292427
17527,2114233
17528,5802807
17529,3667846
17530,2004230
17531,3823148
17532,7104165
17533,3269933
17534,4136156
17535,2145727
17536,2409664
17537,9168775
17538,2721537
17539,4147850
17540,7867655
17541,5411271
17542,2407807
17543,2197772
17544,4591644
17545,3296625
17546,3312351
17547,2337928
17548,1974911
17549,5356654
17550,3353195
17551,3630985
17552,3222822
17553,4369610
17554,4799961
17555,2635473
17556,2519271
17557,4715598
17558,4069958
17559,3190903
17560,8592403
17561,2570419
17562,2332856
17563,6007154
17564,2642821
17565,9335665
17566,2860902
17567,2351172
17568,2098938
17569,2907155
17570,2671536
17571,2266614
17572,2096223
17573,2122714
17574,14438448
17575,2606450
17576,4438111
17577,3184176
17578,3250737
17579,3229209
17580,2816684
17581,2578325
17582,3204980
17583,3044422
17584,6652299
17585,4508252
17586,2371766
17587,3249073
17588,2445257
17589,2830031
17590,3373817
17591,5001865
17592,2824655
17593,10495407
17594,3134242
17595,5708594
17596,2396619
17597,2514178
17598,7800751
17599,2776390
17600,6285017
17601,8836495
17602,2782479
17603,3092631
17604,9267577
17605,4136173
17606,2992354
17607,3104780
17608,6796445
17609,9774774
17610,3931420
17611,3452793
17612,3381321
17613,2856898
17614,3192222
17615,3145240
17616,2757128
17617,3359337
17618,4024175
17619,2773906
17620,2359604
17621,2523933
17622,2638258
17623,2824868
17624,7736690
17625,3355533
17626,3051927
17627,2839657
17628,2700464
17629,2051099
17630,6036718
17631,3521397
17632,2717190
17633,2484087
17634,3059670
17635,2426643
17636,2086937
17637,7637697
17638,2454978
17639,3833546
17640,6480906
17641,4023275
17642,2744694
17643,5174423
17644,2369433
17645,2665451
17646,2987166
17647,15080987
17648,6746780
17649,2723032
17650,2411157
17651,5692996
17652,2491778
17653,2721991
17654,4298000
17655,4189276
17656,3069288
17657,3082398
17658,3274429
17659,7469886
17660,3860791
17661,2486415
17662,3084366
17663,3091592
17664,3908864
17665,4848112
17666,2439199
17667,4776232
17668,2581890
17669,8582937
17670,5842649
17671,2541117
17672,3994176
17673,3029444
17674,3960395
17675,4523425
17676,2565736
17677,8178122
17678,3831788
17679,7158106
17680,6554647
17681,2454386
17682,2516240
17683,4377412
17684,3267757
17685,2518516
17686,2539903
17687,3683247
17688,4662141
17689,3056937
17690,3144122
17691,2896633
17692,10451169
17693,4082786
17694,3176896
17695,5602763
17696,2430976
17697,4833523
17698,3025127
17699,6742818
17700,14908081
17701,8141833
17702,13854156
17703,3509294
17704,2729984
17705,4525890
17706,9514082
17707,2915654
17708,3616682
17709,9608379
17710,2783242
17711,2742470
17712,13335719
17713,6729493
17714,2370042
17715,8002024
17716,11473052
17717,4243203
17718,2349153
17719,6378572
17720,26523596
17721,38155280
17722,29086969
17723,6019521
17724,5357230
17725,11794531
17726,9399929
17727,2964993
17728,2894345
17729,3671319
17730,2701312
17731,2736931
17732,9428707
17733,3035904
17734,2527326
17735,3205929
17736,10266776
17737,2891155
17738,2795243
17739,2693523
17740,2271407
17741,4330790
17742,20275391
17743,2515773
17744,3948959
17745,3224367
17746,14237592
17747,3580601
17748,3025512
17749,3308139
17750,2822224
17751,2445637
17752,14721536
17753,7111991
17754,2615517
17755,2854261
17756,14884164
17757,3261537
17758,3215115
17759,3105026
17760,2640757
17761,2378141
17762,2185419
17763,11211632
17764,3147109
17765,4140451
17766,11239506
17767,3524875
17768,2101778
17769,6929329
17770,2632894
17771,3055785
17772,14828477
17773,4769846
17774,2933501
17775,3430759
17776,14248436
17777,2990505
17778,2447153
17779,3012251
17780,3119645
17781,3235868
17782,17993096
17783,3412968
17784,14397444
17785,3028495
17786,12400329
17787,2718056
17788,2206723
17789,2797135
17790,9962013
17791,2813958
17792,3259433
17793,2913508
17794,2553805
17795,2567078
17796,2777289
17797,5754029
17798,2537080
17799,2777375
17800,5868630
17801,3410350
17802,2649226
17803,2401659
17804,5119617
17805,17926201
17806,3318536
17807,4245572
17808,4491759
17809,5170431
17810,4179660
17811,5167006
17812,6120838
17813,4165172
17814,6095116
17815,4931263
17816,5938933
17817,2919706
17818,5728117
17819,6219158
17820,4639612
17821,3373713
17822,3132689
17823,7508667
17824,5664845
17825,5280580
17826,9280299
17827,5223842
17828,3005596
17829,8052238
17830,5066864
17831,6172576
17832,5131802
17833,8620846
17834,5704259
17835,2755238
17836,2821239
17837,2695226
17838,2778571
17839,6841469
17840,5613850
17841,4577852
17842,3002955
17843,2253803
17844,3638677
17845,2453997
17846,2716224
17847,11818097
17848,11148139
17849,8954577
17850,3033011
17851,2779151
17852,2629658
17853,2823021
17854,8121300
17855,2185619
17856,4737500
17857,4444500
17858,2596922
17859,3621485
17860,2233026
17861,2695413
17862,2113272
17863,3427297
17864,2139680
17865,5041476
17866,2636375
17867,2639021
17868,4103675
17869,6308187
17870,6286164
17871,6194361
17872,3733078
17873,2934685
17874,4578872
17875,5533523
17876,17000147
17877,2937935
17878,3418885
17879,3967984
17880,3057515
17881,6389661
17882,5285470
17883,3915138
17884,2225751
17885,3019879
17886,10389538
17887,4090649
17888,2403193
17889,9864887
17890,2557752
17891,4489880
17892,5051104
17893,5433189
17894,2575763
17895,2495164
17896,7594169
17897,2940214
17898,2166285
17899,3619661
17900,4855603
17901,4842155
17902,2590015
17903,2910655
17904,3036279
17905,5659859
17906,2401355
17907,2230385
17908,2918086
17909,3586649
17910,3644936
17911,5228681
17912,2597503
17913,5420718
17914,2949856
17915,2863531
17916,13446482
17917,5972523
17918,5191071
17919,3646636
17920,12366821
17921,4415404
17922,5176780
17923,2842483
17924,4121937
17925,2323000
17926,2665112
17927,4082732
17928,4248761
17929,4435619
17930,7239052
17931,3573083
17932,2508851
17933,2128668
17934,2920172
17935,2321718
17936,3020416
17937,2527832
17938,2612355
17939,3984533
17940,10241210
17941,6390927
17942,2257097
17943,2388335
17944,2330619
17945,2609656
17946,2880578
17947,2494178
17948,2811840
17949,2283804
17950,2967876
17951,5712000
17952,5076389
17953,2549505
17954,2772265
17955,3684297
17956,2515477
17957,3003016
17958,2314453
17959,2638334
17960,2190291
17961,3064888
17962,2660489
17963,5109746
17964,4529171
17965,4681168
17966,2328203
17967,2245610
17968,3620924
17969,2690677
17970,6538199
17971,6635090
17972,7055516
17973,4292949
17974,2476957
17975,3848045
17976,5586762
17977,3910110
17978,2256827
17979,4793885
17980,2461520
17981,4612208
17982,3276310
17983,2778085
17984,4661515
17985,3938880
17986,2631947
17987,3375334
17988,2471073
17989,2977262
17990,2691292
17991,6492156
17992,2835277
17993,3373051
17994,9517311
17995,4396715
17996,8314505
17997,5325178
17998,4746279
17999,5697551
18000,2457736
18001,3882343
18002,2979259
18003,3642514
18004,3514699
18005,4255102
18006,2846965
18007,2283670
18008,2155607
18009,2528239
18010,2159772
18011,2475995
18012,2739137
18013,2187101
18014,2672511
18015,2521998
18016,7744184
18017,4908372
18018,4445806
18019,3891347
18020,3794624
18021,4437095
18022,2294516
18023,2235775
18024,2186876
18025,3414135
18026,5381325
18027,3576489
18028,3252392
18029,4229069
18030,2605788
18031,2684020
18032,4446546
18033,5168199
18034,2795167
18035,3051647
18036,3053842
18037,4001461
18038,2676858
18039,4435472
18040,4631179
18041,3965097
18042,2297074
18043,2241857
18044,5260355
18045,3687425
18046,4843490
18047,3967838
18048,3856175
18049,5982046
18050,3469396
18051,5083558
18052,7847547
18053,4645113
18054,5575533
18055,2294578
18056,6045540
18057,4834664
18058,2178043
18059,2268154
18060,2780680
18061,3875761
18062,4304890
18063,5160129
18064,4417823
18065,13136921
18066,2649255
18067,2689392
18068,7923679
18069,3419729
18070,4617768
18071,3058681
18072,3706032
18073,2378342
18074,3003223
18075,2537842
18076,5000460
18077,2341034
18078,4784037
18079,6414567
18080,3798766
18081,6215720
18082,2753373
18083,4822464
18084,3067002
18085,3694486
18086,4528436
18087,5359618
18088,2510437
18089,6909314
18090,3266947
18091,2458584
18092,2592515
18093,4652583
18094,2802366
18095,2239061
18096,4698177
18097,8721788
18098,3152816
18099,4734732
18100,2676790
18101,3095756
18102,2869512
18103,4659132
18104,3808919
18105,2933076
18106,2691371
18107,4220980
18108,2394482
18109,2257036
18110,2473157
18111,3215687
18112,3280159
18113,14662244
18114,3438925
18115,3920610
18116,3121479
18117,7193848
18118,4792560
18119,5470231
18120,3957428
18121,4502894
18122,5097024
18123,3275737
18124,2922397
18125,2795525
18126,2801685
18127,2857859
18128,2654143
18129,5577670
18130,5808743
18131,8173930
18132,3915803
18133,11661995
18134,4128217
18135,4188080
18136,2839030
18137,4828287
18138,3034085
18139,3347394
18140,6438258
18141,5765567
18142,9166742
18143,4454131
18144,4245635
18145,2215619
18146,4661648
18147,3660224
18148,2608203
18149,3806289
18150,2492965
18151,2509788
18152,4275684
18153,4815631
18154,4641114
18155,5064812
18156,2527592
18157,12029277
18158,4109924
18159,2137242
18160,2425620
18161,2646458
18162,3424388
18163,2674630
18164,2923874
18165,2390010
18166,2704442
18167,2337885
18168,6413258
18169,7725384
18170,2842559
18171,4909447
18172,19583003
18173,3307981
18174,5579311
18175,6523164
18176,4189264
18177,2124579
18178,7272391
18179,5369428
18180,3992508
18181,3441693
18182,5034488
18183,3729442
18184,2659786
18185,3148416
18186,4267413
18187,3542610
18188,2718369
18189,4575893
18190,2714897
18191,3589237
18192,3098815
18193,4544343
18194,2492641
18195,2253447
18196,5156683
18197,13649430
18198,5749043
18199,2606400
18200,4874134
18201,4224736
18202,2514398
18203,2091890
18204,3472976
18205,4215332
18206,2052370
18207,3637454
18208,5514912
18209,2794641
18210,2996541
18211,3770905
18212,5087148
18213,4776935
18214,5943999
18215,2941422
18216,2288894
18217,5402046
18218,6301800
18219,4714962
18220,2533069
18221,3131617
18222,5557991
18223,4614751
18224,5453116
18225,17686737
18226,2434464
18227,7884446
18228,2978305
18229,2390217
18230,3189388
18231,3122919
18232,3000196
18233,2916411
18234,5907342
18235,4817603
18236,3327233
18237,3073699
18238,6620277
18239,3809294
18240,5257744
18241,4854396
18242,3445233
18243,3867094
18244,2917632
18245,19835291
18246,6332402
18247,5277812
18248,3739177
18249,2649536
18250,2420746
18251,2703328
18252,8465278
18253,5181229
18254,2845645
18255,4493881
18256,2468510
18257,2373513
18258,3000635
18259,5784617
18260,4747069
18261,12210727
18262,2314313
18263,3368917
18264,4684898
18265,6244297
18266,4052293
18267,10889014
18268,6805351
18269,5963311
18270,4951191
18271,3271793
18272,7119789
18273,6288770
18274,3084585
18275,3727434
18276,4308686
18277,16553024
18278,4443819
18279,4793681
18280,2340117
18281,4534811
18282,3099691
18283,2218893
18284,3208365
18285,2891838
18286,3134165
18287,3252365
18288,5039076
18289,2745868
18290,2321025
18291,2076520
18292,2508965
18293,3288890
18294,3081445
18295,2210528
18296,5019156
18297,11843132
18298,4656206
18299,3145340
18300,3332675
18301,2783855
18302,4713043
18303,2689499
18304,5474980
18305,3683060
18306,2825215
18307,3683690
18308,4772330
18309,8570267
18310,2546003
18311,2859136
18312,2536330
18313,4703069
18314,2277359
18315,2761802
18316,2803563
18317,2688022
18318,2736434
18319,5770648
18320,3275193
18321,15674312
18322,2213509
18323,7366621
18324,5917661
18325,3060219
18326,3531685
18327,4827735
18328,2779172
18329,3508007
18330,3405879
18331,2634413
18332,3099188
18333,2948435
18334,7137839
18335,4713281
18336,3265744
18337,2600743
18338,2452821
18339,2896146
18340,2626770
18341,2649404
18342,3695257
18343,3710594
18344,2357411
18345,4695672
18346,2792674
18347,2455395
18348,4274076
18349,9850950
18350,2629871
18351,4764854
18352,4764830
18353,2566127
18354,2578306
18355,2157280
18356,3523268
18357,2569382
18358,2661232
18359,2669387
18360,3573303
18361,2592268
18362,2771552
18363,2904482
18364,3459961
18365,2636522
18366,6114032
18367,2909938
18368,3495327
18369,10352449
18370,3311215
18371,2645392
18372,5668071
18373,6002030
18374,2499111
18375,2550350
18376,2751889
18377,2962659
18378,5408851
18379,2832904
18380,4853975
18381,2934510
18382,5120357
18383,2526621
18384,3176118
18385,3846037
18386,2573427
18387,3097499
18388,3218524
18389,16336268
18390,3468617
18391,2401138
18392,2483357
18393,5288435
18394,3384383
18395,2807164
18396,2858144
18397,2780291
18398,3613253
18399,6563125
18400,2644028
18401,5905787
18402,3090443
18403,3883143
18404,4480694
18405,7081039
18406,3710923
18407,3615306
18408,2632596
18409,2999078
18410,2882667
18411,2714080
18412,2754080
18413,4657383
18414,5012801
18415,2854133
18416,5680127
18417,9840033
18418,4687692
18419,2789394
18420,2579444
18421,4844982
18422,4860099
18423,2361116
18424,4463134
18425,2097194
18426,2283010
18427,2830518
18428,3656959
18429,5610050
18430,2918611
18431,3023797
18432,5062663
18433,4378456
18434,4472785
18435,5478162
18436,3363739
18437,2123031
18438,2220377
18439,3822979
18440,2259101
18441,4486793
18442,2749246
18443,2126774
18444,2551673
18445,2128735
18446,4505271
18447,6287409
18448,2461235
18449,2176233
18450,4333925
18451,4211102
18452,2800228
18453,4531393
18454,8763982
18455,6988650
18456,5733083
18457,4624370
18458,7470348
18459,2170063
18460,4344986
18461,4635981
18462,4381569
18463,2467280
18464,4129743
18465,3859882
18466,17625477
18467,2493973
18468,3982501
18469,4269969
18470,4144777
18471,4140405
18472,2722712
18473,4358006
18474,2377761
18475,3616112
18476,4400578
18477,6562950
18478,4805314
18479,3664959
18480,2871145
18481,4777444
18482,2467207
18483,6279590
18484,4049184
18485,4479803
18486,2506064
18487,6881832
18488,7403936
18489,3861587
18490,2314565
18491,4424126
18492,5369772
18493,4284989
18494,4337526
18495,2721681
18496,4399470
18497,4050081
18498,3748048
18499,2784671
18500,2421823
18501,2609860
18502,2320813
18503,2238922
18504,5588178
18505,3000052
18506,2866078
18507,3165757
18508,3793522
18509,2631695
18510,4582249
18511,6989387
18512,4321185
18513,14137838
18514,2131040
18515,2470451
18516,3333885
18517,2311229
18518,3789225
18519,3092654
18520,4555213
18521,2760476
18522,2621234
18523,3157602
18524,2854512
18525,11555049
18526,2740469
18527,5539419
18528,2331139
18529,2262029
18530,2092492
18531,2314862
18532,2451747
18533,4869396
18534,3801710
18535,2099457
18536,4783458
18537,3053659
18538,2494923
18539,2486509
18540,3648972
18541,10246980
18542,2978625
18543,3191118
18544,2734592
18545,2461322
18546,2313029
18547,6685382
18548,6370688
18549,2368083
18550,2350094
18551,2600380
18552,8559951
18553,3490798
18554,2922966
18555,2562363
18556,2773932
18557,4368539
18558,3025067
18559,2670915
18560,2768557
18561,3029397
18562,2605165
18563,4593221
18564,3196255
18565,14209058
18566,3006339
18567,5257103
18568,2887058
18569,2796979
18570,3017429
18571,5131972
18572,2484334
18573,8258197
18574,7970254
18575,4283435
18576,2256494
18577,2115468
18578,2026260
18579,2718288
18580,2312632
18581,2635476
18582,2803838
18583,5367015
18584,5367421
18585,3198368
18586,3769778
18587,6949396
18588,5872351
18589,8082293
18590,2939651
18591,2906483
18592,2832492
18593,3974210
18594,2676884
18595,2781904
18596,4983353
18597,3400086
18598,2638932
18599,3300652
18600,4920422
18601,7175919
18602,2764184
18603,2926119
18604,6735454
18605,2484552
18606,3675418
18607,3252318
18608,2190299
18609,2684638
18610,4354223
18611,5648676
18612,4913064
18613,8496844
18614,5832887
18615,6714579
18616,6546787
18617,19137059
18618,2270498
18619,7028500
18620,3280701
18621,7068108
18622,3327313
18623,4568979
18624,2991977
18625,2720855
18626,2615645
18627,2844766
18628,2725337
18629,6581474
18630,3224123
18631,3938470
18632,2925852
18633,3363173
18634,2555284
18635,2370317
18636,2517091
18637,3907275
18638,4378758
18639,3837638
18640,5918923
18641,20013162
18642,3072593
18643,2822428
18644,2627332
18645,11704485
18646,2311466
18647,3086992
18648,6594811
18649,4578533
18650,6216636
18651,6159014
18652,3805540
18653,4406882
18654,3373642
18655,2473756
18656,4594771
18657,18242612
18658,2693532
18659,2104935
18660,2534765
18661,2459662
18662,3405852
18663,5005547
18664,3715052
18665,14420127
18666,4013663
18667,2757128
18668,3033216
18669,2259539
18670,2888514
18671,10200719
18672,4706884
18673,4109649
18674,2263089
18675,3746372
18676,2728870
18677,12533338
18678,5846288
18679,9052445
18680,3267286
18681,5067951
18682,3206847
18683,2635057
18684,3600543
18685,2946568
18686,2537494
18687,2697975
18688,3638954
18689,11841517
18690,6061744
18691,6615030
18692,5380207
18693,3616400
18694,2686890
18695,4175282
18696,4436377
18697,13360622
18698,2182019
18699,2750798
18700,2319138
18701,3568685
18702,3720830
18703,3137384
18704,3267830
18705,5106463
18706,3645986
18707,2849186
18708,3763612
18709,7082881
18710,3064726
18711,2799534
18712,2981469
18713,13720064
18714,3591497
18715,2767852
18716,4449704
18717,6966606
18718,2594397
18719,3984075
18720,2869190
18721,3222541
18722,2489616
18723,6600394
18724,2926467
18725,10999038
18726,3026506
18727,4458533
18728,6446816
18729,4860520
18730,2573896
18731,2860128
18732,5946319
18733,8059421
18734,2877998
18735,2837394
18736,3282821
18737,2475331
18738,2853467
18739,2956436
18740,2604949
18741,10288082
18742,3513794
18743,3453997
18744,3185896
18745,3408959
18746,6861796
18747,3772305
18748,2792565
18749,15421985
18750,4707778
18751,4782814
18752,3322152
18753,3990716
18754,3321334
18755,2615443
18756,3524395
18757,2776780
18758,2275491
18759,3045209
18760,3506126
18761,14251119
18762,2543890
18763,3630343
18764,3298561
18765,9922505
18766,2899096
18767,4424927
18768,2974194
18769,4811018
18770,7926150
18771,4845612
18772,5816579
18773,16965178
18774,3799535
18775,2790411
18776,3106272
18777,2770802
18778,3068310
18779,2851284
18780,2780874
18781,5930335
18782,3333172
18783,2267434
18784,2246180
18785,14678755
18786,4160348
18787,2548576
18788,2596203
18789,2432004
18790,3085797
18791,3403526
18792,5312032
18793,4208636
18794,3191298
18795,4741480
18796,3484388
18797,3317219
18798,2840655
18799,2891205
18800,3311289
18801,3665921
18802,5037489
18803,2214240
18804,2469737
18805,5480138
18806,2910830
18807,2876123
18808,2542393
18809,2228391
18810,3326069
18811,2753654
18812,2609467
18813,17498371
18814,2784198
18815,2733814
18816,2956658
18817,2889550
18818,2678702
18819,2895452
18820,3385987
18821,3693393
18822,2683852
18823,2124518
18824,2574750
18825,2819273
18826,3062882
18827,2630390
18828,4199771
18829,2217748
18830,13783516
18831,3013480
18832,2936118
18833,4266397
18834,7233463
18835,7615408
18836,2626672
18837,4492081
18838,9017272
18839,2548999
18840,3955349
18841,5838627
18842,3671250
18843,3756235
18844,4343918
18845,6816112
18846,2527158
18847,4695208
18848,2570712
18849,2650857
18850,3312303
18851,3940845
18852,3349526
18853,4384917
18854,4321874
18855,14810396
18856,5994316
18857,6584969
18858,2928715
18859,7351889
18860,3970110
18861,4287304
18862,3198882
18863,2449231
18864,2085129
18865,2903897
18866,5489344
18867,3417709
18868,3383152
18869,3758755
18870,4387281
18871,2390283
18872,2371618
18873,2700415
18874,2435010
18875,2650135
18876,3731912
18877,2775470
18878,2817231
18879,6987726
18880,4520823
18881,4873955
18882,3274794
18883,4414949
18884,6210388
18885,2396506
18886,1978195
18887,4132657
18888,6153575
18889,3851525
18890,3170729
18891,5259710
18892,2606677
18893,3128698
18894,6669782
18895,2921320
18896,7006794
18897,8859851
18898,6355124
18899,4532521
18900,5446602
18901,5152239
18902,3016787
18903,4232041
18904,2733341
18905,5239276
18906,7220333
18907,7983331
18908,4726091
18909,6251057
18910,2564391
18911,2537821
18912,2325688
18913,2625989
18914,2545081
18915,2689772
18916,7811498
18917,2562829
18918,3225511
18919,2398519
18920,3048405
18921,2990181
18922,2415249
18923,2646539
18924,3476450
18925,2428239
18926,2406123
18927,2293440
18928,2271017
18929,1982210
18930,4052951
18931,2656395
18932,2136446
18933,2033885
18934,11452340
18935,2489989
18936,2191394
18937,2216115
18938,2200684
18939,2717482
18940,4483355
18941,18818929
18942,3282875
18943,4531880
18944,3053977
18945,2564774
18946,2737324
18947,2725297
18948,2644270
18949,2307013
18950,2914972
18951,2101606
18952,2162306
18953,2180948
18954,2083088
18955,6125279
18956,5653777
18957,2152285
18958,4782473
18959,2610455
18960,3811642
18961,3992647
18962,5332764
18963,3961066
18964,2644524
18965,4825673
18966,2455483
18967,2372498
18968,4253773
18969,3691120
18970,4897490
18971,4755053
18972,2214810
18973,2429440
18974,4377093
18975,2730387
18976,2299165
18977,10770530
18978,6583540
18979,4648045
18980,2704761
18981,7325853
18982,3888397
18983,2096765
18984,2439668
18985,2458413
18986,2017000
18987,5360333
18988,2487711
18989,2286380
18990,2611884
18991,2564313
18992,2560968
18993,5648873
18994,3675063
18995,2044443
18996,2533886
18997,3859788
18998,3740495
18999,7089368
19000,2386705
19001,5242227
19002,4259472
19003,6951185
19004,2709090
19005,7518650
19006,5037518
19007,2841543
19008,4820422
19009,2348372
19010,2395157
19011,2784165
19012,3093050
19013,2246479
19014,2732141
19015,3489400
19016,5596262
19017,3854956
19018,2861547
19019,4243405
19020,2738259
19021,3527824
19022,3051193
19023,4084598
19024,3581682
19025,3206355
19026,2660932
19027,8418892
19028,3253896
19029,7519261
19030,3001802
19031,7375071
19032,2584636
19033,2266826
19034,2302853
19035,2198693
19036,5276856
19037,2754230
19038,3841459
19039,2760857
19040,3256996
19041,2371462
19042,2688681
19043,3604650
19044,8510959
19045,3073155
19046,2792276
19047,9851812
19048,4590025
19049,2093447
19050,3152262
19051,2840598
19052,7088156
19053,4418575
19054,5524670
19055,2204402
19056,2705807
19057,2712824
19058,3825265
19059,2781449
19060,2263115
19061,8023000
19062,2841076
19063,4633744
19064,4194648
19065,4669357
19066,2684464
19067,2313688
19068,2341260
19069,4554231
19070,4193773
19071,3745645
19072,3254259
19073,5338133
19074,2764582
19075,2133029
19076,2219009
19077,4109186
19078,5172722
19079,6685865
19080,2807144
19081,4017846
19082,3497709
19083,5158903
19084,2471833
19085,4156890
19086,6126409
19087,6156993
19088,4503455
19089,4325168
19090,3820138
19091,4337924
19092,7194934
19093,10006831
19094,4095401
19095,2953750
19096,5349962
19097,2254831
19098,2564969
19099,3775715
19100,2472074
19101,4146211
19102,4021007
19103,2964674
19104,3594308
19105,2767822
19106,2936190
19107,4238500
19108,2755669
19109,2107078
19110,3152193
19111,3904086
19112,2564137
19113,5406415
19114,2549188
19115,4683534
19116,2635016
19117,5418402
19118,4849977
19119,4286282
19120,2699613
19121,2192935
19122,2778879
19123,3959243
19124,2667714
19125,2490912
19126,4245878
19127,2259261
19128,4238741
19129,2520408
19130,2739139
19131,2669605
19132,3165121
19133,3913794
19134,3730945
19135,3163749
19136,2438041
19137,2331788
19138,2613745
19139,2244766
19140,4702297
19141,6059157
19142,2683998
19143,3338206
19144,3558626
19145,7972165
19146,3500415
19147,4057272
19148,3318919
19149,3241005
19150,5145457
19151,4765582
19152,2666292
19153,2392608
19154,3124599
19155,16736967
19156,7062669
19157,4745658
19158,12870832
19159,4589164
19160,3076376
19161,12436006
19162,3305400
19163,2610812
19164,2844325
19165,4016094
19166,3922617
19167,2256213
19168,3383400
19169,3071247
19170,4345065
19171,2556267
19172,2971141
19173,2545014
19174,2709952
19175,6801202
19176,3665459
19177,3067998
19178,7898766
19179,3114417
19180,3981830
19181,3076217
19182,2891699
19183,2786751
19184,2619281
19185,4280669
19186,3445728
19187,2680422
19188,6154296
19189,2211087
19190,2727455
19191,3720124
19192,4977066
19193,6701237
19194,2618301
19195,3102459
19196,2302258
19197,4111895
19198,3015843
19199,4368716
19200,2509752
19201,12898327
19202,2141150
19203,2713900
19204,2633253
19205,7782375
19206,6608326
19207,3545846
19208,2656188
19209,2234310
19210,3396957
19211,5112961
19212,3795972
19213,5741088
19214,3445703
19215,4122881
19216,4696252
19217,3936953
19218,2769054
19219,5366078
19220,3909691
19221,5182156
19222,2538659
19223,2770879
19224,2952321
19225,5103667
19226,2608270
19227,3273969
19228,2316476
19229,3077189
19230,3332977
19231,2950158
19232,4845106
19233,3742439
19234,2564942
19235,3469940
19236,3249028
19237,2032675
19238,2949597
19239,2351481
19240,3963982
19241,2532110
19242,2615302
19243,4697911
19244,3913262
19245,4800923
19246,3622481
19247,3002928
19248,3960076
19249,2843942
19250,2940795
19251,2977939
19252,2593557
19253,2762799
19254,5519046
19255,4395807
19256,2413791
19257,2827885
19258,2476145
19259,3732180
19260,4579055
19261,4910523
19262,2957882
19263,3655181
19264,4278786
19265,2262747
19266,3058431
19267,2616173
19268,2519842
19269,2093310
19270,5680295
19271,4902834
19272,5776853
19273,3806566
19274,2348137
19275,4484349
19276,4181851
19277,2986276
19278,2236945
19279,4254782
19280,3914477
19281,5577250
19282,2225184
19283,3160494
19284,3401571
19285,2990130
19286,3299537
19287,4019422
19288,2467328
19289,1997237
19290,2714583
19291,2574994
19292,6876694
19293,7747217
19294,2964625
19295,2313066
19296,4747604
19297,4796120
19298,3281326
19299,3270200
19300,2505969
19301,5059890
19302,3439233
19303,4786186
19304,3578352
19305,2478107
19306,2877886
19307,4704628
19308,5310533
19309,2101737
19310,2319504
19311,2314077
19312,2035118
19313,2149502
19314,3443513
19315,3192022
19316,2283266
19317,4342659
19318,5143431
19319,5286304
19320,3088736
19321,2274420
19322,4110557
19323,5868905
19324,2381121
19325,5235180
19326,6561308
19327,6895303
19328,2207689
19329,3205706
19330,3482328
19331,3007948
19332,2740761
19333,2949360
19334,2475316
19335,2674756
19336,3131861
19337,5330538
19338,3636321
19339,4249647
19340,4921638
19341,9163373
19342,2015667
19343,1967865
19344,6003249
19345,6552921
19346,4939736
19347,3946240
19348,2859001
19349,4367746
19350,8511332
19351,10650861
19352,2098382
19353,3611442
19354,2700568
19355,2545118
19356,3487688
19357,2885943
19358,4806018
19359,5434677
19360,2677497
19361,2265979
19362,2119523
19363,4638979
19364,3002853
19365,2225256
19366,3247523
19367,7655025
19368,2488480
19369,1983355
19370,1964148
19371,2143339
19372,2920354
19373,1933007
19374,2725303
19375,2306153
19376,2551202
19377,2449177
19378,2049768
19379,2933069
19380,3725011
19381,2871552
19382,2222177
19383,11941082
19384,2795886
19385,3872224
19386,4221013
19387,2221006
19388,4271901
19389,3659543
19390,2682921
19391,2289460
19392,2612066
19393,2883016
19394,5310257
19395,2430109
19396,3400577
19397,6208740
19398,2146724
19399,2172696
19400,3697192
19401,18848150
19402,3346835
19403,2197887
19404,4826636
19405,8917285
19406,4162431
19407,3106032
19408,2116351
19409,3230358
19410,4373316
19411,4388657
19412,3104342
19413,3441722
19414,7986300
19415,2758991
19416,6763293
19417,5807663
19418,2694074
19419,3171268
19420,2907546
19421,3068354
19422,5922707
19423,5791629
19424,2965215
19425,3993338
19426,2993365
19427,6646073
19428,3384639
19429,2816187
19430,2319480
19431,2557041
19432,3980608
19433,3400806
19434,9962183
19435,5263450
19436,6523531
19437,4036030
19438,3120455
19439,4195624
19440,3163236
19441,4460351
19442,2359348
19443,3887969
19444,3108246
19445,4762058
19446,4595299
19447,5042349
19448,2676598
19449,3141058
19450,2255690
19451,2238378
19452,2134077
19453,2261013
19454,3076183
19455,3297415
19456,3484301
19457,2543408
19458,2438567
19459,2169326
19460,2154355
19461,3835452
19462,4729650
19463,2584672
19464,24283318
19465,3073519
19466,2998195
19467,5306704
19468,4655601
19469,5889866
19470,4052710
19471,3191056
19472,4359629
19473,2284406
19474,2320960
19475,3933506
19476,5591617
19477,3899720
19478,4046034
19479,2964212
19480,3236474
19481,3179141
19482,4129474
19483,6097638
19484,4433736
19485,15563808
19486,4413956
19487,4978758
19488,5347265
19489,2324129
19490,4113166
19491,3272193
19492,3727720
19493,4204459
19494,2469699
19495,2798572
19496,4647840
19497,13407514
19498,5959063
19499,4631159
19500,5428154
19501,5315175
19502,2960477
19503,2900290
19504,2296377
19505,2502745
19506,2673525
19507,2827604
19508,2306293
19509,2154171
19510,4592391
19511,2512666
19512,2854748
19513,2877442
19514,2188091
19515,2425755
19516,2761335
19517,3704355
19518,3959785
19519,4376925
19520,2595870
19521,2857109
19522,6307103
19523,4352447
19524,3838734
19525,9695582
19526,2502281
19527,2921441
19528,3914045
19529,3008894
19530,2550917
19531,3934526
19532,2337374
19533,2807024
19534,2134704
19535,1992705
19536,2453451
19537,2145983
19538,2427299
19539,2903502
19540,3785951
19541,2502174
19542,4390866
19543,2346107
19544,2317910
19545,3894517
19546,2790984
19547,2711827
19548,3562485
19549,7534251
19550,2542698
19551,3381027
19552,3165932
19553,6737367
19554,3212521
19555,2395285
19556,6142109
19557,2912406
19558,5616815
19559,3988096
19560,4827436
19561,7478621
19562,3307434
19563,2541526
19564,2999799
19565,2732161
19566,3355639
19567,5649653
19568,2561062
19569,2894993
19570,4434304
19571,9983721
19572,6303961
19573,3201700
19574,3394589
19575,3177191
19576,3402157
19577,3439561
19578,3166491
19579,3174222
19580,5543051
19581,2401738
19582,5832640
19583,2679196
19584,3805575
19585,3070397
19586,3161699
19587,4717975
19588,4627355
19589,4000095
19590,2595579
19591,3060704
19592,3104801
19593,2511905
19594,2974891
19595,3741714
19596,2813672
19597,4217338
19598,2815534
19599,3809184
19600,3426320
19601,3681053
19602,5645780
19603,4661911
19604,2913346
19605,4040300
19606,3042885
19607,4460688
19608,3276343
19609,4141933
19610,4521577
19611,4774445
19612,5022424
19613,2458170
19614,5769677
19615,3091148
19616,2995333
19617,3020132
19618,2979653
19619,2786100
19620,19086717
19621,7801205
19622,3137511
19623,4882149
19624,6006179
19625,3853456
19626,4570342
19627,3202763
19628,3171339
19629,3079432
19630,4801417
19631,7757137
19632,4610827
19633,2862415
19634,3228624
19635,9840075
19636,3415711
19637,4525307
19638,2639680
19639,2991554
19640,6265010
19641,6056569
19642,3549542
19643,2702091
19644,4048331
19645,2838410
19646,5308435
19647,3179210
19648,2667917
19649,2536754
19650,2765656
19651,3192852
19652,2883945
19653,3197071
19654,4728601
19655,5075986
19656,2574242
19657,6006693
19658,2526041
19659,3690093
19660,2748038
19661,2902548
19662,2634490
19663,2542891
19664,4490167
19665,7875393
19666,5088773
19667,3478889
19668,4202788
19669,2988293
19670,4519744
19671,5511105
19672,2686727
19673,2434368
19674,2885396
19675,2384932
19676,2576621
19677,8217953
19678,3005143
19679,5198117
19680,5423914
19681,5442607
19682,3083589
19683,2962881
19684,3481844
19685,3860137
19686,3342525
19687,2325437
19688,7734235
19689,4444982
19690,2239172
19691,2808221
19692,3155850
19693,4298601
19694,3117367
19695,10600757
19696,4036256
19697,7534314
19698,2501089
19699,7174838
19700,3164695
19701,2526689
19702,2437287
19703,3199141
19704,5523123
19705,3166416
19706,2483782
19707,4840606
19708,2437481
19709,3765253
19710,2403504
19711,3753911
19712,4805440
19713,7098002
19714,3535907
19715,3157641
19716,4096749
19717,4996559
19718,2702192
19719,3043470
19720,3360032
19721,2576865
19722,8396761
19723,4607868
19724,3381602
19725,2396783
19726,2791569
19727,2474701
19728,2714553
19729,5967433
19730,2270273
19731,2226038
19732,2749705
19733,4817888
19734,2630746
19735,2432211
19736,2419305
19737,3818573
19738,6202162
19739,2946287
19740,3703457
19741,2468874
19742,3759883
19743,3397277
19744,5691456
19745,4237812
19746,4480665
19747,2808502
19748,2501221
19749,3487203
19750,4430691
19751,4248613
19752,2977247
19753,7759203
19754,6945261
19755,5614154
19756,3781947
19757,3995360
19758,3367083
19759,2327801
19760,2234166
19761,2307602
19762,3163670
19763,3459418
19764,3546323
19765,2504097
19766,2350571
19767,2379047
19768,2361887
19769,2788821
19770,2809201
19771,2409168
19772,2436659
19773,4699831
19774,6135632
19775,4059515
19776,9073226
19777,4696456
19778,3612334
19779,2555348
19780,4278985
19781,5416702
19782,5777639
19783,5540518
19784,2647621
19785,2378283
19786,2371238
19787,2561957
19788,2465978
19789,2545015
19790,2073194
19791,2778050
19792,2555489
19793,5879480
19794,2460047
19795,3358606
19796,2431010
19797,8704731
19798,5677819
19799,2214394
19800,3324030
19801,6687288
19802,3559792
19803,2502150
19804,2853348
19805,2131895
19806,4815126
19807,4511457
19808,2709924
19809,5936100
19810,4193123
19811,3988712
19812,5343842
19813,2798478
19814,2579370
19815,3631274
19816,2152145
19817,5689311
19818,3307827
19819,3449429
19820,3231781
19821,3195723
19822,2727997
19823,2383928
19824,2267154
19825,2180072
19826,2098555
19827,3470602
19828,3377954
19829,16637320
19830,5599967
19831,2893373
19832,2697042
19833,3208659
19834,5751897
19835,4051178
19836,5606335
19837,4554609
19838,6746621
19839,3604828
19840,3343028
19841,5637369
19842,3008613
19843,5786135
19844,4638576
19845,3161341
19846,2946448
19847,3236090
19848,2164504
19849,2169305
19850,3155788
19851,7582357
19852,3394127
19853,2868013
19854,3019345
19855,2471497
19856,3658108
19857,7437872
19858,2470791
19859,3593362
19860,2863333
19861,3182091
19862,2777923
19863,8355141
19864,3061516
19865,5714035
19866,2534502
19867,3241743
19868,3040001
19869,4382371
19870,3796377
19871,3296652
19872,3067942
19873,2449448
19874,3645530
19875,4295780
19876,5128229
19877,4612953
19878,3163205
19879,5591621
19880,6196102
19881,7636913
19882,6041159
19883,12603950
19884,2730167
19885,2694257
19886,2265216
19887,2466280
19888,2858433
19889,3479033
19890,8910067
19891,6356423
19892,5438857
19893,3796376
19894,2370282
19895,2750770
19896,2761273
19897,3189185
19898,2573953
19899,2558929
19900,2704054
19901,3208710
19902,8667536
19903,8102653
19904,5970732
19905,5061453
19906,4781760
19907,6086329
19908,8766358
19909,2310390
19910,2242069
19911,6637144
19912,3526853
19913,2018864
19914,6826315
19915,2831668
19916,3884130
19917,2526444
19918,2613499
19919,2480028
19920,2614397
19921,2594754
19922,2446370
19923,4688600
19924,2874183
19925,2239302
19926,3066989
19927,3688385
19928,2762296
19929,6327043
19930,3626229
19931,3769699
19932,3140302
19933,3696460
19934,10565540
19935,7849580
19936,5973921
19937,4381143
19938,3356260
19939,4795619
19940,6168670
19941,6689772
19942,2607342
19943,2681438
19944,2128734
19945,3073006
19946,2883515
19947,2668106
19948,3634104
19949,3658856
19950,4633386
19951,4291953
19952,2351668
19953,2703848
19954,2317665
19955,4205561
19956,2432232
19957,2760267
19958,3487525
19959,4929398
19960,2364654
19961,2487161
19962,3391739
19963,2469250
19964,2546926
19965,5640881
19966,2686759
19967,2196254
19968,5420995
19969,5288017
19970,2712623
19971,8302106
19972,4611150
19973,6259276
19974,2548363
19975,4026243
19976,3182011
19977,4601742
19978,2932941
19979,2140526
19980,3084535
19981,2661485
19982,2812102
19983,2833121
19984,3959415
19985,4558624
19986,2821095
19987,4827483
19988,3522931
19989,3976411
19990,2541614
19991,4207247
19992,3032794
19993,3100707
19994,3128250
19995,2756900
19996,2378633
19997,2231505
19998,2853722
19999,2355014
20000,2161532
20001,3164418
20002,2366876
20003,2465082
20004,2591975
20005,2379278
20006,2519878
20007,3003861
20008,4992694
20009,2593345
20010,3498100
20011,4622612
20012,4417521
20013,2169536
20014,7697563
20015,5833775
20016,2697398
20017,4375606
20018,2423564
20019,5912533
20020,5363043
20021,4301579
20022,2579535
20023,2028588
20024,3020324
20025,2556460
20026,3560617
20027,2956149
20028,2667417
20029,5870435
20030,2323272
20031,4748885
20032,5789570
20033,2452484
20034,11638686
20035,5430375
20036,3044760
20037,2520638
20038,2444497
20039,2157859
20040,3371428
20041,4549310
20042,3323411
20043,2957797
20044,3942821
20045,2654477
20046,3134402
20047,6826830
20048,3596968
20049,7702008
20050,6540334
20051,2978940
20052,3839319
20053,4401413
20054,3327683
20055,2523700
20056,2643190
20057,4496337
20058,2898716
20059,3210349
20060,10064335
20061,6619253
20062,2570333
20063,3320619
20064,4796184
20065,2638701
20066,4590614
20067,5716609
20068,9004580
20069,7184291
20070,5758277
20071,3137652
20072,2917982
20073,3116500
20074,6392289
20075,2330219
20076,3550109
20077,2672025
20078,3017864
20079,3306965
20080,2567095
20081,2997272
20082,2755209
20083,2605294
20084,3208271
20085,6314864
20086,3091888
20087,5029369
20088,2824415
20089,2786220
20090,4039300
20091,3903686
20092,2365920
20093,2326111
20094,3345860
20095,4502987
20096,3275282
20097,4630035
20098,6745680
20099,2575680
20100,5451380
20101,5984303
20102,3114248
20103,3581016
20104,3100004
20105,2307055
20106,3288117
20107,6238763
20108,3676401
20109,2605818
20110,8336162
20111,4719385
20112,7470521
20113,6804404
20114,3069841
20115,3946720
20116,2707563
20117,2272082
20118,3144226
20119,2408055
20120,2187097
20121,2289194
20122,2215119
20123,2717634
20124,2945587
20125,4723488
20126,3012669
20127,2067630
20128,2463862
20129,2235085
20130,4648049
20131,5612902
20132,3125165
20133,3011785
20134,2163144
20135,2346000
20136,2734309
20137,3067373
20138,6120528
20139,6501100
20140,3208762
20141,5209715
20142,2900212
20143,3835110
20144,2714790
20145,3455458
20146,5921961
20147,3387054
20148,2618176
20149,4668601
20150,4549259
20151,2649012
20152,2622640
20153,2581883
20154,3709972
20155,3311605
20156,3340356
20157,3402072
20158,2691962
20159,3348677
20160,5262914
20161,3838654
20162,3457349
20163,2997762
20164,8091563
20165,2083274
20166,4408577
20167,5328975
20168,2505208
20169,2040699
20170,2437685
20171,2251625
20172,2460111
20173,3753524
20174,2552093
20175,3808771
20176,4058847
20177,4924505
20178,4352174
20179,2448527
20180,3344730
20181,4466579
20182,2871081
20183,2896219
20184,2759450
20185,3006274
20186,3716261
20187,3541530
20188,2787540
20189,2153575
20190,7395165
20191,3263624
20192,4600633
20193,2705613
20194,4373427
20195,4426960
20196,3939188
20197,4048004
20198,3353799
20199,8864956
20200,2496044
20201,5372614
20202,2846568
20203,4008183
20204,2958836
20205,3234890
20206,3967688
20207,5207597
20208,2542268
20209,3079175
20210,2519657
20211,2774375
20212,3066849
20213,2823823
20214,3306954
20215,3112845
20216,2745464
20217,3726073
20218,3281826
20219,7559243
20220,6666979
20221,4396992
20222,2871878
20223,2903083
20224,4135130
20225,2985673
20226,2391364
20227,5141762
20228,4252100
20229,4176688
20230,2730303
20231,3111421
20232,6498457
20233,12565725
20234,4747975
20235,2989405
20236,3088774
20237,6072484
20238,5050813
20239,3566562
20240,3247397
20241,3814340
20242,3763608
20243,4689535
20244,4566093
20245,5185024
20246,5847151
20247,4914114
20248,2869095
20249,3179445
20250,5002603
20251,4990423
20252,6598946
20253,9648984
20254,2995858
20255,2305467
20256,4768289
20257,3581687
20258,3339559
20259,3512393
20260,3170011
20261,5060219
20262,3483225
20263,4341186
20264,2721243
20265,3535985
20266,2619142
20267,3226767
20268,5425686
20269,3852581
20270,2757679
20271,3110841
20272,3710880
20273,4377660
20274,2855438
20275,3652577
20276,3438726
20277,3553861
20278,6850033
20279,9168420
20280,6803336
20281,5340816
20282,3724036
20283,5986756
20284,4114901
20285,6598134
20286,2550420
20287,3937872
20288,5172400
20289,4740620
20290,2787408
20291,4628388
20292,3178338
20293,8376173
20294,4753899
20295,2324470
20296,5690785
20297,3762401
20298,2278247
20299,3092050
20300,2554305
20301,3192141
20302,3163888
20303,2797054
20304,5604279
20305,2602995
20306,4093994
20307,2411275
20308,3338329
20309,3847108
20310,2639176
20311,2599418
20312,6374122
20313,3732911
20314,2368804
20315,5214701
20316,3617733
20317,4925599
20318,20214291
20319,2929808
20320,3762241
20321,5496910
20322,4830558
20323,2913387
20324,2444485
20325,3924330
20326,3217523
20327,4793021
20328,2574577
20329,3639279
20330,2593116
20331,5322944
20332,3559905
20333,3158636
20334,3227851
20335,7111982
20336,2579192
20337,2496272
20338,3560100
20339,3973124
20340,5173409
20341,4095421
20342,3655711
20343,2615597
20344,2662272
20345,2740004
20346,4800732
20347,4772380
20348,2838272
20349,3632367
20350,3267212
20351,2786275
20352,4514970
20353,3526598
20354,2751354
20355,2176887
20356,3172201
20357,7256977
20358,3069287
20359,4618519
20360,5711711
20361,5836292
20362,3341029
20363,3306112
20364,3000724
20365,4199753
20366,2686444
20367,4326192
20368,3277355
20369,12043669
20370,3139863
20371,3773112
20372,2528716
20373,3235107
20374,3152725
20375,2886387
20376,3062687
20377,3004064
20378,3069846
20379,6236034
20380,2967417
20381,3019937
20382,2945840
20383,4191457
20384,3765642
20385,2591959
20386,2333510
20387,2201195
20388,2415121
20389,5121509
20390,4436848
20391,4999253
20392,5058493
20393,5061138
20394,2632352
20395,3193580
20396,2668598
20397,2553752
20398,5877924
20399,3098607
20400,6662595
20401,5625675
20402,3878653
20403,19832163
20404,3478701
20405,5803450
20406,3098240
20407,2797154
20408,3591164
20409,2851943
20410,2641697
20411,3161001
20412,2566303
20413,5995845
20414,5335018
20415,3437173
20416,8424882
20417,3731329
20418,3120718
20419,3159879
20420,2273540
20421,6554497
20422,7198722
20423,3016181
20424,3352659
20425,7675019
20426,3244143
20427,5599447
20428,2807121
20429,7482569
20430,2845586
20431,2670748
20432,3358304
20433,4820779
20434,3424172
20435,2638720
20436,2687218
20437,4533326
20438,2787593
20439,4389275
20440,2868027
20441,7387736
20442,3569694
20443,8057150
20444,3869280
20445,3706909
20446,2979669
20447,5352308
20448,2359550
20449,2172878
20450,2172558
20451,5933389
20452,5357810
20453,4308185
20454,3117296
20455,2582512
20456,4713522
20457,2525085
20458,3504487
20459,5895581
20460,5337333
20461,4591383
20462,4111414
20463,3283563
20464,7192987
20465,2545833
20466,3070586
20467,2731308
20468,3387420
20469,7679112
20470,2805512
20471,4198977
20472,3877046
20473,7300139
20474,2307128
20475,2214846
20476,2679049
20477,2232115
20478,3668210
20479,7544781
20480,3581921
20481,2579144
20482,2736393
20483,2572575
20484,3427084
20485,2336826
20486,2323193
20487,2597829
20488,2646324
20489,2474722
20490,3309907
20491,2739589
20492,2704424
20493,3267359
20494,2797502
20495,2254528
20496,2442539
20497,2200831
20498,2420217
20499,5410551
20500,4638788
20501,6879433
20502,4228368
20503,4489465
20504,5884422
20505,4475594
20506,3162885
20507,4791150
20508,2423053
20509,2388451
20510,4352216
20511,2196053
20512,2333364
20513,2089893
20514,7561502
20515,4935570
20516,2376293
20517,6435915
20518,5551442
20519,3824543
20520,2236686
20521,2511681
20522,3039826
20523,3044310
20524,2739083
20525,3742314
20526,2366216
20527,3931451
20528,2231542
20529,2100541
20530,2534156
20531,2376860
20532,2690649
20533,5870682
20534,2615571
20535,16631757
20536,2226982
20537,7865254
20538,9222282
20539,2884729
20540,9064689
20541,6029897
20542,5201367
20543,2226627
20544,5440739
20545,5715502
20546,5333097
20547,2637338
20548,3309592
20549,4356069
20550,4822407
20551,4889737
20552,6302445
20553,4208359
20554,3527659
20555,3486503
20556,19055591
20557,2401853
20558,3499645
20559,2334535
20560,2446988
20561,2395349
20562,2303569
20563,3776342
20564,2208082
20565,3801891
20566,3231952
20567,4056738
20568,3685834
20569,2668699
20570,2694694
20571,4586725
20572,9599340
20573,4108158
20574,2328334
20575,2229909
20576,4566857
20577,6592770
20578,4144682
20579,4605458
20580,3001157
20581,2761347
20582,4028009
20583,2539205
20584,2598371
20585,2585411
20586,2390340
20587,2731874
20588,5224942
20589,7045640
20590,4491211
20591,7177307
20592,2506691
20593,2452547
20594,3031789
20595,3533559
20596,7351690
20597,6182058
20598,9302330
20599,4701112
20600,6466554
20601,7517596
20602,3401221
20603,2520929
20604,3309466
20605,2540700
20606,5160102
20607,4271660
20608,5957338
20609,5152332
20610,8499395
20611,2235003
20612,2166297
20613,2147874
20614,2297495
20615,4077887
20616,2644212
20617,5355392
20618,4534500
20619,5638944
20620,4627344
20621,7387768
20622,2468657
20623,2418106
20624,2930857
20625,2237169
20626,3565968
20627,11180138
20628,2177811
20629,3848740
20630,2914253
20631,2474017
20632,3679709
20633,2614502
20634,2662556
20635,3209874
20636,3344837
20637,4109104
20638,3772853
20639,2139513
20640,10697022
20641,6393725
20642,2338319
20643,2359021
20644,2462234
20645,3837249
20646,2769220
20647,2901055
20648,3904726
20649,6147889
20650,3272875
20651,2840482
20652,2625912
20653,2761710
20654,5295349
20655,2988277
20656,2651067
20657,8222530
20658,4199575
20659,4632071
20660,4907241
20661,15980371
20662,4850142
20663,2206547
20664,2583874
20665,2064345
20666,2689482
20667,2203326
20668,2358912
20669,2308750
20670,4346062
20671,2546960
20672,5537924
20673,4652176
20674,3014628
20675,2536601
20676,4396419
20677,2417095
20678,2485937
20679,2482411
20680,2360058
20681,4632452
20682,3005943
20683,2174055
20684,2877272
20685,2134387
20686,2399194
20687,3084589
20688,2874635
20689,2480016
20690,2920342
20691,3753744
20692,2884687
20693,2507333
20694,2318365
20695,2184044
20696,2845312
20697,2267791
20698,2518564
20699,3348205
20700,2885294
20701,4886512
20702,2872070
20703,2855860
20704,2446302
20705,2444872
20706,2418864
20707,4542610
20708,2975369
20709,2604975
20710,2799994
20711,2534883
20712,3351964
20713,2404050
20714,3158591
20715,4659909
20716,2990617
20717,4075331
20718,5473524
20719,5547624
20720,2328281
20721,2680727
20722,4985332
20723,4959384
20724,3358882
20725,3829604
20726,12316789
20727,16491090
20728,9598232
20729,6741706
20730,8277656
20731,13051433
20732,5613746
20733,4234247
20734,2705915
20735,2510879
20736,3459813
20737,5101346
20738,4641403
20739,4597693
20740,5625974
20741,3557781
20742,2878241
20743,6905610
20744,3283977
20745,5095142
20746,2285687
20747,2680484
20748,2559985
20749,2560301
20750,3035926
20751,2439565
20752,7543659
20753,5669572
20754,5515812
20755,5501514
20756,5913821
20757,2449439
20758,3082272
20759,12145428
20760,3742266
20761,4708241
20762,5919732
20763,2397306
20764,2694888
20765,4020466
20766,3250255
20767,9246071
20768,4692786
20769,9480637
20770,3150580
20771,2615400
20772,3646193
20773,2943616
20774,2846540
20775,4449360
20776,3283126
20777,5462930
20778,2419577
20779,3061070
20780,3595805
20781,6444625
20782,4757753
20783,2304694
20784,4678870
20785,7781869
20786,4274942
20787,4191239
20788,2519027
20789,3899760
20790,17180403
20791,2273861
20792,2651304
20793,5747659
20794,5066894
20795,3748475
20796,5452750
20797,2214622
20798,4429122
20799,7736319
20800,6549813
20801,3632697
20802,2886156
20803,2902352
20804,2305848
20805,3443766
20806,2644006
20807,2613431
20808,2490569
20809,2734338
20810,2139850
20811,2578549
20812,3138399
20813,2563243
20814,2449497
20815,2577098
20816,2590944
20817,3169277
20818,2653627
20819,2618988
20820,3989616
20821,2520371
20822,2768821
20823,2347483
20824,2312908
20825,2277248
20826,2907493
20827,2427988
20828,3268747
20829,7164329
20830,4508942
20831,2634354
20832,2829137
20833,3132528
20834,2816270
20835,3980135
20836,2771923
20837,5044981
20838,5965289
20839,2953137
20840,3229289
20841,4443978
20842,2956625
20843,10915413
20844,3875878
20845,3263439
20846,3427135
20847,5115122
20848,2886868
20849,2234640
20850,3884601
20851,2454423
20852,4438022
20853,2708248
20854,4257355
20855,2787171
20856,3564812
20857,5943575
20858,5423279
20859,7308498
20860,3894259
20861,4706559
20862,2685544
20863,2582442
20864,2790729
20865,2858345
20866,2806751
20867,2586476
20868,2279446
20869,2525541
20870,2704847
20871,3636883
20872,3188273
20873,3222318
20874,4639906
20875,4228525
20876,3135130
20877,3100394
20878,2872298
20879,7229443
20880,8939572
20881,6054025
20882,3116142
20883,2742480
20884,3180347
20885,9354201
20886,2799883
20887,2670069
20888,3319496
20889,3462319
20890,4944532
20891,3830094
20892,3141768
20893,2672946
20894,2353979
20895,7794032
20896,2457033
20897,6650625
20898,9432577
20899,6645496
20900,3529282
20901,7307456
20902,3551624
20903,3290302
20904,3309612
20905,2708594
20906,2985260
20907,3437830
20908,2808739
20909,6251298
20910,2598955
20911,6757930
20912,6480467
20913,3706520
20914,4422692
20915,3080898
20916,2668802
20917,4580431
20918,5530234
20919,2834749
20920,3201934
20921,3717201
20922,6029402
20923,2882224
20924,2871371
20925,2788626
20926,2643354
20927,2507490
20928,2430199
20929,3158382
20930,2739107
20931,2988733
20932,2613966
20933,2612652
20934,3696522
20935,2499118
20936,2578811
20937,2653236
20938,2657313
20939,3021905
20940,3202134
20941,2739302
20942,3059733
20943,3166111
20944,3636937
20945,2561840
20946,2660529
20947,2991419
20948,2201489
20949,2348664
20950,2577978
20951,2178424
20952,2232970
20953,3057314
20954,3129083
20955,3919474
20956,3011386
20957,3737129
20958,3632053
20959,2715875
20960,2510732
20961,2464742
20962,2426687
20963,5652887
20964,3258001
20965,6887368
20966,3149226
20967,2097622
20968,3434576
20969,2603880
20970,2902649
20971,4067634
20972,3208328
20973,2903278
20974,2307698
20975,2550571
20976,3237900
20977,2678365
20978,5088269
20979,5440535
20980,6459905
20981,4824976
20982,5912874
20983,3810930
20984,4036928
20985,3122444
20986,3122660
20987,5916963
20988,3021914
20989,4121880
20990,2171436
20991,3799366
20992,5001185
20993,4967653
20994,3288246
20995,2166135
20996,2417768
20997,2952503
20998,3681329
20999,2578734
21000,9697735
21001,2509257
21002,2244179
21003,3599906
21004,4211170
21005,5641224
21006,6009409
21007,7749528
21008,2614724
21009,5364361
21010,2653415
21011,3959898
21012,2478455
21013,2768146
21014,3147895
21015,2170862
21016,2431845
21017,4135173
21018,3226721
21019,4693131
21020,2497901
21021,2824895
21022,2986562
21023,2704291
21024,2499791
21025,4592154
21026,3192639
21027,6519686
21028,2734403
21029,2523525
21030,3163758
21031,2313797
21032,2751322
21033,3127834
21034,3071884
21035,6078453
21036,6715071
21037,6796986
21038,2971417
21039,3279160
21040,4576284
21041,7101028
21042,2112639
21043,2268750
21044,2273422
21045,3885840
21046,2894853
21047,2067743
21048,2105377
21049,2426005
21050,5862147
21051,7728509
21052,2414033
21053,3883922
21054,2976989
21055,3081296
21056,2514183
21057,3765192
21058,3593470
21059,2342633
21060,14884659
21061,4336835
21062,2993499
21063,9203923
21064,3354363
21065,2398546
21066,6013493
21067,4381085
21068,4747666
21069,5855365
21070,5985102
21071,2545440
21072,12734874
21073,2814682
21074,4783783
21075,4736131
21076,2831325
21077,2503786
21078,2481375
21079,8277899
21080,2454054
21081,7215727
21082,2651141
21083,6895751
21084,3503263
21085,2514262
21086,3189121
21087,4531005
21088,2991629
21089,3091304
21090,3000521
21091,2377034
21092,2975777
21093,3536481
21094,3468580
21095,2465016
21096,2584401
21097,3354776
21098,3136512
21099,4539049
21100,5504736
21101,6887501
21102,9947836
21103,12022376
21104,2591878
21105,2841845
21106,2770550
21107,4716988
21108,3294766
21109,3364111
21110,3180190
21111,2811023
21112,4404958
21113,2576967
21114,2475568
21115,4508319
21116,2529989
21117,2488822
21118,3033791
21119,6737873
21120,2711352
21121,3641324
21122,4099570
21123,8102149
21124,2619704
21125,2561059
21126,2441548
21127,2524372
21128,2434284
21129,2174353
21130,2308833
21131,3012638
21132,5209459
21133,5361986
21134,5225527
21135,3248008
21136,4378932
21137,5130480
21138,5214590
21139,4855850
21140,3169381
21141,5319241
21142,5062291
21143,9714540
21144,3810237
21145,3018489
21146,5962715
21147,3145765
21148,3149728
21149,2346016
21150,2981294
21151,2176482
21152,2675480
21153,3381495
21154,3699458
21155,3062314
21156,3285882
21157,3173577
21158,5615021
21159,4838434
21160,2746821
21161,3857060
21162,3094209
21163,2280813
21164,4976783
21165,2921037
21166,15884609
21167,3631195
21168,2951597
21169,2355274
21170,3006301
21171,2615708
21172,4132379
21173,2675140
21174,5621978
21175,2960128
21176,2850809
21177,2887496
21178,2822190
21179,4740642
21180,3477385
21181,7090793
21182,3448953
21183,5494696
21184,3438695
21185,2379105
21186,3940798
21187,3189028
21188,4018933
21189,6132481
21190,3635778
21191,4205885
21192,3718290
21193,3402049
21194,3954243
21195,3873980
21196,2921819
21197,4223571
21198,3023083
21199,2654124
21200,2945269
21201,6031809
21202,3262569
21203,2670342
21204,6761172
21205,2335889
21206,3008372
21207,2742759
21208,4609375
21209,5966984
21210,6994873
21211,9467355
21212,6254668
21213,6896010
21214,9836435
21215,4265854
21216,9036196
21217,4298259
21218,2429601
21219,9417848
21220,5686837
21221,6382617
21222,2878645
21223,4706237
21224,3029707
21225,4571558
21226,4188348
21227,2010770
21228,10414531
21229,2208527
21230,2574172
21231,2097623
21232,4562587
21233,4940405
21234,7326369
21235,2193162
21236,2197861
21237,3070929
21238,4106494
21239,2559498
21240,5085478
21241,5207928
21242,2907820
21243,2786727
21244,2743255
21245,2511728
21246,5090767
21247,3401496
21248,3796527
21249,3439266
21250,4554988
21251,2354122
21252,7127129
21253,6984801
21254,2852389
21255,2847379
21256,2612064
21257,3283976
21258,2836954
21259,2589261
21260,4491926
21261,2405894
21262,5344372
21263,2460659
21264,2423623
21265,3371878
21266,2592243
21267,2558203
21268,3538127
21269,4033939
21270,2150075
21271,4537006
21272,2640599
21273,2690867
21274,2516199
21275,2543323
21276,4330414
21277,2438443
21278,1976098
21279,2302945
21280,5251555
21281,6130885
21282,2907978
21283,2594334
21284,2824266
21285,5292795
21286,5499695
21287,6249030
21288,5425360
21289,2993043
21290,2303118
21291,4903216
21292,5495242
21293,4870944
21294,2927756
21295,3021906
21296,3105192
21297,2347699
21298,6157654
21299,2951702
21300,3556435
21301,2794612
21302,2513532
21303,2581939
21304,3146378
21305,2829187
21306,2828234
21307,2619513
21308,2604213
21309,2846034
21310,2460119
21311,2256693
21312,4267050
21313,3799198
21314,2581688
21315,2508547
21316,2477800
21317,2548189
21318,2994415
21319,3157890
21320,3329342
21321,5541303
21322,6664036
21323,5201637
21324,6175506
21325,2522986
21326,8201243
21327,2807436
21328,4506920
21329,4333440
21330,3053889
21331,4604930
21332,2653352
21333,3179355
21334,2256483
21335,2460759
21336,2868244
21337,3289488
21338,4022704
21339,2804967
21340,2555761
21341,3598760
21342,2549968
21343,2274693
21344,2746519
21345,3197817
21346,2432335
21347,2648660
21348,2729079
21349,2637067
21350,3121038
21351,2514468
21352,2954790
21353,3098642
21354,3264612
21355,2708664
21356,3208443
21357,8510466
21358,5256982
21359,6125620
21360,4947811
21361,5853900
21362,2579918
21363,4451292
21364,2298711
21365,2856914
21366,2456309
21367,2835556
21368,2813229
21369,2609374
21370,2989262
21371,2214656
21372,3434125
21373,2063087
21374,2319107
21375,4548771
21376,2288527
21377,3033156
21378,2330025
21379,2306795
21380,3031177
21381,6799225
21382,6007758
21383,20725352
21384,2445638
21385,2596965
21386,2301390
21387,2707641
21388,2906572
21389,2605150
21390,3554194
21391,2427800
21392,2693347
21393,2576511
21394,2904501
21395,2241085
21396,3618768
21397,3365976
21398,3019897
21399,8452731
21400,3898799
21401,6523221
21402,8077898
21403,6382914
21404,3318083
21405,2449042
21406,2866966
21407,2785804
21408,3031893
21409,13938818
21410,3074965
21411,2492443
21412,2687806
21413,2724722
21414,3802434
21415,2826477
21416,4012854
21417,3038585
21418,2755181
21419,3155581
21420,2989526
21421,3720575
21422,3816166
21423,2834978
21424,3260899
21425,5759388
21426,3208460
21427,4303766
21428,2470061
21429,3064235
21430,2722535
21431,7135273
21432,3595668
21433,2429685
21434,3305645
21435,2418825
21436,4083281
21437,4358733
21438,3868194
21439,3655951
21440,3347643
21441,5098910
21442,8502136
21443,3917781
21444,2552599
21445,4111001
21446,6693765
21447,4072947
21448,2608941
21449,2237299
21450,2539325
21451,2366236
21452,2765149
21453,4784838
21454,2964644
21455,4364245
21456,3868818
21457,4204418
21458,2676295
21459,5948285
21460,3360813
21461,4439977
21462,3010051
21463,3050330
21464,2539675
21465,6082438
21466,3112955
21467,3176223
21468,6041708
21469,2600868
21470,2285651
21471,2165194
21472,2356036
21473,2860448
21474,2356758
21475,2634761
21476,2681224
21477,2511568
21478,4472006
21479,4570104
21480,14026039
21481,4653323
21482,3517288
21483,3923197
21484,2507435
21485,3678233
21486,2468031
21487,2587139
21488,2433235
21489,3032107
21490,4793400
21491,2325141
21492,2971860
21493,2976475
21494,2181327
21495,3215384
21496,3098746
21497,2784524
21498,2840419
21499,3262494
21500,2436066
21501,4147290
21502,2875851
21503,2395528
21504,3048347
21505,2992437
21506,2729508
21507,2162727
21508,3360688
21509,2607853
21510,2637369
21511,2391313
21512,2201278
21513,3715989
21514,2717142
21515,2444285
21516,2263943
21517,2996473
21518,2489161
21519,2731711
21520,2825680
21521,4256045
21522,8183474
21523,4568405
21524,4503920
21525,4458393
21526,2536290
21527,5073916
21528,4611299
21529,3751091
21530,4585122
21531,4634054
21532,4545240
21533,5706584
21534,4466109
21535,4472760
21536,4321374
21537,2256631
21538,2320554
21539,3741262
21540,3047579
21541,3173527
21542,4767352
21543,18281901
21544,4529534
21545,4284281
21546,4319095
21547,4505987
21548,3381883
21549,4485822
21550,2521009
21551,4404016
21552,4726077
21553,4433026
21554,3606936
21555,6451259
21556,2516756
21557,4614536
21558,5178414
21559,3994763
21560,3123651
21561,5244409
21562,4403124
21563,4472144
21564,18243798
21565,2557615
21566,2304777
21567,3720464
21568,2601735
21569,3681745
21570,5848697
21571,4672001
21572,6290230
21573,4501049
21574,2367677
21575,3737771
21576,4730421
21577,4533833
21578,3460426
21579,4609603
21580,23314798
21581,3093140
21582,2522890
21583,4925312
21584,4515358
21585,5277310
21586,2855850
21587,4323781
21588,4638651
21589,4767056
21590,4421399
21591,8964225
21592,6382277
21593,4424919
21594,2696564
21595,4200981
21596,3303399
21597,4251741
21598,4363245
21599,4233183
21600,3700997
21601,4936072
21602,4324213
21603,4373868
21604,4255825
21605,6080853
21606,6946283
21607,3550804
21608,2397952
21609,2811189
21610,2718316
21611,2284478
21612,4736928
21613,4147141
21614,2273114
21615,2032533
21616,2243404
21617,2645295
21618,4755352
21619,4021923
21620,2222947
21621,2620147
21622,7728114
21623,5260881
21624,2399001
21625,7608873
21626,3123056
21627,8063620
21628,5610868
21629,3035783
21630,2213474
21631,2394052
21632,2121607
21633,3425013
21634,2416225
21635,4467375
21636,5289913
21637,2748004
21638,2501282
21639,2968893
21640,2506782
21641,2458842
21642,4107477
21643,3028979
21644,2902839
21645,2672068
21646,4379869
21647,3308261
21648,4027082
21649,4918265
21650,2540165
21651,2683087
21652,6048247
21653,6403182
21654,5302564
21655,2904621
21656,2783687
21657,2636124
21658,3216281
21659,2978239
21660,2711199
21661,2966381
21662,3345645
21663,7670957
21664,5229140
21665,6381803
21666,5620919
21667,3408384
21668,3042831
21669,8043570
21670,3800220
21671,3052198
21672,2308552
21673,5475867
21674,2990028
21675,2251108
21676,4022622
21677,2857228
21678,5990364
21679,6063986
21680,4861673
21681,3261228
21682,7305642
21683,9811653
21684,3430253
21685,7350014
21686,5480187
21687,3062437
21688,2860204
21689,2606465
21690,3385859
21691,3180422
21692,5910356
21693,5152498
21694,2535026
21695,4239369
21696,2532023
21697,7896133
21698,3079045
21699,2932610
21700,9846639
21701,3455438
21702,3054664
21703,2356699
21704,3099418
21705,2373889
21706,2667213
21707,2201480
21708,2661858
21709,3721280
21710,2250975
21711,3036829
21712,3693465
21713,2857773
21714,2682940
21715,6251629
21716,6292279
21717,3354405
21718,7764207
21719,2563062
21720,2538372
21721,5385924
21722,2885863
21723,5471177
21724,2379705
21725,7879489
21726,2027423
21727,6194524
21728,3295628
21729,6782870
21730,2169665
21731,4012199
21732,3396748
21733,4968279
21734,6827989
21735,4120181
21736,2875807
21737,5665144
21738,2292726
21739,2049986
21740,2837430
21741,2408955
21742,2448768
21743,9580892
21744,3208413
21745,2299677
21746,2418035
21747,6113298
21748,2816762
21749,2490194
21750,5854317
21751,2125416
21752,2837952
21753,7502705
21754,6677475
21755,2654206
21756,2577035
21757,2628408
21758,4787571
21759,2882895
21760,3029306
21761,2597578
21762,2559452
21763,3804092
21764,2341091
21765,4761464
21766,3272816
21767,5324407
21768,8127490
21769,4935445
21770,2729226
21771,2280249
21772,4562258
21773,6991539
21774,3433680
21775,6848837
21776,2467965
21777,5022192
21778,2999743
21779,2579087
21780,3004878
21781,4928892
21782,3852296
21783,7067384
21784,5803840
21785,2185415
21786,2999151
21787,6551562
21788,2466234
21789,4881930
21790,5109075
21791,2626819
21792,2521789
21793,3847858
21794,3376792
21795,3351477
21796,6537431
21797,3683102
21798,4105953
21799,2678294
21800,2468390
21801,3068525
21802,2787144
21803,2845473
21804,2380600
21805,2529548
21806,2497859
21807,2670788
21808,2240646
21809,3312160
21810,4118766
21811,2822122
21812,4670801
21813,4447734
21814,3172225
21815,2659180
21816,3271921
21817,3537915
21818,3474043
21819,5366678
21820,9179188
21821,5542040
21822,3884456
21823,2919025
21824,2511749
21825,9142885
21826,3706166
21827,4057734
21828,4523198
21829,3061207
21830,4432608
21831,2783032
21832,2805803
21833,4790154
21834,8045353
21835,2560054
21836,5621251
21837,5457444
21838,4608558
21839,3440053
21840,2936537
21841,6275840
21842,6496923
21843,6446673
21844,2826741
21845,3857536
21846,4673060
21847,7398803
21848,3508190
21849,4728174
21850,2538405
21851,6854718
21852,5543458
21853,4230794
21854,2613325
21855,2982383
21856,4392019
21857,5072193
21858,3316112
21859,7811154
21860,5698401
21861,4618338
21862,7786774
21863,2643589
21864,4397888
21865,3648224
21866,4703693
21867,4408078
21868,2187537
21869,2008147
21870,2111860
21871,3720693
21872,2101241
21873,4465500
21874,7033823
21875,3677376
21876,4503824
21877,4631756
21878,3560507
21879,5534605
21880,3432908
21881,5168509
21882,7817574
21883,5060436
21884,3323490
21885,2863097
21886,2440746
21887,5682098
21888,6738276
21889,3670892
21890,6443737
21891,4890673
21892,3064902
21893,6453622
21894,5658506
21895,4703724
21896,5418816
21897,3370763
21898,3341877
21899,3839697
21900,5226228
21901,4047339
21902,3198617
21903,5904660
21904,2981388
21905,2230771
21906,8227053
21907,5976206
21908,3645704
21909,8377764
21910,13540349
21911,4404797
21912,5793770
21913,2309093
21914,2692969
21915,4742026
21916,7348033
21917,2881217
21918,2794572
21919,4246321
21920,2151889
21921,6703896
21922,4857019
21923,5877760
21924,4467451
21925,6216370
21926,4648940
21927,5339785
21928,4276318
21929,4183649
21930,3725553
21931,4553599
21932,4510470
21933,3920077
21934,3281246
21935,3263035
21936,2205796
21937,3350433
21938,2274826
21939,2254645
21940,2321118
21941,10389594
21942,4922797
21943,9544449
21944,2355639
21945,5204104
21946,5182289
21947,3492101
21948,2426135
21949,2166140
21950,5147004
21951,2347443
21952,5069448
21953,4605382
21954,2385203
21955,2156637
21956,2367863
21957,3881573
21958,3468345
21959,3739743
21960,2905722
21961,7984090
21962,3238181
21963,5466725
21964,7148538
21965,5204732
21966,2889780
21967,5914028
21968,6158325
21969,2315829
21970,2643584
21971,6365495
21972,8239705
21973,14518180
21974,9689881
21975,11862418
21976,2486711
21977,2799749
21978,9230322
21979,3730197
21980,2595401
21981,3497499
21982,4712625
21983,5310168
21984,31602825
21985,4881616
21986,6495385
21987,4349212
21988,4687285
21989,4290077
21990,2824288
21991,4100575
21992,2548740
21993,3880234
21994,1980143
21995,1981131
21996,2150331
21997,2148896
21998,1936332
21999,4851084
22000,2402296
22001,2255113
22002,2222219
22003,2177240
22004,6147440
22005,4178230
22006,2877293
22007,2425292
22008,6900308
22009,2124993
22010,2048801
22011,2741649
22012,1977301
22013,2148507
22014,2301411
22015,2362924
22016,2345555
22017,2955965
22018,2260161
22019,3599400
22020,2316084
22021,3984590
22022,3838333
22023,5516340
22024,6180075
22025,2385824
22026,2743642
22027,2130469
22028,2674723
22029,2933852
22030,2738909
22031,2505345
22032,2399629
22033,2711000
22034,2100239
22035,3673138
22036,2970435
22037,3782826
22038,4834639
22039,3777360
22040,2036122
22041,4737684
22042,2669402
22043,3182632
22044,3378890
22045,4849114
22046,2626588
22047,7935899
22048,4498316
22049,4623427
22050,4824472
22051,7155908
22052,2803685
22053,2653442
22054,3476028
22055,5624677
22056,2317179
22057,2508294
22058,2375268
22059,2467002
22060,2430168
22061,4846942
22062,6758002
22063,4522483
22064,5017327
22065,3842627
22066,2198895
22067,2343852
22068,3789436
22069,4917492
22070,5819063
22071,12812866
22072,2153576
22073,3989064
22074,3501908
22075,5319570
22076,2270142
22077,9593016
22078,4185708
22079,2513619
22080,2864013
22081,2802328
22082,2547978
22083,5265072
22084,3286577
22085,4286579
22086,2305869
22087,7559974
22088,2309642
22089,4063271
22090,2528356
22091,2383055
22092,6239451
22093,3663599
22094,5602406
22095,6353575
22096,2210078
22097,2427941
22098,3008650
22099,2754630
22100,4550356
22101,2949214
22102,2899263
22103,2256286
22104,2063449
22105,2851033
22106,2718995
22107,3622998
22108,3343529
22109,2126827
22110,2767897
22111,3268055
22112,3173937
22113,2686661
22114,2371102
22115,3089889
22116,3095228
22117,3769374
22118,2395810
22119,3048008
22120,2251252
22121,5005415
22122,4616213
22123,7579906
22124,4482869
22125,4749513
22126,6389504
22127,4352043
22128,4397788
22129,5074662
22130,2875028
22131,15691823
22132,3469052
22133,2662911
22134,2306006
22135,6206481
22136,6162239
22137,6986705
22138,4665824
22139,3263060
22140,3716493
22141,7594439
22142,6988647
22143,7472942
22144,3620680
22145,4362714
22146,4727608
22147,11674623
22148,5651361
22149,4566422
22150,2448818
22151,6454947
22152,8566412
22153,6777166
22154,3502049
22155,6891303
22156,5780881
22157,7793107
22158,4571448
22159,5097248
22160,2628698
22161,4977196
22162,3051219
22163,4200876
22164,2596250
22165,8543992
22166,7903735
22167,4063555
22168,2901139
22169,7126336
22170,3450713
22171,5884996
22172,4460590
22173,7831892
22174,5960736
22175,3609759
22176,2247551
22177,2048155
22178,4083223
22179,4725348
22180,4706393
22181,2789138
22182,6684399
22183,2415433
22184,5218398
22185,4531586
22186,6930570
22187,4845831
22188,4686892
22189,4583823
22190,4823401
22191,6696665
22192,4167539
22193,4444028
22194,6340323
22195,3733372
22196,3691253
22197,2276829
22198,3496765
22199,5841257
22200,3349224
22201,2255604
22202,3057805
22203,3519575
22204,4990735
22205,6082422
22206,4419383
22207,3426345
22208,4440968
22209,5580379
22210,4940859
22211,4764453
22212,2889847
22213,8184369
22214,5162521
22215,3887615
22216,9447620
22217,5764418
22218,4790752
22219,7116161
22220,2517177
22221,15822405
22222,3362831
22223,2419062
22224,2339070
22225,2310649
22226,2523497
22227,4500847
22228,4434210
22229,5594751
22230,2617157
22231,3140501
22232,2536561
22233,3506660
22234,4481541
22235,6353455
22236,6795980
22237,4376085
22238,3793137
22239,2805669
22240,3246245
22241,3944748
22242,2626707
22243,10372323
22244,4717153
22245,10217575
22246,2972914
22247,2135599
22248,2625680
22249,7030804
22250,4742652
22251,6238710
22252,2993631
22253,2688537
22254,3027759
22255,3655673
22256,5106333
22257,5318713
22258,5074187
22259,3683403
22260,3409915
22261,4843547
22262,2859101
22263,4971788
22264,2965291
22265,3504165
22266,2695875
22267,3865410
22268,2263418
22269,2424456
22270,3370750
22271,3529391
22272,2781316
22273,3769131
22274,2224463
22275,2981792
22276,2174943
22277,3613489
22278,8772026
22279,5408965
22280,3258673
22281,3414363
22282,2702724
22283,8940017
22284,3373714
22285,5847095
22286,6275756
22287,4317665
22288,5121874
22289,9249293
22290,6423028
22291,2435189
22292,4881736
22293,2731011
22294,4894860
22295,3956964
22296,4154746
22297,2245154
22298,6297404
22299,7731958
22300,3697497
22301,4550866
22302,7116987
22303,4515726
22304,3527046
22305,2246658
22306,2208210
22307,3698608
22308,2599947
22309,4544074
22310,7398065
22311,2255904
22312,2003165
22313,2589650
22314,2787129
22315,2587790
22316,2824959
22317,3832711
22318,3032244
22319,2566677
22320,8781350
22321,3412175
22322,2808194
22323,2746669
22324,2566980
22325,3748892
22326,4077014
22327,6608256
22328,5896388
22329,4811959
22330,3614228
22331,4978285
22332,2772316
22333,2576179
22334,3924358
22335,3017041
22336,2163765
22337,2363488
22338,6552338
22339,3286363
22340,2686212
22341,4389796
22342,2719022
22343,2722856
22344,3214210
22345,2597995
22346,3374129
22347,3441597
22348,2382190
22349,7836577
22350,4717184
22351,3955605
22352,4059596
22353,4030581
22354,2448018
22355,3560266
22356,2969149
22357,2371161
22358,2889837
22359,2757248
22360,5320609
22361,2402757
22362,3162727
22363,7506865
22364,5184718
22365,4103611
22366,4006164
22367,3646068
22368,3267048
22369,4739845
22370,3728924
22371,4130652
22372,2831235
22373,2128155
22374,4912700
22375,3523381
22376,2562536
22377,5446267
22378,2388424
22379,2139854
22380,2319118
22381,2538725
22382,3719768
22383,4057249
22384,3444537
22385,3336901
22386,3955533
22387,3273695
22388,6453415
22389,4040592
22390,2618088
22391,6216903
22392,3151173
22393,4616929
22394,2383590
22395,7964098
22396,5622102
22397,3071786
22398,8920499
22399,4766558
22400,3489276
22401,3860952
22402,4290387
22403,4130377
22404,8133209
22405,3369775
22406,9646202
22407,3689353
22408,5152851
22409,2591365
22410,2374104
22411,2670639
22412,2104130
22413,2905604
22414,2964946
22415,3121191
22416,2110290
22417,2753392
22418,2599445
22419,2347535
22420,3154252
22421,2736728
22422,6584203
22423,2435717
22424,4047882
22425,6161739
22426,2925054
22427,2068377
22428,3056993
22429,2243693
22430,2188978
22431,3602854
22432,2148222
22433,3566012
22434,2611879
22435,3208750
22436,4254843
22437,2129074
22438,3238370
22439,3895025
22440,3014626
22441,2597472
22442,2939730
22443,2426394
22444,2571520
22445,4987924
22446,9636419
22447,4515234
22448,2496616
22449,3522460
22450,2860580
22451,3064606
22452,2364666
22453,2537547
22454,2613991
22455,5334893
22456,2728730
22457,2514338
22458,2462986
22459,5312280
22460,2626481
22461,4200645
22462,2460702
22463,2201252
22464,1965439
22465,6362793
22466,5481681
22467,3246572
22468,2965453
22469,7115131
22470,4358088
22471,3421649
22472,4385629
22473,4096868
22474,2681329
22475,2134672
22476,2418956
22477,1996161
22478,4303544
22479,4225671
22480,3004501
22481,4605837
22482,1998540
22483,1918145
22484,2124023
22485,4500757
22486,7153202
22487,8399442
22488,5264030
22489,2273269
22490,4512367
22491,4904362
22492,2146685
22493,2241125
22494,2422367
22495,2407519
22496,2327424
22497,5901409
22498,4915287
22499,7467772
22500,4057912
22501,2421027
22502,2696722
22503,6624942
22504,2554179
22505,2866968
22506,3459765
22507,3983801
22508,3074142
22509,2576740
22510,2289826
22511,2851077
22512,2265193
22513,3006101
22514,2792323
22515,3349773
22516,8015357
22517,2479505
22518,2501793
22519,2840286
22520,2345969
22521,2445013
22522,2691225
22523,3758935
22524,2315552
22525,4097192
22526,6691917
22527,3335398
22528,5750502
22529,4562956
22530,3124176
22531,3739569
22532,4176679
22533,2022711
22534,2289739
22535,2667510
22536,2558384
22537,3698323
22538,2898030
22539,7339783
22540,4482054
22541,5461565
22542,2720608
22543,2264906
22544,10036071
22545,2296202
22546,2831950
22547,2127454
22548,2194844
22549,2293997
22550,2012028
22551,3081772
22552,4617200
22553,2603071
22554,2458786
22555,4439740
22556,2729600
22557,5005746
22558,2842512
22559,6007220
22560,13023850
22561,2607671
22562,2662523
22563,3852202
22564,2450797
22565,6599467
22566,3790299
22567,2656469
22568,4791225
22569,3470371
22570,2702514
22571,3391643
22572,4152074
22573,3129222
22574,2600405
22575,2117996
22576,8088506
22577,4950640
22578,3001301
22579,2596206
22580,2535891
22581,2545231
22582,2930026
22583,3049912
22584,3557506
22585,2388140
22586,2219539
22587,5567253
22588,2513038
22589,4634346
22590,2144753
22591,2209594
22592,2353439
22593,4272135
22594,3076248
22595,4425234
22596,2638972
22597,7199748
22598,2678646
22599,8125222
22600,4318091
22601,6797969
22602,4801820
22603,4261734
22604,3566222
22605,6322175
22606,5620320
22607,7703096
22608,2776375
22609,4017664
22610,3621323
22611,2992552
22612,3709275
22613,2555648
22614,7928828
22615,2932809
22616,4945830
22617,3186470
22618,3305699
22619,6038985
22620,3500890
22621,4773633
22622,2119660
22623,4899105
22624,4134006
22625,5878270
22626,3753440
22627,4458900
22628,4300303
22629,2284444
22630,3368383
22631,2847773
22632,5607206
22633,4268823
22634,2950197
22635,3548670
22636,2379452
22637,3141793
22638,3994431
22639,2876565
22640,2859184
22641,4441031
22642,3136592
22643,2877270
22644,3444893
22645,2988385
22646,5443460
22647,4231665
22648,2782592
22649,6605090
22650,3357948
22651,3451040
22652,3144295
22653,4532525
22654,2673646
22655,2161423
22656,2874520
22657,4695206
22658,4306072
22659,2166260
22660,1960966
22661,2245658
22662,3516617
22663,3463823
22664,2267382
22665,4699843
22666,3697819
22667,2412004
22668,6219689
22669,3562282
22670,3122758
22671,3985113
22672,5117442
22673,3626823
22674,2158180
22675,4533722
22676,8142041
22677,5141148
22678,8398182
22679,4532715
22680,2600549
22681,2702802
22682,3000921
22683,5204095
22684,4794414
22685,2654022
22686,2528678
22687,3331921
22688,7188576
22689,5519217
22690,4311216
22691,2005256
22692,5803708
22693,4259011
22694,5700161
22695,5057739
22696,2407521
22697,2578647
22698,3069970
22699,4324526
22700,4804733
22701,2514953
22702,5481963
22703,3185671
22704,2427895
22705,2503835
22706,5636230
22707,4068455
22708,2867244
22709,3334285
22710,6474858
22711,4133983
22712,2031674
22713,2769659
22714,2380596
22715,3546887
22716,2574978
22717,5284526
22718,3379770
22719,14786388
22720,2600277
22721,2584170
22722,2508442
22723,2490270
22724,6609598
22725,2074650
22726,5022353
22727,3361256
22728,2904863
22729,6126056
22730,3497535
22731,3457841
22732,2441086
22733,3132227
22734,3593987
22735,3432199
22736,5366430
22737,3000039
22738,7482722
22739,5007423
22740,2544154
22741,2414016
22742,12610205
22743,2625930
22744,4331565
22745,2230780
22746,3202335
22747,4205693
22748,2741444
22749,3997075
22750,2921584
22751,1969564
22752,2141667
22753,2462902
22754,2138061
22755,2773591
22756,3331879
22757,2097094
22758,3210144
22759,4307864
22760,2221705
22761,3237026
22762,2835902
22763,5862506
22764,10700997
22765,3890462
22766,2696911
22767,3790263
22768,4735206
22769,5122560
22770,2784361
22771,2721897
22772,2666477
22773,5656125
22774,2398673
22775,2560058
22776,4192339
22777,2653674
22778,2763006
22779,8975244
22780,3181318
22781,3434872
22782,3678393
22783,8071662
22784,3425217
22785,4253258
22786,2692450
22787,2837808
22788,2480414
22789,2511169
22790,5626617
22791,2796769
22792,4240862
22793,3272567
22794,3113367
22795,3686108
22796,2917008
22797,2375116
22798,2485614
22799,2528382
22800,2061158
22801,3781778
22802,3925849
22803,3482211
22804,10909412
22805,3863693
22806,3229327
22807,3067698
22808,3099208
22809,6815526
22810,6308231
22811,8637421
22812,2691670
22813,2699910
22814,2198925
22815,2018425
22816,2368276
22817,3798822
22818,3029912
22819,4500744
22820,2090491
22821,2379037
22822,3214112
22823,2108181
22824,2731825
22825,8706329
22826,4760695
22827,4171138
22828,2924813
22829,2337542
22830,2141026
22831,5097372
22832,3279418
22833,4073963
22834,4799311
22835,2425489
22836,2373360
22837,2494984
22838,3251068
22839,2892900
22840,2466926
22841,3121546
22842,5868974
22843,6870727
22844,3232766
22845,13594006
22846,12286969
22847,2859738
22848,2497203
22849,3229318
22850,3652214
22851,2887646
22852,2454907
22853,2242184
22854,4178078
22855,3008937
22856,2292911
22857,2601383
22858,7470222
22859,6709296
22860,7553112
22861,3255748
22862,4160907
22863,5055426
22864,4074110
22865,2172895
22866,15108309
22867,2396682
22868,4460092
22869,15940088
22870,3627364
22871,7586380
22872,2747133
22873,4670452
22874,4453006
22875,7955837
22876,3365339
22877,4657222
22878,3593607
22879,2799240
22880,4222772
22881,3928027
22882,2712712
22883,4981133
22884,3017626
22885,2487547
22886,3069239
22887,9588253
22888,6258704
22889,2711617
22890,10353953
22891,3751383
22892,2238071
22893,4135258
22894,3255617
22895,8413786
22896,8027727
22897,3241316
22898,7518923
22899,7330321
22900,4500815
22901,3917016
22902,3196139
22903,4071230
22904,3663982
22905,2325664
22906,2809250
22907,3068008
22908,8873461
22909,8018479
22910,3242003
22911,12513121
22912,4986464
22913,3151948
22914,2460213
22915,2808804
22916,3275023
22917,3514945
22918,2880209
22919,3146588
22920,3213151
22921,3201325
22922,2970750
22923,3905166
22924,3659128
22925,4378887
22926,3428177
22927,3900957
22928,6761613
22929,12441084
22930,2818754
22931,4984949
22932,7377954
22933,3212903
22934,2525161
22935,2913804
22936,3233963
22937,2282077
22938,5522044
22939,4541173
22940,5796837
22941,3056561
22942,5534159
22943,2144083
22944,2154306
22945,5652741
22946,2980518
22947,5124355
22948,2596071
22949,4834214
22950,13891504
22951,8121467
22952,4798806
22953,5140989
22954,3109166
22955,7410293
22956,2413924
22957,3888091
22958,5671933
22959,3222830
22960,9567310
22961,3243821
22962,2788817
22963,2811181
22964,4395630
22965,2573233
22966,2718858
22967,1966587
22968,2060376
22969,2551618
22970,4193520
22971,7111401
22972,2421120
22973,2619729
22974,2660417
22975,3419681
22976,2634505
22977,2070012
22978,2326057
22979,2422160
22980,2837972
22981,2566833
22982,2365051
22983,6235862
22984,4123080
22985,1935410
22986,4853484
22987,4725595
22988,5747140
22989,4010636
22990,2330386
22991,3147898
22992,4186659
22993,2241324
22994,2084981
22995,4631391
22996,2618098
22997,4555830
22998,2121220
22999,2240732
23000,3162204
23001,6732057
23002,4243150
23003,3958825
23004,3113006
23005,2286563
23006,4684806
23007,2463150
23008,2425420
23009,2125412
23010,2573664
23011,2499342
23012,2720851
23013,3357523
23014,4248187
23015,5143535
23016,2395024
23017,2001784
23018,2202385
23019,3246462
23020,4466588
23021,4292433
23022,2813801
23023,2130212
23024,2196801
23025,5257536
23026,4622560
23027,6484122
23028,5001088
23029,4008971
23030,6725320
23031,5945540
23032,2906323
23033,3249144
23034,3673962
23035,4040021
23036,2897427
23037,3341641
23038,7085366
23039,5854142
23040,2707942
23041,4631674
23042,2445294
23043,2445988
23044,2698510
23045,3784020
23046,4771466
23047,2444433
23048,2973067
23049,3565195
23050,2260879
23051,11204099
23052,2479743
23053,4313619
23054,3723944
23055,6743077
23056,5286651
23057,2315028
23058,2645383
23059,10818447
23060,2422278
23061,6328595
23062,5080871
23063,2369768
23064,2609182
23065,3945525
23066,3084074
23067,2740603
23068,3168830
23069,5289861
23070,3066282
23071,3317165
23072,2799945
23073,2846280
23074,2744451
23075,2596297
23076,3386904
23077,2726809
23078,3705943
23079,2922763
23080,4202434
23081,3520412
23082,2935877
23083,2985161
23084,2640664
23085,2632256
23086,2293766
23087,6153658
23088,7690369
23089,2886633
23090,2469870
23091,10369481
23092,4613544
23093,4225137
23094,2537462
23095,2295876
23096,5473871
23097,2630295
23098,3941692
23099,2969494
23100,2697159
23101,3016185
23102,4587533
23103,3490230
23104,3354956
23105,2493200
23106,4016066
23107,4499306
23108,2337204
23109,3299898
23110,6178610
23111,4463584
23112,4135707
23113,4372160
23114,2702810
23115,2658559
23116,7027530
23117,7360624
23118,3046861
23119,4291791
23120,3737206
23121,5493321
23122,2392386
23123,2253263
23124,2378588
23125,2336751
23126,6043060
23127,4621476
23128,2486592
23129,5176743
23130,2225079
23131,4442247
23132,2419196
23133,5363812
23134,6402474
23135,3040619
23136,4477332
23137,3331664
23138,2928080
23139,6459668
23140,3294154
23141,3839426
23142,6800856
23143,2191223
23144,7014419
23145,3055353
23146,2428227
23147,4329122
23148,3689376
23149,3122977
23150,4069234
23151,3901099
23152,2497282
23153,4598315
23154,3278506
23155,8689025
23156,7136533
23157,3059370
23158,17471416
23159,7248901
23160,3893575
23161,6232912
23162,2772345
23163,4534762
23164,2932555
23165,3620167
23166,3104695
23167,3022774
23168,5990052
23169,2708606
23170,4446918
23171,2278235
23172,4308966
23173,3745511
23174,6264389
23175,2708747
23176,2814452
23177,2441322
23178,5510689
23179,4428228
23180,2675594
23181,4075852
23182,4382876
23183,4085223
23184,2835293
23185,3285780
23186,6195070
23187,4840963
23188,4513555
23189,3930050
23190,3322062
23191,5968696
23192,3532280
23193,2774946
23194,9172445
23195,3720646
23196,4057029
23197,5010842
23198,4046776
23199,2315370
23200,3150118
23201,2233099
23202,2639581
23203,2421918
23204,4729384
23205,3383326
23206,3608482
23207,4001183
23208,2205582
23209,3621016
23210,3330587
23211,6914222
23212,2606640
23213,2580987
23214,3190069
23215,3283973
23216,2435536
23217,2237042
23218,2266562
23219,2420199
23220,3017221
23221,4765092
23222,2269446
23223,2343850
23224,2059740
23225,2126830
23226,2145598
23227,3829084
23228,2594621
23229,4100816
23230,3999213
23231,3352200
23232,3304091
23233,2448449
23234,2858106
23235,2242318
23236,3586124
23237,3437558
23238,4188848
23239,2635528
23240,3431522
23241,5534069
23242,2639503
23243,4335664
23244,6357298
23245,2508923
23246,3144416
23247,2299101
23248,2967881
23249,2835943
23250,4815786
23251,4630788
23252,4042323
23253,3333487
23254,3093488
23255,2728206
23256,4164737
23257,2821654
23258,2907617
23259,3016459
23260,2122967
23261,4081701
23262,3185241
23263,4091243
23264,2567921
23265,2800368
23266,2582166
23267,2357400
23268,2280016
23269,2247554
23270,2249566
23271,2420645
23272,2307176
23273,2184707
23274,2741395
23275,4394425
23276,2330019
23277,4237689
23278,2413974
23279,2383485
23280,2506482
23281,2172107
23282,2963939
23283,6132784
23284,6280200
23285,2352770
23286,4187362
23287,3135687
23288,2886868
23289,3157227
23290,2268691
23291,4294408
23292,2840883
23293,5273734
23294,2964111
23295,2390765
23296,2088265
23297,2548839
23298,2477781
23299,2655767
23300,2428448
23301,5246873
23302,4582610
23303,4419873
23304,3192825
23305,2782871
23306,3013032
23307,6172116
23308,2691257
23309,7204552
23310,2449157
23311,2644501
23312,4863491
23313,5116805
23314,3468112
23315,2774519
23316,3121405
23317,4374571
23318,2674619
23319,2884683
23320,2932236
23321,4963688
23322,5798864
23323,2300161
23324,6391392
23325,2236364
23326,3863355
23327,5441997
23328,8869265
23329,3233560
23330,2937360
23331,2990672
23332,3926811
23333,2354510
23334,4905860
23335,3466167
23336,3517216
23337,3366219
23338,4564688
23339,3681431
23340,5799783
23341,3069037
23342,2487732
23343,3695928
23344,2496362
23345,6206411
23346,3674072
23347,7041317
23348,3315830
23349,4962214
23350,2908912
23351,2732359
23352,2779015
23353,3733671
23354,2801996
23355,2261263
23356,4549157
23357,2845581
23358,3054242
23359,2275399
23360,4398604
23361,4041799
23362,4567791
23363,2341233
23364,2689833
23365,2436220
23366,2322127
23367,2604683
23368,2742945
23369,3563529
23370,5413977
23371,5041593
23372,4407062
23373,2817815
23374,2802557
23375,2900653
23376,7947694
23377,4861054
23378,5553848
23379,2333102
23380,2302812
23381,2968997
23382,3833077
23383,3462361
23384,3657741
23385,4298613
23386,2338102
23387,2085514
23388,2567362
23389,4495754
23390,2490658
23391,3014581
23392,2409116
23393,3676706
23394,2827192
23395,4741100
23396,2753388
23397,2155926
23398,3090661
23399,6620896
23400,3138267
23401,4034455
23402,2513220
23403,2543343
23404,2615028
23405,2264067
23406,2811896
23407,2839720
23408,6356417
23409,2739135
23410,2363941
23411,2618936
23412,3173324
23413,2582857
23414,3617152
23415,5884127
23416,5267701
23417,5565153
23418,4060843
23419,12267444
23420,2782081
23421,2510636
23422,2523695
23423,2485463
23424,2687111
23425,2281012
23426,7980769
23427,3357373
23428,3076724
23429,3203035
23430,2454517
23431,2428023
23432,2712713
23433,3019414
23434,2552104
23435,3796415
23436,2687059
23437,2894894
23438,2724930
23439,3369759
23440,3949933
23441,3978418
23442,2640156
23443,3571125
23444,3809567
23445,9531430
23446,5199692
23447,4056431
23448,4823535
23449,15179360
23450,5678143
23451,3914042
23452,3181830
23453,3591427
23454,7192227
23455,2915595
23456,2539514
23457,6714726
23458,4433050
23459,2320807
23460,5206153
23461,5403930
23462,7282790
23463,4133718
23464,2281437
23465,5145070
23466,2082056
23467,2244036
23468,2999028
23469,2496295
23470,2177498
23471,2282815
23472,3342653
23473,2178472
23474,3184046
23475,4967439
23476,2361573
23477,4447419
23478,2302464
23479,8621846
23480,5628128
23481,6967051
23482,3938465
23483,3973036
23484,3054652
23485,2548462
23486,3672496
23487,3351893
23488,2455873
23489,2795276
23490,2986447
23491,2611244
23492,2518236
23493,5479529
23494,8665760
23495,3623262
23496,3027479
23497,2276665
23498,2355702
23499,2942810
23500,2292930
23501,2972958
23502,5078282
23503,2923106
23504,2823613
23505,3670308
23506,2804940
23507,2747091
23508,2790353
23509,4324525
23510,2786435
23511,2468695
23512,4859252
23513,4311460
23514,4296900
23515,3714395
23516,3687015
23517,3400689
23518,2648757
23519,3229451
23520,5529621
23521,4303791
23522,4518477
23523,5803404
23524,4570042
23525,2290949
23526,4276747
23527,3754215
23528,2930486
23529,3186608
23530,2371266
23531,2387445
23532,3400720
23533,4173454
23534,2581392
23535,2953761
23536,8275171
23537,5090102
23538,5471073
23539,3138561
23540,2698428
23541,3378165
23542,3195056
23543,2657980
23544,3219288
23545,2672226
23546,2938381
23547,6720216
23548,4166358
23549,9623247
23550,4332625
23551,4901215
23552,7194512
23553,3047320
23554,2974891
23555,4236579
23556,12928109
23557,2834909
23558,5082348
23559,6956825
23560,3890474
23561,3396911
23562,2366983
23563,4012987
23564,3662406
23565,2812915
23566,4560352
23567,3511368
23568,3096619
23569,3434178
23570,2354071
23571,2666787
23572,2683879
23573,2242446
23574,2175466
23575,2303598
23576,2726178
23577,3984901
23578,2421996
23579,3082947
23580,4090241
23581,3890184
23582,5066886
23583,2957971
23584,3423632
23585,3108961
23586,3976156
23587,3930534
23588,2219724
23589,2137152
23590,4039292
23591,5090029
23592,3642210
23593,2163456
23594,2504016
23595,4908483
23596,2981314
23597,3248128
23598,3011727
23599,3486158
23600,3384295
23601,7322757
23602,6807422
23603,2809177
23604,3357667
23605,4605578
23606,3202942
23607,2439614
23608,3736272
23609,4204417
23610,3660583
23611,11363180
23612,4115405
23613,2527728
23614,2612279
23615,2422473
23616,3481381
23617,2942561
23618,3145069
23619,5265171
23620,3242540
23621,6036532
23622,10535931
23623,10157857
23624,4505151
23625,3052988
23626,2933364
23627,2448015
23628,4433657
23629,2660165
23630,2164931
23631,2235693
23632,5341018
23633,3396909
23634,3135791
23635,5267850
23636,6148402
23637,2841107
23638,2954667
23639,3509319
23640,2350327
23641,5372049
23642,2737888
23643,9715550
23644,5997240
23645,5240177
23646,4899312
23647,2254081
23648,3129317
23649,5494704
23650,4747222
23651,3357516
23652,3398779
23653,2328986
23654,2680429
23655,4840716
23656,2346957
23657,3754101
23658,5288598
23659,2962211
23660,3189367
23661,7652903
23662,2929574
23663,2639280
23664,17410047
23665,6617554
23666,3114397
23667,5131963
23668,2166922
23669,2938371
23670,3847480
23671,3114754
23672,2598050
23673,4606398
23674,3799926
23675,2746752
23676,3030914
23677,4403568
23678,2384808
23679,3310485
23680,2359614
23681,2618494
23682,3936240
23683,3134803
23684,3362468
23685,5332233
23686,4068457
23687,2629189
23688,3254340
23689,2954806
23690,2947658
23691,5119996
23692,3690370
23693,2741534
23694,2618594
23695,4948928
23696,3363487
23697,3505788
23698,2713764
23699,2555947
23700,2568340
23701,8150319
23702,5529488
23703,18162141
23704,2902091
23705,2512099
23706,5130133
23707,5859945
23708,3960162
23709,9066839
23710,3037143
23711,2760383
23712,3132614
23713,2869505
23714,2916009
23715,3175829
23716,2658851
23717,5845757
23718,3580611
23719,6766562
23720,5982174
23721,2545088
23722,3008583
23723,3393330
23724,2929023
23725,4434803
23726,2624453
23727,3426157
23728,2230482
23729,6284365
23730,3040421
23731,2425849
23732,3018972
23733,2527263
23734,11454745
23735,11715408
23736,8378498
23737,11725501
23738,9611395
23739,3627950
23740,10681147
23741,3515154
23742,6038908
23743,2584288
23744,2906623
23745,3126075
23746,4410298
23747,3903762
23748,4924595
23749,12981582
23750,2363619
23751,3716288
23752,2541365
23753,2814737
23754,4755990
23755,4303587
23756,3609829
23757,4636221
23758,2348670
23759,7823877
23760,2359049
23761,4605410
23762,2889734
23763,2638555
23764,3741483
23765,3105599
23766,7042928
23767,4594758
23768,3118005
23769,4941789
23770,3460772
23771,3884573
23772,4655140
23773,3017866
23774,2804988
23775,3068818
23776,5632759
23777,3432812
23778,2468103
23779,2541148
23780,2422030
23781,2759012
23782,7406176
23783,2861093
23784,2439809
23785,2361984
23786,2785452
23787,3565548
23788,3345164
23789,6906354
23790,4321250
23791,3003244
23792,3956326
23793,3445105
23794,2742519
23795,2516724
23796,3526509
23797,5568305
23798,3490203
23799,3455740
23800,4414266
23801,4346000
23802,5241847
23803,4952285
23804,4026448
23805,2393380
23806,2985628
23807,4115868
23808,5432546
23809,2499389
23810,3465024
23811,6744827
23812,3488953
23813,2776687
23814,3253176
23815,4407833
23816,2802159
23817,2826242
23818,2698233
23819,2653825
23820,2721111
23821,3315802
23822,3581437
23823,2857146
23824,3385704
23825,7627112
23826,3571002
23827,2895975
23828,2736257
23829,2581132
23830,2146039
23831,2467176
23832,5252239
23833,2236239
23834,2191458
23835,2233683
23836,2302030
23837,8321735
23838,2910817
23839,4911385
23840,2454732
23841,4287281
23842,2669071
23843,6136273
23844,3311472
23845,3094019
23846,3529854
23847,4448747
23848,2544151
23849,4605135
23850,5798420
23851,3728378
23852,4245765
23853,5846191
23854,2406125
23855,4288095
23856,2356747
23857,4917110
23858,5688592
23859,5678703
23860,3128291
23861,3014639
23862,2768618
23863,2541275
23864,2973726
23865,4652654
23866,2461962
23867,2073417
23868,3040377
23869,5346326
23870,4069398
23871,3728124
23872,3401470
23873,3983097
23874,15129546
23875,4969668
23876,2348185
23877,2880536
23878,3559266
23879,3343514
23880,2398635
23881,2591268
23882,2909164
23883,2290363
23884,7108594
23885,2917576
23886,5756476
23887,6906411
23888,4184743
23889,4463550
23890,3693148
23891,4527500
23892,3323917
23893,2793278
23894,2847757
23895,9976576
23896,4381878
23897,18370611
23898,2199508
23899,2355646
23900,2798309
23901,7490747
23902,3570791
23903,2598506
23904,5946416
23905,8312472
23906,2718287
23907,4665147
23908,2962213
23909,2009218
23910,7977446
23911,6091921
23912,3488007
23913,5833260
23914,2829674
23915,5648875
23916,18034594
23917,4466061
23918,2790178
23919,4301224
23920,4259039
23921,6262877
23922,2409531
23923,5980973
23924,6059553
23925,2606569
23926,2397296
23927,2695562
23928,2457266
23929,2308999
23930,4831051
23931,2163041
23932,2820754
23933,2222451
23934,2188528
23935,3421331
23936,2453955
23937,27926843
23938,7870318
23939,6446064
23940,6180497
23941,5511142
23942,3751501
23943,3368097
23944,3534430
23945,7785419
23946,2295078
23947,2778081
23948,2868599
23949,2891791
23950,3645362
23951,3546937
23952,2208750
23953,2856116
23954,2636661
23955,2916005
23956,2186637
23957,4868891
23958,20515472
23959,3118374
23960,2523015
23961,2475123
23962,2281372
23963,3055898
23964,3579484
23965,2913762
23966,2819903
23967,3133232
23968,3845420
23969,4159479
23970,2897172
23971,3330791
23972,4736057
23973,4981808
23974,2669233
23975,3391044
23976,2487569
23977,7482720
23978,2592698
23979,14855331
23980,2796219
23981,3837832
23982,2739020
23983,3367548
23984,5712660
23985,6932864
23986,2860967
23987,3256823
23988,3213864
23989,2299811
23990,6221772
23991,4643506
23992,3320061
23993,3124482
23994,2713842
23995,6386088
23996,3970911
23997,2278739
23998,2237760
23999,2385854
24000,11303390
24001,5201245
24002,2841076
24003,2307037
24004,4820350
24005,2472821
24006,3418093
24007,2895882
24008,2369067
24009,2790115
24010,3999011
24011,2568382
24012,3281407
24013,4652152
24014,3281189
24015,2308604
24016,3426879
24017,2765075
24018,2394978
24019,3741609
24020,2924240
24021,11865802
24022,3756031
24023,3078513
24024,2878892
24025,5714662
24026,2419710
24027,4210627
24028,5527467
24029,2739212
24030,2712351
24031,3018636
24032,2790670
24033,5153646
24034,2841817
24035,2716333
24036,2435596
24037,2067790
24038,4700721
24039,2332046
24040,2332206
24041,2795965
24042,2890158
24043,6247642
24044,2601766
24045,2142918
24046,2280154
24047,2393821
24048,3302818
24049,7607391
24050,3276066
24051,4815706
24052,2937290
24053,1965566
24054,2695125
24055,3604027
24056,5040470
24057,4101092
24058,2295502
24059,4859859
24060,6896783
24061,5152469
24062,2838270
24063,2717132
24064,3403755
24065,5306183
24066,2851463
24067,3790023
24068,2772139
24069,7682441
24070,2938740
24071,4984192
24072,11963434
24073,2638595
24074,3004734
24075,3558087
24076,1997961
24077,2300316
24078,2251105
24079,6312420
24080,9404118
24081,4041985
24082,4133879
24083,2853880
24084,3326579
24085,3928669
24086,3392821
24087,3982559
24088,2242546
24089,2443990
24090,4886813
24091,7397068
24092,2451384
24093,6404600
24094,2677458
24095,3434900
24096,6231406
24097,2800884
24098,2977360
24099,4718719
24100,5304137
24101,3925024
24102,5558303
24103,3562295
24104,3449542
24105,4399606
24106,8486906
24107,3838982
24108,3899596
24109,2620548
24110,3887042
24111,4889071
24112,2322801
24113,2916441
24114,5949196
24115,4020373
24116,5305808
24117,2809698
24118,2943491
24119,3173049
24120,6768655
24121,4680556
24122,2372798
24123,5412732
24124,4028578
24125,4501312
24126,3388637
24127,4503901
24128,3235138
24129,3025458
24130,2908891
24131,3406696
24132,4434867
24133,4461540
24134,3403489
24135,3203325
24136,5260661
24137,2827906
24138,4399968
24139,15456034
24140,3927379
24141,3330915
24142,3232586
24143,3304373
24144,3860905
24145,4713982
24146,2714947
24147,5690487
24148,5439360
24149,3728124
24150,3114482
24151,3276854
24152,2515629
24153,2548830
24154,2819057
24155,2669766
24156,4519350
24157,3258907
24158,3756470
24159,2852447
24160,3087407
24161,7469253
24162,3029286
24163,2712206
24164,2984183
24165,2510983
24166,2461548
24167,2582218
24168,3863319
24169,6042547
24170,3027880
24171,5176940
24172,2559702
24173,4133579
24174,2997952
24175,2437310
24176,3508735
24177,3942666
24178,6134441
24179,2627634
24180,2678644
24181,3627867
24182,2747127
24183,2546737
24184,4569203
24185,2508963
24186,2525550
24187,3772031
24188,2775732
24189,4314996
24190,2643117
24191,8999352
24192,2821137
24193,2973615
24194,3933848
24195,4182216
24196,2601371
24197,2518671
24198,3610065
24199,3128017
24200,3251978
24201,3900885
24202,2988904
24203,6911765
24204,3101885
24205,3254683
24206,4243699
24207,2976649
24208,3562528
24209,5225405
24210,4277502
24211,3747614
24212,2792820
24213,2272360
24214,2885626
24215,2575891
24216,2966486
24217,2920635
24218,6055076
24219,7953334
24220,3935131
24221,2780544
24222,4824782
24223,4401734
24224,3340702
24225,5717391
24226,3365492
24227,8182742
24228,3087658
24229,3678838
24230,3225337
24231,10812949
24232,5988862
24233,2402964
24234,2602175
24235,3813543
24236,2918552
24237,6445342
24238,3188519
24239,3563975
24240,4290682
24241,6832553
24242,2688578
24243,4653105
24244,3076923
24245,5738636
24246,3058829
24247,5762012
24248,3714179
24249,4048365
24250,2160623
24251,7989692
24252,8357670
24253,3932866
24254,4747620
24255,5375446
24256,4511567
24257,4822394
24258,3367169
24259,3095196
24260,2514828
24261,2447368
24262,6566363
24263,2628335
24264,3063427
24265,2562456
24266,2622358
24267,2900836
24268,2620175
24269,2561740
24270,2734519
24271,2750245
24272,4131618
24273,4257346
24274,2625070
24275,2817916
24276,2435682
24277,2414528
24278,2467271
24279,2959724
24280,4331148
24281,5382152
24282,2639136
24283,3729504
24284,3869073
24285,4302978
24286,2616070
24287,2374434
24288,2901746
24289,2314895
24290,2454691
24291,3906063
24292,3888860
24293,2182463
24294,5571152
24295,2865249
24296,2411303
24297,2981846
24298,3544665
24299,2317123
24300,7883411
24301,4867106
24302,3111473
24303,4177029
24304,2847366
24305,4244538
24306,3217120
24307,3124101
24308,9524006
24309,3114929
24310,2685872
24311,6820411
24312,6532483
24313,3274424
24314,3695449
24315,5001542
24316,5767572
24317,3808066
24318,2911687
24319,4985465
24320,3218964
24321,3419090
24322,3781313
24323,2646472
24324,2645090
24325,2896737
24326,3384992
24327,3708931
24328,2700836
24329,2873921
24330,3383575
24331,2778369
24332,2999360
24333,2339111
24334,2953332
24335,4146219
24336,3897738
24337,2551034
24338,3049110
24339,2756665
24340,3916115
24341,2960626
24342,2800942
24343,2477592
24344,2612590
24345,2443731
24346,2323947
24347,5722727
24348,3496618
24349,4703634
24350,2870943
24351,6077289
24352,5991179
24353,3873714
24354,3535521
24355,3454237
24356,6276966
24357,8609575
24358,6682272
24359,5209981
24360,2671047
24361,3912138
24362,2206172
24363,2973964
24364,3476996
24365,5797234
24366,8725913
24367,4023771
24368,3876756
24369,4993056
24370,5769048
24371,3392718
24372,3344711
24373,7593784
24374,3039837
24375,2440291
24376,2727835
24377,4125269
24378,4638355
24379,3989807
24380,2493793
24381,4637473
24382,2970760
24383,3053813
24384,5381591
24385,3185483
24386,3268288
24387,3946352
24388,3183897
24389,3274263
24390,2904612
24391,4972583
24392,5319885
24393,2762520
24394,3063747
24395,2504670
24396,3125308
24397,2574109
24398,2249709
24399,3095891
24400,13659324
24401,9635703
24402,2772174
24403,2424116
24404,6406113
24405,6398976
24406,6950193
24407,5630247
24408,3387108
24409,2572904
24410,2397159
24411,2770264
24412,3820016
24413,4784946
24414,2490415
24415,2264044
24416,3211212
24417,2568313
24418,2764901
24419,2761368
24420,3416628
24421,5509618
24422,5789465
24423,3840239
24424,4499753
24425,3182505
24426,3191934
24427,2065508
24428,2404459
24429,3481274
24430,2860371
24431,4074689
24432,2854884
24433,3854946
24434,2953265
24435,3178093
24436,2316161
24437,2450494
24438,2479047
24439,3917552
24440,2639727
24441,3439591
24442,2898599
24443,2804351
24444,3108245
24445,2340274
24446,5592645
24447,4246517
24448,2877067
24449,2803092
24450,3238138
24451,3177699
24452,9307436
24453,2184788
24454,2165519
24455,3002825
24456,3690049
24457,12215011
24458,2725337
24459,2859773
24460,2568921
24461,3103812
24462,6551796
24463,3890719
24464,6645989
24465,2845215
24466,4705034
24467,4060587
24468,2578566
24469,3078030
24470,2670500
24471,3973725
24472,2831064
24473,2304829
24474,2528053
24475,5144068
24476,8595919
24477,4561744
24478,5830870
24479,5744402
24480,3400827
24481,4534762
24482,3065138
24483,4018720
24484,3794936
24485,3024249
24486,2401942
24487,2414143
24488,2713476
24489,3597141
24490,2742684
24491,2506090
24492,4508040
24493,2612988
24494,2940247
24495,3738162
24496,2807494
24497,4092027
24498,3028118
24499,2489600
24500,2995058
24501,3329747
24502,5334130
24503,2316759
24504,8367137
24505,2433738
24506,2523587
24507,2337168
24508,3450167
24509,4065540
24510,2337919
24511,9925943
24512,5261853
24513,3587313
24514,2186644
24515,2196353
24516,2962580
24517,3805076
24518,4674056
24519,5219598
24520,5592917
24521,4733530
24522,2313705
24523,3834266
24524,2614280
24525,7172431
24526,4733073
24527,4021200
24528,2506211
24529,3047507
24530,2189683
24531,9451193
24532,9262813
24533,2460332
24534,3652233
24535,3791465
24536,3436688
24537,2493158
24538,4509105
24539,2565516
24540,3424354
24541,5184834
24542,2855240
24543,2558783
24544,2539018
24545,11489629
24546,2715146
24547,2082208
24548,2003440
24549,4036705
24550,4743225
24551,2859806
24552,3366088
24553,3904928
24554,2789730
24555,2216021
24556,3252017
24557,2431009
24558,2623915
24559,2294704
24560,3299879
24561,2999640
24562,4890034
24563,2381604
24564,2528090
24565,2350418
24566,2638372
24567,2974123
24568,2882203
24569,2972991
24570,3226444
24571,2513645
24572,3718623
24573,3299125
24574,3505659
24575,5042970
24576,2741772
24577,2693318
24578,2680877
24579,4118819
24580,2291235
24581,3891229
24582,2730972
24583,4146265
24584,7316095
24585,4848935
24586,6832426
24587,4798990
24588,20072855
24589,3750059
24590,2066299
24591,4075777
24592,2469983
24593,3823690
24594,2522982
24595,5109073
24596,3299784
24597,3403584
24598,2934178
24599,4061932
24600,2267105
24601,5368671
24602,2718502
24603,4496984
24604,6666865
24605,3051879
24606,3577618
24607,3809983
24608,2712063
24609,5567352
24610,4750541
24611,2359428
24612,3078318
24613,3158945
24614,2401385
24615,2941780
24616,2608820
24617,4744827
24618,3566380
24619,3947865
24620,2835966
24621,3169551
24622,2564852
24623,2522256
24624,4634548
24625,4037380
24626,4680447
24627,2644449
24628,2291910
24629,4047580
24630,4005562
24631,4995402
24632,7324507
24633,4633909
24634,4618407
24635,4608823
24636,4249206
24637,7680762
24638,4376521
24639,3989873
24640,11868038
24641,5709566
24642,4132135
24643,5831468
24644,2971623
24645,2357943
24646,2776450
24647,4657241
24648,3020306
24649,5714866
24650,4489381
24651,6001696
24652,6829218
24653,2848659
24654,4760570
24655,8339827
24656,2393861
24657,4590742
24658,4554732
24659,4924606
24660,4441746
24661,2519865
24662,4258844
24663,4940502
24664,6630857
24665,5243642
24666,5316749
24667,10350712
24668,3429902
24669,4727263
24670,4839218
24671,4291482
24672,4560855
24673,4118682
24674,2291903
24675,2356009
24676,2232226
24677,4710072
24678,3235891
24679,4556573
24680,6193574
24681,5091335
24682,2222211
24683,4527665
24684,2883086
24685,4540961
24686,2917738
24687,3792335
24688,2703582
24689,2754902
24690,2505230
24691,2294181
24692,4294108
24693,3648586
24694,2266130
24695,6471139
24696,5217859
24697,7700207
24698,7266745
24699,8578942
24700,2617486
24701,2460958
24702,4271544
24703,4193709
24704,2318100
24705,5781056
24706,3436809
24707,4442097
24708,2963412
24709,2156541
24710,3538069
24711,2703095
24712,4347881
24713,3439188
24714,5027022
24715,3582136
24716,2184492
24717,5094525
24718,2406230
24719,7452132
24720,9845872
24721,6344756
24722,2329473
24723,2849537
24724,3104954
24725,4838523
24726,3462209
24727,2998296
24728,3376517
24729,3415812
24730,3152423
24731,3883179
24732,2492000
24733,7257449
24734,2912563
24735,10952311
24736,7464313
24737,5053979
24738,2907422
24739,2810456
24740,3353456
24741,2468948
24742,2342225
24743,6578989
24744,4774324
24745,4393088
24746,2697797
24747,7233649
24748,2274833
24749,7402966
24750,3316517
24751,3430340
24752,4523355
24753,7450369
24754,2989416
24755,2841951
24756,3978664
24757,3642051
24758,5134333
24759,2887933
24760,2916093
24761,3710800
24762,5439389
24763,4876088
24764,3743550
24765,2297775
24766,3368467
24767,4015392
24768,3325759
24769,2468600
24770,5102568
24771,3936029
24772,2669870
24773,4481071
24774,2498157
24775,2638125
24776,2370073
24777,3838122
24778,2529877
24779,2088228
24780,4544225
24781,7353134
24782,3560619
24783,7912408
24784,3776901
24785,6381253
24786,2259087
24787,2349715
24788,5515144
24789,3163451
24790,2762578
24791,7121093
24792,2593696
24793,5018752
24794,2670722
24795,6607748
24796,2610316
24797,2703606
24798,3748010
24799,4608486
24800,2415101
24801,10768542
24802,2706590
24803,3045922
24804,3867813
24805,2291299
24806,5406305
24807,4855030
24808,2840074
24809,5039157
24810,3581694
24811,3973733
24812,3299349
24813,3551705
24814,2204587
24815,2458302
24816,3043541
24817,3907878
24818,2337195
24819,6072758
24820,2633117
24821,4368143
24822,3925559
24823,2315282
24824,2971644
24825,5103219
24826,2276658
24827,2761528
24828,3262925
24829,5675862
24830,3235771
24831,2935933
24832,3003636
24833,3205864
24834,2404258
24835,2839560
24836,2465377
24837,2035635
24838,5384370
24839,2488518
24840,3657531
24841,4801626
24842,4498491
24843,3258993
24844,3300773
24845,2920458
24846,3213615
24847,2803303
24848,5610007
24849,4358558
24850,2196052
24851,2594160
24852,2604144
24853,5102498
24854,2354841
24855,2583229
24856,8733742
24857,2274165
24858,2320604
24859,4382286
24860,6477312
24861,11457440
24862,2673531
24863,2713029
24864,6002296
24865,7764714
24866,3341266
24867,2813581
24868,6456655
24869,4797165
24870,5273555
24871,7595642
24872,2902987
24873,4654541
24874,2509752
24875,6220337
24876,3293598
24877,7371082
24878,3620954
24879,5841827
24880,5337691
24881,6933308
24882,9009579
24883,2517229
24884,3011946
24885,3755957
24886,3132972
24887,5957477
24888,4708607
24889,4349531
24890,2634158
24891,2472736
24892,4489808
24893,3064684
24894,2904501
24895,6457891
24896,2888807
24897,3448455
24898,3236072
24899,2460461
24900,3590774
24901,4116783
24902,3721179
24903,8109771
24904,6186321
24905,2423057
24906,14730186
24907,3521152
24908,2301199
24909,2119002
24910,3136617
24911,5454199
24912,2118763
24913,4212859
24914,2013899
24915,4293962
24916,5229782
24917,4525641
24918,4546612
24919,4178596
24920,3106317
24921,4269991
24922,2531927
24923,3819102
24924,4859500
24925,3391003
24926,3231768
24927,3287973
24928,3345184
24929,2912663
24930,9354625
24931,3039451
24932,2581955
24933,3633006
24934,2478633
24935,2737752
24936,2663964
24937,2902033
24938,2749122
24939,2352443
24940,2852088
24941,3117165
24942,3936442
24943,4646618
24944,4291553
24945,6221111
24946,4925859
24947,4580963
24948,3385748
24949,6914264
24950,4392098
24951,4091209
24952,2236235
24953,6682143
24954,5973964
24955,3366947
24956,2915394
24957,3473768
24958,2767617
24959,3798674
24960,2979950
24961,5168632
24962,3671466
24963,3627299
24964,2202187
24965,3679282
24966,8269351
24967,2139688
24968,6162666
24969,3083604
24970,2486575
24971,3859073
24972,3116100
24973,3187923
24974,2491907
24975,2880012
24976,2529352
24977,2923704
24978,6472020
24979,20165671
24980,4306404
24981,6718243
24982,7593401
24983,3968249
24984,2709408
24985,2752598
24986,2413487
24987,12523660
24988,5450847
24989,2866569
24990,2644113
24991,2229101
24992,3167755
24993,4432416
24994,4344844
24995,5258252
24996,4670217
24997,4212129
24998,3200406
24999,2887848
25000,2309191
25001,6357420
25002,4591946
25003,4806907
25004,4203181
25005,4311823
25006,4919968
25007,5877737
25008,7284051
25009,2228345
25010,6387684
25011,3923314
25012,5050333
25013,4057359
25014,2166615
25015,3833026
25016,4895651
25017,2693922
25018,4189180
25019,3398050
25020,2955393
25021,6688642
25022,3158562
25023,2668941
25024,4369752
25025,4138026
25026,2256618
25027,2249706
25028,3344057
25029,5443317
25030,2294268
25031,3000006
25032,3772490
25033,2686864
25034,2203585
25035,3592003
25036,2600472
25037,2443211
25038,2452216
25039,2118097
25040,2249820
25041,3594375
25042,4891139
25043,3463344
25044,5437440
25045,4930304
25046,5367182
25047,4250994
25048,2336408
25049,4704690
25050,7891796
25051,4146727
25052,2448114
25053,2533306
25054,3095015
25055,2582294
25056,3306718
25057,5553707
25058,4463043
25059,5622209
25060,2300652
25061,3320607
25062,4346825
25063,5946441
25064,5546773
25065,7756075
25066,3159393
25067,4201093
25068,2549730
25069,4117778
25070,2819328
25071,13282669
25072,2847837
25073,7194520
25074,2955777
25075,3443644
25076,2812726
25077,3399380
25078,2557668
25079,2732243
25080,2768591
25081,7789516
25082,5400215
25083,3521173
25084,5349292
25085,6105549
25086,5627310
25087,3202169
25088,2157008
25089,2680976
25090,4062441
25091,2828586
25092,13408888
25093,2779287
25094,3007997
25095,2147182
25096,2745446
25097,2197955
25098,2790356
25099,3972089
25100,2700038
25101,3440894
25102,4271525
25103,2268501
25104,6583167
25105,2982135
25106,4091588
25107,3684874
25108,3159840
25109,6486525
25110,4660805
25111,4394608
25112,3012648
25113,3279998
25114,10571688
25115,4548460
25116,2804365
25117,4064247
25118,3260391
25119,2794893
25120,3069479
25121,2937348
25122,2126486
25123,2483733
25124,2058433
25125,4861989
25126,2648443
25127,2470527
25128,2311403
25129,2421704
25130,2727427
25131,2382288
25132,2512490
25133,2346705
25134,2922669
25135,3955149
25136,3980766
25137,2250784
25138,3403056
25139,3171105
25140,3188797
25141,2496723
25142,6452999
25143,4387739
25144,2968232
25145,2145765
25146,2442244
25147,4406969
25148,3719105
25149,6409328
25150,2334063
25151,4021029
25152,2567951
25153,3540028
25154,2592813
25155,4706456
25156,2098734
25157,2267468
25158,4057710
25159,4635770
25160,5160082
25161,4770208
25162,3490018
25163,4382241
25164,2833405
25165,3292570
25166,3437909
25167,3843447
25168,3711470
25169,2140798
25170,3949732
25171,2655708
25172,2234763
25173,3162267
25174,4606384
25175,4279342
25176,4077720
25177,4260283
25178,2791638
25179,2812689
25180,2386898
25181,2732579
25182,2610852
25183,2169399
25184,3643769
25185,2410523
25186,4585462
25187,9236865
25188,3008494
25189,6502501
25190,3241962
25191,3144745
25192,2385727
25193,2198725
25194,4513500
25195,4890562
25196,4894211
25197,4252475
25198,3136733
25199,6253356
25200,2619864
25201,4480040
25202,6563924
25203,2742861
25204,3819507
25205,4539529
25206,2932186
25207,3098690
25208,3800783
25209,2299445
25210,5983626
25211,2864997
25212,2730844
25213,3192630
25214,2512065
25215,2927254
25216,6999522
25217,4221353
25218,4969943
25219,6212991
25220,2519668
25221,6283846
25222,4038144
25223,3641683
25224,13500482
25225,2561571
25226,2357121
25227,5543257
25228,3953360
25229,4187227
25230,5126614
25231,6520296
25232,2670556
25233,4563291
25234,4323623
25235,3745168
25236,2786624
25237,4215863
25238,2812609
25239,4494188
25240,5218868
25241,2113773
25242,12483678
25243,2827786
25244,3229760
25245,19256004
25246,4057981
25247,2832308
25248,2316796
25249,3031255
25250,2928669
25251,2485355
25252,3554157
25253,2760446
25254,2110887
25255,2447451
25256,3122032
25257,2040614
25258,2288135
25259,2485279
25260,3882280
25261,5404304
25262,2457103
25263,4506584
25264,2906949
25265,2672488
25266,19903984
25267,3726794
25268,2626334
25269,2551223
25270,2614105
25271,5381329
25272,2715178
25273,1877258
25274,2472914
25275,3192390
25276,3735041
25277,2283458
25278,2123202
25279,2516478
25280,2279184
25281,4271163
25282,4591867
25283,2770816
25284,4746114
25285,3122171
25286,4009867
25287,18076618
25288,4006241
25289,3250521
25290,2553232
25291,3900947
25292,3056517
25293,2311264
25294,2226488
25295,3021536
25296,2511753
25297,2440446
25298,2276285
25299,2899020
25300,2221671
25301,2891814
25302,5036524
25303,8148396
25304,7946203
25305,5027298
25306,10110377
25307,5074465
25308,16028550
25309,5891949
25310,6122068
25311,7165905
25312,6104329
25313,4514908
25314,2505453
25315,5199971
25316,4121952
25317,4203019
25318,7350331
25319,6240292
25320,2862513
25321,5178067
25322,3063596
25323,3157380
25324,3427030
25325,2760416
25326,5089285
25327,6990139
25328,5727818
25329,20981545
25330,4325122
25331,3232085
25332,6240871
25333,2787897
25334,2601290
25335,3016836
25336,2998367
25337,2022090
25338,4201773
25339,3929591
25340,4561211
25341,2271118
25342,4916695
25343,4291299
25344,8034077
25345,2601588
25346,3103091
25347,5988932
25348,3830280
25349,2738342
25350,12826971
25351,3761788
25352,2231459
25353,2668783
25354,4756102
25355,2717663
25356,2589240
25357,3448152
25358,2800205
25359,2698911
25360,2575442
25361,2501892
25362,3116061
25363,2678192
25364,3598141
25365,3040043
25366,3434061
25367,2743046
25368,2868745
25369,3389051
25370,6767081
25371,17799628
25372,2234085
25373,7170410
25374,3353329
25375,3485640
25376,4230893
25377,3857112
25378,2499922
25379,5293095
25380,2680034
25381,2831963
25382,2401791
25383,2540810
25384,6591501
25385,5669451
25386,8466728
25387,12237938
25388,6503890
25389,6467542
25390,2582064
25391,2493457
25392,2471369
25393,4070532
25394,3705453
25395,4470375
25396,2256058
25397,1975014
25398,2287103
25399,2834488
25400,6180798
25401,6539062
25402,2695624
25403,5240981
25404,2183301
25405,2240843
25406,3006494
25407,4608144
25408,4525940
25409,7509592
25410,2626927
25411,3894465
25412,3762263
25413,4957998
25414,4105580
25415,7840501
25416,3181223
25417,2438564
25418,2715197
25419,5733326
25420,3287613
25421,2595105
25422,2083016
25423,6830319
25424,2903774
25425,5033990
25426,6093734
25427,6350804
25428,4510855
25429,7560674
25430,4289669
25431,4124102
25432,5968076
25433,4148565
25434,2727756
25435,3386362
25436,4723963
25437,3060041
25438,3281251
25439,3159714
25440,3176042
25441,6599900
25442,9669901
25443,4221374
25444,4196896
25445,3794760
25446,2941736
25447,4936122
25448,2214777
25449,6974472
25450,8125936
25451,6457172
25452,5565360
25453,4669054
25454,2184984
25455,17644913
25456,6277326
25457,4373770
25458,2545951
25459,5064217
25460,4344538
25461,4474737
25462,3584900
25463,4375723
25464,2855542
25465,4720334
25466,6366941
25467,3565112
25468,2733624
25469,2478359
25470,3176030
25471,4875834
25472,2826876
25473,8599117
25474,5059725
25475,2151599
25476,19719258
25477,3079565
25478,2641559
25479,2499814
25480,2680749
25481,2870391
25482,3835145
25483,2603109
25484,2795662
25485,4519327
25486,2035679
25487,3943289
25488,3274381
25489,2798642
25490,2634616
25491,4910191
25492,2599610
25493,4253881
25494,3763925
25495,2688506
25496,2548774
25497,16080653
25498,6517679
25499,2396366
25500,2931458
25501,3866691
25502,2948744
25503,4450184
25504,3025240
25505,2617671
25506,3601990
25507,3083796
25508,2803626
25509,3899520
25510,3151188
25511,3788355
25512,3148305
25513,3095810
25514,2422850
25515,4383981
25516,2882750
25517,2816053
25518,19910687
25519,9502728
25520,4592339
25521,6022547
25522,3240852
25523,4410759
25524,2603006
25525,2410416
25526,2666197
25527,2417285
25528,2522664
25529,7517613
25530,2460209
25531,2092072
25532,4161513
25533,2722400
25534,3421602
25535,3624964
25536,2664456
25537,2776999
25538,2756252
25539,14777816
25540,2925399
25541,5893722
25542,2666890
25543,5539187
25544,4492721
25545,7083408
25546,6330020
25547,4553073
25548,2896093
25549,4393372
25550,3173189
25551,2405279
25552,2090392
25553,2247435
25554,6476410
25555,3195081
25556,2715055
25557,3049359
25558,3194529
25559,5686523
25560,11784377
25561,4194068
25562,3108186
25563,4219339
25564,4529701
25565,3724424
25566,3152926
25567,16428501
25568,11922756
25569,2612159
25570,2852531
25571,2095960
25572,2799744
25573,2632261
25574,2338801
25575,5709170
25576,2833845
25577,3462327
25578,2191289
25579,2460058
25580,2405501
25581,17984910
25582,2511990
25583,6313986
25584,2349562
25585,2625209
25586,4152909
25587,10633098
25588,2663059
25589,4049256
25590,3351397
25591,2917753
25592,5422563
25593,5020455
25594,2036557
25595,13051176
25596,5198263
25597,4908690
25598,2385335
25599,2705897
25600,2268509
25601,4313920
25602,19945221
25603,2400089
25604,4014558
25605,2404640
25606,2800594
25607,2685654
25608,3259629
25609,2473517
25610,5035180
25611,8122218
25612,2619937
25613,3675995
25614,6587181
25615,8179766
25616,6319144
25617,3937856
25618,2507473
25619,5594512
25620,6573786
25621,7909506
25622,5102251
25623,25761398
25624,2413607
25625,13314996
25626,5534126
25627,2302806
25628,2560468
25629,2914781
25630,4862242
25631,7157110
25632,6812080
25633,3284743
25634,2209823
25635,6587241
25636,2868324
25637,2283143
25638,4824120
25639,2961098
25640,2844980
25641,2308647
25642,2287946
25643,3826153
25644,15987982
25645,4539053
25646,3919915
25647,2747343
25648,2982360
25649,3088450
25650,3442295
25651,3251672
25652,3265916
25653,2610587
25654,2146495
25655,2704243
25656,4228468
25657,2694715
25658,2297125
25659,9971356
25660,4204944
25661,4526311
25662,2564674
25663,2885431
25664,8823210
25665,15017032
25666,3456844
25667,7157040
25668,5807980
25669,3150827
25670,2864552
25671,2891176
25672,3643409
25673,2839435
25674,3176309
25675,2718117
25676,3348810
25677,2273516
25678,5963674
25679,5299737
25680,7078818
25681,4526339
25682,3292536
25683,3906512
25684,4151384
25685,4210032
25686,13279596
25687,2851102
25688,18839396
25689,4130561
25690,3530917
25691,10968613
25692,3772914
25693,3589178
25694,2459386
25695,5691835
25696,6181712
25697,5722461
25698,2249996
25699,4807190
25700,4369240
25701,5335567
25702,4689903
25703,3603879
25704,8919459
25705,3132772
25706,3936612
25707,19367526
25708,2977743
25709,2375690
25710,3973755
25711,11416047
25712,2327782
25713,11454454
25714,3318113
25715,3408685
25716,3755002
25717,3436332
25718,3705471
25719,3622985
25720,3046716
25721,6876140
25722,8661348
25723,4148025
25724,3530020
25725,3739537
25726,2883755
25727,5528058
25728,15561588
25729,9171225
25730,3666919
25731,4969640
25732,3020756
25733,3507849
25734,2392802
25735,3800448
25736,3019337
25737,2644781
25738,2992331
25739,3454765
25740,2619486
25741,3926978
25742,3726851
25743,3362120
25744,4485623
25745,5445211
25746,4601329
25747,7753556
25748,3082847
25749,18464710
25750,3784012
25751,7582031
25752,2124723
25753,3658403
25754,2524742
25755,3450182
25756,3179523
25757,2682349
25758,2342622
25759,3302814
25760,2611467
25761,2561055
25762,2552872
25763,3558330
25764,6117017
25765,4407861
25766,2803054
25767,3741800
25768,2692916
25769,2521602
25770,2691905
25771,4004740
25772,3517317
25773,2989273
25774,2850976
25775,2628301
25776,5356746
25777,4024427
25778,3138729
25779,3029799
25780,4441221
25781,3351099
25782,6202006
25783,3166039
25784,2161287
25785,11320666
25786,5685122
25787,7434055
25788,5208012
25789,3004678
25790,2976142
25791,2338710
25792,4143070
25793,6660315
25794,5310601
25795,6648054
25796,2635036
25797,9080053
25798,3061316
25799,3247789
25800,2635860
25801,4561624
25802,4247354
25803,6701418
25804,2920826
25805,4492465
25806,11360907
25807,6786993
25808,2702623
25809,3294864
25810,3321267
25811,4031955
25812,3439520
25813,4678115
25814,2215303
25815,2762829
25816,2474765
25817,4927636
25818,2977449
25819,3094722
25820,2624343
25821,2831945
25822,2611132
25823,2839036
25824,2705885
25825,5803833
25826,4971263
25827,18624829
25828,9678818
25829,2672396
25830,2867989
25831,2403551
25832,2754754
25833,2684374
25834,2574233
25835,2972990
25836,2736277
25837,2263764
25838,3447780
25839,2447051
25840,3191977
25841,4248166
25842,2947219
25843,2677292
25844,2967748
25845,2794151
25846,3593242
25847,4297225
25848,11069370
25849,5470176
25850,2940539
25851,2884208
25852,2823615
25853,2300239
25854,4795597
25855,2701601
25856,5526466
25857,2528765
25858,2374725
25859,4095011
25860,3056397
25861,3886365
25862,2779800
25863,2308481
25864,2690725
25865,4477112
25866,3093303
25867,2595532
25868,3681366
25869,21502960
25870,2957570
25871,2276792
25872,4105780
25873,3764301
25874,2462060
25875,2384047
25876,2507928
25877,5579628
25878,2095153
25879,2184988
25880,2732591
25881,5437458
25882,2384011
25883,12303148
25884,3260803
25885,2434066
25886,7516036
25887,4586948
25888,2673201
25889,2409222
25890,20257399
25891,4500768
25892,2876114
25893,2899155
25894,2938050
25895,2561993
25896,2485776
25897,3457881
25898,2253414
25899,2457071
25900,3823112
25901,2764720
25902,2754281
25903,3528975
25904,2731328
25905,2459285
25906,3101585
25907,2469535
25908,2323276
25909,2421896
25910,2915429
25911,21974828
25912,3731215
25913,9221716
25914,2667831
25915,3388425
25916,2691663
25917,4247365
25918,8569637
25919,3041002
25920,2884562
25921,2493955
25922,2465994
25923,2656554
25924,11498998
25925,2651582
25926,2352991
25927,2261538
25928,2114951
25929,2429819
25930,2240474
25931,2265973
25932,27719015
25933,4305273
25934,3752056
25935,3121808
25936,3105354
25937,6344009
25938,3029029
25939,3448811
25940,3536610
25941,3167391
25942,3323265
25943,3310359
25944,9639514
25945,4307572
25946,8813634
25947,8646372
25948,10058405
25949,7547689
25950,3288518
25951,3558036
25952,2751609
25953,33777088
25954,3067307
25955,2525864
25956,3482638
25957,2808989
25958,2288861
25959,4150645
25960,2399710
25961,2275910
25962,2224543
25963,2865477
25964,2371485
25965,4435582
25966,4104793
25967,4643922
25968,2877187
25969,4428534
25970,4016718
25971,4251281
25972,5420386
25973,4116561
25974,17623950
25975,2560687
25976,3230031
25977,3250045
25978,3580601
25979,2339348
25980,9001753
25981,3722571
25982,2722171
25983,5599521
25984,2988163
25985,2775054
25986,3023460
25987,3251750
25988,2853211
25989,2864579
25990,2740592
25991,3334595
25992,2389945
25993,3119820
25994,5463083
25995,31815326
25996,4612144
25997,7139459
25998,2474308
25999,2194839
26000,4551516
26001,6204250
26002,3191826
26003,3388699
26004,3189488
26005,2911426
26006,2999044
26007,4220494
26008,2671408
26009,2536480
26010,3250161
26011,5336205
26012,2536726
26013,2833604
26014,5450047
26015,2852149
26016,25190709
26017,4214871
26018,5467810
26019,3735700
26020,2760035
26021,4020899
26022,3123762
26023,2884121
26024,3151696
26025,7260140
26026,4520343
26027,5712895
26028,4540818
26029,4935492
26030,3762126
26031,3893911
26032,5036689
26033,3618762
26034,4743389
26035,2064678
26036,3226379
26037,26238888
26038,4322432
26039,4947242
26040,6403475
26041,7610878
26042,2839813
26043,3230324
26044,2590608
26045,2471044
26046,11345380
26047,7033741
26048,5127495
26049,3702105
26050,2491433
26051,2700930
26052,3331409
26053,2445588
26054,3204054
26055,3513072
26056,2819012
26057,4666100
26058,15962944
26059,3136997
26060,2266105
26061,2667087
26062,2259903
26063,2124034
26064,4848134
26065,2066688
26066,6641437
26067,5133422
26068,4182695
26069,4890687
26070,3039614
26071,2957432
26072,3691667
26073,10328322
26074,3504884
26075,2482781
26076,2702041
26077,4331141
26078,2674747
26079,3133371
26080,3119141
26081,5340987
26082,4137852
26083,11651024
26084,3424398
26085,4174443
26086,2809583
26087,2467705
26088,2996666
26089,5956810
26090,2819918
26091,2543085
26092,10729792
26093,4273311
26094,2537665
26095,4373396
26096,4059205
26097,6478454
26098,3588184
26099,2229694
26100,3055521
26101,5196057
26102,2962861
26103,3102148
26104,3559827
26105,4468382
26106,3288610
26107,3265456
26108,6299466
26109,3327459
26110,3093333
26111,3150088
26112,2300682
26113,2700675
26114,2709764
26115,2333013
26116,4241285
26117,8108465
26118,3394873
26119,4938797
26120,2987219
26121,3887535
26122,3783535
26123,2860648
26124,2248961
26125,3487539
26126,3047961
26127,3294298
26128,10619697
26129,3049724
26130,3505691
26131,3664069
26132,3666715
26133,2305966
26134,7313160
26135,3246631
26136,5274675
26137,7866668
26138,2453102
26139,2505050
26140,2820895
26141,2537874
26142,3580755
26143,3270225
26144,5925015
26145,5776272
26146,3657972
26147,4486979
26148,11456646
26149,4264119
26150,2977836
26151,3569287
26152,2868627
26153,6081977
26154,3272632
26155,4668637
26156,2810043
26157,5973550
26158,2412903
26159,3954828
26160,3638598
26161,5358480
26162,3490071
26163,4797933
26164,3165815
26165,3794757
26166,2716856
26167,2373700
26168,2556825
26169,2645935
26170,4734380
26171,5793959
26172,2610815
26173,2644308
26174,2576712
26175,3937266
26176,2453076
26177,7586455
26178,3227085
26179,9459532
26180,5274277
26181,5820513
26182,2878044
26183,4154515
26184,3428951
26185,4111092
26186,3498992
26187,2296781
26188,2204956
26189,2793501
26190,2335965
26191,4661313
26192,3606180
26193,3246463
26194,3952816
26195,3384953
26196,4329351
26197,2336088
26198,2337533
26199,2218442
26200,2331735
26201,4207883
26202,2710984
26203,7117984
26204,6370269
26205,3601888
26206,5455793
26207,2865235
26208,3051134
26209,5312708
26210,4656531
26211,5177301
26212,3613233
26213,2825993
26214,4531765
26215,2244989
26216,6350506
26217,4577312
26218,2702198
26219,3482874
26220,3080021
26221,6644303
26222,6609390
26223,3362199
26224,3509773
26225,3169155
26226,10377679
26227,6389956
26228,2571424
26229,6179901
26230,4711292
26231,3888853
26232,2616516
26233,3300645
26234,7877519
26235,4359288
26236,3303065
26237,4662505
26238,5039046
26239,3410762
26240,2579036
26241,2347247
26242,3462149
26243,3159604
26244,4486994
26245,2575057
26246,5413688
26247,2567085
26248,3065687
26249,2573273
26250,4584859
26251,3238480
26252,4690192
26253,5228137
26254,2807256
26255,2609701
26256,2560686
26257,7877364
26258,3272428
26259,2229090
26260,2527708
26261,3579728
26262,2567229
26263,3773343
26264,4094607
26265,2838759
26266,3192518
26267,4323907
26268,3960540
26269,5151792
26270,5323978
26271,4503660
26272,3009897
26273,2879582
26274,5811253
26275,4897461
26276,4224516
26277,2974068
26278,3284709
26279,3032037
26280,3187906
26281,4765388
26282,3548171
26283,3533224
26284,2376919
26285,4346286
26286,3226007
26287,3982659
26288,3860551
26289,4203978
26290,3870433
26291,2902493
26292,3488455
26293,4644857
26294,6759993
26295,3814767
26296,4429631
26297,4610914
26298,9671635
26299,3845341
26300,3247380
26301,3345293
26302,4916635
26303,4428689
26304,3235921
26305,18588261
26306,5427761
26307,2639298
26308,2557254
26309,6676177
26310,4361633
26311,4295743
26312,3193061
26313,3167470
26314,5506049
26315,4503710
26316,4708306
26317,4629889
26318,4193291
26319,2964618
26320,3138740
26321,2446093
26322,2645171
26323,2681976
26324,3189160
26325,3108774
26326,3211933
26327,2095932
26328,3633931
26329,3209954
26330,3478528
26331,6316702
26332,4420269
26333,2540758
26334,2784513
26335,6532972
26336,3086591
26337,2669060
26338,5001953
26339,4576341
26340,3184690
26341,2950729
26342,2883471
26343,3274359
26344,5613217
26345,6947976
26346,2495356
26347,6635169
26348,3948417
26349,5185402
26350,3248604
26351,2641496
26352,3835593
26353,2523587
26354,2874344
26355,4027506
26356,2826137
26357,3116883
26358,2738329
26359,3019413
26360,3803140
26361,3098657
26362,3066750
26363,3662360
26364,5993676
26365,3269628
26366,3050293
26367,2991562
26368,3058198
26369,3581510
26370,3650852
26371,3857728
26372,3727250
26373,7122139
26374,12298477
26375,6021760
26376,3722878
26377,2365474
26378,2614246
26379,4559685
26380,2277903
26381,8836480
26382,9255380
26383,5339050
26384,2998690
26385,5306707
26386,4985342
26387,5918338
26388,3973001
26389,7006705
26390,2580209
26391,3829069
26392,2415044
26393,2482304
26394,3899129
26395,8328090
26396,3317917
26397,2442582
26398,2703671
26399,4402097
26400,3437748
26401,4191365
26402,5049044
26403,4954249
26404,6921116
26405,2322794
26406,3189304
26407,4881937
26408,2766845
26409,4533780
26410,3571894
26411,8626085
26412,5011752
26413,7063708
26414,3516810
26415,4706504
26416,3319098
26417,4129943
26418,2978757
26419,3274935
26420,5222962
26421,3648245
26422,2938498
26423,4164111
26424,2996542
26425,2899979
26426,9487416
26427,3551141
26428,3025733
26429,8710676
26430,3799611
26431,3016402
26432,5807400
26433,12661248
26434,4864387
26435,2678193
26436,8512418
26437,4723820
26438,6237711
26439,3803182
26440,3509519
26441,6096012
26442,3459576
26443,4362443
26444,2185150
26445,6849600
26446,4110437
26447,6058833
26448,7577976
26449,6884002
26450,8232466
26451,5103522
26452,2784513
26453,3634939
26454,9208361
26455,7522561
26456,3606462
26457,3200477
26458,3044890
26459,3794903
26460,4120721
26461,2881303
26462,3438088
26463,4567531
26464,3346565
26465,2479038
26466,4057260
26467,8259871
26468,2556075
26469,3633611
26470,3029250
26471,2917878
26472,2660095
26473,4745930
26474,5808141
26475,3405635
26476,2470304
26477,3518552
26478,5260162
26479,2296084
26480,3971338
26481,3090216
26482,3481036
26483,3107540
26484,3221795
26485,4078743
26486,2497963
26487,8153716
26488,10293099
26489,2860110
26490,2631110
26491,2891969
26492,2949182
26493,2653294
26494,2438371
26495,5230037
26496,5899730
26497,2430319
26498,3669740
26499,4181126
26500,2722957
26501,3357451
26502,2572146
26503,6161593
26504,2727153
26505,4085036
26506,2946577
26507,3715172
26508,2418507
26509,2792953
26510,2816881
26511,2940616
26512,2913493
26513,2947039
26514,3323696
26515,2072255
26516,2297357
26517,7565416
26518,11396899
26519,4741355
26520,4454879
26521,2861382
26522,2834455
26523,2980172
26524,4540814
26525,2972336
26526,2867389
26527,7282372
26528,2278560
26529,3011701
26530,2255813
26531,2252491
26532,2451613
26533,4052476
26534,2470423
26535,3696647
26536,4515357
26537,4448366
26538,4531083
26539,7380230
26540,3445732
26541,3000202
26542,2971900
26543,1976666
26544,2624245
26545,4748293
26546,3529274
26547,4947459
26548,2421345
26549,3460367
26550,3055134
26551,3668353
26552,7228108
26553,5883472
26554,2837045
26555,4827523
26556,5808478
26557,6516928
26558,3105306
26559,5942133
26560,2629690
26561,3029858
26562,4215071
26563,6374354
26564,2850732
26565,5462441
26566,2761042
26567,2523854
26568,2616175
26569,4242959
26570,2746526
26571,5175615
26572,4813194
26573,7578000
26574,4306825
26575,2484321
26576,5601286
26577,2734444
26578,4262144
26579,4592792
26580,3762671
26581,3888470
26582,3979098
26583,4092438
26584,5403738
26585,4592230
26586,6220946
26587,2269558
26588,3311123
26589,3865214
26590,2458669
26591,3267506
26592,4727257
26593,5527800
26594,5966497
26595,6313380
26596,3540738
26597,2608308
26598,4031524
26599,6266467
26600,6659831
26601,3344527
26602,3005679
26603,3705747
26604,3912697
26605,3540268
26606,5061134
26607,9384559
26608,3380811
26609,3659789
26610,4353804
26611,3111461
26612,3154596
26613,3379083
26614,3445541
26615,2983378
26616,2878219
26617,2695364
26618,3466015
26619,3229365
26620,2297010
26621,2711826
26622,2746945
26623,4475118
26624,4935913
26625,4653072
26626,4962032
26627,5156332
26628,3239390
26629,2782501
26630,2625751
26631,2686454
26632,5026600
26633,2866415
26634,4467094
26635,4079486
26636,5088969
26637,7192774
26638,4888201
26639,4933163
26640,3417749
26641,3906937
26642,4524335
26643,8343313
26644,5838319
26645,4720852
26646,10440237
26647,4371472
26648,3772200
26649,3832846
26650,3142874
26651,3361851
26652,4701013
26653,3465520
26654,3030041
26655,6630977
26656,3781086
26657,5200838
26658,6273097
26659,5262823
26660,3009143
26661,3554893
26662,4343846
26663,2960576
26664,3319643
26665,7094390
26666,2588456
26667,5194831
26668,4203241
26669,4007538
26670,6163806
26671,2732212
26672,2612799
26673,4039544
26674,2620273
26675,3181907
26676,3340258
26677,3165908
26678,2630390
26679,3999023
26680,5840075
26681,2339819
26682,3925327
26683,3972813
26684,3353661
26685,3197557
26686,2994204
26687,2625965
26688,3895797
26689,2479992
26690,4727621
26691,2553708
26692,2671927
26693,3612910
26694,7257888
26695,3047547
26696,2962292
26697,3588294
26698,2701321
26699,3898406
26700,2094005
26701,8382727
26702,3352865
26703,2996802
26704,4846878
26705,2958325
26706,4038702
26707,3504887
26708,3624713
26709,4290440
26710,2581901
26711,3053271
26712,2516735
26713,2534575
26714,2575941
26715,4985856
26716,3419285
26717,3093792
26718,3066217
26719,4824006
26720,3557047
26721,2355703
26722,3773634
26723,7659140
26724,2424161
26725,2411622
26726,3042961
26727,2525611
26728,2913792
26729,4490563
26730,9459806
26731,5227174
26732,2465947
26733,4196585
26734,9595626
26735,1991953
26736,2791396
26737,6923862
26738,5459771
26739,13174974
26740,12914405
26741,19527577
26742,6854470
26743,2865399
26744,7645285
26745,3083334
26746,5713668
26747,3360239
26748,2331166
26749,2725510
26750,2658690
26751,3888050
26752,7143307
26753,2714845
26754,3261094
26755,5074974
26756,6004219
26757,5645937
26758,2623381
26759,2474656
26760,2531071
26761,3375509
26762,5373208
26763,5670089
26764,3512954
26765,3076258
26766,4350448
26767,8204619
26768,3152015
26769,3308351
26770,3283796
26771,4594055
26772,3706968
26773,3263019
26774,7947513
26775,2264946
26776,2513485
26777,4339191
26778,14316450
26779,5732274
26780,4208196
26781,3131608
26782,3126279
26783,4471490
26784,4299505
26785,2343143
26786,2137860
26787,9058831
26788,3201011
26789,4408789
26790,3195617
26791,3069958
26792,2637849
26793,3952352
26794,3519883
26795,3247645
26796,2981803
26797,5757031
26798,2858362
26799,18110865
26800,2930437
26801,4831191
26802,9621964
26803,3126554
26804,2472372
26805,2543832
26806,3299833
26807,2888526
26808,3112776
26809,2783163
26810,3524569
26811,2724080
26812,2833698
26813,3963830
26814,6075163
26815,9146651
26816,10825406
26817,2725261
26818,2677499
26819,3699935
26820,18215181
26821,7376144
26822,3529954
26823,2486748
26824,2892662
26825,2415735
26826,2430420
26827,4120594
26828,2474886
26829,3293568
26830,2294343
26831,7290628
26832,2891506
26833,4756203
26834,5368817
26835,3706514
26836,3950654
26837,2165615
26838,6610472
26839,2403303
26840,2367876
26841,16760581
26842,3250210
26843,3412673
26844,2811247
26845,5023110
26846,3099197
26847,3354756
26848,2760735
26849,2858769
26850,3428761
26851,6834168
26852,6078744
26853,3270559
26854,7056126
26855,2107500
26856,3362027
26857,4395687
26858,2614085
26859,2659597
26860,3106733
26861,3844801
26862,15183159
26863,2740257
26864,2654452
26865,6344550
26866,9844218
26867,4607585
26868,6318104
26869,2596953
26870,3201831
26871,2156008
26872,3419579
26873,4233106
26874,3002604
26875,2586365
26876,6180999
26877,4317643
26878,3283059
26879,4248533
26880,7250359
26881,5194048
26882,3362427
26883,13518109
26884,3609076
26885,2852465
26886,2786340
26887,4635189
26888,4493770
26889,3585056
26890,2931644
26891,2356893
26892,4460695
26893,2931940
26894,2954663
26895,2322893
26896,4835756
26897,4305286
26898,4361322
26899,10485236
26900,4414805
26901,8357215
26902,3082892
26903,2566250
26904,20070017
26905,3398864
26906,3026754
26907,5624893
26908,6651035
26909,2655494
26910,5262985
26911,6023385
26912,3018505
26913,5475998
26914,2565932
26915,2212057
26916,2744857
26917,2780504
26918,6221147
26919,8454405
26920,2520751
26921,3857862
26922,6876117
26923,2235705
26924,3113690
26925,16605217
26926,3446313
26927,2894229
26928,2804124
26929,5990831
26930,3670519
26931,2671315
26932,5222657
26933,2309495
26934,7301630
26935,4121440
26936,4215128
26937,2498535
26938,2499242
26939,14017326
26940,5252759
26941,2815979
26942,3009181
26943,3260663
26944,2845416
26945,5032110
26946,10269639
26947,5601614
26948,3236329
26949,6464411
26950,2687374
26951,2762657
26952,3062515
26953,4347295
26954,2943191
26955,2827943
26956,2768014
26957,2627487
26958,3170033
26959,4168636
26960,2985180
26961,5565432
26962,4475734
26963,3782278
26964,2717660
26965,2442659
26966,2470458
26967,6844218
26968,2948749
26969,7169724
26970,7353522
26971,2453414
26972,2413351
26973,3680622
26974,5620835
26975,2670630
26976,5195380
26977,4228291
26978,2304310
26979,4275704
26980,3429650
26981,2998951
26982,6031498
26983,5208818
26984,2288017
26985,3853238
26986,2816616
26987,2783173
26988,4224648
26989,4843760
26990,2884329
26991,9477839
26992,4192239
26993,4830330
26994,2891510
26995,4141729
26996,3195079
26997,2981069
26998,3073013
26999,2386743
27000,3610891
27001,6420266
27002,2797519
27003,3932051
27004,3082699
27005,2361673
27006,2220598
27007,4929331
27008,3063568
27009,2924237
27010,2248802
27011,9255738
27012,11941043
27013,3864608
27014,2641899
27015,3876302
27016,2089075
27017,4505215
27018,2832467
27019,4043228
27020,2144631
27021,2172433
27022,2241694
27023,6432063
27024,4863549
27025,2756792
27026,2465773
27027,4097958
27028,4329967
27029,3146601
27030,4068216
27031,5725269
27032,4178292
27033,4972569
27034,3022377
27035,4999772
27036,2610211
27037,2357928
27038,2097790
27039,2297454
27040,2183058
27041,2455080
27042,2509892
27043,5122226
27044,2718981
27045,3464285
27046,4920695
27047,3553119
27048,2993515
27049,3015573
27050,3829939
27051,8411409
27052,2916268
27053,6755019
27054,6850133
27055,2410839
27056,2587812
27057,2255252
27058,5332989
27059,15457003
27060,2835219
27061,6140416
27062,3096255
27063,2052244
27064,3267913
27065,2756048
27066,3500112
27067,4778980
27068,2505670
27069,3619196
27070,3032174
27071,2179071
27072,2771967
27073,2215498
27074,3390093
27075,2564908
27076,2202683
27077,2585097
27078,5401099
27079,9057649
27080,3132052
27081,2844643
27082,2561730
27083,2157639
27084,3368822
27085,6644438
27086,5969630
27087,3708555
27088,2750380
27089,2226983
27090,2408113
27091,6450368
27092,5157525
27093,2930741
27094,3256233
27095,3812479
27096,4246477
27097,5088362
27098,3476289
27099,3562936
27100,12157317
27101,7798026
27102,9350955
27103,3221505
27104,3911488
27105,9714051
27106,2165247
27107,3090780
27108,4049156
27109,3503267
27110,3107419
27111,5812554
27112,2368085
27113,2990573
27114,2989586
27115,2157680
27116,3130318
27117,2549051
27118,2205806
27119,2497828
27120,2456643
27121,2678979
27122,3405013
27123,9805409
27124,5376027
27125,4263875
27126,3065902
27127,2636545
27128,2548435
27129,4224440
27130,2914056
27131,3920075
27132,5836121
27133,4451923
27134,4844643
27135,4172419
27136,5609034
27137,4079038
27138,2438438
27139,3474468
27140,3816158
27141,2402410
27142,2577194
27143,3890206
27144,2523086
27145,2165537
27146,3074988
27147,2569862
27148,2200596
27149,3096179
27150,2982869
27151,2865412
27152,2417516
27153,2630453
27154,2229662
27155,2179100
27156,2389254
27157,4155101
27158,2445475
27159,7979988
27160,2960463
27161,2161927
27162,2357347
27163,2200450
27164,2499655
27165,6283531
27166,2805940
27167,2700200
27168,2880575
27169,2599677
27170,2230256
27171,3713523
27172,3141696
27173,2877011
27174,3037175
27175,3686313
27176,2687785
27177,2965744
27178,2782307
27179,2088503
27180,2702755
27181,2842672
27182,2639725
27183,2514079
27184,5162141
27185,3358115
27186,3258720
27187,2389897
27188,2653721
27189,2923902
27190,2703631
27191,2286433
27192,3851751
27193,4189515
27194,2819507
27195,6529779
27196,6913280
27197,4139226
27198,7377046
27199,2241875
27200,2715703
27201,2749353
27202,3132230
27203,2926940
27204,3556610
27205,4608478
27206,2215774
27207,7902975
27208,2138754
27209,2526468
27210,3993368
27211,4759810
27212,4645010
27213,5804387
27214,3038456
27215,3111104
27216,2973705
27217,5332393
27218,2760590
27219,4659141
27220,2769937
27221,6282127
27222,3758038
27223,2808119
27224,3015720
27225,2704891
27226,2749778
27227,2536855
27228,2795188
27229,2444641
27230,2831820
27231,9915481
27232,4202831
27233,6540209
27234,2862916
27235,5009001
27236,4452729
27237,3242577
27238,3550609
27239,3630960
27240,4418457
27241,6955182
27242,3883376
27243,3019945
27244,3662900
27245,8404081
27246,5305455
27247,7642247
27248,4615852
27249,3113247
27250,13684793
27251,3239535
27252,2920515
27253,4933600
27254,3898101
27255,3348916
27256,3803408
27257,3240662
27258,3673302
27259,3009967
27260,3188384
27261,4238317
27262,3944180
27263,3785707
27264,3983615
27265,3670625
27266,2706219
27267,4486870
27268,3662918
27269,3210961
27270,2363899
27271,2394169
27272,4292435
27273,3348317
27274,2469304
27275,4223588
27276,3114543
27277,3993369
27278,2497524
27279,3905599
27280,2719750
27281,2717959
27282,2762751
27283,4903018
27284,4484081
27285,5520752
27286,6423695
27287,7287551
27288,3571947
27289,2352638
27290,2509249
27291,8713258
27292,3105499
27293,4543411
27294,3230547
27295,3918090
27296,3946920
27297,10965954
27298,4388919
27299,6477414
27300,2525136
27301,3282081
27302,7168023
27303,4291188
27304,9424968
27305,4501132
27306,3115021
27307,2597850
27308,3728911
27309,4262022
27310,3476922
27311,3513796
27312,2259789
27313,5031549
27314,9395120
27315,5028980
27316,3086093
27317,3003058
27318,3835854
27319,6379891
27320,6768602
27321,4425261
27322,3092124
27323,3030586
27324,5511742
27325,11327226
27326,4190634
27327,3920695
27328,5621955
27329,5282003
27330,2272735
27331,5535789
27332,5221008
27333,6928493
27334,5991427
27335,5003850
27336,3317014
27337,4866400
27338,3250717
27339,6054785
27340,3544082
27341,2393992
27342,3163746
27343,2826609
27344,3147013
27345,4947916
27346,3704478
27347,7994655
27348,2559850
27349,2416999
27350,3269991
27351,4717221
27352,2806432
27353,4767687
27354,3185904
27355,5895990
27356,2576860
27357,5686996
27358,5482677
27359,5430091
27360,3102537
27361,3210175
27362,6709798
27363,3312220
27364,3256091
27365,3114561
27366,3325318
27367,3565973
27368,2514111
27369,3077841
27370,3126500
27371,4614515
27372,4515371
27373,5723970
27374,5289997
27375,6080914
27376,4824670
27377,2065848
27378,2917172
27379,4640492
27380,2379175
27381,5147538
27382,7088101
27383,4439533
27384,2557504
27385,4576790
27386,2537381
27387,5686842
27388,2505414
27389,4347211
27390,4153434
27391,11091145
27392,6875705
27393,2550498
27394,4432668
27395,10676157
27396,9363998
27397,2435240
27398,5209582
27399,4186720
27400,5949487
27401,2483427
27402,6754530
27403,6696413
27404,4016672
27405,7142082
27406,6953353
27407,6383310
27408,5584470
27409,2918561
27410,6248914
27411,4289318
27412,2767783
27413,2381975
27414,2858961
27415,3564558
27416,5637916
27417,6666717
27418,3114228
27419,7742610
27420,2545103
27421,3505552
27422,10122972
27423,5090577
27424,2625779
27425,3608460
27426,2563478
27427,3714476
27428,2198192
27429,3883618
27430,2115458
27431,3700773
27432,2616997
27433,4539337
27434,2984068
27435,2527044
27436,4696307
27437,6561266
27438,3354953
27439,5948859
27440,2953796
27441,3754304
27442,12390758
27443,6739163
27444,5401106
27445,4500928
27446,7393357
27447,2218152
27448,4364441
27449,3146188
27450,3120553
27451,4321559
27452,2965372
27453,6545896
27454,4743582
27455,3574439
27456,4566629
27457,2323877
27458,3783390
27459,3557476
27460,2946948
27461,2345833
27462,2905888
27463,4159781
27464,2515999
27465,12061139
27466,3289312
27467,14371660
27468,2501936
27469,5796034
27470,5360143
27471,3813360
27472,2815200
27473,4031186
27474,3144852
27475,3739930
27476,2592541
27477,5280926
27478,3653240
27479,4699175
27480,3507061
27481,3042200
27482,3236673
27483,2564174
27484,2989225
27485,2670371
27486,13185124
27487,5156465
27488,7928740
27489,4904184
27490,4412958
27491,4527862
27492,2887229
27493,2642852
27494,4405502
27495,3633117
27496,2380781
27497,2604301
27498,2450166
27499,2661757
27500,3235775
27501,3389127
27502,2823191
27503,4248487
27504,2492939
27505,2256675
27506,2474025
27507,3543854
27508,2970179
27509,2518462
27510,3085494
27511,5735615
27512,3335425
27513,4296426
27514,6183941
27515,4747337
27516,5207977
27517,2743407
27518,7770799
27519,5942720
27520,2946868
27521,2454575
27522,3898117
27523,3314323
27524,3114365
27525,3256683
27526,7463648
27527,2521333
27528,2561722
27529,8904788
27530,5218506
27531,4001822
27532,4223196
27533,4127183
27534,4324066
27535,5167301
27536,2676726
27537,3092922
27538,2466474
27539,2624461
27540,3411303
27541,3159306
27542,2212227
27543,4096969
27544,4530485
27545,2407555
27546,2342727
27547,2277130
27548,2539210
27549,20732123
27550,2774892
27551,2230197
27552,2354328
27553,3820786
27554,3670796
27555,10341935
27556,2195763
27557,2766661
27558,2676704
27559,2822526
27560,2635264
27561,5460363
27562,3075078
27563,4763891
27564,2721343
27565,6114915
27566,3717315
27567,2895069
27568,2928828
27569,3813404
27570,14225289
27571,2419610
27572,2575107
27573,3726567
27574,4926842
27575,3697163
27576,2372548
27577,4718277
27578,7271669
27579,4321756
27580,52613540
27581,3489643
27582,4847898
27583,5619162
27584,3479668
27585,2586527
27586,6944703
27587,2657227
27588,2593766
27589,2654150
27590,2854192
27591,11351279
27592,2882571
27593,4707985
27594,7088614
27595,6647326
27596,4124705
27597,3822282
27598,3175120
27599,2519299
27600,4653426
27601,8704026
27602,3645463
27603,4394058
27604,4287128
27605,2271801
27606,2488447
27607,2470169
27608,2381085
27609,2293003
27610,2391233
27611,4106922
27612,3678502
27613,5872963
27614,12944531
27615,2662063
27616,2397135
27617,5174314
27618,7768264
27619,4815402
27620,2914775
27621,3271786
27622,3252206
27623,4189393
27624,5311411
27625,4439468
27626,3951782
27627,2242802
27628,2698172
27629,3839535
27630,2450671
27631,2600868
27632,2345203
27633,11100434
27634,4736504
27635,2341325
27636,2240110
27637,2598384
27638,2965743
27639,2378946
27640,2436810
27641,2487785
27642,2356279
27643,4049026
27644,3057462
27645,2511415
27646,2599296
27647,7175863
27648,5192053
27649,2521676
27650,3460488
27651,2807366
27652,4100521
27653,7355262
27654,6758936
27655,4097071
27656,2248545
27657,3602668
27658,2549108
27659,2452188
27660,3890429
27661,3548354
27662,2842913
27663,5957326
27664,4103177
27665,2215544
27666,2390972
27667,3752559
27668,4841001
27669,4709348
27670,5666246
27671,8341703
27672,2873108
27673,3226115
27674,3482796
27675,3538495
27676,2971228
27677,2470082
27678,2485870
27679,3300740
27680,2506785
27681,2785073
27682,2778578
27683,2137986
27684,3454665
27685,7268514
27686,4893919
27687,14449354
27688,2800363
27689,4336174
27690,4024154
27691,2831807
27692,4322686
27693,4778379
27694,4484098
27695,3192552
27696,2815963
27697,6069955
27698,3667044
27699,4065761
27700,2912525
27701,5230443
27702,7492856
27703,10245841
27704,5718296
27705,2736985
27706,2924518
27707,5241857
27708,2389837
27709,4467737
27710,4751870
27711,6514733
27712,2685678
27713,3909695
27714,4422965
27715,2295959
27716,4441696
27717,8881759
27718,3932822
27719,7699204
27720,2508429
27721,3018504
27722,2127887
27723,4309561
27724,4309336
27725,4623420
27726,4568203
27727,5694786
27728,8733273
27729,2211625
27730,4389493
27731,3668788
27732,2273537
27733,4829402
27734,7272668
27735,2527773
27736,2214816
27737,2791759
27738,2712875
27739,5502660
27740,3070038
27741,2886056
27742,2236386
27743,2232725
27744,2490517
27745,4365978
27746,2556221
27747,4455786
27748,4770479
27749,3635339
27750,2249839
27751,5982881
27752,2298355
27753,4554264
27754,7715804
27755,2943017
27756,2554939
27757,4586522
27758,4467442
27759,6362621
27760,4797330
27761,12846463
27762,4453757
27763,4572784
27764,4319146
27765,2418242
27766,4934732
27767,5692374
27768,2360478
27769,4589170
27770,4315555
27771,2523029
27772,4252058
27773,4204759
27774,4696297
27775,3611344
27776,7927033
27777,3758204
27778,4409436
27779,4229297
27780,4979652
27781,4299817
27782,4416912
27783,4283516
27784,3041065
27785,3000823
27786,4601837
27787,5777545
27788,3223681
27789,4894314
27790,3013532
27791,5396832
27792,2878860
27793,4812381
27794,4415473
27795,4661684
27796,3345306
27797,4144485
27798,3842311
27799,2767333
27800,4263154
27801,16284289
27802,2466613
27803,3039845
27804,2434509
27805,4513714
27806,2575900
27807,3356054
27808,2234450
27809,4270395
27810,2626889
27811,3178512
27812,2570292
27813,2545143
27814,2732800
27815,4098815
27816,2075787
27817,3594892
27818,8764520
27819,2925888
27820,4788252
27821,7914268
27822,24005610
27823,3078287
27824,3218954
27825,2620660
27826,2656641
27827,6760069
27828,3875992
27829,7175587
27830,6814279
27831,3828423
27832,3883203
27833,3087999
27834,3023802
27835,2868366
27836,2749127
27837,4606534
27838,2112172
27839,2246018
27840,2344044
27841,5317724
27842,2147750
27843,19220950
27844,2499607
27845,3908016
27846,11163460
27847,3883446
27848,3597112
27849,4275201
27850,5438584
27851,3608080
27852,2985466
27853,4611533
27854,2699719
27855,2487430
27856,2905439
27857,2433090
27858,2534950
27859,3770115
27860,2721999
27861,2719394
27862,5171038
27863,4607910
27864,14663709
27865,2220865
27866,2933182
27867,4634170
27868,3361825
27869,2762163
27870,2484401
27871,6214695
27872,2541805
27873,3220509
27874,2388005
27875,2571780
27876,8068490
27877,3810725
27878,3056126
27879,5523685
27880,2870689
27881,4895316
27882,3843136
27883,2330752
27884,4463923
27885,3923391
27886,3669644
27887,3148731
27888,13296417
27889,3174642
27890,3395909
27891,2688346
27892,2649128
27893,3954866
27894,6520232
27895,4420055
27896,2556640
27897,2613088
27898,3266662
27899,2813677
27900,4061001
27901,6416518
27902,3162928
27903,2698361
27904,3060712
27905,3242695
27906,2987343
27907,2815042
27908,3094509
27909,5963306
27910,3643284
27911,2090568
27912,2697743
27913,4018552
27914,4587722
27915,2124864
27916,3799010
27917,2458196
27918,3041263
27919,4080978
27920,3254369
27921,2398494
27922,2117078
27923,8812334
27924,2413082
27925,5218263
27926,4476510
27927,3066730
27928,3269086
27929,4956919
27930,4253895
27931,3720622
27932,2416243
27933,2544594
27934,2610462
27935,7031620
27936,4664251
27937,4289084
27938,2787880
27939,3319933
27940,3766675
27941,2745047
27942,3236151
27943,3324411
27944,2448107
27945,6802564
27946,6633449
27947,3740364
27948,2828316
27949,4433634
27950,2623231
27951,3358776
27952,5852452
27953,2328848
27954,20121693
27955,3007113
27956,2125151
27957,3403708
27958,2641373
27959,3960254
27960,4157759
27961,2508158
27962,2448373
27963,2572574
27964,3237612
27965,5482729
27966,3586408
27967,2500883
27968,2306092
27969,21232378
27970,2535853
27971,3115356
27972,2308944
27973,2431423
27974,2113625
27975,14070670
27976,5235433
27977,2902007
27978,2382635
27979,2772853
27980,2938150
27981,2750842
27982,7576526
27983,2290038
27984,5558378
27985,2348654
27986,5228715
27987,2672401
27988,4295800
27989,2591338
27990,2841738
27991,2458523
27992,2406948
27993,4968521
27994,4140988
27995,4243353
27996,19780064
27997,9535478
27998,2754129
27999,2599896
28000,2151459
28001,5428845
28002,2319166
28003,4347455
28004,2547645
28005,4010895
28006,3402699
28007,2116718
28008,3890315
28009,3379206
28010,2449359
28011,4516325
28012,3904537
28013,3128465
28014,5133757
28015,2207949
28016,2634361
28017,4470516
28018,4659161
28019,4529338
28020,4661728
28021,4785345
28022,9871538
28023,7467477
28024,2142576
28025,3148310
28026,2868411
28027,7954770
28028,3225863
28029,2106988
28030,2868060
28031,3960056
28032,7123212
28033,2796135
28034,2582388
28035,2563691
28036,3038942
28037,2492477
28038,5084376
28039,2536019
28040,2713352
28041,2661973
28042,2629677
28043,2134722
28044,3710906
28045,2312324
28046,2532624
28047,4126900
28048,2632657
28049,2673812
28050,2364038
28051,4012859
28052,2922596
28053,13555853
28054,3812825
28055,2307100
28056,4248134
28057,2253024
28058,3316720
28059,3155204
28060,2934608
28061,6085948
28062,3725962
28063,6317889
28064,3264314
28065,2740932
28066,10756214
28067,3254196
28068,6591290
28069,3377927
28070,3231712
28071,4566224
28072,3270257
28073,7846884
28074,3038704
28075,2017373
28076,5363432
28077,4042690
28078,2620094
28079,2711913
28080,2942668
28081,2529864
28082,2850675
28083,4628063
28084,3259721
28085,3151202
28086,3051486
28087,2445827
28088,2779638
28089,2781575
28090,3021164
28091,2443207
28092,4623105
28093,3366563
28094,2726152
28095,2918958
28096,2895715
28097,2571609
28098,2245650
28099,2245954
28100,2361069
28101,2513100
28102,2321477
28103,2976839
28104,3385811
28105,3047385
28106,6503660
28107,11409041
28108,5672436
28109,3500576
28110,5469217
28111,9581719
28112,2855496
28113,4763669
28114,2827155
28115,2577196
28116,4071167
28117,3062751
28118,4227689
28119,2814869
28120,3647684
28121,4853993
28122,2972953
28123,2779650
28124,3595990
28125,3487465
28126,7507276
28127,2787919
28128,2761172
28129,4847417
28130,2076370
28131,19591983
28132,4715286
28133,4376677
28134,3232057
28135,2499626
28136,2555293
28137,6863539
28138,4594414
28139,2897491
28140,2682781
28141,2858009
28142,2371858
28143,3578719
28144,2371237
28145,2600036
28146,2745595
28147,4383133
28148,4637829
28149,2370037
28150,6589295
28151,2772643
28152,3838149
28153,4621151
28154,2835258
28155,6440413
28156,2188024
28157,2850993
28158,13631174
28159,2462178
28160,2380073
28161,3506101
28162,2748193
28163,3323237
28164,2688898
28165,4584114
28166,4241323
28167,3931921
28168,5759169
28169,2507754
28170,2640966
28171,3293202
28172,3455899
28173,2462202
28174,2520407
28175,6643872
28176,4697403
28177,4326302
28178,2387291
28179,17693414
28180,2972723
28181,2839324
28182,5321871
28183,2627818
28184,2850349
28185,2695397
28186,2393343
28187,4528734
28188,3342122
28189,6528441
28190,3832906
28191,4910677
28192,2348867
28193,2993532
28194,4736373
28195,7199394
28196,4481903
28197,4086373
28198,4287904
28199,3317002
28200,5533201
28201,4287224
28202,3136437
28203,6542302
28204,4348432
28205,4717718
28206,3519358
28207,2653704
28208,2412696
28209,7072540
28210,5667537
28211,3173823
28212,2699534
28213,4145194
28214,6042198
28215,5711994
28216,2677145
28217,2194132
28218,2854002
28219,2523478
28220,3993752
28221,2937016
28222,4698760
28223,3215208
28224,2450569
28225,4009630
28226,2556955
28227,4741889
28228,5884902
28229,2981056
28230,5050000
28231,2995353
28232,3062061
28233,3211827
28234,5315968
28235,3004054
28236,2304317
28237,3293337
28238,2804456
28239,3201742
28240,2662328
28241,2777703
28242,6862674
28243,4322277
28244,2448748
28245,2422580
28246,2705537
28247,5853770
28248,2646913
28249,2262917
28250,2474143
28251,4079262
28252,3525609
28253,3227188
28254,5381269
28255,4442234
28256,5875418
28257,3443111
28258,6451739
28259,3823885
28260,4237992
28261,3307844
28262,2841974
28263,2613579
28264,2841276
28265,2445115
28266,2329596
28267,3563803
28268,4900234
28269,4210732
28270,8521152
28271,3623188
28272,18000103
28273,3182952
28274,2429555
28275,2519189
28276,2329629
28277,5119272
28278,4404582
28279,2373789
28280,2617145
28281,2943642
28282,3612117
28283,5680329
28284,13819500
28285,3322968
28286,4760796
28287,4429516
28288,3684823
28289,4481295
28290,2404121
28291,12790709
28292,3405397
28293,3915417
28294,3005009
28295,3237172
28296,4069618
28297,2207311
28298,4409044
28299,6138534
28300,13816958
28301,3444901
28302,3200527
28303,4402020
28304,3490632
28305,3960642
28306,3297888
28307,3187306
28308,3160791
28309,6403375
28310,4297281
28311,9234340
28312,2759556
28313,2603133
28314,2696964
28315,2971246
28316,3187955
28317,3547461
28318,2956833
28319,2002282
28320,4650274
28321,3117065
28322,3763240
28323,4712930
28324,2621958
28325,4909115
28326,2648954
28327,2787021
28328,4045808
28329,2988859
28330,2528475
28331,3693045
28332,4434404
28333,5416238
28334,2946563
28335,2719778
28336,3043974
28337,2568057
28338,2546743
28339,2385101
28340,3866629
28341,2212898
28342,4283948
28343,2597868
28344,4641028
28345,2930326
28346,3226860
28347,4894466
28348,2543352
28349,4286575
28350,2647293
28351,2592977
28352,2980572
28353,2683579
28354,3277142
28355,4862352
28356,2170889
28357,5814924
28358,4038271
28359,4965310
28360,3222409
28361,2752464
28362,2586526
28363,2541123
28364,2673842
28365,6716953
28366,6237782
28367,2946345
28368,3776507
28369,2875354
28370,5192672
28371,2501995
28372,2701912
28373,2882451
28374,2696716
28375,2678703
28376,2375172
28377,5510763
28378,2442204
28379,6607157
28380,4057474
28381,3224115
28382,3265477
28383,2535338
28384,6004715
28385,3593790
28386,3113640
28387,6868930
28388,2575598
28389,6095048
28390,3529937
28391,2515720
28392,2558779
28393,2511040
28394,2142987
28395,6248565
28396,3890846
28397,8805076
28398,3889069
28399,3299840
28400,3368565
28401,4339545
28402,12319738
28403,5447081
28404,3232533
28405,4181169
28406,5970951
28407,3129718
28408,7173394
28409,3913102
28410,8466497
28411,4343183
28412,5644693
28413,3761211
28414,2634388
28415,3175697
28416,2564099
28417,7234434
28418,8094901
28419,3890989
28420,2300172
28421,4402698
28422,4069077
28423,5736685
28424,2748688
28425,2677939
28426,2178050
28427,2950576
28428,3610481
28429,2691142
28430,2642643
28431,8050515
28432,8664121
28433,2841004
28434,2236206
28435,2694803
28436,4889435
28437,5838901
28438,2881527
28439,2629808
28440,2652082
28441,2625281
28442,6724321
28443,2332233
28444,3355651
28445,2591936
28446,2879699
28447,4298065
28448,2579546
28449,2439846
28450,3386524
28451,2240476
28452,3722206
28453,3334114
28454,2454475
28455,5448874
28456,4725873
28457,7401037
28458,3844174
28459,4956783
28460,2429378
28461,6289913
28462,2405336
28463,2186870
28464,4483647
28465,3804302
28466,5080241
28467,3840932
28468,2230306
28469,6574558
28470,2674829
28471,2584667
28472,2815837
28473,4795983
28474,2292160
28475,2395455
28476,3432439
28477,2224190
28478,4163600
28479,2416900
28480,4146017
28481,2409396
28482,4289585
28483,2268623
28484,2387995
28485,2589086
28486,3145129
28487,2702612
28488,6804327
28489,4336942
28490,2631785
28491,4804113
28492,2412216
28493,2054024
28494,10030458
28495,3586826
28496,2204224
28497,2451372
28498,3689711
28499,6512708
28500,4379952
28501,4392771
28502,2442991
28503,3640823
28504,2526791
28505,2323499
28506,2446933
28507,2482500
28508,2595398
28509,2287097
28510,3487878
28511,2317529
28512,2600009
28513,4831611
28514,8184965
28515,12000715
28516,2842730
28517,5167900
28518,3523680
28519,3004713
28520,2373440
28521,3021668
28522,4682378
28523,3618140
28524,2986972
28525,3640715
28526,2856881
28527,2840922
28528,2455526
28529,2695564
28530,3993995
28531,2849668
28532,3263804
28533,3980231
28534,3315074
28535,2523439
28536,14879460
28537,3441515
28538,2622090
28539,6606274
28540,2519262
28541,3201203
28542,2632917
28543,2118761
28544,5012480
28545,6680175
28546,8571114
28547,8141639
28548,5622507
28549,4182752
28550,6101244
28551,3224159
28552,2269838
28553,5468445
28554,5133376
28555,4184764
28556,2316123
28557,3077357
28558,3019850
28559,3791175
28560,5563525
28561,2873936
28562,2629564
28563,4057729
28564,2756468
28565,3255718
28566,2588204
28567,7230747
28568,2483742
28569,2771174
28570,3021281
28571,3368063
28572,2229199
28573,2659877
28574,3204454
28575,3707427
28576,2208482
28577,4534288
28578,5948969
28579,2362362
28580,2252973
28581,2521138
28582,3373212
28583,2820046
28584,2264741
28585,2655058
28586,2750459
28587,2783294
28588,3211328
28589,3320653
28590,4136263
28591,5811502
28592,3759068
28593,3404199
28594,7203433
28595,3089894
28596,2800450
28597,6791204
28598,5996775
28599,18808233
28600,5713084
28601,4617594
28602,2756742
28603,5021977
28604,6208448
28605,7066891
28606,5025809
28607,3763209
28608,2569963
28609,3255458
28610,3747921
28611,5557333
28612,2656747
28613,7220422
28614,3203800
28615,6070890
28616,5621581
28617,3952377
28618,4141750
28619,6586041
28620,7367244
28621,6952660
28622,4204659
28623,7861968
28624,6009457
28625,4753703
28626,5185650
28627,3908846
28628,2916596
28629,4711341
28630,2733705
28631,2968173
28632,2908792
28633,4531320
28634,3322140
28635,2833727
28636,3420193
28637,2763061
28638,2881362
28639,2168747
28640,3849283
28641,10093033
28642,2710148
28643,6914336
28644,2683718
28645,6389485
28646,3379427
28647,6809894
28648,3284936
28649,4781646
28650,4587484
28651,3840595
28652,2215905
28653,3884855
28654,5381213
28655,2377253
28656,2305059
28657,4719796
28658,4399097
28659,3636133
28660,7195095
28661,4726915
28662,5185861
28663,2378159
28664,2269143
28665,2259121
28666,2645134
28667,4502147
28668,4760875
28669,4930233
28670,4575128
28671,10585812
28672,2344375
28673,2918382
28674,2237343
28675,2200671
28676,2228192
28677,2311628
28678,2340790
28679,2266354
28680,2399307
28681,2309728
28682,2257388
28683,4626200
28684,2971954
28685,2234735
28686,2479857
28687,4524528
28688,2351998
28689,2542561
28690,2256493
28691,2635163
28692,2415592
28693,2199847
28694,2362068
28695,2319889
28696,2194253
28697,2271328
28698,4692632
28699,3774432
28700,2690803
28701,2884302
28702,2635866
28703,2392632
28704,2987072
28705,2608803
28706,4545294
28707,4618178
28708,4101193
28709,4644018
28710,3276508
28711,5540887
28712,2135779
28713,2401236
28714,4353203
28715,3754072
28716,2156111
28717,2326431
28718,3345067
28719,2345498
28720,2191473
28721,2711095
28722,2363278
28723,3297367
28724,2250144
28725,5394873
28726,2870667
28727,5290929
28728,2663755
28729,2838173
28730,2506200
28731,4274288
28732,2952853
28733,3531025
28734,5329180
28735,4907468
28736,4632567
28737,6220339
28738,6903832
28739,13157041
28740,8408581
28741,4912339
28742,2761489
28743,4904481
28744,5529014
28745,4264335
28746,14600466
28747,7955766
28748,6765433
28749,2586529
28750,19472742
28751,3904397
28752,4506313
28753,5866035
28754,4024979
28755,3821442
28756,3484036
28757,3366938
28758,5198591
28759,7764622
28760,8926484
28761,4863965
28762,6338509
28763,7831179
28764,2485154
28765,4927462
28766,2307206
28767,13962092
28768,2751459
28769,9141465
28770,5183912
28771,9169212
28772,3222513
28773,4749879
28774,4284077
28775,4237725
28776,5080177
28777,4805200
28778,3002410
28779,2378500
28780,5342174
28781,4033958
28782,5525977
28783,7584136
28784,5093613
28785,4930049
28786,7312367
28787,12945555
28788,4625729
28789,2978201
28790,2363620
28791,3709814
28792,2779083
28793,2822062
28794,4480977
28795,6685044
28796,2725470
28797,2497016
28798,4579116
28799,4327255
28800,4360930
28801,3824889
28802,2245680
28803,4775798
28804,3941420
28805,6622966
28806,2932506
28807,7297434
28808,3045057
28809,11373227
28810,5215335
28811,2696049
28812,5138325
28813,8497854
28814,4183864
28815,7150366
28816,3103322
28817,2947809
28818,2674549
28819,5170042
28820,2529403
28821,3244936
28822,2998863
28823,3170289
28824,4432852
28825,2297657
28826,2306231
28827,4711450
28828,2834272
28829,2306734
28830,3076265
28831,2362363
28832,3425706
28833,3529299
28834,2745061
28835,2595538
28836,2528551
28837,4154649
28838,2908703
28839,2630982
28840,2746862
28841,2557490
28842,4525256
28843,9311602
28844,3085026
28845,3023100
28846,3238922
28847,7579001
28848,4416928
28849,2954817
28850,2363812
28851,4535028
28852,3347727
28853,5707152
28854,3132190
28855,7562786
28856,3011734
28857,2489936
28858,4188890
28859,5138801
28860,11664926
28861,2876356
28862,2658988
28863,8965120
28864,3799282
28865,5941205
28866,3228036
28867,7337835
28868,6322841
28869,7535346
28870,3046070
28871,3786238
28872,5728463
28873,14167705
28874,5944021
28875,2558007
28876,4525544
28877,2266114
28878,2501561
28879,2883290
28880,2690091
28881,4793976
28882,2678091
28883,4414363
28884,3292169
28885,3207663
28886,3578421
28887,4326345
28888,2566870
28889,3263946
28890,2550555
28891,5436265
28892,2591270
28893,3252203
28894,3677159
28895,3324430
28896,4115985
28897,3868118
28898,3732990
28899,10969958
28900,3149659
28901,4035010
28902,2331244
28903,2473672
28904,3407646
28905,3986716
28906,2375514
28907,4809626
28908,3090321
28909,2930517
28910,2778225
28911,2783678
28912,2823091
28913,4845143
28914,3022129
28915,2512748
28916,2642010
28917,2919611
28918,2964063
28919,2307787
28920,4227391
28921,3865929
28922,2896826
28923,8781316
28924,2274340
28925,2478995
28926,5160753
28927,4032460
28928,3384142
28929,3911541
28930,2232932
28931,3758205
28932,2627346
28933,5103949
28934,6576724
28935,2773355
28936,2868332
28937,5735425
28938,2496349
28939,7120008
28940,2614729
28941,3357059
28942,2925131
28943,4000918
28944,4896502
28945,3099639
28946,6865594
28947,8845614
28948,2928540
28949,4289528
28950,3485870
28951,7002558
28952,5345210
28953,7415276
28954,3195129
28955,2159574
28956,4011530
28957,2289296
28958,2694330
28959,2370133
28960,3712247
28961,6641070
28962,2564494
28963,2450130
28964,4255513
28965,2600865
28966,2195798
28967,2640228
28968,2568567
28969,3968102
28970,3228078
28971,2461823
28972,2548210
28973,2417866
28974,4923497
28975,13224247
28976,4095076
28977,3289258
28978,5106423
28979,5678457
28980,4081653
28981,3507363
28982,2179102
28983,3073960
28984,2895392
28985,2610265
28986,2650597
28987,4906014
28988,2755361
28989,4174172
28990,2213097
28991,2893071
28992,6872396
28993,3895290
28994,2808931
28995,2606435
28996,5174514
28997,5891972
28998,3158245
28999,2335379
29000,2382105
29001,3623497
29002,2244007
29003,7037281
29004,2617586
29005,2253895
29006,2141848
29007,7556509
29008,2971907
29009,2321152
29010,2544136
29011,2120393
29012,2021826
29013,6151683
29014,4324740
29015,2193404
29016,5147488
29017,2986568
29018,2859752
29019,9153173
29020,2426447
29021,2519058
29022,2224909
29023,2104261
29024,6121881
29025,2808573
29026,2703419
29027,3078926
29028,6251589
29029,6593741
29030,6355894
29031,2304771
29032,2591830
29033,2584106
29034,2547205
29035,2602104
29036,2745237
29037,2205535
29038,2675882
29039,2669134
29040,10584378
29041,2566472
29042,4000300
29043,2177842
29044,2303061
29045,4323241
29046,3171342
29047,5884218
29048,2744772
29049,2548062
29050,2898539
29051,2342476
29052,2206238
29053,5185972
29054,2185857
29055,2222833
29056,2228882
29057,3362546
29058,2729957
29059,2160778
29060,2636738
29061,2462288
29062,2373775
29063,7692697
29064,2235357
29065,2073766
29066,2104060
29067,3161804
29068,2934818
29069,3017188
29070,2325575
29071,2168779
29072,4804558
29073,2364842
29074,5559819
29075,3126786
29076,4523929
29077,2192600
29078,4186447
29079,2978539
29080,3058852
29081,5666953
29082,16523064
29083,2969537
29084,2603817
29085,3134939
29086,6699975
29087,4609556
29088,3986069
29089,4962331
29090,3075449
29091,2866396
29092,3343308
29093,2231630
29094,2254939
29095,2311641
29096,2470541
29097,3618212
29098,5888146
29099,4646023
29100,4582593
29101,5395277
29102,2922718
29103,4678367
29104,4453323
29105,2050439
29106,4189255
29107,6294392
29108,3324789
29109,4886742
29110,6404105
29111,6401290
29112,3284591
29113,4498387
29114,5974425
29115,4177027
29116,4975243
29117,7284158
29118,2675148
29119,2599150
29120,2055822
29121,2482378
29122,2592863
29123,3013914
29124,6396063
29125,2456384
29126,2474161
29127,4057201
29128,2613882
29129,3598728
29130,3026932
29131,5738785
29132,2088742
29133,3089166
29134,4576355
29135,5394037
29136,2803121
29137,3165983
29138,2511072
29139,3444326
29140,3853370
29141,2570593
29142,3653706
29143,4853968
29144,6750735
29145,8461916
29146,3815281
29147,4719089
29148,6225282
29149,8469094
29150,3216155
29151,2697242
29152,1946071
29153,7159425
29154,4291522
29155,9835585
29156,2894417
29157,5223129
29158,3115582
29159,7046960
29160,6238968
29161,5812871
29162,4275047
29163,5117269
29164,3735281
29165,2967160
29166,7604147
29167,3492476
29168,3077976
29169,2796660
29170,2805005
29171,6714303
29172,2559647
29173,2755692
29174,2728507
29175,5994086
29176,3097058
29177,3898132
29178,2400870
29179,4429454
29180,2552326
29181,5151262
29182,2097432
29183,5124518
29184,5430076
29185,2442722
29186,2280691
29187,3036860
29188,2432939
29189,2506917
29190,3051272
29191,5057709
29192,3040713
29193,2625992
29194,2546343
29195,2242766
29196,2224155
29197,3715164
29198,3534101
29199,4590310
29200,3508500
29201,2933726
29202,3287561
29203,2482152
29204,3394114
29205,2766886
29206,5008148
29207,3183012
29208,4933838
29209,3089528
29210,3828514
29211,6583181
29212,2679162
29213,2743685
29214,3299210
29215,3200913
29216,2386354
29217,3152955
29218,2673446
29219,2137556
29220,3905698
29221,3472581
29222,2534436
29223,3222472
29224,8466811
29225,2591865
29226,3020293
29227,5923703
29228,4294775
29229,2893811
29230,3378857
29231,4168909
29232,2074926
29233,3633653
29234,4863076
29235,2185554
29236,3263234
29237,3809440
29238,2787389
29239,4478331
29240,3640953
29241,4546149
29242,2835563
29243,2119888
29244,2375649
29245,2478243
29246,2811486
29247,2388755
29248,3398566
29249,4862158
29250,3307321
29251,2609368
29252,2859355
29253,3862037
29254,5116443
29255,4980211
29256,3218545
29257,2629783
29258,3017365
29259,4547801
29260,3805935
29261,4811510
29262,2850375
29263,2255057
29264,2996059
29265,3829482
29266,4782264
29267,4014717
29268,4915983
29269,4631628
29270,4293909
29271,2856326
29272,2574828
29273,2152129
29274,5575290
29275,9767212
29276,2400798
29277,2804951
29278,14144776
29279,4607228
29280,7106204
29281,2487845
29282,2270843
29283,3467306
29284,2658273
29285,4675936
29286,2472607
29287,4572488
29288,3658925
29289,2740295
29290,5153503
29291,4388934
29292,3681761
29293,2670332
29294,3729667
29295,2895393
29296,3116123
29297,2199814
29298,2394478
29299,2277912
29300,3914149
29301,5275868
29302,2501941
29303,3690847
29304,2266392
29305,4148437
29306,3479750
29307,2573087
29308,2179634
29309,2323054
29310,2177210
29311,2236252
29312,2265585
29313,2279728
29314,2283368
29315,2062493
29316,2222134
29317,3841967
29318,4822117
29319,4711358
29320,3048206
29321,4888253
29322,4500821
29323,2507073
29324,3303485
29325,9766571
29326,2287745
29327,2162087
29328,5049221
29329,4215946
29330,2342615
29331,4973160
29332,3379950
29333,4212308
29334,3268204
29335,2437061
29336,4919468
29337,2571067
29338,6653921
29339,2282131
29340,4922792
29341,5174260
29342,2813227
29343,2225798
29344,2186437
29345,2586023
29346,7280131
29347,2802125
29348,2979288
29349,3317162
29350,2664815
29351,2422236
29352,2379305
29353,2830355
29354,4022806
29355,5009569
29356,4724249
29357,4688467
29358,4811757
29359,2665611
29360,3315397
29361,3061294
29362,2691671
29363,3475540
29364,2923786
29365,4109160
29366,6131646
29367,2448527
29368,4477516
29369,7360657
29370,4805096
29371,4314966
29372,3029670
29373,2372269
29374,4291876
29375,6681632
29376,5908348
29377,2893523
29378,3065734
29379,4680407
29380,6681575
29381,5551568
29382,2679238
29383,2630472
29384,2468740
29385,3505330
29386,3279897
29387,4913704
29388,3626674
29389,6930150
29390,4140489
29391,4489812
29392,3168648
29393,3016450
29394,3808015
29395,5948387
29396,5031819
29397,2882520
29398,3240133
29399,2276384
29400,2713596
29401,2629428
29402,2641826
29403,2627855
29404,2667964
29405,3923349
29406,2582840
29407,2485049
29408,2222400
29409,3843472
29410,2872351
29411,2415512
29412,5093081
29413,2591695
29414,2715932
29415,2651727
29416,3175365
29417,2341473
29418,3294305
29419,4504335
29420,6720617
29421,6173268
29422,3234162
29423,2554252
29424,3144088
29425,3758602
29426,2539081
29427,3078782
29428,2605159
29429,2106452
29430,5788147
29431,2524695
29432,3060273
29433,4344139
29434,3984442
29435,2430135
29436,2505788
29437,4827135
29438,3333597
29439,3540420
29440,2229597
29441,2791233
29442,2657867
29443,4938716
29444,2901369
29445,2437645
29446,2997980
29447,2740274
29448,4064404
29449,3189161
29450,3031799
29451,4240251
29452,2861762
29453,2840816
29454,3214105
29455,2948536
29456,2543366
29457,3418865
29458,2696099
29459,2906443
29460,4164955
29461,4088732
29462,4173193
29463,3091803
29464,3240921
29465,4431597
29466,3014795
29467,3148016
29468,2439395
29469,5468631
29470,3223068
29471,4264462
29472,2801292
29473,4825797
29474,4766534
29475,5562067
29476,4596151
29477,2218466
29478,3828988
29479,2300871
29480,2197228
29481,7226267
29482,2516766
29483,5618896
29484,2748747
29485,4046019
29486,3901553
29487,4725691
29488,9917246
29489,2575241
29490,3005469
29491,2441681
29492,5686959
29493,2801745
29494,5166378
29495,4425833
29496,3636150
29497,4959821
29498,2515577
29499,4568022
29500,5091177
29501,2360077
29502,4718385
29503,3290742
29504,4564626
29505,5416943
29506,3168413
29507,4119730
29508,2855189
29509,4468831
29510,2957574
29511,4357201
29512,2657251
29513,2620424
29514,2944808
29515,2218470
29516,2919799
29517,4788839
29518,5449832
29519,11854683
29520,6758219
29521,2291438
29522,2337199
29523,3987882
29524,3316908
29525,2501917
29526,3125376
29527,2380153
29528,2188011
29529,3815126
29530,3296883
29531,7048794
29532,2849754
29533,5673630
29534,3481698
29535,3181779
29536,2087315
29537,4531398
29538,3475632
29539,2449809
29540,7245226
29541,12252433
29542,2416222
29543,3990056
29544,2579867
29545,2484720
29546,2422442
29547,2128521
29548,3942926
29549,3267193
29550,5399827
29551,4167537
29552,3142028
29553,2956122
29554,3990126
29555,4519100
29556,3099142
29557,4066579
29558,3039930
29559,2690263
29560,2665121
29561,2512884
29562,2661284
29563,5055413
29564,3034710
29565,2648838
29566,2276464
29567,3170374
29568,2986743
29569,3285476
29570,5084802
29571,8171050
29572,4877699
29573,3061305
29574,2936351
29575,2155895
29576,2858331
29577,2697738
29578,2710656
29579,3792779
29580,3750174
29581,3566123
29582,5145867
29583,2736225
29584,3689950
29585,4181045
29586,2438510
29587,2511873
29588,2604061
29589,3947395
29590,4708028
29591,9867253
29592,5414664
29593,2541672
29594,3489017
29595,2600807
29596,2939634
29597,2571733
29598,3541630
29599,2876829
29600,4072340
29601,7104735
29602,3235368
29603,2791741
29604,2632965
29605,2841495
29606,2962820
29607,4142801
29608,3377429
29609,6218972
29610,3596629
29611,3134089
29612,3576482
29613,2738404
29614,2345787
29615,2428686
29616,3599396
29617,12754080
29618,3160646
29619,4995090
29620,2736154
29621,3090650
29622,2928952
29623,5212950
29624,2436652
29625,4529489
29626,2434111
29627,4252603
29628,5392068
29629,2688803
29630,4538975
29631,3922831
29632,3331474
29633,7603011
29634,2858691
29635,2453865
29636,3113023
29637,4712486
29638,2387250
29639,2201512
29640,2285356
29641,5526682
29642,2801819
29643,3533676
29644,5243912
29645,3311955
29646,4570682
29647,3197488
29648,15512516
29649,4616491
29650,3109345
29651,3325382
29652,3349858
29653,2360374
29654,2702505
29655,2807104
29656,2617630
29657,2620700
29658,5176084
29659,2271961
29660,2177611
29661,7658393
29662,2754895
29663,2198480
29664,3205419
29665,2261505
29666,3621726
29667,4794240
29668,2956596
29669,2888302
29670,5251812
29671,2926153
29672,2700905
29673,3237046
29674,3054969
29675,4345576
29676,3321022
29677,3404581
29678,2690254
29679,4011479
29680,2528104
29681,4594834
29682,2540963
29683,2540032
29684,2577583
29685,4146151
29686,2701408
29687,4459432
29688,2868247
29689,4898660
29690,5558879
29691,7163775
29692,3229978
29693,2705854
29694,2719511
29695,2374850
29696,4240567
29697,3220529
29698,3497224
29699,2943800
29700,3065482
29701,4618817
29702,2748107
29703,2804748
29704,3727704
29705,2799634
29706,2917478
29707,6021169
29708,4706088
29709,2445193
29710,2363980
29711,3051210
29712,13224216
29713,2535854
29714,3100252
29715,4218777
29716,2690046
29717,2939941
29718,3417896
29719,3656641
29720,6314690
29721,5534203
29722,2627459
29723,3899742
29724,2489901
29725,2394623
29726,6552155
29727,3778323
29728,4663420
29729,9641334
29730,5212877
29731,2431152
29732,2253882
29733,5342845
29734,6426243
29735,2806383
29736,2351041
29737,3914459
29738,2561516
29739,3344302
29740,3670381
29741,2362288
29742,2919352
29743,2328666
29744,6430796
29745,9478185
29746,8538281
29747,7299333
29748,5781142
29749,3514700
29750,6068476
29751,2689728
29752,2606776
29753,2623623
29754,3487893
29755,2748257
29756,3498283
29757,6181988
29758,3447425
29759,7298986
29760,3026859
29761,3329003
29762,3035043
29763,2774014
29764,2922828
29765,4615542
29766,2453651
29767,2871746
29768,2458231
29769,2846496
29770,4327850
29771,2329331
29772,2462224
29773,2889019
29774,2813848
29775,4095337
29776,3188629
29777,3441095
29778,3938592
29779,2240570
29780,2494847
29781,4319890
29782,3632605
29783,2772666
29784,2725293
29785,2704218
29786,2475519
29787,4997040
29788,2758643
29789,4650724
29790,2691493
29791,6748682
29792,3562888
29793,3694729
29794,2390850
29795,4330969
29796,8109101
29797,2381159
29798,2206742
29799,6353518
29800,2337358
29801,6181446
29802,2935716
29803,3322379
29804,3273864
29805,2632200
29806,6554883
29807,3393637
29808,2369472
29809,2623545
29810,2829994
29811,2474037
29812,2727124
29813,2149613
29814,3186019
29815,3386157
29816,2447612
29817,5034883
29818,2386065
29819,2594173
29820,2833065
29821,3098538
29822,2718433
29823,2657347
29824,2686365
29825,3780078
29826,2538320
29827,4039494
29828,3504987
29829,6978183
29830,5940876
29831,7250942
29832,5378694
29833,2355673
29834,3212511
29835,2148767
29836,5517508
29837,3040250
29838,4597310
29839,2984989
29840,2459947
29841,5741486
29842,2820705
29843,2457883
29844,4531076
29845,2950510
29846,2806287
29847,5122193
29848,2886009
29849,2978248
29850,2531332
29851,2906426
29852,2922244
29853,3125666
29854,11253236
29855,3170899
29856,2041524
29857,2663351
29858,2958035
29859,11543832
29860,2879335
29861,3072979
29862,6393575
29863,5991924
29864,3727470
29865,6960216
29866,2712160
29867,3961987
29868,2351966
29869,2732766
29870,5600561
29871,6384642
29872,3429570
29873,3437465
29874,3455965
29875,6277333
29876,3392162
29877,4274013
29878,3782009
29879,2640871
29880,2510360
29881,2373634
29882,2292539
29883,9268260
29884,2661459
29885,3120089
29886,2948326
29887,2312001
29888,2193812
29889,2429863
29890,2635055
29891,3014803
29892,3351703
29893,3364735
29894,3079796
29895,3248590
29896,4537869
29897,4065031
29898,4785967
29899,2145993
29900,3955940
29901,3779010
29902,3215470
29903,4336682
29904,3669940
29905,3261637
29906,3254073
29907,4559518
29908,5772237
29909,3189645
29910,4472543
29911,4443132
29912,2752324
29913,4548544
29914,3279894
29915,6307542
29916,6630844
29917,2979417
29918,3855640
29919,3037378
29920,3216138
29921,5029090
29922,3473341
29923,4465035
29924,3841826
29925,3078406
29926,3113696
29927,3344333
29928,3819436
29929,3377597
29930,3715867
29931,3495160
29932,10219502
29933,2984638
29934,3237166
29935,10156598
29936,3424716
29937,2547309
29938,2336328
29939,3179508
29940,3016480
29941,3558240
29942,3450467
29943,8187462
29944,14878772
29945,2309821
29946,4099432
29947,3344419
29948,7880970
29949,3916586
29950,4171919
29951,4576085
29952,2571596
29953,4081640
29954,2669197
29955,2493485
29956,2700199
29957,3995258
29958,2761349
29959,2572589
29960,2707400
29961,2513920
29962,2327647
29963,2133027
29964,3703612
29965,3570873
29966,2272384
29967,2574882
29968,2674466
29969,2508530
29970,2403270
29971,5822324
29972,2966541
29973,2619486
29974,3152617
29975,2359133
29976,2975757
29977,3000482
29978,5827079
29979,4348383
29980,4494851
29981,2597457
29982,3057632
29983,2389245
29984,3472657
29985,6110916
29986,2905580
29987,2543607
29988,3899807
29989,3580319
29990,2400966
29991,4318923
29992,2633957
29993,2233592
29994,3736857
29995,3793932
29996,3317070
29997,2277990
29998,2193378
29999,2237503
30000,2247544
30001,5158276
30002,2720984
30003,6139728
30004,3077231
30005,3429151
30006,7066630
30007,4112568
30008,2768901
30009,2820420
30010,2977487
30011,3050990
30012,5590093
30013,4635216
30014,2831541
30015,4184158
30016,4574588
30017,4748221
30018,2285988
30019,6002037
30020,5815402
30021,2572219
30022,5727984
30023,5770390
30024,3070492
30025,2314091
30026,2213316
30027,2852107
30028,2479411
30029,5033964
30030,3168617
30031,3041174
30032,3077555
30033,2592185
30034,13993465
30035,9983553
30036,3185278
30037,4256652
30038,10458221
30039,9886082
30040,2437838
30041,2761938
30042,3378580
30043,4648426
30044,3395067
30045,7077047
30046,2553562
30047,2942508
30048,6170063
30049,4860937
30050,3384057
30051,2692843
30052,2376615
30053,2399446
30054,2592131
30055,2501166
30056,2436484
30057,2352114
30058,2175533
30059,2430287
30060,3694019
30061,3009417
30062,2578324
30063,3760991
30064,2768765
30065,2348534
30066,16741529
30067,2391128
30068,3043315
30069,8397772
30070,5600696
30071,3632037
30072,5946868
30073,7210920
30074,3550645
30075,4201309
30076,5402893
30077,3481931
30078,2564671
30079,2944848
30080,2578344
30081,2939860
30082,3530827
30083,2681595
30084,3533221
30085,3829508
30086,2152269
30087,9685855
30088,3262232
30089,3747498
30090,3481486
30091,2979180
30092,4978063
30093,4200465
30094,2398431
30095,5264471
30096,5225937
30097,3433889
30098,3089543
30099,3221397
30100,5440589
30101,4064319
30102,3926737
30103,2800652
30104,5247931
30105,6708016
30106,4144188
30107,3297219
30108,6843727
30109,2953985
30110,3026948
30111,3505391
30112,3435445
30113,3881582
30114,2760615
30115,2955776
30116,4923818
30117,3287091
30118,2455225
30119,6895039
30120,2693569
30121,2565580
30122,2187683
30123,2976969
30124,2701928
30125,3019726
30126,3039785
30127,3875296
30128,3488662
30129,3326775
30130,2982184
30131,2882612
30132,6169970
30133,2196281
30134,2985755
30135,4986827
30136,4312355
30137,4551458
30138,3075554
30139,4193838
30140,6230347
30141,8643223
30142,6025451
30143,6744475
30144,4535508
30145,3119355
30146,3901707
30147,4142602
30148,6280826
30149,3019145
30150,3274789
30151,3335048
30152,3002395
30153,3061284
30154,2868151
30155,2431967
30156,6102685
30157,3149178
30158,2429371
30159,3366761
30160,2956822
30161,3434003
30162,10729705
30163,5600718
30164,5942837
30165,5034372
30166,2660646
30167,4184706
30168,2682756
30169,5052182
30170,3354264
30171,6451630
30172,3798089
30173,4458186
30174,3927613
30175,8138190
30176,4322525
30177,4732848
30178,2221342
30179,2277315
30180,4518467
30181,5252076
30182,3525403
30183,5034863
30184,2911414
30185,2898070
30186,3025030
30187,3543731
30188,3140096
30189,3368537
30190,2979595
30191,2497729
30192,3155220
30193,3094840
30194,3339743
30195,7767732
30196,3400364
30197,2085628
30198,3322214
30199,2316802
30200,2872202
30201,2770437
30202,2664870
30203,2484321
30204,3193141
30205,2595241
30206,2703642
30207,2301414
30208,3039225
30209,8020791
30210,2633813
30211,2524446
30212,3455029
30213,2596266
30214,2985724
30215,2442464
30216,2856547
30217,2489746
30218,2563981
30219,2893880
30220,4891772
30221,4005319
30222,2279615
30223,2299519
30224,2617653
30225,2926824
30226,3196868
30227,2982384
30228,2605092
30229,6245032
30230,4483462
30231,7698907
30232,2852347
30233,2313643
30234,2515312
30235,2191820
30236,2266190
30237,2573578
30238,2121702
30239,2704984
30240,5404454
30241,3454195
30242,2760741
30243,4128185
30244,2813433
30245,4133193
30246,3283300
30247,5874319
30248,5965899
30249,4674024
30250,2599595
30251,2493721
30252,2741851
30253,4651970
30254,1971195
30255,2735070
30256,2384380
30257,4145529
30258,7513369
30259,5063745
30260,4254911
30261,4027612
30262,3506636
30263,4571713
30264,2490163
30265,3902562
30266,4499823
30267,5611573
30268,3205020
30269,6569361
30270,9356621
30271,2770432
30272,3757491
30273,8631705
30274,4418936
30275,4702585
30276,3456914
30277,6280764
30278,2452271
30279,12216488
30280,2443736
30281,2706018
30282,2066721
30283,4653664
30284,3760666
30285,3227169
30286,2103961
30287,2384494
30288,2235029
30289,2765575
30290,3464671
30291,3733077
30292,2353594
30293,2098559
30294,2660182
30295,3903806
30296,3140784
30297,3100534
30298,2245080
30299,3356785
30300,4334209
30301,5687292
30302,2298832
30303,2266596
30304,2928037
30305,2766266
30306,3264449
30307,2466485
30308,2555458
30309,2629699
30310,2374778
30311,2682976
30312,3047900
30313,4486810
30314,2054838
30315,7220804
30316,3414527
30317,2377120
30318,2458160
30319,3223861
30320,3710630
30321,3906275
30322,3929627
30323,3863831
30324,2802171
30325,4042757
30326,3044968
30327,2797064
30328,2882187
30329,3288389
30330,3114356
30331,2617586
30332,2524191
30333,2470447
30334,2513637
30335,2145589
30336,2888944
30337,2511253
30338,2741786
30339,6412287
30340,2599037
30341,4105360
30342,5671319
30343,3133806
30344,3693406
30345,3233318
30346,2116049
30347,6264211
30348,5285484
30349,3817659
30350,3492654
30351,3025499
30352,2971009
30353,2994821
30354,4428884
30355,3548110
30356,2730442
30357,2649846
30358,4489510
30359,8461019
30360,3939424
30361,3280075
30362,4027690
30363,5992848
30364,3757339
30365,2791352
30366,2604503
30367,3494793
30368,5213674
30369,3775839
30370,3999411
30371,3536261
30372,3286691
30373,3019613
30374,2889270
30375,3845419
30376,3343841
30377,10082772
30378,2214231
30379,4786311
30380,3590201
30381,5669094
30382,3170707
30383,2567059
30384,3247942
30385,3034173
30386,2760828
30387,2091500
30388,2639796
30389,8354159
30390,2732188
30391,3971948
30392,2749543
30393,5003270
30394,3096540
30395,2195606
30396,5097286
30397,3539360
30398,2790612
30399,2433095
30400,3308479
30401,4988884
30402,3940439
30403,4841997
30404,5808656
30405,3868138
30406,2323110
30407,5153362
30408,8649888
30409,2936201
30410,3014843
30411,4207354
30412,2640279
30413,2881894
30414,3530594
30415,3047820
30416,2550787
30417,2542583
30418,4104522
30419,4489461
30420,6717910
30421,3711468
30422,3642505
30423,7553382
30424,4667358
30425,4627710
30426,4828390
30427,4440382
30428,4284992
30429,3410061
30430,4511467
30431,4914670
30432,2669434
30433,3588418
30434,4111112
30435,2542187
30436,2746178
30437,3646849
30438,3673150
30439,3293180
30440,3213768
30441,7056446
30442,2229665
30443,3176650
30444,5698984
30445,4632425
30446,3786545
30447,6350706
30448,3272260
30449,3324714
30450,3414405
30451,3696803
30452,2858791
30453,3095550
30454,4458670
30455,2230760
30456,3219953
30457,3627891
30458,2774649
30459,3988890
30460,2826465
30461,2863150
30462,4643752
30463,2218864
30464,3008693
30465,4671152
30466,3294927
30467,2792812
30468,3250641
30469,2490820
30470,2503797
30471,4535194
30472,3125026
30473,2718893
30474,4324020
30475,2783991
30476,5006978
30477,3725037
30478,4651727
30479,6872910
30480,13387332
30481,5492436
30482,4670023
30483,2572420
30484,4609702
30485,4156472
30486,2529839
30487,2572813
30488,2663762
30489,3329636
30490,2415913
30491,2444333
30492,5810387
30493,2628250
30494,2957655
30495,2350316
30496,3604997
30497,2563521
30498,2204464
30499,2496876
30500,2229627
30501,2615869
30502,2405419
30503,4031945
30504,2551346
30505,4338647
30506,3542930
30507,2409602
30508,2669040
30509,8828916
30510,3179228
30511,2647814
30512,2842093
30513,4220113
30514,3190656
30515,3295120
30516,3364328
30517,3198315
30518,2659829
30519,3918972
30520,2259895
30521,2318980
30522,4769470
30523,4186795
30524,2918911
30525,4697659
30526,4645668
30527,5235648
30528,5847461
30529,7244660
30530,4304966
30531,4461313
30532,3406983
30533,5994005
30534,4366486
30535,3022934
30536,2857563
30537,4135001
30538,3740208
30539,3600756
30540,5153885
30541,5320225
30542,5217157
30543,2263776
30544,2376191
30545,3928997
30546,4154670
30547,2923700
30548,2480432
30549,7431103
30550,2426175
30551,4376566
30552,3767724
30553,4538683
30554,2234582
30555,2672836
30556,2356701
30557,2798326
30558,3140443
30559,3525235
30560,3035711
30561,2275396
30562,2259659
30563,3933766
30564,2383665
30565,8076949
30566,2991444
30567,6747845
30568,6879032
30569,3141825
30570,3700454
30571,6692908
30572,3023477
30573,7120941
30574,3010192
30575,4253338
30576,4050815
30577,2451100
30578,3960160
30579,4172806
30580,2076110
30581,5022799
30582,2615958
30583,2582346
30584,4726559
30585,3893163
30586,7323984
30587,3256318
30588,4398990
30589,3866723
30590,4959111
30591,3316114
30592,2402953
30593,2519344
30594,7144799
30595,2287434
30596,4636769
30597,2776206
30598,2052191
30599,2428579
30600,3581375
30601,2828242
30602,4797335
30603,2623944
30604,3136397
30605,2823966
30606,3115772
30607,7196407
30608,4357860
30609,3649621
30610,3009158
30611,4504217
30612,4295459
30613,3603517
30614,9551287
30615,13494614
30616,2773550
30617,7362057
30618,5266176
30619,3258605
30620,3165796
30621,3511114
30622,2474069
30623,3608016
30624,3554371
30625,2613186
30626,2915670
30627,3569758
30628,2296226
30629,6816559
30630,6665746
30631,4472331
30632,4250278
30633,3097895
30634,5657623
30635,5601609
30636,10039443
30637,2584709
30638,2485724
30639,2770271
30640,2525648
30641,3560846
30642,9033403
30643,3923202
30644,4925755
30645,2686720
30646,2707695
30647,2368667
30648,4653623
30649,2791342
30650,2075834
30651,2247855
30652,2722369
30653,2554069
30654,3181229
30655,3506089
30656,2575818
30657,6192088
30658,2530244
30659,2829096
30660,3043985
30661,3130155
30662,2542243
30663,4686592
30664,2953165
30665,4264660
30666,3278351
30667,3789460
30668,3386118
30669,4511390
30670,3575290
30671,2981891
30672,2913221
30673,2732693
30674,3155991
30675,2305080
30676,2671385
30677,3833833
30678,4343264
30679,7800433
30680,2739242
30681,5997996
30682,2242929
30683,3944989
30684,7229408
30685,3625379
30686,3347447
30687,2555939
30688,3003930
30689,4202507
30690,3109439
30691,4093530
30692,5983646
30693,4177959
30694,3313302
30695,3371203
30696,2378046
30697,3845716
30698,2244040
30699,4446267
30700,4245820
30701,5019109
30702,2381177
30703,5356583
30704,3550924
30705,3348940
30706,3218099
30707,2987271
30708,2431483
30709,2338104
30710,2851501
30711,4843890
30712,3280004
30713,3271061
30714,2406622
30715,2933944
30716,2553777
30717,2186704
30718,2038962
30719,3441834
30720,5476088
30721,7913802
30722,3866637
30723,3932317
30724,7258364
30725,2164553
30726,4512521
30727,4529242
30728,2984999
30729,2201275
30730,4024130
30731,3109284
30732,4659544
30733,3617679
30734,5894948
30735,7321433
30736,7146141
30737,6544136
30738,5001179
30739,2873004
30740,2260438
30741,11049061
30742,3172193
30743,2136028
30744,6028037
30745,3200090
30746,3125244
30747,11900260
30748,5608553
30749,6281550
30750,2845790
30751,2373335
30752,3221311
30753,2327045
30754,3171336
30755,3644490
30756,2214068
30757,2147440
30758,4591276
30759,4899525
30760,2454821
30761,5362325
30762,3608362
30763,3347801
30764,2542660
30765,2455043
30766,10990911
30767,3957035
30768,2074667
30769,2512417
30770,2416710
30771,2571296
30772,2330764
30773,2826583
30774,4088328
30775,3354416
30776,2751249
30777,2487370
30778,2069299
30779,8701404
30780,2902221
30781,4883592
30782,3314953
30783,7626329
30784,3560414
30785,4431902
30786,3485744
30787,3052423
30788,2783771
30789,3156983
30790,4693058
30791,4287015
30792,2544362
30793,5929709
30794,4145551
30795,4855031
30796,10568572
30797,5641322
30798,4393848
30799,4688884
30800,2732765
30801,3339009
30802,6071343
30803,7853282
30804,2805547
30805,4200867
30806,2482039
30807,3715570
30808,2637307
30809,3840133
30810,2951923
30811,3708016
30812,5770442
30813,4367866
30814,2682488
30815,2779522
30816,2588985
30817,3844098
30818,3012431
30819,5483042
30820,2195746
30821,4866569
30822,4369774
30823,4328929
30824,5099649
30825,7340016
30826,2593152
30827,2312217
30828,2363993
30829,4919675
30830,14966308
30831,2524159
30832,2136800
30833,2316400
30834,4467963
30835,4088675
30836,4545739
30837,12153397
30838,2233246
30839,2831343
30840,2425723
30841,6599918
30842,4037041
30843,5374035
30844,2722528
30845,4412693
30846,6343752
30847,4132019
30848,2248089
30849,2829841
30850,2399911
30851,4565890
30852,3658413
30853,4054122
30854,2346546
30855,4640257
30856,2208749
30857,3421520
30858,2269965
30859,2434326
30860,2208607
30861,5218317
30862,4356612
30863,4513201
30864,4520413
30865,2707821
30866,2881480
30867,5416821
30868,4984334
30869,4348314
30870,2542803
30871,2238421
30872,2141546
30873,2379726
30874,2482771
30875,3716572
30876,4659885
30877,4779769
30878,4315860
30879,4700362
30880,2637324
30881,4499935
30882,2556857
30883,5004872
30884,4154290
30885,4360853
30886,4727977
30887,3561327
30888,6770465
30889,3770224
30890,2737402
30891,2444008
30892,3293065
30893,3387553
30894,5089636
30895,2715330
30896,4792041
30897,4767195
30898,2293927
30899,2445082
30900,3624681
30901,3854327
30902,2994787
30903,3373937
30904,3217677
30905,3752154
30906,5636199
30907,7682681
30908,2548336
30909,7629554
30910,5826046
30911,2437475
30912,3056385
30913,2687643
30914,2509846
30915,2662243
30916,2629651
30917,2208898
30918,2590361
30919,2817699
30920,2413309
30921,2535750
30922,3153909
30923,2176206
30924,4401677
30925,5063249
30926,4707631
30927,2153275
30928,3192550
30929,2626860
30930,7447639
30931,2949125
30932,4715926
30933,3543928
30934,3050236
30935,5015104
30936,3438838
30937,3029966
30938,2709659
30939,3594397
30940,2861184
30941,2317826
30942,4276421
30943,6882773
30944,5180800
30945,14249059
30946,9456238
30947,4644795
30948,4017816
30949,2481097
30950,2429285
30951,14788228
30952,2436013
30953,5555855
30954,3434556
30955,4126203
30956,7044160
30957,4236655
30958,2847267
30959,2672228
30960,6780551
30961,6866401
30962,7009573
30963,7806695
30964,3862950
30965,5488005
30966,3294487
30967,3514609
30968,2745144
30969,6326418
30970,3594817
30971,5818504
30972,13570297
30973,4581161
30974,4177938
30975,3601256
30976,3112764
30977,2863748
30978,4244512
30979,6064556
30980,2789453
30981,4776853
30982,5950535
30983,2417773
30984,2306933
30985,4418373
30986,3166415
30987,3159301
30988,2912044
30989,5850869
30990,3010860
30991,2452981
30992,5505657
30993,13119580
30994,3360390
30995,2148542
30996,2938898
30997,2353274
30998,2461707
30999,2611692
31000,6623941
31001,3408127
31002,3330455
31003,3541480
31004,3019162
31005,7398894
31006,3160365
31007,4553203
31008,2687760
31009,2806621
31010,3549522
31011,2371376
31012,3210238
31013,2912657
31014,4435755
31015,2513201
31016,4076697
31017,3107199
31018,2145005
31019,2903729
31020,2712160
31021,3934865
31022,5766227
31023,2547270
31024,3178095
31025,2557751
31026,4946110
31027,4573891
31028,2584450
31029,4715933
31030,4456446
31031,7022946
31032,3211993
31033,4484311
31034,2975611
31035,3171133
31036,4610701
31037,4541370
31038,4688318
31039,5922563
31040,2555755
31041,8155165
31042,3475397
31043,3596986
31044,3606743
31045,2498067
31046,2757412
31047,2394866
31048,5964171
31049,3937013
31050,2187644
31051,4395598
31052,2316812
31053,10093095
31054,2129372
31055,3771238
31056,5436229
31057,2560430
31058,3051280
31059,2135643
31060,2363207
31061,2711860
31062,4396510
31063,2741080
31064,2760608
31065,2305535
31066,7041260
31067,4361812
31068,4220779
31069,4215754
31070,2948631
31071,5215111
31072,2696350
31073,2373312
31074,2235870
31075,2210293
31076,2239627
31077,3541163
31078,2227095
31079,2361923
31080,3105562
31081,3320010
31082,3734326
31083,4788974
31084,3879490
31085,2241966
31086,2448136
31087,3678380
31088,2633605
31089,2819265
31090,12043839
31091,2283021
31092,2143519
31093,2257889
31094,3010802
31095,2609500
31096,2566281
31097,2421757
31098,3612184
31099,2593851
31100,2272654
31101,2479593
31102,4677458
31103,3954246
31104,2424350
31105,2761378
31106,3041106
31107,4099287
31108,2997213
31109,4185347
31110,2513916
31111,8273722
31112,3534168
31113,3855630
31114,2890157
31115,2333251
31116,2477837
31117,4684100
31118,3178865
31119,3478783
31120,3316959
31121,4023983
31122,3036680
31123,2701212
31124,2311167
31125,4555021
31126,2900103
31127,3400162
31128,2767860
31129,2830563
31130,5181798
31131,2733464
31132,3802369
31133,3157289
31134,2661030
31135,2845367
31136,5217435
31137,3114221
31138,2790644
31139,3859075
31140,3639667
31141,2647631
31142,3301652
31143,5752094
31144,4888245
31145,3963723
31146,4770948
31147,2960878
31148,3072862
31149,2460513
31150,5997502
31151,3291509
31152,2773740
31153,2573800
31154,5309218
31155,3849923
31156,3360991
31157,3036259
31158,3476035
31159,2435690
31160,3391969
31161,5182506
31162,3259564
31163,2397346
31164,2332506
31165,2807556
31166,2355665
31167,4168672
31168,3995196
31169,3280171
31170,5597006
31171,3409862
31172,3084002
31173,17365181
31174,3874657
31175,3304705
31176,3975102
31177,2339049
31178,2931538
31179,2145833
31180,2327093
31181,6478578
31182,3895919
31183,2439067
31184,2379455
31185,2282822
31186,2631548
31187,5749490
31188,2992726
31189,2345633
31190,2607717
31191,2495960
31192,2491476
31193,2430319
31194,3045057
31195,6653192
31196,2551816
31197,12198512
31198,2758635
31199,2475525
31200,3778661
31201,2424840
31202,2593079
31203,3916791
31204,2752614
31205,2386840
31206,3958034
31207,6099874
31208,3307968
31209,4032687
31210,2513229
31211,2552263
31212,2675633
31213,16128972
31214,3218535
31215,2320655
31216,3107368
31217,3072388
31218,3586799
31219,2167052
31220,2601398
31221,5712540
31222,3469888
31223,2734035
31224,5740791
31225,2405919
31226,5488023
31227,3227148
31228,2132813
31229,14048283
31230,3427807
31231,5137261
31232,2870242
31233,3624463
31234,5828124
31235,4619498
31236,3164236
31237,3424943
31238,6724833
31239,2835160
31240,2837100
31241,5022523
31242,4103910
31243,5587516
31244,2569010
31245,4844969
31246,5945113
31247,4407275
31248,3562083
31249,8891402
31250,3464181
31251,2682265
31252,3756653
31253,4318765
31254,5170110
31255,6257275
31256,4918308
31257,3930769
31258,4054335
31259,4341157
31260,2229020
31261,4199684
31262,10073649
31263,3932329
31264,6021017
31265,13165155
31266,4760311
31267,2943850
31268,2937285
31269,2380008
31270,4440538
31271,6077098
31272,4103687
31273,4483249
31274,2662711
31275,2774373
31276,3567626
31277,8252153
31278,2661350
31279,2893358
31280,3226164
31281,8529596
31282,5370105
31283,2839763
31284,3451838
31285,2725173
31286,2874788
31287,5832356
31288,3475825
31289,2448073
31290,9137471
31291,6361367
31292,2097625
31293,7259175
31294,4744363
31295,2997035
31296,3641933
31297,3755749
31298,16914907
31299,2378418
31300,4232791
31301,4754129
31302,3619962
31303,9511932
31304,3405438
31305,10728890
31306,2339725
31307,4952758
31308,7438014
31309,5514343
31310,4097587
31311,7941050
31312,3492941
31313,3758012
31314,2300605
31315,3887595
31316,7369959
31317,15474727
31318,2614234
31319,2055556
31320,2292399
31321,2545135
31322,2317061
31323,2732858
31324,3411581
31325,4295741
31326,2437054
31327,3846483
31328,6521757
31329,6201355
31330,5479437
31331,2825052
31332,3988600
31333,2447539
31334,2940807
31335,2483219
31336,3232532
31337,5354350
31338,2430533
31339,2145264
31340,2386501
31341,10311682
31342,4170221
31343,6103127
31344,3665919
31345,2541734
31346,8562695
31347,3760117
31348,3383627
31349,4239180
31350,3484499
31351,8074602
31352,4076515
31353,3960445
31354,4600257
31355,10105642
31356,4578752
31357,2810275
31358,3010363
31359,2585599
31360,2782027
31361,12765096
31362,3877961
31363,2775415
31364,3299384
31365,4123594
31366,2863614
31367,1977301
31368,3881287
31369,4279730
31370,2683046
31371,3496378
31372,2405469
31373,2573383
31374,2435494
31375,3129772
31376,3298501
31377,7290160
31378,5423591
31379,3710241
31380,3423117
31381,3338069
31382,2750918
31383,6163278
31384,5233138
31385,4036103
31386,6337612
31387,10177644
31388,2148448
31389,4366165
31390,10194004
31391,4810201
31392,4999882
31393,5008430
31394,3159218
31395,4131557
31396,3021664
31397,2283220
31398,2247416
31399,1960432
31400,2603839
31401,4982426
31402,3104579
31403,2233824
31404,2615789
31405,4976009
31406,3463081
31407,3515997
31408,6719480
31409,4961773
31410,3182594
31411,4115775
31412,7845514
31413,3362740
31414,5459499
31415,2285333
31416,4319200
31417,4473528
31418,3631787
31419,3208639
31420,2772334
31421,4463325
31422,4237857
31423,2285870
31424,3128944
31425,2942416
31426,4248371
31427,2505866
31428,5744917
31429,2931405
31430,3223319
31431,9508631
31432,3051051
31433,2628588
31434,4719054
31435,2893318
31436,3248497
31437,3568877
31438,3260072
31439,2589920
31440,2904082
31441,3297435
31442,2393676
31443,4165066
31444,6858800
31445,2368931
31446,2645234
31447,4064838
31448,3516511
31449,3878621
31450,2815573
31451,2369006
31452,6205404
31453,2549306
31454,2847575
31455,3724830
31456,4758160
31457,3724571
31458,3429137
31459,3723503
31460,2503564
31461,3013250
31462,2440218
31463,5535422
31464,4083232
31465,4616805
31466,3275452
31467,2269939
31468,2662642
31469,2561598
31470,2649686
31471,3707674
31472,3538385
31473,6624357
31474,2755799
31475,3328957
31476,2969593
31477,3760532
31478,3914453
31479,2667435
31480,2131789
31481,3359258
31482,3129217
31483,2322464
31484,3360868
31485,6077778
31486,2847779
31487,2653540
31488,4280040
31489,3381707
31490,2496326
31491,4663004
31492,2936934
31493,5058452
31494,2874462
31495,1984088
31496,2730974
31497,2716271
31498,3330550
31499,2269627
31500,2466809
31501,2861956
31502,4752559
31503,2945602
31504,2194665
31505,1998537
31506,2229026
31507,2197320
31508,7326761
31509,3259418
31510,2694505
31511,2819497
31512,2548719
31513,2584828
31514,4723255
31515,6020298
31516,3212198
31517,8879364
31518,5145091
31519,2700607
31520,2547800
31521,4793629
31522,2666316
31523,3271325
31524,2940816
31525,3272246
31526,2327861
31527,3077048
31528,4495724
31529,7275141
31530,5559703
31531,2627304
31532,2527422
31533,8598231
31534,2548930
31535,3356408
31536,6007221
31537,4621972
31538,4475876
31539,3302609
31540,2696266
31541,3090445
31542,2550583
31543,2700217
31544,3129958
31545,10897254
31546,3651953
31547,2627258
31548,3807096
31549,3037035
31550,2376012
31551,3775836
31552,4290606
31553,4387537
31554,3767028
31555,3358476
31556,3334584
31557,5141113
31558,5585688
31559,3746786
31560,3713050
31561,4235181
31562,2882006
31563,4347816
31564,2655882
31565,3402022
31566,5704140
31567,2417387
31568,3646097
31569,2907827
31570,2735424
31571,3913205
31572,4232398
31573,3667385
31574,7235156
31575,2316220
31576,6604478
31577,4409186
31578,3493922
31579,2054821
31580,3131443
31581,5121549
31582,2442726
31583,2389104
31584,3267263
31585,7363966
31586,5459399
31587,9650440
31588,4954098
31589,2616551
31590,3673707
31591,2137697
31592,2282177
31593,3352383
31594,3052488
31595,2394952
31596,4370616
31597,4387094
31598,2531779
31599,2204438
31600,15155792
31601,7125225
31602,2924293
31603,5711254
31604,4060072
31605,3337951
31606,5881495
31607,5141093
31608,2688283
31609,2321113
31610,3104891
31611,2435054
31612,2163591
31613,3727835
31614,2714765
31615,2398185
31616,5369757
31617,3640824
31618,4504993
31619,2451002
31620,2971074
31621,6382478
31622,6117130
31623,3594282
31624,2548310
31625,5600511
31626,3223086
31627,5601538
31628,5050167
31629,4393859
31630,4487419
31631,10054182
31632,5427178
31633,4715412
31634,4675013
31635,4164853
31636,3165300
31637,3253219
31638,3256720
31639,2675909
31640,3382919
31641,5877653
31642,3653384
31643,3350720
31644,3730065
31645,2167151
31646,2655645
31647,6655070
31648,5331613
31649,2309350
31650,3054763
31651,5296663
31652,5727646
31653,4441905
31654,3058718
31655,3057484
31656,4280649
31657,10959722
31658,3878178
31659,4422728
31660,2627901
31661,6571079
31662,4437540
31663,4634117
31664,4005649
31665,2746608
31666,2558512
31667,4563855
31668,2600017
31669,2744762
31670,2456366
31671,2864952
31672,3045860
31673,5575350
31674,2455438
31675,5913553
31676,3157427
31677,4276538
31678,2800124
31679,4230796
31680,4117603
31681,3895107
31682,2643156
31683,4220110
31684,3031052
31685,4600888
31686,5533578
31687,2346284
31688,4389943
31689,3924140
31690,2959875
31691,2215244
31692,3278174
31693,6409951
31694,2366898
31695,6462986
31696,5758753
31697,5693166
31698,2354312
31699,3841417
31700,3237775
31701,5231575
31702,3701915
31703,6035254
31704,5137871
31705,3329839
31706,3098541
31707,3398258
31708,2307252
31709,4168823
31710,3374823
31711,3512303
31712,7531237
31713,3685964
31714,2482859
31715,5644563
31716,6444849
31717,4122288
31718,2736968
31719,2007277
31720,3288715
31721,8311393
31722,2699132
31723,2488421
31724,2451189
31725,3168335
31726,2562867
31727,2429368
31728,5292561
31729,6498247
31730,4491380
31731,6199455
31732,7514844
31733,2653471
31734,2616645
31735,2425152
31736,6856659
31737,6219568
31738,3088107
31739,2515978
31740,4014890
31741,6255311
31742,3711222
31743,3741556
31744,3751105
31745,2642052
31746,3221199
31747,2526708
31748,2370323
31749,2781389
31750,2310797
31751,2909392
31752,2784178
31753,3323355
31754,2716372
31755,2656722
31756,2581698
31757,4045331
31758,8678411
31759,4571254
31760,10916058
31761,2568475
31762,4294729
31763,6243425
31764,4358116
31765,2391542
31766,2904361
31767,5056523
31768,3332454
31769,2480694
31770,2539320
31771,2709752
31772,2723275
31773,3131696
31774,3515967
31775,2891812
31776,3005820
31777,2580632
31778,3408493
31779,2110439
31780,5605777
31781,4078054
31782,2460323
31783,2201894
31784,2664942
31785,2902204
31786,2492445
31787,2386034
31788,5613357
31789,4722122
31790,8261238
31791,4329848
31792,2547721
31793,4582443
31794,2585307
31795,2636168
31796,2639184
31797,2709034
31798,2708836
31799,10695902
31800,3359724
31801,5110359
31802,3394634
31803,2805717
31804,3418791
31805,7696156
31806,5608638
31807,3405945
31808,3631847
31809,3106886
31810,2562390
31811,3121064
31812,7912250
31813,2804805
31814,2347331
31815,3432468
31816,5138377
31817,2970175
31818,3346775
31819,3036308
31820,3440605
31821,5234841
31822,2451182
31823,2905170
31824,3146074
31825,3618230
31826,2458949
31827,4705424
31828,3402364
31829,4565358
31830,6189735
31831,3167672
31832,3100111
31833,11578521
31834,3826627
31835,3369444
31836,4450695
31837,2411639
31838,3741499
31839,4612499
31840,4266559
31841,9412190
31842,5854468
31843,3253774
31844,4297182
31845,9856810
31846,3171726
31847,4290344
31848,7255924
31849,5918524
31850,6639414
31851,4776553
31852,5034382
31853,4179184
31854,15908400
31855,3690980
31856,6558920
31857,3947987
31858,2826019
31859,2925652
31860,5322500
31861,3991683
31862,4135004
31863,3677010
31864,6269403
31865,4450411
31866,6991561
31867,3243097
31868,3304244
31869,3155342
31870,3358346
31871,2726001
31872,3322734
31873,2913463
31874,3390432
31875,5708631
31876,7029810
31877,4263722
31878,9584389
31879,2375093
31880,5255218
31881,5490898
31882,3242001
31883,3126699
31884,3847294
31885,3203309
31886,3325015
31887,3651994
31888,6879326
31889,4640366
31890,2467585
31891,7908247
31892,10153224
31893,3180917
31894,2718281
31895,2940420
31896,3304959
31897,7971280
31898,5447396
31899,2296988
31900,2773123
31901,2588012
31902,2935705
31903,3164346
31904,3532018
31905,4033843
31906,2547063
31907,2850211
31908,3621748
31909,2952330
31910,2790382
31911,2465302
31912,6175864
31913,3150403
31914,3455284
31915,2758461
31916,3156492
31917,5523426
31918,7028504
31919,2373861
31920,2587482
31921,6167773
31922,2209856
31923,4317978
31924,2876919
31925,3405877
31926,3377715
31927,4074184
31928,2557633
31929,2637463
31930,2371490
31931,2445216
31932,2726190
31933,4846210
31934,2685841
31935,4702292
31936,2515276
31937,2729045
31938,2994882
31939,2378202
31940,2562451
31941,8426852
31942,3565508
31943,2402304
31944,3764368
31945,4054501
31946,8070223
31947,4978185
31948,6413811
31949,4680114
31950,3655451
31951,3278076
31952,3877892
31953,2716384
31954,3759777
31955,2371466
31956,2997352
31957,4772472
31958,2757130
31959,5301355
31960,3715635
31961,3226715
31962,5392540
31963,4419831
31964,4045766
31965,5970568
31966,10693060
31967,3008758
31968,4194423
31969,3117238
31970,3658124
31971,2796928
31972,3001655
31973,4151552
31974,3105146
31975,1940189
31976,3029953
31977,3794070
31978,3059533
31979,3465415
31980,12492844
31981,3841906
31982,2797723
31983,4371284
31984,3149347
31985,8878949
31986,2498550
31987,2532779
31988,2696345
31989,5279391
31990,3083448
31991,3219348
31992,4275753
31993,4434987
31994,2850494
31995,5337430
31996,4432128
31997,3459776
31998,2970630
31999,3622002
32000,2593312
32001,4906602
32002,2924853
32003,2843857
32004,3112487
32005,2536373
32006,2684888
32007,2172730
32008,3187428
32009,7730867
32010,2592288
32011,3417077
32012,2634926
32013,5200427
32014,3619606
32015,2569345
32016,3034155
32017,2648442
32018,7625133
32019,2270199
32020,3320103
32021,5854960
32022,5597009
32023,2984321
32024,2810602
32025,2932611
32026,4614025
32027,2276998
32028,4708699
32029,6078391
32030,2237038
32031,3073193
32032,3006073
32033,2850855
32034,2548510
32035,3783611
32036,2692727
32037,2172231
32038,16668521
32039,2854963
32040,2982540
32041,2464251
32042,2509013
32043,4678733
32044,3099279
32045,2864422
32046,2482610
32047,2514581
32048,2983073
32049,4753285
32050,4434254
32051,2485525
32052,2748227
32053,4192134
32054,2180348
32055,2649899
32056,2609898
32057,9166586
32058,2402331
32059,2135821
32060,3034857
32061,2567696
32062,4243236
32063,2254043
32064,5416005
32065,3486421
32066,2610141
32067,4440343
32068,2177723
32069,3879675
32070,2165859
32071,6600545
32072,2718122
32073,3332267
32074,2231015
32075,3160294
32076,5659695
32077,9423825
32078,4918780
32079,3639557
32080,2213659
32081,2370379
32082,3253831
32083,2103787
32084,2203830
32085,5083923
32086,3011201
32087,4321831
32088,2996095
32089,7845103
32090,3204510
32091,2907156
32092,2082054
32093,2543427
32094,3753404
32095,2618581
32096,2487277
32097,2997087
32098,2820272
32099,3827089
32100,2824557
32101,3178377
32102,3648848
32103,8658601
32104,3426409
32105,2540895
32106,3967943
32107,4569626
32108,6566027
32109,4629646
32110,2514266
32111,6736660
32112,10875548
32113,6332336
32114,4792604
32115,4276767
32116,2996982
32117,4771218
32118,7558456
32119,5566773
32120,5863353
32121,4073093
32122,4033427
32123,2677290
32124,2490605
32125,2383684
32126,3330792
32127,3896042
32128,2268613
32129,2761140
32130,4229668
32131,2781149
32132,3166667
32133,3405710
32134,4818187
32135,2869568
32136,3727803
32137,3176863
32138,4249830
32139,4079332
32140,3618670
32141,3273006
32142,2924685
32143,2265778
32144,2278184
32145,2257005
32146,7588816
32147,4012367
32148,5289527
32149,5980624
32150,4279368
32151,4251964
32152,2951243
32153,3345062
32154,4116644
32155,3797933
32156,6694808
32157,7191203
32158,4144210
32159,2489933
32160,10231339
32161,3222128
32162,2391506
32163,2864262
32164,5274294
32165,2058255
32166,4292138
32167,1974261
32168,3728384
32169,3646074
32170,3186360
32171,4333328
32172,4086468
32173,2360716
32174,3081746
32175,2422793
32176,2920266
32177,3186216
32178,3951158
32179,2929506
32180,2073085
32181,9369579
32182,3198313
32183,5061707
32184,3357110
32185,2447968
32186,4041841
32187,4346659
32188,4911019
32189,3988089
32190,4066748
32191,3884427
32192,3354605
32193,2675493
32194,3020413
32195,2935100
32196,3027996
32197,2664263
32198,2808704
32199,4752755
32200,2214361
32201,3300741
32202,4946228
32203,4336614
32204,5421200
32205,16880169
32206,4955224
32207,3431532
32208,2509901
32209,2185055
32210,7219536
32211,3755855
32212,2524185
32213,2375804
32214,2884392
32215,2306132
32216,2288004
32217,5145821
32218,2580010
32219,2243618
32220,2458016
32221,6806244
32222,5313191
32223,5766708
32224,6678631
32225,5448573
32226,2460736
32227,2959625
32228,3879341
32229,2889605
32230,2599545
32231,5406281
32232,5580673
32233,2861672
32234,2473480
32235,4120284
32236,5639205
32237,4381432
32238,2382071
32239,2997323
32240,2506782
32241,10063864
32242,3154667
32243,3295003
32244,2815650
32245,2798743
32246,2418281
32247,2801635
32248,2780209
32249,2706989
32250,7013097
32251,2952735
32252,10167231
32253,6622058
32254,7275580
32255,4516851
32256,3580570
32257,2742354
32258,2867605
32259,2366762
32260,2243544
32261,3202951
32262,3976894
32263,4383400
32264,6317999
32265,2498175
32266,2187888
32267,2476399
32268,4385085
32269,3257173
32270,7987121
32271,4203414
32272,4739839
32273,3032326
32274,10605077
32275,2944167
32276,3412091
32277,2673786
32278,3040889
32279,2684937
32280,2344665
32281,2340076
32282,2550243
32283,3405989
32284,2289468
32285,3512650
32286,5802584
32287,6007176
32288,3198005
32289,4663409
32290,3056533
32291,2516542
32292,2678147
32293,3132154
32294,3350401
32295,5753621
32296,3199945
32297,11123450
32298,7573431
32299,2268432
32300,3924448
32301,3562006
32302,2961658
32303,6308835
32304,5415971
32305,2443372
32306,2677278
32307,6165232
32308,3676074
32309,4364436
32310,3218949
32311,2298867
32312,2666254
32313,3832974
32314,2481039
32315,2365896
32316,4245226
32317,4111628
32318,3211151
32319,2608880
32320,2643776
32321,2373435
32322,2531873
32323,2698995
32324,4589233
32325,3564110
32326,2354126
32327,2234238
32328,2972368
32329,4031209
32330,2559652
32331,2964935
32332,3122801
32333,2797556
32334,2770408
32335,2479184
32336,3212770
32337,4855410
32338,3882676
32339,3341568
32340,2757315
32341,3278372
32342,2783062
32343,3193039
32344,3730594
32345,2367669
32346,2851132
32347,2387353
32348,2693055
32349,11969762
32350,2169515
32351,3230790
32352,3101277
32353,2790328
32354,2626832
32355,2411492
32356,2026819
32357,2085298
32358,9769776
32359,3815068
32360,2960495
32361,2358472
32362,2690203
32363,6324218
32364,4218529
32365,3290862
32366,4432040
32367,2106719
32368,2319296
32369,4502630
32370,3045638
32371,2011109
32372,2184145
32373,2503773
32374,2491232
32375,2871098
32376,3861364
32377,4315828
32378,4035145
32379,4611892
32380,3816571
32381,4397666
32382,1988596
32383,2970498
32384,3159809
32385,2854097
32386,2422439
32387,3039997
32388,3680172
32389,4398286
32390,2438493
32391,2109236
32392,2235297
32393,4104325
32394,2563418
32395,1912674
32396,2358217
32397,8385865
32398,3593320
32399,4799384
32400,6018684
32401,2726445
32402,5662309
32403,3981927
32404,2889405
32405,2982962
32406,3006547
32407,2857556
32408,5229278
32409,4959431
32410,2539051
32411,3858801
32412,3215851
32413,2342579
32414,2302090
32415,3961361
32416,3351950
32417,6747613
32418,5267880
32419,3476864
32420,2465644
32421,13198408
32422,3467394
32423,3767826
32424,4612613
32425,4003463
32426,9927120
32427,2520007
32428,3290215
32429,5331696
32430,3216875
32431,3989815
32432,8212396
32433,2056110
32434,6127247
32435,2796954
32436,3890834
32437,3700908
32438,2656203
32439,3357255
32440,3427121
32441,3399204
32442,6340852
32443,13149692
32444,3478418
32445,7477454
32446,4871176
32447,3622639
32448,3172582
32449,2435861
32450,3799601
32451,2752879
32452,4637076
32453,2793466
32454,2379143
32455,4919211
32456,7817924
32457,8369210
32458,2650042
32459,4669532
32460,4186258
32461,3722741
32462,4649135
32463,11423061
32464,3089141
32465,2113307
32466,2563365
32467,2652272
32468,2525241
32469,5177432
32470,3268839
32471,2479991
32472,2646110
32473,4933177
32474,6285383
32475,4879338
32476,4437584
32477,2627113
32478,3403348
32479,2437334
32480,2327902
32481,2760011
32482,2645332
32483,2620944
32484,5480136
32485,2493892
32486,2321602
32487,2936718
32488,5596179
32489,3261576
32490,2865556
32491,2430145
32492,3999867
32493,2810457
32494,4869658
32495,2573914
32496,2676044
32497,3800299
32498,2432931
32499,2425252
32500,2362038
32501,2425098
32502,2456824
32503,2395311
32504,2470805
32505,7280654
32506,3826616
32507,2190779
32508,2230208
32509,2327038
32510,2523646
32511,6131475
32512,2732059
32513,11273295
32514,2837868
32515,2613371
32516,2804790
32517,3251905
32518,3828567
32519,4806065
32520,4389605
32521,2456498
32522,2434423
32523,4651101
32524,5717454
32525,4095501
32526,3089203
32527,4558916
32528,9196751
32529,4377520
32530,4639806
32531,2834300
32532,2563272
32533,7897505
32534,3284529
32535,4770570
32536,2483352
32537,2259980
32538,4607299
32539,2369031
32540,2294257
32541,2861740
32542,2351179
32543,4794762
32544,2858783
32545,2338379
32546,2345629
32547,10337690
32548,2846568
32549,4757534
32550,2728013
32551,2415907
32552,5581132
32553,7004188
32554,4798308
32555,2367163
32556,2357442
32557,8313367
32558,4485034
32559,4642047
32560,2692742
32561,6311027
32562,4618577
32563,3799709
32564,3508113
32565,2523972
32566,4423465
32567,3092122
32568,10358502
32569,3056723
32570,3872620
32571,3045680
32572,4386314
32573,10405724
32574,4086469
32575,4121484
32576,3887368
32577,2928444
32578,3325986
32579,6901290
32580,2370815
32581,3829150
32582,2098626
32583,2815926
32584,2957652
32585,3088858
32586,2628352
32587,2864253
32588,3165496
32589,3208410
32590,2431921
32591,2619136
32592,4426040
32593,7303059
32594,3787045
32595,2769834
32596,2897098
32597,5729996
32598,2648740
32599,7497607
32600,3380999
32601,4618371
32602,3036628
32603,3820863
32604,3150536
32605,2373849
32606,2283054
32607,3106697
32608,2839374
32609,2451007
32610,2703324
32611,2310179
32612,2247243
32613,3050174
32614,2439270
32615,3079978
32616,2358729
32617,2477277
32618,4577755
32619,2345501
32620,2489169
32621,15072333
32622,2769597
32623,2320470
32624,2392788
32625,9837523
32626,2493097
32627,2555319
32628,3107708
32629,4511085
32630,5449748
32631,12001456
32632,4172110
32633,5733587
32634,2596000
32635,3392942
32636,6062451
32637,4679527
32638,2365674
32639,4756076
32640,3189944
32641,3527486
32642,4565675
32643,5263947
32644,3163721
32645,2302365
32646,2695906
32647,2916045
32648,5795101
32649,5898756
32650,5662194
32651,2810064
32652,2992240
32653,2964261
32654,2492248
32655,2544291
32656,3057074
32657,4825062
32658,2860739
32659,11099944
32660,7215345
32661,2328728
32662,3940520
32663,2549785
32664,2712928
32665,4999771
32666,2564542
32667,3174582
32668,3075908
32669,2824714
32670,2563936
32671,4186018
32672,2464122
32673,3576837
32674,2486308
32675,2268888
32676,2738979
32677,4151324
32678,2655731
32679,4793548
32680,5121150
32681,12562844
32682,2653027
32683,2498438
32684,3098796
32685,4590738
32686,5421106
32687,5066323
32688,4372284
32689,2355228
32690,9736020
32691,4152568
32692,2463723
32693,5154126
32694,3691414
32695,5190987
32696,2935954
32697,2464402
32698,2544009
32699,4284162
32700,2909314
32701,5824420
32702,2856581
32703,3915732
32704,3075920
32705,2475532
32706,2438944
32707,2581817
32708,2340850
32709,3529654
32710,5820066
32711,2596310
32712,2802438
32713,2505852
32714,3335346
32715,3325624
32716,3066882
32717,2417824
32718,3214201
32719,3397452
32720,2652568
32721,2902918
32722,2497260
32723,2554750
32724,2727771
32725,2673307
32726,3478245
32727,4736695
32728,2382506
32729,4390373
32730,7353433
32731,3095225
32732,2298318
32733,3459949
32734,4001837
32735,6343376
32736,5461801
32737,4895485
32738,4386018
32739,4271821
32740,5233351
32741,2402065
32742,2830771
32743,2290177
32744,3632253
32745,6942535
32746,2673570
32747,2608017
32748,2715788
32749,3520831
32750,14451097
32751,10673939
32752,16040892
32753,12092392
32754,2628865
32755,2499740
32756,2892407
32757,3861335
32758,3723586
32759,2885266
32760,2881222
32761,4695435
32762,2835864
32763,3072564
32764,12568093
32765,7621719
32766,13907262
32767,2438181
32768,4216812
32769,5889866
32770,2957715
32771,2825121
32772,2799558
32773,2652807
32774,2577116
32775,2127406
32776,7100667
32777,2681211
32778,7080601
32779,3344289
32780,2792847
32781,3383990
32782,3657554
32783,3219652
32784,3753369
32785,3574866
32786,5894746
32787,5119283
32788,2938751
32789,4617115
32790,5067994
32791,3538826
32792,3204356
32793,2850619
32794,2804063
32795,3055929
32796,3054429
32797,3733129
32798,3309546
32799,4576901
32800,3095885
32801,6179259
32802,7333587
32803,3821091
32804,3401738
32805,3822424
32806,3035626
32807,4206895
32808,13566458
32809,14241780
32810,4378885
32811,3443972
32812,2216253
32813,5587918
32814,3456171
32815,2463655
32816,3598986
32817,4236102
32818,6042870
32819,3378537
32820,3799531
32821,5152475
32822,4525801
32823,6464125
32824,2820749
32825,3851889
32826,3650627
32827,6703337
32828,2830357
32829,4166626
32830,4013622
32831,3580861
32832,4261774
32833,4056785
32834,5847427
32835,3416593
32836,5004436
32837,4326854
32838,3032343
32839,5600190
32840,3183464
32841,2872886
32842,5657433
32843,2561374
32844,4450440
32845,3611778
32846,2843452
32847,6086597
32848,2628603
32849,3900694
32850,3214462
32851,5527683
32852,2670457
32853,2759862
32854,2572057
32855,6207743
32856,3105758
32857,5200748
32858,3744288
32859,3354954
32860,4763083
32861,4159972
32862,3808173
32863,2716720
32864,3440377
32865,4306440
32866,3175756
32867,3190187
32868,7679489
32869,5257191
32870,2827516
32871,6547899
32872,6188200
32873,7218705
32874,5501975
32875,5547682
32876,3092804
32877,2434280
32878,3003407
32879,4003991
32880,2393162
32881,2371263
32882,3535969
32883,3341367
32884,2448367
32885,2416826
32886,5399216
32887,3910350
32888,3592817
32889,15253531
32890,4377982
32891,2522572
32892,2490761
32893,3338978
32894,2487646
32895,2430750
32896,2863280
32897,2785446
32898,3641725
32899,3280674
32900,2812846
32901,2572880
32902,2078580
32903,2983756
32904,4730452
32905,14016143
32906,2645508
32907,2279828
32908,4318165
32909,6173585
32910,6162669
32911,2072792
32912,2705958
32913,3615181
32914,3258472
32915,5535393
32916,2516799
32917,2251493
32918,2305429
32919,4746646
32920,4790728
32921,5257213
32922,2351303
32923,2499913
32924,2732621
32925,3527598
32926,2444504
32927,6119991
32928,5287042
32929,4042441
32930,2468619
32931,2469527
32932,4260773
32933,6827610
32934,7191479
32935,4508405
32936,2377808
32937,4632907
32938,3411676
32939,3213119
32940,2921802
32941,4502192
32942,2695678
32943,3006273
32944,3008287
32945,3787037
32946,5582326
32947,3254010
32948,4772192
32949,2377612
32950,2026088
32951,2364756
32952,2106210
32953,3600615
32954,2425499
32955,4166310
32956,2954901
32957,4574888
32958,6911540
32959,6608860
32960,5959411
32961,2562299
32962,2390059
32963,2452703
32964,2882414
32965,2649798
32966,4413585
32967,4975525
32968,2813171
32969,7069782
32970,2757313
32971,2436654
32972,5352485
32973,3425519
32974,3174969
32975,4213311
32976,3875005
32977,4806852
32978,3746433
32979,2830058
32980,5328487
32981,9205924
32982,2402029
32983,2554042
32984,2630318
32985,2690730
32986,2642187
32987,1984989
32988,8253028
32989,3823607
32990,3662663
32991,2100376
32992,2307997
32993,2539801
32994,2769789
32995,3718178
32996,2386132
32997,2241635
32998,2905883
32999,2418802
33000,5110426
33001,8809244
33002,4272894
33003,12836420
33004,3067808
33005,2639914
33006,3850097
33007,4986633
33008,3425557
33009,7764944
33010,3076540
33011,2266669
33012,2478549
33013,2511063
33014,2727089
33015,5056338
33016,4657948
33017,4254106
33018,5892639
33019,4440243
33020,6619731
33021,4026064
33022,2298458
33023,8985742
33024,3973268
33025,3768378
33026,2297285
33027,2303251
33028,6416899
33029,4550728
33030,4267484
33031,4203562
33032,2270990
33033,6178292
33034,2285622
33035,1995342
33036,2945498
33037,2024063
33038,2825244
33039,2256187
33040,2990578
33041,6669308
33042,3088475
33043,3567523
33044,2178654
33045,3508049
33046,3299125
33047,2854201
33048,2685201
33049,3057626
33050,2579889
33051,10775824
33052,5296102
33053,3984868
33054,2447942
33055,2326160
33056,3611190
33057,2396038
33058,3877864
33059,3904855
33060,8001056
33061,2711206
33062,2269257
33063,4093089
33064,6831863
33065,2467119
33066,2599279
33067,2723928
33068,3038183
33069,3370320
33070,6604536
33071,2785623
33072,4178466
33073,2994589
33074,2141179
33075,2987372
33076,2560341
33077,3433282
33078,2886664
33079,2953248
33080,3373279
33081,2987208
33082,2439219
33083,2716262
33084,3384857
33085,2823576
33086,2816157
33087,3300519
33088,10815969
33089,3301973
33090,3127819
33091,7568054
33092,2911617
33093,2395017
33094,3029197
33095,3045518
33096,2734458
33097,3132674
33098,2962466
33099,4484710
33100,3364576
33101,2638692
33102,2357178
33103,7086310
33104,4476092
33105,3265281
33106,7420134
33107,2327963
33108,3382976
33109,2446889
33110,3182226
33111,2572972
33112,2672460
33113,5518948
33114,3697892
33115,2503556
33116,5182158
33117,4512317
33118,2691744
33119,2162256
33120,4917161
33121,5636075
33122,5258187
33123,2988740
33124,5770500
33125,2209047
33126,10710786
33127,2737790
33128,11726134
33129,4845833
33130,2918623
33131,2261367
33132,3586402
33133,4651592
33134,2868830
33135,4885063
33136,3122783
33137,4156211
33138,5469686
33139,2722910
33140,2847855
33141,3383695
33142,3381650
33143,4746730
33144,2906881
33145,5067851
33146,3412089
33147,6467791
33148,2511279
33149,4113808
33150,3950760
33151,2378359
33152,2268183
33153,2104639
33154,2183543
33155,2118610
33156,4826662
33157,2850559
33158,3933059
33159,2348549
33160,2186560
33161,5468306
33162,2881968
33163,5979269
33164,4750153
33165,4352962
33166,2719336
33167,2681167
33168,4094398
33169,4016512
33170,3294063
33171,8976570
33172,3558928
33173,10190707
33174,2728478
33175,2257422
33176,2669922
33177,3202657
33178,2976664
33179,2908765
33180,4610302
33181,2865888
33182,2569081
33183,4129136
33184,2531206
33185,2441247
33186,2669427
33187,2398824
33188,2827092
33189,2555913
33190,2425124
33191,2890453
33192,6208331
33193,4296236
33194,2274519
33195,4423697
33196,5776477
33197,2239503
33198,3265920
33199,2908760
33200,4280833
33201,3173505
33202,2732125
33203,2604709
33204,4302898
33205,4517962
33206,3448442
33207,5124150
33208,2754881
33209,1968046
33210,3223143
33211,4775869
33212,3234700
33213,4438875
33214,3916701
33215,2903238
33216,3023092
33217,6512459
33218,9211232
33219,5510945
33220,5479385
33221,7768145
33222,2706876
33223,2442972
33224,3813262
33225,2261647
33226,3131442
33227,4346016
33228,3414754
33229,4614321
33230,4351794
33231,3872045
33232,7288620
33233,2794396
33234,17574743
33235,4874971
33236,2494644
33237,2930014
33238,2231888
33239,7186209
33240,5982681
33241,12077791
33242,2129596
33243,2724796
33244,3290271
33245,3112713
33246,3373085
33247,7004779
33248,4648541
33249,3173783
33250,2977985
33251,5794271
33252,2395315
33253,7491648
33254,2966057
33255,3087657
33256,2950932
33257,3322345
33258,2432198
33259,4896570
33260,2669349
33261,8284920
33262,4218658
33263,2230493
33264,2946726
33265,2165839
33266,3768873
33267,2352751
33268,4422173
33269,2130466
33270,2385976
33271,2546466
33272,2577378
33273,2795509
33274,4623949
33275,4429532
33276,4786335
33277,3048283
33278,2881031
33279,3476893
33280,3825481
33281,3812846
33282,3845086
33283,2443588
33284,2483505
33285,2159132
33286,3374160
33287,2418404
33288,3620549
33289,2803869
33290,2558614
33291,2347478
33292,2277706
33293,2275925
33294,2413646
33295,2858915
33296,3388182
33297,2670462
33298,2703662
33299,2711423
33300,4137922
33301,4463880
33302,3466197
33303,4709473
33304,4150420
33305,2789659
33306,2391958
33307,2617608
33308,2568561
33309,4462796
33310,2455371
33311,2226073
33312,2316057
33313,7421142
33314,2943550
33315,2917755
33316,4446343
33317,3792125
33318,3061491
33319,4613868
33320,2227927
33321,4531044
33322,3504015
33323,4258585
33324,9340320
33325,5946031
33326,2795808
33327,3183373
33328,5369189
33329,4030365
33330,4353919
33331,3945566
33332,3225448
33333,3036580
33334,3243573
33335,3059224
33336,4384627
33337,17531739
33338,2163661
33339,2816415
33340,6590141
33341,3680302
33342,3631742
33343,3507317
33344,3652703
33345,18593263
33346,10008071
33347,2907475
33348,3024460
33349,5232325
33350,2575915
33351,6668501
33352,2587828
33353,2169328
33354,4836401
33355,2445298
33356,2257524
33357,3600381
33358,3484068
33359,2052129
33360,3192218
33361,5135097
33362,2971386
33363,3785436
33364,3669117
33365,2627504
33366,19674867
33367,2496173
33368,2586630
33369,5179081
33370,3334852
33371,6421707
33372,4413421
33373,19284509
33374,4787880
33375,3114062
33376,5968347
33377,5113134
33378,3219084
33379,2816610
33380,3970626
33381,2476723
33382,5590380
33383,9344254
33384,6042712
33385,4315975
33386,2707279
33387,20687970
33388,4434578
33389,6280157
33390,3033608
33391,7956604
33392,5608330
33393,3768759
33394,2328039
33395,3529822
33396,2573626
33397,2282544
33398,4391596
33399,7910749
33400,2448205
33401,4678680
33402,2462176
33403,2999765
33404,3252171
33405,2595475
33406,4048581
33407,3060616
33408,11456222
33409,15615445
33410,2837512
33411,2613982
33412,2525683
33413,4961073
33414,3113130
33415,6129993
33416,6027807
33417,2880174
33418,2702471
33419,2423144
33420,2412670
33421,2830368
33422,2687164
33423,5186253
33424,7002484
33425,4665519
33426,2246124
33427,2222782
33428,4434337
33429,9425884
33430,2275165
33431,2183403
33432,2209804
33433,5743007
33434,3059985
33435,4329229
33436,3680355
33437,3187366
33438,2969884
33439,2615822
33440,3475297
33441,3803516
33442,3057375
33443,4611588
33444,4071763
33445,4435964
33446,5637454
33447,3694206
33448,2567018
33449,8894204
33450,4731237
33451,3085958
33452,2793379
33453,5087145
33454,3072386
33455,2497865
33456,4007619
33457,2389383
33458,2288973
33459,2310127
33460,2266617
33461,5583868
33462,2135552
33463,5414584
33464,5893971
33465,13381152
33466,6778461
33467,10585860
33468,4474655
33469,3063747
33470,2832355
33471,5978341
33472,4634486
33473,4136156
33474,2770010
33475,3530240
33476,2668877
33477,5177987
33478,4063388
33479,3648144
33480,2381956
33481,2685406
33482,2902943
33483,5299956
33484,3802553
33485,2408141
33486,5106913
33487,4422284
33488,2991149
33489,3545363
33490,3277169
33491,4487238
33492,5929824
33493,3301384
33494,2409047
33495,2226694
33496,2133174
33497,2693340
33498,5518926
33499,5800587
33500,2066792
33501,2658855
33502,2554865
33503,3787379
33504,4657212
33505,4638869
33506,2763678
33507,2759072
33508,4595628
33509,6892132
33510,3130552
33511,2410322
33512,2555686
33513,5171430
33514,2996329
33515,3462847
33516,3323014
33517,2830341
33518,2814625
33519,1993283
33520,2638684
33521,2543682
33522,2954728
33523,4217809
33524,4379782
33525,2420889
33526,2889226
33527,2574644
33528,2503998
33529,2570400
33530,2308508
33531,4038072
33532,3011238
33533,2495929
33534,8119849
33535,3455783
33536,2330004
33537,11953346
33538,2916051
33539,3155884
33540,2552162
33541,3104303
33542,2529514
33543,5863333
33544,2380727
33545,5811044
33546,5270835
33547,3858251
33548,2597240
33549,2473060
33550,2505539
33551,2088443
33552,4065222
33553,2772785
33554,5297877
33555,9854624
33556,10170575
33557,2442963
33558,4350150
33559,5483313
33560,3073726
33561,3256600
33562,2389569
33563,3379429
33564,2859873
33565,13356745
33566,3137931
33567,2511784
33568,2766133
33569,2543117
33570,9928830
33571,2867333
33572,7022745
33573,5623701
33574,5983265
33575,3019666
33576,3484789
33577,6059619
33578,5889781
33579,5641159
33580,13190134
33581,3519552
33582,3143644
33583,4033667
33584,6010300
33585,12038811
33586,3506971
33587,2637235
33588,2638137
33589,2940891
33590,2490197
33591,3444813
33592,2704796
33593,5773599
33594,2766965
33595,2821938
33596,3085279
33597,2578913
33598,2611420
33599,2171901
33600,2205545
33601,3177764
33602,2630929
33603,3012597
33604,4355664
33605,11180015
33606,3889666
33607,4026000
33608,2687081
33609,4191255
33610,2720580
33611,4104883
33612,2968971
33613,2903379
33614,2568705
33615,3087465
33616,2910753
33617,4542932
33618,2846340
33619,2659364
33620,2151839
33621,2846645
33622,2533214
33623,4626322
33624,3305781
33625,14200996
33626,2574246
33627,2495391
33628,3079813
33629,4488993
33630,2082622
33631,4435933
33632,4253123
33633,3109718
33634,5740866
33635,2943957
33636,2384356
33637,2190162
33638,3372572
33639,2444892
33640,2628678
33641,6122324
33642,5952668
33643,4879609
33644,5658559
33645,5224998
33646,3487537
33647,3665474
33648,2518937
33649,10419019
33650,2250635
33651,5351865
33652,2348955
33653,2329192
33654,2696360
33655,3538578
33656,2516051
33657,3532148
33658,5690268
33659,4555007
33660,3001753
33661,4042647
33662,2807108
33663,3448091
33664,2765605
33665,4643394
33666,2915993
33667,2423995
33668,2540942
33669,6375407
33670,4687959
33671,10947059
33672,2251419
33673,2916242
33674,2286283
33675,2034068
33676,3536227
33677,12132833
33678,2398325
33679,4349203
33680,2954270
33681,4791405
33682,2463574
33683,2466060
33684,5307322
33685,5297302
33686,2341226
33687,2530447
33688,3403208
33689,2498607
33690,2405710
33691,2872764
33692,2941257
33693,2523706
33694,7883571
33695,5523861
33696,2833727
33697,12260608
33698,3805598
33699,2012462
33700,4075599
33701,2566559
33702,2463047
33703,2602462
33704,2353250
33705,6741170
33706,2729095
33707,2172018
33708,2643464
33709,2902892
33710,2622028
33711,5550704
33712,3305022
33713,2817774
33714,2706038
33715,4118071
33716,4850380
33717,5160709
33718,2611880
33719,4095603
33720,2716482
33721,11819424
33722,4047104
33723,5256373
33724,2802217
33725,4667192
33726,3980937
33727,3232670
33728,3024215
33729,2792045
33730,2318791
33731,8999743
33732,3057027
33733,7269503
33734,5258090
33735,2745942
33736,4138810
33737,3206403
33738,8231363
33739,4672213
33740,6499659
33741,4828504
33742,3261941
33743,2236501
33744,5042117
33745,15987473
33746,8330865
33747,3237235
33748,3064560
33749,3567455
33750,2687034
33751,2591679
33752,3275369
33753,2455101
33754,3312693
33755,2301934
33756,2672997
33757,3219408
33758,3003099
33759,2552017
33760,2689247
33761,2449945
33762,2451413
33763,2496315
33764,2540047
33765,17689153
33766,2742060
33767,2688263
33768,2436301
33769,5617627
33770,3203939
33771,2529244
33772,5062276
33773,3322433
33774,2932112
33775,9772764
33776,2638456
33777,2385630
33778,2867743
33779,2156139
33780,2373855
33781,4481680
33782,2354726
33783,11657363
33784,3377677
33785,8540220
33786,10572118
33787,2395093
33788,13451920
33789,5074998
33790,2077621
33791,2444639
33792,2404403
33793,3034830
33794,2198570
33795,3995688
33796,2906990
33797,3757292
33798,6620311
33799,6537317
33800,4595238
33801,4954833
33802,2764968
33803,3415688
33804,6359229
33805,3153196
33806,3065998
33807,3029571
33808,5669928
33809,15127504
33810,3456337
33811,2528783
33812,2576876
33813,2590847
33814,2900214
33815,2391239
33816,2245768
33817,5997616
33818,5714423
33819,4532067
33820,2826267
33821,3013610
33822,2947295
33823,4390234
33824,3484395
33825,13427978
33826,2411114
33827,3283710
33828,2829738
33829,4144046
33830,2968029
33831,3221737
33832,2947693
33833,4000140
33834,2629556
33835,3481843
33836,4651218
33837,6792086
33838,3003293
33839,2197127
33840,3733358
33841,4655341
33842,4652411
33843,4544252
33844,4456575
33845,10768991
33846,6321194
33847,2391607
33848,5179706
33849,5823058
33850,5281242
33851,3143586
33852,2459772
33853,4170578
33854,4600189
33855,6432800
33856,5502429
33857,4547835
33858,2871395
33859,4535428
33860,2889552
33861,2529416
33862,3175618
33863,3172364
33864,6382861
33865,12035304
33866,3343980
33867,2564486
33868,2685992
33869,2508472
33870,3467146
33871,3167611
33872,7586063
33873,6297303
33874,3016221
33875,2999812
33876,3131091
33877,3328419
33878,4509018
33879,3345666
33880,2868195
33881,6664441
33882,4148088
33883,8102130
33884,7385977
33885,4818984
33886,4722720
33887,3335705
33888,4169642
33889,2991677
33890,5925303
33891,2634811
33892,2304819
33893,2379870
33894,3281715
33895,4473993
33896,5067966
33897,4490279
33898,7866673
33899,4553829
33900,6489094
33901,2939384
33902,2737839
33903,2319114
33904,2532435
33905,3125248
33906,2479191
33907,2765749
33908,4641192
33909,5186402
33910,6960954
33911,5030686
33912,3887888
33913,8635837
33914,2705536
33915,8186275
33916,4417965
33917,4313602
33918,2597063
33919,4492433
33920,3178000
33921,4622140
33922,2729692
33923,5044284
33924,4506874
33925,6120825
33926,4442324
33927,7431933
33928,7872322
33929,2769779
33930,2601458
33931,3250699
33932,2320003
33933,10951349
33934,2994741
33935,3752900
33936,2860953
33937,4805086
33938,4537635
33939,3019567
33940,4585165
33941,3839956
33942,4476258
33943,3922103
33944,2196197
33945,3100269
33946,4609260
33947,6137730
33948,2274535
33949,2531965
33950,4497596
33951,4385313
33952,2589328
33953,4205199
33954,2751466
33955,4878984
33956,2825506
33957,4459432
33958,2316619
33959,2558404
33960,4924475
33961,4976163
33962,5534814
33963,2417990
33964,2507940
33965,4439016
33966,2436493
33967,3012069
33968,4277460
33969,4706456
33970,2640419
33971,2840095
33972,2473572
33973,3311713
33974,2290822
33975,10799335
33976,2567454
33977,11248545
33978,3484180
33979,4170188
33980,4416751
33981,2434315
33982,3097564
33983,4440163
33984,3199522
33985,2170217
33986,3543317
33987,2511404
33988,3795797
33989,4884867
33990,2511396
33991,5058244
33992,2738067
33993,3315184
33994,2157932
33995,4118888
33996,2674758
33997,3759805
33998,5825953
33999,3959749
34000,2033425
34001,2773824
34002,2408787
34003,2688494
34004,4571774
34005,3678407
34006,3181810
34007,2778674
34008,3538818
34009,2365831
34010,3431134
34011,3826898
34012,5301668
34013,4069259
34014,6495720
34015,5422554
34016,3254108
34017,2814879
34018,2896141
34019,2908768
34020,2834114
34021,3870458
34022,5087176
34023,5594922
34024,4695073
34025,2451880
34026,2663280
34027,5494356
34028,5536232
34029,6683828
34030,3261926
34031,3009039
34032,4827841
34033,2605971
34034,6170487
34035,5485476
34036,5220693
34037,2552565
34038,3834892
34039,5313504
34040,6326818
34041,2566034
34042,2917234
34043,4522592
34044,3142412
34045,2325421
34046,2336046
34047,7510212
34048,2779590
34049,15455015
34050,4765842
34051,2982293
34052,4664983
34053,4616632
34054,4314530
34055,2456665
34056,2728564
34057,4239021
34058,2278318
34059,3396967
34060,9082065
34061,4061979
34062,4472898
34063,5651318
34064,4831188
34065,3441422
34066,2550110
34067,4739799
34068,5124720
34069,4311935
34070,2620506
34071,2469340
34072,5299503
34073,3830492
34074,6653435
34075,2261079
34076,6414694
34077,3168034
34078,2988117
34079,3994771
34080,3912649
34081,2337889
34082,3033484
34083,9146520
34084,8107859
34085,7119498
34086,4326096
34087,6304609
34088,3290829
34089,11264585
34090,4963112
34091,4135427
34092,5301627
34093,6309316
34094,2802238
34095,3586177
34096,3134695
34097,5106988
34098,4270057
34099,4231590
34100,6117053
34101,5325417
34102,3415575
34103,4961483
34104,7603644
34105,2370595
34106,4527782
34107,17506056
34108,5015565
34109,4495795
34110,2740919
34111,2907243
34112,2903520
34113,2904634
34114,3164595
34115,3050204
34116,7246842
34117,4991723
34118,3297040
34119,6352789
34120,5864602
34121,4493454
34122,6485376
34123,5727640
34124,2888918
34125,5692324
34126,3045723
34127,8348943
34128,3851599
34129,4837730
34130,4206257
34131,3229349
34132,2874870
34133,3128670
34134,3116816
34135,2787056
34136,3731595
34137,2170673
34138,3526736
34139,3616550
34140,5904906
34141,7263226
34142,3463634
34143,4707170
34144,4914205
34145,11213053
34146,3869550
34147,6778745
34148,2883069
34149,4778327
34150,2701950
34151,2608215
34152,4196160
34153,2311781
34154,4122252
34155,2805318
34156,2876498
34157,3521561
34158,4015921
34159,3749193
34160,2809761
34161,10476444
34162,8033619
34163,5318098
34164,4066226
34165,10675114
34166,2518487
34167,4685116
34168,2860327
34169,2446092
34170,4536897
34171,2559016
34172,2343331
34173,4436023
34174,2469430
34175,5157446
34176,2511707
34177,3072871
34178,2749744
34179,7070212
34180,2209516
34181,17409793
34182,3022165
34183,3361677
34184,6415734
34185,3172103
34186,2268451
34187,3489554
34188,2623057
34189,2821252
34190,8867273
34191,3114091
34192,2504746
34193,2667953
34194,3587009
34195,2574591
34196,2456056
34197,15626429
34198,2887951
34199,3375976
34200,3155431
34201,4197720
34202,2758437
34203,4759983
34204,4585276
34205,3700563
34206,11627584
34207,3882910
34208,5632492
34209,3315495
34210,2841959
34211,7781372
34212,7509920
34213,5035639
34214,5800214
34215,7143336
34216,5485180
34217,3404742
34218,3132978
34219,3243296
34220,3043692
34221,9963269
34222,3722019
34223,7238255
34224,4915706
34225,6671451
34226,3053423
34227,6507256
34228,3504707
34229,3099196
34230,2769989
34231,3394141
34232,3154701
34233,4488407
34234,7093718
34235,5487520
34236,3173339
34237,14303024
34238,2610877
34239,2493003
34240,4256759
34241,2708924
34242,3253011
34243,3179668
34244,1904906
34245,5620246
34246,3329874
34247,4729220
34248,6698487
34249,9763298
34250,3039148
34251,2437879
34252,6899926
34253,5886766
34254,2937103
34255,10401321
34256,8101440
34257,19404397
34258,2985845
34259,4294626
34260,2781901
34261,4217990
34262,3123149
34263,4576908
34264,3975092
34265,8858164
34266,2567573
34267,2468269
34268,4843302
34269,6041809
34270,3802393
34271,2161418
34272,3731143
34273,2947974
34274,5719751
34275,5893648
34276,2521763
34277,3361636
34278,3638104
34279,5653164
34280,3261597
34281,2532940
34282,4307478
34283,8794905
34284,2805640
34285,3951180
34286,2394677
34287,8528398
34288,5018609
34289,6577563
34290,9151817
34291,6896881
34292,2601965
34293,4717565
34294,2469406
34295,2129308
34296,2307550
34297,2711030
34298,2971010
34299,4518920
34300,4646705
34301,6271395
34302,4502618
34303,3966578
34304,3385482
34305,8397547
34306,4337005
34307,5488465
34308,3027832
34309,3351892
34310,2161985
34311,11618464
34312,4514636
34313,3954757
34314,2739563
34315,2806993
34316,3127681
34317,2195594
34318,2524530
34319,2711599
34320,3792687
34321,13555001
34322,2675707
34323,5034517
34324,5445870
34325,10079166
34326,5902270
34327,7572226
34328,3486827
34329,3208327
34330,3119515
34331,3101622
34332,5994769
34333,2287885
34334,2305326
34335,2056755
34336,2275684
34337,4474565
34338,2284136
34339,2520352
34340,2631027
34341,2932102
34342,3059460
34343,3557372
34344,3261897
34345,2573526
34346,3487677
34347,3359217
34348,3516939
34349,6945498
34350,4585634
34351,7431586
34352,3193295
34353,14743845
34354,4528516
34355,3488150
34356,4601918
34357,5328062
34358,3137290
34359,4925512
34360,2919471
34361,2482528
34362,4974514
34363,3273668
34364,4141232
34365,5740129
34366,2895058
34367,2468430
34368,2999083
34369,7457151
34370,4884743
34371,2664767
34372,2139662
34373,2796461
34374,7175416
34375,3365107
34376,6883855
34377,2965011
34378,5657116
34379,7153668
34380,4232325
34381,3872571
34382,3426787
34383,7167919
34384,2884232
34385,6988264
34386,4014255
34387,4289550
34388,3279930
34389,7329637
34390,3170278
34391,2245036
34392,2598243
34393,3606002
34394,2540246
34395,6433509
34396,2684276
34397,2648715
34398,5939248
34399,7248012
34400,5471215
34401,3992602
34402,2704089
34403,2631016
34404,3301878
34405,2214417
34406,4661704
34407,2534823
34408,2444560
34409,2976974
34410,3725813
34411,3896116
34412,3634193
34413,3780906
34414,3224165
34415,3035966
34416,3006892
34417,2123269
34418,2406894
34419,2338581
34420,2395273
34421,5855946
34422,3309712
34423,3506314
34424,4778776
34425,15562794
34426,3031109
34427,2089353
34428,4495611
34429,2643382
34430,2138720
34431,2345053
34432,2765943
34433,2337615
34434,2241550
34435,2153274
34436,3627590
34437,3067309
34438,2445231
34439,2433394
34440,2467388
34441,2222609
34442,3237389
34443,3412609
34444,7058019
34445,2555107
34446,3140986
34447,2901786
34448,2356491
34449,2571471
34450,2505770
34451,4685419
34452,2269640
34453,2565290
34454,2944621
34455,4377456
34456,3319597
34457,4490426
34458,3755827
34459,11191225
34460,2525312
34461,3418896
34462,5722616
34463,3163292
34464,5179281
34465,4430462
34466,4451422
34467,2700323
34468,3730928
34469,2777791
34470,6504599
34471,6088786
34472,2813291
34473,2956323
34474,2889322
34475,3354619
34476,3789133
34477,3689767
34478,4160685
34479,4840631
34480,2979777
34481,4440141
34482,3121066
34483,2753602
34484,3291698
34485,2908663
34486,2941969
34487,3476270
34488,2230058
34489,2177577
34490,2738447
34491,2776956
34492,2960354
34493,4375738
34494,3364855
34495,3809772
34496,3599476
34497,2817941
34498,2468326
34499,5662519
34500,12230052
34501,6476930
34502,10366138
34503,11180512
34504,3728872
34505,2629102
34506,22364426
34507,4285362
34508,6543355
34509,2533749
34510,4782252
34511,12360214
34512,2609989
34513,2453387
34514,7171866
34515,5519110
34516,5969386
34517,3260105
34518,3323860
34519,2835559
34520,3332517
34521,11838027
34522,3291888
34523,3756707
34524,6316668
34525,4319704
34526,4975292
34527,6738911
34528,5301902
34529,4039485
34530,2811025
34531,3081327
34532,3097138
34533,2765889
34534,4576524
34535,2045294
34536,2785048
34537,5192030
34538,2957226
34539,3154960
34540,5896626
34541,4997967
34542,9060480
34543,4368474
34544,2218403
34545,2331223
34546,2148335
34547,2339037
34548,2380666
34549,4026241
34550,3250021
34551,4606010
34552,2505657
34553,3112307
34554,2837875
34555,7606139
34556,2956071
34557,6891918
34558,2036256
34559,2375988
34560,2921928
34561,4118887
34562,2456679
34563,7432787
34564,3568275
34565,6180273
34566,2115460
34567,2261268
34568,2834538
34569,3454601
34570,3650828
34571,3163407
34572,4745365
34573,3109493
34574,2325281
34575,4112276
34576,2511131
34577,2703595
34578,2595836
34579,4671794
34580,5102023
34581,4059603
34582,4987483
34583,2848964
34584,5839076
34585,2280499
34586,4482368
34587,3501978
34588,4308173
34589,4310737
34590,4705756
34591,3889943
34592,2977120
34593,2397671
34594,2529812
34595,2555020
34596,5234980
34597,4329542
34598,4425260
34599,6084840
34600,5142732
34601,4703410
34602,2430721
34603,5250819
34604,2328435
34605,2508348
34606,2068974
34607,3278645
34608,2805782
34609,13743538
34610,4860620
34611,4511653
34612,2855889
34613,7394165
34614,6598308
34615,3896060
34616,3060825
34617,2618968
34618,2323066
34619,7783850
34620,5155568
34621,2291114
34622,5568736
34623,4637728
34624,3633036
34625,3207018
34626,15821686
34627,5196767
34628,5518807
34629,3820494
34630,2344435
34631,5148524
34632,8696804
34633,3483206
34634,3814249
34635,6506959
34636,4212341
34637,3051383
34638,2416979
34639,3479496
34640,5540356
34641,2317976
34642,4242368
34643,7008869
34644,4375543
34645,3531134
34646,2489914
34647,15538210
34648,5724235
34649,5351866
34650,3095048
34651,4676001
34652,2656234
34653,2575066
34654,2467269
34655,6768142
34656,2894277
34657,3242546
34658,2585516
34659,2765020
34660,2457973
34661,2480073
34662,3129845
34663,3131284
34664,6446350
34665,2794854
34666,3053874
34667,5129529
34668,12618656
34669,2799037
34670,3075846
34671,4010843
34672,2537283
34673,2263241
34674,2351938
34675,2471750
34676,3571326
34677,3196228
34678,2475092
34679,2497057
34680,2217002
34681,2252713
34682,3197173
34683,3354109
34684,3440464
34685,4460548
34686,2144867
34687,2283110
34688,4683144
34689,16926647
34690,2732357
34691,2374558
34692,11683443
34693,3241642
34694,3095631
34695,3082898
34696,6387425
34697,4910760
34698,2359327
34699,3900986
34700,5596504
34701,4482791
34702,3057332
34703,3294978
34704,5471964
34705,2725519
34706,4835786
34707,2440057
34708,2785686
34709,13146090
34710,7189940
34711,5910992
34712,4542712
34713,5968201
34714,2876976
34715,3272851
34716,2692054
34717,2633630
34718,4345339
34719,2594740
34720,2912961
34721,2232121
34722,2316773
34723,3096734
34724,2566751
34725,2289557
34726,2496046
34727,2453543
34728,3267908
34729,2491337
34730,2400024
34731,2601336
34732,2894373
34733,5154196
34734,8146333
34735,2250390
34736,2912924
34737,2657851
34738,2238501
34739,3151098
34740,2202492
34741,9942862
34742,3750028
34743,3825734
34744,2807488
34745,2952814
34746,3956693
34747,5821768
34748,4656005
34749,4020184
34750,2834754
34751,3200156
34752,3485142
34753,2543470
34754,2615043
34755,2190658
34756,3002649
34757,6221738
34758,2844324
34759,3234732
34760,3573582
34761,2578719
34762,3081015
34763,3230322
34764,2838994
34765,4915758
34766,3224030
34767,5594927
34768,3024674
34769,12685358
34770,3444015
34771,2567549
34772,3582754
34773,3231443
34774,7768808
34775,2167130
34776,2277840
34777,2450216
34778,5090760
34779,4668172
34780,3901391
34781,5545647
34782,7947612
34783,2423022
34784,5637503
34785,8082749
34786,4472773
34787,4384807
34788,5231810
34789,3093339
34790,4646879
34791,2996713
34792,3466070
34793,2773478
34794,3072305
34795,5239980
34796,3100510
34797,3157331
34798,3430958
34799,3817197
34800,2518513
34801,9995197
34802,2607958
34803,6755129
34804,3036436
34805,16394191
34806,3516179
34807,3819530
34808,2836761
34809,5147048
34810,3046826
34811,2951670
34812,4621081
34813,3086836
34814,4201816
34815,3243047
34816,7531561
34817,3165866
34818,2995564
34819,2306335
34820,2879446
34821,3727516
34822,3568169
34823,6805091
34824,3222293
34825,2338447
34826,2260972
34827,2329164
34828,2804422
34829,9101655
34830,3722049
34831,4986170
34832,6005272
34833,3120287
34834,3942016
34835,5524494
34836,5279428
34837,6604413
34838,4692851
34839,2217165
34840,4579779
34841,7767024
34842,2893246
34843,3001801
34844,4338270
34845,2746359
34846,3509160
34847,3554547
34848,8223110
34849,17869743
34850,3132479
34851,2453838
34852,3429362
34853,4350860
34854,2380649
34855,2336793
34856,5370962
34857,19172205
34858,3410912
34859,7719117
34860,5588030
34861,7380360
34862,2490184
34863,2789285
34864,4215864
34865,4474193
34866,3184257
34867,5558521
34868,5629674
34869,5333722
34870,4812333
34871,4439308
34872,7698294
34873,8747223
34874,8289328
34875,4281540
34876,2497925
34877,2926948
34878,6386049
34879,4278048
34880,7040199
34881,4102910
34882,6286997
34883,2802059
34884,2347073
34885,2281564
34886,2945255
34887,6087449
34888,3899333
34889,5515356
34890,3022717
34891,2773095
34892,2482277
34893,6348708
34894,2059325
34895,6438173
34896,5080678
34897,4266847
34898,2847978
34899,4866156
34900,1993791
34901,2303803
34902,4267965
34903,3387555
34904,3902953
34905,4825871
34906,4000184
34907,3402195
34908,3132597
34909,2403806
34910,4616157
34911,3654063
34912,2985326
34913,2914582
34914,2869036
34915,2918233
34916,3359752
34917,3152109
34918,3595745
34919,4457827
34920,6515214
34921,13594850
34922,2381353
34923,2767407
34924,2605086
34925,2547702
34926,2271500
34927,2833011
34928,2300279
34929,5078020
34930,4396029
34931,2468316
34932,2341722
34933,10262982
34934,5245394
34935,3035975
34936,2319126
34937,2830875
34938,2255506
34939,2167227
34940,2338307
34941,3068307
34942,2786745
34943,3166123
34944,3792858
34945,5599613
34946,3304072
34947,5751273
34948,4218771
34949,4336686
34950,3034837
34951,2467783
34952,4511699
34953,4448205
34954,2531383
34955,2179091
34956,2526480
34957,4785129
34958,2390575
34959,2180345
34960,3202891
34961,3345069
34962,3492046
34963,2459016
34964,2920798
34965,2929995
34966,3766623
34967,2539355
34968,3509816
34969,2250981
34970,2752436
34971,4337681
34972,2817367
34973,4461663
34974,2512957
34975,3828821
34976,2184918
34977,4187603
34978,2744048
34979,2294801
34980,2534258
34981,3103318
34982,2269771
34983,8132728
34984,2770758
34985,2350044
34986,2339661
34987,2169074
34988,2474838
34989,2402946
34990,4790367
34991,4035997
34992,3675841
34993,4474659
34994,2761798
34995,2764898
34996,4041326
34997,2222946
34998,2249398
34999,2370399
35000,2314020
35001,6997975
35002,2715464
35003,2485357
35004,3631489
35005,2483595
35006,2204367
35007,7161157
35008,4663468
35009,4953173
35010,4885724
35011,4458829
35012,5442075
35013,12892548
35014,2294901
35015,3269807
35016,2466781
35017,2593076
35018,2635299
35019,4848439
35020,5736452
35021,4677744
35022,2559388
35023,2008152
35024,3911215
35025,6818398
35026,6839778
35027,4901412
35028,2405215
35029,4924398
35030,8621692
35031,4858449
35032,5291880
35033,2775562
35034,2900431
35035,2698468
35036,4349342
35037,6332423
35038,5513629
35039,5624293
35040,2562071
35041,4226002
35042,3772590
35043,3059789
35044,2801461
35045,3092390
35046,4006328
35047,4180975
35048,2850242
35049,2489202
35050,3481232
35051,2084835
35052,2182900
35053,2642456
35054,2856170
35055,4937802
35056,4595168
35057,4283495
35058,4700714
35059,3735473
35060,2278350
35061,2658615
35062,2451829
35063,2683009
35064,2799603
35065,4724990
35066,2491957
35067,4274512
35068,6628684
35069,6654954
35070,3382870
35071,2112840
35072,2842073
35073,2399130
35074,2422627
35075,3703940
35076,2598236
35077,2357893
35078,2947942
35079,5841384
35080,2877738
35081,4325269
35082,5604645
35083,2836871
35084,3393560
35085,8262740
35086,2636692
35087,5101271
35088,4244008
35089,2632795
35090,3457488
35091,5775375
35092,3154949
35093,2725106
35094,3105326
35095,2673764
35096,1975914
35097,4091828
35098,2486141
35099,2460998
35100,3020066
35101,3109971
35102,2917494
35103,2858623
35104,3905024
35105,2649374
35106,2811553
35107,2634926
35108,3015093
35109,2582310
35110,6381978
35111,3164079
35112,2316749
35113,2362210
35114,2356757
35115,3132483
35116,2819006
35117,2486623
35118,3054141
35119,3000574
35120,3105566
35121,4853771
35122,2372652
35123,3029719
35124,3451424
35125,14659709
35126,2710597
35127,3361765
35128,2309681
35129,3482868
35130,4101197
35131,3127364
35132,2692647
35133,3012819
35134,3707330
35135,2604841
35136,3346716
35137,5071622
35138,3767404
35139,3350432
35140,3577570
35141,8041931
35142,2645300
35143,2456177
35144,3159751
35145,4458653
35146,2606205
35147,6274109
35148,2640686
35149,3801679
35150,6861934
35151,8239335
35152,3395139
35153,3190473
35154,2781603
35155,2567526
35156,2618946
35157,3116950
35158,3083245
35159,2406007
35160,2231167
35161,2987522
35162,2540353
35163,3287386
35164,3718044
35165,9223540
35166,3047603
35167,3048332
35168,2927913
35169,6581349
35170,3089862
35171,2313277
35172,3823167
35173,2503495
35174,2576653
35175,2643449
35176,2483172
35177,2824149
35178,2501747
35179,5682012
35180,2800694
35181,3977038
35182,3193387
35183,11734648
35184,6566362
35185,8540627
35186,2505540
35187,5649996
35188,2711578
35189,2940209
35190,2338905
35191,4567474
35192,2054193
35193,5443638
35194,2608049
35195,9317481
35196,3558298
35197,2235332
35198,4427970
35199,6513620
35200,4446904
35201,7078839
35202,2701194
35203,2856445
35204,2619321
35205,4661350
35206,7469872
35207,3602318
35208,2514602
35209,3187648
35210,3475426
35211,3964603
35212,2792216
35213,8639808
35214,2959787
35215,6315827
35216,2918912
35217,2726060
35218,2793466
35219,3147707
35220,3194517
35221,3986606
35222,7407643
35223,2992806
35224,3849682
35225,6263895
35226,3827441
35227,4436830
35228,3042232
35229,3902456
35230,2992161
35231,3115296
35232,2946027
35233,2845327
35234,3347376
35235,4384708
35236,5457446
35237,5859864
35238,7115562
35239,4171990
35240,4747449
35241,6774536
35242,2353378
35243,3011013
35244,3077408
35245,3312078
35246,3996393
35247,3286362
35248,3826304
35249,2590579
35250,4241795
35251,4180874
35252,3074210
35253,3769142
35254,3456139
35255,10340490
35256,2427737
35257,5252659
35258,2267414
35259,2303330
35260,5004886
35261,3595001
35262,5423152
35263,4962538
35264,4165673
35265,3087698
35266,2808956
35267,2556479
35268,2561133
35269,3897627
35270,2156519
35271,2637647
35272,3582603
35273,4637209
35274,3689880
35275,2495114
35276,3442695
35277,2717318
35278,5897067
35279,4005403
35280,2277818
35281,3303503
35282,6960548
35283,4179978
35284,3179744
35285,13300946
35286,2765192
35287,4474098
35288,2264151
35289,5016393
35290,5381017
35291,5374542
35292,9572118
35293,2814645
35294,9100118
35295,5945030
35296,2353410
35297,2686192
35298,4748305
35299,5126777
35300,2706496
35301,2705023
35302,2719054
35303,3644107
35304,3502145
35305,2352276
35306,7649568
35307,3236449
35308,2346430
35309,8498725
35310,2663637
35311,3060476
35312,2631266
35313,3249560
35314,2241004
35315,2107734
35316,2278844
35317,2085959
35318,2570575
35319,2595370
35320,6052460
35321,2439558
35322,2396957
35323,4892997
35324,2482550
35325,2402678
35326,2513598
35327,2766313
35328,3551933
35329,2619436
35330,4832892
35331,19198187
35332,2891484
35333,2651252
35334,3786738
35335,3804929
35336,3668622
35337,3968932
35338,3258824
35339,4747442
35340,3062755
35341,2593630
35342,3097464
35343,3471682
35344,3899229
35345,13789631
35346,3949535
35347,3594930
35348,6475939
35349,6547381
35350,5088578
35351,4562718
35352,7706815
35353,4552736
35354,3709058
35355,3466105
35356,3106438
35357,2473039
35358,2890790
35359,2667032
35360,2384355
35361,17971223
35362,2060121
35363,4131804
35364,3090404
35365,5193457
35366,4994917
35367,5922180
35368,2801629
35369,2610521
35370,4743822
35371,4554309
35372,2651833
35373,2372407
35374,3980993
35375,4393458
35376,4776289
35377,3810183
35378,5417782
35379,2390702
35380,2569103
35381,2948944
35382,3773969
35383,2532130
35384,4659023
35385,4210103
35386,4683590
35387,4416404
35388,2169707
35389,16069861
35390,5800204
35391,6637100
35392,3548553
35393,2315539
35394,2011668
35395,3654945
35396,2843130
35397,2462984
35398,2828893
35399,3713532
35400,6686588
35401,4846002
35402,6144797
35403,2887554
35404,2709259
35405,7207938
35406,3945800
35407,9299499
35408,2667494
35409,2311931
35410,6762426
35411,5090403
35412,2841705
35413,10324442
35414,2595321
35415,4638772
35416,3012240
35417,3915202
35418,2243235
35419,2417199
35420,2451204
35421,3413633
35422,2880340
35423,4333700
35424,4980245
35425,3565686
35426,4532424
35427,3797034
35428,6029570
35429,3501538
35430,6635826
35431,3025772
35432,3285329
35433,4983268
35434,3026149
35435,2815132
35436,9889892
35437,3477792
35438,3348096
35439,2932864
35440,3611304
35441,13447550
35442,3448476
35443,2751579
35444,2514043
35445,2744173
35446,2443303
35447,2430857
35448,3353863
35449,3629227
35450,3075138
35451,4063567
35452,2321233
35453,2513390
35454,2401215
35455,2432033
35456,3569057
35457,9271644
35458,3131406
35459,4046390
35460,2950256
35461,15174626
35462,2903790
35463,2827479
35464,5603295
35465,4705136
35466,3374490
35467,6905946
35468,2829219
35469,2794686
35470,2398628
35471,2720714
35472,2727730
35473,2894741
35474,2809070
35475,4923031
35476,2939980
35477,14707787
35478,2319424
35479,4742468
35480,6193115
35481,2851841
35482,2116420
35483,4768274
35484,4889879
35485,2546998
35486,3882789
35487,5232226
35488,2920302
35489,2579125
35490,2714816
35491,5008857
35492,2857013
35493,12202055
35494,2530599
35495,3467139
35496,2548257
35497,5493218
35498,2643085
35499,4485493
35500,3035478
35501,3803391
35502,2992963
35503,3368311
35504,2395297
35505,2303887
35506,4380517
35507,2268000
35508,4987043
35509,3091827
35510,5538784
35511,3084377
35512,2374717
35513,3465298
35514,3066073
35515,2606434
35516,4241421
35517,2888257
35518,2802053
35519,2969554
35520,5626294
35521,2485953
35522,2909983
35523,2547916
35524,2417768
35525,2489816
35526,2898922
35527,2957139
35528,2892575
35529,9138300
35530,2867307
35531,2878471
35532,4528590
35533,15454261
35534,2602236
35535,2326392
35536,2641610
35537,12696234
35538,2636864
35539,5187409
35540,7034694
35541,2513092
35542,2054487
35543,2096048
35544,5027796
35545,4208410
35546,2111632
35547,2483888
35548,2190521
35549,2441135
35550,3194135
35551,11597959
35552,2242434
35553,3349814
35554,9605368
35555,5040582
35556,4053559
35557,2750251
35558,3288583
35559,2979032
35560,3109573
35561,2141700
35562,5257372
35563,6828588
35564,2324911
35565,2640767
35566,3958016
35567,4079762
35568,2206131
35569,3208088
35570,2233956
35571,2801860
35572,2844708
35573,2279882
35574,2243771
35575,3854325
35576,2478198
35577,2286622
35578,2832338
35579,2660092
35580,2481808
35581,2591584
35582,2299382
35583,2625653
35584,5196457
35585,2765026
35586,6160526
35587,3143863
35588,2966132
35589,4937449
35590,7809029
35591,5741384
35592,3310441
35593,6478390
35594,3074784
35595,6833214
35596,5523009
35597,7025675
35598,3811372
35599,3357889
35600,2898584
35601,16803027
35602,7206495
35603,2611070
35604,2893185
35605,4302434
35606,6720251
35607,3731910
35608,5589833
35609,3815272
35610,5763347
35611,5318345
35612,3188360
35613,3641596
35614,3173349
35615,2279482
35616,2562353
35617,2671770
35618,3890575
35619,3201189
35620,2372199
35621,2431529
35622,2144976
35623,2739033
35624,4411312
35625,4970596
35626,2986866
35627,4508960
35628,2222967
35629,3245637
35630,2092687
35631,2626457
35632,5372133
35633,5128455
35634,3345907
35635,2564672
35636,2526009
35637,8877223
35638,3813316
35639,2312100
35640,3742753
35641,3610778
35642,4127035
35643,2953905
35644,4647006
35645,2411600
35646,6348031
35647,2452432
35648,2458566
35649,2873468
35650,2457254
35651,9677894
35652,3099725
35653,12951918
35654,7590580
35655,6695099
35656,2808049
35657,2634130
35658,2862196
35659,2178885
35660,5867155
35661,4967615
35662,4460461
35663,4833712
35664,2796131
35665,5416305
35666,5030897
35667,2154661
35668,2496012
35669,3587123
35670,4633898
35671,3023616
35672,5266015
35673,2385603
35674,3494146
35675,3439214
35676,4307940
35677,3375417
35678,3136178
35679,2733947
35680,2252287
35681,2656964
35682,3092482
35683,2336444
35684,2538531
35685,3378757
35686,2453856
35687,2565782
35688,2571552
35689,2478362
35690,2605228
35691,4821023
35692,6134632
35693,2413724
35694,3163920
35695,4736562
35696,7357442
35697,3346604
35698,6744208
35699,6603981
35700,6370647
35701,3829890
35702,2478852
35703,4303052
35704,6139201
35705,11027337
35706,3385621
35707,5604002
35708,2876954
35709,3083149
35710,2692558
35711,4558551
35712,3942621
35713,6419873
35714,2451324
35715,5540821
35716,2110179
35717,3669481
35718,4148090
35719,4869467
35720,2826835
35721,2819332
35722,2576416
35723,3344474
35724,3247358
35725,10649790
35726,2551869
35727,2840280
35728,3927537
35729,2709180
35730,2963742
35731,3328983
35732,3262943
35733,3151225
35734,6068194
35735,3269510
35736,3745183
35737,2420300
35738,2678661
35739,5963550
35740,5825943
35741,18687351
35742,2370158
35743,2545454
35744,3883141
35745,2734494
35746,2314732
35747,2609484
35748,2556982
35749,7042266
35750,4031838
35751,6611560
35752,4103261
35753,3024517
35754,2685237
35755,7751449
35756,14105329
35757,13403087
35758,5218307
35759,7123032
35760,7852178
35761,19237321
35762,5398357
35763,6293661
35764,6283108
35765,15578279
35766,2999396
35767,2072702
35768,2879691
35769,6731071
35770,3670290
35771,4277652
35772,2495909
35773,3669513
35774,8758724
35775,5437581
35776,3291576
35777,3147661
35778,2966358
35779,2774971
35780,3295382
35781,17973893
35782,2336684
35783,2398756
35784,4637582
35785,3955807
35786,2728172
35787,2682416
35788,2758214
35789,6836791
35790,12223980
35791,6721599
35792,7090632
35793,6232727
35794,5754895
35795,2616431
35796,2757426
35797,14641412
35798,4647580
35799,4912176
35800,2830504
35801,3104954
35802,5056176
35803,5126360
35804,3316572
35805,3200566
35806,3060775
35807,3019695
35808,4725968
35809,6900214
35810,2893507
35811,5878425
35812,2048191
35813,2807151
35814,4930161
35815,2648448
35816,2917349
35817,12969529
35818,3324733
35819,3570075
35820,6579159
35821,3367852
35822,2864167
35823,9117552
35824,4165688
35825,5816575
35826,2988186
35827,2549465
35828,3741279
35829,3235874
35830,2364741
35831,4851353
35832,2596950
35833,10713018
35834,6500660
35835,2808172
35836,4387941
35837,2510318
35838,1937667
35839,2278272
35840,3498122
35841,3872781
35842,2959276
35843,2695698
35844,5390113
35845,2249786
35846,2393832
35847,5237812
35848,2140968
35849,2537012
35850,2335135
35851,5163499
35852,5129022
35853,2603672
35854,2634587
35855,4612580
35856,7464903
35857,6291475
35858,6123734
35859,2677797
35860,3105331
35861,18756822
35862,4914985
35863,3899763
35864,2808184
35865,4602136
35866,3201857
35867,2843787
35868,4282249
35869,2557170
35870,4044945
35871,4594320
35872,2989808
35873,2637543
35874,2289502
35875,2695611
35876,3845277
35877,6287714
35878,3038694
35879,2855796
35880,7508139
35881,3697019
35882,3182072
35883,3214846
35884,3256107
35885,3913661
35886,3234189
35887,3021725
35888,3253628
35889,2938587
35890,2810215
35891,2632863
35892,2852332
35893,10178365
35894,3817104
35895,2392848
35896,2345510
35897,4538691
35898,2914285
35899,3314617
35900,3261375
35901,2973252
35902,2412672
35903,3565223
35904,2878003
35905,17437343
35906,4242402
35907,5609264
35908,8042417
35909,4179169
35910,4567623
35911,6220495
35912,3074749
35913,12812367
35914,3655671
35915,4116450
35916,3245546
35917,6580330
35918,4189018
35919,6893982
35920,5278987
35921,4927860
35922,3141638
35923,3204105
35924,8949783
35925,3622403
35926,3450556
35927,3200402
35928,4333603
35929,3054925
35930,2521159
35931,2591406
35932,4031198
35933,10194949
35934,2830685
35935,2441608
35936,4574935
35937,2494081
35938,2933671
35939,2372054
35940,3391623
35941,3260271
35942,2925694
35943,3161515
35944,4130232
35945,3624912
35946,4191346
35947,4656571
35948,4770877
35949,11702769
35950,2513873
35951,3235569
35952,2690712
35953,2453006
35954,2834484
35955,3437169
35956,2845333
35957,2471974
35958,2854097
35959,3727214
35960,5701035
35961,12470729
35962,2777802
35963,2765543
35964,2725846
35965,2624276
35966,3067390
35967,4419636
35968,2647770
35969,2504120
35970,7632033
35971,2206767
35972,6199171
35973,3632967
35974,7854955
35975,2303312
35976,6109829
35977,4821479
35978,2617899
35979,2708715
35980,2978745
35981,10280296
35982,6388986
35983,4530390
35984,2798242
35985,2754165
35986,3431022
35987,2142210
35988,2405734
35989,3107700
35990,2742716
35991,6113759
35992,11358902
35993,4584428
35994,3264934
35995,2751642
35996,2283457
35997,10273725
35998,2424371
35999,2484865
36000,2378306
