tick	heap_used_bytes	species_counts	minimum_air	maximum_brain_memories	counters	moving_entities	position_samples
-2400	616681520	{AmericanLobsterEntityForge=10, AtlanticCodEntityForge=8, AtlanticSalmonEntityForge=8, BlackSeaNettleJellyfishEntityForge=1, BlacktipReefSharkEntityForge=3, BottlenoseDolphinEntityForge=4, CannonballJellyfishEntityForge=2, CaribbeanReefOctopusEntityForge=2, CommonOctopusEntityForge=3, CommonStingrayEntityForge=3, CommonThresherSharkEntityForge=1, GiantMorayEelEntityForge=4, GreatHammerheadSharkEntityForge=1, GreatWhiteSharkEntityForge=1, GreenSeaTurtleEntityForge=3, HarborSealEntityForge=3, NautilusEntityForge=1, OceanicWhitetipSharkEntityForge=1, OrcaEntityForge=1, SandtigerSharkEntityForge=1, ShortfinMakoSharkEntityForge=1, TigerSharkEntityForge=1}	{AmericanLobsterEntityForge=300, AtlanticCodEntityForge=300, AtlanticSalmonEntityForge=300, BlackSeaNettleJellyfishEntityForge=300, BlacktipReefSharkEntityForge=300, BottlenoseDolphinEntityForge=700, CannonballJellyfishEntityForge=300, CaribbeanReefOctopusEntityForge=300, CommonOctopusEntityForge=300, CommonStingrayEntityForge=300, CommonThresherSharkEntityForge=300, GiantMorayEelEntityForge=300, GreatHammerheadSharkEntityForge=300, GreatWhiteSharkEntityForge=300, GreenSeaTurtleEntityForge=300, HarborSealEntityForge=300, NautilusEntityForge=300, OceanicWhitetipSharkEntityForge=300, OrcaEntityForge=700, SandtigerSharkEntityForge=300, ShortfinMakoSharkEntityForge=300, TigerSharkEntityForge=300}	11	{}	0	63
-2200	737267760	{AmericanLobsterEntityForge=10, AtlanticCodEntityForge=8, AtlanticSalmonEntityForge=8, BlackSeaNettleJellyfishEntityForge=1, BlacktipReefSharkEntityForge=3, BottlenoseDolphinEntityForge=4, CannonballJellyfishEntityForge=2, CaribbeanReefOctopusEntityForge=2, CommonOctopusEntityForge=3, CommonStingrayEntityForge=3, CommonThresherSharkEntityForge=1, GiantMorayEelEntityForge=4, GreatHammerheadSharkEntityForge=1, GreatWhiteSharkEntityForge=1, GreenSeaTurtleEntityForge=3, HarborSealEntityForge=3, NautilusEntityForge=1, OceanicWhitetipSharkEntityForge=1, OrcaEntityForge=1, SandtigerSharkEntityForge=1, ShortfinMakoSharkEntityForge=1, TigerSharkEntityForge=1}	{AmericanLobsterEntityForge=300, AtlanticCodEntityForge=300, AtlanticSalmonEntityForge=300, BlackSeaNettleJellyfishEntityForge=300, BlacktipReefSharkEntityForge=300, BottlenoseDolphinEntityForge=700, CannonballJellyfishEntityForge=300, CaribbeanReefOctopusEntityForge=300, CommonOctopusEntityForge=300, CommonStingrayEntityForge=300, CommonThresherSharkEntityForge=300, GiantMorayEelEntityForge=300, GreatHammerheadSharkEntityForge=300, GreatWhiteSharkEntityForge=300, GreenSeaTurtleEntityForge=300, HarborSealEntityForge=300, NautilusEntityForge=300, OceanicWhitetipSharkEntityForge=300, OrcaEntityForge=700, SandtigerSharkEntityForge=300, ShortfinMakoSharkEntityForge=300, TigerSharkEntityForge=300}	11	{}	63	63
-2000	849465392	{AmericanLobsterEntityForge=10, AtlanticCodEntityForge=8, AtlanticSalmonEntityForge=8, BlackSeaNettleJellyfishEntityForge=1, BlacktipReefSharkEntityForge=3, BottlenoseDolphinEntityForge=3, CannonballJellyfishEntityForge=2, CaribbeanReefOctopusEntityForge=2, CommonOctopusEntityForge=3, CommonStingrayEntityForge=3, CommonThresherSharkEntityForge=1, GiantMorayEelEntityForge=4, GreatHammerheadSharkEntityForge=1, GreatWhiteSharkEntityForge=1, GreenSeaTurtleEntityForge=3, HarborSealEntityForge=3, NautilusEntityForge=1, OceanicWhitetipSharkEntityForge=1, OrcaEntityForge=1, SandtigerSharkEntityForge=1, ShortfinMakoSharkEntityForge=1, TigerSharkEntityForge=1}	{AmericanLobsterEntityForge=300, AtlanticCodEntityForge=300, AtlanticSalmonEntityForge=300, BlackSeaNettleJellyfishEntityForge=300, BlacktipReefSharkEntityForge=300, BottlenoseDolphinEntityForge=700, CannonballJellyfishEntityForge=300, CaribbeanReefOctopusEntityForge=300, CommonOctopusEntityForge=300, CommonStingrayEntityForge=300, CommonThresherSharkEntityForge=300, GiantMorayEelEntityForge=300, GreatHammerheadSharkEntityForge=300, GreatWhiteSharkEntityForge=300, GreenSeaTurtleEntityForge=300, HarborSealEntityForge=300, NautilusEntityForge=300, OceanicWhitetipSharkEntityForge=300, OrcaEntityForge=700, SandtigerSharkEntityForge=300, ShortfinMakoSharkEntityForge=300, TigerSharkEntityForge=300}	11	{}	58	62
-1800	960614448	{AmericanLobsterEntityForge=10, AtlanticCodEntityForge=8, AtlanticSalmonEntityForge=8, BlackSeaNettleJellyfishEntityForge=1, BlacktipReefSharkEntityForge=3, BottlenoseDolphinEntityForge=4, CannonballJellyfishEntityForge=2, CaribbeanReefOctopusEntityForge=2, CommonOctopusEntityForge=3, CommonStingrayEntityForge=3, CommonThresherSharkEntityForge=1, GiantMorayEelEntityForge=4, GreatHammerheadSharkEntityForge=1, GreatWhiteSharkEntityForge=1, GreenSeaTurtleEntityForge=3, HarborSealEntityForge=3, NautilusEntityForge=1, OceanicWhitetipSharkEntityForge=1, OrcaEntityForge=1, SandtigerSharkEntityForge=1, ShortfinMakoSharkEntityForge=1, TigerSharkEntityForge=1}	{AmericanLobsterEntityForge=300, AtlanticCodEntityForge=300, AtlanticSalmonEntityForge=300, BlackSeaNettleJellyfishEntityForge=300, BlacktipReefSharkEntityForge=300, BottlenoseDolphinEntityForge=700, CannonballJellyfishEntityForge=300, CaribbeanReefOctopusEntityForge=300, CommonOctopusEntityForge=300, CommonStingrayEntityForge=300, CommonThresherSharkEntityForge=300, GiantMorayEelEntityForge=300, GreatHammerheadSharkEntityForge=300, GreatWhiteSharkEntityForge=300, GreenSeaTurtleEntityForge=300, HarborSealEntityForge=300, NautilusEntityForge=300, OceanicWhitetipSharkEntityForge=300, OrcaEntityForge=700, SandtigerSharkEntityForge=300, ShortfinMakoSharkEntityForge=300, TigerSharkEntityForge=300}	11	{}	62	63
-1600	1070714928	{AmericanLobsterEntityForge=10, AtlanticCodEntityForge=8, AtlanticSalmonEntityForge=8, BlackSeaNettleJellyfishEntityForge=1, BlacktipReefSharkEntityForge=3, BottlenoseDolphinEntityForge=4, CannonballJellyfishEntityForge=2, CaribbeanReefOctopusEntityForge=2, CommonOctopusEntityForge=3, CommonStingrayEntityForge=3, CommonThresherSharkEntityForge=1, GiantMorayEelEntityForge=4, GreatHammerheadSharkEntityForge=1, GreatWhiteSharkEntityForge=1, GreenSeaTurtleEntityForge=3, HarborSealEntityForge=3, NautilusEntityForge=1, OceanicWhitetipSharkEntityForge=1, OrcaEntityForge=1, SandtigerSharkEntityForge=1, ShortfinMakoSharkEntityForge=1, TigerSharkEntityForge=1}	{AmericanLobsterEntityForge=300, AtlanticCodEntityForge=300, AtlanticSalmonEntityForge=300, BlackSeaNettleJellyfishEntityForge=300, BlacktipReefSharkEntityForge=300, BottlenoseDolphinEntityForge=700, CannonballJellyfishEntityForge=300, CaribbeanReefOctopusEntityForge=300, CommonOctopusEntityForge=300, CommonStingrayEntityForge=300, CommonThresherSharkEntityForge=300, GiantMorayEelEntityForge=300, GreatHammerheadSharkEntityForge=300, GreatWhiteSharkEntityForge=300, GreenSeaTurtleEntityForge=300, HarborSealEntityForge=300, NautilusEntityForge=300, OceanicWhitetipSharkEntityForge=300, OrcaEntityForge=700, SandtigerSharkEntityForge=300, ShortfinMakoSharkEntityForge=300, TigerSharkEntityForge=300}	11	{}	59	63
-1400	414239672	{AmericanLobsterEntityForge=9, AtlanticCodEntityForge=8, AtlanticSalmonEntityForge=8, BlackSeaNettleJellyfishEntityForge=1, BlacktipReefSharkEntityForge=3, BottlenoseDolphinEntityForge=4, CannonballJellyfishEntityForge=2, CaribbeanReefOctopusEntityForge=2, CommonOctopusEntityForge=3, CommonStingrayEntityForge=3, CommonThresherSharkEntityForge=1, GiantMorayEelEntityForge=4, GreatHammerheadSharkEntityForge=1, GreatWhiteSharkEntityForge=1, GreenSeaTurtleEntityForge=3, HarborSealEntityForge=3, NautilusEntityForge=1, OceanicWhitetipSharkEntityForge=1, OrcaEntityForge=1, SandtigerSharkEntityForge=1, ShortfinMakoSharkEntityForge=1, TigerSharkEntityForge=1}	{AmericanLobsterEntityForge=300, AtlanticCodEntityForge=300, AtlanticSalmonEntityForge=300, BlackSeaNettleJellyfishEntityForge=300, BlacktipReefSharkEntityForge=300, BottlenoseDolphinEntityForge=700, CannonballJellyfishEntityForge=300, CaribbeanReefOctopusEntityForge=300, CommonOctopusEntityForge=300, CommonStingrayEntityForge=300, CommonThresherSharkEntityForge=300, GiantMorayEelEntityForge=300, GreatHammerheadSharkEntityForge=300, GreatWhiteSharkEntityForge=300, GreenSeaTurtleEntityForge=300, HarborSealEntityForge=300, NautilusEntityForge=300, OceanicWhitetipSharkEntityForge=300, OrcaEntityForge=700, SandtigerSharkEntityForge=300, ShortfinMakoSharkEntityForge=300, TigerSharkEntityForge=300}	11	{}	61	62
-1200	397909184	{AmericanLobsterEntityForge=9, AtlanticCodEntityForge=8, AtlanticSalmonEntityForge=8, BlackSeaNettleJellyfishEntityForge=1, BlacktipReefSharkEntityForge=3, BottlenoseDolphinEntityForge=4, CannonballJellyfishEntityForge=2, CaribbeanReefOctopusEntityForge=2, CommonOctopusEntityForge=3, CommonStingrayEntityForge=3, CommonThresherSharkEntityForge=1, GiantMorayEelEntityForge=4, GreatHammerheadSharkEntityForge=1, GreatWhiteSharkEntityForge=1, GreenSeaTurtleEntityForge=3, HarborSealEntityForge=3, NautilusEntityForge=1, OceanicWhitetipSharkEntityForge=1, OrcaEntityForge=1, SandtigerSharkEntityForge=1, ShortfinMakoSharkEntityForge=1, TigerSharkEntityForge=1}	{AmericanLobsterEntityForge=300, AtlanticCodEntityForge=300, AtlanticSalmonEntityForge=300, BlackSeaNettleJellyfishEntityForge=300, BlacktipReefSharkEntityForge=300, BottlenoseDolphinEntityForge=700, CannonballJellyfishEntityForge=300, CaribbeanReefOctopusEntityForge=300, CommonOctopusEntityForge=300, CommonStingrayEntityForge=300, CommonThresherSharkEntityForge=300, GiantMorayEelEntityForge=300, GreatHammerheadSharkEntityForge=300, GreatWhiteSharkEntityForge=300, GreenSeaTurtleEntityForge=300, HarborSealEntityForge=300, NautilusEntityForge=300, OceanicWhitetipSharkEntityForge=300, OrcaEntityForge=700, SandtigerSharkEntityForge=300, ShortfinMakoSharkEntityForge=300, TigerSharkEntityForge=300}	11	{}	59	62
-1000	510106816	{AmericanLobsterEntityForge=10, AtlanticCodEntityForge=8, AtlanticSalmonEntityForge=8, BlackSeaNettleJellyfishEntityForge=1, BlacktipReefSharkEntityForge=3, BottlenoseDolphinEntityForge=4, CannonballJellyfishEntityForge=2, CaribbeanReefOctopusEntityForge=2, CommonOctopusEntityForge=3, CommonStingrayEntityForge=3, CommonThresherSharkEntityForge=1, GiantMorayEelEntityForge=4, GreatHammerheadSharkEntityForge=1, GreatWhiteSharkEntityForge=1, GreenSeaTurtleEntityForge=3, HarborSealEntityForge=3, NautilusEntityForge=1, OceanicWhitetipSharkEntityForge=1, OrcaEntityForge=1, SandtigerSharkEntityForge=1, ShortfinMakoSharkEntityForge=1, TigerSharkEntityForge=1}	{AmericanLobsterEntityForge=300, AtlanticCodEntityForge=300, AtlanticSalmonEntityForge=300, BlackSeaNettleJellyfishEntityForge=300, BlacktipReefSharkEntityForge=300, BottlenoseDolphinEntityForge=700, CannonballJellyfishEntityForge=300, CaribbeanReefOctopusEntityForge=300, CommonOctopusEntityForge=300, CommonStingrayEntityForge=300, CommonThresherSharkEntityForge=300, GiantMorayEelEntityForge=300, GreatHammerheadSharkEntityForge=300, GreatWhiteSharkEntityForge=300, GreenSeaTurtleEntityForge=300, HarborSealEntityForge=300, NautilusEntityForge=300, OceanicWhitetipSharkEntityForge=300, OrcaEntityForge=700, SandtigerSharkEntityForge=300, ShortfinMakoSharkEntityForge=300, TigerSharkEntityForge=300}	11	{}	61	63
-800	616012992	{AmericanLobsterEntityForge=10, AtlanticCodEntityForge=8, AtlanticSalmonEntityForge=7, BlackSeaNettleJellyfishEntityForge=1, BlacktipReefSharkEntityForge=3, BottlenoseDolphinEntityForge=4, CannonballJellyfishEntityForge=2, CaribbeanReefOctopusEntityForge=2, CommonOctopusEntityForge=3, CommonStingrayEntityForge=3, CommonThresherSharkEntityForge=1, GiantMorayEelEntityForge=4, GreatHammerheadSharkEntityForge=1, GreatWhiteSharkEntityForge=1, GreenSeaTurtleEntityForge=3, HarborSealEntityForge=3, NautilusEntityForge=1, OceanicWhitetipSharkEntityForge=1, OrcaEntityForge=1, SandtigerSharkEntityForge=1, ShortfinMakoSharkEntityForge=1, TigerSharkEntityForge=1}	{AmericanLobsterEntityForge=300, AtlanticCodEntityForge=300, AtlanticSalmonEntityForge=300, BlackSeaNettleJellyfishEntityForge=300, BlacktipReefSharkEntityForge=300, BottlenoseDolphinEntityForge=700, CannonballJellyfishEntityForge=300, CaribbeanReefOctopusEntityForge=300, CommonOctopusEntityForge=300, CommonStingrayEntityForge=300, CommonThresherSharkEntityForge=300, GiantMorayEelEntityForge=300, GreatHammerheadSharkEntityForge=300, GreatWhiteSharkEntityForge=300, GreenSeaTurtleEntityForge=300, HarborSealEntityForge=300, NautilusEntityForge=300, OceanicWhitetipSharkEntityForge=300, OrcaEntityForge=700, SandtigerSharkEntityForge=300, ShortfinMakoSharkEntityForge=300, TigerSharkEntityForge=300}	11	{}	59	62
-600	721919168	{AmericanLobsterEntityForge=10, AtlanticCodEntityForge=8, AtlanticSalmonEntityForge=8, BlackSeaNettleJellyfishEntityForge=1, BlacktipReefSharkEntityForge=3, BottlenoseDolphinEntityForge=4, CannonballJellyfishEntityForge=2, CaribbeanReefOctopusEntityForge=2, CommonOctopusEntityForge=2, CommonStingrayEntityForge=3, CommonThresherSharkEntityForge=1, GiantMorayEelEntityForge=4, GreatHammerheadSharkEntityForge=1, GreatWhiteSharkEntityForge=1, GreenSeaTurtleEntityForge=3, HarborSealEntityForge=3, NautilusEntityForge=1, OceanicWhitetipSharkEntityForge=1, OrcaEntityForge=1, SandtigerSharkEntityForge=1, ShortfinMakoSharkEntityForge=1, TigerSharkEntityForge=1}	{AmericanLobsterEntityForge=300, AtlanticCodEntityForge=300, AtlanticSalmonEntityForge=300, BlackSeaNettleJellyfishEntityForge=300, BlacktipReefSharkEntityForge=300, BottlenoseDolphinEntityForge=700, CannonballJellyfishEntityForge=300, CaribbeanReefOctopusEntityForge=300, CommonOctopusEntityForge=300, CommonStingrayEntityForge=300, CommonThresherSharkEntityForge=300, GiantMorayEelEntityForge=300, GreatHammerheadSharkEntityForge=300, GreatWhiteSharkEntityForge=300, GreenSeaTurtleEntityForge=300, HarborSealEntityForge=300, NautilusEntityForge=300, OceanicWhitetipSharkEntityForge=300, OrcaEntityForge=700, SandtigerSharkEntityForge=300, ShortfinMakoSharkEntityForge=300, TigerSharkEntityForge=300}	11	{}	60	62
-400	833068224	{AmericanLobsterEntityForge=10, AtlanticCodEntityForge=8, AtlanticSalmonEntityForge=8, BlackSeaNettleJellyfishEntityForge=1, BlacktipReefSharkEntityForge=3, BottlenoseDolphinEntityForge=4, CannonballJellyfishEntityForge=2, CaribbeanReefOctopusEntityForge=2, CommonOctopusEntityForge=2, CommonStingrayEntityForge=3, CommonThresherSharkEntityForge=1, GiantMorayEelEntityForge=4, GreatHammerheadSharkEntityForge=1, GreatWhiteSharkEntityForge=1, GreenSeaTurtleEntityForge=3, HarborSealEntityForge=3, NautilusEntityForge=1, OceanicWhitetipSharkEntityForge=1, OrcaEntityForge=1, SandtigerSharkEntityForge=1, ShortfinMakoSharkEntityForge=1, TigerSharkEntityForge=1}	{AmericanLobsterEntityForge=300, AtlanticCodEntityForge=300, AtlanticSalmonEntityForge=300, BlackSeaNettleJellyfishEntityForge=300, BlacktipReefSharkEntityForge=300, BottlenoseDolphinEntityForge=700, CannonballJellyfishEntityForge=300, CaribbeanReefOctopusEntityForge=300, CommonOctopusEntityForge=300, CommonStingrayEntityForge=300, CommonThresherSharkEntityForge=300, GiantMorayEelEntityForge=300, GreatHammerheadSharkEntityForge=300, GreatWhiteSharkEntityForge=300, GreenSeaTurtleEntityForge=300, HarborSealEntityForge=300, NautilusEntityForge=300, OceanicWhitetipSharkEntityForge=300, OrcaEntityForge=700, SandtigerSharkEntityForge=300, ShortfinMakoSharkEntityForge=300, TigerSharkEntityForge=300}	11	{}	57	62
-200	941071552	{AmericanLobsterEntityForge=10, AtlanticCodEntityForge=8, AtlanticSalmonEntityForge=8, BlackSeaNettleJellyfishEntityForge=1, BlacktipReefSharkEntityForge=3, BottlenoseDolphinEntityForge=4, CannonballJellyfishEntityForge=2, CaribbeanReefOctopusEntityForge=2, CommonOctopusEntityForge=3, CommonStingrayEntityForge=3, CommonThresherSharkEntityForge=1, GiantMorayEelEntityForge=4, GreatHammerheadSharkEntityForge=1, GreatWhiteSharkEntityForge=1, GreenSeaTurtleEntityForge=3, HarborSealEntityForge=3, NautilusEntityForge=1, OceanicWhitetipSharkEntityForge=1, OrcaEntityForge=1, SandtigerSharkEntityForge=1, ShortfinMakoSharkEntityForge=1, TigerSharkEntityForge=1}	{AmericanLobsterEntityForge=300, AtlanticCodEntityForge=300, AtlanticSalmonEntityForge=300, BlackSeaNettleJellyfishEntityForge=300, BlacktipReefSharkEntityForge=300, BottlenoseDolphinEntityForge=700, CannonballJellyfishEntityForge=300, CaribbeanReefOctopusEntityForge=300, CommonOctopusEntityForge=300, CommonStingrayEntityForge=300, CommonThresherSharkEntityForge=300, GiantMorayEelEntityForge=300, GreatHammerheadSharkEntityForge=300, GreatWhiteSharkEntityForge=300, GreenSeaTurtleEntityForge=300, HarborSealEntityForge=300, NautilusEntityForge=300, OceanicWhitetipSharkEntityForge=300, OrcaEntityForge=700, SandtigerSharkEntityForge=300, ShortfinMakoSharkEntityForge=300, TigerSharkEntityForge=300}	11	{}	61	63
0	1049074880	{AmericanLobsterEntityForge=10, AtlanticCodEntityForge=8, AtlanticSalmonEntityForge=8, BlackSeaNettleJellyfishEntityForge=1, BlacktipReefSharkEntityForge=3, BottlenoseDolphinEntityForge=4, CannonballJellyfishEntityForge=2, CaribbeanReefOctopusEntityForge=2, CommonOctopusEntityForge=3, CommonStingrayEntityForge=3, CommonThresherSharkEntityForge=1, GiantMorayEelEntityForge=4, GreatHammerheadSharkEntityForge=1, GreatWhiteSharkEntityForge=1, GreenSeaTurtleEntityForge=3, HarborSealEntityForge=3, NautilusEntityForge=1, OceanicWhitetipSharkEntityForge=1, OrcaEntityForge=1, SandtigerSharkEntityForge=1, ShortfinMakoSharkEntityForge=1, TigerSharkEntityForge=1}	{AmericanLobsterEntityForge=300, AtlanticCodEntityForge=300, AtlanticSalmonEntityForge=300, BlackSeaNettleJellyfishEntityForge=300, BlacktipReefSharkEntityForge=300, BottlenoseDolphinEntityForge=700, CannonballJellyfishEntityForge=300, CaribbeanReefOctopusEntityForge=300, CommonOctopusEntityForge=300, CommonStingrayEntityForge=300, CommonThresherSharkEntityForge=300, GiantMorayEelEntityForge=300, GreatHammerheadSharkEntityForge=300, GreatWhiteSharkEntityForge=300, GreenSeaTurtleEntityForge=300, HarborSealEntityForge=300, NautilusEntityForge=300, OceanicWhitetipSharkEntityForge=300, OrcaEntityForge=700, SandtigerSharkEntityForge=300, ShortfinMakoSharkEntityForge=300, TigerSharkEntityForge=300}	11	{}	63	63
0	1050123456	{AmericanLobsterEntityForge=10, AtlanticCodEntityForge=8, AtlanticSalmonEntityForge=8, BlackSeaNettleJellyfishEntityForge=1, BlacktipReefSharkEntityForge=3, BottlenoseDolphinEntityForge=4, CannonballJellyfishEntityForge=2, CaribbeanReefOctopusEntityForge=2, CommonOctopusEntityForge=3, CommonStingrayEntityForge=3, CommonThresherSharkEntityForge=1, GiantMorayEelEntityForge=4, GreatHammerheadSharkEntityForge=1, GreatWhiteSharkEntityForge=1, GreenSeaTurtleEntityForge=3, HarborSealEntityForge=3, NautilusEntityForge=1, OceanicWhitetipSharkEntityForge=1, OrcaEntityForge=1, SandtigerSharkEntityForge=1, ShortfinMakoSharkEntityForge=1, TigerSharkEntityForge=1}	{AmericanLobsterEntityForge=300, AtlanticCodEntityForge=300, AtlanticSalmonEntityForge=300, BlackSeaNettleJellyfishEntityForge=300, BlacktipReefSharkEntityForge=300, BottlenoseDolphinEntityForge=700, CannonballJellyfishEntityForge=300, CaribbeanReefOctopusEntityForge=300, CommonOctopusEntityForge=300, CommonStingrayEntityForge=300, CommonThresherSharkEntityForge=300, GiantMorayEelEntityForge=300, GreatHammerheadSharkEntityForge=300, GreatWhiteSharkEntityForge=300, GreenSeaTurtleEntityForge=300, HarborSealEntityForge=300, NautilusEntityForge=300, OceanicWhitetipSharkEntityForge=300, OrcaEntityForge=700, SandtigerSharkEntityForge=300, ShortfinMakoSharkEntityForge=300, TigerSharkEntityForge=300}	11	{}	47	63
200	1152883904	{AmericanLobsterEntityForge=10, AtlanticCodEntityForge=8, AtlanticSalmonEntityForge=8, BlackSeaNettleJellyfishEntityForge=1, BlacktipReefSharkEntityForge=3, BottlenoseDolphinEntityForge=4, CannonballJellyfishEntityForge=2, CaribbeanReefOctopusEntityForge=2, CommonOctopusEntityForge=3, CommonStingrayEntityForge=3, CommonThresherSharkEntityForge=1, GiantMorayEelEntityForge=4, GreatHammerheadSharkEntityForge=1, GreatWhiteSharkEntityForge=1, GreenSeaTurtleEntityForge=3, HarborSealEntityForge=3, NautilusEntityForge=1, OceanicWhitetipSharkEntityForge=1, OrcaEntityForge=1, ShortfinMakoSharkEntityForge=1, TigerSharkEntityForge=1}	{AmericanLobsterEntityForge=300, AtlanticCodEntityForge=300, AtlanticSalmonEntityForge=300, BlackSeaNettleJellyfishEntityForge=300, BlacktipReefSharkEntityForge=300, BottlenoseDolphinEntityForge=700, CannonballJellyfishEntityForge=300, CaribbeanReefOctopusEntityForge=300, CommonOctopusEntityForge=300, CommonStingrayEntityForge=300, CommonThresherSharkEntityForge=300, GiantMorayEelEntityForge=300, GreatHammerheadSharkEntityForge=300, GreatWhiteSharkEntityForge=298, GreenSeaTurtleEntityForge=300, HarborSealEntityForge=300, NautilusEntityForge=300, OceanicWhitetipSharkEntityForge=300, OrcaEntityForge=700, ShortfinMakoSharkEntityForge=300, TigerSharkEntityForge=300}	11	{action_escape=1, action_feed=5, bounded_living_scans=26, navigation_calls=197, sensor_calls=425}	59	62
400	1259838656	{AmericanLobsterEntityForge=10, AtlanticCodEntityForge=8, AtlanticSalmonEntityForge=8, BlackSeaNettleJellyfishEntityForge=1, BlacktipReefSharkEntityForge=3, BottlenoseDolphinEntityForge=4, CannonballJellyfishEntityForge=2, CaribbeanReefOctopusEntityForge=2, CommonOctopusEntityForge=3, CommonStingrayEntityForge=3, CommonThresherSharkEntityForge=1, GiantMorayEelEntityForge=4, GreatHammerheadSharkEntityForge=1, GreatWhiteSharkEntityForge=1, GreenSeaTurtleEntityForge=3, HarborSealEntityForge=3, NautilusEntityForge=1, OceanicWhitetipSharkEntityForge=1, OrcaEntityForge=1, SandtigerSharkEntityForge=1, ShortfinMakoSharkEntityForge=1, TigerSharkEntityForge=1}	{AmericanLobsterEntityForge=300, AtlanticCodEntityForge=300, AtlanticSalmonEntityForge=300, BlackSeaNettleJellyfishEntityForge=300, BlacktipReefSharkEntityForge=300, BottlenoseDolphinEntityForge=700, CannonballJellyfishEntityForge=300, CaribbeanReefOctopusEntityForge=300, CommonOctopusEntityForge=300, CommonStingrayEntityForge=300, CommonThresherSharkEntityForge=300, GiantMorayEelEntityForge=300, GreatHammerheadSharkEntityForge=300, GreatWhiteSharkEntityForge=300, GreenSeaTurtleEntityForge=300, HarborSealEntityForge=300, NautilusEntityForge=300, OceanicWhitetipSharkEntityForge=300, OrcaEntityForge=700, SandtigerSharkEntityForge=300, ShortfinMakoSharkEntityForge=300, TigerSharkEntityForge=300}	11	{action_escape=3, action_feed=8, bounded_living_scans=34, navigation_calls=413, sensor_calls=903}	62	63
600	1362599104	{AmericanLobsterEntityForge=10, AtlanticCodEntityForge=7, AtlanticSalmonEntityForge=8, BlackSeaNettleJellyfishEntityForge=1, BlacktipReefSharkEntityForge=3, BottlenoseDolphinEntityForge=4, CannonballJellyfishEntityForge=2, CaribbeanReefOctopusEntityForge=2, CommonOctopusEntityForge=3, CommonStingrayEntityForge=3, CommonThresherSharkEntityForge=1, GiantMorayEelEntityForge=4, GreatHammerheadSharkEntityForge=1, GreatWhiteSharkEntityForge=1, GreenSeaTurtleEntityForge=3, HarborSealEntityForge=3, NautilusEntityForge=1, OceanicWhitetipSharkEntityForge=1, OrcaEntityForge=1, SandtigerSharkEntityForge=1, ShortfinMakoSharkEntityForge=1, TigerSharkEntityForge=1}	{AmericanLobsterEntityForge=300, AtlanticCodEntityForge=300, AtlanticSalmonEntityForge=300, BlackSeaNettleJellyfishEntityForge=300, BlacktipReefSharkEntityForge=300, BottlenoseDolphinEntityForge=700, CannonballJellyfishEntityForge=300, CaribbeanReefOctopusEntityForge=300, CommonOctopusEntityForge=300, CommonStingrayEntityForge=300, CommonThresherSharkEntityForge=300, GiantMorayEelEntityForge=300, GreatHammerheadSharkEntityForge=300, GreatWhiteSharkEntityForge=300, GreenSeaTurtleEntityForge=300, HarborSealEntityForge=300, NautilusEntityForge=300, OceanicWhitetipSharkEntityForge=300, OrcaEntityForge=700, SandtigerSharkEntityForge=300, ShortfinMakoSharkEntityForge=300, TigerSharkEntityForge=300}	11	{action_escape=3, action_feed=9, bounded_living_scans=57, death_AtlanticCodEntityForge_mob_by_BlacktipReefSharkEntityForge=1, living_deaths=1, navigation_calls=602, sensor_calls=1337}	58	62
800	429991880	{AmericanLobsterEntityForge=9, AtlanticCodEntityForge=8, AtlanticSalmonEntityForge=8, BlackSeaNettleJellyfishEntityForge=1, BlacktipReefSharkEntityForge=3, BottlenoseDolphinEntityForge=4, CannonballJellyfishEntityForge=2, CaribbeanReefOctopusEntityForge=2, CommonOctopusEntityForge=3, CommonStingrayEntityForge=3, CommonThresherSharkEntityForge=1, GiantMorayEelEntityForge=4, GreatHammerheadSharkEntityForge=1, GreatWhiteSharkEntityForge=1, GreenSeaTurtleEntityForge=3, HarborSealEntityForge=3, NautilusEntityForge=1, OceanicWhitetipSharkEntityForge=1, OrcaEntityForge=1, SandtigerSharkEntityForge=1, ShortfinMakoSharkEntityForge=1, TigerSharkEntityForge=1}	{AmericanLobsterEntityForge=300, AtlanticCodEntityForge=300, AtlanticSalmonEntityForge=300, BlackSeaNettleJellyfishEntityForge=300, BlacktipReefSharkEntityForge=300, BottlenoseDolphinEntityForge=700, CannonballJellyfishEntityForge=300, CaribbeanReefOctopusEntityForge=300, CommonOctopusEntityForge=300, CommonStingrayEntityForge=300, CommonThresherSharkEntityForge=300, GiantMorayEelEntityForge=300, GreatHammerheadSharkEntityForge=300, GreatWhiteSharkEntityForge=300, GreenSeaTurtleEntityForge=300, HarborSealEntityForge=300, NautilusEntityForge=300, OceanicWhitetipSharkEntityForge=300, OrcaEntityForge=700, SandtigerSharkEntityForge=300, ShortfinMakoSharkEntityForge=300, TigerSharkEntityForge=300}	11	{action_escape=3, action_feed=13, bounded_living_scans=64, death_AmericanLobsterEntityForge_mob_by_CommonStingrayEntityForge=1, death_AtlanticCodEntityForge_mob_by_BlacktipReefSharkEntityForge=1, living_deaths=2, navigation_calls=742, sensor_calls=1810}	60	62
1000	549529544	{AmericanLobsterEntityForge=10, AtlanticCodEntityForge=8, AtlanticSalmonEntityForge=8, BlackSeaNettleJellyfishEntityForge=1, BlacktipReefSharkEntityForge=3, BottlenoseDolphinEntityForge=4, CannonballJellyfishEntityForge=2, CaribbeanReefOctopusEntityForge=2, CommonOctopusEntityForge=3, CommonStingrayEntityForge=3, CommonThresherSharkEntityForge=1, GiantMorayEelEntityForge=4, GreatHammerheadSharkEntityForge=1, GreatWhiteSharkEntityForge=1, GreenSeaTurtleEntityForge=3, HarborSealEntityForge=3, NautilusEntityForge=1, OceanicWhitetipSharkEntityForge=1, OrcaEntityForge=1, SandtigerSharkEntityForge=1, ShortfinMakoSharkEntityForge=1, TigerSharkEntityForge=1}	{AmericanLobsterEntityForge=300, AtlanticCodEntityForge=300, AtlanticSalmonEntityForge=300, BlackSeaNettleJellyfishEntityForge=300, BlacktipReefSharkEntityForge=300, BottlenoseDolphinEntityForge=700, CannonballJellyfishEntityForge=300, CaribbeanReefOctopusEntityForge=300, CommonOctopusEntityForge=300, CommonStingrayEntityForge=300, CommonThresherSharkEntityForge=300, GiantMorayEelEntityForge=300, GreatHammerheadSharkEntityForge=300, GreatWhiteSharkEntityForge=300, GreenSeaTurtleEntityForge=300, HarborSealEntityForge=300, NautilusEntityForge=300, OceanicWhitetipSharkEntityForge=300, OrcaEntityForge=700, SandtigerSharkEntityForge=300, ShortfinMakoSharkEntityForge=300, TigerSharkEntityForge=300}	11	{action_escape=3, action_feed=14, bounded_living_scans=83, death_AmericanLobsterEntityForge_mob_by_CommonStingrayEntityForge=1, death_AtlanticCodEntityForge_mob_by_BlacktipReefSharkEntityForge=1, living_deaths=2, navigation_calls=902, sensor_calls=2246}	58	63
1200	668018632	{AmericanLobsterEntityForge=10, AtlanticCodEntityForge=8, AtlanticSalmonEntityForge=8, BlackSeaNettleJellyfishEntityForge=1, BlacktipReefSharkEntityForge=3, BottlenoseDolphinEntityForge=4, CannonballJellyfishEntityForge=2, CaribbeanReefOctopusEntityForge=2, CommonOctopusEntityForge=3, CommonStingrayEntityForge=3, CommonThresherSharkEntityForge=1, GiantMorayEelEntityForge=4, GreatHammerheadSharkEntityForge=1, GreatWhiteSharkEntityForge=1, GreenSeaTurtleEntityForge=3, HarborSealEntityForge=3, NautilusEntityForge=1, OceanicWhitetipSharkEntityForge=1, OrcaEntityForge=1, SandtigerSharkEntityForge=1, ShortfinMakoSharkEntityForge=1, TigerSharkEntityForge=1}	{AmericanLobsterEntityForge=300, AtlanticCodEntityForge=300, AtlanticSalmonEntityForge=300, BlackSeaNettleJellyfishEntityForge=300, BlacktipReefSharkEntityForge=300, BottlenoseDolphinEntityForge=700, CannonballJellyfishEntityForge=300, CaribbeanReefOctopusEntityForge=300, CommonOctopusEntityForge=300, CommonStingrayEntityForge=300, CommonThresherSharkEntityForge=300, GiantMorayEelEntityForge=300, GreatHammerheadSharkEntityForge=300, GreatWhiteSharkEntityForge=298, GreenSeaTurtleEntityForge=300, HarborSealEntityForge=300, NautilusEntityForge=300, OceanicWhitetipSharkEntityForge=300, OrcaEntityForge=700, SandtigerSharkEntityForge=300, ShortfinMakoSharkEntityForge=300, TigerSharkEntityForge=300}	11	{action_escape=4, action_feed=19, bounded_living_scans=94, death_AmericanLobsterEntityForge_mob_by_CommonStingrayEntityForge=1, death_AtlanticCodEntityForge_mob_by_BlacktipReefSharkEntityForge=1, living_deaths=2, navigation_calls=1054, sensor_calls=2722}	63	63
1400	773924808	{AmericanLobsterEntityForge=10, AtlanticCodEntityForge=8, AtlanticSalmonEntityForge=8, BlackSeaNettleJellyfishEntityForge=1, BlacktipReefSharkEntityForge=3, BottlenoseDolphinEntityForge=4, CannonballJellyfishEntityForge=2, CaribbeanReefOctopusEntityForge=2, CommonOctopusEntityForge=3, CommonStingrayEntityForge=3, CommonThresherSharkEntityForge=1, GiantMorayEelEntityForge=4, GreatHammerheadSharkEntityForge=1, GreatWhiteSharkEntityForge=1, GreenSeaTurtleEntityForge=3, HarborSealEntityForge=3, NautilusEntityForge=1, OceanicWhitetipSharkEntityForge=1, OrcaEntityForge=1, SandtigerSharkEntityForge=1, ShortfinMakoSharkEntityForge=1, TigerSharkEntityForge=1}	{AmericanLobsterEntityForge=300, AtlanticCodEntityForge=300, AtlanticSalmonEntityForge=300, BlackSeaNettleJellyfishEntityForge=300, BlacktipReefSharkEntityForge=300, BottlenoseDolphinEntityForge=700, CannonballJellyfishEntityForge=300, CaribbeanReefOctopusEntityForge=300, CommonOctopusEntityForge=300, CommonStingrayEntityForge=300, CommonThresherSharkEntityForge=300, GiantMorayEelEntityForge=300, GreatHammerheadSharkEntityForge=300, GreatWhiteSharkEntityForge=300, GreenSeaTurtleEntityForge=300, HarborSealEntityForge=300, NautilusEntityForge=300, OceanicWhitetipSharkEntityForge=300, OrcaEntityForge=700, SandtigerSharkEntityForge=300, ShortfinMakoSharkEntityForge=300, TigerSharkEntityForge=300}	11	{action_escape=6, action_feed=21, bounded_living_scans=113, death_AmericanLobsterEntityForge_mob_by_CommonStingrayEntityForge=1, death_AtlanticCodEntityForge_mob_by_BlacktipReefSharkEntityForge=1, living_deaths=2, navigation_calls=1168, sensor_calls=3158}	62	63
1600	878782408	{AmericanLobsterEntityForge=10, AtlanticCodEntityForge=8, AtlanticSalmonEntityForge=8, BlackSeaNettleJellyfishEntityForge=1, BlacktipReefSharkEntityForge=3, BottlenoseDolphinEntityForge=4, CannonballJellyfishEntityForge=2, CaribbeanReefOctopusEntityForge=2, CommonOctopusEntityForge=3, CommonStingrayEntityForge=3, CommonThresherSharkEntityForge=1, GiantMorayEelEntityForge=4, GreatHammerheadSharkEntityForge=1, GreatWhiteSharkEntityForge=1, GreenSeaTurtleEntityForge=3, HarborSealEntityForge=3, NautilusEntityForge=1, OceanicWhitetipSharkEntityForge=1, OrcaEntityForge=1, SandtigerSharkEntityForge=1, ShortfinMakoSharkEntityForge=1, TigerSharkEntityForge=1}	{AmericanLobsterEntityForge=300, AtlanticCodEntityForge=300, AtlanticSalmonEntityForge=300, BlackSeaNettleJellyfishEntityForge=300, BlacktipReefSharkEntityForge=300, BottlenoseDolphinEntityForge=700, CannonballJellyfishEntityForge=300, CaribbeanReefOctopusEntityForge=300, CommonOctopusEntityForge=300, CommonStingrayEntityForge=300, CommonThresherSharkEntityForge=300, GiantMorayEelEntityForge=300, GreatHammerheadSharkEntityForge=300, GreatWhiteSharkEntityForge=300, GreenSeaTurtleEntityForge=300, HarborSealEntityForge=300, NautilusEntityForge=300, OceanicWhitetipSharkEntityForge=300, OrcaEntityForge=700, SandtigerSharkEntityForge=300, ShortfinMakoSharkEntityForge=300, TigerSharkEntityForge=300}	11	{action_escape=6, action_feed=26, bounded_living_scans=125, death_AmericanLobsterEntityForge_mob_by_CommonStingrayEntityForge=1, death_AtlanticCodEntityForge_mob_by_BlacktipReefSharkEntityForge=1, living_deaths=2, navigation_calls=1278, sensor_calls=3635}	62	63
1800	984688584	{AmericanLobsterEntityForge=10, AtlanticCodEntityForge=8, AtlanticSalmonEntityForge=8, BlackSeaNettleJellyfishEntityForge=1, BlacktipReefSharkEntityForge=3, BottlenoseDolphinEntityForge=4, CannonballJellyfishEntityForge=2, CaribbeanReefOctopusEntityForge=2, CommonOctopusEntityForge=3, CommonStingrayEntityForge=3, CommonThresherSharkEntityForge=1, GiantMorayEelEntityForge=4, GreatHammerheadSharkEntityForge=1, GreatWhiteSharkEntityForge=1, GreenSeaTurtleEntityForge=3, HarborSealEntityForge=3, NautilusEntityForge=1, OceanicWhitetipSharkEntityForge=1, OrcaEntityForge=1, SandtigerSharkEntityForge=1, ShortfinMakoSharkEntityForge=1, TigerSharkEntityForge=1}	{AmericanLobsterEntityForge=300, AtlanticCodEntityForge=300, AtlanticSalmonEntityForge=300, BlackSeaNettleJellyfishEntityForge=300, BlacktipReefSharkEntityForge=300, BottlenoseDolphinEntityForge=700, CannonballJellyfishEntityForge=300, CaribbeanReefOctopusEntityForge=300, CommonOctopusEntityForge=300, CommonStingrayEntityForge=300, CommonThresherSharkEntityForge=300, GiantMorayEelEntityForge=300, GreatHammerheadSharkEntityForge=300, GreatWhiteSharkEntityForge=300, GreenSeaTurtleEntityForge=300, HarborSealEntityForge=300, NautilusEntityForge=300, OceanicWhitetipSharkEntityForge=300, OrcaEntityForge=700, SandtigerSharkEntityForge=300, ShortfinMakoSharkEntityForge=300, TigerSharkEntityForge=300}	11	{action_escape=6, action_feed=29, bounded_living_scans=145, death_AmericanLobsterEntityForge_mob_by_CommonStingrayEntityForge=1, death_AtlanticCodEntityForge_mob_by_BlacktipReefSharkEntityForge=1, living_deaths=2, navigation_calls=1400, sensor_calls=4070}	62	63
2000	1090594760	{AmericanLobsterEntityForge=10, AtlanticCodEntityForge=8, AtlanticSalmonEntityForge=8, BlackSeaNettleJellyfishEntityForge=1, BlacktipReefSharkEntityForge=3, BottlenoseDolphinEntityForge=4, CannonballJellyfishEntityForge=2, CaribbeanReefOctopusEntityForge=2, CommonOctopusEntityForge=3, CommonStingrayEntityForge=3, CommonThresherSharkEntityForge=1, GiantMorayEelEntityForge=4, GreatHammerheadSharkEntityForge=1, GreatWhiteSharkEntityForge=1, GreenSeaTurtleEntityForge=3, HarborSealEntityForge=3, NautilusEntityForge=1, OceanicWhitetipSharkEntityForge=1, OrcaEntityForge=1, SandtigerSharkEntityForge=1, ShortfinMakoSharkEntityForge=1, TigerSharkEntityForge=1}	{AmericanLobsterEntityForge=300, AtlanticCodEntityForge=300, AtlanticSalmonEntityForge=300, BlackSeaNettleJellyfishEntityForge=300, BlacktipReefSharkEntityForge=300, BottlenoseDolphinEntityForge=700, CannonballJellyfishEntityForge=300, CaribbeanReefOctopusEntityForge=300, CommonOctopusEntityForge=300, CommonStingrayEntityForge=300, CommonThresherSharkEntityForge=300, GiantMorayEelEntityForge=300, GreatHammerheadSharkEntityForge=300, GreatWhiteSharkEntityForge=300, GreenSeaTurtleEntityForge=300, HarborSealEntityForge=300, NautilusEntityForge=300, OceanicWhitetipSharkEntityForge=300, OrcaEntityForge=700, SandtigerSharkEntityForge=300, ShortfinMakoSharkEntityForge=300, TigerSharkEntityForge=300}	11	{action_escape=6, action_feed=31, bounded_living_scans=151, death_AmericanLobsterEntityForge_mob_by_CommonStingrayEntityForge=1, death_AtlanticCodEntityForge_mob_by_BlacktipReefSharkEntityForge=1, living_deaths=2, navigation_calls=1560, sensor_calls=4547}	62	63
2200	1196500936	{AmericanLobsterEntityForge=10, AtlanticCodEntityForge=8, AtlanticSalmonEntityForge=8, BlackSeaNettleJellyfishEntityForge=1, BlacktipReefSharkEntityForge=3, BottlenoseDolphinEntityForge=4, CannonballJellyfishEntityForge=2, CaribbeanReefOctopusEntityForge=2, CommonOctopusEntityForge=3, CommonStingrayEntityForge=3, CommonThresherSharkEntityForge=1, GiantMorayEelEntityForge=4, GreatHammerheadSharkEntityForge=1, GreatWhiteSharkEntityForge=1, GreenSeaTurtleEntityForge=3, HarborSealEntityForge=3, NautilusEntityForge=1, OceanicWhitetipSharkEntityForge=1, OrcaEntityForge=1, SandtigerSharkEntityForge=1, ShortfinMakoSharkEntityForge=1, TigerSharkEntityForge=1}	{AmericanLobsterEntityForge=300, AtlanticCodEntityForge=300, AtlanticSalmonEntityForge=300, BlackSeaNettleJellyfishEntityForge=300, BlacktipReefSharkEntityForge=300, BottlenoseDolphinEntityForge=700, CannonballJellyfishEntityForge=300, CaribbeanReefOctopusEntityForge=300, CommonOctopusEntityForge=300, CommonStingrayEntityForge=300, CommonThresherSharkEntityForge=300, GiantMorayEelEntityForge=300, GreatHammerheadSharkEntityForge=300, GreatWhiteSharkEntityForge=300, GreenSeaTurtleEntityForge=300, HarborSealEntityForge=300, NautilusEntityForge=300, OceanicWhitetipSharkEntityForge=300, OrcaEntityForge=700, SandtigerSharkEntityForge=300, ShortfinMakoSharkEntityForge=300, TigerSharkEntityForge=300}	11	{action_escape=6, action_feed=34, bounded_living_scans=174, death_AmericanLobsterEntityForge_mob_by_CommonStingrayEntityForge=1, death_AtlanticCodEntityForge_mob_by_BlacktipReefSharkEntityForge=1, living_deaths=2, navigation_calls=1736, sensor_calls=4982}	63	63
2400	1312892872	{AmericanLobsterEntityForge=10, AtlanticCodEntityForge=7, AtlanticSalmonEntityForge=8, BlackSeaNettleJellyfishEntityForge=1, BlacktipReefSharkEntityForge=3, BottlenoseDolphinEntityForge=4, CannonballJellyfishEntityForge=2, CaribbeanReefOctopusEntityForge=2, CommonOctopusEntityForge=3, CommonStingrayEntityForge=3, CommonThresherSharkEntityForge=1, GiantMorayEelEntityForge=4, GreatHammerheadSharkEntityForge=1, GreatWhiteSharkEntityForge=1, GreenSeaTurtleEntityForge=3, HarborSealEntityForge=3, NautilusEntityForge=1, OceanicWhitetipSharkEntityForge=1, OrcaEntityForge=1, SandtigerSharkEntityForge=1, ShortfinMakoSharkEntityForge=1, TigerSharkEntityForge=1}	{AmericanLobsterEntityForge=300, AtlanticCodEntityForge=300, AtlanticSalmonEntityForge=300, BlackSeaNettleJellyfishEntityForge=300, BlacktipReefSharkEntityForge=300, BottlenoseDolphinEntityForge=700, CannonballJellyfishEntityForge=300, CaribbeanReefOctopusEntityForge=300, CommonOctopusEntityForge=300, CommonStingrayEntityForge=300, CommonThresherSharkEntityForge=300, GiantMorayEelEntityForge=300, GreatHammerheadSharkEntityForge=300, GreatWhiteSharkEntityForge=300, GreenSeaTurtleEntityForge=300, HarborSealEntityForge=300, NautilusEntityForge=300, OceanicWhitetipSharkEntityForge=300, OrcaEntityForge=700, SandtigerSharkEntityForge=300, ShortfinMakoSharkEntityForge=300, TigerSharkEntityForge=300}	11	{action_escape=6, action_feed=35, bounded_living_scans=179, death_AmericanLobsterEntityForge_mob_by_CommonStingrayEntityForge=1, death_AtlanticCodEntityForge_mob_by_BlacktipReefSharkEntityForge=1, death_AtlanticCodEntityForge_mob_by_SandtigerSharkEntityForge=1, living_deaths=3, navigation_calls=1912, sensor_calls=5459}	59	62
2600	1430333384	{AmericanLobsterEntityForge=10, AtlanticCodEntityForge=8, AtlanticSalmonEntityForge=8, BlackSeaNettleJellyfishEntityForge=1, BlacktipReefSharkEntityForge=3, BottlenoseDolphinEntityForge=4, CannonballJellyfishEntityForge=2, CaribbeanReefOctopusEntityForge=2, CommonOctopusEntityForge=3, CommonStingrayEntityForge=3, CommonThresherSharkEntityForge=1, GiantMorayEelEntityForge=4, GreatHammerheadSharkEntityForge=1, GreatWhiteSharkEntityForge=1, GreenSeaTurtleEntityForge=3, HarborSealEntityForge=3, NautilusEntityForge=1, OceanicWhitetipSharkEntityForge=1, OrcaEntityForge=1, SandtigerSharkEntityForge=1, ShortfinMakoSharkEntityForge=1, TigerSharkEntityForge=1}	{AmericanLobsterEntityForge=300, AtlanticCodEntityForge=300, AtlanticSalmonEntityForge=300, BlackSeaNettleJellyfishEntityForge=300, BlacktipReefSharkEntityForge=300, BottlenoseDolphinEntityForge=700, CannonballJellyfishEntityForge=300, CaribbeanReefOctopusEntityForge=300, CommonOctopusEntityForge=300, CommonStingrayEntityForge=300, CommonThresherSharkEntityForge=300, GiantMorayEelEntityForge=300, GreatHammerheadSharkEntityForge=300, GreatWhiteSharkEntityForge=298, GreenSeaTurtleEntityForge=300, HarborSealEntityForge=300, NautilusEntityForge=300, OceanicWhitetipSharkEntityForge=300, OrcaEntityForge=700, SandtigerSharkEntityForge=300, ShortfinMakoSharkEntityForge=300, TigerSharkEntityForge=300}	11	{action_escape=7, action_feed=38, bounded_living_scans=202, death_AmericanLobsterEntityForge_mob_by_CommonStingrayEntityForge=1, death_AtlanticCodEntityForge_mob_by_BlacktipReefSharkEntityForge=1, death_AtlanticCodEntityForge_mob_by_SandtigerSharkEntityForge=1, living_deaths=3, navigation_calls=2037, sensor_calls=5894}	60	63
2800	380651656	{AmericanLobsterEntityForge=10, AtlanticCodEntityForge=8, AtlanticSalmonEntityForge=8, BlackSeaNettleJellyfishEntityForge=1, BlacktipReefSharkEntityForge=3, BottlenoseDolphinEntityForge=4, CannonballJellyfishEntityForge=2, CaribbeanReefOctopusEntityForge=2, CommonOctopusEntityForge=3, CommonStingrayEntityForge=3, CommonThresherSharkEntityForge=1, GiantMorayEelEntityForge=4, GreatHammerheadSharkEntityForge=1, GreatWhiteSharkEntityForge=1, GreenSeaTurtleEntityForge=3, HarborSealEntityForge=3, NautilusEntityForge=1, OceanicWhitetipSharkEntityForge=1, OrcaEntityForge=1, SandtigerSharkEntityForge=1, ShortfinMakoSharkEntityForge=1, TigerSharkEntityForge=1}	{AmericanLobsterEntityForge=300, AtlanticCodEntityForge=300, AtlanticSalmonEntityForge=300, BlackSeaNettleJellyfishEntityForge=300, BlacktipReefSharkEntityForge=300, BottlenoseDolphinEntityForge=700, CannonballJellyfishEntityForge=300, CaribbeanReefOctopusEntityForge=300, CommonOctopusEntityForge=300, CommonStingrayEntityForge=300, CommonThresherSharkEntityForge=300, GiantMorayEelEntityForge=300, GreatHammerheadSharkEntityForge=300, GreatWhiteSharkEntityForge=300, GreenSeaTurtleEntityForge=300, HarborSealEntityForge=300, NautilusEntityForge=300, OceanicWhitetipSharkEntityForge=300, OrcaEntityForge=700, SandtigerSharkEntityForge=300, ShortfinMakoSharkEntityForge=300, TigerSharkEntityForge=300}	11	{action_escape=7, action_feed=40, bounded_living_scans=206, death_AmericanLobsterEntityForge_mob_by_CommonStingrayEntityForge=1, death_AtlanticCodEntityForge_mob_by_BlacktipReefSharkEntityForge=1, death_AtlanticCodEntityForge_mob_by_SandtigerSharkEntityForge=1, living_deaths=3, navigation_calls=2184, sensor_calls=6371}	60	63
3000	367051864	{AmericanLobsterEntityForge=10, AtlanticCodEntityForge=8, AtlanticSalmonEntityForge=8, BlackSeaNettleJellyfishEntityForge=1, BlacktipReefSharkEntityForge=3, BottlenoseDolphinEntityForge=4, CannonballJellyfishEntityForge=2, CaribbeanReefOctopusEntityForge=2, CommonOctopusEntityForge=3, CommonStingrayEntityForge=3, CommonThresherSharkEntityForge=1, GiantMorayEelEntityForge=4, GreatHammerheadSharkEntityForge=1, GreatWhiteSharkEntityForge=1, GreenSeaTurtleEntityForge=3, HarborSealEntityForge=3, NautilusEntityForge=1, OceanicWhitetipSharkEntityForge=1, OrcaEntityForge=1, SandtigerSharkEntityForge=1, ShortfinMakoSharkEntityForge=1, TigerSharkEntityForge=1}	{AmericanLobsterEntityForge=300, AtlanticCodEntityForge=300, AtlanticSalmonEntityForge=300, BlackSeaNettleJellyfishEntityForge=300, BlacktipReefSharkEntityForge=300, BottlenoseDolphinEntityForge=700, CannonballJellyfishEntityForge=300, CaribbeanReefOctopusEntityForge=300, CommonOctopusEntityForge=300, CommonStingrayEntityForge=300, CommonThresherSharkEntityForge=300, GiantMorayEelEntityForge=300, GreatHammerheadSharkEntityForge=300, GreatWhiteSharkEntityForge=300, GreenSeaTurtleEntityForge=300, HarborSealEntityForge=300, NautilusEntityForge=300, OceanicWhitetipSharkEntityForge=300, OrcaEntityForge=700, SandtigerSharkEntityForge=300, ShortfinMakoSharkEntityForge=300, TigerSharkEntityForge=300}	11	{action_escape=8, action_feed=44, bounded_living_scans=232, death_AmericanLobsterEntityForge_mob_by_CommonStingrayEntityForge=1, death_AtlanticCodEntityForge_mob_by_BlacktipReefSharkEntityForge=1, death_AtlanticCodEntityForge_mob_by_SandtigerSharkEntityForge=1, living_deaths=3, navigation_calls=2321, sensor_calls=6848}	61	63
3200	476103768	{AmericanLobsterEntityForge=10, AtlanticCodEntityForge=8, AtlanticSalmonEntityForge=8, BlackSeaNettleJellyfishEntityForge=1, BlacktipReefSharkEntityForge=3, BottlenoseDolphinEntityForge=4, CannonballJellyfishEntityForge=2, CaribbeanReefOctopusEntityForge=2, CommonOctopusEntityForge=3, CommonStingrayEntityForge=3, CommonThresherSharkEntityForge=1, GiantMorayEelEntityForge=4, GreatHammerheadSharkEntityForge=1, GreatWhiteSharkEntityForge=1, GreenSeaTurtleEntityForge=3, HarborSealEntityForge=3, NautilusEntityForge=1, OceanicWhitetipSharkEntityForge=1, OrcaEntityForge=1, SandtigerSharkEntityForge=1, ShortfinMakoSharkEntityForge=1, TigerSharkEntityForge=1}	{AmericanLobsterEntityForge=300, AtlanticCodEntityForge=300, AtlanticSalmonEntityForge=300, BlackSeaNettleJellyfishEntityForge=300, BlacktipReefSharkEntityForge=300, BottlenoseDolphinEntityForge=700, CannonballJellyfishEntityForge=300, CaribbeanReefOctopusEntityForge=300, CommonOctopusEntityForge=300, CommonStingrayEntityForge=300, CommonThresherSharkEntityForge=300, GiantMorayEelEntityForge=300, GreatHammerheadSharkEntityForge=300, GreatWhiteSharkEntityForge=300, GreenSeaTurtleEntityForge=300, HarborSealEntityForge=300, NautilusEntityForge=300, OceanicWhitetipSharkEntityForge=300, OrcaEntityForge=699, SandtigerSharkEntityForge=300, ShortfinMakoSharkEntityForge=300, TigerSharkEntityForge=300}	11	{action_escape=8, action_feed=46, bounded_living_scans=235, death_AmericanLobsterEntityForge_mob_by_CommonStingrayEntityForge=1, death_AtlanticCodEntityForge_mob_by_BlacktipReefSharkEntityForge=1, death_AtlanticCodEntityForge_mob_by_SandtigerSharkEntityForge=1, living_deaths=3, navigation_calls=2476, sensor_calls=7283}	61	63
3400	592495704	{AmericanLobsterEntityForge=10, AtlanticCodEntityForge=8, AtlanticSalmonEntityForge=8, BlackSeaNettleJellyfishEntityForge=1, BlacktipReefSharkEntityForge=3, BottlenoseDolphinEntityForge=4, CannonballJellyfishEntityForge=2, CaribbeanReefOctopusEntityForge=2, CommonOctopusEntityForge=3, CommonStingrayEntityForge=3, CommonThresherSharkEntityForge=1, GiantMorayEelEntityForge=4, GreatHammerheadSharkEntityForge=1, GreatWhiteSharkEntityForge=1, GreenSeaTurtleEntityForge=3, HarborSealEntityForge=3, NautilusEntityForge=1, OceanicWhitetipSharkEntityForge=1, OrcaEntityForge=1, SandtigerSharkEntityForge=1, ShortfinMakoSharkEntityForge=1, TigerSharkEntityForge=1}	{AmericanLobsterEntityForge=300, AtlanticCodEntityForge=300, AtlanticSalmonEntityForge=300, BlackSeaNettleJellyfishEntityForge=300, BlacktipReefSharkEntityForge=300, BottlenoseDolphinEntityForge=700, CannonballJellyfishEntityForge=300, CaribbeanReefOctopusEntityForge=300, CommonOctopusEntityForge=300, CommonStingrayEntityForge=300, CommonThresherSharkEntityForge=300, GiantMorayEelEntityForge=300, GreatHammerheadSharkEntityForge=300, GreatWhiteSharkEntityForge=300, GreenSeaTurtleEntityForge=300, HarborSealEntityForge=300, NautilusEntityForge=300, OceanicWhitetipSharkEntityForge=300, OrcaEntityForge=700, SandtigerSharkEntityForge=300, ShortfinMakoSharkEntityForge=300, TigerSharkEntityForge=300}	11	{action_escape=8, action_feed=50, bounded_living_scans=259, death_AmericanLobsterEntityForge_mob_by_CommonStingrayEntityForge=1, death_AtlanticCodEntityForge_mob_by_BlacktipReefSharkEntityForge=1, death_AtlanticCodEntityForge_mob_by_SandtigerSharkEntityForge=1, living_deaths=3, navigation_calls=2618, sensor_calls=7760}	62	63
3600	718324824	{AmericanLobsterEntityForge=10, AtlanticCodEntityForge=8, AtlanticSalmonEntityForge=8, BlackSeaNettleJellyfishEntityForge=1, BlacktipReefSharkEntityForge=3, BottlenoseDolphinEntityForge=4, CannonballJellyfishEntityForge=2, CaribbeanReefOctopusEntityForge=2, CommonOctopusEntityForge=3, CommonStingrayEntityForge=3, CommonThresherSharkEntityForge=1, GiantMorayEelEntityForge=4, GreatHammerheadSharkEntityForge=1, GreatWhiteSharkEntityForge=1, GreenSeaTurtleEntityForge=3, HarborSealEntityForge=3, NautilusEntityForge=1, OceanicWhitetipSharkEntityForge=1, OrcaEntityForge=1, SandtigerSharkEntityForge=1, ShortfinMakoSharkEntityForge=1, TigerSharkEntityForge=1}	{AmericanLobsterEntityForge=300, AtlanticCodEntityForge=300, AtlanticSalmonEntityForge=300, BlackSeaNettleJellyfishEntityForge=300, BlacktipReefSharkEntityForge=300, BottlenoseDolphinEntityForge=700, CannonballJellyfishEntityForge=300, CaribbeanReefOctopusEntityForge=300, CommonOctopusEntityForge=300, CommonStingrayEntityForge=300, CommonThresherSharkEntityForge=300, GiantMorayEelEntityForge=300, GreatHammerheadSharkEntityForge=300, GreatWhiteSharkEntityForge=300, GreenSeaTurtleEntityForge=300, HarborSealEntityForge=300, NautilusEntityForge=300, OceanicWhitetipSharkEntityForge=300, OrcaEntityForge=700, SandtigerSharkEntityForge=300, ShortfinMakoSharkEntityForge=300, TigerSharkEntityForge=300}	11	{action_escape=10, action_feed=51, bounded_living_scans=268, death_AmericanLobsterEntityForge_mob_by_CommonStingrayEntityForge=1, death_AtlanticCodEntityForge_mob_by_BlacktipReefSharkEntityForge=1, death_AtlanticCodEntityForge_mob_by_SandtigerSharkEntityForge=1, living_deaths=3, navigation_calls=2766, sensor_calls=8196}	59	63
3800	833668184	{AmericanLobsterEntityForge=10, AtlanticCodEntityForge=8, AtlanticSalmonEntityForge=8, BlackSeaNettleJellyfishEntityForge=1, BlacktipReefSharkEntityForge=3, BottlenoseDolphinEntityForge=4, CannonballJellyfishEntityForge=2, CaribbeanReefOctopusEntityForge=2, CommonOctopusEntityForge=3, CommonStingrayEntityForge=3, CommonThresherSharkEntityForge=1, GiantMorayEelEntityForge=4, GreatHammerheadSharkEntityForge=1, GreatWhiteSharkEntityForge=1, GreenSeaTurtleEntityForge=3, HarborSealEntityForge=3, NautilusEntityForge=1, OceanicWhitetipSharkEntityForge=1, OrcaEntityForge=1, SandtigerSharkEntityForge=1, ShortfinMakoSharkEntityForge=1, TigerSharkEntityForge=1}	{AmericanLobsterEntityForge=300, AtlanticCodEntityForge=300, AtlanticSalmonEntityForge=300, BlackSeaNettleJellyfishEntityForge=300, BlacktipReefSharkEntityForge=300, BottlenoseDolphinEntityForge=700, CannonballJellyfishEntityForge=300, CaribbeanReefOctopusEntityForge=300, CommonOctopusEntityForge=300, CommonStingrayEntityForge=300, CommonThresherSharkEntityForge=300, GiantMorayEelEntityForge=300, GreatHammerheadSharkEntityForge=300, GreatWhiteSharkEntityForge=300, GreenSeaTurtleEntityForge=300, HarborSealEntityForge=300, NautilusEntityForge=300, OceanicWhitetipSharkEntityForge=300, OrcaEntityForge=700, SandtigerSharkEntityForge=300, ShortfinMakoSharkEntityForge=300, TigerSharkEntityForge=300}	11	{action_escape=11, action_feed=53, bounded_living_scans=287, death_AmericanLobsterEntityForge_mob_by_CommonStingrayEntityForge=1, death_AtlanticCodEntityForge_mob_by_BlacktipReefSharkEntityForge=1, death_AtlanticCodEntityForge_mob_by_SandtigerSharkEntityForge=1, living_deaths=3, navigation_calls=2948, sensor_calls=8673}	63	63
4000	941671512	{AmericanLobsterEntityForge=10, AtlanticCodEntityForge=8, AtlanticSalmonEntityForge=8, BlackSeaNettleJellyfishEntityForge=1, BlacktipReefSharkEntityForge=3, BottlenoseDolphinEntityForge=4, CannonballJellyfishEntityForge=2, CaribbeanReefOctopusEntityForge=2, CommonOctopusEntityForge=3, CommonStingrayEntityForge=3, CommonThresherSharkEntityForge=1, GiantMorayEelEntityForge=4, GreatHammerheadSharkEntityForge=1, GreatWhiteSharkEntityForge=1, GreenSeaTurtleEntityForge=3, HarborSealEntityForge=3, NautilusEntityForge=1, OceanicWhitetipSharkEntityForge=1, OrcaEntityForge=1, SandtigerSharkEntityForge=1, ShortfinMakoSharkEntityForge=1, TigerSharkEntityForge=1}	{AmericanLobsterEntityForge=300, AtlanticCodEntityForge=300, AtlanticSalmonEntityForge=300, BlackSeaNettleJellyfishEntityForge=300, BlacktipReefSharkEntityForge=300, BottlenoseDolphinEntityForge=700, CannonballJellyfishEntityForge=300, CaribbeanReefOctopusEntityForge=300, CommonOctopusEntityForge=300, CommonStingrayEntityForge=300, CommonThresherSharkEntityForge=300, GiantMorayEelEntityForge=300, GreatHammerheadSharkEntityForge=300, GreatWhiteSharkEntityForge=300, GreenSeaTurtleEntityForge=300, HarborSealEntityForge=300, NautilusEntityForge=300, OceanicWhitetipSharkEntityForge=300, OrcaEntityForge=700, SandtigerSharkEntityForge=300, ShortfinMakoSharkEntityForge=300, TigerSharkEntityForge=300}	11	{action_escape=11, action_feed=56, bounded_living_scans=294, death_AmericanLobsterEntityForge_mob_by_CommonStingrayEntityForge=1, death_AtlanticCodEntityForge_mob_by_BlacktipReefSharkEntityForge=1, death_AtlanticCodEntityForge_mob_by_SandtigerSharkEntityForge=1, death_CommonStingrayEntityForge_mob_by_GreatHammerheadSharkEntityForge=1, living_deaths=4, navigation_calls=3093, sensor_calls=9108}	63	63
4200	1048626264	{AmericanLobsterEntityForge=10, AtlanticCodEntityForge=8, AtlanticSalmonEntityForge=8, BlackSeaNettleJellyfishEntityForge=1, BlacktipReefSharkEntityForge=3, BottlenoseDolphinEntityForge=4, CannonballJellyfishEntityForge=2, CaribbeanReefOctopusEntityForge=2, CommonOctopusEntityForge=3, CommonStingrayEntityForge=2, CommonThresherSharkEntityForge=1, GiantMorayEelEntityForge=4, GreatHammerheadSharkEntityForge=1, GreatWhiteSharkEntityForge=1, GreenSeaTurtleEntityForge=3, HarborSealEntityForge=3, NautilusEntityForge=1, OceanicWhitetipSharkEntityForge=1, OrcaEntityForge=1, SandtigerSharkEntityForge=1, ShortfinMakoSharkEntityForge=1, TigerSharkEntityForge=1}	{AmericanLobsterEntityForge=300, AtlanticCodEntityForge=300, AtlanticSalmonEntityForge=300, BlackSeaNettleJellyfishEntityForge=300, BlacktipReefSharkEntityForge=300, BottlenoseDolphinEntityForge=700, CannonballJellyfishEntityForge=300, CaribbeanReefOctopusEntityForge=300, CommonOctopusEntityForge=300, CommonStingrayEntityForge=300, CommonThresherSharkEntityForge=300, GiantMorayEelEntityForge=300, GreatHammerheadSharkEntityForge=300, GreatWhiteSharkEntityForge=300, GreenSeaTurtleEntityForge=300, HarborSealEntityForge=300, NautilusEntityForge=300, OceanicWhitetipSharkEntityForge=300, OrcaEntityForge=700, SandtigerSharkEntityForge=300, ShortfinMakoSharkEntityForge=300, TigerSharkEntityForge=300}	11	{action_escape=11, action_feed=59, bounded_living_scans=315, death_AmericanLobsterEntityForge_mob_by_CommonStingrayEntityForge=1, death_AtlanticCodEntityForge_mob_by_BlacktipReefSharkEntityForge=1, death_AtlanticCodEntityForge_mob_by_SandtigerSharkEntityForge=1, death_CommonStingrayEntityForge_mob_by_GreatHammerheadSharkEntityForge=1, living_deaths=4, navigation_calls=3253, sensor_calls=9585}	61	62
4400	1156629592	{AmericanLobsterEntityForge=9, AtlanticCodEntityForge=8, AtlanticSalmonEntityForge=8, BlackSeaNettleJellyfishEntityForge=1, BlacktipReefSharkEntityForge=3, BottlenoseDolphinEntityForge=4, CannonballJellyfishEntityForge=2, CaribbeanReefOctopusEntityForge=2, CommonOctopusEntityForge=3, CommonStingrayEntityForge=3, CommonThresherSharkEntityForge=1, GiantMorayEelEntityForge=4, GreatHammerheadSharkEntityForge=1, GreatWhiteSharkEntityForge=1, GreenSeaTurtleEntityForge=3, HarborSealEntityForge=3, NautilusEntityForge=1, OceanicWhitetipSharkEntityForge=1, OrcaEntityForge=1, SandtigerSharkEntityForge=1, ShortfinMakoSharkEntityForge=1, TigerSharkEntityForge=1}	{AmericanLobsterEntityForge=300, AtlanticCodEntityForge=300, AtlanticSalmonEntityForge=300, BlackSeaNettleJellyfishEntityForge=300, BlacktipReefSharkEntityForge=300, BottlenoseDolphinEntityForge=700, CannonballJellyfishEntityForge=300, CaribbeanReefOctopusEntityForge=300, CommonOctopusEntityForge=300, CommonStingrayEntityForge=300, CommonThresherSharkEntityForge=300, GiantMorayEelEntityForge=300, GreatHammerheadSharkEntityForge=300, GreatWhiteSharkEntityForge=298, GreenSeaTurtleEntityForge=300, HarborSealEntityForge=300, NautilusEntityForge=300, OceanicWhitetipSharkEntityForge=300, OrcaEntityForge=700, SandtigerSharkEntityForge=300, ShortfinMakoSharkEntityForge=300, TigerSharkEntityForge=300}	11	{action_escape=11, action_feed=64, bounded_living_scans=326, death_AmericanLobsterEntityForge_mob_by_CommonStingrayEntityForge=2, death_AtlanticCodEntityForge_mob_by_BlacktipReefSharkEntityForge=1, death_AtlanticCodEntityForge_mob_by_SandtigerSharkEntityForge=1, death_CommonStingrayEntityForge_mob_by_GreatHammerheadSharkEntityForge=1, living_deaths=5, navigation_calls=3397, sensor_calls=10014}	61	62
4600	1264632920	{AmericanLobsterEntityForge=10, AtlanticCodEntityForge=8, AtlanticSalmonEntityForge=8, BlackSeaNettleJellyfishEntityForge=1, BlacktipReefSharkEntityForge=3, BottlenoseDolphinEntityForge=4, CannonballJellyfishEntityForge=2, CaribbeanReefOctopusEntityForge=2, CommonOctopusEntityForge=3, CommonStingrayEntityForge=3, CommonThresherSharkEntityForge=1, GiantMorayEelEntityForge=4, GreatHammerheadSharkEntityForge=1, GreatWhiteSharkEntityForge=1, GreenSeaTurtleEntityForge=3, HarborSealEntityForge=3, NautilusEntityForge=1, OceanicWhitetipSharkEntityForge=1, OrcaEntityForge=1, SandtigerSharkEntityForge=1, ShortfinMakoSharkEntityForge=1, TigerSharkEntityForge=1}	{AmericanLobsterEntityForge=300, AtlanticCodEntityForge=300, AtlanticSalmonEntityForge=300, BlackSeaNettleJellyfishEntityForge=300, BlacktipReefSharkEntityForge=300, BottlenoseDolphinEntityForge=700, CannonballJellyfishEntityForge=300, CaribbeanReefOctopusEntityForge=300, CommonOctopusEntityForge=300, CommonStingrayEntityForge=300, CommonThresherSharkEntityForge=300, GiantMorayEelEntityForge=300, GreatHammerheadSharkEntityForge=300, GreatWhiteSharkEntityForge=300, GreenSeaTurtleEntityForge=300, HarborSealEntityForge=300, NautilusEntityForge=300, OceanicWhitetipSharkEntityForge=300, OrcaEntityForge=700, SandtigerSharkEntityForge=300, ShortfinMakoSharkEntityForge=300, TigerSharkEntityForge=300}	11	{action_escape=11, action_feed=67, bounded_living_scans=345, death_AmericanLobsterEntityForge_mob_by_CommonStingrayEntityForge=2, death_AtlanticCodEntityForge_mob_by_BlacktipReefSharkEntityForge=1, death_AtlanticCodEntityForge_mob_by_SandtigerSharkEntityForge=1, death_CommonStingrayEntityForge_mob_by_GreatHammerheadSharkEntityForge=1, living_deaths=5, navigation_calls=3521, sensor_calls=10491}	60	63
4800	1370539096	{AmericanLobsterEntityForge=10, AtlanticCodEntityForge=8, AtlanticSalmonEntityForge=8, BlackSeaNettleJellyfishEntityForge=1, BlacktipReefSharkEntityForge=3, BottlenoseDolphinEntityForge=4, CannonballJellyfishEntityForge=2, CaribbeanReefOctopusEntityForge=2, CommonOctopusEntityForge=3, CommonStingrayEntityForge=3, CommonThresherSharkEntityForge=1, GiantMorayEelEntityForge=4, GreatHammerheadSharkEntityForge=1, GreatWhiteSharkEntityForge=1, GreenSeaTurtleEntityForge=3, HarborSealEntityForge=3, NautilusEntityForge=1, OceanicWhitetipSharkEntityForge=1, OrcaEntityForge=1, SandtigerSharkEntityForge=1, ShortfinMakoSharkEntityForge=1, TigerSharkEntityForge=1}	{AmericanLobsterEntityForge=300, AtlanticCodEntityForge=300, AtlanticSalmonEntityForge=300, BlackSeaNettleJellyfishEntityForge=300, BlacktipReefSharkEntityForge=300, BottlenoseDolphinEntityForge=700, CannonballJellyfishEntityForge=300, CaribbeanReefOctopusEntityForge=300, CommonOctopusEntityForge=300, CommonStingrayEntityForge=300, CommonThresherSharkEntityForge=300, GiantMorayEelEntityForge=300, GreatHammerheadSharkEntityForge=300, GreatWhiteSharkEntityForge=300, GreenSeaTurtleEntityForge=300, HarborSealEntityForge=300, NautilusEntityForge=300, OceanicWhitetipSharkEntityForge=300, OrcaEntityForge=700, SandtigerSharkEntityForge=300, ShortfinMakoSharkEntityForge=300, TigerSharkEntityForge=300}	11	{action_escape=12, action_feed=69, bounded_living_scans=357, death_AmericanLobsterEntityForge_mob_by_CommonStingrayEntityForge=2, death_AtlanticCodEntityForge_mob_by_BlacktipReefSharkEntityForge=1, death_AtlanticCodEntityForge_mob_by_SandtigerSharkEntityForge=1, death_CommonStingrayEntityForge_mob_by_GreatHammerheadSharkEntityForge=1, living_deaths=5, navigation_calls=3682, sensor_calls=10926}	62	63
5000	1477493848	{AmericanLobsterEntityForge=10, AtlanticCodEntityForge=8, AtlanticSalmonEntityForge=8, BlackSeaNettleJellyfishEntityForge=1, BlacktipReefSharkEntityForge=3, BottlenoseDolphinEntityForge=4, CannonballJellyfishEntityForge=2, CaribbeanReefOctopusEntityForge=2, CommonOctopusEntityForge=3, CommonStingrayEntityForge=3, CommonThresherSharkEntityForge=1, GiantMorayEelEntityForge=4, GreatHammerheadSharkEntityForge=1, GreatWhiteSharkEntityForge=1, GreenSeaTurtleEntityForge=3, HarborSealEntityForge=3, NautilusEntityForge=1, OceanicWhitetipSharkEntityForge=1, OrcaEntityForge=1, SandtigerSharkEntityForge=1, ShortfinMakoSharkEntityForge=1, TigerSharkEntityForge=1}	{AmericanLobsterEntityForge=300, AtlanticCodEntityForge=300, AtlanticSalmonEntityForge=300, BlackSeaNettleJellyfishEntityForge=300, BlacktipReefSharkEntityForge=300, BottlenoseDolphinEntityForge=700, CannonballJellyfishEntityForge=300, CaribbeanReefOctopusEntityForge=300, CommonOctopusEntityForge=300, CommonStingrayEntityForge=300, CommonThresherSharkEntityForge=300, GiantMorayEelEntityForge=300, GreatHammerheadSharkEntityForge=300, GreatWhiteSharkEntityForge=300, GreenSeaTurtleEntityForge=300, HarborSealEntityForge=300, NautilusEntityForge=300, OceanicWhitetipSharkEntityForge=300, OrcaEntityForge=700, SandtigerSharkEntityForge=300, ShortfinMakoSharkEntityForge=300, TigerSharkEntityForge=300}	11	{action_escape=13, action_feed=70, bounded_living_scans=377, death_AmericanLobsterEntityForge_mob_by_CommonStingrayEntityForge=2, death_AtlanticCodEntityForge_mob_by_BlacktipReefSharkEntityForge=1, death_AtlanticCodEntityForge_mob_by_SandtigerSharkEntityForge=1, death_CommonStingrayEntityForge_mob_by_GreatHammerheadSharkEntityForge=1, living_deaths=5, navigation_calls=3856, sensor_calls=11403}	60	63
5200	1579205720	{AmericanLobsterEntityForge=10, AtlanticCodEntityForge=8, AtlanticSalmonEntityForge=8, BlackSeaNettleJellyfishEntityForge=1, BlacktipReefSharkEntityForge=3, BottlenoseDolphinEntityForge=4, CannonballJellyfishEntityForge=2, CaribbeanReefOctopusEntityForge=2, CommonOctopusEntityForge=3, CommonStingrayEntityForge=3, CommonThresherSharkEntityForge=1, GiantMorayEelEntityForge=4, GreatHammerheadSharkEntityForge=1, GreatWhiteSharkEntityForge=1, GreenSeaTurtleEntityForge=3, HarborSealEntityForge=3, NautilusEntityForge=1, OceanicWhitetipSharkEntityForge=1, OrcaEntityForge=1, SandtigerSharkEntityForge=1, ShortfinMakoSharkEntityForge=1, TigerSharkEntityForge=1}	{AmericanLobsterEntityForge=300, AtlanticCodEntityForge=300, AtlanticSalmonEntityForge=300, BlackSeaNettleJellyfishEntityForge=300, BlacktipReefSharkEntityForge=300, BottlenoseDolphinEntityForge=700, CannonballJellyfishEntityForge=300, CaribbeanReefOctopusEntityForge=300, CommonOctopusEntityForge=300, CommonStingrayEntityForge=300, CommonThresherSharkEntityForge=300, GiantMorayEelEntityForge=300, GreatHammerheadSharkEntityForge=300, GreatWhiteSharkEntityForge=300, GreenSeaTurtleEntityForge=300, HarborSealEntityForge=300, NautilusEntityForge=300, OceanicWhitetipSharkEntityForge=300, OrcaEntityForge=700, SandtigerSharkEntityForge=300, ShortfinMakoSharkEntityForge=300, TigerSharkEntityForge=300}	11	{action_escape=14, action_feed=72, bounded_living_scans=386, death_AmericanLobsterEntityForge_mob_by_CommonStingrayEntityForge=2, death_AtlanticCodEntityForge_mob_by_BlacktipReefSharkEntityForge=1, death_AtlanticCodEntityForge_mob_by_SandtigerSharkEntityForge=1, death_CommonStingrayEntityForge_mob_by_GreatHammerheadSharkEntityForge=1, living_deaths=5, navigation_calls=4019, sensor_calls=11840}	62	63
5400	416701872	{AmericanLobsterEntityForge=10, AtlanticCodEntityForge=8, AtlanticSalmonEntityForge=8, BlackSeaNettleJellyfishEntityForge=1, BlacktipReefSharkEntityForge=3, BottlenoseDolphinEntityForge=4, CannonballJellyfishEntityForge=2, CaribbeanReefOctopusEntityForge=2, CommonOctopusEntityForge=3, CommonStingrayEntityForge=3, CommonThresherSharkEntityForge=1, GiantMorayEelEntityForge=4, GreatHammerheadSharkEntityForge=1, GreatWhiteSharkEntityForge=1, GreenSeaTurtleEntityForge=3, HarborSealEntityForge=3, NautilusEntityForge=1, OceanicWhitetipSharkEntityForge=1, OrcaEntityForge=1, SandtigerSharkEntityForge=1, ShortfinMakoSharkEntityForge=1, TigerSharkEntityForge=1}	{AmericanLobsterEntityForge=300, AtlanticCodEntityForge=300, AtlanticSalmonEntityForge=300, BlackSeaNettleJellyfishEntityForge=300, BlacktipReefSharkEntityForge=300, BottlenoseDolphinEntityForge=700, CannonballJellyfishEntityForge=300, CaribbeanReefOctopusEntityForge=300, CommonOctopusEntityForge=300, CommonStingrayEntityForge=300, CommonThresherSharkEntityForge=300, GiantMorayEelEntityForge=300, GreatHammerheadSharkEntityForge=300, GreatWhiteSharkEntityForge=300, GreenSeaTurtleEntityForge=300, HarborSealEntityForge=300, NautilusEntityForge=300, OceanicWhitetipSharkEntityForge=300, OrcaEntityForge=700, SandtigerSharkEntityForge=300, ShortfinMakoSharkEntityForge=300, TigerSharkEntityForge=300}	11	{action_escape=14, action_feed=72, bounded_living_scans=403, death_AmericanLobsterEntityForge_mob_by_CommonStingrayEntityForge=2, death_AtlanticCodEntityForge_mob_by_BlacktipReefSharkEntityForge=1, death_AtlanticCodEntityForge_mob_by_SandtigerSharkEntityForge=1, death_CommonStingrayEntityForge_mob_by_GreatHammerheadSharkEntityForge=1, living_deaths=5, navigation_calls=4214, sensor_calls=12315}	62	63
5600	519462320	{AmericanLobsterEntityForge=10, AtlanticCodEntityForge=8, AtlanticSalmonEntityForge=8, BlackSeaNettleJellyfishEntityForge=1, BlacktipReefSharkEntityForge=3, BottlenoseDolphinEntityForge=4, CannonballJellyfishEntityForge=2, CaribbeanReefOctopusEntityForge=2, CommonOctopusEntityForge=3, CommonStingrayEntityForge=3, CommonThresherSharkEntityForge=1, GiantMorayEelEntityForge=4, GreatHammerheadSharkEntityForge=1, GreatWhiteSharkEntityForge=1, GreenSeaTurtleEntityForge=3, HarborSealEntityForge=3, NautilusEntityForge=1, OceanicWhitetipSharkEntityForge=1, OrcaEntityForge=1, SandtigerSharkEntityForge=1, ShortfinMakoSharkEntityForge=1, TigerSharkEntityForge=1}	{AmericanLobsterEntityForge=300, AtlanticCodEntityForge=300, AtlanticSalmonEntityForge=300, BlackSeaNettleJellyfishEntityForge=300, BlacktipReefSharkEntityForge=300, BottlenoseDolphinEntityForge=700, CannonballJellyfishEntityForge=300, CaribbeanReefOctopusEntityForge=300, CommonOctopusEntityForge=300, CommonStingrayEntityForge=300, CommonThresherSharkEntityForge=300, GiantMorayEelEntityForge=300, GreatHammerheadSharkEntityForge=300, GreatWhiteSharkEntityForge=300, GreenSeaTurtleEntityForge=300, HarborSealEntityForge=300, NautilusEntityForge=300, OceanicWhitetipSharkEntityForge=300, OrcaEntityForge=700, SandtigerSharkEntityForge=300, ShortfinMakoSharkEntityForge=300, TigerSharkEntityForge=300}	11	{action_escape=15, action_feed=74, bounded_living_scans=408, death_AmericanLobsterEntityForge_mob_by_CommonStingrayEntityForge=2, death_AtlanticCodEntityForge_mob_by_BlacktipReefSharkEntityForge=1, death_AtlanticCodEntityForge_mob_by_SandtigerSharkEntityForge=1, death_CommonStingrayEntityForge_mob_by_GreatHammerheadSharkEntityForge=1, living_deaths=5, navigation_calls=4382, sensor_calls=12752}	63	63
5800	623271344	{AmericanLobsterEntityForge=10, AtlanticCodEntityForge=8, AtlanticSalmonEntityForge=8, BlackSeaNettleJellyfishEntityForge=1, BlacktipReefSharkEntityForge=3, BottlenoseDolphinEntityForge=4, CannonballJellyfishEntityForge=2, CaribbeanReefOctopusEntityForge=2, CommonOctopusEntityForge=3, CommonStingrayEntityForge=3, CommonThresherSharkEntityForge=1, GiantMorayEelEntityForge=4, GreatHammerheadSharkEntityForge=1, GreatWhiteSharkEntityForge=1, GreenSeaTurtleEntityForge=3, HarborSealEntityForge=3, NautilusEntityForge=1, OceanicWhitetipSharkEntityForge=1, OrcaEntityForge=1, SandtigerSharkEntityForge=1, ShortfinMakoSharkEntityForge=1, TigerSharkEntityForge=1}	{AmericanLobsterEntityForge=300, AtlanticCodEntityForge=300, AtlanticSalmonEntityForge=300, BlackSeaNettleJellyfishEntityForge=300, BlacktipReefSharkEntityForge=300, BottlenoseDolphinEntityForge=700, CannonballJellyfishEntityForge=300, CaribbeanReefOctopusEntityForge=300, CommonOctopusEntityForge=300, CommonStingrayEntityForge=300, CommonThresherSharkEntityForge=300, GiantMorayEelEntityForge=300, GreatHammerheadSharkEntityForge=300, GreatWhiteSharkEntityForge=300, GreenSeaTurtleEntityForge=300, HarborSealEntityForge=300, NautilusEntityForge=300, OceanicWhitetipSharkEntityForge=300, OrcaEntityForge=700, SandtigerSharkEntityForge=300, ShortfinMakoSharkEntityForge=300, TigerSharkEntityForge=300}	11	{action_escape=15, action_feed=75, bounded_living_scans=432, death_AmericanLobsterEntityForge_mob_by_CommonStingrayEntityForge=2, death_AtlanticCodEntityForge_mob_by_BlacktipReefSharkEntityForge=1, death_AtlanticCodEntityForge_mob_by_SandtigerSharkEntityForge=1, death_CommonStingrayEntityForge_mob_by_GreatHammerheadSharkEntityForge=1, living_deaths=5, navigation_calls=4547, sensor_calls=13228}	60	63
6000	728128944	{AmericanLobsterEntityForge=10, AtlanticCodEntityForge=8, AtlanticSalmonEntityForge=8, BlackSeaNettleJellyfishEntityForge=1, BlacktipReefSharkEntityForge=3, BottlenoseDolphinEntityForge=4, CannonballJellyfishEntityForge=2, CaribbeanReefOctopusEntityForge=2, CommonOctopusEntityForge=3, CommonStingrayEntityForge=3, CommonThresherSharkEntityForge=1, GiantMorayEelEntityForge=4, GreatHammerheadSharkEntityForge=1, GreatWhiteSharkEntityForge=1, GreenSeaTurtleEntityForge=3, HarborSealEntityForge=3, NautilusEntityForge=1, OceanicWhitetipSharkEntityForge=1, OrcaEntityForge=1, SandtigerSharkEntityForge=1, ShortfinMakoSharkEntityForge=1, TigerSharkEntityForge=1}	{AmericanLobsterEntityForge=300, AtlanticCodEntityForge=300, AtlanticSalmonEntityForge=300, BlackSeaNettleJellyfishEntityForge=300, BlacktipReefSharkEntityForge=300, BottlenoseDolphinEntityForge=700, CannonballJellyfishEntityForge=300, CaribbeanReefOctopusEntityForge=300, CommonOctopusEntityForge=300, CommonStingrayEntityForge=300, CommonThresherSharkEntityForge=300, GiantMorayEelEntityForge=300, GreatHammerheadSharkEntityForge=300, GreatWhiteSharkEntityForge=300, GreenSeaTurtleEntityForge=300, HarborSealEntityForge=300, NautilusEntityForge=300, OceanicWhitetipSharkEntityForge=300, OrcaEntityForge=700, SandtigerSharkEntityForge=300, ShortfinMakoSharkEntityForge=300, TigerSharkEntityForge=300}	11	{action_escape=15, action_feed=80, bounded_living_scans=440, death_AmericanLobsterEntityForge_mob_by_CommonStingrayEntityForge=2, death_AtlanticCodEntityForge_mob_by_BlacktipReefSharkEntityForge=1, death_AtlanticCodEntityForge_mob_by_SandtigerSharkEntityForge=1, death_CommonStingrayEntityForge_mob_by_GreatHammerheadSharkEntityForge=1, living_deaths=5, navigation_calls=4692, sensor_calls=13664}	62	63
6200	827743664	{AmericanLobsterEntityForge=10, AtlanticCodEntityForge=8, AtlanticSalmonEntityForge=8, BlackSeaNettleJellyfishEntityForge=1, BlacktipReefSharkEntityForge=3, BottlenoseDolphinEntityForge=4, CannonballJellyfishEntityForge=2, CaribbeanReefOctopusEntityForge=2, CommonOctopusEntityForge=3, CommonStingrayEntityForge=3, CommonThresherSharkEntityForge=1, GiantMorayEelEntityForge=4, GreatHammerheadSharkEntityForge=1, GreatWhiteSharkEntityForge=1, GreenSeaTurtleEntityForge=3, HarborSealEntityForge=3, NautilusEntityForge=1, OceanicWhitetipSharkEntityForge=1, OrcaEntityForge=1, SandtigerSharkEntityForge=1, ShortfinMakoSharkEntityForge=1, TigerSharkEntityForge=1}	{AmericanLobsterEntityForge=300, AtlanticCodEntityForge=300, AtlanticSalmonEntityForge=300, BlackSeaNettleJellyfishEntityForge=300, BlacktipReefSharkEntityForge=300, BottlenoseDolphinEntityForge=700, CannonballJellyfishEntityForge=300, CaribbeanReefOctopusEntityForge=300, CommonOctopusEntityForge=300, CommonStingrayEntityForge=300, CommonThresherSharkEntityForge=300, GiantMorayEelEntityForge=300, GreatHammerheadSharkEntityForge=300, GreatWhiteSharkEntityForge=300, GreenSeaTurtleEntityForge=300, HarborSealEntityForge=300, NautilusEntityForge=300, OceanicWhitetipSharkEntityForge=300, OrcaEntityForge=700, SandtigerSharkEntityForge=300, ShortfinMakoSharkEntityForge=300, TigerSharkEntityForge=300}	11	{action_escape=15, action_feed=81, bounded_living_scans=466, death_AmericanLobsterEntityForge_mob_by_CommonStingrayEntityForge=2, death_AtlanticCodEntityForge_mob_by_BlacktipReefSharkEntityForge=1, death_AtlanticCodEntityForge_mob_by_SandtigerSharkEntityForge=1, death_CommonStingrayEntityForge_mob_by_GreatHammerheadSharkEntityForge=1, living_deaths=5, navigation_calls=4795, sensor_calls=14140}	61	63
6400	933649840	{AmericanLobsterEntityForge=10, AtlanticCodEntityForge=8, AtlanticSalmonEntityForge=8, BlackSeaNettleJellyfishEntityForge=1, BlacktipReefSharkEntityForge=3, BottlenoseDolphinEntityForge=4, CannonballJellyfishEntityForge=2, CaribbeanReefOctopusEntityForge=2, CommonOctopusEntityForge=3, CommonStingrayEntityForge=3, CommonThresherSharkEntityForge=1, GiantMorayEelEntityForge=4, GreatHammerheadSharkEntityForge=1, GreatWhiteSharkEntityForge=1, GreenSeaTurtleEntityForge=3, HarborSealEntityForge=3, NautilusEntityForge=1, OceanicWhitetipSharkEntityForge=1, OrcaEntityForge=1, SandtigerSharkEntityForge=1, ShortfinMakoSharkEntityForge=1, TigerSharkEntityForge=1}	{AmericanLobsterEntityForge=300, AtlanticCodEntityForge=300, AtlanticSalmonEntityForge=300, BlackSeaNettleJellyfishEntityForge=300, BlacktipReefSharkEntityForge=300, BottlenoseDolphinEntityForge=700, CannonballJellyfishEntityForge=300, CaribbeanReefOctopusEntityForge=300, CommonOctopusEntityForge=300, CommonStingrayEntityForge=300, CommonThresherSharkEntityForge=300, GiantMorayEelEntityForge=300, GreatHammerheadSharkEntityForge=300, GreatWhiteSharkEntityForge=300, GreenSeaTurtleEntityForge=300, HarborSealEntityForge=300, NautilusEntityForge=300, OceanicWhitetipSharkEntityForge=300, OrcaEntityForge=700, SandtigerSharkEntityForge=300, ShortfinMakoSharkEntityForge=300, TigerSharkEntityForge=300}	11	{action_escape=15, action_feed=83, bounded_living_scans=469, death_AmericanLobsterEntityForge_mob_by_CommonStingrayEntityForge=2, death_AtlanticCodEntityForge_mob_by_BlacktipReefSharkEntityForge=1, death_AtlanticCodEntityForge_mob_by_SandtigerSharkEntityForge=1, death_CommonStingrayEntityForge_mob_by_GreatHammerheadSharkEntityForge=1, living_deaths=5, navigation_calls=4933, sensor_calls=14576}	58	63
6600	1037458864	{AmericanLobsterEntityForge=10, AtlanticCodEntityForge=8, AtlanticSalmonEntityForge=8, BlackSeaNettleJellyfishEntityForge=1, BlacktipReefSharkEntityForge=3, BottlenoseDolphinEntityForge=4, CannonballJellyfishEntityForge=2, CaribbeanReefOctopusEntityForge=2, CommonOctopusEntityForge=3, CommonStingrayEntityForge=3, CommonThresherSharkEntityForge=1, GiantMorayEelEntityForge=4, GreatHammerheadSharkEntityForge=1, GreatWhiteSharkEntityForge=1, GreenSeaTurtleEntityForge=3, HarborSealEntityForge=3, NautilusEntityForge=1, OceanicWhitetipSharkEntityForge=1, OrcaEntityForge=1, SandtigerSharkEntityForge=1, ShortfinMakoSharkEntityForge=1, TigerSharkEntityForge=1}	{AmericanLobsterEntityForge=300, AtlanticCodEntityForge=300, AtlanticSalmonEntityForge=300, BlackSeaNettleJellyfishEntityForge=300, BlacktipReefSharkEntityForge=300, BottlenoseDolphinEntityForge=700, CannonballJellyfishEntityForge=300, CaribbeanReefOctopusEntityForge=300, CommonOctopusEntityForge=300, CommonStingrayEntityForge=300, CommonThresherSharkEntityForge=300, GiantMorayEelEntityForge=300, GreatHammerheadSharkEntityForge=300, GreatWhiteSharkEntityForge=300, GreenSeaTurtleEntityForge=300, HarborSealEntityForge=300, NautilusEntityForge=300, OceanicWhitetipSharkEntityForge=300, OrcaEntityForge=700, SandtigerSharkEntityForge=300, ShortfinMakoSharkEntityForge=300, TigerSharkEntityForge=300}	11	{action_escape=15, action_feed=86, action_habitat=1, bounded_living_scans=494, death_AmericanLobsterEntityForge_mob_by_CommonStingrayEntityForge=2, death_AtlanticCodEntityForge_mob_by_BlacktipReefSharkEntityForge=1, death_AtlanticCodEntityForge_mob_by_SandtigerSharkEntityForge=1, death_CommonStingrayEntityForge_mob_by_GreatHammerheadSharkEntityForge=1, living_deaths=5, navigation_calls=5068, sensor_calls=15052}	61	63
6800	1139170736	{AmericanLobsterEntityForge=10, AtlanticCodEntityForge=8, AtlanticSalmonEntityForge=8, BlackSeaNettleJellyfishEntityForge=1, BlacktipReefSharkEntityForge=3, BottlenoseDolphinEntityForge=4, CannonballJellyfishEntityForge=2, CaribbeanReefOctopusEntityForge=2, CommonOctopusEntityForge=3, CommonStingrayEntityForge=3, CommonThresherSharkEntityForge=1, GiantMorayEelEntityForge=4, GreatHammerheadSharkEntityForge=1, GreatWhiteSharkEntityForge=1, GreenSeaTurtleEntityForge=3, HarborSealEntityForge=3, NautilusEntityForge=1, OceanicWhitetipSharkEntityForge=1, OrcaEntityForge=1, SandtigerSharkEntityForge=1, ShortfinMakoSharkEntityForge=1, TigerSharkEntityForge=1}	{AmericanLobsterEntityForge=300, AtlanticCodEntityForge=300, AtlanticSalmonEntityForge=300, BlackSeaNettleJellyfishEntityForge=300, BlacktipReefSharkEntityForge=300, BottlenoseDolphinEntityForge=700, CannonballJellyfishEntityForge=300, CaribbeanReefOctopusEntityForge=300, CommonOctopusEntityForge=300, CommonStingrayEntityForge=300, CommonThresherSharkEntityForge=300, GiantMorayEelEntityForge=300, GreatHammerheadSharkEntityForge=300, GreatWhiteSharkEntityForge=300, GreenSeaTurtleEntityForge=300, HarborSealEntityForge=300, NautilusEntityForge=300, OceanicWhitetipSharkEntityForge=300, OrcaEntityForge=700, SandtigerSharkEntityForge=300, ShortfinMakoSharkEntityForge=300, TigerSharkEntityForge=300}	11	{action_escape=15, action_feed=87, action_habitat=1, bounded_living_scans=496, death_AmericanLobsterEntityForge_mob_by_CommonStingrayEntityForge=2, death_AtlanticCodEntityForge_mob_by_BlacktipReefSharkEntityForge=1, death_AtlanticCodEntityForge_mob_by_SandtigerSharkEntityForge=1, death_CommonStingrayEntityForge_mob_by_GreatHammerheadSharkEntityForge=1, living_deaths=5, navigation_calls=5252, sensor_calls=15488}	60	63
7000	1237736880	{AmericanLobsterEntityForge=10, AtlanticCodEntityForge=8, AtlanticSalmonEntityForge=8, BlackSeaNettleJellyfishEntityForge=1, BlacktipReefSharkEntityForge=3, BottlenoseDolphinEntityForge=4, CannonballJellyfishEntityForge=2, CaribbeanReefOctopusEntityForge=2, CommonOctopusEntityForge=3, CommonStingrayEntityForge=3, CommonThresherSharkEntityForge=1, GiantMorayEelEntityForge=4, GreatHammerheadSharkEntityForge=1, GreatWhiteSharkEntityForge=1, GreenSeaTurtleEntityForge=3, HarborSealEntityForge=3, NautilusEntityForge=1, OceanicWhitetipSharkEntityForge=1, OrcaEntityForge=1, SandtigerSharkEntityForge=1, ShortfinMakoSharkEntityForge=1, TigerSharkEntityForge=1}	{AmericanLobsterEntityForge=300, AtlanticCodEntityForge=300, AtlanticSalmonEntityForge=300, BlackSeaNettleJellyfishEntityForge=300, BlacktipReefSharkEntityForge=300, BottlenoseDolphinEntityForge=700, CannonballJellyfishEntityForge=300, CaribbeanReefOctopusEntityForge=300, CommonOctopusEntityForge=300, CommonStingrayEntityForge=300, CommonThresherSharkEntityForge=300, GiantMorayEelEntityForge=300, GreatHammerheadSharkEntityForge=300, GreatWhiteSharkEntityForge=300, GreenSeaTurtleEntityForge=300, HarborSealEntityForge=300, NautilusEntityForge=300, OceanicWhitetipSharkEntityForge=300, OrcaEntityForge=700, SandtigerSharkEntityForge=300, ShortfinMakoSharkEntityForge=300, TigerSharkEntityForge=300}	11	{action_escape=17, action_feed=89, action_habitat=1, bounded_living_scans=525, death_AmericanLobsterEntityForge_mob_by_CommonStingrayEntityForge=2, death_AtlanticCodEntityForge_mob_by_BlacktipReefSharkEntityForge=1, death_AtlanticCodEntityForge_mob_by_SandtigerSharkEntityForge=1, death_CommonStingrayEntityForge_mob_by_GreatHammerheadSharkEntityForge=1, living_deaths=5, navigation_calls=5409, sensor_calls=15964}	60	63
7200	1338400176	{AmericanLobsterEntityForge=10, AtlanticCodEntityForge=8, AtlanticSalmonEntityForge=8, BlackSeaNettleJellyfishEntityForge=1, BlacktipReefSharkEntityForge=3, BottlenoseDolphinEntityForge=4, CannonballJellyfishEntityForge=2, CaribbeanReefOctopusEntityForge=2, CommonOctopusEntityForge=3, CommonStingrayEntityForge=3, CommonThresherSharkEntityForge=1, GiantMorayEelEntityForge=4, GreatHammerheadSharkEntityForge=1, GreatWhiteSharkEntityForge=1, GreenSeaTurtleEntityForge=3, HarborSealEntityForge=3, NautilusEntityForge=1, OceanicWhitetipSharkEntityForge=1, OrcaEntityForge=1, SandtigerSharkEntityForge=1, ShortfinMakoSharkEntityForge=1, TigerSharkEntityForge=1}	{AmericanLobsterEntityForge=300, AtlanticCodEntityForge=300, AtlanticSalmonEntityForge=300, BlackSeaNettleJellyfishEntityForge=300, BlacktipReefSharkEntityForge=300, BottlenoseDolphinEntityForge=700, CannonballJellyfishEntityForge=300, CaribbeanReefOctopusEntityForge=300, CommonOctopusEntityForge=300, CommonStingrayEntityForge=300, CommonThresherSharkEntityForge=300, GiantMorayEelEntityForge=300, GreatHammerheadSharkEntityForge=300, GreatWhiteSharkEntityForge=300, GreenSeaTurtleEntityForge=300, HarborSealEntityForge=300, NautilusEntityForge=300, OceanicWhitetipSharkEntityForge=300, OrcaEntityForge=700, SandtigerSharkEntityForge=300, ShortfinMakoSharkEntityForge=300, TigerSharkEntityForge=300}	11	{action_escape=19, action_feed=89, action_habitat=1, bounded_living_scans=529, death_AmericanLobsterEntityForge_mob_by_CommonStingrayEntityForge=2, death_AtlanticCodEntityForge_mob_by_BlacktipReefSharkEntityForge=1, death_AtlanticCodEntityForge_mob_by_SandtigerSharkEntityForge=1, death_CommonStingrayEntityForge_mob_by_GreatHammerheadSharkEntityForge=1, living_deaths=5, navigation_calls=5584, sensor_calls=16441}	61	63
7400	1440112048	{AmericanLobsterEntityForge=10, AtlanticCodEntityForge=8, AtlanticSalmonEntityForge=8, BlackSeaNettleJellyfishEntityForge=1, BlacktipReefSharkEntityForge=3, BottlenoseDolphinEntityForge=4, CannonballJellyfishEntityForge=2, CaribbeanReefOctopusEntityForge=2, CommonOctopusEntityForge=3, CommonStingrayEntityForge=3, CommonThresherSharkEntityForge=1, GiantMorayEelEntityForge=4, GreatHammerheadSharkEntityForge=1, GreatWhiteSharkEntityForge=1, GreenSeaTurtleEntityForge=3, HarborSealEntityForge=3, NautilusEntityForge=1, OceanicWhitetipSharkEntityForge=1, OrcaEntityForge=1, SandtigerSharkEntityForge=1, ShortfinMakoSharkEntityForge=1, TigerSharkEntityForge=1}	{AmericanLobsterEntityForge=300, AtlanticCodEntityForge=300, AtlanticSalmonEntityForge=300, BlackSeaNettleJellyfishEntityForge=300, BlacktipReefSharkEntityForge=300, BottlenoseDolphinEntityForge=700, CannonballJellyfishEntityForge=300, CaribbeanReefOctopusEntityForge=300, CommonOctopusEntityForge=300, CommonStingrayEntityForge=300, CommonThresherSharkEntityForge=300, GiantMorayEelEntityForge=300, GreatHammerheadSharkEntityForge=300, GreatWhiteSharkEntityForge=300, GreenSeaTurtleEntityForge=300, HarborSealEntityForge=300, NautilusEntityForge=300, OceanicWhitetipSharkEntityForge=300, OrcaEntityForge=700, SandtigerSharkEntityForge=300, ShortfinMakoSharkEntityForge=300, TigerSharkEntityForge=300}	11	{action_escape=20, action_feed=92, action_habitat=1, bounded_living_scans=553, death_AmericanLobsterEntityForge_mob_by_CommonStingrayEntityForge=2, death_AtlanticCodEntityForge_mob_by_BlacktipReefSharkEntityForge=1, death_AtlanticCodEntityForge_mob_by_SandtigerSharkEntityForge=1, death_CommonStingrayEntityForge_mob_by_GreatHammerheadSharkEntityForge=1, living_deaths=5, navigation_calls=5763, sensor_calls=16876}	62	63
7600	1541823920	{AmericanLobsterEntityForge=10, AtlanticCodEntityForge=8, AtlanticSalmonEntityForge=8, BlackSeaNettleJellyfishEntityForge=1, BlacktipReefSharkEntityForge=3, BottlenoseDolphinEntityForge=4, CannonballJellyfishEntityForge=2, CaribbeanReefOctopusEntityForge=2, CommonOctopusEntityForge=3, CommonStingrayEntityForge=3, CommonThresherSharkEntityForge=1, GiantMorayEelEntityForge=4, GreatHammerheadSharkEntityForge=1, GreatWhiteSharkEntityForge=1, GreenSeaTurtleEntityForge=3, HarborSealEntityForge=3, NautilusEntityForge=1, OceanicWhitetipSharkEntityForge=1, OrcaEntityForge=1, SandtigerSharkEntityForge=1, ShortfinMakoSharkEntityForge=1, TigerSharkEntityForge=1}	{AmericanLobsterEntityForge=300, AtlanticCodEntityForge=300, AtlanticSalmonEntityForge=300, BlackSeaNettleJellyfishEntityForge=300, BlacktipReefSharkEntityForge=300, BottlenoseDolphinEntityForge=700, CannonballJellyfishEntityForge=300, CaribbeanReefOctopusEntityForge=300, CommonOctopusEntityForge=300, CommonStingrayEntityForge=300, CommonThresherSharkEntityForge=300, GiantMorayEelEntityForge=300, GreatHammerheadSharkEntityForge=300, GreatWhiteSharkEntityForge=300, GreenSeaTurtleEntityForge=300, HarborSealEntityForge=300, NautilusEntityForge=300, OceanicWhitetipSharkEntityForge=300, OrcaEntityForge=700, SandtigerSharkEntityForge=300, ShortfinMakoSharkEntityForge=300, TigerSharkEntityForge=300}	11	{action_escape=20, action_feed=94, action_habitat=1, bounded_living_scans=559, death_AmericanLobsterEntityForge_mob_by_CommonStingrayEntityForge=2, death_AtlanticCodEntityForge_mob_by_BlacktipReefSharkEntityForge=1, death_AtlanticCodEntityForge_mob_by_SandtigerSharkEntityForge=1, death_CommonStingrayEntityForge_mob_by_GreatHammerheadSharkEntityForge=1, living_deaths=5, navigation_calls=5927, sensor_calls=17353}	63	63
7800	366586752	{AmericanLobsterEntityForge=10, AtlanticCodEntityForge=8, AtlanticSalmonEntityForge=8, BlackSeaNettleJellyfishEntityForge=1, BlacktipReefSharkEntityForge=3, BottlenoseDolphinEntityForge=4, CannonballJellyfishEntityForge=2, CaribbeanReefOctopusEntityForge=2, CommonOctopusEntityForge=3, CommonStingrayEntityForge=3, CommonThresherSharkEntityForge=1, GiantMorayEelEntityForge=4, GreatHammerheadSharkEntityForge=1, GreatWhiteSharkEntityForge=1, GreenSeaTurtleEntityForge=3, HarborSealEntityForge=3, NautilusEntityForge=1, OceanicWhitetipSharkEntityForge=1, OrcaEntityForge=1, SandtigerSharkEntityForge=1, ShortfinMakoSharkEntityForge=1, TigerSharkEntityForge=1}	{AmericanLobsterEntityForge=300, AtlanticCodEntityForge=300, AtlanticSalmonEntityForge=300, BlackSeaNettleJellyfishEntityForge=300, BlacktipReefSharkEntityForge=300, BottlenoseDolphinEntityForge=700, CannonballJellyfishEntityForge=300, CaribbeanReefOctopusEntityForge=300, CommonOctopusEntityForge=300, CommonStingrayEntityForge=300, CommonThresherSharkEntityForge=300, GiantMorayEelEntityForge=300, GreatHammerheadSharkEntityForge=300, GreatWhiteSharkEntityForge=300, GreenSeaTurtleEntityForge=300, HarborSealEntityForge=300, NautilusEntityForge=300, OceanicWhitetipSharkEntityForge=300, OrcaEntityForge=700, SandtigerSharkEntityForge=300, ShortfinMakoSharkEntityForge=300, TigerSharkEntityForge=300}	11	{action_escape=20, action_feed=95, action_habitat=1, bounded_living_scans=579, death_AmericanLobsterEntityForge_mob_by_CommonStingrayEntityForge=2, death_AtlanticCodEntityForge_mob_by_BlacktipReefSharkEntityForge=1, death_AtlanticCodEntityForge_mob_by_SandtigerSharkEntityForge=1, death_CommonStingrayEntityForge_mob_by_GreatHammerheadSharkEntityForge=1, living_deaths=5, navigation_calls=6070, sensor_calls=17789}	61	63
8000	468298624	{AmericanLobsterEntityForge=10, AtlanticCodEntityForge=8, AtlanticSalmonEntityForge=8, BlackSeaNettleJellyfishEntityForge=1, BlacktipReefSharkEntityForge=3, BottlenoseDolphinEntityForge=4, CannonballJellyfishEntityForge=2, CaribbeanReefOctopusEntityForge=2, CommonOctopusEntityForge=3, CommonStingrayEntityForge=3, CommonThresherSharkEntityForge=1, GiantMorayEelEntityForge=4, GreatHammerheadSharkEntityForge=1, GreatWhiteSharkEntityForge=1, GreenSeaTurtleEntityForge=3, HarborSealEntityForge=3, NautilusEntityForge=1, OceanicWhitetipSharkEntityForge=1, OrcaEntityForge=1, SandtigerSharkEntityForge=1, ShortfinMakoSharkEntityForge=1, TigerSharkEntityForge=1}	{AmericanLobsterEntityForge=300, AtlanticCodEntityForge=300, AtlanticSalmonEntityForge=300, BlackSeaNettleJellyfishEntityForge=300, BlacktipReefSharkEntityForge=300, BottlenoseDolphinEntityForge=700, CannonballJellyfishEntityForge=300, CaribbeanReefOctopusEntityForge=300, CommonOctopusEntityForge=300, CommonStingrayEntityForge=300, CommonThresherSharkEntityForge=300, GiantMorayEelEntityForge=300, GreatHammerheadSharkEntityForge=300, GreatWhiteSharkEntityForge=300, GreenSeaTurtleEntityForge=300, HarborSealEntityForge=300, NautilusEntityForge=300, OceanicWhitetipSharkEntityForge=300, OrcaEntityForge=700, SandtigerSharkEntityForge=300, ShortfinMakoSharkEntityForge=300, TigerSharkEntityForge=300}	11	{action_escape=20, action_feed=97, action_habitat=2, bounded_living_scans=586, death_AmericanLobsterEntityForge_mob_by_CommonStingrayEntityForge=2, death_AtlanticCodEntityForge_mob_by_BlacktipReefSharkEntityForge=1, death_AtlanticCodEntityForge_mob_by_SandtigerSharkEntityForge=1, death_CommonStingrayEntityForge_mob_by_GreatHammerheadSharkEntityForge=1, living_deaths=5, navigation_calls=6261, sensor_calls=18266}	62	63
8200	567913344	{AmericanLobsterEntityForge=10, AtlanticCodEntityForge=8, AtlanticSalmonEntityForge=8, BlackSeaNettleJellyfishEntityForge=1, BlacktipReefSharkEntityForge=3, BottlenoseDolphinEntityForge=4, CannonballJellyfishEntityForge=2, CaribbeanReefOctopusEntityForge=2, CommonOctopusEntityForge=3, CommonStingrayEntityForge=3, CommonThresherSharkEntityForge=1, GiantMorayEelEntityForge=4, GreatHammerheadSharkEntityForge=1, GreatWhiteSharkEntityForge=1, GreenSeaTurtleEntityForge=3, HarborSealEntityForge=3, NautilusEntityForge=1, OceanicWhitetipSharkEntityForge=1, OrcaEntityForge=1, SandtigerSharkEntityForge=1, ShortfinMakoSharkEntityForge=1, TigerSharkEntityForge=1}	{AmericanLobsterEntityForge=300, AtlanticCodEntityForge=300, AtlanticSalmonEntityForge=300, BlackSeaNettleJellyfishEntityForge=300, BlacktipReefSharkEntityForge=300, BottlenoseDolphinEntityForge=700, CannonballJellyfishEntityForge=300, CaribbeanReefOctopusEntityForge=300, CommonOctopusEntityForge=300, CommonStingrayEntityForge=300, CommonThresherSharkEntityForge=300, GiantMorayEelEntityForge=300, GreatHammerheadSharkEntityForge=300, GreatWhiteSharkEntityForge=298, GreenSeaTurtleEntityForge=300, HarborSealEntityForge=300, NautilusEntityForge=300, OceanicWhitetipSharkEntityForge=300, OrcaEntityForge=700, SandtigerSharkEntityForge=300, ShortfinMakoSharkEntityForge=300, TigerSharkEntityForge=300}	11	{action_escape=20, action_feed=101, action_habitat=2, bounded_living_scans=606, death_AmericanLobsterEntityForge_mob_by_CommonStingrayEntityForge=2, death_AtlanticCodEntityForge_mob_by_BlacktipReefSharkEntityForge=1, death_AtlanticCodEntityForge_mob_by_SandtigerSharkEntityForge=1, death_CommonStingrayEntityForge_mob_by_GreatHammerheadSharkEntityForge=1, living_deaths=5, navigation_calls=6416, sensor_calls=18701}	62	63
8400	669625216	{AmericanLobsterEntityForge=10, AtlanticCodEntityForge=8, AtlanticSalmonEntityForge=8, BlackSeaNettleJellyfishEntityForge=1, BlacktipReefSharkEntityForge=3, BottlenoseDolphinEntityForge=4, CannonballJellyfishEntityForge=2, CaribbeanReefOctopusEntityForge=2, CommonOctopusEntityForge=3, CommonStingrayEntityForge=3, CommonThresherSharkEntityForge=1, GiantMorayEelEntityForge=4, GreatHammerheadSharkEntityForge=1, GreatWhiteSharkEntityForge=1, GreenSeaTurtleEntityForge=3, HarborSealEntityForge=3, NautilusEntityForge=1, OceanicWhitetipSharkEntityForge=1, OrcaEntityForge=1, SandtigerSharkEntityForge=1, ShortfinMakoSharkEntityForge=1, TigerSharkEntityForge=1}	{AmericanLobsterEntityForge=300, AtlanticCodEntityForge=300, AtlanticSalmonEntityForge=300, BlackSeaNettleJellyfishEntityForge=300, BlacktipReefSharkEntityForge=300, BottlenoseDolphinEntityForge=700, CannonballJellyfishEntityForge=300, CaribbeanReefOctopusEntityForge=300, CommonOctopusEntityForge=300, CommonStingrayEntityForge=300, CommonThresherSharkEntityForge=300, GiantMorayEelEntityForge=300, GreatHammerheadSharkEntityForge=300, GreatWhiteSharkEntityForge=300, GreenSeaTurtleEntityForge=300, HarborSealEntityForge=300, NautilusEntityForge=300, OceanicWhitetipSharkEntityForge=300, OrcaEntityForge=700, SandtigerSharkEntityForge=300, ShortfinMakoSharkEntityForge=300, TigerSharkEntityForge=300}	11	{action_escape=20, action_feed=102, action_habitat=2, bounded_living_scans=613, death_AmericanLobsterEntityForge_mob_by_CommonStingrayEntityForge=2, death_AtlanticCodEntityForge_mob_by_BlacktipReefSharkEntityForge=1, death_AtlanticCodEntityForge_mob_by_SandtigerSharkEntityForge=1, death_CommonStingrayEntityForge_mob_by_GreatHammerheadSharkEntityForge=1, living_deaths=5, navigation_calls=6565, sensor_calls=19178}	62	63
8600	769239936	{AmericanLobsterEntityForge=10, AtlanticCodEntityForge=8, AtlanticSalmonEntityForge=8, BlackSeaNettleJellyfishEntityForge=1, BlacktipReefSharkEntityForge=3, BottlenoseDolphinEntityForge=4, CannonballJellyfishEntityForge=2, CaribbeanReefOctopusEntityForge=2, CommonOctopusEntityForge=3, CommonStingrayEntityForge=3, CommonThresherSharkEntityForge=1, GiantMorayEelEntityForge=4, GreatHammerheadSharkEntityForge=1, GreatWhiteSharkEntityForge=1, GreenSeaTurtleEntityForge=3, HarborSealEntityForge=3, NautilusEntityForge=1, OceanicWhitetipSharkEntityForge=1, OrcaEntityForge=1, SandtigerSharkEntityForge=1, ShortfinMakoSharkEntityForge=1, TigerSharkEntityForge=1}	{AmericanLobsterEntityForge=300, AtlanticCodEntityForge=300, AtlanticSalmonEntityForge=300, BlackSeaNettleJellyfishEntityForge=300, BlacktipReefSharkEntityForge=300, BottlenoseDolphinEntityForge=700, CannonballJellyfishEntityForge=300, CaribbeanReefOctopusEntityForge=300, CommonOctopusEntityForge=300, CommonStingrayEntityForge=300, CommonThresherSharkEntityForge=300, GiantMorayEelEntityForge=300, GreatHammerheadSharkEntityForge=300, GreatWhiteSharkEntityForge=300, GreenSeaTurtleEntityForge=300, HarborSealEntityForge=300, NautilusEntityForge=300, OceanicWhitetipSharkEntityForge=300, OrcaEntityForge=700, SandtigerSharkEntityForge=300, ShortfinMakoSharkEntityForge=300, TigerSharkEntityForge=300}	11	{action_escape=20, action_feed=104, action_habitat=3, bounded_living_scans=635, death_AmericanLobsterEntityForge_mob_by_CommonStingrayEntityForge=2, death_AtlanticCodEntityForge_mob_by_BlacktipReefSharkEntityForge=1, death_AtlanticCodEntityForge_mob_by_SandtigerSharkEntityForge=1, death_CommonStingrayEntityForge_mob_by_GreatHammerheadSharkEntityForge=1, living_deaths=5, navigation_calls=6753, sensor_calls=19614}	60	63
8800	883534720	{AmericanLobsterEntityForge=10, AtlanticCodEntityForge=8, AtlanticSalmonEntityForge=8, BlackSeaNettleJellyfishEntityForge=1, BlacktipReefSharkEntityForge=3, BottlenoseDolphinEntityForge=4, CannonballJellyfishEntityForge=2, CaribbeanReefOctopusEntityForge=2, CommonOctopusEntityForge=3, CommonStingrayEntityForge=3, CommonThresherSharkEntityForge=1, GiantMorayEelEntityForge=4, GreatHammerheadSharkEntityForge=1, GreatWhiteSharkEntityForge=1, GreenSeaTurtleEntityForge=3, HarborSealEntityForge=3, NautilusEntityForge=1, OceanicWhitetipSharkEntityForge=1, OrcaEntityForge=1, SandtigerSharkEntityForge=1, ShortfinMakoSharkEntityForge=1, TigerSharkEntityForge=1}	{AmericanLobsterEntityForge=300, AtlanticCodEntityForge=300, AtlanticSalmonEntityForge=300, BlackSeaNettleJellyfishEntityForge=300, BlacktipReefSharkEntityForge=300, BottlenoseDolphinEntityForge=700, CannonballJellyfishEntityForge=300, CaribbeanReefOctopusEntityForge=300, CommonOctopusEntityForge=300, CommonStingrayEntityForge=300, CommonThresherSharkEntityForge=300, GiantMorayEelEntityForge=300, GreatHammerheadSharkEntityForge=300, GreatWhiteSharkEntityForge=300, GreenSeaTurtleEntityForge=300, HarborSealEntityForge=300, NautilusEntityForge=300, OceanicWhitetipSharkEntityForge=300, OrcaEntityForge=700, SandtigerSharkEntityForge=300, ShortfinMakoSharkEntityForge=300, TigerSharkEntityForge=300}	11	{action_escape=21, action_feed=107, action_habitat=3, bounded_living_scans=644, death_AmericanLobsterEntityForge_mob_by_CommonStingrayEntityForge=2, death_AtlanticCodEntityForge_mob_by_BlacktipReefSharkEntityForge=1, death_AtlanticCodEntityForge_mob_by_SandtigerSharkEntityForge=1, death_CommonStingrayEntityForge_mob_by_GreatHammerheadSharkEntityForge=1, living_deaths=5, navigation_calls=6949, sensor_calls=20091}	63	63
9000	994683776	{AmericanLobsterEntityForge=10, AtlanticCodEntityForge=8, AtlanticSalmonEntityForge=8, BlackSeaNettleJellyfishEntityForge=1, BlacktipReefSharkEntityForge=3, BottlenoseDolphinEntityForge=4, CannonballJellyfishEntityForge=2, CaribbeanReefOctopusEntityForge=2, CommonOctopusEntityForge=3, CommonStingrayEntityForge=3, CommonThresherSharkEntityForge=1, GiantMorayEelEntityForge=4, GreatHammerheadSharkEntityForge=1, GreatWhiteSharkEntityForge=1, GreenSeaTurtleEntityForge=3, HarborSealEntityForge=3, NautilusEntityForge=1, OceanicWhitetipSharkEntityForge=1, OrcaEntityForge=1, SandtigerSharkEntityForge=1, ShortfinMakoSharkEntityForge=1, TigerSharkEntityForge=1}	{AmericanLobsterEntityForge=300, AtlanticCodEntityForge=300, AtlanticSalmonEntityForge=300, BlackSeaNettleJellyfishEntityForge=300, BlacktipReefSharkEntityForge=300, BottlenoseDolphinEntityForge=700, CannonballJellyfishEntityForge=300, CaribbeanReefOctopusEntityForge=300, CommonOctopusEntityForge=300, CommonStingrayEntityForge=300, CommonThresherSharkEntityForge=300, GiantMorayEelEntityForge=300, GreatHammerheadSharkEntityForge=300, GreatWhiteSharkEntityForge=300, GreenSeaTurtleEntityForge=300, HarborSealEntityForge=300, NautilusEntityForge=300, OceanicWhitetipSharkEntityForge=300, OrcaEntityForge=700, SandtigerSharkEntityForge=300, ShortfinMakoSharkEntityForge=300, TigerSharkEntityForge=300}	11	{action_escape=21, action_feed=109, action_habitat=3, bounded_living_scans=663, death_AmericanLobsterEntityForge_mob_by_CommonStingrayEntityForge=2, death_AtlanticCodEntityForge_mob_by_BlacktipReefSharkEntityForge=1, death_AtlanticCodEntityForge_mob_by_SandtigerSharkEntityForge=1, death_CommonStingrayEntityForge_mob_by_GreatHammerheadSharkEntityForge=1, living_deaths=5, navigation_calls=7160, sensor_calls=20526}	62	63
9200	1099541376	{AmericanLobsterEntityForge=10, AtlanticCodEntityForge=8, AtlanticSalmonEntityForge=8, BlackSeaNettleJellyfishEntityForge=1, BlacktipReefSharkEntityForge=3, BottlenoseDolphinEntityForge=4, CannonballJellyfishEntityForge=2, CaribbeanReefOctopusEntityForge=2, CommonOctopusEntityForge=3, CommonStingrayEntityForge=3, CommonThresherSharkEntityForge=1, GiantMorayEelEntityForge=4, GreatHammerheadSharkEntityForge=1, GreatWhiteSharkEntityForge=1, GreenSeaTurtleEntityForge=3, HarborSealEntityForge=3, NautilusEntityForge=1, OceanicWhitetipSharkEntityForge=1, OrcaEntityForge=1, SandtigerSharkEntityForge=1, ShortfinMakoSharkEntityForge=1, TigerSharkEntityForge=1}	{AmericanLobsterEntityForge=300, AtlanticCodEntityForge=300, AtlanticSalmonEntityForge=300, BlackSeaNettleJellyfishEntityForge=300, BlacktipReefSharkEntityForge=300, BottlenoseDolphinEntityForge=700, CannonballJellyfishEntityForge=300, CaribbeanReefOctopusEntityForge=300, CommonOctopusEntityForge=300, CommonStingrayEntityForge=300, CommonThresherSharkEntityForge=300, GiantMorayEelEntityForge=300, GreatHammerheadSharkEntityForge=300, GreatWhiteSharkEntityForge=300, GreenSeaTurtleEntityForge=300, HarborSealEntityForge=300, NautilusEntityForge=300, OceanicWhitetipSharkEntityForge=300, OrcaEntityForge=700, SandtigerSharkEntityForge=300, ShortfinMakoSharkEntityForge=300, TigerSharkEntityForge=300}	11	{action_escape=22, action_feed=112, action_habitat=4, bounded_living_scans=673, death_AmericanLobsterEntityForge_mob_by_CommonStingrayEntityForge=2, death_AtlanticCodEntityForge_mob_by_BlacktipReefSharkEntityForge=1, death_AtlanticCodEntityForge_mob_by_SandtigerSharkEntityForge=1, death_CommonStingrayEntityForge_mob_by_GreatHammerheadSharkEntityForge=1, living_deaths=5, navigation_calls=7314, sensor_calls=21003}	62	63
9400	1201253248	{AmericanLobsterEntityForge=10, AtlanticCodEntityForge=8, AtlanticSalmonEntityForge=8, BlackSeaNettleJellyfishEntityForge=1, BlacktipReefSharkEntityForge=3, BottlenoseDolphinEntityForge=4, CannonballJellyfishEntityForge=2, CaribbeanReefOctopusEntityForge=2, CommonOctopusEntityForge=3, CommonStingrayEntityForge=3, CommonThresherSharkEntityForge=1, GiantMorayEelEntityForge=4, GreatHammerheadSharkEntityForge=1, GreatWhiteSharkEntityForge=1, GreenSeaTurtleEntityForge=3, HarborSealEntityForge=3, NautilusEntityForge=1, OceanicWhitetipSharkEntityForge=1, OrcaEntityForge=1, SandtigerSharkEntityForge=1, ShortfinMakoSharkEntityForge=1, TigerSharkEntityForge=1}	{AmericanLobsterEntityForge=300, AtlanticCodEntityForge=300, AtlanticSalmonEntityForge=300, BlackSeaNettleJellyfishEntityForge=300, BlacktipReefSharkEntityForge=300, BottlenoseDolphinEntityForge=700, CannonballJellyfishEntityForge=300, CaribbeanReefOctopusEntityForge=300, CommonOctopusEntityForge=300, CommonStingrayEntityForge=300, CommonThresherSharkEntityForge=300, GiantMorayEelEntityForge=300, GreatHammerheadSharkEntityForge=300, GreatWhiteSharkEntityForge=300, GreenSeaTurtleEntityForge=300, HarborSealEntityForge=300, NautilusEntityForge=300, OceanicWhitetipSharkEntityForge=300, OrcaEntityForge=700, SandtigerSharkEntityForge=300, ShortfinMakoSharkEntityForge=300, TigerSharkEntityForge=300}	11	{action_escape=22, action_feed=112, action_habitat=4, bounded_living_scans=691, death_AmericanLobsterEntityForge_mob_by_CommonStingrayEntityForge=2, death_AtlanticCodEntityForge_mob_by_BlacktipReefSharkEntityForge=1, death_AtlanticCodEntityForge_mob_by_SandtigerSharkEntityForge=1, death_CommonStingrayEntityForge_mob_by_GreatHammerheadSharkEntityForge=1, living_deaths=5, navigation_calls=7462, sensor_calls=21440}	60	63
9600	1308208000	{AmericanLobsterEntityForge=10, AtlanticCodEntityForge=8, AtlanticSalmonEntityForge=8, BlackSeaNettleJellyfishEntityForge=1, BlacktipReefSharkEntityForge=3, BottlenoseDolphinEntityForge=4, CannonballJellyfishEntityForge=2, CaribbeanReefOctopusEntityForge=2, CommonOctopusEntityForge=3, CommonStingrayEntityForge=3, CommonThresherSharkEntityForge=1, GiantMorayEelEntityForge=4, GreatHammerheadSharkEntityForge=1, GreatWhiteSharkEntityForge=1, GreenSeaTurtleEntityForge=3, HarborSealEntityForge=3, NautilusEntityForge=1, OceanicWhitetipSharkEntityForge=1, OrcaEntityForge=1, SandtigerSharkEntityForge=1, ShortfinMakoSharkEntityForge=1, TigerSharkEntityForge=1}	{AmericanLobsterEntityForge=300, AtlanticCodEntityForge=300, AtlanticSalmonEntityForge=300, BlackSeaNettleJellyfishEntityForge=300, BlacktipReefSharkEntityForge=300, BottlenoseDolphinEntityForge=700, CannonballJellyfishEntityForge=300, CaribbeanReefOctopusEntityForge=300, CommonOctopusEntityForge=300, CommonStingrayEntityForge=300, CommonThresherSharkEntityForge=300, GiantMorayEelEntityForge=300, GreatHammerheadSharkEntityForge=300, GreatWhiteSharkEntityForge=300, GreenSeaTurtleEntityForge=300, HarborSealEntityForge=300, NautilusEntityForge=300, OceanicWhitetipSharkEntityForge=300, OrcaEntityForge=700, SandtigerSharkEntityForge=300, ShortfinMakoSharkEntityForge=300, TigerSharkEntityForge=300}	11	{action_escape=24, action_feed=115, action_habitat=4, bounded_living_scans=698, death_AmericanLobsterEntityForge_mob_by_CommonStingrayEntityForge=2, death_AtlanticCodEntityForge_mob_by_BlacktipReefSharkEntityForge=1, death_AtlanticCodEntityForge_mob_by_SandtigerSharkEntityForge=1, death_CommonStingrayEntityForge_mob_by_GreatHammerheadSharkEntityForge=1, living_deaths=5, navigation_calls=7620, sensor_calls=21915}	63	63
9800	1412017024	{AmericanLobsterEntityForge=10, AtlanticCodEntityForge=8, AtlanticSalmonEntityForge=8, BlackSeaNettleJellyfishEntityForge=1, BlacktipReefSharkEntityForge=3, BottlenoseDolphinEntityForge=4, CannonballJellyfishEntityForge=2, CaribbeanReefOctopusEntityForge=2, CommonOctopusEntityForge=3, CommonStingrayEntityForge=3, CommonThresherSharkEntityForge=1, GiantMorayEelEntityForge=4, GreatHammerheadSharkEntityForge=1, GreatWhiteSharkEntityForge=1, GreenSeaTurtleEntityForge=3, HarborSealEntityForge=3, NautilusEntityForge=1, OceanicWhitetipSharkEntityForge=1, OrcaEntityForge=1, SandtigerSharkEntityForge=1, ShortfinMakoSharkEntityForge=1, TigerSharkEntityForge=1}	{AmericanLobsterEntityForge=300, AtlanticCodEntityForge=300, AtlanticSalmonEntityForge=300, BlackSeaNettleJellyfishEntityForge=300, BlacktipReefSharkEntityForge=300, BottlenoseDolphinEntityForge=700, CannonballJellyfishEntityForge=300, CaribbeanReefOctopusEntityForge=300, CommonOctopusEntityForge=300, CommonStingrayEntityForge=300, CommonThresherSharkEntityForge=300, GiantMorayEelEntityForge=300, GreatHammerheadSharkEntityForge=300, GreatWhiteSharkEntityForge=300, GreenSeaTurtleEntityForge=300, HarborSealEntityForge=300, NautilusEntityForge=300, OceanicWhitetipSharkEntityForge=300, OrcaEntityForge=700, SandtigerSharkEntityForge=300, ShortfinMakoSharkEntityForge=300, TigerSharkEntityForge=300}	11	{action_escape=24, action_feed=117, action_habitat=5, bounded_living_scans=721, death_AmericanLobsterEntityForge_mob_by_CommonStingrayEntityForge=2, death_AtlanticCodEntityForge_mob_by_BlacktipReefSharkEntityForge=1, death_AtlanticCodEntityForge_mob_by_SandtigerSharkEntityForge=1, death_CommonStingrayEntityForge_mob_by_GreatHammerheadSharkEntityForge=1, living_deaths=5, navigation_calls=7809, sensor_calls=22352}	61	63
10000	1513728896	{AmericanLobsterEntityForge=10, AtlanticCodEntityForge=8, AtlanticSalmonEntityForge=8, BlackSeaNettleJellyfishEntityForge=1, BlacktipReefSharkEntityForge=3, BottlenoseDolphinEntityForge=4, CannonballJellyfishEntityForge=2, CaribbeanReefOctopusEntityForge=2, CommonOctopusEntityForge=3, CommonStingrayEntityForge=3, CommonThresherSharkEntityForge=1, GiantMorayEelEntityForge=4, GreatHammerheadSharkEntityForge=1, GreatWhiteSharkEntityForge=1, GreenSeaTurtleEntityForge=3, HarborSealEntityForge=3, NautilusEntityForge=1, OceanicWhitetipSharkEntityForge=1, OrcaEntityForge=1, SandtigerSharkEntityForge=1, ShortfinMakoSharkEntityForge=1, TigerSharkEntityForge=1}	{AmericanLobsterEntityForge=300, AtlanticCodEntityForge=300, AtlanticSalmonEntityForge=300, BlackSeaNettleJellyfishEntityForge=300, BlacktipReefSharkEntityForge=300, BottlenoseDolphinEntityForge=700, CannonballJellyfishEntityForge=300, CaribbeanReefOctopusEntityForge=300, CommonOctopusEntityForge=300, CommonStingrayEntityForge=300, CommonThresherSharkEntityForge=300, GiantMorayEelEntityForge=300, GreatHammerheadSharkEntityForge=300, GreatWhiteSharkEntityForge=300, GreenSeaTurtleEntityForge=300, HarborSealEntityForge=300, NautilusEntityForge=300, OceanicWhitetipSharkEntityForge=300, OrcaEntityForge=700, SandtigerSharkEntityForge=300, ShortfinMakoSharkEntityForge=300, TigerSharkEntityForge=300}	11	{action_escape=24, action_feed=122, action_habitat=5, bounded_living_scans=732, death_AmericanLobsterEntityForge_mob_by_CommonStingrayEntityForge=2, death_AtlanticCodEntityForge_mob_by_BlacktipReefSharkEntityForge=1, death_AtlanticCodEntityForge_mob_by_SandtigerSharkEntityForge=1, death_CommonStingrayEntityForge_mob_by_GreatHammerheadSharkEntityForge=1, living_deaths=5, navigation_calls=8015, sensor_calls=22828}	62	63
10200	339354344	{AmericanLobsterEntityForge=10, AtlanticCodEntityForge=8, AtlanticSalmonEntityForge=8, BlackSeaNettleJellyfishEntityForge=1, BlacktipReefSharkEntityForge=3, BottlenoseDolphinEntityForge=4, CannonballJellyfishEntityForge=2, CaribbeanReefOctopusEntityForge=2, CommonOctopusEntityForge=3, CommonStingrayEntityForge=3, CommonThresherSharkEntityForge=1, GiantMorayEelEntityForge=4, GreatHammerheadSharkEntityForge=1, GreatWhiteSharkEntityForge=1, GreenSeaTurtleEntityForge=3, HarborSealEntityForge=3, NautilusEntityForge=1, OceanicWhitetipSharkEntityForge=1, OrcaEntityForge=1, SandtigerSharkEntityForge=1, ShortfinMakoSharkEntityForge=1, TigerSharkEntityForge=1}	{AmericanLobsterEntityForge=300, AtlanticCodEntityForge=300, AtlanticSalmonEntityForge=300, BlackSeaNettleJellyfishEntityForge=300, BlacktipReefSharkEntityForge=300, BottlenoseDolphinEntityForge=700, CannonballJellyfishEntityForge=300, CaribbeanReefOctopusEntityForge=300, CommonOctopusEntityForge=300, CommonStingrayEntityForge=300, CommonThresherSharkEntityForge=300, GiantMorayEelEntityForge=300, GreatHammerheadSharkEntityForge=300, GreatWhiteSharkEntityForge=300, GreenSeaTurtleEntityForge=300, HarborSealEntityForge=300, NautilusEntityForge=300, OceanicWhitetipSharkEntityForge=300, OrcaEntityForge=700, SandtigerSharkEntityForge=300, ShortfinMakoSharkEntityForge=300, TigerSharkEntityForge=300}	11	{action_escape=25, action_feed=123, action_habitat=5, bounded_living_scans=757, death_AmericanLobsterEntityForge_mob_by_CommonStingrayEntityForge=2, death_AtlanticCodEntityForge_mob_by_BlacktipReefSharkEntityForge=1, death_AtlanticCodEntityForge_mob_by_SandtigerSharkEntityForge=1, death_CommonStingrayEntityForge_mob_by_GreatHammerheadSharkEntityForge=1, living_deaths=5, navigation_calls=8178, sensor_calls=23264}	60	63
10400	323988064	{AmericanLobsterEntityForge=10, AtlanticCodEntityForge=8, AtlanticSalmonEntityForge=8, BlackSeaNettleJellyfishEntityForge=1, BlacktipReefSharkEntityForge=3, BottlenoseDolphinEntityForge=4, CannonballJellyfishEntityForge=2, CaribbeanReefOctopusEntityForge=2, CommonOctopusEntityForge=3, CommonStingrayEntityForge=3, CommonThresherSharkEntityForge=1, GiantMorayEelEntityForge=4, GreatHammerheadSharkEntityForge=1, GreatWhiteSharkEntityForge=1, GreenSeaTurtleEntityForge=3, HarborSealEntityForge=3, NautilusEntityForge=1, OceanicWhitetipSharkEntityForge=1, OrcaEntityForge=1, SandtigerSharkEntityForge=1, ShortfinMakoSharkEntityForge=1, TigerSharkEntityForge=1}	{AmericanLobsterEntityForge=300, AtlanticCodEntityForge=300, AtlanticSalmonEntityForge=300, BlackSeaNettleJellyfishEntityForge=300, BlacktipReefSharkEntityForge=300, BottlenoseDolphinEntityForge=700, CannonballJellyfishEntityForge=300, CaribbeanReefOctopusEntityForge=300, CommonOctopusEntityForge=300, CommonStingrayEntityForge=300, CommonThresherSharkEntityForge=300, GiantMorayEelEntityForge=300, GreatHammerheadSharkEntityForge=300, GreatWhiteSharkEntityForge=300, GreenSeaTurtleEntityForge=300, HarborSealEntityForge=300, NautilusEntityForge=300, OceanicWhitetipSharkEntityForge=300, OrcaEntityForge=700, SandtigerSharkEntityForge=300, ShortfinMakoSharkEntityForge=300, TigerSharkEntityForge=300}	11	{action_escape=25, action_feed=126, action_habitat=6, bounded_living_scans=766, death_AmericanLobsterEntityForge_mob_by_CommonStingrayEntityForge=2, death_AtlanticCodEntityForge_mob_by_BlacktipReefSharkEntityForge=1, death_AtlanticCodEntityForge_mob_by_SandtigerSharkEntityForge=1, death_CommonStingrayEntityForge_mob_by_GreatHammerheadSharkEntityForge=1, living_deaths=5, navigation_calls=8342, sensor_calls=23740}	62	63
10600	426748512	{AmericanLobsterEntityForge=10, AtlanticCodEntityForge=8, AtlanticSalmonEntityForge=8, BlackSeaNettleJellyfishEntityForge=1, BlacktipReefSharkEntityForge=3, BottlenoseDolphinEntityForge=4, CannonballJellyfishEntityForge=2, CaribbeanReefOctopusEntityForge=2, CommonOctopusEntityForge=3, CommonStingrayEntityForge=3, CommonThresherSharkEntityForge=1, GiantMorayEelEntityForge=4, GreatHammerheadSharkEntityForge=1, GreatWhiteSharkEntityForge=1, GreenSeaTurtleEntityForge=3, HarborSealEntityForge=3, NautilusEntityForge=1, OceanicWhitetipSharkEntityForge=1, OrcaEntityForge=1, SandtigerSharkEntityForge=1, ShortfinMakoSharkEntityForge=1, TigerSharkEntityForge=1}	{AmericanLobsterEntityForge=300, AtlanticCodEntityForge=300, AtlanticSalmonEntityForge=300, BlackSeaNettleJellyfishEntityForge=300, BlacktipReefSharkEntityForge=300, BottlenoseDolphinEntityForge=700, CannonballJellyfishEntityForge=300, CaribbeanReefOctopusEntityForge=300, CommonOctopusEntityForge=300, CommonStingrayEntityForge=300, CommonThresherSharkEntityForge=300, GiantMorayEelEntityForge=300, GreatHammerheadSharkEntityForge=300, GreatWhiteSharkEntityForge=300, GreenSeaTurtleEntityForge=300, HarborSealEntityForge=300, NautilusEntityForge=300, OceanicWhitetipSharkEntityForge=300, OrcaEntityForge=700, SandtigerSharkEntityForge=300, ShortfinMakoSharkEntityForge=300, TigerSharkEntityForge=300}	11	{action_escape=25, action_feed=129, action_habitat=6, bounded_living_scans=789, death_AmericanLobsterEntityForge_mob_by_CommonStingrayEntityForge=2, death_AtlanticCodEntityForge_mob_by_BlacktipReefSharkEntityForge=1, death_AtlanticCodEntityForge_mob_by_SandtigerSharkEntityForge=1, death_CommonStingrayEntityForge_mob_by_GreatHammerheadSharkEntityForge=1, living_deaths=5, navigation_calls=8487, sensor_calls=24176}	63	63
10800	527411808	{AmericanLobsterEntityForge=10, AtlanticCodEntityForge=8, AtlanticSalmonEntityForge=8, BlackSeaNettleJellyfishEntityForge=1, BlacktipReefSharkEntityForge=3, BottlenoseDolphinEntityForge=4, CannonballJellyfishEntityForge=2, CaribbeanReefOctopusEntityForge=2, CommonOctopusEntityForge=3, CommonStingrayEntityForge=3, CommonThresherSharkEntityForge=1, GiantMorayEelEntityForge=4, GreatHammerheadSharkEntityForge=1, GreatWhiteSharkEntityForge=1, GreenSeaTurtleEntityForge=3, HarborSealEntityForge=3, NautilusEntityForge=1, OceanicWhitetipSharkEntityForge=1, OrcaEntityForge=1, SandtigerSharkEntityForge=1, ShortfinMakoSharkEntityForge=1, TigerSharkEntityForge=1}	{AmericanLobsterEntityForge=300, AtlanticCodEntityForge=300, AtlanticSalmonEntityForge=300, BlackSeaNettleJellyfishEntityForge=300, BlacktipReefSharkEntityForge=300, BottlenoseDolphinEntityForge=700, CannonballJellyfishEntityForge=300, CaribbeanReefOctopusEntityForge=300, CommonOctopusEntityForge=300, CommonStingrayEntityForge=300, CommonThresherSharkEntityForge=300, GiantMorayEelEntityForge=300, GreatHammerheadSharkEntityForge=300, GreatWhiteSharkEntityForge=298, GreenSeaTurtleEntityForge=300, HarborSealEntityForge=300, NautilusEntityForge=300, OceanicWhitetipSharkEntityForge=300, OrcaEntityForge=700, SandtigerSharkEntityForge=300, ShortfinMakoSharkEntityForge=300, TigerSharkEntityForge=300}	11	{action_escape=25, action_feed=130, action_habitat=6, bounded_living_scans=794, death_AmericanLobsterEntityForge_mob_by_CommonStingrayEntityForge=2, death_AtlanticCodEntityForge_mob_by_BlacktipReefSharkEntityForge=1, death_AtlanticCodEntityForge_mob_by_SandtigerSharkEntityForge=1, death_AtlanticSalmonEntityForge_mob_by_ShortfinMakoSharkEntityForge=1, death_CommonStingrayEntityForge_mob_by_GreatHammerheadSharkEntityForge=1, living_deaths=6, navigation_calls=8631, sensor_calls=24652}	60	63
11000	628075104	{AmericanLobsterEntityForge=10, AtlanticCodEntityForge=8, AtlanticSalmonEntityForge=7, BlackSeaNettleJellyfishEntityForge=1, BlacktipReefSharkEntityForge=3, BottlenoseDolphinEntityForge=4, CannonballJellyfishEntityForge=2, CaribbeanReefOctopusEntityForge=2, CommonOctopusEntityForge=3, CommonStingrayEntityForge=3, CommonThresherSharkEntityForge=1, GiantMorayEelEntityForge=4, GreatHammerheadSharkEntityForge=1, GreatWhiteSharkEntityForge=1, GreenSeaTurtleEntityForge=3, HarborSealEntityForge=3, NautilusEntityForge=1, OceanicWhitetipSharkEntityForge=1, OrcaEntityForge=1, SandtigerSharkEntityForge=1, ShortfinMakoSharkEntityForge=1, TigerSharkEntityForge=1}	{AmericanLobsterEntityForge=300, AtlanticCodEntityForge=300, AtlanticSalmonEntityForge=300, BlackSeaNettleJellyfishEntityForge=300, BlacktipReefSharkEntityForge=300, BottlenoseDolphinEntityForge=700, CannonballJellyfishEntityForge=300, CaribbeanReefOctopusEntityForge=300, CommonOctopusEntityForge=300, CommonStingrayEntityForge=300, CommonThresherSharkEntityForge=300, GiantMorayEelEntityForge=300, GreatHammerheadSharkEntityForge=300, GreatWhiteSharkEntityForge=300, GreenSeaTurtleEntityForge=300, HarborSealEntityForge=300, NautilusEntityForge=300, OceanicWhitetipSharkEntityForge=300, OrcaEntityForge=700, SandtigerSharkEntityForge=300, ShortfinMakoSharkEntityForge=300, TigerSharkEntityForge=300}	11	{action_escape=27, action_feed=134, action_habitat=7, bounded_living_scans=821, death_AmericanLobsterEntityForge_mob_by_CommonStingrayEntityForge=2, death_AtlanticCodEntityForge_mob_by_BlacktipReefSharkEntityForge=1, death_AtlanticCodEntityForge_mob_by_SandtigerSharkEntityForge=1, death_AtlanticSalmonEntityForge_mob_by_ShortfinMakoSharkEntityForge=1, death_CommonStingrayEntityForge_mob_by_GreatHammerheadSharkEntityForge=1, living_deaths=6, navigation_calls=8773, sensor_calls=25088}	59	62
11200	730835552	{AmericanLobsterEntityForge=10, AtlanticCodEntityForge=8, AtlanticSalmonEntityForge=8, BlackSeaNettleJellyfishEntityForge=1, BlacktipReefSharkEntityForge=3, BottlenoseDolphinEntityForge=4, CannonballJellyfishEntityForge=2, CaribbeanReefOctopusEntityForge=2, CommonOctopusEntityForge=3, CommonStingrayEntityForge=3, CommonThresherSharkEntityForge=1, GiantMorayEelEntityForge=4, GreatHammerheadSharkEntityForge=1, GreatWhiteSharkEntityForge=1, GreenSeaTurtleEntityForge=3, HarborSealEntityForge=3, NautilusEntityForge=1, OceanicWhitetipSharkEntityForge=1, OrcaEntityForge=1, SandtigerSharkEntityForge=1, ShortfinMakoSharkEntityForge=1, TigerSharkEntityForge=1}	{AmericanLobsterEntityForge=300, AtlanticCodEntityForge=300, AtlanticSalmonEntityForge=300, BlackSeaNettleJellyfishEntityForge=300, BlacktipReefSharkEntityForge=300, BottlenoseDolphinEntityForge=700, CannonballJellyfishEntityForge=300, CaribbeanReefOctopusEntityForge=300, CommonOctopusEntityForge=300, CommonStingrayEntityForge=300, CommonThresherSharkEntityForge=300, GiantMorayEelEntityForge=300, GreatHammerheadSharkEntityForge=300, GreatWhiteSharkEntityForge=300, GreenSeaTurtleEntityForge=300, HarborSealEntityForge=300, NautilusEntityForge=300, OceanicWhitetipSharkEntityForge=300, OrcaEntityForge=700, SandtigerSharkEntityForge=300, ShortfinMakoSharkEntityForge=300, TigerSharkEntityForge=300}	11	{action_escape=28, action_feed=135, action_habitat=7, bounded_living_scans=828, death_AmericanLobsterEntityForge_mob_by_CommonStingrayEntityForge=2, death_AtlanticCodEntityForge_mob_by_BlacktipReefSharkEntityForge=1, death_AtlanticCodEntityForge_mob_by_SandtigerSharkEntityForge=1, death_AtlanticSalmonEntityForge_mob_by_ShortfinMakoSharkEntityForge=1, death_CommonStingrayEntityForge_mob_by_GreatHammerheadSharkEntityForge=1, living_deaths=6, navigation_calls=8946, sensor_calls=25564}	58	63
11400	832547424	{AmericanLobsterEntityForge=10, AtlanticCodEntityForge=7, AtlanticSalmonEntityForge=8, BlackSeaNettleJellyfishEntityForge=1, BlacktipReefSharkEntityForge=3, BottlenoseDolphinEntityForge=4, CannonballJellyfishEntityForge=2, CaribbeanReefOctopusEntityForge=2, CommonOctopusEntityForge=3, CommonStingrayEntityForge=3, CommonThresherSharkEntityForge=1, GiantMorayEelEntityForge=4, GreatHammerheadSharkEntityForge=1, GreatWhiteSharkEntityForge=1, GreenSeaTurtleEntityForge=3, HarborSealEntityForge=3, NautilusEntityForge=1, OceanicWhitetipSharkEntityForge=1, OrcaEntityForge=1, SandtigerSharkEntityForge=1, ShortfinMakoSharkEntityForge=1, TigerSharkEntityForge=1}	{AmericanLobsterEntityForge=300, AtlanticCodEntityForge=300, AtlanticSalmonEntityForge=300, BlackSeaNettleJellyfishEntityForge=300, BlacktipReefSharkEntityForge=300, BottlenoseDolphinEntityForge=700, CannonballJellyfishEntityForge=300, CaribbeanReefOctopusEntityForge=300, CommonOctopusEntityForge=300, CommonStingrayEntityForge=300, CommonThresherSharkEntityForge=300, GiantMorayEelEntityForge=300, GreatHammerheadSharkEntityForge=300, GreatWhiteSharkEntityForge=300, GreenSeaTurtleEntityForge=300, HarborSealEntityForge=300, NautilusEntityForge=300, OceanicWhitetipSharkEntityForge=300, OrcaEntityForge=700, SandtigerSharkEntityForge=300, ShortfinMakoSharkEntityForge=300, TigerSharkEntityForge=300}	11	{action_escape=28, action_feed=137, action_habitat=7, bounded_living_scans=846, death_AmericanLobsterEntityForge_mob_by_CommonStingrayEntityForge=2, death_AtlanticCodEntityForge_mob_by_BlacktipReefSharkEntityForge=2, death_AtlanticCodEntityForge_mob_by_SandtigerSharkEntityForge=1, death_AtlanticSalmonEntityForge_mob_by_ShortfinMakoSharkEntityForge=1, death_CommonStingrayEntityForge_mob_by_GreatHammerheadSharkEntityForge=1, living_deaths=7, navigation_calls=9146, sensor_calls=26041}	61	62
11600	938453600	{AmericanLobsterEntityForge=10, AtlanticCodEntityForge=8, AtlanticSalmonEntityForge=8, BlackSeaNettleJellyfishEntityForge=1, BlacktipReefSharkEntityForge=3, BottlenoseDolphinEntityForge=4, CannonballJellyfishEntityForge=2, CaribbeanReefOctopusEntityForge=2, CommonOctopusEntityForge=3, CommonStingrayEntityForge=3, CommonThresherSharkEntityForge=1, GiantMorayEelEntityForge=4, GreatHammerheadSharkEntityForge=1, GreatWhiteSharkEntityForge=1, GreenSeaTurtleEntityForge=3, HarborSealEntityForge=3, NautilusEntityForge=1, OceanicWhitetipSharkEntityForge=1, OrcaEntityForge=1, SandtigerSharkEntityForge=1, ShortfinMakoSharkEntityForge=1, TigerSharkEntityForge=1}	{AmericanLobsterEntityForge=300, AtlanticCodEntityForge=300, AtlanticSalmonEntityForge=300, BlackSeaNettleJellyfishEntityForge=300, BlacktipReefSharkEntityForge=300, BottlenoseDolphinEntityForge=700, CannonballJellyfishEntityForge=300, CaribbeanReefOctopusEntityForge=300, CommonOctopusEntityForge=300, CommonStingrayEntityForge=300, CommonThresherSharkEntityForge=300, GiantMorayEelEntityForge=300, GreatHammerheadSharkEntityForge=300, GreatWhiteSharkEntityForge=300, GreenSeaTurtleEntityForge=300, HarborSealEntityForge=300, NautilusEntityForge=300, OceanicWhitetipSharkEntityForge=300, OrcaEntityForge=700, SandtigerSharkEntityForge=300, ShortfinMakoSharkEntityForge=300, TigerSharkEntityForge=300}	11	{action_escape=29, action_feed=141, action_habitat=7, bounded_living_scans=856, death_AmericanLobsterEntityForge_mob_by_CommonStingrayEntityForge=2, death_AtlanticCodEntityForge_mob_by_BlacktipReefSharkEntityForge=2, death_AtlanticCodEntityForge_mob_by_SandtigerSharkEntityForge=1, death_AtlanticSalmonEntityForge_mob_by_ShortfinMakoSharkEntityForge=1, death_CommonStingrayEntityForge_mob_by_GreatHammerheadSharkEntityForge=1, living_deaths=7, navigation_calls=9335, sensor_calls=26476}	60	63
11800	1044359776	{AmericanLobsterEntityForge=10, AtlanticCodEntityForge=8, AtlanticSalmonEntityForge=8, BlackSeaNettleJellyfishEntityForge=1, BlacktipReefSharkEntityForge=3, BottlenoseDolphinEntityForge=4, CannonballJellyfishEntityForge=2, CaribbeanReefOctopusEntityForge=2, CommonOctopusEntityForge=3, CommonStingrayEntityForge=3, CommonThresherSharkEntityForge=1, GiantMorayEelEntityForge=4, GreatHammerheadSharkEntityForge=1, GreatWhiteSharkEntityForge=1, GreenSeaTurtleEntityForge=3, HarborSealEntityForge=3, NautilusEntityForge=1, OceanicWhitetipSharkEntityForge=1, OrcaEntityForge=1, SandtigerSharkEntityForge=1, ShortfinMakoSharkEntityForge=1, TigerSharkEntityForge=1}	{AmericanLobsterEntityForge=300, AtlanticCodEntityForge=300, AtlanticSalmonEntityForge=300, BlackSeaNettleJellyfishEntityForge=300, BlacktipReefSharkEntityForge=300, BottlenoseDolphinEntityForge=700, CannonballJellyfishEntityForge=300, CaribbeanReefOctopusEntityForge=300, CommonOctopusEntityForge=300, CommonStingrayEntityForge=300, CommonThresherSharkEntityForge=300, GiantMorayEelEntityForge=300, GreatHammerheadSharkEntityForge=300, GreatWhiteSharkEntityForge=300, GreenSeaTurtleEntityForge=300, HarborSealEntityForge=300, NautilusEntityForge=300, OceanicWhitetipSharkEntityForge=300, OrcaEntityForge=692, SandtigerSharkEntityForge=300, ShortfinMakoSharkEntityForge=300, TigerSharkEntityForge=300}	11	{action_escape=29, action_feed=145, action_habitat=7, bounded_living_scans=875, death_AmericanLobsterEntityForge_mob_by_CommonStingrayEntityForge=2, death_AtlanticCodEntityForge_mob_by_BlacktipReefSharkEntityForge=2, death_AtlanticCodEntityForge_mob_by_SandtigerSharkEntityForge=1, death_AtlanticSalmonEntityForge_mob_by_ShortfinMakoSharkEntityForge=1, death_CommonStingrayEntityForge_mob_by_GreatHammerheadSharkEntityForge=1, living_deaths=7, navigation_calls=9547, sensor_calls=26953}	61	63
12000	1157605984	{AmericanLobsterEntityForge=10, AtlanticCodEntityForge=8, AtlanticSalmonEntityForge=8, BlackSeaNettleJellyfishEntityForge=1, BlacktipReefSharkEntityForge=3, BottlenoseDolphinEntityForge=4, CannonballJellyfishEntityForge=2, CaribbeanReefOctopusEntityForge=2, CommonOctopusEntityForge=3, CommonStingrayEntityForge=3, CommonThresherSharkEntityForge=1, GiantMorayEelEntityForge=4, GreatHammerheadSharkEntityForge=1, GreatWhiteSharkEntityForge=1, GreenSeaTurtleEntityForge=3, HarborSealEntityForge=3, NautilusEntityForge=1, OceanicWhitetipSharkEntityForge=1, OrcaEntityForge=1, SandtigerSharkEntityForge=1, ShortfinMakoSharkEntityForge=1, TigerSharkEntityForge=1}	{AmericanLobsterEntityForge=300, AtlanticCodEntityForge=300, AtlanticSalmonEntityForge=300, BlackSeaNettleJellyfishEntityForge=300, BlacktipReefSharkEntityForge=300, BottlenoseDolphinEntityForge=700, CannonballJellyfishEntityForge=300, CaribbeanReefOctopusEntityForge=300, CommonOctopusEntityForge=300, CommonStingrayEntityForge=300, CommonThresherSharkEntityForge=300, GiantMorayEelEntityForge=300, GreatHammerheadSharkEntityForge=300, GreatWhiteSharkEntityForge=300, GreenSeaTurtleEntityForge=300, HarborSealEntityForge=300, NautilusEntityForge=300, OceanicWhitetipSharkEntityForge=300, OrcaEntityForge=700, SandtigerSharkEntityForge=300, ShortfinMakoSharkEntityForge=300, TigerSharkEntityForge=300}	11	{action_escape=30, action_feed=147, action_habitat=7, bounded_living_scans=885, death_AmericanLobsterEntityForge_mob_by_CommonStingrayEntityForge=2, death_AtlanticCodEntityForge_mob_by_BlacktipReefSharkEntityForge=2, death_AtlanticCodEntityForge_mob_by_SandtigerSharkEntityForge=1, death_AtlanticSalmonEntityForge_mob_by_ShortfinMakoSharkEntityForge=1, death_CommonStingrayEntityForge_mob_by_GreatHammerheadSharkEntityForge=1, living_deaths=7, navigation_calls=9758, sensor_calls=27389}	60	63
12200	1263512160	{AmericanLobsterEntityForge=10, AtlanticCodEntityForge=8, AtlanticSalmonEntityForge=8, BlackSeaNettleJellyfishEntityForge=1, BlacktipReefSharkEntityForge=3, BottlenoseDolphinEntityForge=4, CannonballJellyfishEntityForge=2, CaribbeanReefOctopusEntityForge=2, CommonOctopusEntityForge=3, CommonStingrayEntityForge=3, CommonThresherSharkEntityForge=1, GiantMorayEelEntityForge=4, GreatHammerheadSharkEntityForge=1, GreatWhiteSharkEntityForge=1, GreenSeaTurtleEntityForge=3, HarborSealEntityForge=3, NautilusEntityForge=1, OceanicWhitetipSharkEntityForge=1, OrcaEntityForge=1, SandtigerSharkEntityForge=1, ShortfinMakoSharkEntityForge=1, TigerSharkEntityForge=1}	{AmericanLobsterEntityForge=300, AtlanticCodEntityForge=300, AtlanticSalmonEntityForge=300, BlackSeaNettleJellyfishEntityForge=300, BlacktipReefSharkEntityForge=300, BottlenoseDolphinEntityForge=700, CannonballJellyfishEntityForge=300, CaribbeanReefOctopusEntityForge=300, CommonOctopusEntityForge=300, CommonStingrayEntityForge=300, CommonThresherSharkEntityForge=300, GiantMorayEelEntityForge=300, GreatHammerheadSharkEntityForge=300, GreatWhiteSharkEntityForge=300, GreenSeaTurtleEntityForge=300, HarborSealEntityForge=300, NautilusEntityForge=300, OceanicWhitetipSharkEntityForge=300, OrcaEntityForge=700, SandtigerSharkEntityForge=300, ShortfinMakoSharkEntityForge=300, TigerSharkEntityForge=300}	11	{action_escape=30, action_feed=150, action_habitat=7, bounded_living_scans=907, death_AmericanLobsterEntityForge_mob_by_CommonStingrayEntityForge=2, death_AtlanticCodEntityForge_mob_by_BlacktipReefSharkEntityForge=2, death_AtlanticCodEntityForge_mob_by_SandtigerSharkEntityForge=1, death_AtlanticSalmonEntityForge_mob_by_ShortfinMakoSharkEntityForge=1, death_CommonStingrayEntityForge_mob_by_GreatHammerheadSharkEntityForge=1, death_CommonStingrayEntityForge_mob_by_OceanicWhitetipSharkEntityForge=1, living_deaths=8, navigation_calls=9934, sensor_calls=27866}	61	63
12400	1366272608	{AmericanLobsterEntityForge=10, AtlanticCodEntityForge=8, AtlanticSalmonEntityForge=7, BlackSeaNettleJellyfishEntityForge=1, BlacktipReefSharkEntityForge=3, BottlenoseDolphinEntityForge=4, CannonballJellyfishEntityForge=2, CaribbeanReefOctopusEntityForge=2, CommonOctopusEntityForge=3, CommonStingrayEntityForge=2, CommonThresherSharkEntityForge=1, GiantMorayEelEntityForge=4, GreatHammerheadSharkEntityForge=1, GreatWhiteSharkEntityForge=1, GreenSeaTurtleEntityForge=3, HarborSealEntityForge=3, NautilusEntityForge=1, OceanicWhitetipSharkEntityForge=1, OrcaEntityForge=1, SandtigerSharkEntityForge=1, ShortfinMakoSharkEntityForge=1, TigerSharkEntityForge=1}	{AmericanLobsterEntityForge=300, AtlanticCodEntityForge=300, AtlanticSalmonEntityForge=300, BlackSeaNettleJellyfishEntityForge=300, BlacktipReefSharkEntityForge=300, BottlenoseDolphinEntityForge=700, CannonballJellyfishEntityForge=300, CaribbeanReefOctopusEntityForge=300, CommonOctopusEntityForge=300, CommonStingrayEntityForge=300, CommonThresherSharkEntityForge=300, GiantMorayEelEntityForge=300, GreatHammerheadSharkEntityForge=300, GreatWhiteSharkEntityForge=300, GreenSeaTurtleEntityForge=300, HarborSealEntityForge=300, NautilusEntityForge=300, OceanicWhitetipSharkEntityForge=300, OrcaEntityForge=700, SandtigerSharkEntityForge=300, ShortfinMakoSharkEntityForge=300, TigerSharkEntityForge=300}	11	{action_escape=30, action_feed=151, action_habitat=7, bounded_living_scans=914, death_AmericanLobsterEntityForge_mob_by_CommonStingrayEntityForge=2, death_AtlanticCodEntityForge_mob_by_BlacktipReefSharkEntityForge=2, death_AtlanticCodEntityForge_mob_by_SandtigerSharkEntityForge=1, death_AtlanticSalmonEntityForge_mob_by_CommonThresherSharkEntityForge=1, death_AtlanticSalmonEntityForge_mob_by_ShortfinMakoSharkEntityForge=1, death_CommonStingrayEntityForge_mob_by_GreatHammerheadSharkEntityForge=1, death_CommonStingrayEntityForge_mob_by_OceanicWhitetipSharkEntityForge=1, living_deaths=9, navigation_calls=10114, sensor_calls=28301}	58	61
12600	1476373088	{AmericanLobsterEntityForge=10, AtlanticCodEntityForge=8, AtlanticSalmonEntityForge=8, BlackSeaNettleJellyfishEntityForge=1, BlacktipReefSharkEntityForge=3, BottlenoseDolphinEntityForge=4, CannonballJellyfishEntityForge=2, CaribbeanReefOctopusEntityForge=2, CommonOctopusEntityForge=3, CommonStingrayEntityForge=3, CommonThresherSharkEntityForge=1, GiantMorayEelEntityForge=4, GreatHammerheadSharkEntityForge=1, GreatWhiteSharkEntityForge=1, GreenSeaTurtleEntityForge=3, HarborSealEntityForge=3, NautilusEntityForge=1, OceanicWhitetipSharkEntityForge=1, OrcaEntityForge=1, SandtigerSharkEntityForge=1, ShortfinMakoSharkEntityForge=1, TigerSharkEntityForge=1}	{AmericanLobsterEntityForge=300, AtlanticCodEntityForge=300, AtlanticSalmonEntityForge=300, BlackSeaNettleJellyfishEntityForge=300, BlacktipReefSharkEntityForge=300, BottlenoseDolphinEntityForge=700, CannonballJellyfishEntityForge=300, CaribbeanReefOctopusEntityForge=300, CommonOctopusEntityForge=300, CommonStingrayEntityForge=300, CommonThresherSharkEntityForge=300, GiantMorayEelEntityForge=300, GreatHammerheadSharkEntityForge=300, GreatWhiteSharkEntityForge=300, GreenSeaTurtleEntityForge=300, HarborSealEntityForge=300, NautilusEntityForge=300, OceanicWhitetipSharkEntityForge=300, OrcaEntityForge=700, SandtigerSharkEntityForge=300, ShortfinMakoSharkEntityForge=300, TigerSharkEntityForge=300}	11	{action_escape=31, action_feed=155, action_habitat=7, bounded_living_scans=934, death_AmericanLobsterEntityForge_mob_by_CommonStingrayEntityForge=2, death_AtlanticCodEntityForge_mob_by_BlacktipReefSharkEntityForge=2, death_AtlanticCodEntityForge_mob_by_SandtigerSharkEntityForge=1, death_AtlanticSalmonEntityForge_mob_by_CommonThresherSharkEntityForge=1, death_AtlanticSalmonEntityForge_mob_by_ShortfinMakoSharkEntityForge=1, death_CommonStingrayEntityForge_mob_by_GreatHammerheadSharkEntityForge=1, death_CommonStingrayEntityForge_mob_by_OceanicWhitetipSharkEntityForge=1, living_deaths=9, navigation_calls=10272, sensor_calls=28778}	61	63
12800	1584376416	{AmericanLobsterEntityForge=10, AtlanticCodEntityForge=8, AtlanticSalmonEntityForge=8, BlackSeaNettleJellyfishEntityForge=1, BlacktipReefSharkEntityForge=3, BottlenoseDolphinEntityForge=4, CannonballJellyfishEntityForge=2, CaribbeanReefOctopusEntityForge=2, CommonOctopusEntityForge=3, CommonStingrayEntityForge=3, CommonThresherSharkEntityForge=1, GiantMorayEelEntityForge=4, GreatHammerheadSharkEntityForge=1, GreatWhiteSharkEntityForge=1, GreenSeaTurtleEntityForge=3, HarborSealEntityForge=3, NautilusEntityForge=1, OceanicWhitetipSharkEntityForge=1, OrcaEntityForge=1, SandtigerSharkEntityForge=1, ShortfinMakoSharkEntityForge=1, TigerSharkEntityForge=1}	{AmericanLobsterEntityForge=300, AtlanticCodEntityForge=300, AtlanticSalmonEntityForge=300, BlackSeaNettleJellyfishEntityForge=300, BlacktipReefSharkEntityForge=300, BottlenoseDolphinEntityForge=700, CannonballJellyfishEntityForge=300, CaribbeanReefOctopusEntityForge=300, CommonOctopusEntityForge=300, CommonStingrayEntityForge=300, CommonThresherSharkEntityForge=300, GiantMorayEelEntityForge=300, GreatHammerheadSharkEntityForge=300, GreatWhiteSharkEntityForge=298, GreenSeaTurtleEntityForge=300, HarborSealEntityForge=300, NautilusEntityForge=300, OceanicWhitetipSharkEntityForge=300, OrcaEntityForge=700, SandtigerSharkEntityForge=300, ShortfinMakoSharkEntityForge=300, TigerSharkEntityForge=300}	11	{action_escape=31, action_feed=158, action_habitat=8, bounded_living_scans=943, death_AmericanLobsterEntityForge_mob_by_CommonStingrayEntityForge=2, death_AtlanticCodEntityForge_mob_by_BlacktipReefSharkEntityForge=2, death_AtlanticCodEntityForge_mob_by_SandtigerSharkEntityForge=1, death_AtlanticSalmonEntityForge_mob_by_CommonThresherSharkEntityForge=1, death_AtlanticSalmonEntityForge_mob_by_ShortfinMakoSharkEntityForge=1, death_CommonStingrayEntityForge_mob_by_GreatHammerheadSharkEntityForge=1, death_CommonStingrayEntityForge_mob_by_OceanicWhitetipSharkEntityForge=1, living_deaths=9, navigation_calls=10410, sensor_calls=29214}	61	63
13000	424972248	{AmericanLobsterEntityForge=10, AtlanticCodEntityForge=8, AtlanticSalmonEntityForge=8, BlackSeaNettleJellyfishEntityForge=1, BlacktipReefSharkEntityForge=3, BottlenoseDolphinEntityForge=4, CannonballJellyfishEntityForge=2, CaribbeanReefOctopusEntityForge=2, CommonOctopusEntityForge=3, CommonStingrayEntityForge=3, CommonThresherSharkEntityForge=1, GiantMorayEelEntityForge=4, GreatHammerheadSharkEntityForge=1, GreatWhiteSharkEntityForge=1, GreenSeaTurtleEntityForge=3, HarborSealEntityForge=3, NautilusEntityForge=1, OceanicWhitetipSharkEntityForge=1, OrcaEntityForge=1, SandtigerSharkEntityForge=1, ShortfinMakoSharkEntityForge=1, TigerSharkEntityForge=1}	{AmericanLobsterEntityForge=300, AtlanticCodEntityForge=300, AtlanticSalmonEntityForge=300, BlackSeaNettleJellyfishEntityForge=300, BlacktipReefSharkEntityForge=300, BottlenoseDolphinEntityForge=700, CannonballJellyfishEntityForge=300, CaribbeanReefOctopusEntityForge=300, CommonOctopusEntityForge=300, CommonStingrayEntityForge=300, CommonThresherSharkEntityForge=300, GiantMorayEelEntityForge=300, GreatHammerheadSharkEntityForge=300, GreatWhiteSharkEntityForge=300, GreenSeaTurtleEntityForge=300, HarborSealEntityForge=300, NautilusEntityForge=300, OceanicWhitetipSharkEntityForge=300, OrcaEntityForge=700, SandtigerSharkEntityForge=300, ShortfinMakoSharkEntityForge=300, TigerSharkEntityForge=300}	11	{action_escape=32, action_feed=162, action_habitat=8, bounded_living_scans=969, death_AmericanLobsterEntityForge_mob_by_CommonStingrayEntityForge=2, death_AtlanticCodEntityForge_mob_by_BlacktipReefSharkEntityForge=2, death_AtlanticCodEntityForge_mob_by_SandtigerSharkEntityForge=1, death_AtlanticSalmonEntityForge_mob_by_CommonThresherSharkEntityForge=1, death_AtlanticSalmonEntityForge_mob_by_ShortfinMakoSharkEntityForge=1, death_CommonStingrayEntityForge_mob_by_GreatHammerheadSharkEntityForge=1, death_CommonStingrayEntityForge_mob_by_OceanicWhitetipSharkEntityForge=1, living_deaths=9, navigation_calls=10634, sensor_calls=29691}	63	63
13200	550801368	{AmericanLobsterEntityForge=10, AtlanticCodEntityForge=8, AtlanticSalmonEntityForge=8, BlackSeaNettleJellyfishEntityForge=1, BlacktipReefSharkEntityForge=3, BottlenoseDolphinEntityForge=4, CannonballJellyfishEntityForge=2, CaribbeanReefOctopusEntityForge=2, CommonOctopusEntityForge=3, CommonStingrayEntityForge=3, CommonThresherSharkEntityForge=1, GiantMorayEelEntityForge=4, GreatHammerheadSharkEntityForge=1, GreatWhiteSharkEntityForge=1, GreenSeaTurtleEntityForge=3, HarborSealEntityForge=3, NautilusEntityForge=1, OceanicWhitetipSharkEntityForge=1, OrcaEntityForge=1, SandtigerSharkEntityForge=1, ShortfinMakoSharkEntityForge=1, TigerSharkEntityForge=1}	{AmericanLobsterEntityForge=300, AtlanticCodEntityForge=300, AtlanticSalmonEntityForge=300, BlackSeaNettleJellyfishEntityForge=300, BlacktipReefSharkEntityForge=300, BottlenoseDolphinEntityForge=700, CannonballJellyfishEntityForge=300, CaribbeanReefOctopusEntityForge=300, CommonOctopusEntityForge=300, CommonStingrayEntityForge=300, CommonThresherSharkEntityForge=300, GiantMorayEelEntityForge=300, GreatHammerheadSharkEntityForge=300, GreatWhiteSharkEntityForge=300, GreenSeaTurtleEntityForge=300, HarborSealEntityForge=300, NautilusEntityForge=300, OceanicWhitetipSharkEntityForge=300, OrcaEntityForge=700, SandtigerSharkEntityForge=300, ShortfinMakoSharkEntityForge=300, TigerSharkEntityForge=300}	11	{action_escape=33, action_feed=166, action_habitat=8, bounded_living_scans=977, death_AmericanLobsterEntityForge_mob_by_CommonStingrayEntityForge=2, death_AtlanticCodEntityForge_mob_by_BlacktipReefSharkEntityForge=2, death_AtlanticCodEntityForge_mob_by_SandtigerSharkEntityForge=1, death_AtlanticSalmonEntityForge_mob_by_CommonThresherSharkEntityForge=1, death_AtlanticSalmonEntityForge_mob_by_ShortfinMakoSharkEntityForge=1, death_CommonStingrayEntityForge_mob_by_GreatHammerheadSharkEntityForge=1, death_CommonStingrayEntityForge_mob_by_OceanicWhitetipSharkEntityForge=1, living_deaths=9, navigation_calls=10875, sensor_calls=30126}	60	63
13400	680824792	{AmericanLobsterEntityForge=10, AtlanticCodEntityForge=8, AtlanticSalmonEntityForge=8, BlackSeaNettleJellyfishEntityForge=1, BlacktipReefSharkEntityForge=3, BottlenoseDolphinEntityForge=4, CannonballJellyfishEntityForge=2, CaribbeanReefOctopusEntityForge=2, CommonOctopusEntityForge=3, CommonStingrayEntityForge=3, CommonThresherSharkEntityForge=1, GiantMorayEelEntityForge=4, GreatHammerheadSharkEntityForge=1, GreatWhiteSharkEntityForge=1, GreenSeaTurtleEntityForge=3, HarborSealEntityForge=3, NautilusEntityForge=1, OceanicWhitetipSharkEntityForge=1, OrcaEntityForge=1, SandtigerSharkEntityForge=1, ShortfinMakoSharkEntityForge=1, TigerSharkEntityForge=1}	{AmericanLobsterEntityForge=300, AtlanticCodEntityForge=300, AtlanticSalmonEntityForge=300, BlackSeaNettleJellyfishEntityForge=300, BlacktipReefSharkEntityForge=300, BottlenoseDolphinEntityForge=700, CannonballJellyfishEntityForge=300, CaribbeanReefOctopusEntityForge=300, CommonOctopusEntityForge=300, CommonStingrayEntityForge=300, CommonThresherSharkEntityForge=300, GiantMorayEelEntityForge=300, GreatHammerheadSharkEntityForge=300, GreatWhiteSharkEntityForge=300, GreenSeaTurtleEntityForge=300, HarborSealEntityForge=300, NautilusEntityForge=300, OceanicWhitetipSharkEntityForge=300, OrcaEntityForge=700, SandtigerSharkEntityForge=300, ShortfinMakoSharkEntityForge=300, TigerSharkEntityForge=300}	11	{action_escape=33, action_feed=169, action_habitat=8, bounded_living_scans=999, death_AmericanLobsterEntityForge_mob_by_CommonStingrayEntityForge=2, death_AtlanticCodEntityForge_mob_by_BlacktipReefSharkEntityForge=2, death_AtlanticCodEntityForge_mob_by_SandtigerSharkEntityForge=1, death_AtlanticSalmonEntityForge_mob_by_CommonThresherSharkEntityForge=1, death_AtlanticSalmonEntityForge_mob_by_ShortfinMakoSharkEntityForge=1, death_CommonStingrayEntityForge_mob_by_GreatHammerheadSharkEntityForge=1, death_CommonStingrayEntityForge_mob_by_OceanicWhitetipSharkEntityForge=1, living_deaths=9, navigation_calls=11150, sensor_calls=30603}	61	63
13600	823431128	{AmericanLobsterEntityForge=10, AtlanticCodEntityForge=8, AtlanticSalmonEntityForge=8, BlackSeaNettleJellyfishEntityForge=1, BlacktipReefSharkEntityForge=3, BottlenoseDolphinEntityForge=4, CannonballJellyfishEntityForge=2, CaribbeanReefOctopusEntityForge=2, CommonOctopusEntityForge=3, CommonStingrayEntityForge=3, CommonThresherSharkEntityForge=1, GiantMorayEelEntityForge=4, GreatHammerheadSharkEntityForge=1, GreatWhiteSharkEntityForge=1, GreenSeaTurtleEntityForge=3, HarborSealEntityForge=3, NautilusEntityForge=1, OceanicWhitetipSharkEntityForge=1, OrcaEntityForge=1, SandtigerSharkEntityForge=1, ShortfinMakoSharkEntityForge=1, TigerSharkEntityForge=1}	{AmericanLobsterEntityForge=300, AtlanticCodEntityForge=300, AtlanticSalmonEntityForge=300, BlackSeaNettleJellyfishEntityForge=300, BlacktipReefSharkEntityForge=300, BottlenoseDolphinEntityForge=700, CannonballJellyfishEntityForge=300, CaribbeanReefOctopusEntityForge=300, CommonOctopusEntityForge=300, CommonStingrayEntityForge=300, CommonThresherSharkEntityForge=300, GiantMorayEelEntityForge=300, GreatHammerheadSharkEntityForge=300, GreatWhiteSharkEntityForge=300, GreenSeaTurtleEntityForge=300, HarborSealEntityForge=300, NautilusEntityForge=300, OceanicWhitetipSharkEntityForge=300, OrcaEntityForge=700, SandtigerSharkEntityForge=300, ShortfinMakoSharkEntityForge=300, TigerSharkEntityForge=300}	11	{action_escape=34, action_feed=171, action_habitat=8, bounded_living_scans=1006, death_AmericanLobsterEntityForge_mob_by_CommonStingrayEntityForge=2, death_AtlanticCodEntityForge_mob_by_BlacktipReefSharkEntityForge=2, death_AtlanticCodEntityForge_mob_by_SandtigerSharkEntityForge=1, death_AtlanticSalmonEntityForge_mob_by_CommonThresherSharkEntityForge=1, death_AtlanticSalmonEntityForge_mob_by_ShortfinMakoSharkEntityForge=1, death_CommonStingrayEntityForge_mob_by_GreatHammerheadSharkEntityForge=1, death_CommonStingrayEntityForge_mob_by_OceanicWhitetipSharkEntityForge=1, living_deaths=9, navigation_calls=11393, sensor_calls=31040}	63	63
13800	937725912	{AmericanLobsterEntityForge=10, AtlanticCodEntityForge=7, AtlanticSalmonEntityForge=8, BlackSeaNettleJellyfishEntityForge=1, BlacktipReefSharkEntityForge=3, BottlenoseDolphinEntityForge=4, CannonballJellyfishEntityForge=2, CaribbeanReefOctopusEntityForge=2, CommonOctopusEntityForge=3, CommonStingrayEntityForge=3, CommonThresherSharkEntityForge=1, GiantMorayEelEntityForge=4, GreatHammerheadSharkEntityForge=1, GreatWhiteSharkEntityForge=1, GreenSeaTurtleEntityForge=2, HarborSealEntityForge=3, NautilusEntityForge=1, OceanicWhitetipSharkEntityForge=1, OrcaEntityForge=1, SandtigerSharkEntityForge=1, ShortfinMakoSharkEntityForge=1, TigerSharkEntityForge=1}	{AmericanLobsterEntityForge=300, AtlanticCodEntityForge=300, AtlanticSalmonEntityForge=300, BlackSeaNettleJellyfishEntityForge=300, BlacktipReefSharkEntityForge=300, BottlenoseDolphinEntityForge=700, CannonballJellyfishEntityForge=300, CaribbeanReefOctopusEntityForge=300, CommonOctopusEntityForge=300, CommonStingrayEntityForge=300, CommonThresherSharkEntityForge=300, GiantMorayEelEntityForge=300, GreatHammerheadSharkEntityForge=300, GreatWhiteSharkEntityForge=300, GreenSeaTurtleEntityForge=300, HarborSealEntityForge=300, NautilusEntityForge=300, OceanicWhitetipSharkEntityForge=300, OrcaEntityForge=700, SandtigerSharkEntityForge=300, ShortfinMakoSharkEntityForge=300, TigerSharkEntityForge=300}	11	{action_escape=34, action_feed=173, action_habitat=8, bounded_living_scans=1028, death_AmericanLobsterEntityForge_mob_by_CommonStingrayEntityForge=2, death_AtlanticCodEntityForge_mob_by_BlacktipReefSharkEntityForge=3, death_AtlanticCodEntityForge_mob_by_SandtigerSharkEntityForge=1, death_AtlanticSalmonEntityForge_mob_by_CommonThresherSharkEntityForge=1, death_AtlanticSalmonEntityForge_mob_by_ShortfinMakoSharkEntityForge=1, death_CommonStingrayEntityForge_mob_by_GreatHammerheadSharkEntityForge=1, death_CommonStingrayEntityForge_mob_by_OceanicWhitetipSharkEntityForge=1, death_GreenSeaTurtleEntityForge_mob_by_TigerSharkEntityForge=1, living_deaths=11, navigation_calls=11578, sensor_calls=31508}	60	61
14000	1043632088	{AmericanLobsterEntityForge=10, AtlanticCodEntityForge=8, AtlanticSalmonEntityForge=8, BlackSeaNettleJellyfishEntityForge=1, BlacktipReefSharkEntityForge=3, BottlenoseDolphinEntityForge=4, CannonballJellyfishEntityForge=2, CaribbeanReefOctopusEntityForge=2, CommonOctopusEntityForge=3, CommonStingrayEntityForge=3, CommonThresherSharkEntityForge=1, GiantMorayEelEntityForge=4, GreatHammerheadSharkEntityForge=1, GreatWhiteSharkEntityForge=1, GreenSeaTurtleEntityForge=3, HarborSealEntityForge=3, NautilusEntityForge=1, OceanicWhitetipSharkEntityForge=1, OrcaEntityForge=1, SandtigerSharkEntityForge=1, ShortfinMakoSharkEntityForge=1, TigerSharkEntityForge=1}	{AmericanLobsterEntityForge=300, AtlanticCodEntityForge=300, AtlanticSalmonEntityForge=300, BlackSeaNettleJellyfishEntityForge=300, BlacktipReefSharkEntityForge=300, BottlenoseDolphinEntityForge=700, CannonballJellyfishEntityForge=300, CaribbeanReefOctopusEntityForge=300, CommonOctopusEntityForge=300, CommonStingrayEntityForge=300, CommonThresherSharkEntityForge=300, GiantMorayEelEntityForge=300, GreatHammerheadSharkEntityForge=300, GreatWhiteSharkEntityForge=300, GreenSeaTurtleEntityForge=300, HarborSealEntityForge=300, NautilusEntityForge=300, OceanicWhitetipSharkEntityForge=300, OrcaEntityForge=700, SandtigerSharkEntityForge=300, ShortfinMakoSharkEntityForge=300, TigerSharkEntityForge=300}	11	{action_escape=35, action_feed=177, action_habitat=9, bounded_living_scans=1036, death_AmericanLobsterEntityForge_mob_by_CommonStingrayEntityForge=2, death_AtlanticCodEntityForge_mob_by_BlacktipReefSharkEntityForge=3, death_AtlanticCodEntityForge_mob_by_SandtigerSharkEntityForge=1, death_AtlanticSalmonEntityForge_mob_by_CommonThresherSharkEntityForge=1, death_AtlanticSalmonEntityForge_mob_by_ShortfinMakoSharkEntityForge=1, death_CommonStingrayEntityForge_mob_by_GreatHammerheadSharkEntityForge=1, death_CommonStingrayEntityForge_mob_by_OceanicWhitetipSharkEntityForge=1, death_GreenSeaTurtleEntityForge_mob_by_TigerSharkEntityForge=1, living_deaths=11, navigation_calls=11725, sensor_calls=31946}	61	63
14200	1147441112	{AmericanLobsterEntityForge=10, AtlanticCodEntityForge=8, AtlanticSalmonEntityForge=7, BlackSeaNettleJellyfishEntityForge=1, BlacktipReefSharkEntityForge=3, BottlenoseDolphinEntityForge=4, CannonballJellyfishEntityForge=2, CaribbeanReefOctopusEntityForge=2, CommonOctopusEntityForge=3, CommonStingrayEntityForge=3, CommonThresherSharkEntityForge=1, GiantMorayEelEntityForge=4, GreatHammerheadSharkEntityForge=1, GreatWhiteSharkEntityForge=1, GreenSeaTurtleEntityForge=3, HarborSealEntityForge=3, NautilusEntityForge=1, OceanicWhitetipSharkEntityForge=1, OrcaEntityForge=1, SandtigerSharkEntityForge=1, ShortfinMakoSharkEntityForge=1, TigerSharkEntityForge=1}	{AmericanLobsterEntityForge=300, AtlanticCodEntityForge=300, AtlanticSalmonEntityForge=300, BlackSeaNettleJellyfishEntityForge=300, BlacktipReefSharkEntityForge=300, BottlenoseDolphinEntityForge=700, CannonballJellyfishEntityForge=300, CaribbeanReefOctopusEntityForge=300, CommonOctopusEntityForge=300, CommonStingrayEntityForge=300, CommonThresherSharkEntityForge=300, GiantMorayEelEntityForge=300, GreatHammerheadSharkEntityForge=300, GreatWhiteSharkEntityForge=300, GreenSeaTurtleEntityForge=300, HarborSealEntityForge=300, NautilusEntityForge=300, OceanicWhitetipSharkEntityForge=300, OrcaEntityForge=700, SandtigerSharkEntityForge=300, ShortfinMakoSharkEntityForge=300, TigerSharkEntityForge=300}	11	{action_escape=35, action_feed=177, action_habitat=9, action_social=1, bounded_living_scans=1055, death_AmericanLobsterEntityForge_mob_by_CommonStingrayEntityForge=2, death_AtlanticCodEntityForge_mob_by_BlacktipReefSharkEntityForge=3, death_AtlanticCodEntityForge_mob_by_SandtigerSharkEntityForge=1, death_AtlanticSalmonEntityForge_mob_by_BlacktipReefSharkEntityForge=1, death_AtlanticSalmonEntityForge_mob_by_CommonThresherSharkEntityForge=1, death_AtlanticSalmonEntityForge_mob_by_ShortfinMakoSharkEntityForge=1, death_CommonStingrayEntityForge_mob_by_GreatHammerheadSharkEntityForge=1, death_CommonStingrayEntityForge_mob_by_OceanicWhitetipSharkEntityForge=1, death_GreenSeaTurtleEntityForge_mob_by_TigerSharkEntityForge=1, living_deaths=12, navigation_calls=11837, sensor_calls=32421}	60	62
14400	1257541592	{AmericanLobsterEntityForge=10, AtlanticCodEntityForge=8, AtlanticSalmonEntityForge=8, BlackSeaNettleJellyfishEntityForge=1, BlacktipReefSharkEntityForge=3, BottlenoseDolphinEntityForge=4, CannonballJellyfishEntityForge=2, CaribbeanReefOctopusEntityForge=2, CommonOctopusEntityForge=3, CommonStingrayEntityForge=3, CommonThresherSharkEntityForge=1, GiantMorayEelEntityForge=4, GreatHammerheadSharkEntityForge=1, GreatWhiteSharkEntityForge=1, GreenSeaTurtleEntityForge=3, HarborSealEntityForge=3, NautilusEntityForge=1, OceanicWhitetipSharkEntityForge=1, OrcaEntityForge=1, SandtigerSharkEntityForge=1, ShortfinMakoSharkEntityForge=1, TigerSharkEntityForge=1}	{AmericanLobsterEntityForge=300, AtlanticCodEntityForge=300, AtlanticSalmonEntityForge=300, BlackSeaNettleJellyfishEntityForge=300, BlacktipReefSharkEntityForge=300, BottlenoseDolphinEntityForge=700, CannonballJellyfishEntityForge=300, CaribbeanReefOctopusEntityForge=300, CommonOctopusEntityForge=300, CommonStingrayEntityForge=300, CommonThresherSharkEntityForge=300, GiantMorayEelEntityForge=300, GreatHammerheadSharkEntityForge=300, GreatWhiteSharkEntityForge=300, GreenSeaTurtleEntityForge=300, HarborSealEntityForge=300, NautilusEntityForge=300, OceanicWhitetipSharkEntityForge=300, OrcaEntityForge=700, SandtigerSharkEntityForge=300, ShortfinMakoSharkEntityForge=300, TigerSharkEntityForge=300}	11	{action_escape=35, action_feed=182, action_habitat=9, action_social=1, bounded_living_scans=1063, death_AmericanLobsterEntityForge_mob_by_CommonStingrayEntityForge=2, death_AtlanticCodEntityForge_mob_by_BlacktipReefSharkEntityForge=3, death_AtlanticCodEntityForge_mob_by_SandtigerSharkEntityForge=1, death_AtlanticSalmonEntityForge_mob_by_BlacktipReefSharkEntityForge=1, death_AtlanticSalmonEntityForge_mob_by_CommonThresherSharkEntityForge=1, death_AtlanticSalmonEntityForge_mob_by_ShortfinMakoSharkEntityForge=1, death_CommonStingrayEntityForge_mob_by_GreatHammerheadSharkEntityForge=1, death_CommonStingrayEntityForge_mob_by_OceanicWhitetipSharkEntityForge=1, death_GreenSeaTurtleEntityForge_mob_by_TigerSharkEntityForge=1, living_deaths=12, navigation_calls=11995, sensor_calls=32858}	62	63
14600	1366593496	{AmericanLobsterEntityForge=10, AtlanticCodEntityForge=8, AtlanticSalmonEntityForge=8, BlackSeaNettleJellyfishEntityForge=1, BlacktipReefSharkEntityForge=3, BottlenoseDolphinEntityForge=4, CannonballJellyfishEntityForge=2, CaribbeanReefOctopusEntityForge=2, CommonOctopusEntityForge=3, CommonStingrayEntityForge=3, CommonThresherSharkEntityForge=1, GiantMorayEelEntityForge=4, GreatHammerheadSharkEntityForge=1, GreatWhiteSharkEntityForge=1, GreenSeaTurtleEntityForge=3, HarborSealEntityForge=3, NautilusEntityForge=1, OceanicWhitetipSharkEntityForge=1, OrcaEntityForge=1, SandtigerSharkEntityForge=1, ShortfinMakoSharkEntityForge=1, TigerSharkEntityForge=1}	{AmericanLobsterEntityForge=300, AtlanticCodEntityForge=300, AtlanticSalmonEntityForge=300, BlackSeaNettleJellyfishEntityForge=300, BlacktipReefSharkEntityForge=300, BottlenoseDolphinEntityForge=700, CannonballJellyfishEntityForge=300, CaribbeanReefOctopusEntityForge=300, CommonOctopusEntityForge=300, CommonStingrayEntityForge=300, CommonThresherSharkEntityForge=300, GiantMorayEelEntityForge=300, GreatHammerheadSharkEntityForge=300, GreatWhiteSharkEntityForge=300, GreenSeaTurtleEntityForge=300, HarborSealEntityForge=300, NautilusEntityForge=300, OceanicWhitetipSharkEntityForge=300, OrcaEntityForge=700, SandtigerSharkEntityForge=300, ShortfinMakoSharkEntityForge=300, TigerSharkEntityForge=300}	11	{action_escape=35, action_feed=184, action_habitat=10, action_social=1, bounded_living_scans=1083, death_AmericanLobsterEntityForge_mob_by_CommonStingrayEntityForge=2, death_AtlanticCodEntityForge_mob_by_BlacktipReefSharkEntityForge=3, death_AtlanticCodEntityForge_mob_by_SandtigerSharkEntityForge=1, death_AtlanticSalmonEntityForge_mob_by_BlacktipReefSharkEntityForge=1, death_AtlanticSalmonEntityForge_mob_by_CommonThresherSharkEntityForge=1, death_AtlanticSalmonEntityForge_mob_by_ShortfinMakoSharkEntityForge=1, death_CommonStingrayEntityForge_mob_by_GreatHammerheadSharkEntityForge=1, death_CommonStingrayEntityForge_mob_by_OceanicWhitetipSharkEntityForge=1, death_GreenSeaTurtleEntityForge_mob_by_TigerSharkEntityForge=1, living_deaths=12, navigation_calls=12103, sensor_calls=33334}	63	63
14800	1474596824	{AmericanLobsterEntityForge=10, AtlanticCodEntityForge=8, AtlanticSalmonEntityForge=8, BlackSeaNettleJellyfishEntityForge=1, BlacktipReefSharkEntityForge=3, BottlenoseDolphinEntityForge=4, CannonballJellyfishEntityForge=2, CaribbeanReefOctopusEntityForge=2, CommonOctopusEntityForge=3, CommonStingrayEntityForge=3, CommonThresherSharkEntityForge=1, GiantMorayEelEntityForge=4, GreatHammerheadSharkEntityForge=1, GreatWhiteSharkEntityForge=1, GreenSeaTurtleEntityForge=3, HarborSealEntityForge=3, NautilusEntityForge=1, OceanicWhitetipSharkEntityForge=1, OrcaEntityForge=1, SandtigerSharkEntityForge=1, ShortfinMakoSharkEntityForge=1, TigerSharkEntityForge=1}	{AmericanLobsterEntityForge=300, AtlanticCodEntityForge=300, AtlanticSalmonEntityForge=300, BlackSeaNettleJellyfishEntityForge=300, BlacktipReefSharkEntityForge=300, BottlenoseDolphinEntityForge=700, CannonballJellyfishEntityForge=300, CaribbeanReefOctopusEntityForge=300, CommonOctopusEntityForge=300, CommonStingrayEntityForge=300, CommonThresherSharkEntityForge=300, GiantMorayEelEntityForge=300, GreatHammerheadSharkEntityForge=300, GreatWhiteSharkEntityForge=298, GreenSeaTurtleEntityForge=300, HarborSealEntityForge=300, NautilusEntityForge=300, OceanicWhitetipSharkEntityForge=300, OrcaEntityForge=700, SandtigerSharkEntityForge=300, ShortfinMakoSharkEntityForge=300, TigerSharkEntityForge=300}	11	{action_escape=35, action_feed=184, action_habitat=10, action_social=1, bounded_living_scans=1090, death_AmericanLobsterEntityForge_mob_by_CommonStingrayEntityForge=2, death_AtlanticCodEntityForge_mob_by_BlacktipReefSharkEntityForge=3, death_AtlanticCodEntityForge_mob_by_SandtigerSharkEntityForge=1, death_AtlanticSalmonEntityForge_mob_by_BlacktipReefSharkEntityForge=1, death_AtlanticSalmonEntityForge_mob_by_CommonThresherSharkEntityForge=1, death_AtlanticSalmonEntityForge_mob_by_ShortfinMakoSharkEntityForge=1, death_CommonStingrayEntityForge_mob_by_GreatHammerheadSharkEntityForge=1, death_CommonStingrayEntityForge_mob_by_OceanicWhitetipSharkEntityForge=1, death_GreenSeaTurtleEntityForge_mob_by_TigerSharkEntityForge=1, living_deaths=12, navigation_calls=12183, sensor_calls=33770}	61	63
15000	1584697304	{AmericanLobsterEntityForge=10, AtlanticCodEntityForge=8, AtlanticSalmonEntityForge=8, BlackSeaNettleJellyfishEntityForge=1, BlacktipReefSharkEntityForge=3, BottlenoseDolphinEntityForge=4, CannonballJellyfishEntityForge=2, CaribbeanReefOctopusEntityForge=2, CommonOctopusEntityForge=3, CommonStingrayEntityForge=3, CommonThresherSharkEntityForge=1, GiantMorayEelEntityForge=4, GreatHammerheadSharkEntityForge=1, GreatWhiteSharkEntityForge=1, GreenSeaTurtleEntityForge=3, HarborSealEntityForge=3, NautilusEntityForge=1, OceanicWhitetipSharkEntityForge=1, OrcaEntityForge=1, SandtigerSharkEntityForge=1, ShortfinMakoSharkEntityForge=1, TigerSharkEntityForge=1}	{AmericanLobsterEntityForge=300, AtlanticCodEntityForge=300, AtlanticSalmonEntityForge=300, BlackSeaNettleJellyfishEntityForge=300, BlacktipReefSharkEntityForge=300, BottlenoseDolphinEntityForge=700, CannonballJellyfishEntityForge=300, CaribbeanReefOctopusEntityForge=300, CommonOctopusEntityForge=300, CommonStingrayEntityForge=300, CommonThresherSharkEntityForge=300, GiantMorayEelEntityForge=300, GreatHammerheadSharkEntityForge=300, GreatWhiteSharkEntityForge=300, GreenSeaTurtleEntityForge=300, HarborSealEntityForge=300, NautilusEntityForge=300, OceanicWhitetipSharkEntityForge=300, OrcaEntityForge=700, SandtigerSharkEntityForge=300, ShortfinMakoSharkEntityForge=300, TigerSharkEntityForge=300}	11	{action_escape=35, action_feed=190, action_habitat=10, action_social=1, bounded_living_scans=1111, death_AmericanLobsterEntityForge_mob_by_CommonStingrayEntityForge=2, death_AtlanticCodEntityForge_mob_by_BlacktipReefSharkEntityForge=3, death_AtlanticCodEntityForge_mob_by_SandtigerSharkEntityForge=1, death_AtlanticSalmonEntityForge_mob_by_BlacktipReefSharkEntityForge=1, death_AtlanticSalmonEntityForge_mob_by_CommonThresherSharkEntityForge=1, death_AtlanticSalmonEntityForge_mob_by_ShortfinMakoSharkEntityForge=1, death_CommonStingrayEntityForge_mob_by_GreatHammerheadSharkEntityForge=1, death_CommonStingrayEntityForge_mob_by_OceanicWhitetipSharkEntityForge=1, death_GreenSeaTurtleEntityForge_mob_by_TigerSharkEntityForge=1, living_deaths=12, navigation_calls=12295, sensor_calls=34246}	63	63
15200	412698344	{AmericanLobsterEntityForge=10, AtlanticCodEntityForge=8, AtlanticSalmonEntityForge=8, BlackSeaNettleJellyfishEntityForge=1, BlacktipReefSharkEntityForge=3, BottlenoseDolphinEntityForge=4, CannonballJellyfishEntityForge=2, CaribbeanReefOctopusEntityForge=2, CommonOctopusEntityForge=3, CommonStingrayEntityForge=3, CommonThresherSharkEntityForge=1, GiantMorayEelEntityForge=4, GreatHammerheadSharkEntityForge=1, GreatWhiteSharkEntityForge=1, GreenSeaTurtleEntityForge=3, HarborSealEntityForge=3, NautilusEntityForge=1, OceanicWhitetipSharkEntityForge=1, OrcaEntityForge=1, SandtigerSharkEntityForge=1, ShortfinMakoSharkEntityForge=1, TigerSharkEntityForge=1}	{AmericanLobsterEntityForge=300, AtlanticCodEntityForge=300, AtlanticSalmonEntityForge=300, BlackSeaNettleJellyfishEntityForge=300, BlacktipReefSharkEntityForge=300, BottlenoseDolphinEntityForge=700, CannonballJellyfishEntityForge=300, CaribbeanReefOctopusEntityForge=300, CommonOctopusEntityForge=300, CommonStingrayEntityForge=300, CommonThresherSharkEntityForge=300, GiantMorayEelEntityForge=300, GreatHammerheadSharkEntityForge=300, GreatWhiteSharkEntityForge=300, GreenSeaTurtleEntityForge=300, HarborSealEntityForge=300, NautilusEntityForge=300, OceanicWhitetipSharkEntityForge=300, OrcaEntityForge=700, SandtigerSharkEntityForge=300, ShortfinMakoSharkEntityForge=300, TigerSharkEntityForge=300}	11	{action_escape=35, action_feed=191, action_habitat=11, action_social=1, bounded_living_scans=1120, death_AmericanLobsterEntityForge_mob_by_CommonStingrayEntityForge=2, death_AtlanticCodEntityForge_mob_by_BlacktipReefSharkEntityForge=3, death_AtlanticCodEntityForge_mob_by_SandtigerSharkEntityForge=1, death_AtlanticSalmonEntityForge_mob_by_BlacktipReefSharkEntityForge=1, death_AtlanticSalmonEntityForge_mob_by_CommonThresherSharkEntityForge=1, death_AtlanticSalmonEntityForge_mob_by_ShortfinMakoSharkEntityForge=1, death_CommonStingrayEntityForge_mob_by_GreatHammerheadSharkEntityForge=1, death_CommonStingrayEntityForge_mob_by_OceanicWhitetipSharkEntityForge=1, death_GreenSeaTurtleEntityForge_mob_by_TigerSharkEntityForge=1, living_deaths=12, navigation_calls=12401, sensor_calls=34682}	60	63
15400	518604520	{AmericanLobsterEntityForge=10, AtlanticCodEntityForge=8, AtlanticSalmonEntityForge=8, BlackSeaNettleJellyfishEntityForge=1, BlacktipReefSharkEntityForge=3, BottlenoseDolphinEntityForge=4, CannonballJellyfishEntityForge=2, CaribbeanReefOctopusEntityForge=2, CommonOctopusEntityForge=3, CommonStingrayEntityForge=3, CommonThresherSharkEntityForge=1, GiantMorayEelEntityForge=4, GreatHammerheadSharkEntityForge=1, GreatWhiteSharkEntityForge=1, GreenSeaTurtleEntityForge=3, HarborSealEntityForge=3, NautilusEntityForge=1, OceanicWhitetipSharkEntityForge=1, OrcaEntityForge=1, SandtigerSharkEntityForge=1, ShortfinMakoSharkEntityForge=1, TigerSharkEntityForge=1}	{AmericanLobsterEntityForge=300, AtlanticCodEntityForge=300, AtlanticSalmonEntityForge=300, BlackSeaNettleJellyfishEntityForge=300, BlacktipReefSharkEntityForge=300, BottlenoseDolphinEntityForge=700, CannonballJellyfishEntityForge=300, CaribbeanReefOctopusEntityForge=300, CommonOctopusEntityForge=300, CommonStingrayEntityForge=300, CommonThresherSharkEntityForge=300, GiantMorayEelEntityForge=300, GreatHammerheadSharkEntityForge=300, GreatWhiteSharkEntityForge=300, GreenSeaTurtleEntityForge=300, HarborSealEntityForge=300, NautilusEntityForge=300, OceanicWhitetipSharkEntityForge=300, OrcaEntityForge=700, SandtigerSharkEntityForge=300, ShortfinMakoSharkEntityForge=300, TigerSharkEntityForge=300}	11	{action_escape=36, action_feed=196, action_habitat=11, action_social=1, bounded_living_scans=1141, death_AmericanLobsterEntityForge_mob_by_CommonStingrayEntityForge=2, death_AtlanticCodEntityForge_mob_by_BlacktipReefSharkEntityForge=3, death_AtlanticCodEntityForge_mob_by_SandtigerSharkEntityForge=1, death_AtlanticSalmonEntityForge_mob_by_BlacktipReefSharkEntityForge=1, death_AtlanticSalmonEntityForge_mob_by_CommonThresherSharkEntityForge=1, death_AtlanticSalmonEntityForge_mob_by_ShortfinMakoSharkEntityForge=1, death_CommonStingrayEntityForge_mob_by_GreatHammerheadSharkEntityForge=1, death_CommonStingrayEntityForge_mob_by_OceanicWhitetipSharkEntityForge=1, death_GreenSeaTurtleEntityForge_mob_by_TigerSharkEntityForge=1, living_deaths=12, navigation_calls=12556, sensor_calls=35158}	62	63
15600	632899304	{AmericanLobsterEntityForge=10, AtlanticCodEntityForge=7, AtlanticSalmonEntityForge=8, BlackSeaNettleJellyfishEntityForge=1, BlacktipReefSharkEntityForge=3, BottlenoseDolphinEntityForge=4, CannonballJellyfishEntityForge=2, CaribbeanReefOctopusEntityForge=2, CommonOctopusEntityForge=3, CommonStingrayEntityForge=3, CommonThresherSharkEntityForge=1, GiantMorayEelEntityForge=4, GreatHammerheadSharkEntityForge=1, GreatWhiteSharkEntityForge=1, GreenSeaTurtleEntityForge=3, HarborSealEntityForge=3, NautilusEntityForge=1, OceanicWhitetipSharkEntityForge=1, OrcaEntityForge=1, SandtigerSharkEntityForge=1, ShortfinMakoSharkEntityForge=1, TigerSharkEntityForge=1}	{AmericanLobsterEntityForge=300, AtlanticCodEntityForge=300, AtlanticSalmonEntityForge=300, BlackSeaNettleJellyfishEntityForge=300, BlacktipReefSharkEntityForge=300, BottlenoseDolphinEntityForge=700, CannonballJellyfishEntityForge=300, CaribbeanReefOctopusEntityForge=300, CommonOctopusEntityForge=300, CommonStingrayEntityForge=300, CommonThresherSharkEntityForge=300, GiantMorayEelEntityForge=300, GreatHammerheadSharkEntityForge=300, GreatWhiteSharkEntityForge=300, GreenSeaTurtleEntityForge=300, HarborSealEntityForge=300, NautilusEntityForge=300, OceanicWhitetipSharkEntityForge=300, OrcaEntityForge=700, SandtigerSharkEntityForge=300, ShortfinMakoSharkEntityForge=300, TigerSharkEntityForge=300}	11	{action_escape=36, action_feed=196, action_habitat=11, action_social=1, bounded_living_scans=1148, death_AmericanLobsterEntityForge_mob_by_CommonStingrayEntityForge=2, death_AtlanticCodEntityForge_mob_by_BlacktipReefSharkEntityForge=3, death_AtlanticCodEntityForge_mob_by_SandtigerSharkEntityForge=2, death_AtlanticSalmonEntityForge_mob_by_BlacktipReefSharkEntityForge=1, death_AtlanticSalmonEntityForge_mob_by_CommonThresherSharkEntityForge=1, death_AtlanticSalmonEntityForge_mob_by_ShortfinMakoSharkEntityForge=1, death_CommonStingrayEntityForge_mob_by_GreatHammerheadSharkEntityForge=1, death_CommonStingrayEntityForge_mob_by_OceanicWhitetipSharkEntityForge=1, death_GreenSeaTurtleEntityForge_mob_by_TigerSharkEntityForge=1, living_deaths=13, navigation_calls=12682, sensor_calls=35634}	61	62
15800	747194088	{AmericanLobsterEntityForge=10, AtlanticCodEntityForge=8, AtlanticSalmonEntityForge=8, BlackSeaNettleJellyfishEntityForge=1, BlacktipReefSharkEntityForge=3, BottlenoseDolphinEntityForge=4, CannonballJellyfishEntityForge=2, CaribbeanReefOctopusEntityForge=2, CommonOctopusEntityForge=3, CommonStingrayEntityForge=3, CommonThresherSharkEntityForge=1, GiantMorayEelEntityForge=4, GreatHammerheadSharkEntityForge=1, GreatWhiteSharkEntityForge=1, GreenSeaTurtleEntityForge=3, HarborSealEntityForge=3, NautilusEntityForge=1, OceanicWhitetipSharkEntityForge=1, OrcaEntityForge=1, SandtigerSharkEntityForge=1, ShortfinMakoSharkEntityForge=1, TigerSharkEntityForge=1}	{AmericanLobsterEntityForge=300, AtlanticCodEntityForge=300, AtlanticSalmonEntityForge=300, BlackSeaNettleJellyfishEntityForge=300, BlacktipReefSharkEntityForge=300, BottlenoseDolphinEntityForge=700, CannonballJellyfishEntityForge=300, CaribbeanReefOctopusEntityForge=300, CommonOctopusEntityForge=300, CommonStingrayEntityForge=300, CommonThresherSharkEntityForge=300, GiantMorayEelEntityForge=300, GreatHammerheadSharkEntityForge=300, GreatWhiteSharkEntityForge=300, GreenSeaTurtleEntityForge=300, HarborSealEntityForge=300, NautilusEntityForge=300, OceanicWhitetipSharkEntityForge=300, OrcaEntityForge=700, SandtigerSharkEntityForge=300, ShortfinMakoSharkEntityForge=300, TigerSharkEntityForge=300}	11	{action_escape=37, action_feed=199, action_habitat=13, action_social=1, bounded_living_scans=1168, death_AmericanLobsterEntityForge_mob_by_CommonStingrayEntityForge=2, death_AtlanticCodEntityForge_mob_by_BlacktipReefSharkEntityForge=3, death_AtlanticCodEntityForge_mob_by_SandtigerSharkEntityForge=2, death_AtlanticSalmonEntityForge_mob_by_BlacktipReefSharkEntityForge=1, death_AtlanticSalmonEntityForge_mob_by_CommonThresherSharkEntityForge=1, death_AtlanticSalmonEntityForge_mob_by_ShortfinMakoSharkEntityForge=1, death_CommonStingrayEntityForge_mob_by_GreatHammerheadSharkEntityForge=1, death_CommonStingrayEntityForge_mob_by_OceanicWhitetipSharkEntityForge=1, death_GreenSeaTurtleEntityForge_mob_by_TigerSharkEntityForge=1, living_deaths=13, navigation_calls=12824, sensor_calls=36070}	61	63
16000	862537448	{AmericanLobsterEntityForge=10, AtlanticCodEntityForge=8, AtlanticSalmonEntityForge=8, BlackSeaNettleJellyfishEntityForge=1, BlacktipReefSharkEntityForge=3, BottlenoseDolphinEntityForge=4, CannonballJellyfishEntityForge=2, CaribbeanReefOctopusEntityForge=2, CommonOctopusEntityForge=3, CommonStingrayEntityForge=3, CommonThresherSharkEntityForge=1, GiantMorayEelEntityForge=4, GreatHammerheadSharkEntityForge=1, GreatWhiteSharkEntityForge=1, GreenSeaTurtleEntityForge=3, HarborSealEntityForge=3, NautilusEntityForge=1, OceanicWhitetipSharkEntityForge=1, OrcaEntityForge=1, SandtigerSharkEntityForge=1, ShortfinMakoSharkEntityForge=1, TigerSharkEntityForge=1}	{AmericanLobsterEntityForge=300, AtlanticCodEntityForge=300, AtlanticSalmonEntityForge=300, BlackSeaNettleJellyfishEntityForge=300, BlacktipReefSharkEntityForge=300, BottlenoseDolphinEntityForge=700, CannonballJellyfishEntityForge=300, CaribbeanReefOctopusEntityForge=300, CommonOctopusEntityForge=300, CommonStingrayEntityForge=300, CommonThresherSharkEntityForge=300, GiantMorayEelEntityForge=300, GreatHammerheadSharkEntityForge=300, GreatWhiteSharkEntityForge=300, GreenSeaTurtleEntityForge=300, HarborSealEntityForge=300, NautilusEntityForge=300, OceanicWhitetipSharkEntityForge=300, OrcaEntityForge=700, SandtigerSharkEntityForge=300, ShortfinMakoSharkEntityForge=300, TigerSharkEntityForge=300}	11	{action_escape=37, action_feed=201, action_habitat=13, action_social=1, bounded_living_scans=1179, death_AmericanLobsterEntityForge_mob_by_CommonStingrayEntityForge=2, death_AtlanticCodEntityForge_mob_by_BlacktipReefSharkEntityForge=3, death_AtlanticCodEntityForge_mob_by_SandtigerSharkEntityForge=2, death_AtlanticSalmonEntityForge_mob_by_BlacktipReefSharkEntityForge=1, death_AtlanticSalmonEntityForge_mob_by_CommonThresherSharkEntityForge=1, death_AtlanticSalmonEntityForge_mob_by_ShortfinMakoSharkEntityForge=1, death_CommonStingrayEntityForge_mob_by_GreatHammerheadSharkEntityForge=1, death_CommonStingrayEntityForge_mob_by_OceanicWhitetipSharkEntityForge=1, death_GreenSeaTurtleEntityForge_mob_by_TigerSharkEntityForge=1, living_deaths=13, navigation_calls=12948, sensor_calls=36546}	62	63
16200	972637928	{AmericanLobsterEntityForge=10, AtlanticCodEntityForge=8, AtlanticSalmonEntityForge=8, BlackSeaNettleJellyfishEntityForge=1, BlacktipReefSharkEntityForge=3, BottlenoseDolphinEntityForge=4, CannonballJellyfishEntityForge=2, CaribbeanReefOctopusEntityForge=2, CommonOctopusEntityForge=3, CommonStingrayEntityForge=3, CommonThresherSharkEntityForge=1, GiantMorayEelEntityForge=4, GreatHammerheadSharkEntityForge=1, GreatWhiteSharkEntityForge=1, GreenSeaTurtleEntityForge=3, HarborSealEntityForge=3, NautilusEntityForge=1, OceanicWhitetipSharkEntityForge=1, OrcaEntityForge=1, SandtigerSharkEntityForge=1, ShortfinMakoSharkEntityForge=1, TigerSharkEntityForge=1}	{AmericanLobsterEntityForge=300, AtlanticCodEntityForge=300, AtlanticSalmonEntityForge=300, BlackSeaNettleJellyfishEntityForge=300, BlacktipReefSharkEntityForge=300, BottlenoseDolphinEntityForge=700, CannonballJellyfishEntityForge=300, CaribbeanReefOctopusEntityForge=300, CommonOctopusEntityForge=300, CommonStingrayEntityForge=300, CommonThresherSharkEntityForge=300, GiantMorayEelEntityForge=300, GreatHammerheadSharkEntityForge=300, GreatWhiteSharkEntityForge=300, GreenSeaTurtleEntityForge=300, HarborSealEntityForge=300, NautilusEntityForge=300, OceanicWhitetipSharkEntityForge=300, OrcaEntityForge=700, SandtigerSharkEntityForge=300, ShortfinMakoSharkEntityForge=300, TigerSharkEntityForge=300}	11	{action_escape=37, action_feed=204, action_habitat=13, action_social=1, bounded_living_scans=1197, death_AmericanLobsterEntityForge_mob_by_CommonStingrayEntityForge=2, death_AtlanticCodEntityForge_mob_by_BlacktipReefSharkEntityForge=3, death_AtlanticCodEntityForge_mob_by_SandtigerSharkEntityForge=2, death_AtlanticSalmonEntityForge_mob_by_BlacktipReefSharkEntityForge=1, death_AtlanticSalmonEntityForge_mob_by_CommonThresherSharkEntityForge=1, death_AtlanticSalmonEntityForge_mob_by_ShortfinMakoSharkEntityForge=1, death_CommonStingrayEntityForge_mob_by_GreatHammerheadSharkEntityForge=1, death_CommonStingrayEntityForge_mob_by_OceanicWhitetipSharkEntityForge=1, death_GreenSeaTurtleEntityForge_mob_by_TigerSharkEntityForge=1, living_deaths=13, navigation_calls=13087, sensor_calls=36983}	62	63
16400	1086932712	{AmericanLobsterEntityForge=10, AtlanticCodEntityForge=8, AtlanticSalmonEntityForge=8, BlackSeaNettleJellyfishEntityForge=1, BlacktipReefSharkEntityForge=3, BottlenoseDolphinEntityForge=4, CannonballJellyfishEntityForge=2, CaribbeanReefOctopusEntityForge=2, CommonOctopusEntityForge=3, CommonStingrayEntityForge=3, CommonThresherSharkEntityForge=1, GiantMorayEelEntityForge=4, GreatHammerheadSharkEntityForge=1, GreatWhiteSharkEntityForge=1, GreenSeaTurtleEntityForge=3, HarborSealEntityForge=3, NautilusEntityForge=1, OceanicWhitetipSharkEntityForge=1, OrcaEntityForge=1, SandtigerSharkEntityForge=1, ShortfinMakoSharkEntityForge=1, TigerSharkEntityForge=1}	{AmericanLobsterEntityForge=300, AtlanticCodEntityForge=300, AtlanticSalmonEntityForge=300, BlackSeaNettleJellyfishEntityForge=300, BlacktipReefSharkEntityForge=300, BottlenoseDolphinEntityForge=700, CannonballJellyfishEntityForge=300, CaribbeanReefOctopusEntityForge=300, CommonOctopusEntityForge=300, CommonStingrayEntityForge=300, CommonThresherSharkEntityForge=300, GiantMorayEelEntityForge=300, GreatHammerheadSharkEntityForge=300, GreatWhiteSharkEntityForge=300, GreenSeaTurtleEntityForge=300, HarborSealEntityForge=300, NautilusEntityForge=300, OceanicWhitetipSharkEntityForge=300, OrcaEntityForge=700, SandtigerSharkEntityForge=300, ShortfinMakoSharkEntityForge=300, TigerSharkEntityForge=300}	11	{action_escape=38, action_feed=208, action_habitat=15, action_social=1, bounded_living_scans=1214, death_AmericanLobsterEntityForge_mob_by_CommonStingrayEntityForge=2, death_AtlanticCodEntityForge_mob_by_BlacktipReefSharkEntityForge=3, death_AtlanticCodEntityForge_mob_by_SandtigerSharkEntityForge=2, death_AtlanticSalmonEntityForge_mob_by_BlacktipReefSharkEntityForge=1, death_AtlanticSalmonEntityForge_mob_by_CommonThresherSharkEntityForge=1, death_AtlanticSalmonEntityForge_mob_by_ShortfinMakoSharkEntityForge=1, death_CommonStingrayEntityForge_mob_by_GreatHammerheadSharkEntityForge=1, death_CommonStingrayEntityForge_mob_by_OceanicWhitetipSharkEntityForge=1, death_GreenSeaTurtleEntityForge_mob_by_TigerSharkEntityForge=1, living_deaths=13, navigation_calls=13230, sensor_calls=37459}	63	63
16600	1202276072	{AmericanLobsterEntityForge=10, AtlanticCodEntityForge=8, AtlanticSalmonEntityForge=8, BlackSeaNettleJellyfishEntityForge=1, BlacktipReefSharkEntityForge=3, BottlenoseDolphinEntityForge=4, CannonballJellyfishEntityForge=2, CaribbeanReefOctopusEntityForge=2, CommonOctopusEntityForge=3, CommonStingrayEntityForge=3, CommonThresherSharkEntityForge=1, GiantMorayEelEntityForge=4, GreatHammerheadSharkEntityForge=1, GreatWhiteSharkEntityForge=1, GreenSeaTurtleEntityForge=3, HarborSealEntityForge=3, NautilusEntityForge=1, OceanicWhitetipSharkEntityForge=1, OrcaEntityForge=1, SandtigerSharkEntityForge=1, ShortfinMakoSharkEntityForge=1, TigerSharkEntityForge=1}	{AmericanLobsterEntityForge=300, AtlanticCodEntityForge=300, AtlanticSalmonEntityForge=300, BlackSeaNettleJellyfishEntityForge=300, BlacktipReefSharkEntityForge=300, BottlenoseDolphinEntityForge=700, CannonballJellyfishEntityForge=300, CaribbeanReefOctopusEntityForge=300, CommonOctopusEntityForge=300, CommonStingrayEntityForge=300, CommonThresherSharkEntityForge=300, GiantMorayEelEntityForge=300, GreatHammerheadSharkEntityForge=300, GreatWhiteSharkEntityForge=299, GreenSeaTurtleEntityForge=300, HarborSealEntityForge=300, NautilusEntityForge=300, OceanicWhitetipSharkEntityForge=300, OrcaEntityForge=700, SandtigerSharkEntityForge=300, ShortfinMakoSharkEntityForge=300, TigerSharkEntityForge=300}	11	{action_escape=38, action_feed=210, action_habitat=15, action_social=1, bounded_living_scans=1231, death_AmericanLobsterEntityForge_mob_by_CommonStingrayEntityForge=2, death_AtlanticCodEntityForge_mob_by_BlacktipReefSharkEntityForge=3, death_AtlanticCodEntityForge_mob_by_SandtigerSharkEntityForge=2, death_AtlanticSalmonEntityForge_mob_by_BlacktipReefSharkEntityForge=1, death_AtlanticSalmonEntityForge_mob_by_CommonThresherSharkEntityForge=1, death_AtlanticSalmonEntityForge_mob_by_ShortfinMakoSharkEntityForge=1, death_CommonStingrayEntityForge_mob_by_GreatHammerheadSharkEntityForge=1, death_CommonStingrayEntityForge_mob_by_OceanicWhitetipSharkEntityForge=1, death_GreenSeaTurtleEntityForge_mob_by_TigerSharkEntityForge=1, living_deaths=13, navigation_calls=13380, sensor_calls=37895}	61	63
16800	1313425128	{AmericanLobsterEntityForge=10, AtlanticCodEntityForge=8, AtlanticSalmonEntityForge=8, BlackSeaNettleJellyfishEntityForge=1, BlacktipReefSharkEntityForge=3, BottlenoseDolphinEntityForge=4, CannonballJellyfishEntityForge=2, CaribbeanReefOctopusEntityForge=2, CommonOctopusEntityForge=3, CommonStingrayEntityForge=3, CommonThresherSharkEntityForge=1, GiantMorayEelEntityForge=4, GreatHammerheadSharkEntityForge=1, GreatWhiteSharkEntityForge=1, GreenSeaTurtleEntityForge=3, HarborSealEntityForge=3, NautilusEntityForge=1, OceanicWhitetipSharkEntityForge=1, OrcaEntityForge=1, SandtigerSharkEntityForge=1, ShortfinMakoSharkEntityForge=1, TigerSharkEntityForge=1}	{AmericanLobsterEntityForge=300, AtlanticCodEntityForge=300, AtlanticSalmonEntityForge=300, BlackSeaNettleJellyfishEntityForge=300, BlacktipReefSharkEntityForge=300, BottlenoseDolphinEntityForge=700, CannonballJellyfishEntityForge=300, CaribbeanReefOctopusEntityForge=300, CommonOctopusEntityForge=300, CommonStingrayEntityForge=300, CommonThresherSharkEntityForge=300, GiantMorayEelEntityForge=300, GreatHammerheadSharkEntityForge=300, GreatWhiteSharkEntityForge=300, GreenSeaTurtleEntityForge=300, HarborSealEntityForge=300, NautilusEntityForge=300, OceanicWhitetipSharkEntityForge=300, OrcaEntityForge=700, SandtigerSharkEntityForge=300, ShortfinMakoSharkEntityForge=300, TigerSharkEntityForge=300}	11	{action_escape=39, action_feed=213, action_habitat=15, action_social=1, bounded_living_scans=1243, death_AmericanLobsterEntityForge_mob_by_CommonStingrayEntityForge=2, death_AtlanticCodEntityForge_mob_by_BlacktipReefSharkEntityForge=3, death_AtlanticCodEntityForge_mob_by_SandtigerSharkEntityForge=2, death_AtlanticSalmonEntityForge_mob_by_BlacktipReefSharkEntityForge=1, death_AtlanticSalmonEntityForge_mob_by_CommonThresherSharkEntityForge=1, death_AtlanticSalmonEntityForge_mob_by_ShortfinMakoSharkEntityForge=1, death_CommonStingrayEntityForge_mob_by_GreatHammerheadSharkEntityForge=1, death_CommonStingrayEntityForge_mob_by_OceanicWhitetipSharkEntityForge=1, death_GreenSeaTurtleEntityForge_mob_by_TigerSharkEntityForge=1, living_deaths=13, navigation_calls=13525, sensor_calls=38371}	62	63
17000	1422477032	{AmericanLobsterEntityForge=10, AtlanticCodEntityForge=8, AtlanticSalmonEntityForge=8, BlackSeaNettleJellyfishEntityForge=1, BlacktipReefSharkEntityForge=3, BottlenoseDolphinEntityForge=4, CannonballJellyfishEntityForge=2, CaribbeanReefOctopusEntityForge=2, CommonOctopusEntityForge=3, CommonStingrayEntityForge=3, CommonThresherSharkEntityForge=1, GiantMorayEelEntityForge=4, GreatHammerheadSharkEntityForge=1, GreatWhiteSharkEntityForge=1, GreenSeaTurtleEntityForge=3, HarborSealEntityForge=3, NautilusEntityForge=1, OceanicWhitetipSharkEntityForge=1, OrcaEntityForge=1, SandtigerSharkEntityForge=1, ShortfinMakoSharkEntityForge=1, TigerSharkEntityForge=1}	{AmericanLobsterEntityForge=300, AtlanticCodEntityForge=300, AtlanticSalmonEntityForge=300, BlackSeaNettleJellyfishEntityForge=300, BlacktipReefSharkEntityForge=300, BottlenoseDolphinEntityForge=700, CannonballJellyfishEntityForge=300, CaribbeanReefOctopusEntityForge=300, CommonOctopusEntityForge=300, CommonStingrayEntityForge=300, CommonThresherSharkEntityForge=300, GiantMorayEelEntityForge=300, GreatHammerheadSharkEntityForge=300, GreatWhiteSharkEntityForge=300, GreenSeaTurtleEntityForge=300, HarborSealEntityForge=300, NautilusEntityForge=300, OceanicWhitetipSharkEntityForge=300, OrcaEntityForge=700, SandtigerSharkEntityForge=300, ShortfinMakoSharkEntityForge=300, TigerSharkEntityForge=300}	11	{action_escape=39, action_feed=214, action_habitat=17, action_social=1, bounded_living_scans=1261, death_AmericanLobsterEntityForge_mob_by_CommonStingrayEntityForge=2, death_AtlanticCodEntityForge_mob_by_BlacktipReefSharkEntityForge=3, death_AtlanticCodEntityForge_mob_by_SandtigerSharkEntityForge=2, death_AtlanticSalmonEntityForge_mob_by_BlacktipReefSharkEntityForge=1, death_AtlanticSalmonEntityForge_mob_by_CommonThresherSharkEntityForge=1, death_AtlanticSalmonEntityForge_mob_by_ShortfinMakoSharkEntityForge=1, death_CommonStingrayEntityForge_mob_by_GreatHammerheadSharkEntityForge=1, death_CommonStingrayEntityForge_mob_by_OceanicWhitetipSharkEntityForge=1, death_GreenSeaTurtleEntityForge_mob_by_TigerSharkEntityForge=1, living_deaths=13, navigation_calls=13629, sensor_calls=38808}	60	63
17200	1526286056	{AmericanLobsterEntityForge=10, AtlanticCodEntityForge=8, AtlanticSalmonEntityForge=8, BlackSeaNettleJellyfishEntityForge=1, BlacktipReefSharkEntityForge=3, BottlenoseDolphinEntityForge=4, CannonballJellyfishEntityForge=2, CaribbeanReefOctopusEntityForge=2, CommonOctopusEntityForge=3, CommonStingrayEntityForge=3, CommonThresherSharkEntityForge=1, GiantMorayEelEntityForge=4, GreatHammerheadSharkEntityForge=1, GreatWhiteSharkEntityForge=1, GreenSeaTurtleEntityForge=3, HarborSealEntityForge=3, NautilusEntityForge=1, OceanicWhitetipSharkEntityForge=1, OrcaEntityForge=1, SandtigerSharkEntityForge=1, ShortfinMakoSharkEntityForge=1, TigerSharkEntityForge=1}	{AmericanLobsterEntityForge=300, AtlanticCodEntityForge=300, AtlanticSalmonEntityForge=300, BlackSeaNettleJellyfishEntityForge=300, BlacktipReefSharkEntityForge=300, BottlenoseDolphinEntityForge=700, CannonballJellyfishEntityForge=300, CaribbeanReefOctopusEntityForge=300, CommonOctopusEntityForge=300, CommonStingrayEntityForge=300, CommonThresherSharkEntityForge=300, GiantMorayEelEntityForge=300, GreatHammerheadSharkEntityForge=300, GreatWhiteSharkEntityForge=300, GreenSeaTurtleEntityForge=300, HarborSealEntityForge=300, NautilusEntityForge=300, OceanicWhitetipSharkEntityForge=300, OrcaEntityForge=700, SandtigerSharkEntityForge=300, ShortfinMakoSharkEntityForge=300, TigerSharkEntityForge=300}	11	{action_escape=39, action_feed=217, action_habitat=17, action_social=1, bounded_living_scans=1273, death_AmericanLobsterEntityForge_mob_by_CommonStingrayEntityForge=2, death_AtlanticCodEntityForge_mob_by_BlacktipReefSharkEntityForge=3, death_AtlanticCodEntityForge_mob_by_SandtigerSharkEntityForge=2, death_AtlanticSalmonEntityForge_mob_by_BlacktipReefSharkEntityForge=1, death_AtlanticSalmonEntityForge_mob_by_CommonThresherSharkEntityForge=1, death_AtlanticSalmonEntityForge_mob_by_ShortfinMakoSharkEntityForge=1, death_CommonStingrayEntityForge_mob_by_GreatHammerheadSharkEntityForge=1, death_CommonStingrayEntityForge_mob_by_OceanicWhitetipSharkEntityForge=1, death_GreenSeaTurtleEntityForge_mob_by_TigerSharkEntityForge=1, living_deaths=13, navigation_calls=13762, sensor_calls=39284}	61	63
17400	354512296	{AmericanLobsterEntityForge=10, AtlanticCodEntityForge=8, AtlanticSalmonEntityForge=8, BlackSeaNettleJellyfishEntityForge=1, BlacktipReefSharkEntityForge=3, BottlenoseDolphinEntityForge=4, CannonballJellyfishEntityForge=2, CaribbeanReefOctopusEntityForge=2, CommonOctopusEntityForge=3, CommonStingrayEntityForge=3, CommonThresherSharkEntityForge=1, GiantMorayEelEntityForge=4, GreatHammerheadSharkEntityForge=1, GreatWhiteSharkEntityForge=1, GreenSeaTurtleEntityForge=3, HarborSealEntityForge=3, NautilusEntityForge=1, OceanicWhitetipSharkEntityForge=1, OrcaEntityForge=1, SandtigerSharkEntityForge=1, ShortfinMakoSharkEntityForge=1, TigerSharkEntityForge=1}	{AmericanLobsterEntityForge=300, AtlanticCodEntityForge=300, AtlanticSalmonEntityForge=300, BlackSeaNettleJellyfishEntityForge=300, BlacktipReefSharkEntityForge=300, BottlenoseDolphinEntityForge=700, CannonballJellyfishEntityForge=300, CaribbeanReefOctopusEntityForge=300, CommonOctopusEntityForge=300, CommonStingrayEntityForge=300, CommonThresherSharkEntityForge=300, GiantMorayEelEntityForge=300, GreatHammerheadSharkEntityForge=300, GreatWhiteSharkEntityForge=298, GreenSeaTurtleEntityForge=300, HarborSealEntityForge=300, NautilusEntityForge=300, OceanicWhitetipSharkEntityForge=300, OrcaEntityForge=700, SandtigerSharkEntityForge=300, ShortfinMakoSharkEntityForge=300, TigerSharkEntityForge=300}	11	{action_escape=39, action_feed=219, action_habitat=17, action_social=1, bounded_living_scans=1292, death_AmericanLobsterEntityForge_mob_by_CommonStingrayEntityForge=2, death_AtlanticCodEntityForge_mob_by_BlacktipReefSharkEntityForge=3, death_AtlanticCodEntityForge_mob_by_SandtigerSharkEntityForge=2, death_AtlanticSalmonEntityForge_mob_by_BlacktipReefSharkEntityForge=1, death_AtlanticSalmonEntityForge_mob_by_CommonThresherSharkEntityForge=1, death_AtlanticSalmonEntityForge_mob_by_ShortfinMakoSharkEntityForge=1, death_CommonStingrayEntityForge_mob_by_GreatHammerheadSharkEntityForge=1, death_CommonStingrayEntityForge_mob_by_OceanicWhitetipSharkEntityForge=1, death_GreenSeaTurtleEntityForge_mob_by_TigerSharkEntityForge=1, living_deaths=13, navigation_calls=13896, sensor_calls=39720}	62	63
17600	355911408	{AmericanLobsterEntityForge=10, AtlanticCodEntityForge=8, AtlanticSalmonEntityForge=8, BlackSeaNettleJellyfishEntityForge=1, BlacktipReefSharkEntityForge=3, BottlenoseDolphinEntityForge=4, CannonballJellyfishEntityForge=2, CaribbeanReefOctopusEntityForge=2, CommonOctopusEntityForge=3, CommonStingrayEntityForge=3, CommonThresherSharkEntityForge=1, GiantMorayEelEntityForge=4, GreatHammerheadSharkEntityForge=1, GreatWhiteSharkEntityForge=1, GreenSeaTurtleEntityForge=3, HarborSealEntityForge=3, NautilusEntityForge=1, OceanicWhitetipSharkEntityForge=1, OrcaEntityForge=1, SandtigerSharkEntityForge=1, ShortfinMakoSharkEntityForge=1, TigerSharkEntityForge=1}	{AmericanLobsterEntityForge=300, AtlanticCodEntityForge=300, AtlanticSalmonEntityForge=300, BlackSeaNettleJellyfishEntityForge=300, BlacktipReefSharkEntityForge=300, BottlenoseDolphinEntityForge=700, CannonballJellyfishEntityForge=300, CaribbeanReefOctopusEntityForge=300, CommonOctopusEntityForge=300, CommonStingrayEntityForge=300, CommonThresherSharkEntityForge=300, GiantMorayEelEntityForge=300, GreatHammerheadSharkEntityForge=300, GreatWhiteSharkEntityForge=300, GreenSeaTurtleEntityForge=300, HarborSealEntityForge=300, NautilusEntityForge=300, OceanicWhitetipSharkEntityForge=300, OrcaEntityForge=700, SandtigerSharkEntityForge=300, ShortfinMakoSharkEntityForge=300, TigerSharkEntityForge=300}	11	{action_escape=39, action_feed=221, action_habitat=18, action_social=2, bounded_living_scans=1302, death_AmericanLobsterEntityForge_mob_by_CommonStingrayEntityForge=2, death_AtlanticCodEntityForge_mob_by_BlacktipReefSharkEntityForge=3, death_AtlanticCodEntityForge_mob_by_SandtigerSharkEntityForge=2, death_AtlanticSalmonEntityForge_mob_by_BlacktipReefSharkEntityForge=1, death_AtlanticSalmonEntityForge_mob_by_CommonThresherSharkEntityForge=1, death_AtlanticSalmonEntityForge_mob_by_ShortfinMakoSharkEntityForge=1, death_CommonStingrayEntityForge_mob_by_GreatHammerheadSharkEntityForge=1, death_CommonStingrayEntityForge_mob_by_OceanicWhitetipSharkEntityForge=1, death_GreenSeaTurtleEntityForge_mob_by_TigerSharkEntityForge=1, living_deaths=13, navigation_calls=14039, sensor_calls=40196}	62	63
17800	475449072	{AmericanLobsterEntityForge=10, AtlanticCodEntityForge=8, AtlanticSalmonEntityForge=8, BlackSeaNettleJellyfishEntityForge=1, BlacktipReefSharkEntityForge=3, BottlenoseDolphinEntityForge=4, CannonballJellyfishEntityForge=2, CaribbeanReefOctopusEntityForge=2, CommonOctopusEntityForge=3, CommonStingrayEntityForge=3, CommonThresherSharkEntityForge=1, GiantMorayEelEntityForge=4, GreatHammerheadSharkEntityForge=1, GreatWhiteSharkEntityForge=1, GreenSeaTurtleEntityForge=3, HarborSealEntityForge=3, NautilusEntityForge=1, OceanicWhitetipSharkEntityForge=1, OrcaEntityForge=1, SandtigerSharkEntityForge=1, ShortfinMakoSharkEntityForge=1, TigerSharkEntityForge=1}	{AmericanLobsterEntityForge=300, AtlanticCodEntityForge=300, AtlanticSalmonEntityForge=300, BlackSeaNettleJellyfishEntityForge=300, BlacktipReefSharkEntityForge=300, BottlenoseDolphinEntityForge=700, CannonballJellyfishEntityForge=300, CaribbeanReefOctopusEntityForge=300, CommonOctopusEntityForge=300, CommonStingrayEntityForge=300, CommonThresherSharkEntityForge=300, GiantMorayEelEntityForge=300, GreatHammerheadSharkEntityForge=300, GreatWhiteSharkEntityForge=300, GreenSeaTurtleEntityForge=300, HarborSealEntityForge=300, NautilusEntityForge=300, OceanicWhitetipSharkEntityForge=300, OrcaEntityForge=700, SandtigerSharkEntityForge=300, ShortfinMakoSharkEntityForge=300, TigerSharkEntityForge=300}	11	{action_escape=39, action_feed=222, action_habitat=18, action_social=2, bounded_living_scans=1320, death_AmericanLobsterEntityForge_mob_by_CommonStingrayEntityForge=2, death_AtlanticCodEntityForge_mob_by_BlacktipReefSharkEntityForge=3, death_AtlanticCodEntityForge_mob_by_SandtigerSharkEntityForge=2, death_AtlanticSalmonEntityForge_mob_by_BlacktipReefSharkEntityForge=1, death_AtlanticSalmonEntityForge_mob_by_CommonThresherSharkEntityForge=1, death_AtlanticSalmonEntityForge_mob_by_ShortfinMakoSharkEntityForge=1, death_CommonStingrayEntityForge_mob_by_GreatHammerheadSharkEntityForge=1, death_CommonStingrayEntityForge_mob_by_OceanicWhitetipSharkEntityForge=1, death_GreenSeaTurtleEntityForge_mob_by_TigerSharkEntityForge=1, living_deaths=13, navigation_calls=14196, sensor_calls=40634}	57	63
18000	606521072	{AmericanLobsterEntityForge=10, AtlanticCodEntityForge=8, AtlanticSalmonEntityForge=8, BlackSeaNettleJellyfishEntityForge=1, BlacktipReefSharkEntityForge=3, BottlenoseDolphinEntityForge=4, CannonballJellyfishEntityForge=2, CaribbeanReefOctopusEntityForge=2, CommonOctopusEntityForge=2, CommonStingrayEntityForge=3, CommonThresherSharkEntityForge=1, GiantMorayEelEntityForge=4, GreatHammerheadSharkEntityForge=1, GreatWhiteSharkEntityForge=1, GreenSeaTurtleEntityForge=3, HarborSealEntityForge=3, NautilusEntityForge=1, OceanicWhitetipSharkEntityForge=1, OrcaEntityForge=1, SandtigerSharkEntityForge=1, ShortfinMakoSharkEntityForge=1, TigerSharkEntityForge=1}	{AmericanLobsterEntityForge=300, AtlanticCodEntityForge=300, AtlanticSalmonEntityForge=300, BlackSeaNettleJellyfishEntityForge=300, BlacktipReefSharkEntityForge=300, BottlenoseDolphinEntityForge=700, CannonballJellyfishEntityForge=300, CaribbeanReefOctopusEntityForge=300, CommonOctopusEntityForge=300, CommonStingrayEntityForge=300, CommonThresherSharkEntityForge=300, GiantMorayEelEntityForge=300, GreatHammerheadSharkEntityForge=300, GreatWhiteSharkEntityForge=300, GreenSeaTurtleEntityForge=300, HarborSealEntityForge=300, NautilusEntityForge=300, OceanicWhitetipSharkEntityForge=300, OrcaEntityForge=700, SandtigerSharkEntityForge=300, ShortfinMakoSharkEntityForge=300, TigerSharkEntityForge=300}	11	{action_escape=39, action_feed=226, action_habitat=18, action_social=3, bounded_living_scans=1329, death_AmericanLobsterEntityForge_mob_by_CommonStingrayEntityForge=2, death_AtlanticCodEntityForge_mob_by_BlacktipReefSharkEntityForge=3, death_AtlanticCodEntityForge_mob_by_SandtigerSharkEntityForge=2, death_AtlanticSalmonEntityForge_mob_by_BlacktipReefSharkEntityForge=1, death_AtlanticSalmonEntityForge_mob_by_CommonThresherSharkEntityForge=1, death_AtlanticSalmonEntityForge_mob_by_ShortfinMakoSharkEntityForge=1, death_CommonOctopusEntityForge_mob_by_GreatHammerheadSharkEntityForge=1, death_CommonStingrayEntityForge_mob_by_GreatHammerheadSharkEntityForge=1, death_CommonStingrayEntityForge_mob_by_OceanicWhitetipSharkEntityForge=1, death_GreenSeaTurtleEntityForge_mob_by_TigerSharkEntityForge=1, living_deaths=14, navigation_calls=14401, sensor_calls=41099}	59	62
18200	722913008	{AmericanLobsterEntityForge=10, AtlanticCodEntityForge=8, AtlanticSalmonEntityForge=8, BlackSeaNettleJellyfishEntityForge=1, BlacktipReefSharkEntityForge=3, BottlenoseDolphinEntityForge=4, CannonballJellyfishEntityForge=2, CaribbeanReefOctopusEntityForge=2, CommonOctopusEntityForge=3, CommonStingrayEntityForge=3, CommonThresherSharkEntityForge=1, GiantMorayEelEntityForge=4, GreatHammerheadSharkEntityForge=1, GreatWhiteSharkEntityForge=1, GreenSeaTurtleEntityForge=3, HarborSealEntityForge=3, NautilusEntityForge=1, OceanicWhitetipSharkEntityForge=1, OrcaEntityForge=1, SandtigerSharkEntityForge=1, ShortfinMakoSharkEntityForge=1, TigerSharkEntityForge=1}	{AmericanLobsterEntityForge=300, AtlanticCodEntityForge=300, AtlanticSalmonEntityForge=300, BlackSeaNettleJellyfishEntityForge=300, BlacktipReefSharkEntityForge=300, BottlenoseDolphinEntityForge=700, CannonballJellyfishEntityForge=300, CaribbeanReefOctopusEntityForge=300, CommonOctopusEntityForge=300, CommonStingrayEntityForge=300, CommonThresherSharkEntityForge=300, GiantMorayEelEntityForge=300, GreatHammerheadSharkEntityForge=300, GreatWhiteSharkEntityForge=300, GreenSeaTurtleEntityForge=300, HarborSealEntityForge=300, NautilusEntityForge=300, OceanicWhitetipSharkEntityForge=300, OrcaEntityForge=700, SandtigerSharkEntityForge=300, ShortfinMakoSharkEntityForge=300, TigerSharkEntityForge=300}	11	{action_escape=39, action_feed=228, action_habitat=18, action_social=3, bounded_living_scans=1350, death_AmericanLobsterEntityForge_mob_by_CommonStingrayEntityForge=2, death_AtlanticCodEntityForge_mob_by_BlacktipReefSharkEntityForge=3, death_AtlanticCodEntityForge_mob_by_SandtigerSharkEntityForge=2, death_AtlanticSalmonEntityForge_mob_by_BlacktipReefSharkEntityForge=1, death_AtlanticSalmonEntityForge_mob_by_CommonThresherSharkEntityForge=1, death_AtlanticSalmonEntityForge_mob_by_ShortfinMakoSharkEntityForge=1, death_CommonOctopusEntityForge_mob_by_GreatHammerheadSharkEntityForge=1, death_CommonStingrayEntityForge_mob_by_GreatHammerheadSharkEntityForge=1, death_CommonStingrayEntityForge_mob_by_OceanicWhitetipSharkEntityForge=1, death_GreenSeaTurtleEntityForge_mob_by_TigerSharkEntityForge=1, living_deaths=14, navigation_calls=14542, sensor_calls=41538}	60	63
18400	844547824	{AmericanLobsterEntityForge=10, AtlanticCodEntityForge=8, AtlanticSalmonEntityForge=8, BlackSeaNettleJellyfishEntityForge=1, BlacktipReefSharkEntityForge=3, BottlenoseDolphinEntityForge=4, CannonballJellyfishEntityForge=2, CaribbeanReefOctopusEntityForge=2, CommonOctopusEntityForge=3, CommonStingrayEntityForge=3, CommonThresherSharkEntityForge=1, GiantMorayEelEntityForge=4, GreatHammerheadSharkEntityForge=1, GreatWhiteSharkEntityForge=1, GreenSeaTurtleEntityForge=3, HarborSealEntityForge=3, NautilusEntityForge=1, OceanicWhitetipSharkEntityForge=1, OrcaEntityForge=1, SandtigerSharkEntityForge=1, ShortfinMakoSharkEntityForge=1, TigerSharkEntityForge=1}	{AmericanLobsterEntityForge=300, AtlanticCodEntityForge=300, AtlanticSalmonEntityForge=300, BlackSeaNettleJellyfishEntityForge=300, BlacktipReefSharkEntityForge=300, BottlenoseDolphinEntityForge=700, CannonballJellyfishEntityForge=300, CaribbeanReefOctopusEntityForge=300, CommonOctopusEntityForge=300, CommonStingrayEntityForge=300, CommonThresherSharkEntityForge=300, GiantMorayEelEntityForge=300, GreatHammerheadSharkEntityForge=300, GreatWhiteSharkEntityForge=300, GreenSeaTurtleEntityForge=300, HarborSealEntityForge=300, NautilusEntityForge=300, OceanicWhitetipSharkEntityForge=300, OrcaEntityForge=700, SandtigerSharkEntityForge=300, ShortfinMakoSharkEntityForge=300, TigerSharkEntityForge=300}	11	{action_escape=39, action_feed=231, action_habitat=18, action_social=3, bounded_living_scans=1357, death_AmericanLobsterEntityForge_mob_by_CommonStingrayEntityForge=2, death_AtlanticCodEntityForge_mob_by_BlacktipReefSharkEntityForge=3, death_AtlanticCodEntityForge_mob_by_SandtigerSharkEntityForge=2, death_AtlanticSalmonEntityForge_mob_by_BlacktipReefSharkEntityForge=1, death_AtlanticSalmonEntityForge_mob_by_CommonThresherSharkEntityForge=1, death_AtlanticSalmonEntityForge_mob_by_ShortfinMakoSharkEntityForge=1, death_CommonOctopusEntityForge_mob_by_GreatHammerheadSharkEntityForge=1, death_CommonStingrayEntityForge_mob_by_GreatHammerheadSharkEntityForge=1, death_CommonStingrayEntityForge_mob_by_OceanicWhitetipSharkEntityForge=1, death_GreenSeaTurtleEntityForge_mob_by_TigerSharkEntityForge=1, living_deaths=14, navigation_calls=14750, sensor_calls=42012}	62	63
18600	953599728	{AmericanLobsterEntityForge=10, AtlanticCodEntityForge=8, AtlanticSalmonEntityForge=8, BlackSeaNettleJellyfishEntityForge=1, BlacktipReefSharkEntityForge=3, BottlenoseDolphinEntityForge=4, CannonballJellyfishEntityForge=2, CaribbeanReefOctopusEntityForge=2, CommonOctopusEntityForge=3, CommonStingrayEntityForge=3, CommonThresherSharkEntityForge=1, GiantMorayEelEntityForge=4, GreatHammerheadSharkEntityForge=1, GreatWhiteSharkEntityForge=1, GreenSeaTurtleEntityForge=3, HarborSealEntityForge=3, NautilusEntityForge=1, OceanicWhitetipSharkEntityForge=1, OrcaEntityForge=1, SandtigerSharkEntityForge=1, ShortfinMakoSharkEntityForge=1, TigerSharkEntityForge=1}	{AmericanLobsterEntityForge=300, AtlanticCodEntityForge=300, AtlanticSalmonEntityForge=300, BlackSeaNettleJellyfishEntityForge=300, BlacktipReefSharkEntityForge=300, BottlenoseDolphinEntityForge=700, CannonballJellyfishEntityForge=300, CaribbeanReefOctopusEntityForge=300, CommonOctopusEntityForge=300, CommonStingrayEntityForge=300, CommonThresherSharkEntityForge=300, GiantMorayEelEntityForge=300, GreatHammerheadSharkEntityForge=300, GreatWhiteSharkEntityForge=300, GreenSeaTurtleEntityForge=300, HarborSealEntityForge=300, NautilusEntityForge=300, OceanicWhitetipSharkEntityForge=300, OrcaEntityForge=700, SandtigerSharkEntityForge=300, ShortfinMakoSharkEntityForge=300, TigerSharkEntityForge=300}	11	{action_escape=39, action_feed=233, action_habitat=18, action_social=3, bounded_living_scans=1379, death_AmericanLobsterEntityForge_mob_by_CommonStingrayEntityForge=2, death_AtlanticCodEntityForge_mob_by_BlacktipReefSharkEntityForge=3, death_AtlanticCodEntityForge_mob_by_SandtigerSharkEntityForge=2, death_AtlanticSalmonEntityForge_mob_by_BlacktipReefSharkEntityForge=1, death_AtlanticSalmonEntityForge_mob_by_CommonThresherSharkEntityForge=1, death_AtlanticSalmonEntityForge_mob_by_ShortfinMakoSharkEntityForge=1, death_CommonOctopusEntityForge_mob_by_GreatHammerheadSharkEntityForge=1, death_CommonStingrayEntityForge_mob_by_GreatHammerheadSharkEntityForge=1, death_CommonStingrayEntityForge_mob_by_OceanicWhitetipSharkEntityForge=1, death_GreenSeaTurtleEntityForge_mob_by_TigerSharkEntityForge=1, living_deaths=14, navigation_calls=14894, sensor_calls=42450}	60	63
18800	1061603056	{AmericanLobsterEntityForge=10, AtlanticCodEntityForge=8, AtlanticSalmonEntityForge=8, BlackSeaNettleJellyfishEntityForge=1, BlacktipReefSharkEntityForge=3, BottlenoseDolphinEntityForge=4, CannonballJellyfishEntityForge=2, CaribbeanReefOctopusEntityForge=2, CommonOctopusEntityForge=3, CommonStingrayEntityForge=3, CommonThresherSharkEntityForge=1, GiantMorayEelEntityForge=4, GreatHammerheadSharkEntityForge=1, GreatWhiteSharkEntityForge=1, GreenSeaTurtleEntityForge=3, HarborSealEntityForge=3, NautilusEntityForge=1, OceanicWhitetipSharkEntityForge=1, OrcaEntityForge=1, SandtigerSharkEntityForge=1, ShortfinMakoSharkEntityForge=1, TigerSharkEntityForge=1}	{AmericanLobsterEntityForge=300, AtlanticCodEntityForge=300, AtlanticSalmonEntityForge=300, BlackSeaNettleJellyfishEntityForge=300, BlacktipReefSharkEntityForge=300, BottlenoseDolphinEntityForge=700, CannonballJellyfishEntityForge=300, CaribbeanReefOctopusEntityForge=300, CommonOctopusEntityForge=300, CommonStingrayEntityForge=300, CommonThresherSharkEntityForge=300, GiantMorayEelEntityForge=300, GreatHammerheadSharkEntityForge=300, GreatWhiteSharkEntityForge=300, GreenSeaTurtleEntityForge=300, HarborSealEntityForge=300, NautilusEntityForge=300, OceanicWhitetipSharkEntityForge=300, OrcaEntityForge=700, SandtigerSharkEntityForge=300, ShortfinMakoSharkEntityForge=300, TigerSharkEntityForge=300}	11	{action_escape=39, action_feed=235, action_habitat=18, action_social=3, bounded_living_scans=1386, death_AmericanLobsterEntityForge_mob_by_CommonStingrayEntityForge=2, death_AtlanticCodEntityForge_mob_by_BlacktipReefSharkEntityForge=3, death_AtlanticCodEntityForge_mob_by_SandtigerSharkEntityForge=2, death_AtlanticSalmonEntityForge_mob_by_BlacktipReefSharkEntityForge=1, death_AtlanticSalmonEntityForge_mob_by_CommonThresherSharkEntityForge=1, death_AtlanticSalmonEntityForge_mob_by_ShortfinMakoSharkEntityForge=1, death_CommonOctopusEntityForge_mob_by_GreatHammerheadSharkEntityForge=1, death_CommonStingrayEntityForge_mob_by_GreatHammerheadSharkEntityForge=1, death_CommonStingrayEntityForge_mob_by_OceanicWhitetipSharkEntityForge=1, death_GreenSeaTurtleEntityForge_mob_by_TigerSharkEntityForge=1, living_deaths=14, navigation_calls=15052, sensor_calls=42926}	63	63
19000	1165412080	{AmericanLobsterEntityForge=10, AtlanticCodEntityForge=8, AtlanticSalmonEntityForge=8, BlackSeaNettleJellyfishEntityForge=1, BlacktipReefSharkEntityForge=3, BottlenoseDolphinEntityForge=4, CannonballJellyfishEntityForge=2, CaribbeanReefOctopusEntityForge=2, CommonOctopusEntityForge=3, CommonStingrayEntityForge=3, CommonThresherSharkEntityForge=1, GiantMorayEelEntityForge=4, GreatHammerheadSharkEntityForge=1, GreatWhiteSharkEntityForge=1, GreenSeaTurtleEntityForge=3, HarborSealEntityForge=3, NautilusEntityForge=1, OceanicWhitetipSharkEntityForge=1, OrcaEntityForge=1, SandtigerSharkEntityForge=1, ShortfinMakoSharkEntityForge=1, TigerSharkEntityForge=1}	{AmericanLobsterEntityForge=300, AtlanticCodEntityForge=300, AtlanticSalmonEntityForge=300, BlackSeaNettleJellyfishEntityForge=300, BlacktipReefSharkEntityForge=300, BottlenoseDolphinEntityForge=700, CannonballJellyfishEntityForge=300, CaribbeanReefOctopusEntityForge=300, CommonOctopusEntityForge=300, CommonStingrayEntityForge=300, CommonThresherSharkEntityForge=300, GiantMorayEelEntityForge=300, GreatHammerheadSharkEntityForge=300, GreatWhiteSharkEntityForge=300, GreenSeaTurtleEntityForge=300, HarborSealEntityForge=300, NautilusEntityForge=300, OceanicWhitetipSharkEntityForge=300, OrcaEntityForge=700, SandtigerSharkEntityForge=300, ShortfinMakoSharkEntityForge=300, TigerSharkEntityForge=300}	11	{action_escape=39, action_feed=236, action_habitat=18, action_social=3, bounded_living_scans=1406, death_AmericanLobsterEntityForge_mob_by_CommonStingrayEntityForge=2, death_AtlanticCodEntityForge_mob_by_BlacktipReefSharkEntityForge=3, death_AtlanticCodEntityForge_mob_by_SandtigerSharkEntityForge=2, death_AtlanticSalmonEntityForge_mob_by_BlacktipReefSharkEntityForge=1, death_AtlanticSalmonEntityForge_mob_by_CommonThresherSharkEntityForge=1, death_AtlanticSalmonEntityForge_mob_by_ShortfinMakoSharkEntityForge=1, death_CommonOctopusEntityForge_mob_by_GreatHammerheadSharkEntityForge=1, death_CommonStingrayEntityForge_mob_by_GreatHammerheadSharkEntityForge=1, death_CommonStingrayEntityForge_mob_by_OceanicWhitetipSharkEntityForge=1, death_GreenSeaTurtleEntityForge_mob_by_TigerSharkEntityForge=1, living_deaths=14, navigation_calls=15203, sensor_calls=43362}	62	63
19200	1270269680	{AmericanLobsterEntityForge=10, AtlanticCodEntityForge=8, AtlanticSalmonEntityForge=8, BlackSeaNettleJellyfishEntityForge=1, BlacktipReefSharkEntityForge=3, BottlenoseDolphinEntityForge=4, CannonballJellyfishEntityForge=2, CaribbeanReefOctopusEntityForge=2, CommonOctopusEntityForge=3, CommonStingrayEntityForge=3, CommonThresherSharkEntityForge=1, GiantMorayEelEntityForge=4, GreatHammerheadSharkEntityForge=1, GreatWhiteSharkEntityForge=1, GreenSeaTurtleEntityForge=3, HarborSealEntityForge=3, NautilusEntityForge=1, OceanicWhitetipSharkEntityForge=1, OrcaEntityForge=1, SandtigerSharkEntityForge=1, ShortfinMakoSharkEntityForge=1, TigerSharkEntityForge=1}	{AmericanLobsterEntityForge=300, AtlanticCodEntityForge=300, AtlanticSalmonEntityForge=300, BlackSeaNettleJellyfishEntityForge=300, BlacktipReefSharkEntityForge=300, BottlenoseDolphinEntityForge=700, CannonballJellyfishEntityForge=300, CaribbeanReefOctopusEntityForge=300, CommonOctopusEntityForge=300, CommonStingrayEntityForge=300, CommonThresherSharkEntityForge=300, GiantMorayEelEntityForge=300, GreatHammerheadSharkEntityForge=300, GreatWhiteSharkEntityForge=300, GreenSeaTurtleEntityForge=300, HarborSealEntityForge=300, NautilusEntityForge=300, OceanicWhitetipSharkEntityForge=300, OrcaEntityForge=700, SandtigerSharkEntityForge=300, ShortfinMakoSharkEntityForge=300, TigerSharkEntityForge=300}	11	{action_escape=39, action_feed=238, action_habitat=18, action_social=3, bounded_living_scans=1414, death_AmericanLobsterEntityForge_mob_by_CommonStingrayEntityForge=2, death_AtlanticCodEntityForge_mob_by_BlacktipReefSharkEntityForge=3, death_AtlanticCodEntityForge_mob_by_SandtigerSharkEntityForge=2, death_AtlanticSalmonEntityForge_mob_by_BlacktipReefSharkEntityForge=1, death_AtlanticSalmonEntityForge_mob_by_CommonThresherSharkEntityForge=1, death_AtlanticSalmonEntityForge_mob_by_ShortfinMakoSharkEntityForge=1, death_CommonOctopusEntityForge_mob_by_GreatHammerheadSharkEntityForge=1, death_CommonStingrayEntityForge_mob_by_GreatHammerheadSharkEntityForge=1, death_CommonStingrayEntityForge_mob_by_OceanicWhitetipSharkEntityForge=1, death_GreenSeaTurtleEntityForge_mob_by_TigerSharkEntityForge=1, living_deaths=14, navigation_calls=15356, sensor_calls=43838}	62	63
19400	1371981552	{AmericanLobsterEntityForge=10, AtlanticCodEntityForge=8, AtlanticSalmonEntityForge=8, BlackSeaNettleJellyfishEntityForge=1, BlacktipReefSharkEntityForge=3, BottlenoseDolphinEntityForge=4, CannonballJellyfishEntityForge=2, CaribbeanReefOctopusEntityForge=2, CommonOctopusEntityForge=3, CommonStingrayEntityForge=3, CommonThresherSharkEntityForge=1, GiantMorayEelEntityForge=4, GreatHammerheadSharkEntityForge=1, GreatWhiteSharkEntityForge=1, GreenSeaTurtleEntityForge=3, HarborSealEntityForge=3, NautilusEntityForge=1, OceanicWhitetipSharkEntityForge=1, OrcaEntityForge=1, SandtigerSharkEntityForge=1, ShortfinMakoSharkEntityForge=1, TigerSharkEntityForge=1}	{AmericanLobsterEntityForge=300, AtlanticCodEntityForge=300, AtlanticSalmonEntityForge=300, BlackSeaNettleJellyfishEntityForge=300, BlacktipReefSharkEntityForge=300, BottlenoseDolphinEntityForge=700, CannonballJellyfishEntityForge=300, CaribbeanReefOctopusEntityForge=300, CommonOctopusEntityForge=300, CommonStingrayEntityForge=300, CommonThresherSharkEntityForge=300, GiantMorayEelEntityForge=300, GreatHammerheadSharkEntityForge=300, GreatWhiteSharkEntityForge=300, GreenSeaTurtleEntityForge=300, HarborSealEntityForge=300, NautilusEntityForge=300, OceanicWhitetipSharkEntityForge=300, OrcaEntityForge=700, SandtigerSharkEntityForge=300, ShortfinMakoSharkEntityForge=300, TigerSharkEntityForge=300}	11	{action_escape=39, action_feed=240, action_habitat=18, action_social=4, bounded_living_scans=1434, death_AmericanLobsterEntityForge_mob_by_CommonStingrayEntityForge=2, death_AtlanticCodEntityForge_mob_by_BlacktipReefSharkEntityForge=3, death_AtlanticCodEntityForge_mob_by_SandtigerSharkEntityForge=2, death_AtlanticSalmonEntityForge_mob_by_BlacktipReefSharkEntityForge=1, death_AtlanticSalmonEntityForge_mob_by_CommonThresherSharkEntityForge=1, death_AtlanticSalmonEntityForge_mob_by_ShortfinMakoSharkEntityForge=1, death_CommonOctopusEntityForge_mob_by_GreatHammerheadSharkEntityForge=1, death_CommonStingrayEntityForge_mob_by_GreatHammerheadSharkEntityForge=1, death_CommonStingrayEntityForge_mob_by_OceanicWhitetipSharkEntityForge=1, death_GreenSeaTurtleEntityForge_mob_by_TigerSharkEntityForge=1, living_deaths=14, navigation_calls=15523, sensor_calls=44274}	62	63
19600	1477887728	{AmericanLobsterEntityForge=10, AtlanticCodEntityForge=8, AtlanticSalmonEntityForge=8, BlackSeaNettleJellyfishEntityForge=1, BlacktipReefSharkEntityForge=3, BottlenoseDolphinEntityForge=4, CannonballJellyfishEntityForge=2, CaribbeanReefOctopusEntityForge=2, CommonOctopusEntityForge=3, CommonStingrayEntityForge=3, CommonThresherSharkEntityForge=1, GiantMorayEelEntityForge=4, GreatHammerheadSharkEntityForge=1, GreatWhiteSharkEntityForge=1, GreenSeaTurtleEntityForge=3, HarborSealEntityForge=3, NautilusEntityForge=1, OceanicWhitetipSharkEntityForge=1, OrcaEntityForge=1, SandtigerSharkEntityForge=1, ShortfinMakoSharkEntityForge=1, TigerSharkEntityForge=1}	{AmericanLobsterEntityForge=300, AtlanticCodEntityForge=300, AtlanticSalmonEntityForge=300, BlackSeaNettleJellyfishEntityForge=300, BlacktipReefSharkEntityForge=300, BottlenoseDolphinEntityForge=700, CannonballJellyfishEntityForge=300, CaribbeanReefOctopusEntityForge=300, CommonOctopusEntityForge=300, CommonStingrayEntityForge=300, CommonThresherSharkEntityForge=300, GiantMorayEelEntityForge=300, GreatHammerheadSharkEntityForge=300, GreatWhiteSharkEntityForge=300, GreenSeaTurtleEntityForge=300, HarborSealEntityForge=300, NautilusEntityForge=300, OceanicWhitetipSharkEntityForge=300, OrcaEntityForge=700, SandtigerSharkEntityForge=300, ShortfinMakoSharkEntityForge=300, TigerSharkEntityForge=300}	11	{action_escape=39, action_feed=241, action_habitat=18, action_social=4, bounded_living_scans=1443, death_AmericanLobsterEntityForge_mob_by_CommonStingrayEntityForge=2, death_AtlanticCodEntityForge_mob_by_BlacktipReefSharkEntityForge=3, death_AtlanticCodEntityForge_mob_by_SandtigerSharkEntityForge=2, death_AtlanticSalmonEntityForge_mob_by_BlacktipReefSharkEntityForge=1, death_AtlanticSalmonEntityForge_mob_by_CommonThresherSharkEntityForge=1, death_AtlanticSalmonEntityForge_mob_by_ShortfinMakoSharkEntityForge=1, death_CommonOctopusEntityForge_mob_by_GreatHammerheadSharkEntityForge=1, death_CommonStingrayEntityForge_mob_by_GreatHammerheadSharkEntityForge=1, death_CommonStingrayEntityForge_mob_by_OceanicWhitetipSharkEntityForge=1, death_GreenSeaTurtleEntityForge_mob_by_TigerSharkEntityForge=1, living_deaths=14, navigation_calls=15697, sensor_calls=44750}	62	63
19800	308227616	{AmericanLobsterEntityForge=10, AtlanticCodEntityForge=8, AtlanticSalmonEntityForge=8, BlackSeaNettleJellyfishEntityForge=1, BlacktipReefSharkEntityForge=3, BottlenoseDolphinEntityForge=4, CannonballJellyfishEntityForge=2, CaribbeanReefOctopusEntityForge=2, CommonOctopusEntityForge=3, CommonStingrayEntityForge=3, CommonThresherSharkEntityForge=1, GiantMorayEelEntityForge=4, GreatHammerheadSharkEntityForge=1, GreatWhiteSharkEntityForge=1, GreenSeaTurtleEntityForge=3, HarborSealEntityForge=3, NautilusEntityForge=1, OceanicWhitetipSharkEntityForge=1, OrcaEntityForge=1, SandtigerSharkEntityForge=1, ShortfinMakoSharkEntityForge=1, TigerSharkEntityForge=1}	{AmericanLobsterEntityForge=300, AtlanticCodEntityForge=300, AtlanticSalmonEntityForge=300, BlackSeaNettleJellyfishEntityForge=300, BlacktipReefSharkEntityForge=300, BottlenoseDolphinEntityForge=700, CannonballJellyfishEntityForge=300, CaribbeanReefOctopusEntityForge=300, CommonOctopusEntityForge=300, CommonStingrayEntityForge=300, CommonThresherSharkEntityForge=300, GiantMorayEelEntityForge=300, GreatHammerheadSharkEntityForge=300, GreatWhiteSharkEntityForge=300, GreenSeaTurtleEntityForge=300, HarborSealEntityForge=300, NautilusEntityForge=300, OceanicWhitetipSharkEntityForge=300, OrcaEntityForge=700, SandtigerSharkEntityForge=300, ShortfinMakoSharkEntityForge=300, TigerSharkEntityForge=300}	11	{action_escape=40, action_feed=246, action_habitat=18, action_social=5, bounded_living_scans=1467, death_AmericanLobsterEntityForge_mob_by_CommonStingrayEntityForge=2, death_AtlanticCodEntityForge_mob_by_BlacktipReefSharkEntityForge=3, death_AtlanticCodEntityForge_mob_by_SandtigerSharkEntityForge=2, death_AtlanticSalmonEntityForge_mob_by_BlacktipReefSharkEntityForge=1, death_AtlanticSalmonEntityForge_mob_by_CommonThresherSharkEntityForge=1, death_AtlanticSalmonEntityForge_mob_by_ShortfinMakoSharkEntityForge=1, death_CommonOctopusEntityForge_mob_by_GreatHammerheadSharkEntityForge=1, death_CommonStingrayEntityForge_mob_by_GreatHammerheadSharkEntityForge=1, death_CommonStingrayEntityForge_mob_by_OceanicWhitetipSharkEntityForge=1, death_GreenSeaTurtleEntityForge_mob_by_TigerSharkEntityForge=1, living_deaths=14, navigation_calls=15898, sensor_calls=45226}	63	63
20000	408890912	{AmericanLobsterEntityForge=10, AtlanticCodEntityForge=8, AtlanticSalmonEntityForge=8, BlackSeaNettleJellyfishEntityForge=1, BlacktipReefSharkEntityForge=3, BottlenoseDolphinEntityForge=4, CannonballJellyfishEntityForge=2, CaribbeanReefOctopusEntityForge=2, CommonOctopusEntityForge=3, CommonStingrayEntityForge=3, CommonThresherSharkEntityForge=1, GiantMorayEelEntityForge=4, GreatHammerheadSharkEntityForge=1, GreatWhiteSharkEntityForge=1, GreenSeaTurtleEntityForge=3, HarborSealEntityForge=3, NautilusEntityForge=1, OceanicWhitetipSharkEntityForge=1, OrcaEntityForge=1, SandtigerSharkEntityForge=1, ShortfinMakoSharkEntityForge=1, TigerSharkEntityForge=1}	{AmericanLobsterEntityForge=300, AtlanticCodEntityForge=300, AtlanticSalmonEntityForge=300, BlackSeaNettleJellyfishEntityForge=300, BlacktipReefSharkEntityForge=300, BottlenoseDolphinEntityForge=700, CannonballJellyfishEntityForge=300, CaribbeanReefOctopusEntityForge=300, CommonOctopusEntityForge=300, CommonStingrayEntityForge=300, CommonThresherSharkEntityForge=300, GiantMorayEelEntityForge=300, GreatHammerheadSharkEntityForge=300, GreatWhiteSharkEntityForge=300, GreenSeaTurtleEntityForge=300, HarborSealEntityForge=300, NautilusEntityForge=300, OceanicWhitetipSharkEntityForge=300, OrcaEntityForge=700, SandtigerSharkEntityForge=300, ShortfinMakoSharkEntityForge=300, TigerSharkEntityForge=300}	11	{action_escape=40, action_feed=246, action_habitat=18, action_social=5, bounded_living_scans=1475, death_AmericanLobsterEntityForge_mob_by_CommonStingrayEntityForge=2, death_AtlanticCodEntityForge_mob_by_BlacktipReefSharkEntityForge=3, death_AtlanticCodEntityForge_mob_by_SandtigerSharkEntityForge=2, death_AtlanticSalmonEntityForge_mob_by_BlacktipReefSharkEntityForge=1, death_AtlanticSalmonEntityForge_mob_by_CommonThresherSharkEntityForge=1, death_AtlanticSalmonEntityForge_mob_by_ShortfinMakoSharkEntityForge=1, death_CommonOctopusEntityForge_mob_by_GreatHammerheadSharkEntityForge=1, death_CommonStingrayEntityForge_mob_by_GreatHammerheadSharkEntityForge=1, death_CommonStingrayEntityForge_mob_by_OceanicWhitetipSharkEntityForge=1, death_GreenSeaTurtleEntityForge_mob_by_TigerSharkEntityForge=1, living_deaths=14, navigation_calls=16068, sensor_calls=45662}	59	63
20200	512699936	{AmericanLobsterEntityForge=10, AtlanticCodEntityForge=8, AtlanticSalmonEntityForge=8, BlackSeaNettleJellyfishEntityForge=1, BlacktipReefSharkEntityForge=3, BottlenoseDolphinEntityForge=4, CannonballJellyfishEntityForge=2, CaribbeanReefOctopusEntityForge=2, CommonOctopusEntityForge=3, CommonStingrayEntityForge=3, CommonThresherSharkEntityForge=1, GiantMorayEelEntityForge=4, GreatHammerheadSharkEntityForge=1, GreatWhiteSharkEntityForge=1, GreenSeaTurtleEntityForge=3, HarborSealEntityForge=3, NautilusEntityForge=1, OceanicWhitetipSharkEntityForge=1, OrcaEntityForge=1, SandtigerSharkEntityForge=1, ShortfinMakoSharkEntityForge=1, TigerSharkEntityForge=1}	{AmericanLobsterEntityForge=300, AtlanticCodEntityForge=300, AtlanticSalmonEntityForge=300, BlackSeaNettleJellyfishEntityForge=300, BlacktipReefSharkEntityForge=300, BottlenoseDolphinEntityForge=700, CannonballJellyfishEntityForge=300, CaribbeanReefOctopusEntityForge=300, CommonOctopusEntityForge=300, CommonStingrayEntityForge=300, CommonThresherSharkEntityForge=300, GiantMorayEelEntityForge=300, GreatHammerheadSharkEntityForge=300, GreatWhiteSharkEntityForge=300, GreenSeaTurtleEntityForge=300, HarborSealEntityForge=300, NautilusEntityForge=300, OceanicWhitetipSharkEntityForge=300, OrcaEntityForge=700, SandtigerSharkEntityForge=300, ShortfinMakoSharkEntityForge=300, TigerSharkEntityForge=300}	11	{action_escape=41, action_feed=249, action_habitat=18, action_social=5, bounded_living_scans=1497, death_AmericanLobsterEntityForge_mob_by_CommonStingrayEntityForge=2, death_AtlanticCodEntityForge_mob_by_BlacktipReefSharkEntityForge=3, death_AtlanticCodEntityForge_mob_by_SandtigerSharkEntityForge=2, death_AtlanticSalmonEntityForge_mob_by_BlacktipReefSharkEntityForge=1, death_AtlanticSalmonEntityForge_mob_by_CommonThresherSharkEntityForge=1, death_AtlanticSalmonEntityForge_mob_by_ShortfinMakoSharkEntityForge=1, death_CommonOctopusEntityForge_mob_by_GreatHammerheadSharkEntityForge=1, death_CommonStingrayEntityForge_mob_by_GreatHammerheadSharkEntityForge=1, death_CommonStingrayEntityForge_mob_by_OceanicWhitetipSharkEntityForge=1, death_GreenSeaTurtleEntityForge_mob_by_TigerSharkEntityForge=1, living_deaths=14, navigation_calls=16209, sensor_calls=46138}	62	63
20400	620703264	{AmericanLobsterEntityForge=10, AtlanticCodEntityForge=8, AtlanticSalmonEntityForge=8, BlackSeaNettleJellyfishEntityForge=1, BlacktipReefSharkEntityForge=3, BottlenoseDolphinEntityForge=4, CannonballJellyfishEntityForge=2, CaribbeanReefOctopusEntityForge=2, CommonOctopusEntityForge=3, CommonStingrayEntityForge=3, CommonThresherSharkEntityForge=1, GiantMorayEelEntityForge=4, GreatHammerheadSharkEntityForge=1, GreatWhiteSharkEntityForge=1, GreenSeaTurtleEntityForge=3, HarborSealEntityForge=3, NautilusEntityForge=1, OceanicWhitetipSharkEntityForge=1, OrcaEntityForge=1, SandtigerSharkEntityForge=1, ShortfinMakoSharkEntityForge=1, TigerSharkEntityForge=1}	{AmericanLobsterEntityForge=300, AtlanticCodEntityForge=300, AtlanticSalmonEntityForge=300, BlackSeaNettleJellyfishEntityForge=300, BlacktipReefSharkEntityForge=300, BottlenoseDolphinEntityForge=700, CannonballJellyfishEntityForge=300, CaribbeanReefOctopusEntityForge=300, CommonOctopusEntityForge=300, CommonStingrayEntityForge=300, CommonThresherSharkEntityForge=300, GiantMorayEelEntityForge=300, GreatHammerheadSharkEntityForge=300, GreatWhiteSharkEntityForge=300, GreenSeaTurtleEntityForge=300, HarborSealEntityForge=300, NautilusEntityForge=300, OceanicWhitetipSharkEntityForge=300, OrcaEntityForge=700, SandtigerSharkEntityForge=300, ShortfinMakoSharkEntityForge=300, TigerSharkEntityForge=300}	11	{action_escape=43, action_feed=251, action_habitat=18, action_social=7, bounded_living_scans=1508, death_AmericanLobsterEntityForge_mob_by_CommonStingrayEntityForge=2, death_AtlanticCodEntityForge_mob_by_BlacktipReefSharkEntityForge=3, death_AtlanticCodEntityForge_mob_by_SandtigerSharkEntityForge=2, death_AtlanticSalmonEntityForge_mob_by_BlacktipReefSharkEntityForge=1, death_AtlanticSalmonEntityForge_mob_by_CommonThresherSharkEntityForge=1, death_AtlanticSalmonEntityForge_mob_by_ShortfinMakoSharkEntityForge=1, death_CommonOctopusEntityForge_mob_by_GreatHammerheadSharkEntityForge=1, death_CommonStingrayEntityForge_mob_by_GreatHammerheadSharkEntityForge=1, death_CommonStingrayEntityForge_mob_by_OceanicWhitetipSharkEntityForge=1, death_GreenSeaTurtleEntityForge_mob_by_TigerSharkEntityForge=1, living_deaths=14, navigation_calls=16384, sensor_calls=46575}	60	63
20600	721366560	{AmericanLobsterEntityForge=10, AtlanticCodEntityForge=8, AtlanticSalmonEntityForge=8, BlackSeaNettleJellyfishEntityForge=1, BlacktipReefSharkEntityForge=3, BottlenoseDolphinEntityForge=4, CannonballJellyfishEntityForge=2, CaribbeanReefOctopusEntityForge=2, CommonOctopusEntityForge=3, CommonStingrayEntityForge=3, CommonThresherSharkEntityForge=1, GiantMorayEelEntityForge=4, GreatHammerheadSharkEntityForge=1, GreatWhiteSharkEntityForge=1, GreenSeaTurtleEntityForge=3, HarborSealEntityForge=3, NautilusEntityForge=1, OceanicWhitetipSharkEntityForge=1, OrcaEntityForge=1, SandtigerSharkEntityForge=1, ShortfinMakoSharkEntityForge=1, TigerSharkEntityForge=1}	{AmericanLobsterEntityForge=300, AtlanticCodEntityForge=300, AtlanticSalmonEntityForge=300, BlackSeaNettleJellyfishEntityForge=300, BlacktipReefSharkEntityForge=300, BottlenoseDolphinEntityForge=700, CannonballJellyfishEntityForge=300, CaribbeanReefOctopusEntityForge=300, CommonOctopusEntityForge=300, CommonStingrayEntityForge=300, CommonThresherSharkEntityForge=300, GiantMorayEelEntityForge=300, GreatHammerheadSharkEntityForge=300, GreatWhiteSharkEntityForge=300, GreenSeaTurtleEntityForge=300, HarborSealEntityForge=300, NautilusEntityForge=300, OceanicWhitetipSharkEntityForge=300, OrcaEntityForge=700, SandtigerSharkEntityForge=300, ShortfinMakoSharkEntityForge=300, TigerSharkEntityForge=300}	11	{action_escape=43, action_feed=252, action_habitat=18, action_social=7, bounded_living_scans=1526, death_AmericanLobsterEntityForge_mob_by_CommonStingrayEntityForge=2, death_AtlanticCodEntityForge_mob_by_BlacktipReefSharkEntityForge=3, death_AtlanticCodEntityForge_mob_by_SandtigerSharkEntityForge=2, death_AtlanticSalmonEntityForge_mob_by_BlacktipReefSharkEntityForge=1, death_AtlanticSalmonEntityForge_mob_by_CommonThresherSharkEntityForge=1, death_AtlanticSalmonEntityForge_mob_by_ShortfinMakoSharkEntityForge=1, death_CommonOctopusEntityForge_mob_by_GreatHammerheadSharkEntityForge=1, death_CommonStingrayEntityForge_mob_by_GreatHammerheadSharkEntityForge=1, death_CommonStingrayEntityForge_mob_by_OceanicWhitetipSharkEntityForge=1, death_GreenSeaTurtleEntityForge_mob_by_TigerSharkEntityForge=1, living_deaths=14, navigation_calls=16496, sensor_calls=47051}	60	63
20800	820981280	{AmericanLobsterEntityForge=10, AtlanticCodEntityForge=8, AtlanticSalmonEntityForge=8, BlackSeaNettleJellyfishEntityForge=1, BlacktipReefSharkEntityForge=3, BottlenoseDolphinEntityForge=4, CannonballJellyfishEntityForge=2, CaribbeanReefOctopusEntityForge=2, CommonOctopusEntityForge=3, CommonStingrayEntityForge=3, CommonThresherSharkEntityForge=1, GiantMorayEelEntityForge=4, GreatHammerheadSharkEntityForge=1, GreatWhiteSharkEntityForge=1, GreenSeaTurtleEntityForge=3, HarborSealEntityForge=3, NautilusEntityForge=1, OceanicWhitetipSharkEntityForge=1, OrcaEntityForge=1, SandtigerSharkEntityForge=1, ShortfinMakoSharkEntityForge=1, TigerSharkEntityForge=1}	{AmericanLobsterEntityForge=300, AtlanticCodEntityForge=300, AtlanticSalmonEntityForge=300, BlackSeaNettleJellyfishEntityForge=300, BlacktipReefSharkEntityForge=300, BottlenoseDolphinEntityForge=700, CannonballJellyfishEntityForge=300, CaribbeanReefOctopusEntityForge=300, CommonOctopusEntityForge=300, CommonStingrayEntityForge=300, CommonThresherSharkEntityForge=300, GiantMorayEelEntityForge=300, GreatHammerheadSharkEntityForge=300, GreatWhiteSharkEntityForge=300, GreenSeaTurtleEntityForge=300, HarborSealEntityForge=300, NautilusEntityForge=300, OceanicWhitetipSharkEntityForge=300, OrcaEntityForge=700, SandtigerSharkEntityForge=300, ShortfinMakoSharkEntityForge=300, TigerSharkEntityForge=300}	11	{action_escape=44, action_feed=254, action_habitat=18, action_social=7, bounded_living_scans=1534, death_AmericanLobsterEntityForge_mob_by_CommonStingrayEntityForge=2, death_AtlanticCodEntityForge_mob_by_BlacktipReefSharkEntityForge=3, death_AtlanticCodEntityForge_mob_by_SandtigerSharkEntityForge=2, death_AtlanticSalmonEntityForge_mob_by_BlacktipReefSharkEntityForge=1, death_AtlanticSalmonEntityForge_mob_by_CommonThresherSharkEntityForge=1, death_AtlanticSalmonEntityForge_mob_by_ShortfinMakoSharkEntityForge=1, death_CommonOctopusEntityForge_mob_by_GreatHammerheadSharkEntityForge=1, death_CommonStingrayEntityForge_mob_by_GreatHammerheadSharkEntityForge=1, death_CommonStingrayEntityForge_mob_by_OceanicWhitetipSharkEntityForge=1, death_GreenSeaTurtleEntityForge_mob_by_TigerSharkEntityForge=1, living_deaths=14, navigation_calls=16589, sensor_calls=47487}	60	63
21000	920596000	{AmericanLobsterEntityForge=10, AtlanticCodEntityForge=8, AtlanticSalmonEntityForge=8, BlackSeaNettleJellyfishEntityForge=1, BlacktipReefSharkEntityForge=3, BottlenoseDolphinEntityForge=4, CannonballJellyfishEntityForge=2, CaribbeanReefOctopusEntityForge=2, CommonOctopusEntityForge=3, CommonStingrayEntityForge=3, CommonThresherSharkEntityForge=1, GiantMorayEelEntityForge=4, GreatHammerheadSharkEntityForge=1, GreatWhiteSharkEntityForge=1, GreenSeaTurtleEntityForge=3, HarborSealEntityForge=3, NautilusEntityForge=1, OceanicWhitetipSharkEntityForge=1, OrcaEntityForge=1, SandtigerSharkEntityForge=1, ShortfinMakoSharkEntityForge=1, TigerSharkEntityForge=1}	{AmericanLobsterEntityForge=300, AtlanticCodEntityForge=300, AtlanticSalmonEntityForge=300, BlackSeaNettleJellyfishEntityForge=300, BlacktipReefSharkEntityForge=300, BottlenoseDolphinEntityForge=700, CannonballJellyfishEntityForge=300, CaribbeanReefOctopusEntityForge=300, CommonOctopusEntityForge=300, CommonStingrayEntityForge=300, CommonThresherSharkEntityForge=300, GiantMorayEelEntityForge=300, GreatHammerheadSharkEntityForge=300, GreatWhiteSharkEntityForge=300, GreenSeaTurtleEntityForge=300, HarborSealEntityForge=300, NautilusEntityForge=300, OceanicWhitetipSharkEntityForge=300, OrcaEntityForge=700, SandtigerSharkEntityForge=300, ShortfinMakoSharkEntityForge=300, TigerSharkEntityForge=300}	11	{action_escape=44, action_feed=254, action_habitat=18, action_social=7, bounded_living_scans=1553, death_AmericanLobsterEntityForge_mob_by_CommonStingrayEntityForge=2, death_AtlanticCodEntityForge_mob_by_BlacktipReefSharkEntityForge=3, death_AtlanticCodEntityForge_mob_by_SandtigerSharkEntityForge=2, death_AtlanticSalmonEntityForge_mob_by_BlacktipReefSharkEntityForge=1, death_AtlanticSalmonEntityForge_mob_by_CommonThresherSharkEntityForge=1, death_AtlanticSalmonEntityForge_mob_by_ShortfinMakoSharkEntityForge=1, death_CommonOctopusEntityForge_mob_by_GreatHammerheadSharkEntityForge=1, death_CommonStingrayEntityForge_mob_by_GreatHammerheadSharkEntityForge=1, death_CommonStingrayEntityForge_mob_by_OceanicWhitetipSharkEntityForge=1, death_GreenSeaTurtleEntityForge_mob_by_TigerSharkEntityForge=1, living_deaths=14, navigation_calls=16700, sensor_calls=47963}	60	63
21200	1024405024	{AmericanLobsterEntityForge=10, AtlanticCodEntityForge=8, AtlanticSalmonEntityForge=8, BlackSeaNettleJellyfishEntityForge=1, BlacktipReefSharkEntityForge=3, BottlenoseDolphinEntityForge=4, CannonballJellyfishEntityForge=2, CaribbeanReefOctopusEntityForge=2, CommonOctopusEntityForge=3, CommonStingrayEntityForge=3, CommonThresherSharkEntityForge=1, GiantMorayEelEntityForge=4, GreatHammerheadSharkEntityForge=1, GreatWhiteSharkEntityForge=1, GreenSeaTurtleEntityForge=3, HarborSealEntityForge=3, NautilusEntityForge=1, OceanicWhitetipSharkEntityForge=1, OrcaEntityForge=1, SandtigerSharkEntityForge=1, ShortfinMakoSharkEntityForge=1, TigerSharkEntityForge=1}	{AmericanLobsterEntityForge=300, AtlanticCodEntityForge=300, AtlanticSalmonEntityForge=300, BlackSeaNettleJellyfishEntityForge=300, BlacktipReefSharkEntityForge=300, BottlenoseDolphinEntityForge=700, CannonballJellyfishEntityForge=300, CaribbeanReefOctopusEntityForge=300, CommonOctopusEntityForge=300, CommonStingrayEntityForge=300, CommonThresherSharkEntityForge=300, GiantMorayEelEntityForge=300, GreatHammerheadSharkEntityForge=300, GreatWhiteSharkEntityForge=300, GreenSeaTurtleEntityForge=300, HarborSealEntityForge=300, NautilusEntityForge=300, OceanicWhitetipSharkEntityForge=300, OrcaEntityForge=700, SandtigerSharkEntityForge=300, ShortfinMakoSharkEntityForge=300, TigerSharkEntityForge=300}	11	{action_escape=44, action_feed=259, action_habitat=18, action_social=7, bounded_living_scans=1562, death_AmericanLobsterEntityForge_mob_by_CommonStingrayEntityForge=2, death_AtlanticCodEntityForge_mob_by_BlacktipReefSharkEntityForge=3, death_AtlanticCodEntityForge_mob_by_SandtigerSharkEntityForge=2, death_AtlanticSalmonEntityForge_mob_by_BlacktipReefSharkEntityForge=1, death_AtlanticSalmonEntityForge_mob_by_CommonThresherSharkEntityForge=1, death_AtlanticSalmonEntityForge_mob_by_ShortfinMakoSharkEntityForge=1, death_CommonOctopusEntityForge_mob_by_GreatHammerheadSharkEntityForge=1, death_CommonStingrayEntityForge_mob_by_GreatHammerheadSharkEntityForge=1, death_CommonStingrayEntityForge_mob_by_OceanicWhitetipSharkEntityForge=1, death_GreenSeaTurtleEntityForge_mob_by_TigerSharkEntityForge=1, living_deaths=14, navigation_calls=16821, sensor_calls=48400}	63	63
21400	1130311200	{AmericanLobsterEntityForge=10, AtlanticCodEntityForge=8, AtlanticSalmonEntityForge=8, BlackSeaNettleJellyfishEntityForge=1, BlacktipReefSharkEntityForge=3, BottlenoseDolphinEntityForge=4, CannonballJellyfishEntityForge=2, CaribbeanReefOctopusEntityForge=2, CommonOctopusEntityForge=3, CommonStingrayEntityForge=3, CommonThresherSharkEntityForge=1, GiantMorayEelEntityForge=4, GreatHammerheadSharkEntityForge=1, GreatWhiteSharkEntityForge=1, GreenSeaTurtleEntityForge=3, HarborSealEntityForge=3, NautilusEntityForge=1, OceanicWhitetipSharkEntityForge=1, OrcaEntityForge=1, SandtigerSharkEntityForge=1, ShortfinMakoSharkEntityForge=1, TigerSharkEntityForge=1}	{AmericanLobsterEntityForge=300, AtlanticCodEntityForge=300, AtlanticSalmonEntityForge=300, BlackSeaNettleJellyfishEntityForge=300, BlacktipReefSharkEntityForge=300, BottlenoseDolphinEntityForge=700, CannonballJellyfishEntityForge=300, CaribbeanReefOctopusEntityForge=300, CommonOctopusEntityForge=300, CommonStingrayEntityForge=300, CommonThresherSharkEntityForge=300, GiantMorayEelEntityForge=300, GreatHammerheadSharkEntityForge=300, GreatWhiteSharkEntityForge=300, GreenSeaTurtleEntityForge=300, HarborSealEntityForge=300, NautilusEntityForge=300, OceanicWhitetipSharkEntityForge=300, OrcaEntityForge=700, SandtigerSharkEntityForge=300, ShortfinMakoSharkEntityForge=300, TigerSharkEntityForge=300}	11	{action_escape=44, action_feed=260, action_habitat=18, action_social=7, bounded_living_scans=1583, death_AmericanLobsterEntityForge_mob_by_CommonStingrayEntityForge=2, death_AtlanticCodEntityForge_mob_by_BlacktipReefSharkEntityForge=3, death_AtlanticCodEntityForge_mob_by_SandtigerSharkEntityForge=2, death_AtlanticSalmonEntityForge_mob_by_BlacktipReefSharkEntityForge=1, death_AtlanticSalmonEntityForge_mob_by_CommonThresherSharkEntityForge=1, death_AtlanticSalmonEntityForge_mob_by_ShortfinMakoSharkEntityForge=1, death_CommonOctopusEntityForge_mob_by_GreatHammerheadSharkEntityForge=1, death_CommonStingrayEntityForge_mob_by_GreatHammerheadSharkEntityForge=1, death_CommonStingrayEntityForge_mob_by_OceanicWhitetipSharkEntityForge=1, death_GreenSeaTurtleEntityForge_mob_by_TigerSharkEntityForge=1, living_deaths=14, navigation_calls=16935, sensor_calls=48875}	62	63
21600	1235168800	{AmericanLobsterEntityForge=10, AtlanticCodEntityForge=8, AtlanticSalmonEntityForge=8, BlackSeaNettleJellyfishEntityForge=1, BlacktipReefSharkEntityForge=3, BottlenoseDolphinEntityForge=4, CannonballJellyfishEntityForge=2, CaribbeanReefOctopusEntityForge=2, CommonOctopusEntityForge=3, CommonStingrayEntityForge=3, CommonThresherSharkEntityForge=1, GiantMorayEelEntityForge=4, GreatHammerheadSharkEntityForge=1, GreatWhiteSharkEntityForge=1, GreenSeaTurtleEntityForge=3, HarborSealEntityForge=3, NautilusEntityForge=1, OceanicWhitetipSharkEntityForge=1, OrcaEntityForge=1, SandtigerSharkEntityForge=1, ShortfinMakoSharkEntityForge=1, TigerSharkEntityForge=1}	{AmericanLobsterEntityForge=300, AtlanticCodEntityForge=300, AtlanticSalmonEntityForge=300, BlackSeaNettleJellyfishEntityForge=300, BlacktipReefSharkEntityForge=300, BottlenoseDolphinEntityForge=700, CannonballJellyfishEntityForge=300, CaribbeanReefOctopusEntityForge=300, CommonOctopusEntityForge=300, CommonStingrayEntityForge=300, CommonThresherSharkEntityForge=300, GiantMorayEelEntityForge=300, GreatHammerheadSharkEntityForge=300, GreatWhiteSharkEntityForge=299, GreenSeaTurtleEntityForge=300, HarborSealEntityForge=300, NautilusEntityForge=300, OceanicWhitetipSharkEntityForge=300, OrcaEntityForge=700, SandtigerSharkEntityForge=300, ShortfinMakoSharkEntityForge=300, TigerSharkEntityForge=300}	11	{action_escape=44, action_feed=265, action_habitat=18, action_social=7, bounded_living_scans=1594, death_AmericanLobsterEntityForge_mob_by_CommonStingrayEntityForge=2, death_AtlanticCodEntityForge_mob_by_BlacktipReefSharkEntityForge=3, death_AtlanticCodEntityForge_mob_by_SandtigerSharkEntityForge=2, death_AtlanticSalmonEntityForge_mob_by_BlacktipReefSharkEntityForge=1, death_AtlanticSalmonEntityForge_mob_by_CommonThresherSharkEntityForge=1, death_AtlanticSalmonEntityForge_mob_by_ShortfinMakoSharkEntityForge=1, death_CommonOctopusEntityForge_mob_by_GreatHammerheadSharkEntityForge=1, death_CommonStingrayEntityForge_mob_by_GreatHammerheadSharkEntityForge=1, death_CommonStingrayEntityForge_mob_by_OceanicWhitetipSharkEntityForge=1, death_GreenSeaTurtleEntityForge_mob_by_TigerSharkEntityForge=1, living_deaths=14, navigation_calls=17025, sensor_calls=49312}	61	63
21800	1334783520	{AmericanLobsterEntityForge=10, AtlanticCodEntityForge=8, AtlanticSalmonEntityForge=8, BlackSeaNettleJellyfishEntityForge=1, BlacktipReefSharkEntityForge=3, BottlenoseDolphinEntityForge=4, CannonballJellyfishEntityForge=2, CaribbeanReefOctopusEntityForge=2, CommonOctopusEntityForge=3, CommonStingrayEntityForge=3, CommonThresherSharkEntityForge=1, GiantMorayEelEntityForge=4, GreatHammerheadSharkEntityForge=1, GreatWhiteSharkEntityForge=1, GreenSeaTurtleEntityForge=3, HarborSealEntityForge=3, NautilusEntityForge=1, OceanicWhitetipSharkEntityForge=1, OrcaEntityForge=1, SandtigerSharkEntityForge=1, ShortfinMakoSharkEntityForge=1, TigerSharkEntityForge=1}	{AmericanLobsterEntityForge=300, AtlanticCodEntityForge=300, AtlanticSalmonEntityForge=300, BlackSeaNettleJellyfishEntityForge=300, BlacktipReefSharkEntityForge=300, BottlenoseDolphinEntityForge=700, CannonballJellyfishEntityForge=300, CaribbeanReefOctopusEntityForge=300, CommonOctopusEntityForge=300, CommonStingrayEntityForge=300, CommonThresherSharkEntityForge=300, GiantMorayEelEntityForge=300, GreatHammerheadSharkEntityForge=300, GreatWhiteSharkEntityForge=300, GreenSeaTurtleEntityForge=300, HarborSealEntityForge=300, NautilusEntityForge=300, OceanicWhitetipSharkEntityForge=300, OrcaEntityForge=700, SandtigerSharkEntityForge=300, ShortfinMakoSharkEntityForge=300, TigerSharkEntityForge=300}	11	{action_escape=44, action_feed=266, action_habitat=18, action_social=7, bounded_living_scans=1616, death_AmericanLobsterEntityForge_mob_by_CommonStingrayEntityForge=2, death_AtlanticCodEntityForge_mob_by_BlacktipReefSharkEntityForge=3, death_AtlanticCodEntityForge_mob_by_SandtigerSharkEntityForge=2, death_AtlanticSalmonEntityForge_mob_by_BlacktipReefSharkEntityForge=1, death_AtlanticSalmonEntityForge_mob_by_CommonThresherSharkEntityForge=1, death_AtlanticSalmonEntityForge_mob_by_ShortfinMakoSharkEntityForge=1, death_CommonOctopusEntityForge_mob_by_GreatHammerheadSharkEntityForge=1, death_CommonStingrayEntityForge_mob_by_GreatHammerheadSharkEntityForge=1, death_CommonStingrayEntityForge_mob_by_OceanicWhitetipSharkEntityForge=1, death_GreenSeaTurtleEntityForge_mob_by_TigerSharkEntityForge=1, living_deaths=14, navigation_calls=17133, sensor_calls=49787}	61	63
22000	1436495392	{AmericanLobsterEntityForge=10, AtlanticCodEntityForge=8, AtlanticSalmonEntityForge=8, BlackSeaNettleJellyfishEntityForge=1, BlacktipReefSharkEntityForge=3, BottlenoseDolphinEntityForge=4, CannonballJellyfishEntityForge=2, CaribbeanReefOctopusEntityForge=2, CommonOctopusEntityForge=3, CommonStingrayEntityForge=3, CommonThresherSharkEntityForge=1, GiantMorayEelEntityForge=4, GreatHammerheadSharkEntityForge=1, GreatWhiteSharkEntityForge=1, GreenSeaTurtleEntityForge=3, HarborSealEntityForge=3, NautilusEntityForge=1, OceanicWhitetipSharkEntityForge=1, OrcaEntityForge=1, SandtigerSharkEntityForge=1, ShortfinMakoSharkEntityForge=1, TigerSharkEntityForge=1}	{AmericanLobsterEntityForge=300, AtlanticCodEntityForge=300, AtlanticSalmonEntityForge=300, BlackSeaNettleJellyfishEntityForge=300, BlacktipReefSharkEntityForge=300, BottlenoseDolphinEntityForge=700, CannonballJellyfishEntityForge=300, CaribbeanReefOctopusEntityForge=300, CommonOctopusEntityForge=300, CommonStingrayEntityForge=300, CommonThresherSharkEntityForge=300, GiantMorayEelEntityForge=300, GreatHammerheadSharkEntityForge=300, GreatWhiteSharkEntityForge=300, GreenSeaTurtleEntityForge=300, HarborSealEntityForge=300, NautilusEntityForge=300, OceanicWhitetipSharkEntityForge=300, OrcaEntityForge=700, SandtigerSharkEntityForge=300, ShortfinMakoSharkEntityForge=300, TigerSharkEntityForge=300}	11	{action_escape=44, action_feed=272, action_habitat=18, action_social=7, bounded_living_scans=1626, death_AmericanLobsterEntityForge_mob_by_CommonStingrayEntityForge=2, death_AtlanticCodEntityForge_mob_by_BlacktipReefSharkEntityForge=3, death_AtlanticCodEntityForge_mob_by_SandtigerSharkEntityForge=2, death_AtlanticSalmonEntityForge_mob_by_BlacktipReefSharkEntityForge=1, death_AtlanticSalmonEntityForge_mob_by_CommonThresherSharkEntityForge=1, death_AtlanticSalmonEntityForge_mob_by_ShortfinMakoSharkEntityForge=1, death_CommonOctopusEntityForge_mob_by_GreatHammerheadSharkEntityForge=1, death_CommonStingrayEntityForge_mob_by_GreatHammerheadSharkEntityForge=1, death_CommonStingrayEntityForge_mob_by_OceanicWhitetipSharkEntityForge=1, death_GreenSeaTurtleEntityForge_mob_by_TigerSharkEntityForge=1, living_deaths=14, navigation_calls=17251, sensor_calls=50226}	62	63
22200	1538207264	{AmericanLobsterEntityForge=10, AtlanticCodEntityForge=8, AtlanticSalmonEntityForge=8, BlackSeaNettleJellyfishEntityForge=1, BlacktipReefSharkEntityForge=3, BottlenoseDolphinEntityForge=4, CannonballJellyfishEntityForge=2, CaribbeanReefOctopusEntityForge=2, CommonOctopusEntityForge=3, CommonStingrayEntityForge=3, CommonThresherSharkEntityForge=1, GiantMorayEelEntityForge=4, GreatHammerheadSharkEntityForge=1, GreatWhiteSharkEntityForge=1, GreenSeaTurtleEntityForge=3, HarborSealEntityForge=3, NautilusEntityForge=1, OceanicWhitetipSharkEntityForge=1, OrcaEntityForge=1, SandtigerSharkEntityForge=1, ShortfinMakoSharkEntityForge=1, TigerSharkEntityForge=1}	{AmericanLobsterEntityForge=300, AtlanticCodEntityForge=300, AtlanticSalmonEntityForge=300, BlackSeaNettleJellyfishEntityForge=300, BlacktipReefSharkEntityForge=300, BottlenoseDolphinEntityForge=700, CannonballJellyfishEntityForge=300, CaribbeanReefOctopusEntityForge=300, CommonOctopusEntityForge=300, CommonStingrayEntityForge=300, CommonThresherSharkEntityForge=300, GiantMorayEelEntityForge=300, GreatHammerheadSharkEntityForge=300, GreatWhiteSharkEntityForge=299, GreenSeaTurtleEntityForge=300, HarborSealEntityForge=300, NautilusEntityForge=300, OceanicWhitetipSharkEntityForge=300, OrcaEntityForge=700, SandtigerSharkEntityForge=300, ShortfinMakoSharkEntityForge=300, TigerSharkEntityForge=300}	11	{action_escape=44, action_feed=276, action_habitat=18, action_social=7, bounded_living_scans=1649, death_AmericanLobsterEntityForge_mob_by_CommonStingrayEntityForge=2, death_AtlanticCodEntityForge_mob_by_BlacktipReefSharkEntityForge=3, death_AtlanticCodEntityForge_mob_by_SandtigerSharkEntityForge=2, death_AtlanticSalmonEntityForge_mob_by_BlacktipReefSharkEntityForge=1, death_AtlanticSalmonEntityForge_mob_by_CommonThresherSharkEntityForge=1, death_AtlanticSalmonEntityForge_mob_by_ShortfinMakoSharkEntityForge=1, death_CommonOctopusEntityForge_mob_by_GreatHammerheadSharkEntityForge=1, death_CommonStingrayEntityForge_mob_by_GreatHammerheadSharkEntityForge=1, death_CommonStingrayEntityForge_mob_by_OceanicWhitetipSharkEntityForge=1, death_GreenSeaTurtleEntityForge_mob_by_TigerSharkEntityForge=1, living_deaths=14, navigation_calls=17386, sensor_calls=50699}	60	63
22400	359905240	{AmericanLobsterEntityForge=10, AtlanticCodEntityForge=8, AtlanticSalmonEntityForge=8, BlackSeaNettleJellyfishEntityForge=1, BlacktipReefSharkEntityForge=3, BottlenoseDolphinEntityForge=4, CannonballJellyfishEntityForge=2, CaribbeanReefOctopusEntityForge=2, CommonOctopusEntityForge=3, CommonStingrayEntityForge=3, CommonThresherSharkEntityForge=1, GiantMorayEelEntityForge=4, GreatHammerheadSharkEntityForge=1, GreatWhiteSharkEntityForge=1, GreenSeaTurtleEntityForge=3, HarborSealEntityForge=3, NautilusEntityForge=1, OceanicWhitetipSharkEntityForge=1, OrcaEntityForge=1, SandtigerSharkEntityForge=1, ShortfinMakoSharkEntityForge=1, TigerSharkEntityForge=1}	{AmericanLobsterEntityForge=300, AtlanticCodEntityForge=300, AtlanticSalmonEntityForge=300, BlackSeaNettleJellyfishEntityForge=300, BlacktipReefSharkEntityForge=300, BottlenoseDolphinEntityForge=700, CannonballJellyfishEntityForge=300, CaribbeanReefOctopusEntityForge=300, CommonOctopusEntityForge=300, CommonStingrayEntityForge=300, CommonThresherSharkEntityForge=300, GiantMorayEelEntityForge=300, GreatHammerheadSharkEntityForge=300, GreatWhiteSharkEntityForge=300, GreenSeaTurtleEntityForge=300, HarborSealEntityForge=300, NautilusEntityForge=300, OceanicWhitetipSharkEntityForge=300, OrcaEntityForge=700, SandtigerSharkEntityForge=300, ShortfinMakoSharkEntityForge=300, TigerSharkEntityForge=300}	11	{action_escape=44, action_feed=280, action_habitat=18, action_social=7, bounded_living_scans=1658, death_AmericanLobsterEntityForge_mob_by_CommonStingrayEntityForge=2, death_AtlanticCodEntityForge_mob_by_BlacktipReefSharkEntityForge=3, death_AtlanticCodEntityForge_mob_by_SandtigerSharkEntityForge=2, death_AtlanticSalmonEntityForge_mob_by_BlacktipReefSharkEntityForge=1, death_AtlanticSalmonEntityForge_mob_by_CommonThresherSharkEntityForge=1, death_AtlanticSalmonEntityForge_mob_by_ShortfinMakoSharkEntityForge=1, death_CommonOctopusEntityForge_mob_by_GreatHammerheadSharkEntityForge=1, death_CommonStingrayEntityForge_mob_by_GreatHammerheadSharkEntityForge=1, death_CommonStingrayEntityForge_mob_by_OceanicWhitetipSharkEntityForge=1, death_GreenSeaTurtleEntityForge_mob_by_TigerSharkEntityForge=1, living_deaths=14, navigation_calls=17500, sensor_calls=51138}	62	63
22600	349644864	{AmericanLobsterEntityForge=10, AtlanticCodEntityForge=8, AtlanticSalmonEntityForge=8, BlackSeaNettleJellyfishEntityForge=1, BlacktipReefSharkEntityForge=3, BottlenoseDolphinEntityForge=4, CannonballJellyfishEntityForge=2, CaribbeanReefOctopusEntityForge=2, CommonOctopusEntityForge=3, CommonStingrayEntityForge=3, CommonThresherSharkEntityForge=1, GiantMorayEelEntityForge=4, GreatHammerheadSharkEntityForge=1, GreatWhiteSharkEntityForge=1, GreenSeaTurtleEntityForge=3, HarborSealEntityForge=3, NautilusEntityForge=1, OceanicWhitetipSharkEntityForge=1, OrcaEntityForge=1, SandtigerSharkEntityForge=1, ShortfinMakoSharkEntityForge=1, TigerSharkEntityForge=1}	{AmericanLobsterEntityForge=300, AtlanticCodEntityForge=300, AtlanticSalmonEntityForge=300, BlackSeaNettleJellyfishEntityForge=300, BlacktipReefSharkEntityForge=300, BottlenoseDolphinEntityForge=700, CannonballJellyfishEntityForge=300, CaribbeanReefOctopusEntityForge=300, CommonOctopusEntityForge=300, CommonStingrayEntityForge=300, CommonThresherSharkEntityForge=300, GiantMorayEelEntityForge=300, GreatHammerheadSharkEntityForge=300, GreatWhiteSharkEntityForge=300, GreenSeaTurtleEntityForge=300, HarborSealEntityForge=300, NautilusEntityForge=300, OceanicWhitetipSharkEntityForge=300, OrcaEntityForge=700, SandtigerSharkEntityForge=300, ShortfinMakoSharkEntityForge=300, TigerSharkEntityForge=300}	11	{action_escape=44, action_feed=284, action_habitat=18, action_social=7, bounded_living_scans=1680, death_AmericanLobsterEntityForge_mob_by_CommonStingrayEntityForge=2, death_AtlanticCodEntityForge_mob_by_BlacktipReefSharkEntityForge=3, death_AtlanticCodEntityForge_mob_by_SandtigerSharkEntityForge=2, death_AtlanticSalmonEntityForge_mob_by_BlacktipReefSharkEntityForge=1, death_AtlanticSalmonEntityForge_mob_by_CommonThresherSharkEntityForge=1, death_AtlanticSalmonEntityForge_mob_by_ShortfinMakoSharkEntityForge=1, death_CommonOctopusEntityForge_mob_by_GreatHammerheadSharkEntityForge=1, death_CommonStingrayEntityForge_mob_by_GreatHammerheadSharkEntityForge=1, death_CommonStingrayEntityForge_mob_by_OceanicWhitetipSharkEntityForge=1, death_GreenSeaTurtleEntityForge_mob_by_TigerSharkEntityForge=1, living_deaths=14, navigation_calls=17617, sensor_calls=51612}	59	63
22800	450308160	{AmericanLobsterEntityForge=10, AtlanticCodEntityForge=8, AtlanticSalmonEntityForge=8, BlackSeaNettleJellyfishEntityForge=1, BlacktipReefSharkEntityForge=3, BottlenoseDolphinEntityForge=4, CannonballJellyfishEntityForge=2, CaribbeanReefOctopusEntityForge=2, CommonOctopusEntityForge=3, CommonStingrayEntityForge=3, CommonThresherSharkEntityForge=1, GiantMorayEelEntityForge=4, GreatHammerheadSharkEntityForge=1, GreatWhiteSharkEntityForge=1, GreenSeaTurtleEntityForge=3, HarborSealEntityForge=3, NautilusEntityForge=1, OceanicWhitetipSharkEntityForge=1, OrcaEntityForge=1, SandtigerSharkEntityForge=1, ShortfinMakoSharkEntityForge=1, TigerSharkEntityForge=1}	{AmericanLobsterEntityForge=300, AtlanticCodEntityForge=300, AtlanticSalmonEntityForge=300, BlackSeaNettleJellyfishEntityForge=300, BlacktipReefSharkEntityForge=300, BottlenoseDolphinEntityForge=700, CannonballJellyfishEntityForge=300, CaribbeanReefOctopusEntityForge=300, CommonOctopusEntityForge=300, CommonStingrayEntityForge=300, CommonThresherSharkEntityForge=300, GiantMorayEelEntityForge=300, GreatHammerheadSharkEntityForge=300, GreatWhiteSharkEntityForge=300, GreenSeaTurtleEntityForge=300, HarborSealEntityForge=300, NautilusEntityForge=300, OceanicWhitetipSharkEntityForge=300, OrcaEntityForge=700, SandtigerSharkEntityForge=300, ShortfinMakoSharkEntityForge=300, TigerSharkEntityForge=300}	11	{action_escape=44, action_feed=289, action_habitat=18, action_social=7, bounded_living_scans=1691, death_AmericanLobsterEntityForge_mob_by_CommonStingrayEntityForge=2, death_AtlanticCodEntityForge_mob_by_BlacktipReefSharkEntityForge=3, death_AtlanticCodEntityForge_mob_by_SandtigerSharkEntityForge=2, death_AtlanticSalmonEntityForge_mob_by_BlacktipReefSharkEntityForge=1, death_AtlanticSalmonEntityForge_mob_by_CommonThresherSharkEntityForge=1, death_AtlanticSalmonEntityForge_mob_by_ShortfinMakoSharkEntityForge=1, death_CommonOctopusEntityForge_mob_by_GreatHammerheadSharkEntityForge=1, death_CommonStingrayEntityForge_mob_by_GreatHammerheadSharkEntityForge=1, death_CommonStingrayEntityForge_mob_by_OceanicWhitetipSharkEntityForge=1, death_GreenSeaTurtleEntityForge_mob_by_TigerSharkEntityForge=1, living_deaths=14, navigation_calls=17751, sensor_calls=52050}	61	63
23000	552020032	{AmericanLobsterEntityForge=10, AtlanticCodEntityForge=8, AtlanticSalmonEntityForge=8, BlackSeaNettleJellyfishEntityForge=1, BlacktipReefSharkEntityForge=3, BottlenoseDolphinEntityForge=4, CannonballJellyfishEntityForge=2, CaribbeanReefOctopusEntityForge=2, CommonOctopusEntityForge=3, CommonStingrayEntityForge=3, CommonThresherSharkEntityForge=1, GiantMorayEelEntityForge=4, GreatHammerheadSharkEntityForge=1, GreatWhiteSharkEntityForge=1, GreenSeaTurtleEntityForge=3, HarborSealEntityForge=3, NautilusEntityForge=1, OceanicWhitetipSharkEntityForge=1, OrcaEntityForge=1, SandtigerSharkEntityForge=1, ShortfinMakoSharkEntityForge=1, TigerSharkEntityForge=1}	{AmericanLobsterEntityForge=300, AtlanticCodEntityForge=300, AtlanticSalmonEntityForge=300, BlackSeaNettleJellyfishEntityForge=300, BlacktipReefSharkEntityForge=300, BottlenoseDolphinEntityForge=700, CannonballJellyfishEntityForge=300, CaribbeanReefOctopusEntityForge=300, CommonOctopusEntityForge=300, CommonStingrayEntityForge=300, CommonThresherSharkEntityForge=300, GiantMorayEelEntityForge=300, GreatHammerheadSharkEntityForge=300, GreatWhiteSharkEntityForge=300, GreenSeaTurtleEntityForge=300, HarborSealEntityForge=300, NautilusEntityForge=300, OceanicWhitetipSharkEntityForge=300, OrcaEntityForge=700, SandtigerSharkEntityForge=300, ShortfinMakoSharkEntityForge=300, TigerSharkEntityForge=300}	11	{action_escape=44, action_feed=292, action_habitat=18, action_social=7, bounded_living_scans=1710, death_AmericanLobsterEntityForge_mob_by_CommonStingrayEntityForge=2, death_AtlanticCodEntityForge_mob_by_BlacktipReefSharkEntityForge=3, death_AtlanticCodEntityForge_mob_by_SandtigerSharkEntityForge=2, death_AtlanticSalmonEntityForge_mob_by_BlacktipReefSharkEntityForge=1, death_AtlanticSalmonEntityForge_mob_by_CommonThresherSharkEntityForge=1, death_AtlanticSalmonEntityForge_mob_by_ShortfinMakoSharkEntityForge=1, death_CommonOctopusEntityForge_mob_by_GreatHammerheadSharkEntityForge=1, death_CommonStingrayEntityForge_mob_by_GreatHammerheadSharkEntityForge=1, death_CommonStingrayEntityForge_mob_by_OceanicWhitetipSharkEntityForge=1, death_GreenSeaTurtleEntityForge_mob_by_TigerSharkEntityForge=1, living_deaths=14, navigation_calls=17879, sensor_calls=52526}	60	63
23200	655829056	{AmericanLobsterEntityForge=10, AtlanticCodEntityForge=8, AtlanticSalmonEntityForge=8, BlackSeaNettleJellyfishEntityForge=1, BlacktipReefSharkEntityForge=3, BottlenoseDolphinEntityForge=4, CannonballJellyfishEntityForge=2, CaribbeanReefOctopusEntityForge=2, CommonOctopusEntityForge=3, CommonStingrayEntityForge=3, CommonThresherSharkEntityForge=1, GiantMorayEelEntityForge=4, GreatHammerheadSharkEntityForge=1, GreatWhiteSharkEntityForge=1, GreenSeaTurtleEntityForge=3, HarborSealEntityForge=3, NautilusEntityForge=1, OceanicWhitetipSharkEntityForge=1, OrcaEntityForge=1, SandtigerSharkEntityForge=1, ShortfinMakoSharkEntityForge=1, TigerSharkEntityForge=1}	{AmericanLobsterEntityForge=300, AtlanticCodEntityForge=300, AtlanticSalmonEntityForge=300, BlackSeaNettleJellyfishEntityForge=300, BlacktipReefSharkEntityForge=300, BottlenoseDolphinEntityForge=700, CannonballJellyfishEntityForge=300, CaribbeanReefOctopusEntityForge=300, CommonOctopusEntityForge=300, CommonStingrayEntityForge=300, CommonThresherSharkEntityForge=300, GiantMorayEelEntityForge=300, GreatHammerheadSharkEntityForge=300, GreatWhiteSharkEntityForge=298, GreenSeaTurtleEntityForge=300, HarborSealEntityForge=300, NautilusEntityForge=300, OceanicWhitetipSharkEntityForge=300, OrcaEntityForge=700, SandtigerSharkEntityForge=300, ShortfinMakoSharkEntityForge=300, TigerSharkEntityForge=300}	11	{action_escape=45, action_feed=294, action_habitat=18, action_social=7, bounded_living_scans=1720, death_AmericanLobsterEntityForge_mob_by_CommonStingrayEntityForge=2, death_AtlanticCodEntityForge_mob_by_BlacktipReefSharkEntityForge=3, death_AtlanticCodEntityForge_mob_by_SandtigerSharkEntityForge=2, death_AtlanticSalmonEntityForge_mob_by_BlacktipReefSharkEntityForge=1, death_AtlanticSalmonEntityForge_mob_by_CommonThresherSharkEntityForge=1, death_AtlanticSalmonEntityForge_mob_by_ShortfinMakoSharkEntityForge=1, death_CommonOctopusEntityForge_mob_by_GreatHammerheadSharkEntityForge=1, death_CommonStingrayEntityForge_mob_by_GreatHammerheadSharkEntityForge=1, death_CommonStingrayEntityForge_mob_by_OceanicWhitetipSharkEntityForge=1, death_GreenSeaTurtleEntityForge_mob_by_TigerSharkEntityForge=1, living_deaths=14, navigation_calls=18049, sensor_calls=52962}	61	63
23400	757540928	{AmericanLobsterEntityForge=10, AtlanticCodEntityForge=8, AtlanticSalmonEntityForge=8, BlackSeaNettleJellyfishEntityForge=1, BlacktipReefSharkEntityForge=3, BottlenoseDolphinEntityForge=4, CannonballJellyfishEntityForge=2, CaribbeanReefOctopusEntityForge=2, CommonOctopusEntityForge=3, CommonStingrayEntityForge=3, CommonThresherSharkEntityForge=1, GiantMorayEelEntityForge=4, GreatHammerheadSharkEntityForge=1, GreatWhiteSharkEntityForge=1, GreenSeaTurtleEntityForge=3, HarborSealEntityForge=3, NautilusEntityForge=1, OceanicWhitetipSharkEntityForge=1, OrcaEntityForge=1, SandtigerSharkEntityForge=1, ShortfinMakoSharkEntityForge=1, TigerSharkEntityForge=1}	{AmericanLobsterEntityForge=300, AtlanticCodEntityForge=300, AtlanticSalmonEntityForge=300, BlackSeaNettleJellyfishEntityForge=300, BlacktipReefSharkEntityForge=300, BottlenoseDolphinEntityForge=700, CannonballJellyfishEntityForge=300, CaribbeanReefOctopusEntityForge=300, CommonOctopusEntityForge=300, CommonStingrayEntityForge=300, CommonThresherSharkEntityForge=300, GiantMorayEelEntityForge=300, GreatHammerheadSharkEntityForge=300, GreatWhiteSharkEntityForge=300, GreenSeaTurtleEntityForge=300, HarborSealEntityForge=300, NautilusEntityForge=300, OceanicWhitetipSharkEntityForge=300, OrcaEntityForge=700, SandtigerSharkEntityForge=300, ShortfinMakoSharkEntityForge=300, TigerSharkEntityForge=300}	11	{action_escape=45, action_feed=299, action_habitat=18, action_social=7, bounded_living_scans=1742, death_AmericanLobsterEntityForge_mob_by_CommonStingrayEntityForge=2, death_AtlanticCodEntityForge_mob_by_BlacktipReefSharkEntityForge=3, death_AtlanticCodEntityForge_mob_by_SandtigerSharkEntityForge=2, death_AtlanticSalmonEntityForge_mob_by_BlacktipReefSharkEntityForge=1, death_AtlanticSalmonEntityForge_mob_by_CommonThresherSharkEntityForge=1, death_AtlanticSalmonEntityForge_mob_by_ShortfinMakoSharkEntityForge=1, death_CommonOctopusEntityForge_mob_by_GreatHammerheadSharkEntityForge=1, death_CommonStingrayEntityForge_mob_by_GreatHammerheadSharkEntityForge=1, death_CommonStingrayEntityForge_mob_by_OceanicWhitetipSharkEntityForge=1, death_GreenSeaTurtleEntityForge_mob_by_TigerSharkEntityForge=1, living_deaths=14, navigation_calls=18215, sensor_calls=53438}	62	63
23600	856107072	{AmericanLobsterEntityForge=10, AtlanticCodEntityForge=8, AtlanticSalmonEntityForge=8, BlackSeaNettleJellyfishEntityForge=1, BlacktipReefSharkEntityForge=3, BottlenoseDolphinEntityForge=4, CannonballJellyfishEntityForge=2, CaribbeanReefOctopusEntityForge=2, CommonOctopusEntityForge=3, CommonStingrayEntityForge=3, CommonThresherSharkEntityForge=1, GiantMorayEelEntityForge=4, GreatHammerheadSharkEntityForge=1, GreatWhiteSharkEntityForge=1, GreenSeaTurtleEntityForge=3, HarborSealEntityForge=3, NautilusEntityForge=1, OceanicWhitetipSharkEntityForge=1, OrcaEntityForge=1, SandtigerSharkEntityForge=1, ShortfinMakoSharkEntityForge=1, TigerSharkEntityForge=1}	{AmericanLobsterEntityForge=300, AtlanticCodEntityForge=300, AtlanticSalmonEntityForge=300, BlackSeaNettleJellyfishEntityForge=300, BlacktipReefSharkEntityForge=300, BottlenoseDolphinEntityForge=700, CannonballJellyfishEntityForge=300, CaribbeanReefOctopusEntityForge=300, CommonOctopusEntityForge=300, CommonStingrayEntityForge=300, CommonThresherSharkEntityForge=300, GiantMorayEelEntityForge=300, GreatHammerheadSharkEntityForge=300, GreatWhiteSharkEntityForge=300, GreenSeaTurtleEntityForge=300, HarborSealEntityForge=300, NautilusEntityForge=300, OceanicWhitetipSharkEntityForge=300, OrcaEntityForge=700, SandtigerSharkEntityForge=300, ShortfinMakoSharkEntityForge=300, TigerSharkEntityForge=300}	11	{action_escape=45, action_feed=301, action_habitat=18, action_social=7, bounded_living_scans=1751, death_AmericanLobsterEntityForge_mob_by_CommonStingrayEntityForge=2, death_AtlanticCodEntityForge_mob_by_BlacktipReefSharkEntityForge=3, death_AtlanticCodEntityForge_mob_by_SandtigerSharkEntityForge=2, death_AtlanticSalmonEntityForge_mob_by_BlacktipReefSharkEntityForge=1, death_AtlanticSalmonEntityForge_mob_by_CommonThresherSharkEntityForge=1, death_AtlanticSalmonEntityForge_mob_by_ShortfinMakoSharkEntityForge=1, death_CommonOctopusEntityForge_mob_by_GreatHammerheadSharkEntityForge=1, death_CommonStingrayEntityForge_mob_by_GreatHammerheadSharkEntityForge=1, death_CommonStingrayEntityForge_mob_by_OceanicWhitetipSharkEntityForge=1, death_GreenSeaTurtleEntityForge_mob_by_TigerSharkEntityForge=1, living_deaths=14, navigation_calls=18341, sensor_calls=53874}	60	63
23800	957818944	{AmericanLobsterEntityForge=10, AtlanticCodEntityForge=8, AtlanticSalmonEntityForge=8, BlackSeaNettleJellyfishEntityForge=1, BlacktipReefSharkEntityForge=2, BottlenoseDolphinEntityForge=4, CannonballJellyfishEntityForge=2, CaribbeanReefOctopusEntityForge=2, CommonOctopusEntityForge=3, CommonStingrayEntityForge=3, CommonThresherSharkEntityForge=1, GiantMorayEelEntityForge=4, GreatHammerheadSharkEntityForge=1, GreatWhiteSharkEntityForge=1, GreenSeaTurtleEntityForge=3, HarborSealEntityForge=3, NautilusEntityForge=1, OceanicWhitetipSharkEntityForge=1, OrcaEntityForge=1, SandtigerSharkEntityForge=1, ShortfinMakoSharkEntityForge=1, TigerSharkEntityForge=1}	{AmericanLobsterEntityForge=300, AtlanticCodEntityForge=300, AtlanticSalmonEntityForge=300, BlackSeaNettleJellyfishEntityForge=300, BlacktipReefSharkEntityForge=300, BottlenoseDolphinEntityForge=700, CannonballJellyfishEntityForge=300, CaribbeanReefOctopusEntityForge=300, CommonOctopusEntityForge=300, CommonStingrayEntityForge=300, CommonThresherSharkEntityForge=300, GiantMorayEelEntityForge=300, GreatHammerheadSharkEntityForge=300, GreatWhiteSharkEntityForge=300, GreenSeaTurtleEntityForge=300, HarborSealEntityForge=300, NautilusEntityForge=300, OceanicWhitetipSharkEntityForge=300, OrcaEntityForge=700, SandtigerSharkEntityForge=300, ShortfinMakoSharkEntityForge=300, TigerSharkEntityForge=300}	11	{action_escape=45, action_feed=306, action_habitat=18, action_social=7, bounded_living_scans=1772, death_AmericanLobsterEntityForge_mob_by_CommonStingrayEntityForge=2, death_AtlanticCodEntityForge_mob_by_BlacktipReefSharkEntityForge=3, death_AtlanticCodEntityForge_mob_by_SandtigerSharkEntityForge=2, death_AtlanticSalmonEntityForge_mob_by_BlacktipReefSharkEntityForge=1, death_AtlanticSalmonEntityForge_mob_by_CommonThresherSharkEntityForge=1, death_AtlanticSalmonEntityForge_mob_by_ShortfinMakoSharkEntityForge=1, death_BlacktipReefSharkEntityForge_mob_by_ShortfinMakoSharkEntityForge=1, death_CommonOctopusEntityForge_mob_by_GreatHammerheadSharkEntityForge=1, death_CommonStingrayEntityForge_mob_by_GreatHammerheadSharkEntityForge=1, death_CommonStingrayEntityForge_mob_by_OceanicWhitetipSharkEntityForge=1, death_GreenSeaTurtleEntityForge_mob_by_TigerSharkEntityForge=1, living_deaths=15, navigation_calls=18502, sensor_calls=54348}	60	62
24000	1057433664	{AmericanLobsterEntityForge=10, AtlanticCodEntityForge=8, AtlanticSalmonEntityForge=8, BlackSeaNettleJellyfishEntityForge=1, BlacktipReefSharkEntityForge=3, BottlenoseDolphinEntityForge=4, CannonballJellyfishEntityForge=2, CaribbeanReefOctopusEntityForge=2, CommonOctopusEntityForge=3, CommonStingrayEntityForge=3, CommonThresherSharkEntityForge=1, GiantMorayEelEntityForge=4, GreatHammerheadSharkEntityForge=1, GreatWhiteSharkEntityForge=1, GreenSeaTurtleEntityForge=3, HarborSealEntityForge=3, NautilusEntityForge=1, OceanicWhitetipSharkEntityForge=1, OrcaEntityForge=1, SandtigerSharkEntityForge=1, ShortfinMakoSharkEntityForge=1, TigerSharkEntityForge=1}	{AmericanLobsterEntityForge=300, AtlanticCodEntityForge=300, AtlanticSalmonEntityForge=300, BlackSeaNettleJellyfishEntityForge=300, BlacktipReefSharkEntityForge=300, BottlenoseDolphinEntityForge=700, CannonballJellyfishEntityForge=300, CaribbeanReefOctopusEntityForge=300, CommonOctopusEntityForge=300, CommonStingrayEntityForge=300, CommonThresherSharkEntityForge=300, GiantMorayEelEntityForge=300, GreatHammerheadSharkEntityForge=300, GreatWhiteSharkEntityForge=300, GreenSeaTurtleEntityForge=300, HarborSealEntityForge=300, NautilusEntityForge=300, OceanicWhitetipSharkEntityForge=300, OrcaEntityForge=700, SandtigerSharkEntityForge=300, ShortfinMakoSharkEntityForge=300, TigerSharkEntityForge=300}	11	{action_escape=45, action_feed=308, action_habitat=18, action_social=7, bounded_living_scans=1780, death_AmericanLobsterEntityForge_mob_by_CommonStingrayEntityForge=2, death_AtlanticCodEntityForge_mob_by_BlacktipReefSharkEntityForge=3, death_AtlanticCodEntityForge_mob_by_SandtigerSharkEntityForge=2, death_AtlanticSalmonEntityForge_mob_by_BlacktipReefSharkEntityForge=1, death_AtlanticSalmonEntityForge_mob_by_CommonThresherSharkEntityForge=1, death_AtlanticSalmonEntityForge_mob_by_ShortfinMakoSharkEntityForge=1, death_BlacktipReefSharkEntityForge_mob_by_ShortfinMakoSharkEntityForge=1, death_CommonOctopusEntityForge_mob_by_GreatHammerheadSharkEntityForge=1, death_CommonStingrayEntityForge_mob_by_GreatHammerheadSharkEntityForge=1, death_CommonStingrayEntityForge_mob_by_OceanicWhitetipSharkEntityForge=1, death_GreenSeaTurtleEntityForge_mob_by_TigerSharkEntityForge=1, living_deaths=15, navigation_calls=18656, sensor_calls=54824}	60	63
24200	1157048384	{AmericanLobsterEntityForge=10, AtlanticCodEntityForge=8, AtlanticSalmonEntityForge=7, BlackSeaNettleJellyfishEntityForge=1, BlacktipReefSharkEntityForge=3, BottlenoseDolphinEntityForge=4, CannonballJellyfishEntityForge=2, CaribbeanReefOctopusEntityForge=2, CommonOctopusEntityForge=3, CommonStingrayEntityForge=3, CommonThresherSharkEntityForge=1, GiantMorayEelEntityForge=4, GreatHammerheadSharkEntityForge=1, GreatWhiteSharkEntityForge=1, GreenSeaTurtleEntityForge=3, HarborSealEntityForge=3, NautilusEntityForge=1, OceanicWhitetipSharkEntityForge=1, OrcaEntityForge=1, SandtigerSharkEntityForge=1, ShortfinMakoSharkEntityForge=1, TigerSharkEntityForge=1}	{AmericanLobsterEntityForge=300, AtlanticCodEntityForge=300, AtlanticSalmonEntityForge=300, BlackSeaNettleJellyfishEntityForge=300, BlacktipReefSharkEntityForge=300, BottlenoseDolphinEntityForge=700, CannonballJellyfishEntityForge=300, CaribbeanReefOctopusEntityForge=300, CommonOctopusEntityForge=300, CommonStingrayEntityForge=300, CommonThresherSharkEntityForge=300, GiantMorayEelEntityForge=300, GreatHammerheadSharkEntityForge=300, GreatWhiteSharkEntityForge=300, GreenSeaTurtleEntityForge=300, HarborSealEntityForge=300, NautilusEntityForge=300, OceanicWhitetipSharkEntityForge=300, OrcaEntityForge=700, SandtigerSharkEntityForge=300, ShortfinMakoSharkEntityForge=300, TigerSharkEntityForge=300}	11	{action_escape=45, action_feed=312, action_habitat=18, action_social=7, bounded_living_scans=1800, death_AmericanLobsterEntityForge_mob_by_CommonStingrayEntityForge=2, death_AtlanticCodEntityForge_mob_by_BlacktipReefSharkEntityForge=3, death_AtlanticCodEntityForge_mob_by_SandtigerSharkEntityForge=2, death_AtlanticSalmonEntityForge_mob_by_BlacktipReefSharkEntityForge=2, death_AtlanticSalmonEntityForge_mob_by_CommonThresherSharkEntityForge=1, death_AtlanticSalmonEntityForge_mob_by_ShortfinMakoSharkEntityForge=1, death_BlacktipReefSharkEntityForge_mob_by_ShortfinMakoSharkEntityForge=1, death_CommonOctopusEntityForge_mob_by_GreatHammerheadSharkEntityForge=1, death_CommonStingrayEntityForge_mob_by_GreatHammerheadSharkEntityForge=1, death_CommonStingrayEntityForge_mob_by_OceanicWhitetipSharkEntityForge=1, death_GreenSeaTurtleEntityForge_mob_by_TigerSharkEntityForge=1, living_deaths=16, navigation_calls=18784, sensor_calls=55260}	61	62
24400	1257711680	{AmericanLobsterEntityForge=10, AtlanticCodEntityForge=8, AtlanticSalmonEntityForge=6, BlackSeaNettleJellyfishEntityForge=1, BlacktipReefSharkEntityForge=3, BottlenoseDolphinEntityForge=4, CannonballJellyfishEntityForge=2, CaribbeanReefOctopusEntityForge=2, CommonOctopusEntityForge=3, CommonStingrayEntityForge=3, CommonThresherSharkEntityForge=1, GiantMorayEelEntityForge=4, GreatHammerheadSharkEntityForge=1, GreatWhiteSharkEntityForge=1, GreenSeaTurtleEntityForge=3, HarborSealEntityForge=3, NautilusEntityForge=1, OceanicWhitetipSharkEntityForge=1, OrcaEntityForge=1, SandtigerSharkEntityForge=1, ShortfinMakoSharkEntityForge=1, TigerSharkEntityForge=1}	{AmericanLobsterEntityForge=300, AtlanticCodEntityForge=300, AtlanticSalmonEntityForge=300, BlackSeaNettleJellyfishEntityForge=300, BlacktipReefSharkEntityForge=300, BottlenoseDolphinEntityForge=700, CannonballJellyfishEntityForge=300, CaribbeanReefOctopusEntityForge=300, CommonOctopusEntityForge=300, CommonStingrayEntityForge=300, CommonThresherSharkEntityForge=300, GiantMorayEelEntityForge=300, GreatHammerheadSharkEntityForge=300, GreatWhiteSharkEntityForge=300, GreenSeaTurtleEntityForge=300, HarborSealEntityForge=300, NautilusEntityForge=300, OceanicWhitetipSharkEntityForge=300, OrcaEntityForge=700, SandtigerSharkEntityForge=300, ShortfinMakoSharkEntityForge=300, TigerSharkEntityForge=300}	11	{action_escape=46, action_feed=313, action_habitat=18, action_social=9, bounded_living_scans=1811, death_AmericanLobsterEntityForge_mob_by_CommonStingrayEntityForge=2, death_AtlanticCodEntityForge_mob_by_BlacktipReefSharkEntityForge=3, death_AtlanticCodEntityForge_mob_by_SandtigerSharkEntityForge=2, death_AtlanticSalmonEntityForge_mob_by_BlacktipReefSharkEntityForge=2, death_AtlanticSalmonEntityForge_mob_by_CommonThresherSharkEntityForge=2, death_AtlanticSalmonEntityForge_mob_by_OceanicWhitetipSharkEntityForge=1, death_AtlanticSalmonEntityForge_mob_by_ShortfinMakoSharkEntityForge=1, death_BlacktipReefSharkEntityForge_mob_by_ShortfinMakoSharkEntityForge=1, death_CommonOctopusEntityForge_mob_by_GreatHammerheadSharkEntityForge=1, death_CommonStingrayEntityForge_mob_by_GreatHammerheadSharkEntityForge=1, death_CommonStingrayEntityForge_mob_by_OceanicWhitetipSharkEntityForge=1, death_GreenSeaTurtleEntityForge_mob_by_TigerSharkEntityForge=1, living_deaths=18, navigation_calls=18942, sensor_calls=55736}	59	61
24600	1359423552	{AmericanLobsterEntityForge=10, AtlanticCodEntityForge=8, AtlanticSalmonEntityForge=8, BlackSeaNettleJellyfishEntityForge=1, BlacktipReefSharkEntityForge=3, BottlenoseDolphinEntityForge=4, CannonballJellyfishEntityForge=2, CaribbeanReefOctopusEntityForge=2, CommonOctopusEntityForge=3, CommonStingrayEntityForge=3, CommonThresherSharkEntityForge=1, GiantMorayEelEntityForge=4, GreatHammerheadSharkEntityForge=1, GreatWhiteSharkEntityForge=1, GreenSeaTurtleEntityForge=3, HarborSealEntityForge=3, NautilusEntityForge=1, OceanicWhitetipSharkEntityForge=1, OrcaEntityForge=1, SandtigerSharkEntityForge=1, ShortfinMakoSharkEntityForge=1, TigerSharkEntityForge=1}	{AmericanLobsterEntityForge=300, AtlanticCodEntityForge=300, AtlanticSalmonEntityForge=300, BlackSeaNettleJellyfishEntityForge=300, BlacktipReefSharkEntityForge=300, BottlenoseDolphinEntityForge=700, CannonballJellyfishEntityForge=300, CaribbeanReefOctopusEntityForge=300, CommonOctopusEntityForge=300, CommonStingrayEntityForge=300, CommonThresherSharkEntityForge=300, GiantMorayEelEntityForge=300, GreatHammerheadSharkEntityForge=300, GreatWhiteSharkEntityForge=300, GreenSeaTurtleEntityForge=300, HarborSealEntityForge=300, NautilusEntityForge=300, OceanicWhitetipSharkEntityForge=300, OrcaEntityForge=700, SandtigerSharkEntityForge=300, ShortfinMakoSharkEntityForge=300, TigerSharkEntityForge=300}	11	{action_escape=46, action_feed=316, action_habitat=18, action_social=9, bounded_living_scans=1830, death_AmericanLobsterEntityForge_mob_by_CommonStingrayEntityForge=2, death_AtlanticCodEntityForge_mob_by_BlacktipReefSharkEntityForge=3, death_AtlanticCodEntityForge_mob_by_SandtigerSharkEntityForge=2, death_AtlanticSalmonEntityForge_mob_by_BlacktipReefSharkEntityForge=2, death_AtlanticSalmonEntityForge_mob_by_CommonThresherSharkEntityForge=2, death_AtlanticSalmonEntityForge_mob_by_OceanicWhitetipSharkEntityForge=1, death_AtlanticSalmonEntityForge_mob_by_ShortfinMakoSharkEntityForge=1, death_BlacktipReefSharkEntityForge_mob_by_ShortfinMakoSharkEntityForge=1, death_CommonOctopusEntityForge_mob_by_GreatHammerheadSharkEntityForge=1, death_CommonStingrayEntityForge_mob_by_GreatHammerheadSharkEntityForge=1, death_CommonStingrayEntityForge_mob_by_OceanicWhitetipSharkEntityForge=1, death_GreenSeaTurtleEntityForge_mob_by_TigerSharkEntityForge=1, living_deaths=18, navigation_calls=19129, sensor_calls=56174}	59	63
24800	1465329728	{AmericanLobsterEntityForge=10, AtlanticCodEntityForge=8, AtlanticSalmonEntityForge=8, BlackSeaNettleJellyfishEntityForge=1, BlacktipReefSharkEntityForge=3, BottlenoseDolphinEntityForge=4, CannonballJellyfishEntityForge=2, CaribbeanReefOctopusEntityForge=2, CommonOctopusEntityForge=3, CommonStingrayEntityForge=3, CommonThresherSharkEntityForge=1, GiantMorayEelEntityForge=4, GreatHammerheadSharkEntityForge=1, GreatWhiteSharkEntityForge=1, GreenSeaTurtleEntityForge=3, HarborSealEntityForge=3, NautilusEntityForge=1, OceanicWhitetipSharkEntityForge=1, OrcaEntityForge=1, SandtigerSharkEntityForge=1, ShortfinMakoSharkEntityForge=1, TigerSharkEntityForge=1}	{AmericanLobsterEntityForge=300, AtlanticCodEntityForge=300, AtlanticSalmonEntityForge=300, BlackSeaNettleJellyfishEntityForge=300, BlacktipReefSharkEntityForge=300, BottlenoseDolphinEntityForge=700, CannonballJellyfishEntityForge=300, CaribbeanReefOctopusEntityForge=300, CommonOctopusEntityForge=300, CommonStingrayEntityForge=300, CommonThresherSharkEntityForge=300, GiantMorayEelEntityForge=300, GreatHammerheadSharkEntityForge=300, GreatWhiteSharkEntityForge=300, GreenSeaTurtleEntityForge=300, HarborSealEntityForge=300, NautilusEntityForge=300, OceanicWhitetipSharkEntityForge=300, OrcaEntityForge=700, SandtigerSharkEntityForge=300, ShortfinMakoSharkEntityForge=300, TigerSharkEntityForge=300}	11	{action_escape=47, action_feed=320, action_habitat=18, action_social=10, bounded_living_scans=1844, death_AmericanLobsterEntityForge_mob_by_CommonStingrayEntityForge=2, death_AtlanticCodEntityForge_mob_by_BlacktipReefSharkEntityForge=3, death_AtlanticCodEntityForge_mob_by_SandtigerSharkEntityForge=2, death_AtlanticSalmonEntityForge_mob_by_BlacktipReefSharkEntityForge=2, death_AtlanticSalmonEntityForge_mob_by_CommonThresherSharkEntityForge=2, death_AtlanticSalmonEntityForge_mob_by_OceanicWhitetipSharkEntityForge=1, death_AtlanticSalmonEntityForge_mob_by_ShortfinMakoSharkEntityForge=1, death_BlacktipReefSharkEntityForge_mob_by_ShortfinMakoSharkEntityForge=1, death_CommonOctopusEntityForge_mob_by_GreatHammerheadSharkEntityForge=1, death_CommonStingrayEntityForge_mob_by_GreatHammerheadSharkEntityForge=1, death_CommonStingrayEntityForge_mob_by_OceanicWhitetipSharkEntityForge=1, death_GreenSeaTurtleEntityForge_mob_by_TigerSharkEntityForge=1, living_deaths=18, navigation_calls=19301, sensor_calls=56649}	62	63
25000	1569138752	{AmericanLobsterEntityForge=10, AtlanticCodEntityForge=8, AtlanticSalmonEntityForge=8, BlackSeaNettleJellyfishEntityForge=1, BlacktipReefSharkEntityForge=3, BottlenoseDolphinEntityForge=4, CannonballJellyfishEntityForge=2, CaribbeanReefOctopusEntityForge=2, CommonOctopusEntityForge=3, CommonStingrayEntityForge=3, CommonThresherSharkEntityForge=1, GiantMorayEelEntityForge=4, GreatHammerheadSharkEntityForge=1, GreatWhiteSharkEntityForge=1, GreenSeaTurtleEntityForge=3, HarborSealEntityForge=3, NautilusEntityForge=1, OceanicWhitetipSharkEntityForge=1, OrcaEntityForge=1, SandtigerSharkEntityForge=1, ShortfinMakoSharkEntityForge=1, TigerSharkEntityForge=1}	{AmericanLobsterEntityForge=300, AtlanticCodEntityForge=300, AtlanticSalmonEntityForge=300, BlackSeaNettleJellyfishEntityForge=300, BlacktipReefSharkEntityForge=300, BottlenoseDolphinEntityForge=700, CannonballJellyfishEntityForge=300, CaribbeanReefOctopusEntityForge=300, CommonOctopusEntityForge=300, CommonStingrayEntityForge=300, CommonThresherSharkEntityForge=300, GiantMorayEelEntityForge=300, GreatHammerheadSharkEntityForge=300, GreatWhiteSharkEntityForge=300, GreenSeaTurtleEntityForge=300, HarborSealEntityForge=300, NautilusEntityForge=300, OceanicWhitetipSharkEntityForge=300, OrcaEntityForge=700, SandtigerSharkEntityForge=300, ShortfinMakoSharkEntityForge=300, TigerSharkEntityForge=300}	11	{action_escape=47, action_feed=323, action_habitat=18, action_social=10, bounded_living_scans=1864, death_AmericanLobsterEntityForge_mob_by_CommonStingrayEntityForge=2, death_AtlanticCodEntityForge_mob_by_BlacktipReefSharkEntityForge=3, death_AtlanticCodEntityForge_mob_by_SandtigerSharkEntityForge=2, death_AtlanticSalmonEntityForge_mob_by_BlacktipReefSharkEntityForge=2, death_AtlanticSalmonEntityForge_mob_by_CommonThresherSharkEntityForge=2, death_AtlanticSalmonEntityForge_mob_by_OceanicWhitetipSharkEntityForge=1, death_AtlanticSalmonEntityForge_mob_by_ShortfinMakoSharkEntityForge=1, death_BlacktipReefSharkEntityForge_mob_by_ShortfinMakoSharkEntityForge=1, death_CommonOctopusEntityForge_mob_by_GreatHammerheadSharkEntityForge=1, death_CommonStingrayEntityForge_mob_by_GreatHammerheadSharkEntityForge=1, death_CommonStingrayEntityForge_mob_by_OceanicWhitetipSharkEntityForge=1, death_GreenSeaTurtleEntityForge_mob_by_TigerSharkEntityForge=1, living_deaths=18, navigation_calls=19488, sensor_calls=57086}	62	63
25200	386476744	{AmericanLobsterEntityForge=10, AtlanticCodEntityForge=8, AtlanticSalmonEntityForge=7, BlackSeaNettleJellyfishEntityForge=1, BlacktipReefSharkEntityForge=3, BottlenoseDolphinEntityForge=4, CannonballJellyfishEntityForge=2, CaribbeanReefOctopusEntityForge=2, CommonOctopusEntityForge=3, CommonStingrayEntityForge=3, CommonThresherSharkEntityForge=1, GiantMorayEelEntityForge=4, GreatHammerheadSharkEntityForge=1, GreatWhiteSharkEntityForge=1, GreenSeaTurtleEntityForge=3, HarborSealEntityForge=3, NautilusEntityForge=1, OceanicWhitetipSharkEntityForge=1, OrcaEntityForge=1, SandtigerSharkEntityForge=1, ShortfinMakoSharkEntityForge=1, TigerSharkEntityForge=1}	{AmericanLobsterEntityForge=300, AtlanticCodEntityForge=300, AtlanticSalmonEntityForge=300, BlackSeaNettleJellyfishEntityForge=300, BlacktipReefSharkEntityForge=300, BottlenoseDolphinEntityForge=700, CannonballJellyfishEntityForge=300, CaribbeanReefOctopusEntityForge=300, CommonOctopusEntityForge=300, CommonStingrayEntityForge=300, CommonThresherSharkEntityForge=300, GiantMorayEelEntityForge=300, GreatHammerheadSharkEntityForge=300, GreatWhiteSharkEntityForge=300, GreenSeaTurtleEntityForge=300, HarborSealEntityForge=300, NautilusEntityForge=300, OceanicWhitetipSharkEntityForge=300, OrcaEntityForge=700, SandtigerSharkEntityForge=300, ShortfinMakoSharkEntityForge=300, TigerSharkEntityForge=300}	11	{action_escape=47, action_feed=325, action_habitat=18, action_social=11, bounded_living_scans=1875, death_AmericanLobsterEntityForge_mob_by_CommonStingrayEntityForge=2, death_AtlanticCodEntityForge_mob_by_BlacktipReefSharkEntityForge=3, death_AtlanticCodEntityForge_mob_by_SandtigerSharkEntityForge=2, death_AtlanticSalmonEntityForge_mob_by_BlacktipReefSharkEntityForge=3, death_AtlanticSalmonEntityForge_mob_by_CommonThresherSharkEntityForge=2, death_AtlanticSalmonEntityForge_mob_by_OceanicWhitetipSharkEntityForge=1, death_AtlanticSalmonEntityForge_mob_by_ShortfinMakoSharkEntityForge=1, death_BlacktipReefSharkEntityForge_mob_by_ShortfinMakoSharkEntityForge=1, death_CommonOctopusEntityForge_mob_by_GreatHammerheadSharkEntityForge=1, death_CommonStingrayEntityForge_mob_by_GreatHammerheadSharkEntityForge=1, death_CommonStingrayEntityForge_mob_by_OceanicWhitetipSharkEntityForge=1, death_GreenSeaTurtleEntityForge_mob_by_TigerSharkEntityForge=1, living_deaths=19, navigation_calls=19721, sensor_calls=57561}	61	62
25400	490285768	{AmericanLobsterEntityForge=10, AtlanticCodEntityForge=8, AtlanticSalmonEntityForge=8, BlackSeaNettleJellyfishEntityForge=1, BlacktipReefSharkEntityForge=3, BottlenoseDolphinEntityForge=4, CannonballJellyfishEntityForge=2, CaribbeanReefOctopusEntityForge=2, CommonOctopusEntityForge=3, CommonStingrayEntityForge=3, CommonThresherSharkEntityForge=1, GiantMorayEelEntityForge=4, GreatHammerheadSharkEntityForge=1, GreatWhiteSharkEntityForge=1, GreenSeaTurtleEntityForge=3, HarborSealEntityForge=3, NautilusEntityForge=1, OceanicWhitetipSharkEntityForge=1, OrcaEntityForge=1, SandtigerSharkEntityForge=1, ShortfinMakoSharkEntityForge=1, TigerSharkEntityForge=1}	{AmericanLobsterEntityForge=300, AtlanticCodEntityForge=300, AtlanticSalmonEntityForge=300, BlackSeaNettleJellyfishEntityForge=300, BlacktipReefSharkEntityForge=300, BottlenoseDolphinEntityForge=700, CannonballJellyfishEntityForge=300, CaribbeanReefOctopusEntityForge=300, CommonOctopusEntityForge=300, CommonStingrayEntityForge=300, CommonThresherSharkEntityForge=300, GiantMorayEelEntityForge=300, GreatHammerheadSharkEntityForge=300, GreatWhiteSharkEntityForge=300, GreenSeaTurtleEntityForge=300, HarborSealEntityForge=300, NautilusEntityForge=300, OceanicWhitetipSharkEntityForge=300, OrcaEntityForge=700, SandtigerSharkEntityForge=300, ShortfinMakoSharkEntityForge=300, TigerSharkEntityForge=300}	11	{action_escape=47, action_feed=326, action_habitat=18, action_social=11, bounded_living_scans=1893, death_AmericanLobsterEntityForge_mob_by_CommonStingrayEntityForge=2, death_AtlanticCodEntityForge_mob_by_BlacktipReefSharkEntityForge=3, death_AtlanticCodEntityForge_mob_by_SandtigerSharkEntityForge=2, death_AtlanticSalmonEntityForge_mob_by_BlacktipReefSharkEntityForge=3, death_AtlanticSalmonEntityForge_mob_by_CommonThresherSharkEntityForge=2, death_AtlanticSalmonEntityForge_mob_by_OceanicWhitetipSharkEntityForge=1, death_AtlanticSalmonEntityForge_mob_by_ShortfinMakoSharkEntityForge=1, death_BlacktipReefSharkEntityForge_mob_by_ShortfinMakoSharkEntityForge=1, death_CommonOctopusEntityForge_mob_by_GreatHammerheadSharkEntityForge=1, death_CommonStingrayEntityForge_mob_by_GreatHammerheadSharkEntityForge=1, death_CommonStingrayEntityForge_mob_by_OceanicWhitetipSharkEntityForge=1, death_GreenSeaTurtleEntityForge_mob_by_TigerSharkEntityForge=1, living_deaths=19, navigation_calls=19928, sensor_calls=57999}	60	63
25600	593046216	{AmericanLobsterEntityForge=10, AtlanticCodEntityForge=8, AtlanticSalmonEntityForge=8, BlackSeaNettleJellyfishEntityForge=1, BlacktipReefSharkEntityForge=3, BottlenoseDolphinEntityForge=4, CannonballJellyfishEntityForge=2, CaribbeanReefOctopusEntityForge=2, CommonOctopusEntityForge=3, CommonStingrayEntityForge=3, CommonThresherSharkEntityForge=1, GiantMorayEelEntityForge=4, GreatHammerheadSharkEntityForge=1, GreatWhiteSharkEntityForge=1, GreenSeaTurtleEntityForge=3, HarborSealEntityForge=3, NautilusEntityForge=1, OceanicWhitetipSharkEntityForge=1, OrcaEntityForge=1, SandtigerSharkEntityForge=1, ShortfinMakoSharkEntityForge=1, TigerSharkEntityForge=1}	{AmericanLobsterEntityForge=300, AtlanticCodEntityForge=300, AtlanticSalmonEntityForge=300, BlackSeaNettleJellyfishEntityForge=300, BlacktipReefSharkEntityForge=300, BottlenoseDolphinEntityForge=700, CannonballJellyfishEntityForge=300, CaribbeanReefOctopusEntityForge=300, CommonOctopusEntityForge=300, CommonStingrayEntityForge=300, CommonThresherSharkEntityForge=300, GiantMorayEelEntityForge=300, GreatHammerheadSharkEntityForge=300, GreatWhiteSharkEntityForge=300, GreenSeaTurtleEntityForge=300, HarborSealEntityForge=300, NautilusEntityForge=300, OceanicWhitetipSharkEntityForge=300, OrcaEntityForge=700, SandtigerSharkEntityForge=300, ShortfinMakoSharkEntityForge=300, TigerSharkEntityForge=300}	11	{action_escape=47, action_feed=329, action_habitat=18, action_social=11, bounded_living_scans=1902, death_AmericanLobsterEntityForge_mob_by_CommonStingrayEntityForge=2, death_AtlanticCodEntityForge_mob_by_BlacktipReefSharkEntityForge=3, death_AtlanticCodEntityForge_mob_by_SandtigerSharkEntityForge=2, death_AtlanticSalmonEntityForge_mob_by_BlacktipReefSharkEntityForge=3, death_AtlanticSalmonEntityForge_mob_by_CommonThresherSharkEntityForge=2, death_AtlanticSalmonEntityForge_mob_by_OceanicWhitetipSharkEntityForge=1, death_AtlanticSalmonEntityForge_mob_by_ShortfinMakoSharkEntityForge=1, death_BlacktipReefSharkEntityForge_mob_by_ShortfinMakoSharkEntityForge=1, death_CommonOctopusEntityForge_mob_by_GreatHammerheadSharkEntityForge=1, death_CommonStingrayEntityForge_mob_by_GreatHammerheadSharkEntityForge=1, death_CommonStingrayEntityForge_mob_by_OceanicWhitetipSharkEntityForge=1, death_GreenSeaTurtleEntityForge_mob_by_TigerSharkEntityForge=1, living_deaths=19, navigation_calls=20181, sensor_calls=58473}	59	63
25800	695806664	{AmericanLobsterEntityForge=10, AtlanticCodEntityForge=8, AtlanticSalmonEntityForge=8, BlackSeaNettleJellyfishEntityForge=1, BlacktipReefSharkEntityForge=3, BottlenoseDolphinEntityForge=4, CannonballJellyfishEntityForge=2, CaribbeanReefOctopusEntityForge=2, CommonOctopusEntityForge=3, CommonStingrayEntityForge=3, CommonThresherSharkEntityForge=1, GiantMorayEelEntityForge=4, GreatHammerheadSharkEntityForge=1, GreatWhiteSharkEntityForge=1, GreenSeaTurtleEntityForge=3, HarborSealEntityForge=3, NautilusEntityForge=1, OceanicWhitetipSharkEntityForge=1, OrcaEntityForge=1, SandtigerSharkEntityForge=1, ShortfinMakoSharkEntityForge=1, TigerSharkEntityForge=1}	{AmericanLobsterEntityForge=300, AtlanticCodEntityForge=300, AtlanticSalmonEntityForge=300, BlackSeaNettleJellyfishEntityForge=300, BlacktipReefSharkEntityForge=300, BottlenoseDolphinEntityForge=700, CannonballJellyfishEntityForge=300, CaribbeanReefOctopusEntityForge=300, CommonOctopusEntityForge=300, CommonStingrayEntityForge=300, CommonThresherSharkEntityForge=300, GiantMorayEelEntityForge=300, GreatHammerheadSharkEntityForge=300, GreatWhiteSharkEntityForge=300, GreenSeaTurtleEntityForge=300, HarborSealEntityForge=300, NautilusEntityForge=300, OceanicWhitetipSharkEntityForge=300, OrcaEntityForge=700, SandtigerSharkEntityForge=300, ShortfinMakoSharkEntityForge=300, TigerSharkEntityForge=300}	11	{action_escape=47, action_feed=333, action_habitat=18, action_social=11, bounded_living_scans=1921, death_AmericanLobsterEntityForge_mob_by_CommonStingrayEntityForge=2, death_AtlanticCodEntityForge_mob_by_BlacktipReefSharkEntityForge=3, death_AtlanticCodEntityForge_mob_by_SandtigerSharkEntityForge=2, death_AtlanticSalmonEntityForge_mob_by_BlacktipReefSharkEntityForge=3, death_AtlanticSalmonEntityForge_mob_by_CommonThresherSharkEntityForge=2, death_AtlanticSalmonEntityForge_mob_by_OceanicWhitetipSharkEntityForge=1, death_AtlanticSalmonEntityForge_mob_by_ShortfinMakoSharkEntityForge=1, death_BlacktipReefSharkEntityForge_mob_by_ShortfinMakoSharkEntityForge=1, death_CommonOctopusEntityForge_mob_by_GreatHammerheadSharkEntityForge=1, death_CommonStingrayEntityForge_mob_by_GreatHammerheadSharkEntityForge=1, death_CommonStingrayEntityForge_mob_by_OceanicWhitetipSharkEntityForge=1, death_GreenSeaTurtleEntityForge_mob_by_TigerSharkEntityForge=1, living_deaths=19, navigation_calls=20396, sensor_calls=58911}	62	63
26000	802761416	{AmericanLobsterEntityForge=10, AtlanticCodEntityForge=8, AtlanticSalmonEntityForge=8, BlackSeaNettleJellyfishEntityForge=1, BlacktipReefSharkEntityForge=3, BottlenoseDolphinEntityForge=4, CannonballJellyfishEntityForge=2, CaribbeanReefOctopusEntityForge=2, CommonOctopusEntityForge=3, CommonStingrayEntityForge=3, CommonThresherSharkEntityForge=1, GiantMorayEelEntityForge=4, GreatHammerheadSharkEntityForge=1, GreatWhiteSharkEntityForge=1, GreenSeaTurtleEntityForge=3, HarborSealEntityForge=3, NautilusEntityForge=1, OceanicWhitetipSharkEntityForge=1, OrcaEntityForge=1, SandtigerSharkEntityForge=1, ShortfinMakoSharkEntityForge=1, TigerSharkEntityForge=1}	{AmericanLobsterEntityForge=300, AtlanticCodEntityForge=300, AtlanticSalmonEntityForge=300, BlackSeaNettleJellyfishEntityForge=300, BlacktipReefSharkEntityForge=300, BottlenoseDolphinEntityForge=700, CannonballJellyfishEntityForge=300, CaribbeanReefOctopusEntityForge=300, CommonOctopusEntityForge=300, CommonStingrayEntityForge=300, CommonThresherSharkEntityForge=300, GiantMorayEelEntityForge=300, GreatHammerheadSharkEntityForge=300, GreatWhiteSharkEntityForge=300, GreenSeaTurtleEntityForge=300, HarborSealEntityForge=300, NautilusEntityForge=300, OceanicWhitetipSharkEntityForge=300, OrcaEntityForge=700, SandtigerSharkEntityForge=300, ShortfinMakoSharkEntityForge=300, TigerSharkEntityForge=300}	11	{action_escape=48, action_feed=336, action_habitat=18, action_social=11, bounded_living_scans=1931, death_AmericanLobsterEntityForge_mob_by_CommonStingrayEntityForge=2, death_AtlanticCodEntityForge_mob_by_BlacktipReefSharkEntityForge=3, death_AtlanticCodEntityForge_mob_by_SandtigerSharkEntityForge=2, death_AtlanticSalmonEntityForge_mob_by_BlacktipReefSharkEntityForge=3, death_AtlanticSalmonEntityForge_mob_by_CommonThresherSharkEntityForge=2, death_AtlanticSalmonEntityForge_mob_by_OceanicWhitetipSharkEntityForge=1, death_AtlanticSalmonEntityForge_mob_by_ShortfinMakoSharkEntityForge=1, death_BlacktipReefSharkEntityForge_mob_by_ShortfinMakoSharkEntityForge=1, death_CommonOctopusEntityForge_mob_by_GreatHammerheadSharkEntityForge=1, death_CommonStingrayEntityForge_mob_by_GreatHammerheadSharkEntityForge=1, death_CommonStingrayEntityForge_mob_by_OceanicWhitetipSharkEntityForge=1, death_GreenSeaTurtleEntityForge_mob_by_TigerSharkEntityForge=1, living_deaths=19, navigation_calls=20624, sensor_calls=59385}	61	63
26200	917056200	{AmericanLobsterEntityForge=10, AtlanticCodEntityForge=8, AtlanticSalmonEntityForge=8, BlackSeaNettleJellyfishEntityForge=1, BlacktipReefSharkEntityForge=3, BottlenoseDolphinEntityForge=4, CannonballJellyfishEntityForge=2, CaribbeanReefOctopusEntityForge=2, CommonOctopusEntityForge=3, CommonStingrayEntityForge=3, CommonThresherSharkEntityForge=1, GiantMorayEelEntityForge=4, GreatHammerheadSharkEntityForge=1, GreatWhiteSharkEntityForge=1, GreenSeaTurtleEntityForge=3, HarborSealEntityForge=3, NautilusEntityForge=1, OceanicWhitetipSharkEntityForge=1, OrcaEntityForge=1, SandtigerSharkEntityForge=1, ShortfinMakoSharkEntityForge=1, TigerSharkEntityForge=1}	{AmericanLobsterEntityForge=300, AtlanticCodEntityForge=300, AtlanticSalmonEntityForge=300, BlackSeaNettleJellyfishEntityForge=300, BlacktipReefSharkEntityForge=300, BottlenoseDolphinEntityForge=700, CannonballJellyfishEntityForge=300, CaribbeanReefOctopusEntityForge=300, CommonOctopusEntityForge=300, CommonStingrayEntityForge=300, CommonThresherSharkEntityForge=300, GiantMorayEelEntityForge=300, GreatHammerheadSharkEntityForge=300, GreatWhiteSharkEntityForge=299, GreenSeaTurtleEntityForge=300, HarborSealEntityForge=300, NautilusEntityForge=300, OceanicWhitetipSharkEntityForge=300, OrcaEntityForge=700, SandtigerSharkEntityForge=300, ShortfinMakoSharkEntityForge=300, TigerSharkEntityForge=300}	11	{action_escape=48, action_feed=338, action_habitat=18, action_social=11, bounded_living_scans=1948, death_AmericanLobsterEntityForge_mob_by_CommonStingrayEntityForge=2, death_AtlanticCodEntityForge_mob_by_BlacktipReefSharkEntityForge=3, death_AtlanticCodEntityForge_mob_by_SandtigerSharkEntityForge=2, death_AtlanticSalmonEntityForge_mob_by_BlacktipReefSharkEntityForge=3, death_AtlanticSalmonEntityForge_mob_by_CommonThresherSharkEntityForge=2, death_AtlanticSalmonEntityForge_mob_by_OceanicWhitetipSharkEntityForge=1, death_AtlanticSalmonEntityForge_mob_by_ShortfinMakoSharkEntityForge=1, death_BlacktipReefSharkEntityForge_mob_by_ShortfinMakoSharkEntityForge=1, death_CommonOctopusEntityForge_mob_by_GreatHammerheadSharkEntityForge=1, death_CommonStingrayEntityForge_mob_by_GreatHammerheadSharkEntityForge=1, death_CommonStingrayEntityForge_mob_by_OceanicWhitetipSharkEntityForge=1, death_GreenSeaTurtleEntityForge_mob_by_TigerSharkEntityForge=1, living_deaths=19, navigation_calls=20888, sensor_calls=59825}	62	63
26400	1031350984	{AmericanLobsterEntityForge=10, AtlanticCodEntityForge=8, AtlanticSalmonEntityForge=8, BlackSeaNettleJellyfishEntityForge=1, BlacktipReefSharkEntityForge=3, BottlenoseDolphinEntityForge=4, CannonballJellyfishEntityForge=2, CaribbeanReefOctopusEntityForge=2, CommonOctopusEntityForge=3, CommonStingrayEntityForge=3, CommonThresherSharkEntityForge=1, GiantMorayEelEntityForge=4, GreatHammerheadSharkEntityForge=1, GreatWhiteSharkEntityForge=1, GreenSeaTurtleEntityForge=3, HarborSealEntityForge=3, NautilusEntityForge=1, OceanicWhitetipSharkEntityForge=1, OrcaEntityForge=1, SandtigerSharkEntityForge=1, ShortfinMakoSharkEntityForge=1, TigerSharkEntityForge=1}	{AmericanLobsterEntityForge=300, AtlanticCodEntityForge=300, AtlanticSalmonEntityForge=300, BlackSeaNettleJellyfishEntityForge=300, BlacktipReefSharkEntityForge=300, BottlenoseDolphinEntityForge=700, CannonballJellyfishEntityForge=300, CaribbeanReefOctopusEntityForge=300, CommonOctopusEntityForge=300, CommonStingrayEntityForge=300, CommonThresherSharkEntityForge=300, GiantMorayEelEntityForge=300, GreatHammerheadSharkEntityForge=300, GreatWhiteSharkEntityForge=299, GreenSeaTurtleEntityForge=300, HarborSealEntityForge=300, NautilusEntityForge=300, OceanicWhitetipSharkEntityForge=300, OrcaEntityForge=700, SandtigerSharkEntityForge=300, ShortfinMakoSharkEntityForge=300, TigerSharkEntityForge=300}	11	{action_escape=50, action_feed=338, action_habitat=18, action_social=11, bounded_living_scans=1957, death_AmericanLobsterEntityForge_mob_by_CommonStingrayEntityForge=2, death_AtlanticCodEntityForge_mob_by_BlacktipReefSharkEntityForge=3, death_AtlanticCodEntityForge_mob_by_SandtigerSharkEntityForge=2, death_AtlanticSalmonEntityForge_mob_by_BlacktipReefSharkEntityForge=3, death_AtlanticSalmonEntityForge_mob_by_CommonThresherSharkEntityForge=2, death_AtlanticSalmonEntityForge_mob_by_OceanicWhitetipSharkEntityForge=1, death_AtlanticSalmonEntityForge_mob_by_ShortfinMakoSharkEntityForge=1, death_BlacktipReefSharkEntityForge_mob_by_ShortfinMakoSharkEntityForge=1, death_CommonOctopusEntityForge_mob_by_GreatHammerheadSharkEntityForge=1, death_CommonStingrayEntityForge_mob_by_GreatHammerheadSharkEntityForge=1, death_CommonStingrayEntityForge_mob_by_OceanicWhitetipSharkEntityForge=1, death_GreenSeaTurtleEntityForge_mob_by_TigerSharkEntityForge=1, living_deaths=19, navigation_calls=21152, sensor_calls=60297}	61	63
26600	1150888648	{AmericanLobsterEntityForge=10, AtlanticCodEntityForge=8, AtlanticSalmonEntityForge=7, BlackSeaNettleJellyfishEntityForge=1, BlacktipReefSharkEntityForge=3, BottlenoseDolphinEntityForge=4, CannonballJellyfishEntityForge=2, CaribbeanReefOctopusEntityForge=2, CommonOctopusEntityForge=3, CommonStingrayEntityForge=3, CommonThresherSharkEntityForge=1, GiantMorayEelEntityForge=4, GreatHammerheadSharkEntityForge=1, GreatWhiteSharkEntityForge=1, GreenSeaTurtleEntityForge=3, HarborSealEntityForge=3, NautilusEntityForge=1, OceanicWhitetipSharkEntityForge=1, OrcaEntityForge=1, SandtigerSharkEntityForge=1, ShortfinMakoSharkEntityForge=1, TigerSharkEntityForge=1}	{AmericanLobsterEntityForge=300, AtlanticCodEntityForge=300, AtlanticSalmonEntityForge=300, BlackSeaNettleJellyfishEntityForge=300, BlacktipReefSharkEntityForge=300, BottlenoseDolphinEntityForge=700, CannonballJellyfishEntityForge=300, CaribbeanReefOctopusEntityForge=300, CommonOctopusEntityForge=300, CommonStingrayEntityForge=300, CommonThresherSharkEntityForge=300, GiantMorayEelEntityForge=300, GreatHammerheadSharkEntityForge=300, GreatWhiteSharkEntityForge=300, GreenSeaTurtleEntityForge=300, HarborSealEntityForge=300, NautilusEntityForge=300, OceanicWhitetipSharkEntityForge=300, OrcaEntityForge=700, SandtigerSharkEntityForge=300, ShortfinMakoSharkEntityForge=300, TigerSharkEntityForge=300}	11	{action_escape=51, action_feed=340, action_habitat=18, action_social=12, bounded_living_scans=1975, death_AmericanLobsterEntityForge_mob_by_CommonStingrayEntityForge=2, death_AtlanticCodEntityForge_mob_by_BlacktipReefSharkEntityForge=3, death_AtlanticCodEntityForge_mob_by_SandtigerSharkEntityForge=2, death_AtlanticSalmonEntityForge_mob_by_BlacktipReefSharkEntityForge=4, death_AtlanticSalmonEntityForge_mob_by_CommonThresherSharkEntityForge=2, death_AtlanticSalmonEntityForge_mob_by_OceanicWhitetipSharkEntityForge=1, death_AtlanticSalmonEntityForge_mob_by_ShortfinMakoSharkEntityForge=1, death_BlacktipReefSharkEntityForge_mob_by_ShortfinMakoSharkEntityForge=1, death_CommonOctopusEntityForge_mob_by_GreatHammerheadSharkEntityForge=1, death_CommonStingrayEntityForge_mob_by_GreatHammerheadSharkEntityForge=1, death_CommonStingrayEntityForge_mob_by_OceanicWhitetipSharkEntityForge=1, death_GreenSeaTurtleEntityForge_mob_by_TigerSharkEntityForge=1, living_deaths=20, navigation_calls=21462, sensor_calls=60737}	59	62
26800	1263086280	{AmericanLobsterEntityForge=10, AtlanticCodEntityForge=8, AtlanticSalmonEntityForge=8, BlackSeaNettleJellyfishEntityForge=1, BlacktipReefSharkEntityForge=3, BottlenoseDolphinEntityForge=4, CannonballJellyfishEntityForge=2, CaribbeanReefOctopusEntityForge=2, CommonOctopusEntityForge=3, CommonStingrayEntityForge=3, CommonThresherSharkEntityForge=1, GiantMorayEelEntityForge=4, GreatHammerheadSharkEntityForge=1, GreatWhiteSharkEntityForge=1, GreenSeaTurtleEntityForge=3, HarborSealEntityForge=3, NautilusEntityForge=1, OceanicWhitetipSharkEntityForge=1, OrcaEntityForge=1, SandtigerSharkEntityForge=1, ShortfinMakoSharkEntityForge=1, TigerSharkEntityForge=1}	{AmericanLobsterEntityForge=300, AtlanticCodEntityForge=300, AtlanticSalmonEntityForge=300, BlackSeaNettleJellyfishEntityForge=300, BlacktipReefSharkEntityForge=300, BottlenoseDolphinEntityForge=700, CannonballJellyfishEntityForge=300, CaribbeanReefOctopusEntityForge=300, CommonOctopusEntityForge=300, CommonStingrayEntityForge=300, CommonThresherSharkEntityForge=300, GiantMorayEelEntityForge=300, GreatHammerheadSharkEntityForge=300, GreatWhiteSharkEntityForge=300, GreenSeaTurtleEntityForge=300, HarborSealEntityForge=300, NautilusEntityForge=300, OceanicWhitetipSharkEntityForge=300, OrcaEntityForge=700, SandtigerSharkEntityForge=300, ShortfinMakoSharkEntityForge=300, TigerSharkEntityForge=300}	11	{action_escape=51, action_feed=341, action_habitat=18, action_social=12, bounded_living_scans=1984, death_AmericanLobsterEntityForge_mob_by_CommonStingrayEntityForge=2, death_AtlanticCodEntityForge_mob_by_BlacktipReefSharkEntityForge=3, death_AtlanticCodEntityForge_mob_by_SandtigerSharkEntityForge=2, death_AtlanticSalmonEntityForge_mob_by_BlacktipReefSharkEntityForge=4, death_AtlanticSalmonEntityForge_mob_by_CommonThresherSharkEntityForge=2, death_AtlanticSalmonEntityForge_mob_by_OceanicWhitetipSharkEntityForge=1, death_AtlanticSalmonEntityForge_mob_by_ShortfinMakoSharkEntityForge=1, death_BlacktipReefSharkEntityForge_mob_by_ShortfinMakoSharkEntityForge=1, death_CommonOctopusEntityForge_mob_by_GreatHammerheadSharkEntityForge=1, death_CommonStingrayEntityForge_mob_by_GreatHammerheadSharkEntityForge=1, death_CommonStingrayEntityForge_mob_by_OceanicWhitetipSharkEntityForge=1, death_GreenSeaTurtleEntityForge_mob_by_TigerSharkEntityForge=1, living_deaths=20, navigation_calls=21672, sensor_calls=61210}	61	63
27000	1368992456	{AmericanLobsterEntityForge=10, AtlanticCodEntityForge=8, AtlanticSalmonEntityForge=8, BlackSeaNettleJellyfishEntityForge=1, BlacktipReefSharkEntityForge=3, BottlenoseDolphinEntityForge=4, CannonballJellyfishEntityForge=2, CaribbeanReefOctopusEntityForge=2, CommonOctopusEntityForge=3, CommonStingrayEntityForge=3, CommonThresherSharkEntityForge=1, GiantMorayEelEntityForge=4, GreatHammerheadSharkEntityForge=1, GreatWhiteSharkEntityForge=1, GreenSeaTurtleEntityForge=3, HarborSealEntityForge=3, NautilusEntityForge=1, OceanicWhitetipSharkEntityForge=1, OrcaEntityForge=1, SandtigerSharkEntityForge=1, ShortfinMakoSharkEntityForge=1, TigerSharkEntityForge=1}	{AmericanLobsterEntityForge=300, AtlanticCodEntityForge=300, AtlanticSalmonEntityForge=300, BlackSeaNettleJellyfishEntityForge=300, BlacktipReefSharkEntityForge=300, BottlenoseDolphinEntityForge=700, CannonballJellyfishEntityForge=300, CaribbeanReefOctopusEntityForge=300, CommonOctopusEntityForge=300, CommonStingrayEntityForge=300, CommonThresherSharkEntityForge=300, GiantMorayEelEntityForge=300, GreatHammerheadSharkEntityForge=300, GreatWhiteSharkEntityForge=300, GreenSeaTurtleEntityForge=300, HarborSealEntityForge=300, NautilusEntityForge=300, OceanicWhitetipSharkEntityForge=300, OrcaEntityForge=700, SandtigerSharkEntityForge=300, ShortfinMakoSharkEntityForge=300, TigerSharkEntityForge=300}	11	{action_escape=52, action_feed=343, action_habitat=18, action_social=12, bounded_living_scans=2000, death_AmericanLobsterEntityForge_mob_by_CommonStingrayEntityForge=2, death_AtlanticCodEntityForge_mob_by_BlacktipReefSharkEntityForge=3, death_AtlanticCodEntityForge_mob_by_SandtigerSharkEntityForge=2, death_AtlanticSalmonEntityForge_mob_by_BlacktipReefSharkEntityForge=4, death_AtlanticSalmonEntityForge_mob_by_CommonThresherSharkEntityForge=2, death_AtlanticSalmonEntityForge_mob_by_OceanicWhitetipSharkEntityForge=1, death_AtlanticSalmonEntityForge_mob_by_ShortfinMakoSharkEntityForge=1, death_BlacktipReefSharkEntityForge_mob_by_ShortfinMakoSharkEntityForge=1, death_CommonOctopusEntityForge_mob_by_GreatHammerheadSharkEntityForge=1, death_CommonStingrayEntityForge_mob_by_GreatHammerheadSharkEntityForge=1, death_CommonStingrayEntityForge_mob_by_OceanicWhitetipSharkEntityForge=1, death_GreenSeaTurtleEntityForge_mob_by_TigerSharkEntityForge=1, living_deaths=20, navigation_calls=21859, sensor_calls=61649}	60	63
27200	1478044360	{AmericanLobsterEntityForge=10, AtlanticCodEntityForge=8, AtlanticSalmonEntityForge=8, BlackSeaNettleJellyfishEntityForge=1, BlacktipReefSharkEntityForge=3, BottlenoseDolphinEntityForge=4, CannonballJellyfishEntityForge=2, CaribbeanReefOctopusEntityForge=2, CommonOctopusEntityForge=3, CommonStingrayEntityForge=3, CommonThresherSharkEntityForge=1, GiantMorayEelEntityForge=4, GreatHammerheadSharkEntityForge=1, GreatWhiteSharkEntityForge=1, GreenSeaTurtleEntityForge=3, HarborSealEntityForge=3, NautilusEntityForge=1, OceanicWhitetipSharkEntityForge=1, OrcaEntityForge=1, SandtigerSharkEntityForge=1, ShortfinMakoSharkEntityForge=1, TigerSharkEntityForge=1}	{AmericanLobsterEntityForge=300, AtlanticCodEntityForge=300, AtlanticSalmonEntityForge=300, BlackSeaNettleJellyfishEntityForge=300, BlacktipReefSharkEntityForge=300, BottlenoseDolphinEntityForge=700, CannonballJellyfishEntityForge=300, CaribbeanReefOctopusEntityForge=300, CommonOctopusEntityForge=300, CommonStingrayEntityForge=300, CommonThresherSharkEntityForge=300, GiantMorayEelEntityForge=300, GreatHammerheadSharkEntityForge=300, GreatWhiteSharkEntityForge=300, GreenSeaTurtleEntityForge=300, HarborSealEntityForge=300, NautilusEntityForge=300, OceanicWhitetipSharkEntityForge=300, OrcaEntityForge=700, SandtigerSharkEntityForge=300, ShortfinMakoSharkEntityForge=300, TigerSharkEntityForge=300}	11	{action_escape=52, action_feed=346, action_habitat=18, action_social=12, bounded_living_scans=2013, death_AmericanLobsterEntityForge_mob_by_CommonStingrayEntityForge=2, death_AtlanticCodEntityForge_mob_by_BlacktipReefSharkEntityForge=3, death_AtlanticCodEntityForge_mob_by_SandtigerSharkEntityForge=2, death_AtlanticSalmonEntityForge_mob_by_BlacktipReefSharkEntityForge=4, death_AtlanticSalmonEntityForge_mob_by_CommonThresherSharkEntityForge=2, death_AtlanticSalmonEntityForge_mob_by_OceanicWhitetipSharkEntityForge=1, death_AtlanticSalmonEntityForge_mob_by_ShortfinMakoSharkEntityForge=1, death_BlacktipReefSharkEntityForge_mob_by_ShortfinMakoSharkEntityForge=1, death_CommonOctopusEntityForge_mob_by_GreatHammerheadSharkEntityForge=1, death_CommonStingrayEntityForge_mob_by_GreatHammerheadSharkEntityForge=1, death_CommonStingrayEntityForge_mob_by_OceanicWhitetipSharkEntityForge=1, death_GreenSeaTurtleEntityForge_mob_by_TigerSharkEntityForge=1, living_deaths=20, navigation_calls=22062, sensor_calls=62124}	62	63
27400	305840784	{AmericanLobsterEntityForge=10, AtlanticCodEntityForge=8, AtlanticSalmonEntityForge=8, BlackSeaNettleJellyfishEntityForge=1, BlacktipReefSharkEntityForge=3, BottlenoseDolphinEntityForge=4, CannonballJellyfishEntityForge=2, CaribbeanReefOctopusEntityForge=2, CommonOctopusEntityForge=3, CommonStingrayEntityForge=3, CommonThresherSharkEntityForge=1, GiantMorayEelEntityForge=4, GreatHammerheadSharkEntityForge=1, GreatWhiteSharkEntityForge=1, GreenSeaTurtleEntityForge=3, HarborSealEntityForge=3, NautilusEntityForge=1, OceanicWhitetipSharkEntityForge=1, OrcaEntityForge=1, SandtigerSharkEntityForge=1, ShortfinMakoSharkEntityForge=1, TigerSharkEntityForge=1}	{AmericanLobsterEntityForge=300, AtlanticCodEntityForge=300, AtlanticSalmonEntityForge=300, BlackSeaNettleJellyfishEntityForge=300, BlacktipReefSharkEntityForge=300, BottlenoseDolphinEntityForge=700, CannonballJellyfishEntityForge=300, CaribbeanReefOctopusEntityForge=300, CommonOctopusEntityForge=300, CommonStingrayEntityForge=300, CommonThresherSharkEntityForge=300, GiantMorayEelEntityForge=300, GreatHammerheadSharkEntityForge=300, GreatWhiteSharkEntityForge=300, GreenSeaTurtleEntityForge=300, HarborSealEntityForge=300, NautilusEntityForge=300, OceanicWhitetipSharkEntityForge=300, OrcaEntityForge=700, SandtigerSharkEntityForge=300, ShortfinMakoSharkEntityForge=300, TigerSharkEntityForge=300}	11	{action_escape=52, action_feed=348, action_habitat=18, action_social=12, bounded_living_scans=2030, death_AmericanLobsterEntityForge_mob_by_CommonStingrayEntityForge=2, death_AtlanticCodEntityForge_mob_by_BlacktipReefSharkEntityForge=3, death_AtlanticCodEntityForge_mob_by_SandtigerSharkEntityForge=2, death_AtlanticSalmonEntityForge_mob_by_BlacktipReefSharkEntityForge=4, death_AtlanticSalmonEntityForge_mob_by_CommonThresherSharkEntityForge=2, death_AtlanticSalmonEntityForge_mob_by_OceanicWhitetipSharkEntityForge=1, death_AtlanticSalmonEntityForge_mob_by_ShortfinMakoSharkEntityForge=1, death_BlacktipReefSharkEntityForge_mob_by_ShortfinMakoSharkEntityForge=1, death_CommonOctopusEntityForge_mob_by_GreatHammerheadSharkEntityForge=1, death_CommonStingrayEntityForge_mob_by_GreatHammerheadSharkEntityForge=1, death_CommonStingrayEntityForge_mob_by_OceanicWhitetipSharkEntityForge=1, death_GreenSeaTurtleEntityForge_mob_by_TigerSharkEntityForge=1, living_deaths=20, navigation_calls=22263, sensor_calls=62561}	61	63
27600	312952256	{AmericanLobsterEntityForge=10, AtlanticCodEntityForge=8, AtlanticSalmonEntityForge=8, BlackSeaNettleJellyfishEntityForge=1, BlacktipReefSharkEntityForge=3, BottlenoseDolphinEntityForge=4, CannonballJellyfishEntityForge=2, CaribbeanReefOctopusEntityForge=2, CommonOctopusEntityForge=3, CommonStingrayEntityForge=3, CommonThresherSharkEntityForge=1, GiantMorayEelEntityForge=4, GreatHammerheadSharkEntityForge=1, GreatWhiteSharkEntityForge=1, GreenSeaTurtleEntityForge=3, HarborSealEntityForge=3, NautilusEntityForge=1, OceanicWhitetipSharkEntityForge=1, OrcaEntityForge=1, SandtigerSharkEntityForge=1, ShortfinMakoSharkEntityForge=1, TigerSharkEntityForge=1}	{AmericanLobsterEntityForge=300, AtlanticCodEntityForge=300, AtlanticSalmonEntityForge=300, BlackSeaNettleJellyfishEntityForge=300, BlacktipReefSharkEntityForge=300, BottlenoseDolphinEntityForge=700, CannonballJellyfishEntityForge=300, CaribbeanReefOctopusEntityForge=300, CommonOctopusEntityForge=300, CommonStingrayEntityForge=300, CommonThresherSharkEntityForge=300, GiantMorayEelEntityForge=300, GreatHammerheadSharkEntityForge=300, GreatWhiteSharkEntityForge=300, GreenSeaTurtleEntityForge=300, HarborSealEntityForge=300, NautilusEntityForge=300, OceanicWhitetipSharkEntityForge=300, OrcaEntityForge=700, SandtigerSharkEntityForge=300, ShortfinMakoSharkEntityForge=300, TigerSharkEntityForge=300}	11	{action_escape=52, action_feed=349, action_habitat=18, action_social=12, bounded_living_scans=2043, death_AmericanLobsterEntityForge_mob_by_CommonStingrayEntityForge=2, death_AtlanticCodEntityForge_mob_by_BlacktipReefSharkEntityForge=3, death_AtlanticCodEntityForge_mob_by_SandtigerSharkEntityForge=2, death_AtlanticSalmonEntityForge_mob_by_BlacktipReefSharkEntityForge=4, death_AtlanticSalmonEntityForge_mob_by_CommonThresherSharkEntityForge=2, death_AtlanticSalmonEntityForge_mob_by_OceanicWhitetipSharkEntityForge=1, death_AtlanticSalmonEntityForge_mob_by_ShortfinMakoSharkEntityForge=1, death_BlacktipReefSharkEntityForge_mob_by_ShortfinMakoSharkEntityForge=1, death_CommonOctopusEntityForge_mob_by_GreatHammerheadSharkEntityForge=1, death_CommonStingrayEntityForge_mob_by_GreatHammerheadSharkEntityForge=1, death_CommonStingrayEntityForge_mob_by_OceanicWhitetipSharkEntityForge=1, death_GreenSeaTurtleEntityForge_mob_by_TigerSharkEntityForge=1, living_deaths=20, navigation_calls=22470, sensor_calls=63036}	62	63
27800	426198464	{AmericanLobsterEntityForge=10, AtlanticCodEntityForge=8, AtlanticSalmonEntityForge=8, BlackSeaNettleJellyfishEntityForge=1, BlacktipReefSharkEntityForge=3, BottlenoseDolphinEntityForge=4, CannonballJellyfishEntityForge=2, CaribbeanReefOctopusEntityForge=2, CommonOctopusEntityForge=3, CommonStingrayEntityForge=3, CommonThresherSharkEntityForge=1, GiantMorayEelEntityForge=4, GreatHammerheadSharkEntityForge=1, GreatWhiteSharkEntityForge=1, GreenSeaTurtleEntityForge=3, HarborSealEntityForge=3, NautilusEntityForge=1, OceanicWhitetipSharkEntityForge=1, OrcaEntityForge=1, SandtigerSharkEntityForge=1, ShortfinMakoSharkEntityForge=1, TigerSharkEntityForge=1}	{AmericanLobsterEntityForge=300, AtlanticCodEntityForge=300, AtlanticSalmonEntityForge=300, BlackSeaNettleJellyfishEntityForge=300, BlacktipReefSharkEntityForge=300, BottlenoseDolphinEntityForge=700, CannonballJellyfishEntityForge=300, CaribbeanReefOctopusEntityForge=300, CommonOctopusEntityForge=300, CommonStingrayEntityForge=300, CommonThresherSharkEntityForge=300, GiantMorayEelEntityForge=300, GreatHammerheadSharkEntityForge=300, GreatWhiteSharkEntityForge=300, GreenSeaTurtleEntityForge=300, HarborSealEntityForge=300, NautilusEntityForge=300, OceanicWhitetipSharkEntityForge=300, OrcaEntityForge=700, SandtigerSharkEntityForge=300, ShortfinMakoSharkEntityForge=300, TigerSharkEntityForge=300}	11	{action_escape=52, action_feed=351, action_habitat=18, action_social=13, bounded_living_scans=2060, death_AmericanLobsterEntityForge_mob_by_CommonStingrayEntityForge=2, death_AtlanticCodEntityForge_mob_by_BlacktipReefSharkEntityForge=3, death_AtlanticCodEntityForge_mob_by_SandtigerSharkEntityForge=2, death_AtlanticSalmonEntityForge_mob_by_BlacktipReefSharkEntityForge=4, death_AtlanticSalmonEntityForge_mob_by_CommonThresherSharkEntityForge=2, death_AtlanticSalmonEntityForge_mob_by_OceanicWhitetipSharkEntityForge=1, death_AtlanticSalmonEntityForge_mob_by_ShortfinMakoSharkEntityForge=1, death_BlacktipReefSharkEntityForge_mob_by_ShortfinMakoSharkEntityForge=1, death_CommonOctopusEntityForge_mob_by_GreatHammerheadSharkEntityForge=1, death_CommonStingrayEntityForge_mob_by_GreatHammerheadSharkEntityForge=1, death_CommonStingrayEntityForge_mob_by_OceanicWhitetipSharkEntityForge=1, death_GreenSeaTurtleEntityForge_mob_by_TigerSharkEntityForge=1, living_deaths=20, navigation_calls=22699, sensor_calls=63473}	62	63
28000	530007488	{AmericanLobsterEntityForge=10, AtlanticCodEntityForge=8, AtlanticSalmonEntityForge=8, BlackSeaNettleJellyfishEntityForge=1, BlacktipReefSharkEntityForge=2, BottlenoseDolphinEntityForge=4, CannonballJellyfishEntityForge=2, CaribbeanReefOctopusEntityForge=1, CommonOctopusEntityForge=3, CommonStingrayEntityForge=3, CommonThresherSharkEntityForge=1, GiantMorayEelEntityForge=4, GreatHammerheadSharkEntityForge=1, GreatWhiteSharkEntityForge=1, GreenSeaTurtleEntityForge=3, HarborSealEntityForge=3, NautilusEntityForge=1, OceanicWhitetipSharkEntityForge=1, OrcaEntityForge=1, SandtigerSharkEntityForge=1, ShortfinMakoSharkEntityForge=1, TigerSharkEntityForge=1}	{AmericanLobsterEntityForge=300, AtlanticCodEntityForge=300, AtlanticSalmonEntityForge=300, BlackSeaNettleJellyfishEntityForge=300, BlacktipReefSharkEntityForge=300, BottlenoseDolphinEntityForge=700, CannonballJellyfishEntityForge=300, CaribbeanReefOctopusEntityForge=300, CommonOctopusEntityForge=300, CommonStingrayEntityForge=300, CommonThresherSharkEntityForge=300, GiantMorayEelEntityForge=300, GreatHammerheadSharkEntityForge=300, GreatWhiteSharkEntityForge=300, GreenSeaTurtleEntityForge=300, HarborSealEntityForge=300, NautilusEntityForge=300, OceanicWhitetipSharkEntityForge=300, OrcaEntityForge=700, SandtigerSharkEntityForge=300, ShortfinMakoSharkEntityForge=300, TigerSharkEntityForge=300}	11	{action_escape=54, action_feed=353, action_habitat=18, action_social=13, bounded_living_scans=2072, death_AmericanLobsterEntityForge_mob_by_CommonStingrayEntityForge=2, death_AtlanticCodEntityForge_mob_by_BlacktipReefSharkEntityForge=3, death_AtlanticCodEntityForge_mob_by_SandtigerSharkEntityForge=2, death_AtlanticSalmonEntityForge_mob_by_BlacktipReefSharkEntityForge=4, death_AtlanticSalmonEntityForge_mob_by_CommonThresherSharkEntityForge=2, death_AtlanticSalmonEntityForge_mob_by_OceanicWhitetipSharkEntityForge=1, death_AtlanticSalmonEntityForge_mob_by_ShortfinMakoSharkEntityForge=1, death_BlacktipReefSharkEntityForge_mob_by_ShortfinMakoSharkEntityForge=1, death_BlacktipReefSharkEntityForge_mob_by_TigerSharkEntityForge=1, death_CaribbeanReefOctopusEntityForge_mob_by_CommonStingrayEntityForge=1, death_CommonOctopusEntityForge_mob_by_GreatHammerheadSharkEntityForge=1, death_CommonStingrayEntityForge_mob_by_GreatHammerheadSharkEntityForge=1, death_CommonStingrayEntityForge_mob_by_OceanicWhitetipSharkEntityForge=1, death_GreenSeaTurtleEntityForge_mob_by_TigerSharkEntityForge=1, living_deaths=22, navigation_calls=22912, sensor_calls=63937}	59	61
28200	638010816	{AmericanLobsterEntityForge=10, AtlanticCodEntityForge=8, AtlanticSalmonEntityForge=8, BlackSeaNettleJellyfishEntityForge=1, BlacktipReefSharkEntityForge=3, BottlenoseDolphinEntityForge=4, CannonballJellyfishEntityForge=2, CaribbeanReefOctopusEntityForge=2, CommonOctopusEntityForge=3, CommonStingrayEntityForge=3, CommonThresherSharkEntityForge=1, GiantMorayEelEntityForge=4, GreatHammerheadSharkEntityForge=1, GreatWhiteSharkEntityForge=1, GreenSeaTurtleEntityForge=3, HarborSealEntityForge=3, NautilusEntityForge=1, OceanicWhitetipSharkEntityForge=1, OrcaEntityForge=1, SandtigerSharkEntityForge=1, ShortfinMakoSharkEntityForge=1, TigerSharkEntityForge=1}	{AmericanLobsterEntityForge=300, AtlanticCodEntityForge=300, AtlanticSalmonEntityForge=300, BlackSeaNettleJellyfishEntityForge=300, BlacktipReefSharkEntityForge=300, BottlenoseDolphinEntityForge=700, CannonballJellyfishEntityForge=300, CaribbeanReefOctopusEntityForge=300, CommonOctopusEntityForge=300, CommonStingrayEntityForge=300, CommonThresherSharkEntityForge=300, GiantMorayEelEntityForge=300, GreatHammerheadSharkEntityForge=300, GreatWhiteSharkEntityForge=300, GreenSeaTurtleEntityForge=300, HarborSealEntityForge=300, NautilusEntityForge=300, OceanicWhitetipSharkEntityForge=300, OrcaEntityForge=700, SandtigerSharkEntityForge=300, ShortfinMakoSharkEntityForge=300, TigerSharkEntityForge=300}	11	{action_escape=54, action_feed=358, action_habitat=18, action_social=13, bounded_living_scans=2091, death_AmericanLobsterEntityForge_mob_by_CommonStingrayEntityForge=2, death_AtlanticCodEntityForge_mob_by_BlacktipReefSharkEntityForge=3, death_AtlanticCodEntityForge_mob_by_SandtigerSharkEntityForge=2, death_AtlanticSalmonEntityForge_mob_by_BlacktipReefSharkEntityForge=4, death_AtlanticSalmonEntityForge_mob_by_CommonThresherSharkEntityForge=2, death_AtlanticSalmonEntityForge_mob_by_OceanicWhitetipSharkEntityForge=1, death_AtlanticSalmonEntityForge_mob_by_ShortfinMakoSharkEntityForge=1, death_BlacktipReefSharkEntityForge_mob_by_ShortfinMakoSharkEntityForge=1, death_BlacktipReefSharkEntityForge_mob_by_TigerSharkEntityForge=1, death_CaribbeanReefOctopusEntityForge_mob_by_CommonStingrayEntityForge=1, death_CommonOctopusEntityForge_mob_by_GreatHammerheadSharkEntityForge=1, death_CommonStingrayEntityForge_mob_by_GreatHammerheadSharkEntityForge=1, death_CommonStingrayEntityForge_mob_by_OceanicWhitetipSharkEntityForge=1, death_GreenSeaTurtleEntityForge_mob_by_TigerSharkEntityForge=1, living_deaths=22, navigation_calls=23107, sensor_calls=64413}	60	63
28400	740771264	{AmericanLobsterEntityForge=10, AtlanticCodEntityForge=8, AtlanticSalmonEntityForge=8, BlackSeaNettleJellyfishEntityForge=1, BlacktipReefSharkEntityForge=3, BottlenoseDolphinEntityForge=4, CannonballJellyfishEntityForge=2, CaribbeanReefOctopusEntityForge=2, CommonOctopusEntityForge=3, CommonStingrayEntityForge=3, CommonThresherSharkEntityForge=1, GiantMorayEelEntityForge=4, GreatHammerheadSharkEntityForge=1, GreatWhiteSharkEntityForge=1, GreenSeaTurtleEntityForge=3, HarborSealEntityForge=3, NautilusEntityForge=1, OceanicWhitetipSharkEntityForge=1, OrcaEntityForge=1, SandtigerSharkEntityForge=1, ShortfinMakoSharkEntityForge=1, TigerSharkEntityForge=1}	{AmericanLobsterEntityForge=300, AtlanticCodEntityForge=300, AtlanticSalmonEntityForge=300, BlackSeaNettleJellyfishEntityForge=300, BlacktipReefSharkEntityForge=300, BottlenoseDolphinEntityForge=700, CannonballJellyfishEntityForge=300, CaribbeanReefOctopusEntityForge=300, CommonOctopusEntityForge=300, CommonStingrayEntityForge=300, CommonThresherSharkEntityForge=300, GiantMorayEelEntityForge=300, GreatHammerheadSharkEntityForge=300, GreatWhiteSharkEntityForge=300, GreenSeaTurtleEntityForge=300, HarborSealEntityForge=300, NautilusEntityForge=300, OceanicWhitetipSharkEntityForge=300, OrcaEntityForge=700, SandtigerSharkEntityForge=300, ShortfinMakoSharkEntityForge=300, TigerSharkEntityForge=300}	11	{action_escape=54, action_feed=359, action_habitat=18, action_social=13, bounded_living_scans=2101, death_AmericanLobsterEntityForge_mob_by_CommonStingrayEntityForge=2, death_AtlanticCodEntityForge_mob_by_BlacktipReefSharkEntityForge=3, death_AtlanticCodEntityForge_mob_by_SandtigerSharkEntityForge=2, death_AtlanticSalmonEntityForge_mob_by_BlacktipReefSharkEntityForge=4, death_AtlanticSalmonEntityForge_mob_by_CommonThresherSharkEntityForge=2, death_AtlanticSalmonEntityForge_mob_by_OceanicWhitetipSharkEntityForge=1, death_AtlanticSalmonEntityForge_mob_by_ShortfinMakoSharkEntityForge=1, death_BlacktipReefSharkEntityForge_mob_by_ShortfinMakoSharkEntityForge=1, death_BlacktipReefSharkEntityForge_mob_by_TigerSharkEntityForge=1, death_CaribbeanReefOctopusEntityForge_mob_by_CommonStingrayEntityForge=1, death_CommonOctopusEntityForge_mob_by_GreatHammerheadSharkEntityForge=1, death_CommonStingrayEntityForge_mob_by_GreatHammerheadSharkEntityForge=1, death_CommonStingrayEntityForge_mob_by_OceanicWhitetipSharkEntityForge=1, death_GreenSeaTurtleEntityForge_mob_by_TigerSharkEntityForge=1, living_deaths=22, navigation_calls=23310, sensor_calls=64849}	62	63
28600	845628864	{AmericanLobsterEntityForge=10, AtlanticCodEntityForge=8, AtlanticSalmonEntityForge=8, BlackSeaNettleJellyfishEntityForge=1, BlacktipReefSharkEntityForge=3, BottlenoseDolphinEntityForge=4, CannonballJellyfishEntityForge=2, CaribbeanReefOctopusEntityForge=2, CommonOctopusEntityForge=3, CommonStingrayEntityForge=3, CommonThresherSharkEntityForge=1, GiantMorayEelEntityForge=4, GreatHammerheadSharkEntityForge=1, GreatWhiteSharkEntityForge=1, GreenSeaTurtleEntityForge=3, HarborSealEntityForge=3, NautilusEntityForge=1, OceanicWhitetipSharkEntityForge=1, OrcaEntityForge=1, SandtigerSharkEntityForge=1, ShortfinMakoSharkEntityForge=1, TigerSharkEntityForge=1}	{AmericanLobsterEntityForge=300, AtlanticCodEntityForge=300, AtlanticSalmonEntityForge=300, BlackSeaNettleJellyfishEntityForge=300, BlacktipReefSharkEntityForge=300, BottlenoseDolphinEntityForge=700, CannonballJellyfishEntityForge=300, CaribbeanReefOctopusEntityForge=300, CommonOctopusEntityForge=300, CommonStingrayEntityForge=300, CommonThresherSharkEntityForge=300, GiantMorayEelEntityForge=300, GreatHammerheadSharkEntityForge=300, GreatWhiteSharkEntityForge=300, GreenSeaTurtleEntityForge=300, HarborSealEntityForge=300, NautilusEntityForge=300, OceanicWhitetipSharkEntityForge=300, OrcaEntityForge=700, SandtigerSharkEntityForge=300, ShortfinMakoSharkEntityForge=300, TigerSharkEntityForge=300}	11	{action_escape=55, action_feed=360, action_habitat=18, action_social=13, bounded_living_scans=2117, death_AmericanLobsterEntityForge_mob_by_CommonStingrayEntityForge=2, death_AtlanticCodEntityForge_mob_by_BlacktipReefSharkEntityForge=3, death_AtlanticCodEntityForge_mob_by_SandtigerSharkEntityForge=2, death_AtlanticSalmonEntityForge_mob_by_BlacktipReefSharkEntityForge=4, death_AtlanticSalmonEntityForge_mob_by_CommonThresherSharkEntityForge=2, death_AtlanticSalmonEntityForge_mob_by_OceanicWhitetipSharkEntityForge=1, death_AtlanticSalmonEntityForge_mob_by_ShortfinMakoSharkEntityForge=1, death_BlacktipReefSharkEntityForge_mob_by_ShortfinMakoSharkEntityForge=1, death_BlacktipReefSharkEntityForge_mob_by_TigerSharkEntityForge=1, death_CaribbeanReefOctopusEntityForge_mob_by_CommonStingrayEntityForge=1, death_CommonOctopusEntityForge_mob_by_GreatHammerheadSharkEntityForge=1, death_CommonStingrayEntityForge_mob_by_GreatHammerheadSharkEntityForge=1, death_CommonStingrayEntityForge_mob_by_OceanicWhitetipSharkEntityForge=1, death_GreenSeaTurtleEntityForge_mob_by_TigerSharkEntityForge=1, living_deaths=22, navigation_calls=23483, sensor_calls=65325}	61	63
28800	953632192	{AmericanLobsterEntityForge=9, AtlanticCodEntityForge=8, AtlanticSalmonEntityForge=8, BlackSeaNettleJellyfishEntityForge=1, BlacktipReefSharkEntityForge=3, BottlenoseDolphinEntityForge=4, CannonballJellyfishEntityForge=2, CaribbeanReefOctopusEntityForge=2, CommonOctopusEntityForge=3, CommonStingrayEntityForge=3, CommonThresherSharkEntityForge=1, GiantMorayEelEntityForge=4, GreatHammerheadSharkEntityForge=1, GreatWhiteSharkEntityForge=1, GreenSeaTurtleEntityForge=3, HarborSealEntityForge=3, NautilusEntityForge=1, OceanicWhitetipSharkEntityForge=1, OrcaEntityForge=1, SandtigerSharkEntityForge=1, ShortfinMakoSharkEntityForge=1, TigerSharkEntityForge=1}	{AmericanLobsterEntityForge=300, AtlanticCodEntityForge=300, AtlanticSalmonEntityForge=300, BlackSeaNettleJellyfishEntityForge=300, BlacktipReefSharkEntityForge=300, BottlenoseDolphinEntityForge=700, CannonballJellyfishEntityForge=300, CaribbeanReefOctopusEntityForge=300, CommonOctopusEntityForge=300, CommonStingrayEntityForge=300, CommonThresherSharkEntityForge=300, GiantMorayEelEntityForge=300, GreatHammerheadSharkEntityForge=300, GreatWhiteSharkEntityForge=300, GreenSeaTurtleEntityForge=300, HarborSealEntityForge=300, NautilusEntityForge=300, OceanicWhitetipSharkEntityForge=300, OrcaEntityForge=700, SandtigerSharkEntityForge=300, ShortfinMakoSharkEntityForge=300, TigerSharkEntityForge=300}	11	{action_escape=55, action_feed=362, action_habitat=18, action_social=13, bounded_living_scans=2126, death_AmericanLobsterEntityForge_mob_by_CommonStingrayEntityForge=2, death_AmericanLobsterEntityForge_mob_by_SandtigerSharkEntityForge=1, death_AtlanticCodEntityForge_mob_by_BlacktipReefSharkEntityForge=3, death_AtlanticCodEntityForge_mob_by_SandtigerSharkEntityForge=2, death_AtlanticSalmonEntityForge_mob_by_BlacktipReefSharkEntityForge=4, death_AtlanticSalmonEntityForge_mob_by_CommonThresherSharkEntityForge=2, death_AtlanticSalmonEntityForge_mob_by_OceanicWhitetipSharkEntityForge=1, death_AtlanticSalmonEntityForge_mob_by_ShortfinMakoSharkEntityForge=1, death_BlacktipReefSharkEntityForge_mob_by_ShortfinMakoSharkEntityForge=1, death_BlacktipReefSharkEntityForge_mob_by_TigerSharkEntityForge=1, death_CaribbeanReefOctopusEntityForge_mob_by_CommonStingrayEntityForge=1, death_CommonOctopusEntityForge_mob_by_GreatHammerheadSharkEntityForge=1, death_CommonStingrayEntityForge_mob_by_GreatHammerheadSharkEntityForge=1, death_CommonStingrayEntityForge_mob_by_OceanicWhitetipSharkEntityForge=1, death_GreenSeaTurtleEntityForge_mob_by_TigerSharkEntityForge=1, living_deaths=23, navigation_calls=23665, sensor_calls=65759}	62	62
29000	1066878400	{AmericanLobsterEntityForge=10, AtlanticCodEntityForge=8, AtlanticSalmonEntityForge=8, BlackSeaNettleJellyfishEntityForge=1, BlacktipReefSharkEntityForge=3, BottlenoseDolphinEntityForge=4, CannonballJellyfishEntityForge=2, CaribbeanReefOctopusEntityForge=2, CommonOctopusEntityForge=3, CommonStingrayEntityForge=3, CommonThresherSharkEntityForge=1, GiantMorayEelEntityForge=4, GreatHammerheadSharkEntityForge=1, GreatWhiteSharkEntityForge=1, GreenSeaTurtleEntityForge=3, HarborSealEntityForge=3, NautilusEntityForge=1, OceanicWhitetipSharkEntityForge=1, OrcaEntityForge=1, SandtigerSharkEntityForge=1, ShortfinMakoSharkEntityForge=1, TigerSharkEntityForge=1}	{AmericanLobsterEntityForge=300, AtlanticCodEntityForge=300, AtlanticSalmonEntityForge=300, BlackSeaNettleJellyfishEntityForge=300, BlacktipReefSharkEntityForge=300, BottlenoseDolphinEntityForge=700, CannonballJellyfishEntityForge=300, CaribbeanReefOctopusEntityForge=300, CommonOctopusEntityForge=300, CommonStingrayEntityForge=300, CommonThresherSharkEntityForge=300, GiantMorayEelEntityForge=300, GreatHammerheadSharkEntityForge=300, GreatWhiteSharkEntityForge=300, GreenSeaTurtleEntityForge=300, HarborSealEntityForge=300, NautilusEntityForge=300, OceanicWhitetipSharkEntityForge=300, OrcaEntityForge=700, SandtigerSharkEntityForge=300, ShortfinMakoSharkEntityForge=300, TigerSharkEntityForge=300}	11	{action_escape=55, action_feed=366, action_habitat=18, action_social=13, bounded_living_scans=2146, death_AmericanLobsterEntityForge_mob_by_CommonStingrayEntityForge=2, death_AmericanLobsterEntityForge_mob_by_SandtigerSharkEntityForge=1, death_AtlanticCodEntityForge_mob_by_BlacktipReefSharkEntityForge=3, death_AtlanticCodEntityForge_mob_by_SandtigerSharkEntityForge=2, death_AtlanticSalmonEntityForge_mob_by_BlacktipReefSharkEntityForge=4, death_AtlanticSalmonEntityForge_mob_by_CommonThresherSharkEntityForge=2, death_AtlanticSalmonEntityForge_mob_by_OceanicWhitetipSharkEntityForge=1, death_AtlanticSalmonEntityForge_mob_by_ShortfinMakoSharkEntityForge=1, death_BlacktipReefSharkEntityForge_mob_by_ShortfinMakoSharkEntityForge=1, death_BlacktipReefSharkEntityForge_mob_by_TigerSharkEntityForge=1, death_CaribbeanReefOctopusEntityForge_mob_by_CommonStingrayEntityForge=1, death_CommonOctopusEntityForge_mob_by_GreatHammerheadSharkEntityForge=1, death_CommonStingrayEntityForge_mob_by_GreatHammerheadSharkEntityForge=1, death_CommonStingrayEntityForge_mob_by_OceanicWhitetipSharkEntityForge=1, death_GreenSeaTurtleEntityForge_mob_by_TigerSharkEntityForge=1, living_deaths=23, navigation_calls=23831, sensor_calls=66232}	61	63
29200	1175930304	{AmericanLobsterEntityForge=10, AtlanticCodEntityForge=8, AtlanticSalmonEntityForge=8, BlackSeaNettleJellyfishEntityForge=1, BlacktipReefSharkEntityForge=3, BottlenoseDolphinEntityForge=4, CannonballJellyfishEntityForge=2, CaribbeanReefOctopusEntityForge=2, CommonOctopusEntityForge=3, CommonStingrayEntityForge=3, CommonThresherSharkEntityForge=1, GiantMorayEelEntityForge=4, GreatHammerheadSharkEntityForge=1, GreatWhiteSharkEntityForge=1, GreenSeaTurtleEntityForge=3, HarborSealEntityForge=3, NautilusEntityForge=1, OceanicWhitetipSharkEntityForge=1, OrcaEntityForge=1, SandtigerSharkEntityForge=1, ShortfinMakoSharkEntityForge=1, TigerSharkEntityForge=1}	{AmericanLobsterEntityForge=300, AtlanticCodEntityForge=300, AtlanticSalmonEntityForge=300, BlackSeaNettleJellyfishEntityForge=300, BlacktipReefSharkEntityForge=300, BottlenoseDolphinEntityForge=700, CannonballJellyfishEntityForge=300, CaribbeanReefOctopusEntityForge=300, CommonOctopusEntityForge=300, CommonStingrayEntityForge=300, CommonThresherSharkEntityForge=300, GiantMorayEelEntityForge=300, GreatHammerheadSharkEntityForge=300, GreatWhiteSharkEntityForge=300, GreenSeaTurtleEntityForge=300, HarborSealEntityForge=300, NautilusEntityForge=300, OceanicWhitetipSharkEntityForge=300, OrcaEntityForge=700, SandtigerSharkEntityForge=300, ShortfinMakoSharkEntityForge=300, TigerSharkEntityForge=300}	11	{action_escape=55, action_feed=368, action_habitat=18, action_social=13, bounded_living_scans=2159, death_AmericanLobsterEntityForge_mob_by_CommonStingrayEntityForge=2, death_AmericanLobsterEntityForge_mob_by_SandtigerSharkEntityForge=1, death_AtlanticCodEntityForge_mob_by_BlacktipReefSharkEntityForge=3, death_AtlanticCodEntityForge_mob_by_SandtigerSharkEntityForge=2, death_AtlanticSalmonEntityForge_mob_by_BlacktipReefSharkEntityForge=4, death_AtlanticSalmonEntityForge_mob_by_CommonThresherSharkEntityForge=2, death_AtlanticSalmonEntityForge_mob_by_OceanicWhitetipSharkEntityForge=1, death_AtlanticSalmonEntityForge_mob_by_ShortfinMakoSharkEntityForge=1, death_BlacktipReefSharkEntityForge_mob_by_ShortfinMakoSharkEntityForge=1, death_BlacktipReefSharkEntityForge_mob_by_TigerSharkEntityForge=1, death_CaribbeanReefOctopusEntityForge_mob_by_CommonStingrayEntityForge=1, death_CommonOctopusEntityForge_mob_by_GreatHammerheadSharkEntityForge=1, death_CommonStingrayEntityForge_mob_by_GreatHammerheadSharkEntityForge=1, death_CommonStingrayEntityForge_mob_by_OceanicWhitetipSharkEntityForge=1, death_GreenSeaTurtleEntityForge_mob_by_TigerSharkEntityForge=1, living_deaths=23, navigation_calls=23956, sensor_calls=66671}	59	63
29400	1281836480	{AmericanLobsterEntityForge=10, AtlanticCodEntityForge=8, AtlanticSalmonEntityForge=8, BlackSeaNettleJellyfishEntityForge=1, BlacktipReefSharkEntityForge=3, BottlenoseDolphinEntityForge=4, CannonballJellyfishEntityForge=2, CaribbeanReefOctopusEntityForge=2, CommonOctopusEntityForge=3, CommonStingrayEntityForge=3, CommonThresherSharkEntityForge=1, GiantMorayEelEntityForge=4, GreatHammerheadSharkEntityForge=1, GreatWhiteSharkEntityForge=1, GreenSeaTurtleEntityForge=3, HarborSealEntityForge=3, NautilusEntityForge=1, OceanicWhitetipSharkEntityForge=1, OrcaEntityForge=1, SandtigerSharkEntityForge=1, ShortfinMakoSharkEntityForge=1, TigerSharkEntityForge=1}	{AmericanLobsterEntityForge=300, AtlanticCodEntityForge=300, AtlanticSalmonEntityForge=300, BlackSeaNettleJellyfishEntityForge=300, BlacktipReefSharkEntityForge=300, BottlenoseDolphinEntityForge=700, CannonballJellyfishEntityForge=300, CaribbeanReefOctopusEntityForge=300, CommonOctopusEntityForge=300, CommonStingrayEntityForge=300, CommonThresherSharkEntityForge=300, GiantMorayEelEntityForge=300, GreatHammerheadSharkEntityForge=300, GreatWhiteSharkEntityForge=300, GreenSeaTurtleEntityForge=300, HarborSealEntityForge=300, NautilusEntityForge=300, OceanicWhitetipSharkEntityForge=300, OrcaEntityForge=700, SandtigerSharkEntityForge=300, ShortfinMakoSharkEntityForge=300, TigerSharkEntityForge=300}	11	{action_escape=55, action_feed=369, action_habitat=18, action_social=13, bounded_living_scans=2177, death_AmericanLobsterEntityForge_mob_by_CommonStingrayEntityForge=2, death_AmericanLobsterEntityForge_mob_by_SandtigerSharkEntityForge=1, death_AtlanticCodEntityForge_mob_by_BlacktipReefSharkEntityForge=3, death_AtlanticCodEntityForge_mob_by_SandtigerSharkEntityForge=2, death_AtlanticSalmonEntityForge_mob_by_BlacktipReefSharkEntityForge=4, death_AtlanticSalmonEntityForge_mob_by_CommonThresherSharkEntityForge=2, death_AtlanticSalmonEntityForge_mob_by_OceanicWhitetipSharkEntityForge=1, death_AtlanticSalmonEntityForge_mob_by_ShortfinMakoSharkEntityForge=1, death_BlacktipReefSharkEntityForge_mob_by_ShortfinMakoSharkEntityForge=1, death_BlacktipReefSharkEntityForge_mob_by_TigerSharkEntityForge=1, death_CaribbeanReefOctopusEntityForge_mob_by_CommonStingrayEntityForge=1, death_CommonOctopusEntityForge_mob_by_GreatHammerheadSharkEntityForge=1, death_CommonStingrayEntityForge_mob_by_GreatHammerheadSharkEntityForge=1, death_CommonStingrayEntityForge_mob_by_OceanicWhitetipSharkEntityForge=1, death_GreenSeaTurtleEntityForge_mob_by_TigerSharkEntityForge=1, living_deaths=23, navigation_calls=24082, sensor_calls=67144}	60	63
29600	1405568448	{AmericanLobsterEntityForge=9, AtlanticCodEntityForge=8, AtlanticSalmonEntityForge=8, BlackSeaNettleJellyfishEntityForge=1, BlacktipReefSharkEntityForge=3, BottlenoseDolphinEntityForge=4, CannonballJellyfishEntityForge=2, CaribbeanReefOctopusEntityForge=2, CommonOctopusEntityForge=3, CommonStingrayEntityForge=3, CommonThresherSharkEntityForge=1, GiantMorayEelEntityForge=4, GreatHammerheadSharkEntityForge=1, GreatWhiteSharkEntityForge=1, GreenSeaTurtleEntityForge=3, HarborSealEntityForge=3, NautilusEntityForge=1, OceanicWhitetipSharkEntityForge=1, OrcaEntityForge=1, SandtigerSharkEntityForge=1, ShortfinMakoSharkEntityForge=1, TigerSharkEntityForge=1}	{AmericanLobsterEntityForge=300, AtlanticCodEntityForge=300, AtlanticSalmonEntityForge=300, BlackSeaNettleJellyfishEntityForge=300, BlacktipReefSharkEntityForge=300, BottlenoseDolphinEntityForge=700, CannonballJellyfishEntityForge=300, CaribbeanReefOctopusEntityForge=300, CommonOctopusEntityForge=300, CommonStingrayEntityForge=300, CommonThresherSharkEntityForge=300, GiantMorayEelEntityForge=300, GreatHammerheadSharkEntityForge=300, GreatWhiteSharkEntityForge=300, GreenSeaTurtleEntityForge=300, HarborSealEntityForge=300, NautilusEntityForge=300, OceanicWhitetipSharkEntityForge=300, OrcaEntityForge=700, SandtigerSharkEntityForge=300, ShortfinMakoSharkEntityForge=300, TigerSharkEntityForge=300}	11	{action_escape=55, action_feed=372, action_habitat=18, action_social=13, bounded_living_scans=2187, death_AmericanLobsterEntityForge_mob_by_BlacktipReefSharkEntityForge=1, death_AmericanLobsterEntityForge_mob_by_CommonStingrayEntityForge=2, death_AmericanLobsterEntityForge_mob_by_SandtigerSharkEntityForge=1, death_AtlanticCodEntityForge_mob_by_BlacktipReefSharkEntityForge=3, death_AtlanticCodEntityForge_mob_by_SandtigerSharkEntityForge=2, death_AtlanticSalmonEntityForge_mob_by_BlacktipReefSharkEntityForge=4, death_AtlanticSalmonEntityForge_mob_by_CommonThresherSharkEntityForge=2, death_AtlanticSalmonEntityForge_mob_by_OceanicWhitetipSharkEntityForge=1, death_AtlanticSalmonEntityForge_mob_by_ShortfinMakoSharkEntityForge=1, death_BlacktipReefSharkEntityForge_mob_by_ShortfinMakoSharkEntityForge=1, death_BlacktipReefSharkEntityForge_mob_by_TigerSharkEntityForge=1, death_CaribbeanReefOctopusEntityForge_mob_by_CommonStingrayEntityForge=1, death_CommonOctopusEntityForge_mob_by_GreatHammerheadSharkEntityForge=1, death_CommonStingrayEntityForge_mob_by_GreatHammerheadSharkEntityForge=1, death_CommonStingrayEntityForge_mob_by_OceanicWhitetipSharkEntityForge=1, death_GreenSeaTurtleEntityForge_mob_by_TigerSharkEntityForge=1, living_deaths=24, navigation_calls=24298, sensor_calls=67579}	60	62
29800	1548174784	{AmericanLobsterEntityForge=10, AtlanticCodEntityForge=8, AtlanticSalmonEntityForge=8, BlackSeaNettleJellyfishEntityForge=1, BlacktipReefSharkEntityForge=3, BottlenoseDolphinEntityForge=4, CannonballJellyfishEntityForge=2, CaribbeanReefOctopusEntityForge=2, CommonOctopusEntityForge=3, CommonStingrayEntityForge=3, CommonThresherSharkEntityForge=1, GiantMorayEelEntityForge=4, GreatHammerheadSharkEntityForge=1, GreatWhiteSharkEntityForge=1, GreenSeaTurtleEntityForge=3, HarborSealEntityForge=3, NautilusEntityForge=1, OceanicWhitetipSharkEntityForge=1, OrcaEntityForge=1, SandtigerSharkEntityForge=1, ShortfinMakoSharkEntityForge=1, TigerSharkEntityForge=1}	{AmericanLobsterEntityForge=300, AtlanticCodEntityForge=300, AtlanticSalmonEntityForge=300, BlackSeaNettleJellyfishEntityForge=300, BlacktipReefSharkEntityForge=300, BottlenoseDolphinEntityForge=700, CannonballJellyfishEntityForge=300, CaribbeanReefOctopusEntityForge=300, CommonOctopusEntityForge=300, CommonStingrayEntityForge=300, CommonThresherSharkEntityForge=300, GiantMorayEelEntityForge=300, GreatHammerheadSharkEntityForge=300, GreatWhiteSharkEntityForge=300, GreenSeaTurtleEntityForge=300, HarborSealEntityForge=300, NautilusEntityForge=300, OceanicWhitetipSharkEntityForge=300, OrcaEntityForge=700, SandtigerSharkEntityForge=300, ShortfinMakoSharkEntityForge=300, TigerSharkEntityForge=300}	11	{action_escape=55, action_feed=372, action_habitat=18, action_social=13, bounded_living_scans=2203, death_AmericanLobsterEntityForge_mob_by_BlacktipReefSharkEntityForge=1, death_AmericanLobsterEntityForge_mob_by_CommonStingrayEntityForge=2, death_AmericanLobsterEntityForge_mob_by_SandtigerSharkEntityForge=1, death_AtlanticCodEntityForge_mob_by_BlacktipReefSharkEntityForge=3, death_AtlanticCodEntityForge_mob_by_SandtigerSharkEntityForge=2, death_AtlanticSalmonEntityForge_mob_by_BlacktipReefSharkEntityForge=4, death_AtlanticSalmonEntityForge_mob_by_CommonThresherSharkEntityForge=2, death_AtlanticSalmonEntityForge_mob_by_OceanicWhitetipSharkEntityForge=1, death_AtlanticSalmonEntityForge_mob_by_ShortfinMakoSharkEntityForge=1, death_BlacktipReefSharkEntityForge_mob_by_ShortfinMakoSharkEntityForge=1, death_BlacktipReefSharkEntityForge_mob_by_TigerSharkEntityForge=1, death_CaribbeanReefOctopusEntityForge_mob_by_CommonStingrayEntityForge=1, death_CommonOctopusEntityForge_mob_by_GreatHammerheadSharkEntityForge=1, death_CommonStingrayEntityForge_mob_by_GreatHammerheadSharkEntityForge=1, death_CommonStingrayEntityForge_mob_by_OceanicWhitetipSharkEntityForge=1, death_GreenSeaTurtleEntityForge_mob_by_TigerSharkEntityForge=1, living_deaths=24, navigation_calls=24607, sensor_calls=68050}	59	63
30000	379551272	{AmericanLobsterEntityForge=10, AtlanticCodEntityForge=8, AtlanticSalmonEntityForge=8, BlackSeaNettleJellyfishEntityForge=1, BlacktipReefSharkEntityForge=3, BottlenoseDolphinEntityForge=4, CannonballJellyfishEntityForge=2, CaribbeanReefOctopusEntityForge=2, CommonOctopusEntityForge=3, CommonStingrayEntityForge=3, CommonThresherSharkEntityForge=1, GiantMorayEelEntityForge=4, GreatHammerheadSharkEntityForge=1, GreatWhiteSharkEntityForge=1, GreenSeaTurtleEntityForge=3, HarborSealEntityForge=3, NautilusEntityForge=1, OceanicWhitetipSharkEntityForge=1, OrcaEntityForge=1, SandtigerSharkEntityForge=1, ShortfinMakoSharkEntityForge=1, TigerSharkEntityForge=1}	{AmericanLobsterEntityForge=300, AtlanticCodEntityForge=300, AtlanticSalmonEntityForge=300, BlackSeaNettleJellyfishEntityForge=300, BlacktipReefSharkEntityForge=300, BottlenoseDolphinEntityForge=700, CannonballJellyfishEntityForge=300, CaribbeanReefOctopusEntityForge=300, CommonOctopusEntityForge=300, CommonStingrayEntityForge=300, CommonThresherSharkEntityForge=300, GiantMorayEelEntityForge=300, GreatHammerheadSharkEntityForge=300, GreatWhiteSharkEntityForge=300, GreenSeaTurtleEntityForge=300, HarborSealEntityForge=300, NautilusEntityForge=300, OceanicWhitetipSharkEntityForge=300, OrcaEntityForge=700, SandtigerSharkEntityForge=300, ShortfinMakoSharkEntityForge=300, TigerSharkEntityForge=300}	11	{action_escape=55, action_feed=373, action_habitat=18, action_social=13, bounded_living_scans=2213, death_AmericanLobsterEntityForge_mob_by_BlacktipReefSharkEntityForge=1, death_AmericanLobsterEntityForge_mob_by_CommonStingrayEntityForge=2, death_AmericanLobsterEntityForge_mob_by_SandtigerSharkEntityForge=1, death_AtlanticCodEntityForge_mob_by_BlacktipReefSharkEntityForge=3, death_AtlanticCodEntityForge_mob_by_SandtigerSharkEntityForge=2, death_AtlanticSalmonEntityForge_mob_by_BlacktipReefSharkEntityForge=4, death_AtlanticSalmonEntityForge_mob_by_CommonThresherSharkEntityForge=2, death_AtlanticSalmonEntityForge_mob_by_GreatHammerheadSharkEntityForge=1, death_AtlanticSalmonEntityForge_mob_by_OceanicWhitetipSharkEntityForge=1, death_AtlanticSalmonEntityForge_mob_by_ShortfinMakoSharkEntityForge=1, death_BlacktipReefSharkEntityForge_mob_by_ShortfinMakoSharkEntityForge=1, death_BlacktipReefSharkEntityForge_mob_by_TigerSharkEntityForge=1, death_CaribbeanReefOctopusEntityForge_mob_by_CommonStingrayEntityForge=1, death_CommonOctopusEntityForge_mob_by_GreatHammerheadSharkEntityForge=1, death_CommonStingrayEntityForge_mob_by_GreatHammerheadSharkEntityForge=1, death_CommonStingrayEntityForge_mob_by_OceanicWhitetipSharkEntityForge=1, death_GreenSeaTurtleEntityForge_mob_by_TigerSharkEntityForge=1, living_deaths=25, navigation_calls=24779, sensor_calls=68491}	62	63
30200	485457448	{AmericanLobsterEntityForge=10, AtlanticCodEntityForge=8, AtlanticSalmonEntityForge=7, BlackSeaNettleJellyfishEntityForge=1, BlacktipReefSharkEntityForge=3, BottlenoseDolphinEntityForge=4, CannonballJellyfishEntityForge=2, CaribbeanReefOctopusEntityForge=2, CommonOctopusEntityForge=3, CommonStingrayEntityForge=3, CommonThresherSharkEntityForge=1, GiantMorayEelEntityForge=4, GreatHammerheadSharkEntityForge=1, GreatWhiteSharkEntityForge=1, GreenSeaTurtleEntityForge=3, HarborSealEntityForge=3, NautilusEntityForge=1, OceanicWhitetipSharkEntityForge=1, OrcaEntityForge=1, SandtigerSharkEntityForge=1, ShortfinMakoSharkEntityForge=1, TigerSharkEntityForge=1}	{AmericanLobsterEntityForge=300, AtlanticCodEntityForge=300, AtlanticSalmonEntityForge=300, BlackSeaNettleJellyfishEntityForge=300, BlacktipReefSharkEntityForge=300, BottlenoseDolphinEntityForge=700, CannonballJellyfishEntityForge=300, CaribbeanReefOctopusEntityForge=300, CommonOctopusEntityForge=300, CommonStingrayEntityForge=300, CommonThresherSharkEntityForge=300, GiantMorayEelEntityForge=300, GreatHammerheadSharkEntityForge=300, GreatWhiteSharkEntityForge=300, GreenSeaTurtleEntityForge=300, HarborSealEntityForge=300, NautilusEntityForge=300, OceanicWhitetipSharkEntityForge=300, OrcaEntityForge=700, SandtigerSharkEntityForge=300, ShortfinMakoSharkEntityForge=300, TigerSharkEntityForge=300}	11	{action_escape=56, action_feed=374, action_habitat=18, action_social=13, bounded_living_scans=2230, death_AmericanLobsterEntityForge_mob_by_BlacktipReefSharkEntityForge=1, death_AmericanLobsterEntityForge_mob_by_CommonStingrayEntityForge=2, death_AmericanLobsterEntityForge_mob_by_SandtigerSharkEntityForge=1, death_AtlanticCodEntityForge_mob_by_BlacktipReefSharkEntityForge=3, death_AtlanticCodEntityForge_mob_by_SandtigerSharkEntityForge=2, death_AtlanticSalmonEntityForge_mob_by_BlacktipReefSharkEntityForge=4, death_AtlanticSalmonEntityForge_mob_by_CommonThresherSharkEntityForge=2, death_AtlanticSalmonEntityForge_mob_by_GreatHammerheadSharkEntityForge=1, death_AtlanticSalmonEntityForge_mob_by_OceanicWhitetipSharkEntityForge=1, death_AtlanticSalmonEntityForge_mob_by_ShortfinMakoSharkEntityForge=1, death_BlacktipReefSharkEntityForge_mob_by_ShortfinMakoSharkEntityForge=1, death_BlacktipReefSharkEntityForge_mob_by_TigerSharkEntityForge=1, death_CaribbeanReefOctopusEntityForge_mob_by_CommonStingrayEntityForge=1, death_CommonOctopusEntityForge_mob_by_GreatHammerheadSharkEntityForge=1, death_CommonStingrayEntityForge_mob_by_GreatHammerheadSharkEntityForge=1, death_CommonStingrayEntityForge_mob_by_OceanicWhitetipSharkEntityForge=1, death_GreenSeaTurtleEntityForge_mob_by_TigerSharkEntityForge=1, living_deaths=25, navigation_calls=24904, sensor_calls=68962}	60	62
30400	593460776	{AmericanLobsterEntityForge=10, AtlanticCodEntityForge=8, AtlanticSalmonEntityForge=8, BlackSeaNettleJellyfishEntityForge=1, BlacktipReefSharkEntityForge=3, BottlenoseDolphinEntityForge=4, CannonballJellyfishEntityForge=2, CaribbeanReefOctopusEntityForge=2, CommonOctopusEntityForge=3, CommonStingrayEntityForge=3, CommonThresherSharkEntityForge=1, GiantMorayEelEntityForge=4, GreatHammerheadSharkEntityForge=1, GreatWhiteSharkEntityForge=1, GreenSeaTurtleEntityForge=3, HarborSealEntityForge=3, NautilusEntityForge=1, OceanicWhitetipSharkEntityForge=1, OrcaEntityForge=1, SandtigerSharkEntityForge=1, ShortfinMakoSharkEntityForge=1, TigerSharkEntityForge=1}	{AmericanLobsterEntityForge=300, AtlanticCodEntityForge=300, AtlanticSalmonEntityForge=300, BlackSeaNettleJellyfishEntityForge=300, BlacktipReefSharkEntityForge=300, BottlenoseDolphinEntityForge=700, CannonballJellyfishEntityForge=300, CaribbeanReefOctopusEntityForge=300, CommonOctopusEntityForge=300, CommonStingrayEntityForge=300, CommonThresherSharkEntityForge=300, GiantMorayEelEntityForge=300, GreatHammerheadSharkEntityForge=300, GreatWhiteSharkEntityForge=300, GreenSeaTurtleEntityForge=300, HarborSealEntityForge=300, NautilusEntityForge=300, OceanicWhitetipSharkEntityForge=300, OrcaEntityForge=700, SandtigerSharkEntityForge=300, ShortfinMakoSharkEntityForge=300, TigerSharkEntityForge=300}	11	{action_escape=56, action_feed=375, action_habitat=18, action_social=13, bounded_living_scans=2240, death_AmericanLobsterEntityForge_mob_by_BlacktipReefSharkEntityForge=1, death_AmericanLobsterEntityForge_mob_by_CommonStingrayEntityForge=2, death_AmericanLobsterEntityForge_mob_by_SandtigerSharkEntityForge=1, death_AtlanticCodEntityForge_mob_by_BlacktipReefSharkEntityForge=3, death_AtlanticCodEntityForge_mob_by_SandtigerSharkEntityForge=2, death_AtlanticSalmonEntityForge_mob_by_BlacktipReefSharkEntityForge=4, death_AtlanticSalmonEntityForge_mob_by_CommonThresherSharkEntityForge=2, death_AtlanticSalmonEntityForge_mob_by_GreatHammerheadSharkEntityForge=1, death_AtlanticSalmonEntityForge_mob_by_OceanicWhitetipSharkEntityForge=1, death_AtlanticSalmonEntityForge_mob_by_ShortfinMakoSharkEntityForge=1, death_BlacktipReefSharkEntityForge_mob_by_ShortfinMakoSharkEntityForge=1, death_BlacktipReefSharkEntityForge_mob_by_TigerSharkEntityForge=1, death_CaribbeanReefOctopusEntityForge_mob_by_CommonStingrayEntityForge=1, death_CommonOctopusEntityForge_mob_by_GreatHammerheadSharkEntityForge=1, death_CommonStingrayEntityForge_mob_by_GreatHammerheadSharkEntityForge=1, death_CommonStingrayEntityForge_mob_by_OceanicWhitetipSharkEntityForge=1, death_GreenSeaTurtleEntityForge_mob_by_TigerSharkEntityForge=1, living_deaths=25, navigation_calls=25026, sensor_calls=69406}	60	63
30600	699366952	{AmericanLobsterEntityForge=10, AtlanticCodEntityForge=8, AtlanticSalmonEntityForge=8, BlackSeaNettleJellyfishEntityForge=1, BlacktipReefSharkEntityForge=3, BottlenoseDolphinEntityForge=4, CannonballJellyfishEntityForge=2, CaribbeanReefOctopusEntityForge=2, CommonOctopusEntityForge=3, CommonStingrayEntityForge=3, CommonThresherSharkEntityForge=1, GiantMorayEelEntityForge=4, GreatHammerheadSharkEntityForge=1, GreatWhiteSharkEntityForge=1, GreenSeaTurtleEntityForge=3, HarborSealEntityForge=3, NautilusEntityForge=1, OceanicWhitetipSharkEntityForge=1, OrcaEntityForge=1, SandtigerSharkEntityForge=1, ShortfinMakoSharkEntityForge=1, TigerSharkEntityForge=1}	{AmericanLobsterEntityForge=300, AtlanticCodEntityForge=300, AtlanticSalmonEntityForge=300, BlackSeaNettleJellyfishEntityForge=300, BlacktipReefSharkEntityForge=300, BottlenoseDolphinEntityForge=700, CannonballJellyfishEntityForge=300, CaribbeanReefOctopusEntityForge=300, CommonOctopusEntityForge=300, CommonStingrayEntityForge=300, CommonThresherSharkEntityForge=300, GiantMorayEelEntityForge=300, GreatHammerheadSharkEntityForge=300, GreatWhiteSharkEntityForge=298, GreenSeaTurtleEntityForge=300, HarborSealEntityForge=300, NautilusEntityForge=300, OceanicWhitetipSharkEntityForge=300, OrcaEntityForge=700, SandtigerSharkEntityForge=300, ShortfinMakoSharkEntityForge=300, TigerSharkEntityForge=300}	11	{action_escape=57, action_feed=376, action_habitat=18, action_social=13, bounded_living_scans=2254, death_AmericanLobsterEntityForge_mob_by_BlacktipReefSharkEntityForge=1, death_AmericanLobsterEntityForge_mob_by_CommonStingrayEntityForge=2, death_AmericanLobsterEntityForge_mob_by_SandtigerSharkEntityForge=1, death_AtlanticCodEntityForge_mob_by_BlacktipReefSharkEntityForge=3, death_AtlanticCodEntityForge_mob_by_SandtigerSharkEntityForge=2, death_AtlanticSalmonEntityForge_mob_by_BlacktipReefSharkEntityForge=4, death_AtlanticSalmonEntityForge_mob_by_CommonThresherSharkEntityForge=2, death_AtlanticSalmonEntityForge_mob_by_GreatHammerheadSharkEntityForge=1, death_AtlanticSalmonEntityForge_mob_by_OceanicWhitetipSharkEntityForge=1, death_AtlanticSalmonEntityForge_mob_by_ShortfinMakoSharkEntityForge=1, death_BlacktipReefSharkEntityForge_mob_by_ShortfinMakoSharkEntityForge=1, death_BlacktipReefSharkEntityForge_mob_by_TigerSharkEntityForge=1, death_CaribbeanReefOctopusEntityForge_mob_by_CommonStingrayEntityForge=1, death_CommonOctopusEntityForge_mob_by_GreatHammerheadSharkEntityForge=1, death_CommonStingrayEntityForge_mob_by_GreatHammerheadSharkEntityForge=1, death_CommonStingrayEntityForge_mob_by_OceanicWhitetipSharkEntityForge=1, death_GreenSeaTurtleEntityForge_mob_by_TigerSharkEntityForge=1, living_deaths=25, navigation_calls=25139, sensor_calls=69874}	61	63
30800	802127400	{AmericanLobsterEntityForge=10, AtlanticCodEntityForge=8, AtlanticSalmonEntityForge=8, BlackSeaNettleJellyfishEntityForge=1, BlacktipReefSharkEntityForge=3, BottlenoseDolphinEntityForge=4, CannonballJellyfishEntityForge=2, CaribbeanReefOctopusEntityForge=2, CommonOctopusEntityForge=3, CommonStingrayEntityForge=3, CommonThresherSharkEntityForge=1, GiantMorayEelEntityForge=4, GreatHammerheadSharkEntityForge=1, GreatWhiteSharkEntityForge=1, GreenSeaTurtleEntityForge=3, HarborSealEntityForge=3, NautilusEntityForge=1, OceanicWhitetipSharkEntityForge=1, OrcaEntityForge=1, SandtigerSharkEntityForge=1, ShortfinMakoSharkEntityForge=1, TigerSharkEntityForge=1}	{AmericanLobsterEntityForge=300, AtlanticCodEntityForge=300, AtlanticSalmonEntityForge=300, BlackSeaNettleJellyfishEntityForge=300, BlacktipReefSharkEntityForge=300, BottlenoseDolphinEntityForge=700, CannonballJellyfishEntityForge=300, CaribbeanReefOctopusEntityForge=300, CommonOctopusEntityForge=300, CommonStingrayEntityForge=300, CommonThresherSharkEntityForge=300, GiantMorayEelEntityForge=300, GreatHammerheadSharkEntityForge=300, GreatWhiteSharkEntityForge=300, GreenSeaTurtleEntityForge=300, HarborSealEntityForge=300, NautilusEntityForge=300, OceanicWhitetipSharkEntityForge=300, OrcaEntityForge=700, SandtigerSharkEntityForge=300, ShortfinMakoSharkEntityForge=300, TigerSharkEntityForge=300}	11	{action_escape=57, action_feed=379, action_habitat=18, action_social=13, bounded_living_scans=2266, death_AmericanLobsterEntityForge_mob_by_BlacktipReefSharkEntityForge=1, death_AmericanLobsterEntityForge_mob_by_CommonStingrayEntityForge=2, death_AmericanLobsterEntityForge_mob_by_SandtigerSharkEntityForge=1, death_AtlanticCodEntityForge_mob_by_BlacktipReefSharkEntityForge=3, death_AtlanticCodEntityForge_mob_by_SandtigerSharkEntityForge=2, death_AtlanticSalmonEntityForge_mob_by_BlacktipReefSharkEntityForge=4, death_AtlanticSalmonEntityForge_mob_by_CommonThresherSharkEntityForge=2, death_AtlanticSalmonEntityForge_mob_by_GreatHammerheadSharkEntityForge=1, death_AtlanticSalmonEntityForge_mob_by_OceanicWhitetipSharkEntityForge=1, death_AtlanticSalmonEntityForge_mob_by_ShortfinMakoSharkEntityForge=1, death_BlacktipReefSharkEntityForge_mob_by_ShortfinMakoSharkEntityForge=1, death_BlacktipReefSharkEntityForge_mob_by_TigerSharkEntityForge=1, death_CaribbeanReefOctopusEntityForge_mob_by_CommonStingrayEntityForge=1, death_CommonOctopusEntityForge_mob_by_GreatHammerheadSharkEntityForge=1, death_CommonStingrayEntityForge_mob_by_GreatHammerheadSharkEntityForge=1, death_CommonStingrayEntityForge_mob_by_OceanicWhitetipSharkEntityForge=1, death_GreenSeaTurtleEntityForge_mob_by_TigerSharkEntityForge=1, living_deaths=25, navigation_calls=25295, sensor_calls=70318}	63	63
31000	906985000	{AmericanLobsterEntityForge=10, AtlanticCodEntityForge=8, AtlanticSalmonEntityForge=8, BlackSeaNettleJellyfishEntityForge=1, BlacktipReefSharkEntityForge=3, BottlenoseDolphinEntityForge=4, CannonballJellyfishEntityForge=2, CaribbeanReefOctopusEntityForge=2, CommonOctopusEntityForge=3, CommonStingrayEntityForge=3, CommonThresherSharkEntityForge=1, GiantMorayEelEntityForge=4, GreatHammerheadSharkEntityForge=1, GreatWhiteSharkEntityForge=1, GreenSeaTurtleEntityForge=3, HarborSealEntityForge=3, NautilusEntityForge=1, OceanicWhitetipSharkEntityForge=1, OrcaEntityForge=1, SandtigerSharkEntityForge=1, ShortfinMakoSharkEntityForge=1, TigerSharkEntityForge=1}	{AmericanLobsterEntityForge=300, AtlanticCodEntityForge=300, AtlanticSalmonEntityForge=300, BlackSeaNettleJellyfishEntityForge=300, BlacktipReefSharkEntityForge=300, BottlenoseDolphinEntityForge=700, CannonballJellyfishEntityForge=300, CaribbeanReefOctopusEntityForge=300, CommonOctopusEntityForge=300, CommonStingrayEntityForge=300, CommonThresherSharkEntityForge=300, GiantMorayEelEntityForge=300, GreatHammerheadSharkEntityForge=300, GreatWhiteSharkEntityForge=300, GreenSeaTurtleEntityForge=300, HarborSealEntityForge=300, NautilusEntityForge=300, OceanicWhitetipSharkEntityForge=300, OrcaEntityForge=700, SandtigerSharkEntityForge=300, ShortfinMakoSharkEntityForge=300, TigerSharkEntityForge=300}	11	{action_escape=57, action_feed=379, action_habitat=19, action_social=13, bounded_living_scans=2283, death_AmericanLobsterEntityForge_mob_by_BlacktipReefSharkEntityForge=1, death_AmericanLobsterEntityForge_mob_by_CommonStingrayEntityForge=2, death_AmericanLobsterEntityForge_mob_by_SandtigerSharkEntityForge=1, death_AtlanticCodEntityForge_mob_by_BlacktipReefSharkEntityForge=3, death_AtlanticCodEntityForge_mob_by_SandtigerSharkEntityForge=2, death_AtlanticSalmonEntityForge_mob_by_BlacktipReefSharkEntityForge=4, death_AtlanticSalmonEntityForge_mob_by_CommonThresherSharkEntityForge=2, death_AtlanticSalmonEntityForge_mob_by_GreatHammerheadSharkEntityForge=1, death_AtlanticSalmonEntityForge_mob_by_OceanicWhitetipSharkEntityForge=1, death_AtlanticSalmonEntityForge_mob_by_ShortfinMakoSharkEntityForge=1, death_BlacktipReefSharkEntityForge_mob_by_ShortfinMakoSharkEntityForge=1, death_BlacktipReefSharkEntityForge_mob_by_TigerSharkEntityForge=1, death_CaribbeanReefOctopusEntityForge_mob_by_CommonStingrayEntityForge=1, death_CommonOctopusEntityForge_mob_by_GreatHammerheadSharkEntityForge=1, death_CommonStingrayEntityForge_mob_by_GreatHammerheadSharkEntityForge=1, death_CommonStingrayEntityForge_mob_by_OceanicWhitetipSharkEntityForge=1, death_GreenSeaTurtleEntityForge_mob_by_TigerSharkEntityForge=1, living_deaths=25, navigation_calls=25452, sensor_calls=70787}	61	63
31200	1025474088	{AmericanLobsterEntityForge=10, AtlanticCodEntityForge=8, AtlanticSalmonEntityForge=8, BlackSeaNettleJellyfishEntityForge=1, BlacktipReefSharkEntityForge=3, BottlenoseDolphinEntityForge=4, CannonballJellyfishEntityForge=2, CaribbeanReefOctopusEntityForge=2, CommonOctopusEntityForge=3, CommonStingrayEntityForge=3, CommonThresherSharkEntityForge=1, GiantMorayEelEntityForge=4, GreatHammerheadSharkEntityForge=1, GreatWhiteSharkEntityForge=1, GreenSeaTurtleEntityForge=3, HarborSealEntityForge=3, NautilusEntityForge=1, OceanicWhitetipSharkEntityForge=1, OrcaEntityForge=1, SandtigerSharkEntityForge=1, ShortfinMakoSharkEntityForge=1, TigerSharkEntityForge=1}	{AmericanLobsterEntityForge=300, AtlanticCodEntityForge=300, AtlanticSalmonEntityForge=300, BlackSeaNettleJellyfishEntityForge=300, BlacktipReefSharkEntityForge=300, BottlenoseDolphinEntityForge=700, CannonballJellyfishEntityForge=300, CaribbeanReefOctopusEntityForge=300, CommonOctopusEntityForge=300, CommonStingrayEntityForge=300, CommonThresherSharkEntityForge=300, GiantMorayEelEntityForge=300, GreatHammerheadSharkEntityForge=300, GreatWhiteSharkEntityForge=300, GreenSeaTurtleEntityForge=300, HarborSealEntityForge=300, NautilusEntityForge=300, OceanicWhitetipSharkEntityForge=300, OrcaEntityForge=689, SandtigerSharkEntityForge=300, ShortfinMakoSharkEntityForge=300, TigerSharkEntityForge=300}	11	{action_escape=58, action_feed=382, action_habitat=19, action_social=13, bounded_living_scans=2296, death_AmericanLobsterEntityForge_mob_by_BlacktipReefSharkEntityForge=1, death_AmericanLobsterEntityForge_mob_by_CommonStingrayEntityForge=2, death_AmericanLobsterEntityForge_mob_by_SandtigerSharkEntityForge=1, death_AtlanticCodEntityForge_mob_by_BlacktipReefSharkEntityForge=3, death_AtlanticCodEntityForge_mob_by_SandtigerSharkEntityForge=2, death_AtlanticSalmonEntityForge_mob_by_BlacktipReefSharkEntityForge=4, death_AtlanticSalmonEntityForge_mob_by_CommonThresherSharkEntityForge=2, death_AtlanticSalmonEntityForge_mob_by_GreatHammerheadSharkEntityForge=1, death_AtlanticSalmonEntityForge_mob_by_OceanicWhitetipSharkEntityForge=1, death_AtlanticSalmonEntityForge_mob_by_ShortfinMakoSharkEntityForge=1, death_BlacktipReefSharkEntityForge_mob_by_ShortfinMakoSharkEntityForge=1, death_BlacktipReefSharkEntityForge_mob_by_TigerSharkEntityForge=1, death_CaribbeanReefOctopusEntityForge_mob_by_CommonStingrayEntityForge=1, death_CommonOctopusEntityForge_mob_by_GreatHammerheadSharkEntityForge=1, death_CommonStingrayEntityForge_mob_by_GreatHammerheadSharkEntityForge=1, death_CommonStingrayEntityForge_mob_by_OceanicWhitetipSharkEntityForge=1, death_GreenSeaTurtleEntityForge_mob_by_TigerSharkEntityForge=1, living_deaths=25, navigation_calls=25643, sensor_calls=71230}	62	63
31400	1145011752	{AmericanLobsterEntityForge=10, AtlanticCodEntityForge=8, AtlanticSalmonEntityForge=8, BlackSeaNettleJellyfishEntityForge=1, BlacktipReefSharkEntityForge=3, BottlenoseDolphinEntityForge=4, CannonballJellyfishEntityForge=2, CaribbeanReefOctopusEntityForge=2, CommonOctopusEntityForge=3, CommonStingrayEntityForge=3, CommonThresherSharkEntityForge=1, GiantMorayEelEntityForge=4, GreatHammerheadSharkEntityForge=1, GreatWhiteSharkEntityForge=1, GreenSeaTurtleEntityForge=3, HarborSealEntityForge=3, NautilusEntityForge=1, OceanicWhitetipSharkEntityForge=1, OrcaEntityForge=1, SandtigerSharkEntityForge=1, ShortfinMakoSharkEntityForge=1, TigerSharkEntityForge=1}	{AmericanLobsterEntityForge=300, AtlanticCodEntityForge=300, AtlanticSalmonEntityForge=300, BlackSeaNettleJellyfishEntityForge=300, BlacktipReefSharkEntityForge=300, BottlenoseDolphinEntityForge=700, CannonballJellyfishEntityForge=300, CaribbeanReefOctopusEntityForge=300, CommonOctopusEntityForge=300, CommonStingrayEntityForge=300, CommonThresherSharkEntityForge=300, GiantMorayEelEntityForge=300, GreatHammerheadSharkEntityForge=300, GreatWhiteSharkEntityForge=300, GreenSeaTurtleEntityForge=300, HarborSealEntityForge=300, NautilusEntityForge=300, OceanicWhitetipSharkEntityForge=300, OrcaEntityForge=700, SandtigerSharkEntityForge=300, ShortfinMakoSharkEntityForge=300, TigerSharkEntityForge=300}	11	{action_escape=58, action_feed=384, action_habitat=19, action_social=13, bounded_living_scans=2310, death_AmericanLobsterEntityForge_mob_by_BlacktipReefSharkEntityForge=1, death_AmericanLobsterEntityForge_mob_by_CommonStingrayEntityForge=2, death_AmericanLobsterEntityForge_mob_by_SandtigerSharkEntityForge=1, death_AtlanticCodEntityForge_mob_by_BlacktipReefSharkEntityForge=3, death_AtlanticCodEntityForge_mob_by_SandtigerSharkEntityForge=2, death_AtlanticSalmonEntityForge_mob_by_BlacktipReefSharkEntityForge=4, death_AtlanticSalmonEntityForge_mob_by_CommonThresherSharkEntityForge=2, death_AtlanticSalmonEntityForge_mob_by_GreatHammerheadSharkEntityForge=1, death_AtlanticSalmonEntityForge_mob_by_OceanicWhitetipSharkEntityForge=1, death_AtlanticSalmonEntityForge_mob_by_ShortfinMakoSharkEntityForge=1, death_BlacktipReefSharkEntityForge_mob_by_ShortfinMakoSharkEntityForge=1, death_BlacktipReefSharkEntityForge_mob_by_TigerSharkEntityForge=1, death_CaribbeanReefOctopusEntityForge_mob_by_CommonStingrayEntityForge=1, death_CommonOctopusEntityForge_mob_by_GreatHammerheadSharkEntityForge=1, death_CommonStingrayEntityForge_mob_by_GreatHammerheadSharkEntityForge=1, death_CommonStingrayEntityForge_mob_by_OceanicWhitetipSharkEntityForge=1, death_GreenSeaTurtleEntityForge_mob_by_TigerSharkEntityForge=1, living_deaths=25, navigation_calls=25838, sensor_calls=71701}	61	63
31600	1254063656	{AmericanLobsterEntityForge=10, AtlanticCodEntityForge=8, AtlanticSalmonEntityForge=8, BlackSeaNettleJellyfishEntityForge=1, BlacktipReefSharkEntityForge=3, BottlenoseDolphinEntityForge=4, CannonballJellyfishEntityForge=2, CaribbeanReefOctopusEntityForge=2, CommonOctopusEntityForge=3, CommonStingrayEntityForge=3, CommonThresherSharkEntityForge=1, GiantMorayEelEntityForge=4, GreatHammerheadSharkEntityForge=1, GreatWhiteSharkEntityForge=1, GreenSeaTurtleEntityForge=3, HarborSealEntityForge=3, NautilusEntityForge=1, OceanicWhitetipSharkEntityForge=1, OrcaEntityForge=1, SandtigerSharkEntityForge=1, ShortfinMakoSharkEntityForge=1, TigerSharkEntityForge=1}	{AmericanLobsterEntityForge=300, AtlanticCodEntityForge=300, AtlanticSalmonEntityForge=300, BlackSeaNettleJellyfishEntityForge=300, BlacktipReefSharkEntityForge=300, BottlenoseDolphinEntityForge=700, CannonballJellyfishEntityForge=300, CaribbeanReefOctopusEntityForge=300, CommonOctopusEntityForge=300, CommonStingrayEntityForge=300, CommonThresherSharkEntityForge=300, GiantMorayEelEntityForge=300, GreatHammerheadSharkEntityForge=300, GreatWhiteSharkEntityForge=300, GreenSeaTurtleEntityForge=300, HarborSealEntityForge=300, NautilusEntityForge=300, OceanicWhitetipSharkEntityForge=300, OrcaEntityForge=700, SandtigerSharkEntityForge=300, ShortfinMakoSharkEntityForge=300, TigerSharkEntityForge=300}	11	{action_escape=59, action_feed=386, action_habitat=19, action_social=13, bounded_living_scans=2326, death_AmericanLobsterEntityForge_mob_by_BlacktipReefSharkEntityForge=1, death_AmericanLobsterEntityForge_mob_by_CommonStingrayEntityForge=2, death_AmericanLobsterEntityForge_mob_by_SandtigerSharkEntityForge=1, death_AtlanticCodEntityForge_mob_by_BlacktipReefSharkEntityForge=3, death_AtlanticCodEntityForge_mob_by_SandtigerSharkEntityForge=2, death_AtlanticSalmonEntityForge_mob_by_BlacktipReefSharkEntityForge=4, death_AtlanticSalmonEntityForge_mob_by_CommonThresherSharkEntityForge=2, death_AtlanticSalmonEntityForge_mob_by_GreatHammerheadSharkEntityForge=1, death_AtlanticSalmonEntityForge_mob_by_OceanicWhitetipSharkEntityForge=1, death_AtlanticSalmonEntityForge_mob_by_ShortfinMakoSharkEntityForge=1, death_BlacktipReefSharkEntityForge_mob_by_ShortfinMakoSharkEntityForge=1, death_BlacktipReefSharkEntityForge_mob_by_TigerSharkEntityForge=1, death_CaribbeanReefOctopusEntityForge_mob_by_CommonStingrayEntityForge=1, death_CommonOctopusEntityForge_mob_by_GreatHammerheadSharkEntityForge=1, death_CommonStingrayEntityForge_mob_by_GreatHammerheadSharkEntityForge=1, death_CommonStingrayEntityForge_mob_by_OceanicWhitetipSharkEntityForge=1, death_GreenSeaTurtleEntityForge_mob_by_TigerSharkEntityForge=1, living_deaths=25, navigation_calls=25981, sensor_calls=72142}	62	63
31800	1356824104	{AmericanLobsterEntityForge=10, AtlanticCodEntityForge=8, AtlanticSalmonEntityForge=8, BlackSeaNettleJellyfishEntityForge=1, BlacktipReefSharkEntityForge=3, BottlenoseDolphinEntityForge=4, CannonballJellyfishEntityForge=2, CaribbeanReefOctopusEntityForge=2, CommonOctopusEntityForge=3, CommonStingrayEntityForge=3, CommonThresherSharkEntityForge=1, GiantMorayEelEntityForge=4, GreatHammerheadSharkEntityForge=1, GreatWhiteSharkEntityForge=1, GreenSeaTurtleEntityForge=3, HarborSealEntityForge=3, NautilusEntityForge=1, OceanicWhitetipSharkEntityForge=1, OrcaEntityForge=1, SandtigerSharkEntityForge=1, ShortfinMakoSharkEntityForge=1, TigerSharkEntityForge=1}	{AmericanLobsterEntityForge=300, AtlanticCodEntityForge=300, AtlanticSalmonEntityForge=300, BlackSeaNettleJellyfishEntityForge=300, BlacktipReefSharkEntityForge=300, BottlenoseDolphinEntityForge=700, CannonballJellyfishEntityForge=300, CaribbeanReefOctopusEntityForge=300, CommonOctopusEntityForge=300, CommonStingrayEntityForge=300, CommonThresherSharkEntityForge=300, GiantMorayEelEntityForge=300, GreatHammerheadSharkEntityForge=300, GreatWhiteSharkEntityForge=300, GreenSeaTurtleEntityForge=300, HarborSealEntityForge=300, NautilusEntityForge=300, OceanicWhitetipSharkEntityForge=300, OrcaEntityForge=700, SandtigerSharkEntityForge=300, ShortfinMakoSharkEntityForge=300, TigerSharkEntityForge=300}	11	{action_escape=59, action_feed=388, action_habitat=19, action_social=13, bounded_living_scans=2342, death_AmericanLobsterEntityForge_mob_by_BlacktipReefSharkEntityForge=1, death_AmericanLobsterEntityForge_mob_by_CommonStingrayEntityForge=2, death_AmericanLobsterEntityForge_mob_by_SandtigerSharkEntityForge=1, death_AtlanticCodEntityForge_mob_by_BlacktipReefSharkEntityForge=3, death_AtlanticCodEntityForge_mob_by_SandtigerSharkEntityForge=2, death_AtlanticSalmonEntityForge_mob_by_BlacktipReefSharkEntityForge=4, death_AtlanticSalmonEntityForge_mob_by_CommonThresherSharkEntityForge=2, death_AtlanticSalmonEntityForge_mob_by_GreatHammerheadSharkEntityForge=1, death_AtlanticSalmonEntityForge_mob_by_OceanicWhitetipSharkEntityForge=1, death_AtlanticSalmonEntityForge_mob_by_ShortfinMakoSharkEntityForge=1, death_BlacktipReefSharkEntityForge_mob_by_ShortfinMakoSharkEntityForge=1, death_BlacktipReefSharkEntityForge_mob_by_TigerSharkEntityForge=1, death_CaribbeanReefOctopusEntityForge_mob_by_CommonStingrayEntityForge=1, death_CommonOctopusEntityForge_mob_by_GreatHammerheadSharkEntityForge=1, death_CommonStingrayEntityForge_mob_by_GreatHammerheadSharkEntityForge=1, death_CommonStingrayEntityForge_mob_by_OceanicWhitetipSharkEntityForge=1, death_GreenSeaTurtleEntityForge_mob_by_TigerSharkEntityForge=1, living_deaths=25, navigation_calls=26123, sensor_calls=72613}	60	63
32000	1462730280	{AmericanLobsterEntityForge=10, AtlanticCodEntityForge=8, AtlanticSalmonEntityForge=8, BlackSeaNettleJellyfishEntityForge=1, BlacktipReefSharkEntityForge=3, BottlenoseDolphinEntityForge=4, CannonballJellyfishEntityForge=2, CaribbeanReefOctopusEntityForge=2, CommonOctopusEntityForge=3, CommonStingrayEntityForge=3, CommonThresherSharkEntityForge=1, GiantMorayEelEntityForge=4, GreatHammerheadSharkEntityForge=1, GreatWhiteSharkEntityForge=1, GreenSeaTurtleEntityForge=3, HarborSealEntityForge=3, NautilusEntityForge=1, OceanicWhitetipSharkEntityForge=1, OrcaEntityForge=1, SandtigerSharkEntityForge=1, ShortfinMakoSharkEntityForge=1, TigerSharkEntityForge=1}	{AmericanLobsterEntityForge=300, AtlanticCodEntityForge=300, AtlanticSalmonEntityForge=300, BlackSeaNettleJellyfishEntityForge=300, BlacktipReefSharkEntityForge=300, BottlenoseDolphinEntityForge=700, CannonballJellyfishEntityForge=300, CaribbeanReefOctopusEntityForge=300, CommonOctopusEntityForge=300, CommonStingrayEntityForge=300, CommonThresherSharkEntityForge=300, GiantMorayEelEntityForge=300, GreatHammerheadSharkEntityForge=300, GreatWhiteSharkEntityForge=300, GreenSeaTurtleEntityForge=300, HarborSealEntityForge=300, NautilusEntityForge=300, OceanicWhitetipSharkEntityForge=300, OrcaEntityForge=700, SandtigerSharkEntityForge=300, ShortfinMakoSharkEntityForge=300, TigerSharkEntityForge=300}	11	{action_escape=60, action_feed=388, action_habitat=19, action_social=13, bounded_living_scans=2351, death_AmericanLobsterEntityForge_mob_by_BlacktipReefSharkEntityForge=1, death_AmericanLobsterEntityForge_mob_by_CommonStingrayEntityForge=2, death_AmericanLobsterEntityForge_mob_by_SandtigerSharkEntityForge=1, death_AtlanticCodEntityForge_mob_by_BlacktipReefSharkEntityForge=3, death_AtlanticCodEntityForge_mob_by_SandtigerSharkEntityForge=2, death_AtlanticSalmonEntityForge_mob_by_BlacktipReefSharkEntityForge=4, death_AtlanticSalmonEntityForge_mob_by_CommonThresherSharkEntityForge=2, death_AtlanticSalmonEntityForge_mob_by_GreatHammerheadSharkEntityForge=1, death_AtlanticSalmonEntityForge_mob_by_OceanicWhitetipSharkEntityForge=1, death_AtlanticSalmonEntityForge_mob_by_ShortfinMakoSharkEntityForge=1, death_BlacktipReefSharkEntityForge_mob_by_ShortfinMakoSharkEntityForge=1, death_BlacktipReefSharkEntityForge_mob_by_TigerSharkEntityForge=1, death_CaribbeanReefOctopusEntityForge_mob_by_CommonStingrayEntityForge=1, death_CommonOctopusEntityForge_mob_by_GreatHammerheadSharkEntityForge=1, death_CommonStingrayEntityForge_mob_by_GreatHammerheadSharkEntityForge=1, death_CommonStingrayEntityForge_mob_by_OceanicWhitetipSharkEntityForge=1, death_GreenSeaTurtleEntityForge_mob_by_TigerSharkEntityForge=1, living_deaths=25, navigation_calls=26289, sensor_calls=73054}	60	63
32200	289199344	{AmericanLobsterEntityForge=10, AtlanticCodEntityForge=8, AtlanticSalmonEntityForge=8, BlackSeaNettleJellyfishEntityForge=1, BlacktipReefSharkEntityForge=3, BottlenoseDolphinEntityForge=4, CannonballJellyfishEntityForge=2, CaribbeanReefOctopusEntityForge=2, CommonOctopusEntityForge=3, CommonStingrayEntityForge=3, CommonThresherSharkEntityForge=1, GiantMorayEelEntityForge=4, GreatHammerheadSharkEntityForge=1, GreatWhiteSharkEntityForge=1, GreenSeaTurtleEntityForge=3, HarborSealEntityForge=3, NautilusEntityForge=1, OceanicWhitetipSharkEntityForge=1, OrcaEntityForge=1, SandtigerSharkEntityForge=1, ShortfinMakoSharkEntityForge=1, TigerSharkEntityForge=1}	{AmericanLobsterEntityForge=300, AtlanticCodEntityForge=300, AtlanticSalmonEntityForge=300, BlackSeaNettleJellyfishEntityForge=300, BlacktipReefSharkEntityForge=300, BottlenoseDolphinEntityForge=700, CannonballJellyfishEntityForge=300, CaribbeanReefOctopusEntityForge=300, CommonOctopusEntityForge=300, CommonStingrayEntityForge=300, CommonThresherSharkEntityForge=300, GiantMorayEelEntityForge=300, GreatHammerheadSharkEntityForge=300, GreatWhiteSharkEntityForge=299, GreenSeaTurtleEntityForge=300, HarborSealEntityForge=300, NautilusEntityForge=300, OceanicWhitetipSharkEntityForge=300, OrcaEntityForge=700, SandtigerSharkEntityForge=300, ShortfinMakoSharkEntityForge=300, TigerSharkEntityForge=300}	11	{action_escape=61, action_feed=389, action_habitat=20, action_social=13, bounded_living_scans=2371, death_AmericanLobsterEntityForge_mob_by_BlacktipReefSharkEntityForge=1, death_AmericanLobsterEntityForge_mob_by_CommonStingrayEntityForge=2, death_AmericanLobsterEntityForge_mob_by_SandtigerSharkEntityForge=1, death_AtlanticCodEntityForge_mob_by_BlacktipReefSharkEntityForge=3, death_AtlanticCodEntityForge_mob_by_SandtigerSharkEntityForge=2, death_AtlanticSalmonEntityForge_mob_by_BlacktipReefSharkEntityForge=4, death_AtlanticSalmonEntityForge_mob_by_CommonThresherSharkEntityForge=2, death_AtlanticSalmonEntityForge_mob_by_GreatHammerheadSharkEntityForge=1, death_AtlanticSalmonEntityForge_mob_by_OceanicWhitetipSharkEntityForge=1, death_AtlanticSalmonEntityForge_mob_by_ShortfinMakoSharkEntityForge=1, death_BlacktipReefSharkEntityForge_mob_by_ShortfinMakoSharkEntityForge=1, death_BlacktipReefSharkEntityForge_mob_by_TigerSharkEntityForge=1, death_CaribbeanReefOctopusEntityForge_mob_by_CommonStingrayEntityForge=1, death_CommonOctopusEntityForge_mob_by_GreatHammerheadSharkEntityForge=1, death_CommonStingrayEntityForge_mob_by_GreatHammerheadSharkEntityForge=1, death_CommonStingrayEntityForge_mob_by_OceanicWhitetipSharkEntityForge=1, death_GreenSeaTurtleEntityForge_mob_by_TigerSharkEntityForge=1, living_deaths=25, navigation_calls=26448, sensor_calls=73525}	61	63
32400	294644752	{AmericanLobsterEntityForge=10, AtlanticCodEntityForge=8, AtlanticSalmonEntityForge=8, BlackSeaNettleJellyfishEntityForge=1, BlacktipReefSharkEntityForge=3, BottlenoseDolphinEntityForge=4, CannonballJellyfishEntityForge=2, CaribbeanReefOctopusEntityForge=2, CommonOctopusEntityForge=3, CommonStingrayEntityForge=3, CommonThresherSharkEntityForge=1, GiantMorayEelEntityForge=4, GreatHammerheadSharkEntityForge=1, GreatWhiteSharkEntityForge=1, GreenSeaTurtleEntityForge=3, HarborSealEntityForge=3, NautilusEntityForge=1, OceanicWhitetipSharkEntityForge=1, OrcaEntityForge=1, SandtigerSharkEntityForge=1, ShortfinMakoSharkEntityForge=1, TigerSharkEntityForge=1}	{AmericanLobsterEntityForge=300, AtlanticCodEntityForge=300, AtlanticSalmonEntityForge=300, BlackSeaNettleJellyfishEntityForge=300, BlacktipReefSharkEntityForge=300, BottlenoseDolphinEntityForge=700, CannonballJellyfishEntityForge=300, CaribbeanReefOctopusEntityForge=300, CommonOctopusEntityForge=300, CommonStingrayEntityForge=300, CommonThresherSharkEntityForge=300, GiantMorayEelEntityForge=300, GreatHammerheadSharkEntityForge=300, GreatWhiteSharkEntityForge=300, GreenSeaTurtleEntityForge=300, HarborSealEntityForge=300, NautilusEntityForge=300, OceanicWhitetipSharkEntityForge=300, OrcaEntityForge=700, SandtigerSharkEntityForge=300, ShortfinMakoSharkEntityForge=300, TigerSharkEntityForge=300}	11	{action_escape=61, action_feed=390, action_habitat=20, action_social=13, bounded_living_scans=2380, death_AmericanLobsterEntityForge_mob_by_BlacktipReefSharkEntityForge=1, death_AmericanLobsterEntityForge_mob_by_CommonStingrayEntityForge=2, death_AmericanLobsterEntityForge_mob_by_SandtigerSharkEntityForge=1, death_AtlanticCodEntityForge_mob_by_BlacktipReefSharkEntityForge=3, death_AtlanticCodEntityForge_mob_by_SandtigerSharkEntityForge=2, death_AtlanticSalmonEntityForge_mob_by_BlacktipReefSharkEntityForge=4, death_AtlanticSalmonEntityForge_mob_by_CommonThresherSharkEntityForge=2, death_AtlanticSalmonEntityForge_mob_by_GreatHammerheadSharkEntityForge=1, death_AtlanticSalmonEntityForge_mob_by_OceanicWhitetipSharkEntityForge=1, death_AtlanticSalmonEntityForge_mob_by_ShortfinMakoSharkEntityForge=1, death_BlacktipReefSharkEntityForge_mob_by_ShortfinMakoSharkEntityForge=1, death_BlacktipReefSharkEntityForge_mob_by_TigerSharkEntityForge=1, death_CaribbeanReefOctopusEntityForge_mob_by_CommonStingrayEntityForge=1, death_CommonOctopusEntityForge_mob_by_GreatHammerheadSharkEntityForge=1, death_CommonStingrayEntityForge_mob_by_GreatHammerheadSharkEntityForge=1, death_CommonStingrayEntityForge_mob_by_OceanicWhitetipSharkEntityForge=1, death_GreenSeaTurtleEntityForge_mob_by_TigerSharkEntityForge=1, living_deaths=25, navigation_calls=26627, sensor_calls=74001}	60	63
32600	404745232	{AmericanLobsterEntityForge=10, AtlanticCodEntityForge=8, AtlanticSalmonEntityForge=8, BlackSeaNettleJellyfishEntityForge=1, BlacktipReefSharkEntityForge=3, BottlenoseDolphinEntityForge=4, CannonballJellyfishEntityForge=2, CaribbeanReefOctopusEntityForge=2, CommonOctopusEntityForge=3, CommonStingrayEntityForge=3, CommonThresherSharkEntityForge=1, GiantMorayEelEntityForge=4, GreatHammerheadSharkEntityForge=1, GreatWhiteSharkEntityForge=1, GreenSeaTurtleEntityForge=3, HarborSealEntityForge=3, NautilusEntityForge=1, OceanicWhitetipSharkEntityForge=1, OrcaEntityForge=1, SandtigerSharkEntityForge=1, ShortfinMakoSharkEntityForge=1, TigerSharkEntityForge=1}	{AmericanLobsterEntityForge=300, AtlanticCodEntityForge=300, AtlanticSalmonEntityForge=300, BlackSeaNettleJellyfishEntityForge=300, BlacktipReefSharkEntityForge=300, BottlenoseDolphinEntityForge=700, CannonballJellyfishEntityForge=300, CaribbeanReefOctopusEntityForge=300, CommonOctopusEntityForge=300, CommonStingrayEntityForge=300, CommonThresherSharkEntityForge=300, GiantMorayEelEntityForge=300, GreatHammerheadSharkEntityForge=300, GreatWhiteSharkEntityForge=300, GreenSeaTurtleEntityForge=300, HarborSealEntityForge=300, NautilusEntityForge=300, OceanicWhitetipSharkEntityForge=300, OrcaEntityForge=700, SandtigerSharkEntityForge=300, ShortfinMakoSharkEntityForge=300, TigerSharkEntityForge=300}	11	{action_escape=62, action_feed=393, action_habitat=20, action_social=13, bounded_living_scans=2398, death_AmericanLobsterEntityForge_mob_by_BlacktipReefSharkEntityForge=1, death_AmericanLobsterEntityForge_mob_by_CommonStingrayEntityForge=2, death_AmericanLobsterEntityForge_mob_by_SandtigerSharkEntityForge=1, death_AtlanticCodEntityForge_mob_by_BlacktipReefSharkEntityForge=3, death_AtlanticCodEntityForge_mob_by_SandtigerSharkEntityForge=2, death_AtlanticSalmonEntityForge_mob_by_BlacktipReefSharkEntityForge=4, death_AtlanticSalmonEntityForge_mob_by_CommonThresherSharkEntityForge=2, death_AtlanticSalmonEntityForge_mob_by_GreatHammerheadSharkEntityForge=1, death_AtlanticSalmonEntityForge_mob_by_OceanicWhitetipSharkEntityForge=1, death_AtlanticSalmonEntityForge_mob_by_ShortfinMakoSharkEntityForge=1, death_BlacktipReefSharkEntityForge_mob_by_ShortfinMakoSharkEntityForge=1, death_BlacktipReefSharkEntityForge_mob_by_TigerSharkEntityForge=1, death_CaribbeanReefOctopusEntityForge_mob_by_CommonStingrayEntityForge=1, death_CommonOctopusEntityForge_mob_by_GreatHammerheadSharkEntityForge=1, death_CommonStingrayEntityForge_mob_by_GreatHammerheadSharkEntityForge=1, death_CommonStingrayEntityForge_mob_by_OceanicWhitetipSharkEntityForge=1, death_GreenSeaTurtleEntityForge_mob_by_TigerSharkEntityForge=1, living_deaths=25, navigation_calls=26796, sensor_calls=74437}	63	63
32800	514845712	{AmericanLobsterEntityForge=10, AtlanticCodEntityForge=8, AtlanticSalmonEntityForge=8, BlackSeaNettleJellyfishEntityForge=1, BlacktipReefSharkEntityForge=3, BottlenoseDolphinEntityForge=4, CannonballJellyfishEntityForge=2, CaribbeanReefOctopusEntityForge=2, CommonOctopusEntityForge=3, CommonStingrayEntityForge=3, CommonThresherSharkEntityForge=1, GiantMorayEelEntityForge=4, GreatHammerheadSharkEntityForge=1, GreatWhiteSharkEntityForge=1, GreenSeaTurtleEntityForge=3, HarborSealEntityForge=3, NautilusEntityForge=1, OceanicWhitetipSharkEntityForge=1, OrcaEntityForge=1, SandtigerSharkEntityForge=1, ShortfinMakoSharkEntityForge=1, TigerSharkEntityForge=1}	{AmericanLobsterEntityForge=300, AtlanticCodEntityForge=300, AtlanticSalmonEntityForge=300, BlackSeaNettleJellyfishEntityForge=300, BlacktipReefSharkEntityForge=300, BottlenoseDolphinEntityForge=700, CannonballJellyfishEntityForge=300, CaribbeanReefOctopusEntityForge=300, CommonOctopusEntityForge=300, CommonStingrayEntityForge=300, CommonThresherSharkEntityForge=300, GiantMorayEelEntityForge=300, GreatHammerheadSharkEntityForge=300, GreatWhiteSharkEntityForge=300, GreenSeaTurtleEntityForge=300, HarborSealEntityForge=300, NautilusEntityForge=300, OceanicWhitetipSharkEntityForge=300, OrcaEntityForge=700, SandtigerSharkEntityForge=300, ShortfinMakoSharkEntityForge=300, TigerSharkEntityForge=300}	11	{action_escape=62, action_feed=396, action_habitat=20, action_social=13, bounded_living_scans=2409, death_AmericanLobsterEntityForge_mob_by_BlacktipReefSharkEntityForge=1, death_AmericanLobsterEntityForge_mob_by_CommonStingrayEntityForge=2, death_AmericanLobsterEntityForge_mob_by_SandtigerSharkEntityForge=1, death_AtlanticCodEntityForge_mob_by_BlacktipReefSharkEntityForge=3, death_AtlanticCodEntityForge_mob_by_SandtigerSharkEntityForge=2, death_AtlanticSalmonEntityForge_mob_by_BlacktipReefSharkEntityForge=4, death_AtlanticSalmonEntityForge_mob_by_CommonThresherSharkEntityForge=2, death_AtlanticSalmonEntityForge_mob_by_GreatHammerheadSharkEntityForge=1, death_AtlanticSalmonEntityForge_mob_by_OceanicWhitetipSharkEntityForge=1, death_AtlanticSalmonEntityForge_mob_by_ShortfinMakoSharkEntityForge=1, death_BlacktipReefSharkEntityForge_mob_by_ShortfinMakoSharkEntityForge=1, death_BlacktipReefSharkEntityForge_mob_by_TigerSharkEntityForge=1, death_CaribbeanReefOctopusEntityForge_mob_by_CommonStingrayEntityForge=1, death_CommonOctopusEntityForge_mob_by_GreatHammerheadSharkEntityForge=1, death_CommonStingrayEntityForge_mob_by_GreatHammerheadSharkEntityForge=1, death_CommonStingrayEntityForge_mob_by_OceanicWhitetipSharkEntityForge=1, death_GreenSeaTurtleEntityForge_mob_by_TigerSharkEntityForge=1, living_deaths=25, navigation_calls=26949, sensor_calls=74913}	60	63
33000	619703312	{AmericanLobsterEntityForge=10, AtlanticCodEntityForge=8, AtlanticSalmonEntityForge=8, BlackSeaNettleJellyfishEntityForge=1, BlacktipReefSharkEntityForge=3, BottlenoseDolphinEntityForge=4, CannonballJellyfishEntityForge=2, CaribbeanReefOctopusEntityForge=2, CommonOctopusEntityForge=3, CommonStingrayEntityForge=3, CommonThresherSharkEntityForge=1, GiantMorayEelEntityForge=4, GreatHammerheadSharkEntityForge=1, GreatWhiteSharkEntityForge=1, GreenSeaTurtleEntityForge=3, HarborSealEntityForge=3, NautilusEntityForge=1, OceanicWhitetipSharkEntityForge=1, OrcaEntityForge=1, SandtigerSharkEntityForge=1, ShortfinMakoSharkEntityForge=1, TigerSharkEntityForge=1}	{AmericanLobsterEntityForge=300, AtlanticCodEntityForge=300, AtlanticSalmonEntityForge=300, BlackSeaNettleJellyfishEntityForge=300, BlacktipReefSharkEntityForge=300, BottlenoseDolphinEntityForge=700, CannonballJellyfishEntityForge=300, CaribbeanReefOctopusEntityForge=300, CommonOctopusEntityForge=300, CommonStingrayEntityForge=300, CommonThresherSharkEntityForge=300, GiantMorayEelEntityForge=300, GreatHammerheadSharkEntityForge=300, GreatWhiteSharkEntityForge=299, GreenSeaTurtleEntityForge=300, HarborSealEntityForge=300, NautilusEntityForge=300, OceanicWhitetipSharkEntityForge=300, OrcaEntityForge=700, SandtigerSharkEntityForge=300, ShortfinMakoSharkEntityForge=300, TigerSharkEntityForge=300}	11	{action_escape=62, action_feed=397, action_habitat=20, action_social=13, bounded_living_scans=2426, death_AmericanLobsterEntityForge_mob_by_BlacktipReefSharkEntityForge=1, death_AmericanLobsterEntityForge_mob_by_CommonStingrayEntityForge=2, death_AmericanLobsterEntityForge_mob_by_SandtigerSharkEntityForge=1, death_AtlanticCodEntityForge_mob_by_BlacktipReefSharkEntityForge=3, death_AtlanticCodEntityForge_mob_by_SandtigerSharkEntityForge=2, death_AtlanticSalmonEntityForge_mob_by_BlacktipReefSharkEntityForge=4, death_AtlanticSalmonEntityForge_mob_by_CommonThresherSharkEntityForge=2, death_AtlanticSalmonEntityForge_mob_by_GreatHammerheadSharkEntityForge=1, death_AtlanticSalmonEntityForge_mob_by_OceanicWhitetipSharkEntityForge=1, death_AtlanticSalmonEntityForge_mob_by_ShortfinMakoSharkEntityForge=1, death_BlacktipReefSharkEntityForge_mob_by_ShortfinMakoSharkEntityForge=1, death_BlacktipReefSharkEntityForge_mob_by_TigerSharkEntityForge=1, death_CaribbeanReefOctopusEntityForge_mob_by_CommonStingrayEntityForge=1, death_CommonOctopusEntityForge_mob_by_GreatHammerheadSharkEntityForge=1, death_CommonStingrayEntityForge_mob_by_GreatHammerheadSharkEntityForge=1, death_CommonStingrayEntityForge_mob_by_OceanicWhitetipSharkEntityForge=1, death_GreenSeaTurtleEntityForge_mob_by_TigerSharkEntityForge=1, living_deaths=25, navigation_calls=27092, sensor_calls=75353}	62	63
33200	728755216	{AmericanLobsterEntityForge=10, AtlanticCodEntityForge=8, AtlanticSalmonEntityForge=8, BlackSeaNettleJellyfishEntityForge=1, BlacktipReefSharkEntityForge=3, BottlenoseDolphinEntityForge=4, CannonballJellyfishEntityForge=2, CaribbeanReefOctopusEntityForge=2, CommonOctopusEntityForge=3, CommonStingrayEntityForge=3, CommonThresherSharkEntityForge=1, GiantMorayEelEntityForge=4, GreatHammerheadSharkEntityForge=1, GreatWhiteSharkEntityForge=1, GreenSeaTurtleEntityForge=3, HarborSealEntityForge=3, NautilusEntityForge=1, OceanicWhitetipSharkEntityForge=1, OrcaEntityForge=1, SandtigerSharkEntityForge=1, ShortfinMakoSharkEntityForge=1, TigerSharkEntityForge=1}	{AmericanLobsterEntityForge=300, AtlanticCodEntityForge=300, AtlanticSalmonEntityForge=300, BlackSeaNettleJellyfishEntityForge=300, BlacktipReefSharkEntityForge=300, BottlenoseDolphinEntityForge=700, CannonballJellyfishEntityForge=300, CaribbeanReefOctopusEntityForge=300, CommonOctopusEntityForge=300, CommonStingrayEntityForge=300, CommonThresherSharkEntityForge=300, GiantMorayEelEntityForge=300, GreatHammerheadSharkEntityForge=300, GreatWhiteSharkEntityForge=299, GreenSeaTurtleEntityForge=300, HarborSealEntityForge=300, NautilusEntityForge=300, OceanicWhitetipSharkEntityForge=300, OrcaEntityForge=700, SandtigerSharkEntityForge=300, ShortfinMakoSharkEntityForge=300, TigerSharkEntityForge=300}	11	{action_escape=63, action_feed=399, action_habitat=20, action_social=13, bounded_living_scans=2439, death_AmericanLobsterEntityForge_mob_by_BlacktipReefSharkEntityForge=1, death_AmericanLobsterEntityForge_mob_by_CommonStingrayEntityForge=2, death_AmericanLobsterEntityForge_mob_by_SandtigerSharkEntityForge=1, death_AtlanticCodEntityForge_mob_by_BlacktipReefSharkEntityForge=3, death_AtlanticCodEntityForge_mob_by_SandtigerSharkEntityForge=2, death_AtlanticSalmonEntityForge_mob_by_BlacktipReefSharkEntityForge=4, death_AtlanticSalmonEntityForge_mob_by_CommonThresherSharkEntityForge=2, death_AtlanticSalmonEntityForge_mob_by_GreatHammerheadSharkEntityForge=1, death_AtlanticSalmonEntityForge_mob_by_OceanicWhitetipSharkEntityForge=1, death_AtlanticSalmonEntityForge_mob_by_ShortfinMakoSharkEntityForge=1, death_BlacktipReefSharkEntityForge_mob_by_ShortfinMakoSharkEntityForge=1, death_BlacktipReefSharkEntityForge_mob_by_TigerSharkEntityForge=1, death_CaribbeanReefOctopusEntityForge_mob_by_CommonStingrayEntityForge=1, death_CommonOctopusEntityForge_mob_by_GreatHammerheadSharkEntityForge=1, death_CommonStingrayEntityForge_mob_by_GreatHammerheadSharkEntityForge=1, death_CommonStingrayEntityForge_mob_by_OceanicWhitetipSharkEntityForge=1, death_GreenSeaTurtleEntityForge_mob_by_TigerSharkEntityForge=1, living_deaths=25, navigation_calls=27254, sensor_calls=75826}	62	63
33400	835709968	{AmericanLobsterEntityForge=10, AtlanticCodEntityForge=8, AtlanticSalmonEntityForge=8, BlackSeaNettleJellyfishEntityForge=1, BlacktipReefSharkEntityForge=3, BottlenoseDolphinEntityForge=4, CannonballJellyfishEntityForge=2, CaribbeanReefOctopusEntityForge=2, CommonOctopusEntityForge=3, CommonStingrayEntityForge=3, CommonThresherSharkEntityForge=1, GiantMorayEelEntityForge=4, GreatHammerheadSharkEntityForge=1, GreatWhiteSharkEntityForge=1, GreenSeaTurtleEntityForge=3, HarborSealEntityForge=3, NautilusEntityForge=1, OceanicWhitetipSharkEntityForge=1, OrcaEntityForge=1, SandtigerSharkEntityForge=1, ShortfinMakoSharkEntityForge=1, TigerSharkEntityForge=1}	{AmericanLobsterEntityForge=300, AtlanticCodEntityForge=300, AtlanticSalmonEntityForge=300, BlackSeaNettleJellyfishEntityForge=300, BlacktipReefSharkEntityForge=300, BottlenoseDolphinEntityForge=700, CannonballJellyfishEntityForge=300, CaribbeanReefOctopusEntityForge=300, CommonOctopusEntityForge=300, CommonStingrayEntityForge=300, CommonThresherSharkEntityForge=300, GiantMorayEelEntityForge=300, GreatHammerheadSharkEntityForge=300, GreatWhiteSharkEntityForge=300, GreenSeaTurtleEntityForge=300, HarborSealEntityForge=300, NautilusEntityForge=300, OceanicWhitetipSharkEntityForge=300, OrcaEntityForge=700, SandtigerSharkEntityForge=300, ShortfinMakoSharkEntityForge=300, TigerSharkEntityForge=300}	11	{action_escape=63, action_feed=401, action_habitat=20, action_social=13, bounded_living_scans=2454, death_AmericanLobsterEntityForge_mob_by_BlacktipReefSharkEntityForge=1, death_AmericanLobsterEntityForge_mob_by_CommonStingrayEntityForge=2, death_AmericanLobsterEntityForge_mob_by_SandtigerSharkEntityForge=1, death_AtlanticCodEntityForge_mob_by_BlacktipReefSharkEntityForge=3, death_AtlanticCodEntityForge_mob_by_SandtigerSharkEntityForge=2, death_AtlanticSalmonEntityForge_mob_by_BlacktipReefSharkEntityForge=4, death_AtlanticSalmonEntityForge_mob_by_CommonThresherSharkEntityForge=2, death_AtlanticSalmonEntityForge_mob_by_GreatHammerheadSharkEntityForge=1, death_AtlanticSalmonEntityForge_mob_by_OceanicWhitetipSharkEntityForge=1, death_AtlanticSalmonEntityForge_mob_by_ShortfinMakoSharkEntityForge=1, death_BlacktipReefSharkEntityForge_mob_by_ShortfinMakoSharkEntityForge=1, death_BlacktipReefSharkEntityForge_mob_by_TigerSharkEntityForge=1, death_CaribbeanReefOctopusEntityForge_mob_by_CommonStingrayEntityForge=1, death_CommonOctopusEntityForge_mob_by_GreatHammerheadSharkEntityForge=1, death_CommonStingrayEntityForge_mob_by_GreatHammerheadSharkEntityForge=1, death_CommonStingrayEntityForge_mob_by_OceanicWhitetipSharkEntityForge=1, death_GreenSeaTurtleEntityForge_mob_by_TigerSharkEntityForge=1, living_deaths=25, navigation_calls=27397, sensor_calls=76265}	61	63
33600	944761872	{AmericanLobsterEntityForge=10, AtlanticCodEntityForge=8, AtlanticSalmonEntityForge=8, BlackSeaNettleJellyfishEntityForge=1, BlacktipReefSharkEntityForge=3, BottlenoseDolphinEntityForge=4, CannonballJellyfishEntityForge=2, CaribbeanReefOctopusEntityForge=2, CommonOctopusEntityForge=3, CommonStingrayEntityForge=3, CommonThresherSharkEntityForge=1, GiantMorayEelEntityForge=4, GreatHammerheadSharkEntityForge=1, GreatWhiteSharkEntityForge=1, GreenSeaTurtleEntityForge=3, HarborSealEntityForge=3, NautilusEntityForge=1, OceanicWhitetipSharkEntityForge=1, OrcaEntityForge=1, SandtigerSharkEntityForge=1, ShortfinMakoSharkEntityForge=1, TigerSharkEntityForge=1}	{AmericanLobsterEntityForge=300, AtlanticCodEntityForge=300, AtlanticSalmonEntityForge=300, BlackSeaNettleJellyfishEntityForge=300, BlacktipReefSharkEntityForge=300, BottlenoseDolphinEntityForge=700, CannonballJellyfishEntityForge=300, CaribbeanReefOctopusEntityForge=300, CommonOctopusEntityForge=300, CommonStingrayEntityForge=300, CommonThresherSharkEntityForge=300, GiantMorayEelEntityForge=300, GreatHammerheadSharkEntityForge=300, GreatWhiteSharkEntityForge=300, GreenSeaTurtleEntityForge=300, HarborSealEntityForge=300, NautilusEntityForge=300, OceanicWhitetipSharkEntityForge=300, OrcaEntityForge=692, SandtigerSharkEntityForge=300, ShortfinMakoSharkEntityForge=300, TigerSharkEntityForge=300}	11	{action_escape=63, action_feed=403, action_habitat=20, action_social=13, bounded_living_scans=2468, death_AmericanLobsterEntityForge_mob_by_BlacktipReefSharkEntityForge=1, death_AmericanLobsterEntityForge_mob_by_CommonStingrayEntityForge=2, death_AmericanLobsterEntityForge_mob_by_SandtigerSharkEntityForge=1, death_AtlanticCodEntityForge_mob_by_BlacktipReefSharkEntityForge=3, death_AtlanticCodEntityForge_mob_by_SandtigerSharkEntityForge=2, death_AtlanticSalmonEntityForge_mob_by_BlacktipReefSharkEntityForge=4, death_AtlanticSalmonEntityForge_mob_by_CommonThresherSharkEntityForge=2, death_AtlanticSalmonEntityForge_mob_by_GreatHammerheadSharkEntityForge=1, death_AtlanticSalmonEntityForge_mob_by_OceanicWhitetipSharkEntityForge=1, death_AtlanticSalmonEntityForge_mob_by_ShortfinMakoSharkEntityForge=1, death_BlacktipReefSharkEntityForge_mob_by_ShortfinMakoSharkEntityForge=1, death_BlacktipReefSharkEntityForge_mob_by_TigerSharkEntityForge=1, death_CaribbeanReefOctopusEntityForge_mob_by_CommonStingrayEntityForge=1, death_CommonOctopusEntityForge_mob_by_GreatHammerheadSharkEntityForge=1, death_CommonStingrayEntityForge_mob_by_GreatHammerheadSharkEntityForge=1, death_CommonStingrayEntityForge_mob_by_OceanicWhitetipSharkEntityForge=1, death_GreenSeaTurtleEntityForge_mob_by_TigerSharkEntityForge=1, living_deaths=25, navigation_calls=27508, sensor_calls=76738}	61	63
33800	1051716624	{AmericanLobsterEntityForge=10, AtlanticCodEntityForge=8, AtlanticSalmonEntityForge=8, BlackSeaNettleJellyfishEntityForge=1, BlacktipReefSharkEntityForge=3, BottlenoseDolphinEntityForge=4, CannonballJellyfishEntityForge=2, CaribbeanReefOctopusEntityForge=2, CommonOctopusEntityForge=3, CommonStingrayEntityForge=3, CommonThresherSharkEntityForge=1, GiantMorayEelEntityForge=4, GreatHammerheadSharkEntityForge=1, GreatWhiteSharkEntityForge=1, GreenSeaTurtleEntityForge=3, HarborSealEntityForge=3, NautilusEntityForge=1, OceanicWhitetipSharkEntityForge=1, OrcaEntityForge=1, SandtigerSharkEntityForge=1, ShortfinMakoSharkEntityForge=1, TigerSharkEntityForge=1}	{AmericanLobsterEntityForge=300, AtlanticCodEntityForge=300, AtlanticSalmonEntityForge=300, BlackSeaNettleJellyfishEntityForge=300, BlacktipReefSharkEntityForge=300, BottlenoseDolphinEntityForge=700, CannonballJellyfishEntityForge=300, CaribbeanReefOctopusEntityForge=300, CommonOctopusEntityForge=300, CommonStingrayEntityForge=300, CommonThresherSharkEntityForge=300, GiantMorayEelEntityForge=300, GreatHammerheadSharkEntityForge=300, GreatWhiteSharkEntityForge=300, GreenSeaTurtleEntityForge=300, HarborSealEntityForge=300, NautilusEntityForge=300, OceanicWhitetipSharkEntityForge=300, OrcaEntityForge=700, SandtigerSharkEntityForge=300, ShortfinMakoSharkEntityForge=300, TigerSharkEntityForge=300}	11	{action_escape=64, action_feed=404, action_habitat=20, action_social=13, bounded_living_scans=2487, death_AmericanLobsterEntityForge_mob_by_BlacktipReefSharkEntityForge=1, death_AmericanLobsterEntityForge_mob_by_CommonStingrayEntityForge=2, death_AmericanLobsterEntityForge_mob_by_SandtigerSharkEntityForge=1, death_AtlanticCodEntityForge_mob_by_BlacktipReefSharkEntityForge=3, death_AtlanticCodEntityForge_mob_by_SandtigerSharkEntityForge=2, death_AtlanticSalmonEntityForge_mob_by_BlacktipReefSharkEntityForge=4, death_AtlanticSalmonEntityForge_mob_by_CommonThresherSharkEntityForge=2, death_AtlanticSalmonEntityForge_mob_by_GreatHammerheadSharkEntityForge=1, death_AtlanticSalmonEntityForge_mob_by_OceanicWhitetipSharkEntityForge=1, death_AtlanticSalmonEntityForge_mob_by_ShortfinMakoSharkEntityForge=1, death_BlacktipReefSharkEntityForge_mob_by_ShortfinMakoSharkEntityForge=1, death_BlacktipReefSharkEntityForge_mob_by_TigerSharkEntityForge=1, death_CaribbeanReefOctopusEntityForge_mob_by_CommonStingrayEntityForge=1, death_CommonOctopusEntityForge_mob_by_GreatHammerheadSharkEntityForge=1, death_CommonStingrayEntityForge_mob_by_GreatHammerheadSharkEntityForge=1, death_CommonStingrayEntityForge_mob_by_OceanicWhitetipSharkEntityForge=1, death_GreenSeaTurtleEntityForge_mob_by_TigerSharkEntityForge=1, living_deaths=25, navigation_calls=27604, sensor_calls=77179}	63	63
34000	1155525648	{AmericanLobsterEntityForge=10, AtlanticCodEntityForge=8, AtlanticSalmonEntityForge=8, BlackSeaNettleJellyfishEntityForge=1, BlacktipReefSharkEntityForge=3, BottlenoseDolphinEntityForge=4, CannonballJellyfishEntityForge=2, CaribbeanReefOctopusEntityForge=2, CommonOctopusEntityForge=3, CommonStingrayEntityForge=3, CommonThresherSharkEntityForge=1, GiantMorayEelEntityForge=4, GreatHammerheadSharkEntityForge=1, GreatWhiteSharkEntityForge=1, GreenSeaTurtleEntityForge=3, HarborSealEntityForge=3, NautilusEntityForge=1, OceanicWhitetipSharkEntityForge=1, OrcaEntityForge=1, SandtigerSharkEntityForge=1, ShortfinMakoSharkEntityForge=1, TigerSharkEntityForge=1}	{AmericanLobsterEntityForge=300, AtlanticCodEntityForge=300, AtlanticSalmonEntityForge=299, BlackSeaNettleJellyfishEntityForge=300, BlacktipReefSharkEntityForge=300, BottlenoseDolphinEntityForge=700, CannonballJellyfishEntityForge=300, CaribbeanReefOctopusEntityForge=300, CommonOctopusEntityForge=300, CommonStingrayEntityForge=300, CommonThresherSharkEntityForge=300, GiantMorayEelEntityForge=300, GreatHammerheadSharkEntityForge=300, GreatWhiteSharkEntityForge=298, GreenSeaTurtleEntityForge=300, HarborSealEntityForge=300, NautilusEntityForge=300, OceanicWhitetipSharkEntityForge=300, OrcaEntityForge=700, SandtigerSharkEntityForge=300, ShortfinMakoSharkEntityForge=300, TigerSharkEntityForge=300}	11	{action_escape=64, action_feed=409, action_habitat=21, action_social=14, bounded_living_scans=2503, death_AmericanLobsterEntityForge_mob_by_BlacktipReefSharkEntityForge=1, death_AmericanLobsterEntityForge_mob_by_CommonStingrayEntityForge=2, death_AmericanLobsterEntityForge_mob_by_SandtigerSharkEntityForge=1, death_AtlanticCodEntityForge_mob_by_BlacktipReefSharkEntityForge=3, death_AtlanticCodEntityForge_mob_by_SandtigerSharkEntityForge=2, death_AtlanticSalmonEntityForge_mob_by_BlacktipReefSharkEntityForge=4, death_AtlanticSalmonEntityForge_mob_by_CommonThresherSharkEntityForge=2, death_AtlanticSalmonEntityForge_mob_by_GreatHammerheadSharkEntityForge=1, death_AtlanticSalmonEntityForge_mob_by_OceanicWhitetipSharkEntityForge=1, death_AtlanticSalmonEntityForge_mob_by_ShortfinMakoSharkEntityForge=1, death_BlacktipReefSharkEntityForge_mob_by_ShortfinMakoSharkEntityForge=1, death_BlacktipReefSharkEntityForge_mob_by_TigerSharkEntityForge=1, death_CaribbeanReefOctopusEntityForge_mob_by_CommonStingrayEntityForge=1, death_CommonOctopusEntityForge_mob_by_GreatHammerheadSharkEntityForge=1, death_CommonStingrayEntityForge_mob_by_GreatHammerheadSharkEntityForge=1, death_CommonStingrayEntityForge_mob_by_OceanicWhitetipSharkEntityForge=1, death_GreenSeaTurtleEntityForge_mob_by_TigerSharkEntityForge=1, living_deaths=25, navigation_calls=27676, sensor_calls=77650}	59	63
34200	1262480400	{AmericanLobsterEntityForge=10, AtlanticCodEntityForge=8, AtlanticSalmonEntityForge=8, BlackSeaNettleJellyfishEntityForge=1, BlacktipReefSharkEntityForge=3, BottlenoseDolphinEntityForge=4, CannonballJellyfishEntityForge=2, CaribbeanReefOctopusEntityForge=2, CommonOctopusEntityForge=3, CommonStingrayEntityForge=3, CommonThresherSharkEntityForge=1, GiantMorayEelEntityForge=4, GreatHammerheadSharkEntityForge=1, GreatWhiteSharkEntityForge=1, GreenSeaTurtleEntityForge=3, HarborSealEntityForge=3, NautilusEntityForge=1, OceanicWhitetipSharkEntityForge=1, OrcaEntityForge=1, SandtigerSharkEntityForge=1, ShortfinMakoSharkEntityForge=1, TigerSharkEntityForge=1}	{AmericanLobsterEntityForge=300, AtlanticCodEntityForge=300, AtlanticSalmonEntityForge=300, BlackSeaNettleJellyfishEntityForge=300, BlacktipReefSharkEntityForge=300, BottlenoseDolphinEntityForge=700, CannonballJellyfishEntityForge=300, CaribbeanReefOctopusEntityForge=300, CommonOctopusEntityForge=300, CommonStingrayEntityForge=300, CommonThresherSharkEntityForge=300, GiantMorayEelEntityForge=300, GreatHammerheadSharkEntityForge=300, GreatWhiteSharkEntityForge=300, GreenSeaTurtleEntityForge=300, HarborSealEntityForge=300, NautilusEntityForge=300, OceanicWhitetipSharkEntityForge=300, OrcaEntityForge=700, SandtigerSharkEntityForge=300, ShortfinMakoSharkEntityForge=300, TigerSharkEntityForge=300}	11	{action_escape=65, action_feed=411, action_habitat=21, action_social=14, bounded_living_scans=2520, death_AmericanLobsterEntityForge_mob_by_BlacktipReefSharkEntityForge=1, death_AmericanLobsterEntityForge_mob_by_CommonStingrayEntityForge=2, death_AmericanLobsterEntityForge_mob_by_SandtigerSharkEntityForge=1, death_AtlanticCodEntityForge_mob_by_BlacktipReefSharkEntityForge=3, death_AtlanticCodEntityForge_mob_by_SandtigerSharkEntityForge=2, death_AtlanticSalmonEntityForge_mob_by_BlacktipReefSharkEntityForge=4, death_AtlanticSalmonEntityForge_mob_by_CommonThresherSharkEntityForge=2, death_AtlanticSalmonEntityForge_mob_by_GreatHammerheadSharkEntityForge=1, death_AtlanticSalmonEntityForge_mob_by_OceanicWhitetipSharkEntityForge=1, death_AtlanticSalmonEntityForge_mob_by_ShortfinMakoSharkEntityForge=1, death_BlacktipReefSharkEntityForge_mob_by_ShortfinMakoSharkEntityForge=1, death_BlacktipReefSharkEntityForge_mob_by_TigerSharkEntityForge=1, death_CaribbeanReefOctopusEntityForge_mob_by_CommonStingrayEntityForge=1, death_CommonOctopusEntityForge_mob_by_GreatHammerheadSharkEntityForge=1, death_CommonStingrayEntityForge_mob_by_GreatHammerheadSharkEntityForge=1, death_CommonStingrayEntityForge_mob_by_OceanicWhitetipSharkEntityForge=1, death_GreenSeaTurtleEntityForge_mob_by_TigerSharkEntityForge=1, living_deaths=25, navigation_calls=27782, sensor_calls=78091}	58	63
34400	1366289424	{AmericanLobsterEntityForge=10, AtlanticCodEntityForge=8, AtlanticSalmonEntityForge=8, BlackSeaNettleJellyfishEntityForge=1, BlacktipReefSharkEntityForge=3, BottlenoseDolphinEntityForge=4, CannonballJellyfishEntityForge=2, CaribbeanReefOctopusEntityForge=2, CommonOctopusEntityForge=3, CommonStingrayEntityForge=3, CommonThresherSharkEntityForge=1, GiantMorayEelEntityForge=4, GreatHammerheadSharkEntityForge=1, GreatWhiteSharkEntityForge=1, GreenSeaTurtleEntityForge=3, HarborSealEntityForge=3, NautilusEntityForge=1, OceanicWhitetipSharkEntityForge=1, OrcaEntityForge=1, SandtigerSharkEntityForge=1, ShortfinMakoSharkEntityForge=1, TigerSharkEntityForge=1}	{AmericanLobsterEntityForge=300, AtlanticCodEntityForge=300, AtlanticSalmonEntityForge=300, BlackSeaNettleJellyfishEntityForge=300, BlacktipReefSharkEntityForge=300, BottlenoseDolphinEntityForge=700, CannonballJellyfishEntityForge=300, CaribbeanReefOctopusEntityForge=300, CommonOctopusEntityForge=300, CommonStingrayEntityForge=300, CommonThresherSharkEntityForge=300, GiantMorayEelEntityForge=300, GreatHammerheadSharkEntityForge=300, GreatWhiteSharkEntityForge=300, GreenSeaTurtleEntityForge=300, HarborSealEntityForge=300, NautilusEntityForge=300, OceanicWhitetipSharkEntityForge=300, OrcaEntityForge=700, SandtigerSharkEntityForge=300, ShortfinMakoSharkEntityForge=300, TigerSharkEntityForge=300}	11	{action_escape=65, action_feed=414, action_habitat=21, action_social=14, bounded_living_scans=2532, death_AmericanLobsterEntityForge_mob_by_BlacktipReefSharkEntityForge=1, death_AmericanLobsterEntityForge_mob_by_CommonStingrayEntityForge=2, death_AmericanLobsterEntityForge_mob_by_SandtigerSharkEntityForge=1, death_AtlanticCodEntityForge_mob_by_BlacktipReefSharkEntityForge=3, death_AtlanticCodEntityForge_mob_by_SandtigerSharkEntityForge=2, death_AtlanticSalmonEntityForge_mob_by_BlacktipReefSharkEntityForge=4, death_AtlanticSalmonEntityForge_mob_by_CommonThresherSharkEntityForge=2, death_AtlanticSalmonEntityForge_mob_by_GreatHammerheadSharkEntityForge=1, death_AtlanticSalmonEntityForge_mob_by_OceanicWhitetipSharkEntityForge=1, death_AtlanticSalmonEntityForge_mob_by_ShortfinMakoSharkEntityForge=1, death_BlacktipReefSharkEntityForge_mob_by_ShortfinMakoSharkEntityForge=1, death_BlacktipReefSharkEntityForge_mob_by_TigerSharkEntityForge=1, death_CaribbeanReefOctopusEntityForge_mob_by_CommonStingrayEntityForge=1, death_CommonOctopusEntityForge_mob_by_GreatHammerheadSharkEntityForge=1, death_CommonStingrayEntityForge_mob_by_GreatHammerheadSharkEntityForge=1, death_CommonStingrayEntityForge_mob_by_OceanicWhitetipSharkEntityForge=1, death_GreenSeaTurtleEntityForge_mob_by_TigerSharkEntityForge=1, living_deaths=25, navigation_calls=27889, sensor_calls=78562}	61	63
34600	1474292752	{AmericanLobsterEntityForge=10, AtlanticCodEntityForge=8, AtlanticSalmonEntityForge=8, BlackSeaNettleJellyfishEntityForge=1, BlacktipReefSharkEntityForge=3, BottlenoseDolphinEntityForge=4, CannonballJellyfishEntityForge=2, CaribbeanReefOctopusEntityForge=2, CommonOctopusEntityForge=3, CommonStingrayEntityForge=3, CommonThresherSharkEntityForge=1, GiantMorayEelEntityForge=4, GreatHammerheadSharkEntityForge=1, GreatWhiteSharkEntityForge=1, GreenSeaTurtleEntityForge=3, HarborSealEntityForge=3, NautilusEntityForge=1, OceanicWhitetipSharkEntityForge=1, OrcaEntityForge=1, SandtigerSharkEntityForge=1, ShortfinMakoSharkEntityForge=1, TigerSharkEntityForge=1}	{AmericanLobsterEntityForge=300, AtlanticCodEntityForge=300, AtlanticSalmonEntityForge=300, BlackSeaNettleJellyfishEntityForge=300, BlacktipReefSharkEntityForge=300, BottlenoseDolphinEntityForge=700, CannonballJellyfishEntityForge=300, CaribbeanReefOctopusEntityForge=300, CommonOctopusEntityForge=300, CommonStingrayEntityForge=300, CommonThresherSharkEntityForge=300, GiantMorayEelEntityForge=300, GreatHammerheadSharkEntityForge=300, GreatWhiteSharkEntityForge=300, GreenSeaTurtleEntityForge=300, HarborSealEntityForge=300, NautilusEntityForge=300, OceanicWhitetipSharkEntityForge=300, OrcaEntityForge=700, SandtigerSharkEntityForge=300, ShortfinMakoSharkEntityForge=300, TigerSharkEntityForge=300}	11	{action_escape=65, action_feed=415, action_habitat=22, action_social=14, bounded_living_scans=2550, death_AmericanLobsterEntityForge_mob_by_BlacktipReefSharkEntityForge=1, death_AmericanLobsterEntityForge_mob_by_CommonStingrayEntityForge=2, death_AmericanLobsterEntityForge_mob_by_SandtigerSharkEntityForge=1, death_AtlanticCodEntityForge_mob_by_BlacktipReefSharkEntityForge=3, death_AtlanticCodEntityForge_mob_by_SandtigerSharkEntityForge=2, death_AtlanticSalmonEntityForge_mob_by_BlacktipReefSharkEntityForge=4, death_AtlanticSalmonEntityForge_mob_by_CommonThresherSharkEntityForge=2, death_AtlanticSalmonEntityForge_mob_by_GreatHammerheadSharkEntityForge=1, death_AtlanticSalmonEntityForge_mob_by_OceanicWhitetipSharkEntityForge=1, death_AtlanticSalmonEntityForge_mob_by_ShortfinMakoSharkEntityForge=1, death_BlacktipReefSharkEntityForge_mob_by_ShortfinMakoSharkEntityForge=1, death_BlacktipReefSharkEntityForge_mob_by_TigerSharkEntityForge=1, death_CaribbeanReefOctopusEntityForge_mob_by_CommonStingrayEntityForge=1, death_CommonOctopusEntityForge_mob_by_GreatHammerheadSharkEntityForge=1, death_CommonStingrayEntityForge_mob_by_GreatHammerheadSharkEntityForge=1, death_CommonStingrayEntityForge_mob_by_OceanicWhitetipSharkEntityForge=1, death_GreenSeaTurtleEntityForge_mob_by_TigerSharkEntityForge=1, living_deaths=25, navigation_calls=28019, sensor_calls=79006}	63	63
34800	294284528	{AmericanLobsterEntityForge=10, AtlanticCodEntityForge=8, AtlanticSalmonEntityForge=8, BlackSeaNettleJellyfishEntityForge=1, BlacktipReefSharkEntityForge=3, BottlenoseDolphinEntityForge=4, CannonballJellyfishEntityForge=2, CaribbeanReefOctopusEntityForge=2, CommonOctopusEntityForge=3, CommonStingrayEntityForge=3, CommonThresherSharkEntityForge=1, GiantMorayEelEntityForge=4, GreatHammerheadSharkEntityForge=1, GreatWhiteSharkEntityForge=1, GreenSeaTurtleEntityForge=3, HarborSealEntityForge=3, NautilusEntityForge=1, OceanicWhitetipSharkEntityForge=1, OrcaEntityForge=1, SandtigerSharkEntityForge=1, ShortfinMakoSharkEntityForge=1, TigerSharkEntityForge=1}	{AmericanLobsterEntityForge=300, AtlanticCodEntityForge=300, AtlanticSalmonEntityForge=300, BlackSeaNettleJellyfishEntityForge=300, BlacktipReefSharkEntityForge=300, BottlenoseDolphinEntityForge=700, CannonballJellyfishEntityForge=300, CaribbeanReefOctopusEntityForge=300, CommonOctopusEntityForge=300, CommonStingrayEntityForge=300, CommonThresherSharkEntityForge=300, GiantMorayEelEntityForge=300, GreatHammerheadSharkEntityForge=300, GreatWhiteSharkEntityForge=300, GreenSeaTurtleEntityForge=300, HarborSealEntityForge=300, NautilusEntityForge=300, OceanicWhitetipSharkEntityForge=300, OrcaEntityForge=700, SandtigerSharkEntityForge=300, ShortfinMakoSharkEntityForge=300, TigerSharkEntityForge=300}	11	{action_escape=67, action_feed=418, action_habitat=22, action_social=14, bounded_living_scans=2565, death_AmericanLobsterEntityForge_mob_by_BlacktipReefSharkEntityForge=1, death_AmericanLobsterEntityForge_mob_by_CommonStingrayEntityForge=2, death_AmericanLobsterEntityForge_mob_by_SandtigerSharkEntityForge=1, death_AtlanticCodEntityForge_mob_by_BlacktipReefSharkEntityForge=3, death_AtlanticCodEntityForge_mob_by_SandtigerSharkEntityForge=2, death_AtlanticSalmonEntityForge_mob_by_BlacktipReefSharkEntityForge=4, death_AtlanticSalmonEntityForge_mob_by_CommonThresherSharkEntityForge=2, death_AtlanticSalmonEntityForge_mob_by_GreatHammerheadSharkEntityForge=1, death_AtlanticSalmonEntityForge_mob_by_OceanicWhitetipSharkEntityForge=1, death_AtlanticSalmonEntityForge_mob_by_ShortfinMakoSharkEntityForge=1, death_BlacktipReefSharkEntityForge_mob_by_ShortfinMakoSharkEntityForge=1, death_BlacktipReefSharkEntityForge_mob_by_TigerSharkEntityForge=1, death_CaribbeanReefOctopusEntityForge_mob_by_CommonStingrayEntityForge=1, death_CommonOctopusEntityForge_mob_by_GreatHammerheadSharkEntityForge=1, death_CommonStingrayEntityForge_mob_by_GreatHammerheadSharkEntityForge=1, death_CommonStingrayEntityForge_mob_by_OceanicWhitetipSharkEntityForge=1, death_GreenSeaTurtleEntityForge_mob_by_TigerSharkEntityForge=1, living_deaths=25, navigation_calls=28113, sensor_calls=79474}	63	63
35000	397044976	{AmericanLobsterEntityForge=10, AtlanticCodEntityForge=8, AtlanticSalmonEntityForge=8, BlackSeaNettleJellyfishEntityForge=1, BlacktipReefSharkEntityForge=3, BottlenoseDolphinEntityForge=4, CannonballJellyfishEntityForge=2, CaribbeanReefOctopusEntityForge=2, CommonOctopusEntityForge=3, CommonStingrayEntityForge=3, CommonThresherSharkEntityForge=1, GiantMorayEelEntityForge=4, GreatHammerheadSharkEntityForge=1, GreatWhiteSharkEntityForge=1, GreenSeaTurtleEntityForge=3, HarborSealEntityForge=3, NautilusEntityForge=1, OceanicWhitetipSharkEntityForge=1, OrcaEntityForge=1, SandtigerSharkEntityForge=1, ShortfinMakoSharkEntityForge=1, TigerSharkEntityForge=1}	{AmericanLobsterEntityForge=300, AtlanticCodEntityForge=300, AtlanticSalmonEntityForge=300, BlackSeaNettleJellyfishEntityForge=300, BlacktipReefSharkEntityForge=300, BottlenoseDolphinEntityForge=700, CannonballJellyfishEntityForge=300, CaribbeanReefOctopusEntityForge=300, CommonOctopusEntityForge=300, CommonStingrayEntityForge=300, CommonThresherSharkEntityForge=300, GiantMorayEelEntityForge=300, GreatHammerheadSharkEntityForge=300, GreatWhiteSharkEntityForge=300, GreenSeaTurtleEntityForge=300, HarborSealEntityForge=300, NautilusEntityForge=300, OceanicWhitetipSharkEntityForge=300, OrcaEntityForge=700, SandtigerSharkEntityForge=300, ShortfinMakoSharkEntityForge=300, TigerSharkEntityForge=300}	11	{action_escape=67, action_feed=421, action_habitat=22, action_social=14, bounded_living_scans=2581, death_AmericanLobsterEntityForge_mob_by_BlacktipReefSharkEntityForge=1, death_AmericanLobsterEntityForge_mob_by_CommonStingrayEntityForge=2, death_AmericanLobsterEntityForge_mob_by_SandtigerSharkEntityForge=1, death_AtlanticCodEntityForge_mob_by_BlacktipReefSharkEntityForge=3, death_AtlanticCodEntityForge_mob_by_SandtigerSharkEntityForge=2, death_AtlanticSalmonEntityForge_mob_by_BlacktipReefSharkEntityForge=4, death_AtlanticSalmonEntityForge_mob_by_CommonThresherSharkEntityForge=2, death_AtlanticSalmonEntityForge_mob_by_GreatHammerheadSharkEntityForge=1, death_AtlanticSalmonEntityForge_mob_by_OceanicWhitetipSharkEntityForge=1, death_AtlanticSalmonEntityForge_mob_by_ShortfinMakoSharkEntityForge=1, death_BlacktipReefSharkEntityForge_mob_by_ShortfinMakoSharkEntityForge=1, death_BlacktipReefSharkEntityForge_mob_by_TigerSharkEntityForge=1, death_CaribbeanReefOctopusEntityForge_mob_by_CommonStingrayEntityForge=1, death_CommonOctopusEntityForge_mob_by_GreatHammerheadSharkEntityForge=1, death_CommonStingrayEntityForge_mob_by_GreatHammerheadSharkEntityForge=1, death_CommonStingrayEntityForge_mob_by_OceanicWhitetipSharkEntityForge=1, death_GreenSeaTurtleEntityForge_mob_by_TigerSharkEntityForge=1, living_deaths=25, navigation_calls=28224, sensor_calls=79918}	61	63
35200	500854000	{AmericanLobsterEntityForge=10, AtlanticCodEntityForge=8, AtlanticSalmonEntityForge=8, BlackSeaNettleJellyfishEntityForge=1, BlacktipReefSharkEntityForge=3, BottlenoseDolphinEntityForge=4, CannonballJellyfishEntityForge=2, CaribbeanReefOctopusEntityForge=2, CommonOctopusEntityForge=3, CommonStingrayEntityForge=3, CommonThresherSharkEntityForge=1, GiantMorayEelEntityForge=4, GreatHammerheadSharkEntityForge=1, GreatWhiteSharkEntityForge=1, GreenSeaTurtleEntityForge=3, HarborSealEntityForge=3, NautilusEntityForge=1, OceanicWhitetipSharkEntityForge=1, OrcaEntityForge=1, SandtigerSharkEntityForge=1, ShortfinMakoSharkEntityForge=1, TigerSharkEntityForge=1}	{AmericanLobsterEntityForge=300, AtlanticCodEntityForge=300, AtlanticSalmonEntityForge=300, BlackSeaNettleJellyfishEntityForge=300, BlacktipReefSharkEntityForge=300, BottlenoseDolphinEntityForge=700, CannonballJellyfishEntityForge=300, CaribbeanReefOctopusEntityForge=300, CommonOctopusEntityForge=300, CommonStingrayEntityForge=300, CommonThresherSharkEntityForge=300, GiantMorayEelEntityForge=300, GreatHammerheadSharkEntityForge=300, GreatWhiteSharkEntityForge=300, GreenSeaTurtleEntityForge=300, HarborSealEntityForge=300, NautilusEntityForge=300, OceanicWhitetipSharkEntityForge=300, OrcaEntityForge=700, SandtigerSharkEntityForge=300, ShortfinMakoSharkEntityForge=300, TigerSharkEntityForge=300}	11	{action_escape=67, action_feed=423, action_habitat=23, action_social=14, bounded_living_scans=2592, death_AmericanLobsterEntityForge_mob_by_BlacktipReefSharkEntityForge=1, death_AmericanLobsterEntityForge_mob_by_CommonStingrayEntityForge=2, death_AmericanLobsterEntityForge_mob_by_SandtigerSharkEntityForge=1, death_AtlanticCodEntityForge_mob_by_BlacktipReefSharkEntityForge=3, death_AtlanticCodEntityForge_mob_by_SandtigerSharkEntityForge=2, death_AtlanticSalmonEntityForge_mob_by_BlacktipReefSharkEntityForge=4, death_AtlanticSalmonEntityForge_mob_by_CommonThresherSharkEntityForge=2, death_AtlanticSalmonEntityForge_mob_by_GreatHammerheadSharkEntityForge=1, death_AtlanticSalmonEntityForge_mob_by_OceanicWhitetipSharkEntityForge=1, death_AtlanticSalmonEntityForge_mob_by_ShortfinMakoSharkEntityForge=1, death_BlacktipReefSharkEntityForge_mob_by_ShortfinMakoSharkEntityForge=1, death_BlacktipReefSharkEntityForge_mob_by_TigerSharkEntityForge=1, death_CaribbeanReefOctopusEntityForge_mob_by_CommonStingrayEntityForge=1, death_CommonOctopusEntityForge_mob_by_GreatHammerheadSharkEntityForge=1, death_CommonStingrayEntityForge_mob_by_GreatHammerheadSharkEntityForge=1, death_CommonStingrayEntityForge_mob_by_OceanicWhitetipSharkEntityForge=1, death_GreenSeaTurtleEntityForge_mob_by_TigerSharkEntityForge=1, living_deaths=25, navigation_calls=28329, sensor_calls=80387}	63	63
35400	606760176	{AmericanLobsterEntityForge=10, AtlanticCodEntityForge=8, AtlanticSalmonEntityForge=8, BlackSeaNettleJellyfishEntityForge=1, BlacktipReefSharkEntityForge=3, BottlenoseDolphinEntityForge=4, CannonballJellyfishEntityForge=2, CaribbeanReefOctopusEntityForge=2, CommonOctopusEntityForge=3, CommonStingrayEntityForge=3, CommonThresherSharkEntityForge=1, GiantMorayEelEntityForge=4, GreatHammerheadSharkEntityForge=1, GreatWhiteSharkEntityForge=1, GreenSeaTurtleEntityForge=3, HarborSealEntityForge=3, NautilusEntityForge=1, OceanicWhitetipSharkEntityForge=1, OrcaEntityForge=1, SandtigerSharkEntityForge=1, ShortfinMakoSharkEntityForge=1, TigerSharkEntityForge=1}	{AmericanLobsterEntityForge=300, AtlanticCodEntityForge=300, AtlanticSalmonEntityForge=300, BlackSeaNettleJellyfishEntityForge=300, BlacktipReefSharkEntityForge=300, BottlenoseDolphinEntityForge=700, CannonballJellyfishEntityForge=300, CaribbeanReefOctopusEntityForge=300, CommonOctopusEntityForge=300, CommonStingrayEntityForge=300, CommonThresherSharkEntityForge=300, GiantMorayEelEntityForge=300, GreatHammerheadSharkEntityForge=300, GreatWhiteSharkEntityForge=300, GreenSeaTurtleEntityForge=300, HarborSealEntityForge=300, NautilusEntityForge=300, OceanicWhitetipSharkEntityForge=300, OrcaEntityForge=700, SandtigerSharkEntityForge=300, ShortfinMakoSharkEntityForge=300, TigerSharkEntityForge=300}	11	{action_escape=67, action_feed=425, action_habitat=23, action_social=14, bounded_living_scans=2610, death_AmericanLobsterEntityForge_mob_by_BlacktipReefSharkEntityForge=1, death_AmericanLobsterEntityForge_mob_by_CommonStingrayEntityForge=2, death_AmericanLobsterEntityForge_mob_by_SandtigerSharkEntityForge=1, death_AtlanticCodEntityForge_mob_by_BlacktipReefSharkEntityForge=3, death_AtlanticCodEntityForge_mob_by_SandtigerSharkEntityForge=2, death_AtlanticSalmonEntityForge_mob_by_BlacktipReefSharkEntityForge=4, death_AtlanticSalmonEntityForge_mob_by_CommonThresherSharkEntityForge=2, death_AtlanticSalmonEntityForge_mob_by_GreatHammerheadSharkEntityForge=1, death_AtlanticSalmonEntityForge_mob_by_OceanicWhitetipSharkEntityForge=1, death_AtlanticSalmonEntityForge_mob_by_ShortfinMakoSharkEntityForge=1, death_BlacktipReefSharkEntityForge_mob_by_ShortfinMakoSharkEntityForge=1, death_BlacktipReefSharkEntityForge_mob_by_TigerSharkEntityForge=1, death_CaribbeanReefOctopusEntityForge_mob_by_CommonStingrayEntityForge=1, death_CommonOctopusEntityForge_mob_by_GreatHammerheadSharkEntityForge=1, death_CommonStingrayEntityForge_mob_by_GreatHammerheadSharkEntityForge=1, death_CommonStingrayEntityForge_mob_by_OceanicWhitetipSharkEntityForge=1, death_GreenSeaTurtleEntityForge_mob_by_TigerSharkEntityForge=1, living_deaths=25, navigation_calls=28427, sensor_calls=80830}	60	63
35600	715812080	{AmericanLobsterEntityForge=10, AtlanticCodEntityForge=8, AtlanticSalmonEntityForge=8, BlackSeaNettleJellyfishEntityForge=1, BlacktipReefSharkEntityForge=3, BottlenoseDolphinEntityForge=4, CannonballJellyfishEntityForge=2, CaribbeanReefOctopusEntityForge=2, CommonOctopusEntityForge=3, CommonStingrayEntityForge=3, CommonThresherSharkEntityForge=1, GiantMorayEelEntityForge=4, GreatHammerheadSharkEntityForge=1, GreatWhiteSharkEntityForge=1, GreenSeaTurtleEntityForge=3, HarborSealEntityForge=3, NautilusEntityForge=1, OceanicWhitetipSharkEntityForge=1, OrcaEntityForge=1, SandtigerSharkEntityForge=1, ShortfinMakoSharkEntityForge=1, TigerSharkEntityForge=1}	{AmericanLobsterEntityForge=300, AtlanticCodEntityForge=300, AtlanticSalmonEntityForge=300, BlackSeaNettleJellyfishEntityForge=300, BlacktipReefSharkEntityForge=300, BottlenoseDolphinEntityForge=700, CannonballJellyfishEntityForge=300, CaribbeanReefOctopusEntityForge=300, CommonOctopusEntityForge=300, CommonStingrayEntityForge=300, CommonThresherSharkEntityForge=300, GiantMorayEelEntityForge=300, GreatHammerheadSharkEntityForge=300, GreatWhiteSharkEntityForge=300, GreenSeaTurtleEntityForge=300, HarborSealEntityForge=300, NautilusEntityForge=300, OceanicWhitetipSharkEntityForge=300, OrcaEntityForge=700, SandtigerSharkEntityForge=300, ShortfinMakoSharkEntityForge=300, TigerSharkEntityForge=300}	11	{action_escape=67, action_feed=429, action_habitat=24, action_social=14, bounded_living_scans=2626, death_AmericanLobsterEntityForge_mob_by_BlacktipReefSharkEntityForge=1, death_AmericanLobsterEntityForge_mob_by_CommonStingrayEntityForge=2, death_AmericanLobsterEntityForge_mob_by_SandtigerSharkEntityForge=1, death_AtlanticCodEntityForge_mob_by_BlacktipReefSharkEntityForge=3, death_AtlanticCodEntityForge_mob_by_SandtigerSharkEntityForge=2, death_AtlanticSalmonEntityForge_mob_by_BlacktipReefSharkEntityForge=4, death_AtlanticSalmonEntityForge_mob_by_CommonThresherSharkEntityForge=2, death_AtlanticSalmonEntityForge_mob_by_GreatHammerheadSharkEntityForge=1, death_AtlanticSalmonEntityForge_mob_by_OceanicWhitetipSharkEntityForge=1, death_AtlanticSalmonEntityForge_mob_by_ShortfinMakoSharkEntityForge=1, death_BlacktipReefSharkEntityForge_mob_by_ShortfinMakoSharkEntityForge=1, death_BlacktipReefSharkEntityForge_mob_by_TigerSharkEntityForge=1, death_CaribbeanReefOctopusEntityForge_mob_by_CommonStingrayEntityForge=1, death_CommonOctopusEntityForge_mob_by_GreatHammerheadSharkEntityForge=1, death_CommonStingrayEntityForge_mob_by_GreatHammerheadSharkEntityForge=1, death_CommonStingrayEntityForge_mob_by_OceanicWhitetipSharkEntityForge=1, death_GreenSeaTurtleEntityForge_mob_by_TigerSharkEntityForge=1, living_deaths=25, navigation_calls=28546, sensor_calls=81301}	63	63
35800	819621104	{AmericanLobsterEntityForge=10, AtlanticCodEntityForge=8, AtlanticSalmonEntityForge=8, BlackSeaNettleJellyfishEntityForge=1, BlacktipReefSharkEntityForge=3, BottlenoseDolphinEntityForge=4, CannonballJellyfishEntityForge=2, CaribbeanReefOctopusEntityForge=2, CommonOctopusEntityForge=3, CommonStingrayEntityForge=3, CommonThresherSharkEntityForge=1, GiantMorayEelEntityForge=4, GreatHammerheadSharkEntityForge=1, GreatWhiteSharkEntityForge=1, GreenSeaTurtleEntityForge=3, HarborSealEntityForge=3, NautilusEntityForge=1, OceanicWhitetipSharkEntityForge=1, OrcaEntityForge=1, SandtigerSharkEntityForge=1, ShortfinMakoSharkEntityForge=1, TigerSharkEntityForge=1}	{AmericanLobsterEntityForge=300, AtlanticCodEntityForge=300, AtlanticSalmonEntityForge=300, BlackSeaNettleJellyfishEntityForge=300, BlacktipReefSharkEntityForge=300, BottlenoseDolphinEntityForge=700, CannonballJellyfishEntityForge=300, CaribbeanReefOctopusEntityForge=300, CommonOctopusEntityForge=300, CommonStingrayEntityForge=300, CommonThresherSharkEntityForge=300, GiantMorayEelEntityForge=300, GreatHammerheadSharkEntityForge=300, GreatWhiteSharkEntityForge=300, GreenSeaTurtleEntityForge=300, HarborSealEntityForge=300, NautilusEntityForge=300, OceanicWhitetipSharkEntityForge=300, OrcaEntityForge=700, SandtigerSharkEntityForge=300, ShortfinMakoSharkEntityForge=300, TigerSharkEntityForge=300}	11	{action_escape=67, action_feed=431, action_habitat=24, action_social=14, bounded_living_scans=2643, death_AmericanLobsterEntityForge_mob_by_BlacktipReefSharkEntityForge=1, death_AmericanLobsterEntityForge_mob_by_CommonStingrayEntityForge=2, death_AmericanLobsterEntityForge_mob_by_SandtigerSharkEntityForge=1, death_AtlanticCodEntityForge_mob_by_BlacktipReefSharkEntityForge=3, death_AtlanticCodEntityForge_mob_by_SandtigerSharkEntityForge=2, death_AtlanticSalmonEntityForge_mob_by_BlacktipReefSharkEntityForge=4, death_AtlanticSalmonEntityForge_mob_by_CommonThresherSharkEntityForge=2, death_AtlanticSalmonEntityForge_mob_by_GreatHammerheadSharkEntityForge=1, death_AtlanticSalmonEntityForge_mob_by_OceanicWhitetipSharkEntityForge=1, death_AtlanticSalmonEntityForge_mob_by_ShortfinMakoSharkEntityForge=1, death_BlacktipReefSharkEntityForge_mob_by_ShortfinMakoSharkEntityForge=1, death_BlacktipReefSharkEntityForge_mob_by_TigerSharkEntityForge=1, death_CaribbeanReefOctopusEntityForge_mob_by_CommonStingrayEntityForge=1, death_CommonOctopusEntityForge_mob_by_GreatHammerheadSharkEntityForge=1, death_CommonStingrayEntityForge_mob_by_GreatHammerheadSharkEntityForge=1, death_CommonStingrayEntityForge_mob_by_OceanicWhitetipSharkEntityForge=1, death_GreenSeaTurtleEntityForge_mob_by_TigerSharkEntityForge=1, living_deaths=25, navigation_calls=28685, sensor_calls=81742}	62	63
36000	927624432	{AmericanLobsterEntityForge=10, AtlanticCodEntityForge=8, AtlanticSalmonEntityForge=8, BlackSeaNettleJellyfishEntityForge=1, BlacktipReefSharkEntityForge=3, BottlenoseDolphinEntityForge=4, CannonballJellyfishEntityForge=2, CaribbeanReefOctopusEntityForge=2, CommonOctopusEntityForge=3, CommonStingrayEntityForge=3, CommonThresherSharkEntityForge=1, GiantMorayEelEntityForge=4, GreatHammerheadSharkEntityForge=1, GreatWhiteSharkEntityForge=1, GreenSeaTurtleEntityForge=3, HarborSealEntityForge=3, NautilusEntityForge=1, OceanicWhitetipSharkEntityForge=1, OrcaEntityForge=1, SandtigerSharkEntityForge=1, ShortfinMakoSharkEntityForge=1, TigerSharkEntityForge=1}	{AmericanLobsterEntityForge=300, AtlanticCodEntityForge=300, AtlanticSalmonEntityForge=300, BlackSeaNettleJellyfishEntityForge=300, BlacktipReefSharkEntityForge=300, BottlenoseDolphinEntityForge=700, CannonballJellyfishEntityForge=300, CaribbeanReefOctopusEntityForge=300, CommonOctopusEntityForge=300, CommonStingrayEntityForge=300, CommonThresherSharkEntityForge=300, GiantMorayEelEntityForge=300, GreatHammerheadSharkEntityForge=300, GreatWhiteSharkEntityForge=300, GreenSeaTurtleEntityForge=300, HarborSealEntityForge=300, NautilusEntityForge=300, OceanicWhitetipSharkEntityForge=300, OrcaEntityForge=700, SandtigerSharkEntityForge=300, ShortfinMakoSharkEntityForge=300, TigerSharkEntityForge=300}	11	{action_escape=67, action_feed=433, action_habitat=24, action_social=14, bounded_living_scans=2657, death_AmericanLobsterEntityForge_mob_by_BlacktipReefSharkEntityForge=1, death_AmericanLobsterEntityForge_mob_by_CommonStingrayEntityForge=2, death_AmericanLobsterEntityForge_mob_by_SandtigerSharkEntityForge=1, death_AtlanticCodEntityForge_mob_by_BlacktipReefSharkEntityForge=3, death_AtlanticCodEntityForge_mob_by_SandtigerSharkEntityForge=2, death_AtlanticSalmonEntityForge_mob_by_BlacktipReefSharkEntityForge=4, death_AtlanticSalmonEntityForge_mob_by_CommonThresherSharkEntityForge=2, death_AtlanticSalmonEntityForge_mob_by_GreatHammerheadSharkEntityForge=1, death_AtlanticSalmonEntityForge_mob_by_OceanicWhitetipSharkEntityForge=1, death_AtlanticSalmonEntityForge_mob_by_ShortfinMakoSharkEntityForge=1, death_BlacktipReefSharkEntityForge_mob_by_ShortfinMakoSharkEntityForge=1, death_BlacktipReefSharkEntityForge_mob_by_TigerSharkEntityForge=1, death_CaribbeanReefOctopusEntityForge_mob_by_CommonStingrayEntityForge=1, death_CommonOctopusEntityForge_mob_by_GreatHammerheadSharkEntityForge=1, death_CommonStingrayEntityForge_mob_by_GreatHammerheadSharkEntityForge=1, death_CommonStingrayEntityForge_mob_by_OceanicWhitetipSharkEntityForge=1, death_GreenSeaTurtleEntityForge_mob_by_TigerSharkEntityForge=1, living_deaths=25, navigation_calls=28871, sensor_calls=82213}	61	63
