tick,duration_ns
1,2903678
2,3002860
3,2775159
4,2758794
5,1584197
6,2847411
7,2751088
8,1679466
9,5491967
10,2693115
11,3337314
12,1937493
13,3096979
14,2578250
15,2702884
16,2689982
17,4102034
18,3575703
19,2811889
20,1614221
21,3238551
22,1482637
23,1788049
24,2742468
25,2215606
26,2800272
27,2147990
28,3180619
29,2230028
30,1628429
31,1507768
32,3046389
33,1843544
34,2176153
35,1622314
36,1581682
37,1559307
38,1656232
39,3061463
40,2218232
41,3001152
42,3211532
43,1802181
44,2946061
45,10090103
46,2058546
47,2857093
48,2907298
49,1422601
50,2822054
51,3140681
52,3216774
53,3735047
54,3280760
55,2921448
56,2106841
57,1533215
58,2952738
59,2776350
60,3349848
61,3262098
62,3055287
63,2918702
64,3231949
65,2918920
66,3057591
67,2934751
68,4311162
69,3995489
70,2265127
71,3099857
72,6120392
73,3215965
74,2924838
75,3010717
76,3294653
77,2944718
78,3587805
79,3034372
80,2124032
81,4254789
82,3526761
83,1935906
84,2904026
85,3142500
86,3086518
87,2897081
88,3012402
89,2944170
90,2831603
91,2967487
92,2962211
93,2699344
94,2763723
95,2949704
96,2883051
97,2925918
98,3157777
99,1878272
100,2487417
101,3401777
102,3595509
103,3115567
104,4092938
105,2977640
106,2843143
107,1388320
108,2719357
109,2585436
110,2885371
111,1475635
112,2715965
113,1601024
114,1442618
115,2693244
116,3756784
117,4815395
118,3196850
119,2668941
120,3208630
121,2718636
122,2752141
123,3264835
124,2830062
125,1489631
126,1487787
127,2907910
128,1618866
129,1745627
130,3984081
131,2605438
132,4375480
133,4115843
134,5139427
135,4019242
136,3624102
137,3741772
138,2241311
139,2532466
140,2659808
141,2525917
142,3222669
143,3110633
144,2773508
145,3032561
146,2750126
147,2342982
148,2442581
149,1345293
150,2472005
151,2007391
152,1830659
153,1859276
154,2514881
155,1971521
156,1962953
157,1965820
158,2736921
159,1722307
160,2444922
161,2586310
162,2633501
163,2009804
164,2065569
165,4999043
166,2134600
167,2437845
168,1948516
169,2847575
170,2784391
171,2977422
172,1919312
173,2410378
174,2594816
175,2593407
176,2441993
177,2491292
178,3856764
179,3980318
180,4163792
181,4015863
182,3761281
183,3917974
184,3824257
185,2398478
186,3434901
187,1955334
188,3031437
189,3740775
190,1397322
191,4371474
192,1496756
193,2758893
194,2302936
195,2621290
196,2432704
197,2983055
198,3358634
199,2685378
200,3616264
201,2969852
202,2846814
203,2616155
204,2429081
205,2844151
206,2995872
207,2997711
208,2718135
209,2312485
210,2590406
211,3967615
212,2462012
213,2854903
214,3563889
215,2926207
216,5773867
217,1664867
218,2247907
219,3802482
220,3600806
221,2826327
222,3318363
223,1964075
224,2376912
225,2966024
226,1945438
227,1464789
228,3005083
229,4970627
230,3240739
231,2986018
232,2340983
233,3197274
234,2988722
235,2379561
236,4341243
237,2310277
238,2687763
239,3287082
240,2774121
241,2753060
242,3092927
243,3143529
244,1474016
245,2958586
246,4565112
247,4163630
248,2526219
249,3324584
250,1730551
251,2397548
252,3441165
253,3329618
254,2581052
255,2261184
256,4077482
257,3434179
258,2918378
259,2783230
260,3755791
261,4273259
262,4260229
263,3009117
264,2452981
265,2873130
266,1536546
267,2726487
268,3976073
269,2623103
270,1730861
271,3087173
272,2782695
273,2409493
274,2124274
275,2157503
276,4573050
277,4649092
278,2695447
279,4090414
280,3782430
281,3035143
282,3016701
283,6100741
284,2683831
285,2583968
286,1473405
287,1656431
288,2728425
289,2347206
290,2216037
291,2859985
292,6064663
293,2944965
294,2585637
295,2729795
296,1948269
297,2260261
298,2849585
299,2851610
300,3969103
301,2799786
302,2689222
303,2890304
304,2378633
305,2570252
306,3794798
307,4036555
308,1673670
309,2186052
310,2620178
311,2607274
312,2940497
313,2430100
314,3137023
315,2868282
316,1450436
317,2816668
318,4613204
319,1621487
320,2513012
321,2608819
322,2808305
323,2564674
324,4613905
325,4221571
326,3835992
327,2694959
328,2836244
329,2658899
330,1654505
331,1600598
332,4743504
333,1849392
334,2505226
335,2716749
336,2375721
337,2162836
338,2532893
339,3827299
340,2694734
341,2520432
342,2703292
343,3205543
344,2343208
345,3025456
346,2393458
347,2567040
348,2833944
349,2336540
350,3972303
351,2664420
352,2749366
353,2423655
354,3098352
355,2339256
356,2743936
357,4428413
358,4168201
359,4399602
360,3162755
361,5079209
362,2351346
363,4203010
364,4798225
365,2968682
366,2645914
367,2684442
368,2959632
369,2912818
370,4147543
371,3433513
372,2080932
373,1468901
374,2489913
375,3296467
376,2526858
377,2326805
378,2610883
379,2487451
380,2389125
381,2771635
382,2497881
383,2383954
384,2506277
385,2385220
386,2299067
387,2026700
388,1906538
389,3934134
390,2318539
391,2596725
392,6056043
393,2574157
394,1279110
395,3897991
396,3931999
397,4244584
398,4436076
399,3040355
400,5359315
401,2295899
402,2406244
403,4098517
404,3883202
405,2520319
406,3523892
407,2276138
408,2859480
409,2863517
410,3045436
411,2551910
412,2358461
413,2485153
414,2257748
415,3532271
416,3346093
417,2593618
418,2824225
419,2219370
420,2776246
421,2521873
422,4243320
423,2617610
424,2267062
425,2791151
426,2865548
427,3061171
428,3753028
429,7120082
430,4623395
431,4109183
432,3814888
433,2479260
434,2367779
435,3512383
436,4013544
437,1868459
438,3976109
439,2748994
440,3862296
441,3244988
442,3476080
443,2815034
444,2654617
445,2375657
446,2404391
447,2540696
448,3022432
449,2837410
450,2384140
451,2280022
452,2356104
453,2707419
454,2365336
455,2489224
456,2634746
457,2178809
458,2658894
459,2826542
460,2317993
461,2950443
462,2745827
463,2585821
464,3188133
465,2382465
466,1996740
467,2517665
468,2493778
469,1404302
470,2230985
471,2207650
472,2432317
473,2630519
474,6035186
475,2321065
476,2234528
477,2253977
478,4051401
479,3180806
480,1880853
481,2430560
482,8721809
483,4165145
484,2660097
485,2686236
486,2385930
487,1701270
488,2547970
489,2098221
490,2097174
491,1998849
492,2225694
493,2008554
494,3378603
495,2054737
496,1980010
497,2664961
498,3546713
499,3771491
500,3693925
501,3693425
502,3763296
503,3799387
504,3249223
505,2740228
506,2805960
507,2182192
508,1934113
509,1950200
510,3826293
511,1710537
512,1304112
513,2010060
514,1786460
515,1860169
516,1930545
517,1776197
518,2645710
519,4104732
520,3438388
521,2738183
522,2722328
523,1585477
524,4139829
525,2818839
526,2952982
527,2638458
528,2878847
529,4801297
530,3867760
531,3718637
532,1487739
533,1814319
534,2065240
535,2916885
536,2779067
537,1810370
538,2878572
539,2063537
540,2856559
541,2214220
542,5445085
543,4416738
544,2761753
545,2644428
546,3122869
547,2583113
548,2704716
549,2907181
550,1383988
551,3078860
552,2918123
553,2276153
554,3309067
555,2841176
556,3282286
557,3490627
558,2691137
559,2192264
560,2655265
561,2933834
562,2742093
563,4055108
564,3174039
565,3038888
566,1671554
567,2864592
568,3003009
569,13544704
570,4015948
571,4050377
572,3061282
573,1892841
574,1976092
575,1267445
576,1380552
577,2527102
578,4236378
579,5048708
580,2627986
581,3054198
582,1908284
583,1358676
584,2454531
585,2431619
586,2826126
587,2363913
588,2553200
589,3015240
590,1987955
591,2015115
592,4141696
593,2075931
594,1747888
595,5161062
596,2051996
597,2562581
598,5677597
599,2381903
600,3968546
601,5828621
602,2876723
603,2730347
604,3858810
605,2552118
606,2516904
607,2303247
608,1939189
609,2322789
610,3114327
611,2793828
612,2706219
613,2794876
614,4272498
615,2728830
616,2313072
617,3494571
618,2965931
619,1574810
620,2635038
621,1230012
622,4087678
623,4532034
624,4432793
625,3950092
626,4109092
627,4052002
628,3781691
629,1500910
630,2741084
631,2716503
632,2538716
633,2794723
634,2532040
635,3143230
636,2844805
637,2602440
638,5063313
639,2626803
640,2502628
641,3978528
642,3740546
643,2446547
644,3957873
645,2277268
646,2506256
647,2422941
648,3261269
649,3651252
650,2947216
651,3973953
652,2419354
653,2147334
654,2484463
655,4376899
656,2207531
657,1886239
658,3262266
659,2725750
660,8012391
661,3000340
662,2547785
663,4191057
664,3679974
665,1789158
666,2267253
667,2497654
668,3357191
669,2689496
670,7406589
671,3993896
672,3681669
673,3434476
674,3531685
675,2223164
676,2061096
677,3397859
678,2727150
679,6408191
680,2508596
681,2486721
682,4310947
683,3782941
684,3696818
685,4579070
686,2385723
687,2382589
688,3670873
689,2384293
690,2547617
691,4064043
692,6015691
693,1939627
694,2321394
695,2053628
696,2581919
697,2421213
698,4121644
699,3413689
700,1153722
701,2803323
702,2961802
703,3397101
704,1752111
705,4105554
706,3905798
707,3467027
708,2239923
709,3018008
710,4021668
711,3713669
712,3011145
713,2284977
714,2266368
715,2750330
716,2664760
717,1381390
718,9361749
719,2857355
720,2974872
721,2760492
722,3904191
723,2690751
724,3737464
725,3294245
726,1369893
727,4118501
728,2583772
729,2702663
730,1988467
731,2221614
732,3231843
733,3311088
734,3102698
735,2751224
736,2739179
737,1856453
738,2505355
739,4543776
740,4125636
741,2984969
742,2949027
743,1519844
744,2559172
745,1921162
746,3867992
747,4208229
748,3310132
749,2057861
750,1149586
751,2760026
752,4102884
753,2999529
754,2360142
755,2250090
756,2555228
757,1437035
758,4752550
759,1410061
760,3711257
761,2319036
762,4231622
763,3866981
764,3817673
765,3975607
766,4852364
767,3957968
768,2999971
769,4132803
770,3564692
771,3950926
772,3526516
773,2339137
774,3166928
775,2246054
776,3491314
777,3534712
778,2033594
779,3337599
780,6754592
781,2841238
782,2540757
783,2537796
784,4029919
785,2986609
786,1420631
787,4158928
788,3568823
789,2124194
790,2930080
791,2648549
792,6460189
793,3198496
794,2762742
795,3576362
796,2244038
797,2723192
798,2407002
799,4519073
800,1343405
801,3910635
802,2798020
803,4186390
804,1937544
805,2280368
806,3760958
807,4761044
808,3237455
809,2833627
810,2327748
811,1321566
812,3675245
813,2795860
814,2450969
815,2483196
816,4522167
817,2935068
818,3225559
819,5273180
820,4112161
821,4440084
822,4184377
823,4312729
824,3755976
825,2437358
826,2127102
827,1878852
828,4180069
829,2705373
830,2216433
831,2836527
832,2384326
833,2817208
834,2148673
835,2532729
836,3584219
837,6216267
838,2273569
839,3825704
840,3754077
841,1550344
842,2861791
843,3077016
844,2701419
845,2762990
846,2352647
847,2278504
848,2519204
849,6608693
850,2824348
851,2690360
852,2589121
853,1473043
854,2066126
855,2850330
856,2526160
857,2233054
858,4037473
859,2990236
860,9193035
861,2484188
862,2041395
863,3087254
864,4767835
865,1864996
866,3606458
867,4662445
868,2900884
869,3951592
870,2753675
871,3104783
872,2776218
873,4637867
874,2402853
875,1436644
876,2998468
877,1375380
878,2047751
879,3634788
880,3200129
881,2815894
882,2488313
883,3651211
884,2475676
885,3046980
886,2801522
887,2701068
888,2698348
889,2529713
890,2535908
891,2928324
892,2592789
893,2437510
894,2619561
895,2835107
896,1427792
897,2786284
898,1894873
899,2354737
900,2980230
901,2243934
902,4421020
903,2709802
904,2497451
905,4512047
906,2533075
907,1549830
908,3063963
909,2681241
910,2684913
911,2708059
912,3011222
913,2493905
914,3961329
915,2785045
916,2421017
917,2113076
918,1673922
919,2690153
920,7118991
921,3160830
922,1946054
923,2158433
924,3208677
925,7045050
926,2871627
927,3102392
928,2943984
929,2603349
930,2696733
931,4332177
932,3655207
933,4287033
934,2001173
935,2577326
936,1878301
937,1545018
938,3258528
939,2843729
940,2860178
941,4528816
942,3768320
943,4266342
944,2328359
945,4671773
946,4184403
947,2604304
948,5915198
949,3581552
950,2665419
951,3953615
952,2518753
953,2370150
954,2511316
955,3948341
956,3573946
957,3764731
958,3795287
959,4202843
960,2736116
961,4239653
962,3145054
963,5972241
964,4381345
965,2490074
966,2609269
967,2974956
968,2704303
969,2906281
970,2392336
971,4447483
972,3979033
973,4217565
974,4112414
975,4056357
976,4006905
977,2731316
978,2547956
979,2545172
980,2852203
981,3041341
982,3463716
983,2229118
984,4813171
985,4194880
986,3842307
987,2817244
988,2986575
989,3986936
990,3889340
991,3017132
992,3227032
993,2008510
994,6799299
995,1246496
996,2668860
997,1959474
998,1917332
999,2956880
1000,4393893
1001,2780124
1002,2930515
1003,4579090
1004,4297421
1005,4576231
1006,4198510
1007,3020357
1008,2716168
1009,3453924
1010,2614210
1011,2869439
1012,7131310
1013,2981451
1014,1474693
1015,2753911
1016,2550329
1017,2932102
1018,2442719
1019,4594359
1020,3539205
1021,1811767
1022,3293742
1023,2729167
1024,5159462
1025,2252698
1026,4155679
1027,3139397
1028,3178202
1029,4265258
1030,2659846
1031,2341492
1032,2055882
1033,2234799
1034,1523700
1035,2979848
1036,1811486
1037,1524646
1038,1671978
1039,3758863
1040,2922503
1041,3334901
1042,5232173
1043,3626358
1044,4684114
1045,2055804
1046,1465108
1047,3705249
1048,2600852
1049,2769330
1050,2861950
1051,2811966
1052,2634463
1053,2515706
1054,2642130
1055,2663948
1056,2860736
1057,2713872
1058,2669243
1059,3099571
1060,3018232
1061,3113824
1062,4268016
1063,2774117
1064,4425643
1065,3098384
1066,2440793
1067,1983242
1068,5382815
1069,3398020
1070,2672557
1071,3220777
1072,2372351
1073,1987332
1074,1509883
1075,9831046
1076,1359646
1077,2786457
1078,2823459
1079,2815804
1080,4116857
1081,3202089
1082,2387788
1083,3206905
1084,4094471
1085,4128747
1086,3194789
1087,2354971
1088,3476960
1089,2303173
1090,3461125
1091,2572358
1092,4683295
1093,2297135
1094,1423664
1095,1544047
1096,2754298
1097,2294025
1098,2691713
1099,2697741
1100,2833127
1101,3036000
1102,1760887
1103,3394118
1104,3098331
1105,2092691
1106,1446973
1107,1618656
1108,1662884
1109,1503174
1110,1953791
1111,2455165
1112,3211306
1113,2237470
1114,1630614
1115,2516557
1116,1716689
1117,2460112
1118,2505571
1119,2308630
1120,2825757
1121,2036796
1122,1707209
1123,2722672
1124,3917695
1125,2871573
1126,2653508
1127,2923646
1128,3285238
1129,2845173
1130,4406099
1131,3361680
1132,2665476
1133,2747703
1134,1581223
1135,1622079
1136,2772578
1137,3011589
1138,2770973
1139,1534420
1140,2875795
1141,5761791
1142,4298074
1143,1709489
1144,1680630
1145,1819988
1146,1818273
1147,3142654
1148,2855977
1149,2812287
1150,1528185
1151,1944037
1152,3664258
1153,1724634
1154,1448266
1155,1609847
1156,1516656
1157,2763437
1158,1398687
1159,2778637
1160,3124995
1161,1528303
1162,3149578
1163,2675797
1164,2737746
1165,2950764
1166,3110703
1167,1979758
1168,2720020
1169,2990611
1170,2804141
1171,2755482
1172,2542641
1173,3133658
1174,3050667
1175,2643572
1176,5089452
1177,4976242
1178,1562073
1179,1545201
1180,1613280
1181,1599780
1182,1836574
1183,2090570
1184,1826145
1185,2113147
1186,2531207
1187,2499718
1188,2817598
1189,2464659
1190,2557764
1191,2735361
1192,2783451
1193,2650313
1194,6067018
1195,2977447
1196,2515280
1197,2513072
1198,2792735
1199,2642942
1200,4946776
1201,2886024
1202,4164689
1203,2326702
1204,2527562
1205,1299829
1206,3111406
1207,1307962
1208,2343360
1209,2014638
1210,2206874
1211,1961833
1212,2106953
1213,1959169
1214,1797290
1215,4758850
1216,2113348
1217,3147945
1218,2547505
1219,2663534
1220,2194052
1221,2803146
1222,4007740
1223,2728370
1224,3947950
1225,6418919
1226,3253767
1227,2739106
1228,2076246
1229,2148865
1230,3028784
1231,2609987
1232,2823456
1233,2775552
1234,2396105
1235,1744362
1236,3257450
1237,1595318
1238,4379953
1239,2454289
1240,1402677
1241,2780380
1242,2943811
1243,1659281
1244,2744020
1245,1311836
1246,4295108
1247,2998487
1248,1304603
1249,2617989
1250,4054290
1251,4315123
1252,3610062
1253,2304154
1254,4168997
1255,2496094
1256,2466322
1257,2716501
1258,2035263
1259,2791554
1260,3968175
1261,6489538
1262,3819310
1263,2568300
1264,2505445
1265,2956763
1266,4338197
1267,4153898
1268,3561330
1269,2368135
1270,3924288
1271,3340830
1272,3240654
1273,2617538
1274,5133701
1275,1347035
1276,2262919
1277,2646326
1278,2738092
1279,3161897
1280,2267230
1281,2663207
1282,3720499
1283,7652645
1284,2225535
1285,2463702
1286,4235197
1287,6041916
1288,2255629
1289,2330460
1290,3961808
1291,2776734
1292,3900020
1293,4454950
1294,2368506
1295,2526667
1296,2509953
1297,2580281
1298,2604023
1299,2157546
1300,4677837
1301,2231452
1302,3517545
1303,2364927
1304,2365243
1305,2711378
1306,3185607
1307,2847366
1308,6539225
1309,2302867
1310,2528402
1311,2972389
1312,3021267
1313,3898787
1314,3359112
1315,4846018
1316,3727157
1317,2201654
1318,3838635
1319,3667904
1320,4097726
1321,4027970
1322,3679583
1323,2771504
1324,3623144
1325,4237599
1326,4756457
1327,2842517
1328,3576524
1329,2817917
1330,1384764
1331,3022985
1332,2945758
1333,1797217
1334,3237910
1335,3053138
1336,2769793
1337,2026003
1338,2623026
1339,2530532
1340,3435013
1341,3517053
1342,4268587
1343,1483914
1344,1718561
1345,2023264
1346,2962609
1347,3231665
1348,2431274
1349,2557799
1350,2789153
1351,2424436
1352,8806053
1353,3967141
1354,2509201
1355,3001444
1356,3145941
1357,4423543
1358,3823243
1359,4183476
1360,3124522
1361,3072864
1362,2908913
1363,2631822
1364,2795989
1365,4181942
1366,3792938
1367,4892412
1368,3728234
1369,2458031
1370,2892461
1371,3027334
1372,2606424
1373,2530129
1374,2062339
1375,1882561
1376,3493170
1377,3835275
1378,3658653
1379,3777666
1380,3925369
1381,4540849
1382,4185727
1383,3353664
1384,3885438
1385,3217716
1386,1696790
1387,2645194
1388,2042357
1389,2070727
1390,2947180
1391,2709713
1392,4408935
1393,2795498
1394,1749540
1395,2280791
1396,5122338
1397,2596230
1398,3622875
1399,7329571
1400,3653631
1401,3597857
1402,5424731
1403,2138235
1404,1817902
1405,2973424
1406,3187307
1407,2800560
1408,2656296
1409,2135484
1410,2974456
1411,2237744
1412,2719794
1413,4764568
1414,2044175
1415,1811571
1416,2918674
1417,4151291
1418,2840161
1419,4593102
1420,3816845
1421,4395680
1422,2903174
1423,3139208
1424,2835734
1425,2163834
1426,1593396
1427,2495778
1428,3228648
1429,3023613
1430,2009881
1431,1703223
1432,2129829
1433,2206276
1434,3969465
1435,2770292
1436,3329662
1437,3119954
1438,2886193
1439,3109379
1440,2909008
1441,3228436
1442,3361967
1443,3095842
1444,2548219
1445,3017730
1446,3137584
1447,2759898
1448,3430801
1449,2640508
1450,2742574
1451,3069116
1452,3103403
1453,2511586
1454,2134241
1455,1523441
1456,2777429
1457,2695164
1458,2788229
1459,2679665
1460,2712873
1461,4138318
1462,2994066
1463,2754293
1464,2341971
1465,2881148
1466,3586348
1467,3267429
1468,3049647
1469,2891548
1470,3277460
1471,1617730
1472,3097740
1473,1499364
1474,2753949
1475,2211479
1476,2650278
1477,2797684
1478,5884438
1479,2949416
1480,2076026
1481,2825683
1482,2764728
1483,1800738
1484,1453255
1485,2198209
1486,2600575
1487,2709833
1488,3090976
1489,2682041
1490,2572132
1491,1796977
1492,2809411
1493,2535538
1494,2632663
1495,2797866
1496,2818678
1497,1553010
1498,3353845
1499,1449118
1500,1632105
1501,3071610
1502,1568858
1503,3857145
1504,2892798
1505,2795150
1506,2730313
1507,1462420
1508,1447999
1509,3044607
1510,2626969
1511,2649558
1512,2677839
1513,1460355
1514,3006178
1515,2895835
1516,2521279
1517,2798719
1518,2817876
1519,2679473
1520,3059532
1521,3257706
1522,2958872
1523,3105424
1524,2944829
1525,2964604
1526,1566987
1527,2942127
1528,3154882
1529,3338704
1530,3161594
1531,3019525
1532,3230925
1533,3314540
1534,1523534
1535,2900582
1536,2768188
1537,1822152
1538,1789401
1539,2886751
1540,2583817
1541,1656867
1542,7090908
1543,3225634
1544,1368026
1545,3513155
1546,2685912
1547,2994417
1548,2667869
1549,2673862
1550,2778451
1551,3360036
1552,3841483
1553,2374806
1554,2418064
1555,1517627
1556,1483658
1557,1749378
1558,2755138
1559,2707636
1560,2801870
1561,5427374
1562,3880053
1563,2355366
1564,2852758
1565,2780412
1566,1517518
1567,3008675
1568,1366738
1569,2998935
1570,2909740
1571,2995638
1572,1908024
1573,1651100
1574,2748527
1575,2681820
1576,3710010
1577,2644416
1578,3027972
1579,4079753
1580,4164045
1581,2899801
1582,2959360
1583,2695598
1584,2870578
1585,2728823
1586,3867853
1587,2483312
1588,4290172
1589,6299617
1590,3824320
1591,1596488
1592,2873041
1593,2889256
1594,2319082
1595,2712788
1596,2663329
1597,2080260
1598,3628400
1599,2603608
1600,2808167
1601,10746995
1602,2230358
1603,3007339
1604,4452132
1605,2738779
1606,3883806
1607,2501983
1608,5440822
1609,3146563
1610,2825970
1611,2679965
1612,3162447
1613,1393306
1614,5076578
1615,14105040
1616,2245949
1617,3886405
1618,3724146
1619,2569080
1620,2854174
1621,8436246
1622,3618905
1623,1338219
1624,2241437
1625,2765747
1626,3769225
1627,2530511
1628,4158359
1629,3896933
1630,2337385
1631,3027166
1632,3243108
1633,4916614
1634,3288722
1635,2834499
1636,2821049
1637,2631727
1638,2623495
1639,3283469
1640,2855617
1641,2652602
1642,2734982
1643,2042326
1644,3500666
1645,5787824
1646,3619261
1647,2278273
1648,4830737
1649,4068387
1650,2514417
1651,3849864
1652,2681766
1653,4410610
1654,4027608
1655,2269585
1656,2730357
1657,2553507
1658,4360807
1659,3182379
1660,1452032
1661,2020706
1662,4192738
1663,4185922
1664,4325062
1665,2421494
1666,2521655
1667,3909375
1668,2198183
1669,2690749
1670,2651161
1671,2135923
1672,1904888
1673,1888862
1674,2050613
1675,2444504
1676,3681803
1677,3125027
1678,2312813
1679,2110865
1680,3307084
1681,2899756
1682,2418879
1683,2017459
1684,2281481
1685,2509854
1686,2506774
1687,2299548
1688,1398508
1689,2468890
1690,2449521
1691,2457039
1692,2581677
1693,2640986
1694,2727271
1695,3217072
1696,2337090
1697,2729776
1698,4511499
1699,3675395
1700,4319615
1701,2659253
1702,6692168
1703,2630812
1704,4072599
1705,3336623
1706,2285137
1707,3118908
1708,2599211
1709,1412587
1710,3172744
1711,2093665
1712,5660202
1713,2570992
1714,2353673
1715,1958536
1716,1942110
1717,2818133
1718,2589351
1719,3083825
1720,1296420
1721,2631707
1722,2496759
1723,3176835
1724,1505914
1725,2493982
1726,2456365
1727,2890074
1728,2696137
1729,2771379
1730,2735235
1731,3738507
1732,4163711
1733,4309559
1734,4117682
1735,3940333
1736,3453331
1737,2839233
1738,3788246
1739,3146594
1740,3097870
1741,2852771
1742,2769123
1743,3032514
1744,3245561
1745,2769984
1746,3176166
1747,2083219
1748,2726951
1749,2746517
1750,2746939
1751,2582791
1752,1495151
1753,3973368
1754,4047459
1755,3975999
1756,2787753
1757,4720805
1758,2763852
1759,2927863
1760,3200403
1761,3067390
1762,4936348
1763,1603738
1764,2468178
1765,2580059
1766,2431517
1767,2786409
1768,2409277
1769,3325613
1770,2749886
1771,2691470
1772,2830103
1773,3405948
1774,2534208
1775,4070665
1776,3874041
1777,3703859
1778,3499055
1779,2226456
1780,3989356
1781,4057975
1782,7827992
1783,3610650
1784,2645794
1785,3002336
1786,2685310
1787,2378653
1788,2141788
1789,2504396
1790,2472645
1791,2350327
1792,2681676
1793,2189261
1794,2280043
1795,1368814
1796,2518228
1797,2045307
1798,1995196
1799,2169737
1800,2536648
1801,1992855
1802,2578769
1803,2583872
1804,3005721
1805,1370363
1806,3665031
1807,3218608
1808,2715221
1809,2995886
1810,2439268
1811,2505753
1812,2407747
1813,2069744
1814,2625406
1815,3117544
1816,2176311
1817,2925530
1818,2555092
1819,2759234
1820,2058366
1821,1529642
1822,2207878
1823,1665054
1824,1709021
1825,2155919
1826,1812068
1827,1783528
1828,3744020
1829,2513406
1830,4914754
1831,2791492
1832,2325566
1833,2296808
1834,1918605
1835,1189797
1836,3968102
1837,2039436
1838,1567800
1839,2559275
1840,2938853
1841,2067093
1842,1400054
1843,3027302
1844,2757258
1845,5367212
1846,2238787
1847,2730503
1848,2736461
1849,2513403
1850,4150564
1851,2742585
1852,3566570
1853,1338696
1854,2407640
1855,2384192
1856,3008096
1857,3209409
1858,6173870
1859,1786734
1860,2910098
1861,2975715
1862,3723544
1863,2110661
1864,3754664
1865,2698479
1866,10038065
1867,2321953
1868,2537516
1869,2808268
1870,1371616
1871,2460439
1872,2666649
1873,3976458
1874,4301040
1875,2481814
1876,2578783
1877,2732988
1878,2587042
1879,9597102
1880,2904253
1881,2225815
1882,10632960
1883,2464448
1884,3895385
1885,2899749
1886,2456856
1887,7372921
1888,2333921
1889,2537833
1890,2610381
1891,4697689
1892,2494727
1893,2831371
1894,2254438
1895,3447600
1896,3642417
1897,3490359
1898,1333192
1899,2919233
1900,2912000
1901,2588179
1902,3848981
1903,4374762
1904,3976937
1905,3027167
1906,4442355
1907,3752644
1908,2469407
1909,1602807
1910,2591790
1911,2481536
1912,3007088
1913,1879176
1914,3281775
1915,3168029
1916,2518205
1917,4945301
1918,4100363
1919,3511605
1920,2696229
1921,2320327
1922,2523133
1923,6664861
1924,1912583
1925,2997179
1926,2595849
1927,3178601
1928,4552435
1929,5540268
1930,3893120
1931,3968033
1932,2645776
1933,1413828
1934,2647631
1935,2996457
1936,2727245
1937,2408918
1938,2265998
1939,1507416
1940,2664541
1941,3255717
1942,4127455
1943,4778571
1944,3484824
1945,3330751
1946,3416036
1947,4332088
1948,3653746
1949,3116641
1950,4046531
1951,2341301
1952,2962013
1953,4769667
1954,3821213
1955,2646434
1956,1468831
1957,2983164
1958,2456177
1959,3280528
1960,3486900
1961,2043244
1962,3024192
1963,1964386
1964,2396984
1965,2449097
1966,2509670
1967,2655216
1968,3383804
1969,2667172
1970,2547384
1971,4156589
1972,3068286
1973,2611395
1974,2567522
1975,3063555
1976,3138797
1977,2225398
1978,4302800
1979,2651793
1980,4455259
1981,2878821
1982,2509350
1983,2569340
1984,1663689
1985,2996098
1986,2756338
1987,2673371
1988,1262352
1989,2587930
1990,2320304
1991,4784983
1992,2575659
1993,3493664
1994,2808665
1995,4401728
1996,2688120
1997,2805862
1998,3943090
1999,2841672
2000,3725524
2001,2279024
2002,3872484
2003,5019891
2004,4708917
2005,3927570
2006,3778186
2007,1560726
2008,2543303
2009,2269756
2010,2519891
2011,3092987
2012,2679950
2013,3106001
2014,2186383
2015,2842114
2016,4328848
2017,4250525
2018,3633716
2019,2407990
2020,1308854
2021,2865255
2022,2484965
2023,2844486
2024,2924905
2025,2219558
2026,2619374
2027,3945127
2028,2863945
2029,2671504
2030,2968910
2031,3078476
2032,4943913
2033,3699615
2034,3475574
2035,2748648
2036,2510757
2037,2521555
2038,2645833
2039,2499286
2040,2782367
2041,2225940
2042,1462888
2043,6692205
2044,2126061
2045,2180422
2046,3079348
2047,2709326
2048,2349863
2049,1309394
2050,1467994
2051,3014224
2052,2291900
2053,2786094
2054,3623553
2055,3758413
2056,2363584
2057,2002763
2058,2497386
2059,4532097
2060,4102280
2061,3026932
2062,3881334
2063,3343185
2064,1463956
2065,2440042
2066,2285152
2067,2542770
2068,2234862
2069,2349284
2070,2677487
2071,2034512
2072,4174721
2073,3657965
2074,2372015
2075,4262306
2076,3876942
2077,1956670
2078,2270440
2079,3922789
2080,2897599
2081,3166770
2082,3818068
2083,4020232
2084,3522879
2085,2238974
2086,3709597
2087,2516484
2088,4087048
2089,2425809
2090,2023743
2091,2805675
2092,2859263
2093,2499508
2094,2302500
2095,2497634
2096,1794023
2097,2274148
2098,3034138
2099,4874963
2100,7804523
2101,2723084
2102,2353673
2103,2620838
2104,1291283
2105,2777793
2106,1555347
2107,2761824
2108,2307016
2109,1428989
2110,2586801
2111,2804859
2112,3899595
2113,2591517
2114,2334290
2115,2484052
2116,2671637
2117,1368019
2118,3003207
2119,3068634
2120,3136480
2121,2706849
2122,3053969
2123,2016690
2124,2175201
2125,2885740
2126,1773716
2127,6544622
2128,1700005
2129,3086227
2130,2753145
2131,2404758
2132,2519172
2133,2106646
2134,3131124
2135,2146086
2136,2107279
2137,2099767
2138,1279183
2139,3914739
2140,2180441
2141,5288078
2142,5169657
2143,3998678
2144,3976063
2145,3836675
2146,1840221
2147,2792284
2148,1455635
2149,1822661
2150,1951157
2151,2822835
2152,2649720
2153,1817010
2154,1336429
2155,2396026
2156,5812360
2157,2714111
2158,2386334
2159,2443806
2160,3668841
2161,4196163
2162,3625016
2163,5070977
2164,5178108
2165,4071385
2166,3940987
2167,2708661
2168,3972474
2169,1884921
2170,4134793
2171,3176446
2172,2828134
2173,2795621
2174,3529014
2175,2159836
2176,1931857
2177,3900068
2178,2449609
2179,2516490
2180,2612924
2181,2648214
2182,2606457
2183,2275882
2184,2259204
2185,2615927
2186,2095130
2187,2318096
2188,4442398
2189,3938363
2190,4333463
2191,3988505
2192,2440714
2193,2867460
2194,2438288
2195,3816202
2196,2045111
2197,1570352
2198,2583619
2199,3147131
2200,3191595
2201,1943440
2202,2973469
2203,2863030
2204,1991965
2205,1923160
2206,2521794
2207,1885403
2208,2080286
2209,1983371
2210,2062404
2211,1941045
2212,1858226
2213,3999339
2214,4119844
2215,2592145
2216,2746063
2217,4009934
2218,2273048
2219,2139545
2220,2813378
2221,3914136
2222,4673830
2223,7734919
2224,1810949
2225,2710251
2226,2334030
2227,2858826
2228,3189265
2229,1879175
2230,4500432
2231,6300872
2232,2836066
2233,4164649
2234,3674399
2235,3228596
2236,2340652
2237,3166413
2238,2519074
2239,2259158
2240,2574983
2241,3071752
2242,2602374
2243,2152283
2244,4967054
2245,1554860
2246,3097443
2247,3154468
2248,1261060
2249,2817708
2250,2684506
2251,3283309
2252,2442904
2253,4072596
2254,4192505
2255,2815673
2256,1448860
2257,2925788
2258,2978691
2259,2419536
2260,1334902
2261,3006398
2262,3962861
2263,2609771
2264,3171613
2265,5392186
2266,2635214
2267,1350259
2268,2226556
2269,1635572
2270,2848794
2271,2200643
2272,4409115
2273,3138070
2274,2876157
2275,4055358
2276,2315348
2277,2952900
2278,1838822
2279,2730022
2280,3021776
2281,2416045
2282,2678350
2283,2912416
2284,4381332
2285,4103473
2286,8395040
2287,2145783
2288,1512104
2289,2670769
2290,4158903
2291,5808553
2292,5788272
2293,4305890
2294,2816103
2295,2276994
2296,4510807
2297,4685551
2298,4484391
2299,2602937
2300,2684889
2301,2450640
2302,2145612
2303,3073613
2304,2720049
2305,2599137
2306,1446388
2307,5490664
2308,2492064
2309,2669155
2310,3327103
2311,2522284
2312,4262276
2313,4645425
2314,3675440
2315,2620284
2316,2189294
2317,2670726
2318,2211655
2319,3016898
2320,1375302
2321,2627201
2322,3038826
2323,3216194
2324,7760366
2325,3044432
2326,2841360
2327,3052329
2328,5766443
2329,2908599
2330,3070435
2331,1815588
2332,2928498
2333,4902669
2334,3754676
2335,2927552
2336,2746366
2337,2944528
2338,2603124
2339,3530632
2340,4094033
2341,4757445
2342,3566001
2343,2726133
2344,4050759
2345,3261754
2346,2450424
2347,2402682
2348,2314613
2349,4487573
2350,5060876
2351,2468135
2352,2271471
2353,3692534
2354,3684973
2355,2242229
2356,1939521
2357,2782603
2358,8787968
2359,2515959
2360,2709114
2361,3226881
2362,2928132
2363,1783986
2364,2315553
2365,3152650
2366,2821374
2367,2918641
2368,2860668
2369,2803460
2370,6145170
2371,1867467
2372,3986845
2373,3223425
2374,3846480
2375,1822113
2376,2483226
2377,2218339
2378,2579705
2379,3026255
2380,1679112
2381,3255289
2382,2885174
2383,3740685
2384,3810864
2385,2632747
2386,4286744
2387,3669070
2388,4130632
2389,2743269
2390,2438992
2391,6426636
2392,2444242
2393,2908237
2394,3935169
2395,1470867
2396,2150545
2397,3247331
2398,1474845
2399,1813331
2400,3623791
2401,3140163
2402,5377901
2403,3349956
2404,4127489
2405,4525389
2406,2530213
2407,3687254
2408,4507068
2409,6463434
2410,3785223
2411,2899730
2412,3738173
2413,3837252
2414,6382756
2415,2781697
2416,2658815
2417,2442540
2418,2736291
2419,2514642
2420,2757239
2421,3123493
2422,4146505
2423,5344688
2424,4066211
2425,3218235
2426,3132975
2427,2213316
2428,4533834
2429,4177611
2430,3887738
2431,2966883
2432,1767732
2433,4849534
2434,2570358
2435,2317137
2436,1806832
2437,2047798
2438,1472318
2439,2862257
2440,3276700
2441,5314651
2442,1973794
2443,3027972
2444,2558859
2445,5508378
2446,8631910
2447,2462848
2448,2419604
2449,1656868
2450,2185031
2451,2405261
2452,2301908
2453,4167829
2454,3971924
2455,2915980
2456,1849075
2457,2597961
2458,2762137
2459,4201267
2460,4641562
2461,4885338
2462,3703050
2463,3587501
2464,2142227
2465,2586669
2466,1800767
2467,1385875
2468,2725173
2469,2578830
2470,5476574
2471,2098396
2472,1954463
2473,2533822
2474,2412320
2475,4054948
2476,2010066
2477,1916806
2478,2733103
2479,4261532
2480,2747647
2481,2039097
2482,1975644
2483,2646330
2484,2124052
2485,2787159
2486,2337817
2487,1772566
2488,2683989
2489,2697033
2490,1806962
2491,2142769
2492,1374585
2493,2040621
2494,2903075
2495,2947554
2496,3454783
2497,2420230
2498,2218977
2499,2247593
2500,2445613
2501,2016575
2502,2187129
2503,2913477
2504,3212821
2505,4436876
2506,2595545
2507,2887686
2508,4268271
2509,2870885
2510,1927960
2511,2358088
2512,2465071
2513,1429440
2514,3128237
2515,3107999
2516,2896370
2517,5022610
2518,2865659
2519,3893638
2520,3735178
2521,2972841
2522,4674163
2523,2656160
2524,5385686
2525,3124742
2526,2467158
2527,2333155
2528,2398123
2529,2363150
2530,2249308
2531,2726969
2532,4250208
2533,2960254
2534,4297812
2535,3391263
2536,2676898
2537,2530594
2538,4760255
2539,2623196
2540,2810495
2541,3166485
2542,2713932
2543,3393259
2544,4103160
2545,2786489
2546,4862444
2547,2682977
2548,4923330
2549,3861281
2550,3907589
2551,2762337
2552,4409600
2553,4818556
2554,2701229
2555,4597547
2556,2839601
2557,4771961
2558,2675623
2559,3854789
2560,4029568
2561,3036601
2562,4427588
2563,3022271
2564,2997455
2565,2976423
2566,2293808
2567,2722914
2568,2470163
2569,2168817
2570,2062497
2571,2982933
2572,2756546
2573,2966717
2574,13409280
2575,2474788
2576,2302704
2577,1410201
2578,4227676
2579,2247818
2580,2988519
2581,2275309
2582,4600387
2583,3631310
2584,3775036
2585,2944901
2586,2615279
2587,2859106
2588,1449050
2589,2655340
2590,2149970
2591,1851814
2592,4595968
2593,2959220
2594,1171061
2595,4771347
2596,2820515
2597,2933798
2598,2177398
2599,1531297
2600,4281744
2601,2703928
2602,1447287
2603,2927988
2604,3157515
2605,2575624
2606,2572679
2607,2436429
2608,2409526
2609,2946540
2610,3815253
2611,2518023
2612,2195835
2613,2601945
2614,2453823
2615,5839356
2616,3113200
2617,4889637
2618,3550587
2619,2749162
2620,1789639
2621,2872024
2622,7672886
2623,4176958
2624,3305133
2625,4214357
2626,2514730
2627,2191589
2628,1827926
2629,5850392
2630,3687111
2631,2094049
2632,3844375
2633,2674065
2634,3051340
2635,2919509
2636,2686260
2637,5235603
2638,2330520
2639,4037401
2640,3773260
2641,2196190
2642,2406665
2643,3414999
2644,2281189
2645,2587015
2646,2438160
2647,2175398
2648,2929232
2649,2728786
2650,2562389
2651,2501797
2652,1298743
2653,2468695
2654,2188060
2655,2310579
2656,3998899
2657,3661440
2658,3950047
2659,5257050
2660,3447673
2661,2137924
2662,1483001
2663,1533509
2664,5136749
2665,2616015
2666,2555865
2667,4959915
2668,2170540
2669,6750075
2670,2563425
2671,2300680
2672,2222229
2673,2426724
2674,2578564
2675,2007047
2676,4130170
2677,4092243
2678,3906011
2679,3678261
2680,2411898
2681,2501864
2682,2040785
2683,2111618
2684,1353077
2685,3978728
2686,2597274
2687,3834443
2688,2903967
2689,2406869
2690,2511407
2691,2389328
2692,1522182
2693,2527646
2694,2632805
2695,1950775
2696,3470729
2697,1932272
2698,2258255
2699,3563829
2700,3650111
2701,1987445
2702,1928369
2703,2265417
2704,2676989
2705,3533448
2706,3305932
2707,2847976
2708,1379350
2709,4427007
2710,3868503
2711,3730735
2712,4723013
2713,3018783
2714,2821334
2715,2683440
2716,1461192
2717,2997374
2718,2786959
2719,4689607
2720,2379923
2721,2646625
2722,1824218
2723,6014558
2724,2296748
2725,2853037
2726,4892823
2727,3512104
2728,2451664
2729,2158800
2730,2507205
2731,2541852
2732,2567879
2733,2716238
2734,2334292
2735,2528512
2736,2946506
2737,2089965
2738,4126703
2739,3841291
2740,3789578
2741,3025429
2742,2357561
2743,2976756
2744,2349256
2745,2337722
2746,2652589
2747,2673094
2748,5907250
2749,3614156
2750,5839868
2751,2095941
2752,2620326
2753,4543044
2754,3939647
2755,2354330
2756,2479812
2757,2699848
2758,2313534
2759,3619657
2760,3920071
2761,2681754
2762,3848372
2763,6641484
2764,8063650
2765,6113939
2766,2266679
2767,6959007
2768,6555244
2769,4775168
2770,3825275
2771,1698034
2772,4180958
2773,2674184
2774,2594833
2775,2350142
2776,2426570
2777,2655517
2778,2889550
2779,2464476
2780,4093257
2781,4425981
2782,3201982
2783,3896750
2784,4191951
2785,4088793
2786,2941549
2787,2966301
2788,2670615
2789,1827332
2790,3031740
2791,1891520
2792,2973101
2793,2562835
2794,2548211
2795,2723199
2796,3312850
2797,2611817
2798,2440778
2799,2699622
2800,2489524
2801,3018381
2802,1637050
2803,2650809
2804,2471084
2805,1780057
2806,2003003
2807,1901238
2808,2263615
2809,1959017
2810,1955424
2811,3868778
2812,1639132
2813,1546487
2814,4528067
2815,3964042
2816,3076011
2817,2186716
2818,2309921
2819,2956225
2820,2072383
2821,2342936
2822,4007656
2823,4988352
2824,2633560
2825,2704559
2826,3994263
2827,2609676
2828,2711418
2829,3107560
2830,2633110
2831,4787003
2832,4771384
2833,6164178
2834,8291656
2835,3382434
2836,12494421
2837,3417899
2838,3071894
2839,2976820
2840,3699228
2841,4252017
2842,3924591
2843,3860450
2844,4100137
2845,2869109
2846,2021164
2847,4688504
2848,2537439
2849,2244375
2850,1993960
2851,2656093
2852,2009011
2853,3220465
2854,2174248
2855,5936938
2856,3559850
2857,1582284
2858,2963910
2859,2531825
2860,2416363
2861,2573601
2862,3598013
2863,3591611
2864,2133642
2865,2887068
2866,2660225
2867,2630302
2868,2832312
2869,2302936
2870,2141528
2871,2302217
2872,2443359
2873,2365623
2874,3450503
2875,5385166
2876,3072253
2877,8863292
2878,5310830
2879,5016383
2880,4009299
2881,4605477
2882,3935397
2883,4373017
2884,2601378
2885,2762946
2886,2805137
2887,3880318
2888,2640472
2889,2892717
2890,4555079
2891,4659898
2892,3828531
2893,3034388
2894,2576424
2895,2777299
2896,2880504
2897,2748725
2898,4203871
2899,4155657
2900,1503445
2901,1413721
2902,4019199
2903,3258410
2904,1410790
2905,2742199
2906,2655638
2907,3121913
2908,2582621
2909,2964813
2910,2603633
2911,2946674
2912,2334925
2913,3612574
2914,3961802
2915,2371683
2916,3850971
2917,2477021
2918,2250449
2919,1921628
2920,2536354
2921,2960759
2922,2634736
2923,2490449
2924,3445334
2925,2069799
2926,2612804
2927,2762976
2928,3189741
2929,2633730
2930,2578357
2931,2755064
2932,2530878
2933,3519103
2934,11153467
2935,2712868
2936,2286374
2937,4095779
2938,4088974
2939,2365333
2940,3664746
2941,4268943
2942,3437487
2943,1704555
2944,3102458
2945,3781382
2946,3965746
2947,2666380
2948,1702146
2949,2744624
2950,4006759
2951,3231961
2952,2441137
2953,3052800
2954,3882369
2955,2497436
2956,2547623
2957,2562761
2958,4385816
2959,2485069
2960,2843064
2961,2650276
2962,4385711
2963,2576190
2964,1449980
2965,2794157
2966,3873058
2967,2416411
2968,2429785
2969,2685886
2970,2361672
2971,2414603
2972,2343811
2973,3708008
2974,3597456
2975,3033049
2976,3724864
2977,2721796
2978,2231515
2979,4433028
2980,2610456
2981,2321862
2982,6112541
2983,2645586
2984,2186389
2985,2258890
2986,2560987
2987,2640339
2988,2858013
2989,2343627
2990,1285088
2991,5477766
2992,2496632
2993,2786315
2994,2477388
2995,2453546
2996,1946555
2997,2576364
2998,3108511
2999,2477884
3000,2866564
3001,2801399
3002,2075429
3003,1843289
3004,1890719
3005,3316097
3006,3439525
3007,2003746
3008,1980355
3009,1837686
3010,2889595
3011,1978173
3012,2761424
3013,1982530
3014,3217936
3015,2049645
3016,2264722
3017,2147841
3018,2852712
3019,2992469
3020,2740259
3021,2526248
3022,2947296
3023,1678979
3024,2326193
3025,2341168
3026,2455480
3027,1967510
3028,2089911
3029,3890727
3030,3467281
3031,2527904
3032,1569470
3033,2432163
3034,1800391
3035,2372338
3036,3537398
3037,2579252
3038,2146338
3039,1938389
3040,2330210
3041,2157602
3042,2429400
3043,1913339
3044,1695649
3045,2520932
3046,6296077
3047,7112124
3048,4004167
3049,3272054
3050,3955069
3051,6043045
3052,3743603
3053,4178564
3054,2407196
3055,2485787
3056,3399303
3057,2685535
3058,1431245
3059,2710500
3060,1429949
3061,3140047
3062,4081303
3063,8269461
3064,4343934
3065,2347768
3066,2218051
3067,2502432
3068,2558726
3069,3949757
3070,4184026
3071,3503215
3072,3884087
3073,2092202
3074,1703897
3075,2482756
3076,2246003
3077,3726370
3078,3245476
3079,2819515
3080,2826447
3081,2020138
3082,3335233
3083,2059114
3084,2133050
3085,1566992
3086,2522211
3087,2391287
3088,2709599
3089,5567031
3090,4253649
3091,2869498
3092,1413388
3093,2639845
3094,2584220
3095,2606434
3096,3468636
3097,12704479
3098,2618435
3099,3192156
3100,2720211
3101,2688779
3102,2487726
3103,2473559
3104,2828225
3105,3245040
3106,2968080
3107,4104429
3108,3352866
3109,2367314
3110,1962044
3111,1782235
3112,2050725
3113,1341752
3114,2407635
3115,1975199
3116,1939986
3117,1883970
3118,2158194
3119,3125316
3120,3868913
3121,3276270
3122,2602570
3123,2495510
3124,2271735
3125,5201005
3126,3379091
3127,2444760
3128,3579995
3129,2506731
3130,2352691
3131,2357474
3132,6525691
3133,2793644
3134,2293555
3135,1461020
3136,2379552
3137,2426283
3138,3068805
3139,2419667
3140,3031261
3141,2322521
3142,2279449
3143,2097561
3144,2487733
3145,2071177
3146,2370581
3147,3499551
3148,2572640
3149,2724520
3150,2825196
3151,2506807
3152,2542591
3153,2812020
3154,2042810
3155,2543056
3156,3679777
3157,3145033
3158,2433405
3159,2818051
3160,2899603
3161,2373987
3162,2489984
3163,2744580
3164,2004274
3165,1428817
3166,3390549
3167,2960107
3168,6649986
3169,3353064
3170,2784625
3171,3066886
3172,2015910
3173,2529602
3174,2288490
3175,2029148
3176,2289689
3177,4155775
3178,1474448
3179,4250136
3180,3161143
3181,3107475
3182,2020631
3183,2524808
3184,10275856
3185,2372155
3186,2569940
3187,1561041
3188,5066930
3189,2831519
3190,3948620
3191,2553596
3192,3983269
3193,2306204
3194,2606899
3195,2424454
3196,7148934
3197,2636883
3198,2973691
3199,1402418
3200,5037886
3201,4598842
3202,3639420
3203,2798151
3204,4187038
3205,6646159
3206,4355318
3207,1773843
3208,11448705
3209,2791746
3210,2363633
3211,4128851
3212,3949813
3213,2603194
3214,4068888
3215,2984301
3216,2922080
3217,4782040
3218,3953894
3219,2588022
3220,2780875
3221,2922986
3222,2442605
3223,1618029
3224,2643120
3225,2148816
3226,4217566
3227,3972766
3228,8594132
3229,3815366
3230,2602351
3231,1526060
3232,9239339
3233,1594724
3234,2378477
3235,2279003
3236,5101787
3237,5402730
3238,7062178
3239,2766367
3240,7088577
3241,3910440
3242,1331583
3243,1948959
3244,7340198
3245,4325811
3246,3577530
3247,2779440
3248,2094415
3249,2695580
3250,2651257
3251,2621154
3252,3341553
3253,4113762
3254,3720991
3255,2555583
3256,2342365
3257,2183707
3258,2974693
3259,2676208
3260,2757833
3261,5667371
3262,2386398
3263,1997272
3264,5387143
3265,3304483
3266,2724199
3267,4225409
3268,4630515
3269,2833917
3270,2429322
3271,3472739
3272,2944251
3273,2912749
3274,1335034
3275,3162924
3276,10372707
3277,1496403
3278,2673771
3279,2756624
3280,2880981
3281,5048045
3282,2900277
3283,3401033
3284,6060740
3285,4040853
3286,5119302
3287,3113699
3288,3441668
3289,3471701
3290,3040747
3291,2967934
3292,1414220
3293,3264449
3294,4714116
3295,3624720
3296,4238877
3297,3003397
3298,4266250
3299,4041387
3300,3849950
3301,2990836
3302,2751771
3303,5125323
3304,2161389
3305,2770799
3306,3111714
3307,4191235
3308,4093881
3309,4367080
3310,4191017
3311,4255048
3312,2255572
3313,2158607
3314,2379765
3315,3123813
3316,4469094
3317,2189979
3318,3026557
3319,3927473
3320,2610461
3321,6499653
3322,3151247
3323,2638610
3324,9683637
3325,2629089
3326,2484422
3327,1969516
3328,2779600
3329,3949259
3330,2584270
3331,2899401
3332,6332816
3333,4031820
3334,3748047
3335,3632113
3336,10324524
3337,3925909
3338,3427153
3339,2574602
3340,2385840
3341,6817359
3342,2589851
3343,2717095
3344,2359815
3345,2321687
3346,2484672
3347,2432951
3348,2680879
3349,2305350
3350,2451671
3351,4294438
3352,3906024
3353,3577748
3354,3454713
3355,3261967
3356,1534428
3357,4516482
3358,5384303
3359,7801948
3360,11872765
3361,3138397
3362,3043208
3363,1531112
3364,2314243
3365,2707319
3366,2998261
3367,1612713
3368,2756624
3369,2873471
3370,3276023
3371,1918928
3372,2602346
3373,3957402
3374,2782249
3375,2667409
3376,2470893
3377,2739599
3378,3473935
3379,1404524
3380,1858579
3381,2403688
3382,1489011
3383,2614379
3384,1492850
3385,1646221
3386,1441517
3387,1472521
3388,1477000
3389,1459270
3390,3274933
3391,1404636
3392,1613739
3393,2155747
3394,1756119
3395,1476300
3396,2276886
3397,1454522
3398,1518291
3399,1690959
3400,1359255
3401,1430676
3402,1605870
3403,1306469
3404,1373178
3405,1731929
3406,2489789
3407,2750677
3408,1411939
3409,1426001
3410,1361190
3411,4153016
3412,1310021
3413,1260644
3414,2160904
3415,2735402
3416,3059786
3417,2744863
3418,2495235
3419,2226787
3420,2418630
3421,1530228
3422,1363875
3423,1519171
3424,1525711
3425,1502255
3426,1338307
3427,2683968
3428,3172111
3429,3988813
3430,2816789
3431,2774777
3432,2659094
3433,2422672
3434,2502899
3435,1842412
3436,1284787
3437,2483044
3438,2431763
3439,1508281
3440,2717496
3441,3047130
3442,1390681
3443,1454763
3444,1513535
3445,3359376
3446,2681103
3447,2751266
3448,2591521
3449,3280954
3450,2460353
3451,2511297
3452,1492291
3453,1605712
3454,1389989
3455,1447265
3456,2802030
3457,1525539
3458,2791792
3459,3199885
3460,2359726
3461,3020634
3462,4820343
3463,2737887
3464,4989729
3465,4543179
3466,2649151
3467,4408607
3468,3044789
3469,2685749
3470,2575105
3471,4782687
3472,9037254
3473,3203391
3474,2713323
3475,1557249
3476,3050816
3477,1428056
3478,10527052
3479,3001194
3480,3066584
3481,2805825
3482,4464755
3483,5203883
3484,10124946
3485,2756186
3486,4803802
3487,2934139
3488,3449197
3489,3026285
3490,5466272
3491,1837115
3492,2633274
3493,1890543
3494,2640060
3495,2569846
3496,2670519
3497,4256407
3498,3214607
3499,3059597
3500,6642109
3501,4427937
3502,4029610
3503,3052638
3504,3189983
3505,2462593
3506,2719800
3507,4637511
3508,3161594
3509,2776037
3510,3373542
3511,4391305
3512,2967578
3513,2727113
3514,2495073
3515,2721683
3516,2689052
3517,4308095
3518,2966683
3519,2744829
3520,3017942
3521,7287574
3522,2740794
3523,4195120
3524,3790363
3525,4597843
3526,4181858
3527,2885174
3528,4681803
3529,2592427
3530,2482650
3531,2860553
3532,2518789
3533,4435325
3534,4176578
3535,4167744
3536,3333673
3537,2634251
3538,6620857
3539,2343842
3540,2211296
3541,1523540
3542,2431055
3543,2024598
3544,1804297
3545,3086229
3546,3327121
3547,2509461
3548,4566905
3549,2790164
3550,4526803
3551,2397904
3552,2440707
3553,2608530
3554,2663705
3555,2655343
3556,2535619
3557,2692011
3558,3876797
3559,2939795
3560,2629921
3561,2786884
3562,2903640
3563,2829902
3564,2769917
3565,2702949
3566,2489127
3567,2902263
3568,2966307
3569,1518536
3570,5870372
3571,2809048
3572,2941080
3573,2680644
3574,2193663
3575,2147504
3576,2622691
3577,2625027
3578,4913879
3579,4218083
3580,23793335
3581,2245366
3582,4821183
3583,2050242
3584,6325880
3585,4442535
3586,1830238
3587,2875332
3588,3842118
3589,2798947
3590,1915633
3591,3770867
3592,3481115
3593,2682391
3594,1340170
3595,2704339
3596,5028979
3597,3160545
3598,2879302
3599,2489811
3600,2431976
3601,2185136
3602,2279772
3603,2265120
3604,2629210
3605,2605902
3606,3022530
3607,3196879
3608,2511505
3609,3072452
3610,3931670
3611,9445587
3612,2240602
3613,2776980
3614,2797664
3615,1490660
3616,6435549
3617,3279450
3618,4391102
3619,3691693
3620,3889616
3621,3479016
3622,2239210
3623,3233638
3624,2332373
3625,2673739
3626,1932407
3627,2398895
3628,4229058
3629,5852019
3630,4773882
3631,4227333
3632,3618855
3633,2338596
3634,4512684
3635,2862413
3636,2191417
3637,3267664
3638,4989643
3639,1388859
3640,4515096
3641,5429756
3642,1531714
3643,2955870
3644,2829434
3645,3049724
3646,2902446
3647,2023216
3648,3008935
3649,3217166
3650,2471212
3651,3017020
3652,2153696
3653,2517743
3654,2610048
3655,2589318
3656,2473837
3657,2890424
3658,2683006
3659,2563111
3660,2891951
3661,3948003
3662,3711347
3663,1966748
3664,3017658
3665,4759947
3666,3258446
3667,2513771
3668,1428014
3669,2379024
3670,1928552
3671,2861513
3672,3150625
3673,3638665
3674,2841129
3675,3029140
3676,2747449
3677,2476327
3678,1849980
3679,1471371
3680,2560135
3681,2775798
3682,3870745
3683,1788906
3684,1879766
3685,1960057
3686,2131692
3687,2050064
3688,2072106
3689,2651549
3690,2862994
3691,2919475
3692,1942372
3693,2652553
3694,1671300
3695,2633964
3696,4274773
3697,3685058
3698,2674419
3699,2163732
3700,1875611
3701,3970283
3702,6905075
3703,2905833
3704,3663652
3705,2668597
3706,2336747
3707,6262218
3708,2654859
3709,2348722
3710,3827693
3711,1894615
3712,2449515
3713,2414045
3714,2744141
3715,2398258
3716,2444817
3717,2588947
3718,4406054
3719,3906061
3720,3637117
3721,3015500
3722,3697294
3723,4682318
3724,3753653
3725,2435445
3726,3356391
3727,2490203
3728,4168609
3729,3476195
3730,3651014
3731,2474444
3732,1244432
3733,2632825
3734,2144583
3735,3046543
3736,2176543
3737,2641532
3738,3626071
3739,2660439
3740,2691008
3741,2075550
3742,2612612
3743,1934149
3744,4134847
3745,3011297
3746,2369186
3747,2396595
3748,2344237
3749,1962919
3750,2551330
3751,2596238
3752,2489594
3753,2518380
3754,2320518
3755,2457866
3756,4336043
3757,7176120
3758,2177119
3759,2171876
3760,7370375
3761,2278084
3762,2371918
3763,2378070
3764,1513658
3765,2732767
3766,2329098
3767,1963867
3768,2226539
3769,1949470
3770,3425285
3771,3337023
3772,2736287
3773,4424860
3774,2746216
3775,3245877
3776,3473117
3777,2574720
3778,2176201
3779,2132256
3780,2428352
3781,6542958
3782,2331025
3783,2414016
3784,2716290
3785,3000424
3786,2344281
3787,4437612
3788,2070535
3789,3090167
3790,2813167
3791,1609608
3792,4934431
3793,3868943
3794,2749436
3795,2562250
3796,1350809
3797,5327470
3798,2858804
3799,2517110
3800,3079573
3801,3091678
3802,2452247
3803,2580028
3804,1420754
3805,1818623
3806,4544558
3807,2821736
3808,4092971
3809,1708769
3810,1974121
3811,4657401
3812,1385060
3813,2756717
3814,1760061
3815,3310974
3816,2037872
3817,2890310
3818,1723667
3819,3125377
3820,2473095
3821,2657638
3822,2365331
3823,3758212
3824,2571092
3825,4262833
3826,4239168
3827,2470477
3828,3799234
3829,3021366
3830,2674455
3831,2807071
3832,2550256
3833,2746820
3834,2568807
3835,2079282
3836,2485861
3837,2618180
3838,3643445
3839,1393339
3840,2532926
3841,2923267
3842,3753153
3843,3243903
3844,4335592
3845,3723976
3846,3720204
3847,2495382
3848,11819712
3849,2685000
3850,2539527
3851,2220737
3852,3463665
3853,2055014
3854,2757670
3855,2466905
3856,2377540
3857,1909229
3858,4167786
3859,3963436
3860,2915796
3861,3459387
3862,3456575
3863,2478613
3864,4280503
3865,2909700
3866,1845446
3867,2158610
3868,2724959
3869,4516944
3870,3544098
3871,1345720
3872,3947264
3873,2649807
3874,2405473
3875,2323147
3876,3221006
3877,1944239
3878,2113311
3879,2319437
3880,2261477
3881,2014196
3882,2529001
3883,2105797
3884,2031036
3885,3166397
3886,2589706
3887,2632407
3888,3731139
3889,2549755
3890,3616270
3891,2116612
3892,1340753
3893,3588810
3894,2517037
3895,2431606
3896,1435285
3897,2904013
3898,2789177
3899,2429711
3900,2673909
3901,3985596
3902,4188514
3903,1573916
3904,2563539
3905,2076595
3906,2737958
3907,2796591
3908,2812391
3909,2330437
3910,2498442
3911,2512707
3912,2179977
3913,2341933
3914,8487682
3915,2597038
3916,2617512
3917,2513692
3918,2356735
3919,1277510
3920,2565173
3921,2431601
3922,2303475
3923,2063721
3924,2951223
3925,2678615
3926,2349393
3927,2848212
3928,2638719
3929,4413605
3930,3720483
3931,5634538
3932,2087178
3933,2425598
3934,3306799
3935,5210478
3936,3754086
3937,4289431
3938,3467549
3939,4654886
3940,2660494
3941,2182140
3942,3622010
3943,2422070
3944,2249744
3945,3587357
3946,1370358
3947,2064872
3948,2350358
3949,2457665
3950,2740987
3951,6905575
3952,6294923
3953,2537431
3954,3119939
3955,2949742
3956,2447817
3957,2473550
3958,2555731
3959,3096561
3960,2657365
3961,2322992
3962,2481659
3963,2514333
3964,2609038
3965,2522912
3966,3510996
3967,4738469
3968,2412034
3969,2537921
3970,2283790
3971,2615081
3972,3845145
3973,3058747
3974,2131055
3975,4740461
3976,3501335
3977,2716162
3978,1440999
3979,2794058
3980,1553766
3981,3272708
3982,1347065
3983,2738125
3984,4837338
3985,4552647
3986,3941185
3987,3339585
3988,2761841
3989,1692327
3990,2403340
3991,2971837
3992,2692025
3993,2600210
3994,3143617
3995,2789690
3996,2651082
3997,5786936
3998,2715682
3999,2284906
4000,2844593
4001,2840290
4002,2492829
4003,2724637
4004,3065969
4005,2475556
4006,1836422
4007,2269060
4008,1339803
4009,2807298
4010,1614107
4011,2741628
4012,2396565
4013,8968934
4014,2367952
4015,2791908
4016,4013417
4017,2414637
4018,2173273
4019,1656218
4020,2888849
4021,4140361
4022,3975047
4023,1885885
4024,2303763
4025,2925198
4026,2741720
4027,4182235
4028,2812048
4029,2539177
4030,2816014
4031,1327754
4032,4027805
4033,3190847
4034,2601598
4035,3122902
4036,4111301
4037,2963272
4038,2992677
4039,2385795
4040,2695336
4041,2899815
4042,2298162
4043,4529381
4044,4295150
4045,2096170
4046,4102010
4047,2336459
4048,4418744
4049,2194103
4050,10106213
4051,8213445
4052,1475091
4053,1276568
4054,2323216
4055,2263187
4056,2013740
4057,2082027
4058,3481558
4059,4070212
4060,2594683
4061,1820822
4062,2518431
4063,1836856
4064,1881854
4065,3154637
4066,2311207
4067,2129301
4068,2069672
4069,2302295
4070,2107302
4071,2850685
4072,3670531
4073,2934914
4074,1287581
4075,2460665
4076,3244741
4077,2026315
4078,2438155
4079,2467846
4080,2324060
4081,1968004
4082,2504615
4083,2646806
4084,3809727
4085,1816363
4086,3667050
4087,2507945
4088,3514694
4089,2319232
4090,2573799
4091,2733876
4092,3619171
4093,3136831
4094,2617736
4095,2536653
4096,2632752
4097,2647210
4098,1392512
4099,2602089
4100,2612525
4101,2689401
4102,2490077
4103,2937961
4104,2585634
4105,2770702
4106,2807314
4107,2939265
4108,2315490
4109,1296084
4110,4049208
4111,5830186
4112,1076786
4113,5367726
4114,6102892
4115,1575968
4116,3050751
4117,1412305
4118,2604029
4119,4171037
4120,3804469
4121,2607269
4122,2575664
4123,2454557
4124,1975314
4125,1829027
4126,3834701
4127,2678868
4128,3601232
4129,3925150
4130,3541307
4131,2809680
4132,1935421
4133,1919824
4134,3010478
4135,2014293
4136,2668991
4137,7527899
4138,2671592
4139,3551711
4140,3537465
4141,3706041
4142,2569189
4143,2528633
4144,2485743
4145,2570650
4146,2690587
4147,2445839
4148,3239063
4149,3520516
4150,2514749
4151,2810705
4152,2263943
4153,2485258
4154,6113610
4155,4127091
4156,2325447
4157,2295764
4158,3649326
4159,1562578
4160,7044113
4161,4434200
4162,2502889
4163,8295955
4164,2138116
4165,1787752
4166,2415901
4167,2929618
4168,2423674
4169,2435265
4170,1424415
4171,2680935
4172,2557974
4173,2542971
4174,2280863
4175,2568762
4176,2036442
4177,2103660
4178,2351785
4179,2995561
4180,2469744
4181,2612203
4182,4026355
4183,1556548
4184,1395558
4185,1465901
4186,2947722
4187,2758272
4188,2715155
4189,2848146
4190,2617105
4191,2667171
4192,2634106
4193,1901300
4194,1429717
4195,2663250
4196,2386728
4197,2364294
4198,4957113
4199,1811340
4200,1843987
4201,3843959
4202,2791214
4203,5348829
4204,1601356
4205,1866231
4206,2666220
4207,1762357
4208,2601600
4209,2591521
4210,2627814
4211,2484500
4212,2715079
4213,4708133
4214,2780245
4215,2528952
4216,2389666
4217,2419652
4218,3751194
4219,2520556
4220,1590436
4221,2691674
4222,2690721
4223,2573380
4224,2679026
4225,2529023
4226,2529380
4227,2901006
4228,2621844
4229,3555956
4230,2542573
4231,2494827
4232,2847393
4233,1599789
4234,2532318
4235,3452487
4236,1699878
4237,2009597
4238,2582583
4239,1955931
4240,1540957
4241,2717011
4242,5837056
4243,2697416
4244,1596021
4245,2795656
4246,8101386
4247,2667247
4248,1559755
4249,2655464
4250,5689591
4251,2486217
4252,2586139
4253,2663163
4254,2757749
4255,1684136
4256,5128510
4257,3941438
4258,2979952
4259,2652700
4260,2844909
4261,1844867
4262,3017546
4263,1932488
4264,2814540
4265,2833477
4266,2417231
4267,2948925
4268,2972823
4269,2546694
4270,2800663
4271,5494751
4272,2806771
4273,2732663
4274,2962391
4275,1859307
4276,1541198
4277,2195787
4278,2564802
4279,2468124
4280,3014895
4281,2819363
4282,3976315
4283,2740486
4284,2496956
4285,3038423
4286,2784437
4287,3068143
4288,2368077
4289,3384738
4290,4233307
4291,2482349
4292,2283447
4293,2249287
4294,2715006
4295,2609665
4296,2553253
4297,1514231
4298,2478690
4299,6670103
4300,2495020
4301,4293626
4302,4032312
4303,3761374
4304,4018380
4305,3701387
4306,3555360
4307,2678051
4308,3815013
4309,3538410
4310,4242040
4311,4004815
4312,3548056
4313,3389309
4314,3665109
4315,3483210
4316,4170872
4317,2677008
4318,1368806
4319,2484469
4320,2436434
4321,2711665
4322,3161963
4323,3200935
4324,2447181
4325,2307598
4326,2381043
4327,3282615
4328,2508470
4329,1487955
4330,4143561
4331,2619825
4332,2262097
4333,2789922
4334,2554727
4335,2681486
4336,2638223
4337,2556850
4338,2531811
4339,4118886
4340,3498028
4341,2606426
4342,1897820
4343,2487124
4344,3053144
4345,3172092
4346,3615808
4347,2531817
4348,2137560
4349,2291040
4350,3676674
4351,2615415
4352,1915666
4353,2277326
4354,2087022
4355,1902002
4356,4113431
4357,3775755
4358,3526330
4359,2881489
4360,2886537
4361,1420233
4362,2571146
4363,2631313
4364,2668342
4365,6524962
4366,4157233
4367,4210570
4368,3987587
4369,3570421
4370,3456787
4371,3644724
4372,3674456
4373,2810902
4374,3111879
4375,2293456
4376,1862751
4377,2669941
4378,2759406
4379,1462805
4380,3531198
4381,2627674
4382,2067244
4383,2883051
4384,2379494
4385,3397935
4386,3939208
4387,4113109
4388,3385547
4389,2491053
4390,3264796
4391,3695123
4392,2697191
4393,1522701
4394,3600625
4395,3850500
4396,3714684
4397,2218004
4398,4505764
4399,1491092
4400,3030541
4401,2743538
4402,2817583
4403,2945247
4404,2152369
4405,1893011
4406,2165815
4407,11318245
4408,2542399
4409,2456673
4410,2267554
4411,2691531
4412,2556130
4413,1815082
4414,1909298
4415,2407199
4416,2625525
4417,1369254
4418,2401912
4419,2458844
4420,2261146
4421,2713120
4422,2691551
4423,2548494
4424,3592218
4425,2062896
4426,2556726
4427,1654363
4428,2760904
4429,3876980
4430,3368793
4431,3650701
4432,2851110
4433,2342944
4434,2533231
4435,2035784
4436,2512784
4437,4118013
4438,4079345
4439,2640619
4440,2238038
4441,5176252
4442,2878717
4443,2673460
4444,2790982
4445,4229598
4446,1343832
4447,2995608
4448,5232234
4449,2854180
4450,4299403
4451,5669671
4452,2204220
4453,2507863
4454,2228337
4455,3509832
4456,2510652
4457,1903746
4458,2472175
4459,2236116
4460,1974807
4461,4109715
4462,3395055
4463,4079078
4464,3488818
4465,3177264
4466,1980631
4467,1451870
4468,3241133
4469,2695825
4470,2154433
4471,3943315
4472,3487053
4473,3424563
4474,3301820
4475,3353207
4476,2013075
4477,3487020
4478,3160850
4479,4019802
4480,2649388
4481,2451182
4482,2514516
4483,2260988
4484,1646831
4485,1921518
4486,2021615
4487,3990164
4488,3394216
4489,2768027
4490,2381026
4491,2755122
4492,2340995
4493,2299853
4494,2189821
4495,2346517
4496,4790869
4497,7097981
4498,3696486
4499,1818600
4500,1861546
4501,3259696
4502,2579429
4503,2601813
4504,1236290
4505,2593240
4506,2014975
4507,2326361
4508,2525547
4509,2661014
4510,1690638
4511,3327982
4512,3913672
4513,4974502
4514,3840528
4515,2683499
4516,2886681
4517,3933136
4518,3942430
4519,5671083
4520,2673636
4521,3811431
4522,3729572
4523,3143270
4524,2458335
4525,2534245
4526,2653605
4527,1976863
4528,2155692
4529,3719813
4530,2335460
4531,2311869
4532,4028416
4533,4646480
4534,3548174
4535,2529534
4536,1834857
4537,2789488
4538,2970807
4539,2141764
4540,2332427
4541,2189606
4542,1971865
4543,2402214
4544,3419508
4545,1689355
4546,2585098
4547,1841332
4548,2317558
4549,2453658
4550,3696940
4551,2111173
4552,2277113
4553,2302515
4554,2665576
4555,2921375
4556,2248180
4557,2608352
4558,1915238
4559,2234313
4560,3116372
4561,3153302
4562,3788964
4563,2882872
4564,2549831
4565,4351375
4566,2616001
4567,1731581
4568,2787373
4569,3562661
4570,3659147
4571,3014471
4572,4374810
4573,2735557
4574,7059227
4575,2894208
4576,3551985
4577,3945421
4578,4286390
4579,6094471
4580,5119031
4581,2345934
4582,11332161
4583,2288090
4584,2347831
4585,1325931
4586,2537189
4587,2624056
4588,2471811
4589,1411363
4590,4346595
4591,4164532
4592,3759358
4593,2419389
4594,2341690
4595,2500847
4596,2608304
4597,2781572
4598,3793507
4599,2537431
4600,2804791
4601,7293170
4602,3750888
4603,2512137
4604,3775536
4605,2476534
4606,6777740
4607,2604995
4608,2542824
4609,3936262
4610,2949620
4611,2832790
4612,2636379
4613,2828693
4614,3907875
4615,3597682
4616,4079460
4617,3605257
4618,4948881
4619,2763936
4620,3586371
4621,3118385
4622,2529555
4623,2447769
4624,4095093
4625,2698601
4626,2474027
4627,2287928
4628,2394546
4629,4345219
4630,4048548
4631,2494106
4632,2609130
4633,2400791
4634,2373782
4635,2504288
4636,2477870
4637,2553092
4638,3086826
4639,1973957
4640,2434056
4641,2905653
4642,2276270
4643,5777816
4644,3533412
4645,2303697
4646,2306305
4647,2257524
4648,2170965
4649,5785311
4650,1691014
4651,2192080
4652,3675132
4653,1926547
4654,2375038
4655,4289730
4656,4206132
4657,2372995
4658,1924263
4659,2756524
4660,3807914
4661,2408042
4662,2795622
4663,2275672
4664,2615042
4665,2332961
4666,2589504
4667,2415357
4668,2305522
4669,2624944
4670,5393966
4671,4645586
4672,6375344
4673,3988351
4674,3750862
4675,3812108
4676,3759876
4677,3576770
4678,3874567
4679,3741017
4680,2880274
4681,2559633
4682,1416554
4683,2691694
4684,2467617
4685,2442765
4686,3744542
4687,2527494
4688,2627645
4689,2625189
4690,4876467
4691,2951912
4692,2592374
4693,2116805
4694,2420369
4695,2867089
4696,2312092
4697,6920773
4698,2595183
4699,2263289
4700,2198060
4701,2867855
4702,2493427
4703,2318605
4704,2590336
4705,1982866
4706,2117647
4707,2125577
4708,2334116
4709,2549108
4710,3347790
4711,3456896
4712,2716498
4713,3011145
4714,1282065
4715,2607703
4716,2446883
4717,3399087
4718,9800447
4719,4031331
4720,2561617
4721,4332528
4722,4651822
4723,2604455
4724,1148176
4725,1469182
4726,2355369
4727,2183386
4728,2232492
4729,2449776
4730,3583102
4731,3380351
4732,3390663
4733,1992616
4734,2005235
4735,2518271
4736,3194779
4737,2427001
4738,4646441
4739,5812480
4740,3723602
4741,1750436
4742,3180645
4743,2906466
4744,2729531
4745,2019910
4746,1247847
4747,2534801
4748,2614446
4749,5431742
4750,2172060
4751,7006321
4752,2635607
4753,2750428
4754,2985347
4755,2533475
4756,2375132
4757,1276828
4758,2525540
4759,2727316
4760,2444117
4761,2747891
4762,3763469
4763,2602954
4764,2565135
4765,2343054
4766,2839379
4767,2779613
4768,3114625
4769,2595098
4770,3261461
4771,4084077
4772,3673535
4773,2793994
4774,2341432
4775,2807120
4776,2424450
4777,2389289
4778,3035237
4779,3804343
4780,8247873
4781,6608665
4782,4197464
4783,2617112
4784,5454037
4785,3356136
4786,2659870
4787,2200586
4788,2875989
4789,1409102
4790,2702984
4791,3431586
4792,4982592
4793,2835620
4794,3780027
4795,3743222
4796,4406686
4797,2538176
4798,3298530
4799,2523557
4800,3351684
4801,3017440
4802,3699453
4803,2383499
4804,2283557
4805,2873282
4806,2503450
4807,4012156
4808,2384015
4809,2811888
4810,1796888
4811,4608502
4812,3918532
4813,2781994
4814,8348574
4815,2063094
4816,3250458
4817,2061552
4818,3510753
4819,2753845
4820,2794302
4821,1572522
4822,1508382
4823,2785322
4824,2628651
4825,2712269
4826,1839589
4827,2444817
4828,3548267
4829,2603326
4830,2720210
4831,2183750
4832,2007306
4833,2743212
4834,2474406
4835,2395881
4836,2499601
4837,2292878
4838,3004951
4839,2942672
4840,2668073
4841,3019072
4842,1978246
4843,3253591
4844,2716105
4845,2675003
4846,3665121
4847,2210163
4848,4989504
4849,2629962
4850,3169265
4851,5253971
4852,1572252
4853,1944089
4854,2718127
4855,2444146
4856,2474298
4857,2245081
4858,2300388
4859,1178927
4860,3029993
4861,3028958
4862,2371602
4863,2325978
4864,1309160
4865,2131616
4866,2291103
4867,2744438
4868,2255588
4869,3311815
4870,2321118
4871,2378752
4872,2917186
4873,3068545
4874,2211455
4875,2196314
4876,2092208
4877,2892929
4878,2195381
4879,2767236
4880,4128643
4881,4470090
4882,2628423
4883,2471620
4884,2848271
4885,1700128
4886,2094219
4887,1835189
4888,1973484
4889,1893139
4890,2503038
4891,1934917
4892,5722474
4893,3308210
4894,2427553
4895,1828944
4896,1910556
4897,2138069
4898,2807918
4899,2834040
4900,4384869
4901,4136028
4902,3669189
4903,1510237
4904,2601788
4905,2821071
4906,2553763
4907,3257320
4908,3899208
4909,2849312
4910,2626041
4911,3280758
4912,2654907
4913,2505878
4914,2451718
4915,2154052
4916,5206754
4917,1739354
4918,2825722
4919,2372092
4920,2434612
4921,3130091
4922,2620179
4923,2530671
4924,2359009
4925,2164665
4926,2836219
4927,2320662
4928,1335967
4929,4261168
4930,3402271
4931,1573685
4932,5021471
4933,4148225
4934,3878040
4935,3042671
4936,4369259
4937,4270404
4938,4163762
4939,3855092
4940,4112680
4941,3364521
4942,2425038
4943,6292851
4944,2591052
4945,2479060
4946,2496675
4947,5975133
4948,1906094
4949,3418135
4950,2537380
4951,2329952
4952,2737263
4953,4106501
4954,2601065
4955,3031215
4956,2548388
4957,2169268
4958,2195511
4959,2117636
4960,1661653
4961,2731997
4962,2463800
4963,2337788
4964,3835139
4965,4048386
4966,3948734
4967,3210655
4968,2488629
4969,2294655
4970,3978729
4971,2103058
4972,4777941
4973,3931852
4974,5196699
4975,2182502
4976,1891301
4977,2208414
4978,1821065
4979,2874377
4980,2881926
4981,2093558
4982,3446731
4983,2665992
4984,2675202
4985,2170601
4986,2774840
4987,8322932
4988,3785467
4989,3447406
4990,3236362
4991,2813352
4992,1854476
4993,4005765
4994,1752707
4995,3693843
4996,2173721
4997,1776805
4998,2416561
4999,1893288
5000,2219364
5001,2884926
5002,2825764
5003,2669365
5004,4746925
5005,2772039
5006,4264164
5007,2683642
5008,2616067
5009,2412356
5010,2736375
5011,2449964
5012,2665965
5013,4313646
5014,3819619
5015,2472665
5016,2167311
5017,2171058
5018,2711583
5019,2909708
5020,2603449
5021,2721126
5022,2945234
5023,1501781
5024,3658839
5025,3126513
5026,2724616
5027,2419464
5028,2902576
5029,1899411
5030,1731821
5031,1905067
5032,1738984
5033,2096930
5034,1699442
5035,1781922
5036,2479255
5037,2187958
5038,3036685
5039,1715510
5040,2126536
5041,2095468
5042,3504862
5043,4584422
5044,1707919
5045,1353727
5046,2561242
5047,1585210
5048,2606531
5049,1984449
5050,3698248
5051,2147602
5052,4470901
5053,2743645
5054,1616407
5055,2594188
5056,2432703
5057,2031634
5058,2887848
5059,2134038
5060,2871835
5061,3397910
5062,3736914
5063,3117481
5064,2204075
5065,2279588
5066,1513063
5067,2325660
5068,2624076
5069,2653595
5070,1956312
5071,2160544
5072,2049808
5073,2053259
5074,1936130
5075,2107026
5076,4444208
5077,1274810
5078,2389046
5079,2298286
5080,4291401
5081,2214609
5082,2659506
5083,2327693
5084,3021508
5085,2629436
5086,2150473
5087,3885442
5088,3115830
5089,3238068
5090,1826978
5091,2058805
5092,2200945
5093,2433707
5094,3205132
5095,2428009
5096,2536950
5097,2274804
5098,2012468
5099,2421627
5100,2476702
5101,1936315
5102,1905966
5103,2311478
5104,4123009
5105,3806190
5106,3587877
5107,1835126
5108,2536084
5109,1495964
5110,4030182
5111,3953528
5112,4250187
5113,4052723
5114,4566037
5115,2972956
5116,2822376
5117,4274038
5118,2112345
5119,2782161
5120,4031881
5121,3528046
5122,2909640
5123,2774133
5124,2735167
5125,2847443
5126,2796898
5127,3614472
5128,2720295
5129,2727410
5130,1870661
5131,3618772
5132,2591727
5133,3077754
5134,4493131
5135,4660748
5136,5150635
5137,4052608
5138,4187954
5139,3440117
5140,4576403
5141,2005395
5142,2948415
5143,2796212
5144,1596036
5145,3258371
5146,2796374
5147,2738110
5148,2799197
5149,2973304
5150,3166414
5151,2897654
5152,4158872
5153,4156190
5154,4211249
5155,2624567
5156,3039120
5157,2810488
5158,2684510
5159,4671727
5160,2808090
5161,3037171
5162,3234097
5163,7766717
5164,2724608
5165,2954394
5166,3405470
5167,3142362
5168,3079623
5169,4100887
5170,2891296
5171,7313123
5172,2766928
5173,2260462
5174,4497751
5175,4132194
5176,3806106
5177,1913540
5178,2004693
5179,2599721
5180,4068716
5181,3220195
5182,4337388
5183,3938179
5184,3704918
5185,4409096
5186,4385184
5187,4734084
5188,3160614
5189,1964194
5190,2436195
5191,2149171
5192,2433859
5193,2636181
5194,2838074
5195,3170121
5196,2814289
5197,1309861
5198,3322260
5199,2648406
5200,2795335
5201,2630729
5202,2849689
5203,3004594
5204,2643924
5205,1850482
5206,2347812
5207,4145189
5208,2796619
5209,3074406
5210,2982352
5211,2987252
5212,2404380
5213,2697629
5214,4679321
5215,1934997
5216,2363690
5217,3016816
5218,2787706
5219,3126558
5220,6414433
5221,4850308
5222,4960083
5223,3092341
5224,5232667
5225,2437663
5226,5274187
5227,3303692
5228,2908726
5229,2657986
5230,2899156
5231,2902502
5232,1978615
5233,3107592
5234,3099043
5235,3293691
5236,3025117
5237,5052729
5238,2676327
5239,2563842
5240,2684538
5241,3057000
5242,3089515
5243,7025609
5244,3633334
5245,4806488
5246,2667036
5247,8677116
5248,3774390
5249,4117090
5250,2541332
5251,3138705
5252,2457956
5253,2278436
5254,5810999
5255,2656856
5256,4394581
5257,2746823
5258,1270135
5259,2632031
5260,3566179
5261,4465860
5262,3535295
5263,3600888
5264,2781478
5265,2349848
5266,2095108
5267,2483826
5268,5185967
5269,1749104
5270,2267893
5271,2173977
5272,2421688
5273,1848975
5274,2288782
5275,2470349
5276,2441462
5277,2387368
5278,2236425
5279,1432102
5280,4116256
5281,3812148
5282,6251840
5283,3781044
5284,3667480
5285,2946237
5286,2212066
5287,2363001
5288,2193403
5289,6346709
5290,1658788
5291,2432305
5292,2362089
5293,6418196
5294,2173517
5295,2531584
5296,1275455
5297,2447906
5298,2401696
5299,2742771
5300,4581510
5301,1559596
5302,3255029
5303,2448319
5304,2405192
5305,2801081
5306,2503563
5307,2213487
5308,2390029
5309,2249648
5310,5060357
5311,1455353
5312,2083872
5313,3432114
5314,2300462
5315,2512603
5316,2276637
5317,2167607
5318,3688437
5319,2489000
5320,2265394
5321,1999132
5322,2791877
5323,2616274
5324,4188473
5325,1563385
5326,1464083
5327,2821273
5328,2699564
5329,2604543
5330,2451619
5331,21077619
5332,3256497
5333,4020748
5334,3749132
5335,1517185
5336,2130851
5337,2225363
5338,2378123
5339,3606237
5340,3619963
5341,4710964
5342,2491999
5343,3034541
5344,2734817
5345,3367255
5346,2604470
5347,2256023
5348,1781544
5349,1893272
5350,2151597
5351,2118980
5352,3044551
5353,2655996
5354,1318732
5355,2683423
5356,2338125
5357,3613393
5358,3946486
5359,3635193
5360,4086611
5361,6817590
5362,2190451
5363,1902880
5364,1972564
5365,7854750
5366,3547421
5367,3829898
5368,3626869
5369,3776273
5370,2333799
5371,2383972
5372,2581494
5373,3187284
5374,2045156
5375,1373916
5376,2864813
5377,2730478
5378,2615650
5379,2561823
5380,2698948
5381,6371133
5382,3591031
5383,10449881
5384,2457144
5385,1721496
5386,2059959
5387,2352346
5388,2531497
5389,3110555
5390,1978098
5391,3002491
5392,3740571
5393,4039540
5394,3921914
5395,2773082
5396,3312766
5397,4081166
5398,3662862
5399,2404066
5400,4399071
5401,2683887
5402,2744002
5403,2994078
5404,5637508
5405,4000930
5406,4138285
5407,1786387
5408,2523064
5409,2443006
5410,4106055
5411,2595699
5412,2344340
5413,4026115
5414,3573582
5415,2799550
5416,2723056
5417,4448322
5418,3923997
5419,3480028
5420,4244716
5421,3006975
5422,2325045
5423,2205992
5424,2612624
5425,2281043
5426,4643924
5427,1568344
5428,2007588
5429,2688968
5430,3709973
5431,2349628
5432,2694947
5433,2552815
5434,3743642
5435,3559109
5436,3863155
5437,2545465
5438,4275869
5439,1530785
5440,2512887
5441,2726908
5442,2513551
5443,2412357
5444,2152130
5445,2920515
5446,2459219
5447,2600520
5448,2317773
5449,2318652
5450,2451639
5451,2636518
5452,2109129
5453,2672717
5454,4278141
5455,2346618
5456,8046137
5457,2502733
5458,2377967
5459,2525613
5460,1801500
5461,2917056
5462,1893332
5463,3092353
5464,2916312
5465,2584969
5466,1771516
5467,2702876
5468,3706272
5469,3776017
5470,3565421
5471,1362098
5472,2236133
5473,2350255
5474,6593530
5475,2162726
5476,3996989
5477,3338871
5478,5293011
5479,2952059
5480,2337184
5481,1325486
5482,1354531
5483,1527666
5484,3075349
5485,2002516
5486,1811360
5487,2440865
5488,1825796
5489,1877906
5490,2646219
5491,2139579
5492,2119106
5493,2463478
5494,1817146
5495,2534202
5496,4007312
5497,2366008
5498,2288366
5499,2873822
5500,4005515
5501,4165087
5502,3116491
5503,1627949
5504,2194124
5505,2724017
5506,5785071
5507,2443147
5508,1864821
5509,2212770
5510,1828940
5511,2587579
5512,1731513
5513,1131026
5514,2144459
5515,3976764
5516,4108084
5517,3973045
5518,4404784
5519,1270559
5520,2842394
5521,2866853
5522,1277921
5523,2815994
5524,2584950
5525,2322791
5526,3850727
5527,2031422
5528,1907016
5529,1763820
5530,1828807
5531,1702304
5532,13601628
5533,2736191
5534,2975250
5535,3099729
5536,3114228
5537,2347051
5538,2298872
5539,3621335
5540,2233159
5541,2152284
5542,1998262
5543,2347369
5544,2239939
5545,2150234
5546,2376620
5547,3131451
5548,4030944
5549,3581259
5550,3228048
5551,3392378
5552,3544800
5553,1934725
5554,1938734
5555,1998513
5556,1378098
5557,2673395
5558,2449712
5559,1888350
5560,2034076
5561,1903155
5562,1926961
5563,2530480
5564,2208226
5565,2494396
5566,2352568
5567,1434721
5568,2473715
5569,2385381
5570,2645274
5571,4056332
5572,3821605
5573,2437247
5574,2516905
5575,2393356
5576,2382342
5577,1350187
5578,2587439
5579,2247638
5580,2293100
5581,2141186
5582,1832144
5583,2580264
5584,2192665
5585,5364551
5586,2546621
5587,1928100
5588,1228619
5589,3521798
5590,3328383
5591,2969617
5592,6874815
5593,1545169
5594,2601264
5595,3074598
5596,2270109
5597,4764459
5598,4017120
5599,3692790
5600,4901574
5601,2944693
5602,3627955
5603,2351967
5604,4730650
5605,4937229
5606,2506620
5607,2568100
5608,3260859
5609,2534279
5610,2663618
5611,2519322
5612,3706025
5613,1631054
5614,1704546
5615,1848220
5616,1863141
5617,4121897
5618,5728513
5619,2727639
5620,1442406
5621,3151335
5622,3575046
5623,2299526
5624,3663115
5625,5758323
5626,2240302
5627,1523544
5628,2636355
5629,7770342
5630,3770092
5631,3585254
5632,3467259
5633,3802497
5634,3364160
5635,2819551
5636,2489558
5637,3577465
5638,3420067
5639,2333811
5640,2756848
5641,2064512
5642,2755174
5643,2710690
5644,2723863
5645,4041104
5646,8751177
5647,3035451
5648,1492979
5649,7124882
5650,7234506
5651,2843774
5652,3693803
5653,2550135
5654,2192195
5655,2555481
5656,2304824
5657,3337219
5658,2720857
5659,2652288
5660,2194810
5661,3412204
5662,3931739
5663,3699839
5664,3390735
5665,3328414
5666,3769513
5667,7725852
5668,6046726
5669,3806229
5670,3826786
5671,2705612
5672,2340998
5673,1328616
5674,2308606
5675,2626533
5676,3728778
5677,1673743
5678,2262824
5679,2725995
5680,3600997
5681,2752554
5682,3545052
5683,4609611
5684,2392106
5685,3563185
5686,4040997
5687,3848377
5688,2810016
5689,2527568
5690,2352047
5691,2591690
5692,2263372
5693,2326950
5694,1743082
5695,3220268
5696,3234134
5697,2941151
5698,2800138
5699,2521074
5700,4417295
5701,4359904
5702,3460157
5703,2561768
5704,3931508
5705,2134021
5706,6614343
5707,2728699
5708,1443167
5709,6367513
5710,2377922
5711,1867632
5712,2024790
5713,2657542
5714,2434344
5715,2423608
5716,2087445
5717,2838799
5718,3764010
5719,2372658
5720,6326527
5721,2312302
5722,3271062
5723,2545441
5724,2159519
5725,2311873
5726,2176267
5727,2809499
5728,2288268
5729,2701556
5730,2392515
5731,4238008
5732,2277127
5733,2292218
5734,2635190
5735,2838073
5736,2383485
5737,2343857
5738,2411857
5739,2546835
5740,2504848
5741,4278186
5742,4553646
5743,3597465
5744,3608773
5745,2301857
5746,2283903
5747,2289268
5748,2383254
5749,2918841
5750,2094366
5751,2404496
5752,2338184
5753,5002810
5754,2166132
5755,1989466
5756,2008090
5757,2101695
5758,2174217
5759,2396036
5760,2299549
5761,3808218
5762,3439383
5763,4042619
5764,3472148
5765,2461787
5766,2623054
5767,2613956
5768,2640312
5769,2726431
5770,2369226
5771,5146476
5772,11279861
5773,15172734
5774,3012965
5775,2428481
5776,2940173
5777,2931565
5778,3045247
5779,2732640
5780,1285305
5781,2754666
5782,2608172
5783,3602736
5784,3003912
5785,4066389
5786,5015686
5787,2413703
5788,3472888
5789,2989899
5790,6152498
5791,2527197
5792,2362855
5793,2368738
5794,1952559
5795,1862618
5796,2012948
5797,2954772
5798,2406602
5799,4005756
5800,2131618
5801,4090172
5802,2983839
5803,2226579
5804,2201182
5805,2036432
5806,2135091
5807,2579093
5808,2203228
5809,2654615
5810,1977534
5811,2328284
5812,1103595
5813,2039770
5814,3122978
5815,3135348
5816,2237255
5817,4255529
5818,4028823
5819,4811483
5820,3606296
5821,2781622
5822,2254246
5823,1377710
5824,2265057
5825,2215398
5826,2395206
5827,3688370
5828,2310053
5829,2711921
5830,2548046
5831,4024894
5832,5063992
5833,1374740
5834,4339797
5835,5580431
5836,2320615
5837,2403000
5838,2239438
5839,2877439
5840,2795192
5841,2973915
5842,2711962
5843,2145982
5844,2242845
5845,3815414
5846,2394899
5847,2448122
5848,2126172
5849,2008679
5850,2267883
5851,2423382
5852,2147210
5853,2395446
5854,2762947
5855,3041321
5856,3267799
5857,2862116
5858,3814452
5859,4986002
5860,4622408
5861,3739953
5862,3642687
5863,2440863
5864,1940618
5865,1618492
5866,4834210
5867,5821602
5868,3511017
5869,2725998
5870,2576581
5871,2526682
5872,4260971
5873,3572518
5874,3585877
5875,3540297
5876,4316982
5877,4604950
5878,3106501
5879,1988397
5880,2756915
5881,3068710
5882,1861580
5883,2119072
5884,2075762
5885,3844140
5886,2504119
5887,3060481
5888,1795096
5889,2104538
5890,2022947
5891,2968820
5892,3521216
5893,2366285
5894,1932284
5895,2001873
5896,1955893
5897,6404700
5898,2838533
5899,1592615
5900,2714133
5901,2867746
5902,2590673
5903,2990962
5904,3744427
5905,2239897
5906,2599508
5907,2238957
5908,1669462
5909,2005770
5910,1681913
5911,2062289
5912,1632385
5913,1800530
5914,1800795
5915,2392134
5916,2169275
5917,2547997
5918,2408443
5919,4395542
5920,4554208
5921,2285077
5922,1984333
5923,2200802
5924,2196883
5925,1831187
5926,3927512
5927,3317876
5928,2153236
5929,3337280
5930,7958938
5931,1699129
5932,4100482
5933,3792218
5934,3458694
5935,2655664
5936,2493469
5937,2362002
5938,2232575
5939,1751183
5940,3285013
5941,2466931
5942,3595899
5943,3922301
5944,2419809
5945,2562129
5946,4112331
5947,3006391
5948,2742977
5949,1467442
5950,1602957
5951,2274559
5952,2358318
5953,2434723
5954,2175081
5955,2145491
5956,2156489
5957,2555008
5958,4862257
5959,2489878
5960,2592878
5961,1861168
5962,4641420
5963,2781264
5964,4080702
5965,2317500
5966,2197810
5967,2042928
5968,2142788
5969,1837100
5970,2437263
5971,2926328
5972,3985644
5973,3784387
5974,3544708
5975,8650552
5976,3002454
5977,1213129
5978,2635621
5979,2210604
5980,2858998
5981,3707945
5982,4715665
5983,3026397
5984,3828547
5985,2368762
5986,2466571
5987,2994821
5988,3281586
5989,2634896
5990,2693875
5991,2518560
5992,2597001
5993,2093730
5994,6555726
5995,2400475
5996,3324012
5997,2650430
5998,1414360
5999,3868589
6000,4028183
6001,2290051
6002,3810631
6003,1975327
6004,4667385
6005,2840993
6006,2124569
6007,3852948
6008,3418764
6009,3005391
6010,1929070
6011,2092784
6012,1863155
6013,1722287
6014,1359368
6015,2261408
6016,1717986
6017,2008026
6018,3744189
6019,2190756
6020,1764116
6021,2133953
6022,1991606
6023,2474963
6024,3360975
6025,2514952
6026,3392121
6027,3525940
6028,3659111
6029,3007080
6030,2528128
6031,2535869
6032,2588134
6033,2649885
6034,2590484
6035,1797285
6036,3560954
6037,2981452
6038,2729311
6039,2423219
6040,2604982
6041,4068871
6042,4270079
6043,4489646
6044,3943045
6045,6330198
6046,2703211
6047,6064589
6048,2460898
6049,2691226
6050,2603943
6051,4108920
6052,3557948
6053,4250839
6054,1768669
6055,2059668
6056,3817883
6057,3867289
6058,2617621
6059,2547612
6060,2538415
6061,4610315
6062,1427540
6063,2604539
6064,2677512
6065,2771204
6066,7939541
6067,1311075
6068,2734492
6069,2806614
6070,3864286
6071,2788685
6072,2422810
6073,2658195
6074,3311543
6075,2518437
6076,3503353
6077,2586331
6078,1881282
6079,2292916
6080,2368583
6081,2917672
6082,2371412
6083,2278256
6084,2141376
6085,2997943
6086,1862698
6087,5262915
6088,4051603
6089,3597729
6090,3391167
6091,2500875
6092,2287575
6093,2266788
6094,2748211
6095,2074089
6096,2183147
6097,2167529
6098,4374763
6099,2458886
6100,3612143
6101,2876785
6102,3559472
6103,2686728
6104,2290954
6105,2519066
6106,2558802
6107,2434876
6108,2403150
6109,2200987
6110,1385676
6111,2428076
6112,4110096
6113,2559302
6114,2329629
6115,2694964
6116,2356468
6117,2396723
6118,4124967
6119,3821462
6120,3984601
6121,2177353
6122,2306653
6123,5780395
6124,2235875
6125,2318440
6126,2292173
6127,4447080
6128,2470550
6129,2440276
6130,1513519
6131,1295838
6132,3617318
6133,2143364
6134,2456276
6135,4725124
6136,7327051
6137,2192627
6138,2857462
6139,2642927
6140,2385080
6141,3897148
6142,2635996
6143,2903101
6144,3694014
6145,2645101
6146,2605070
6147,3925124
6148,3568311
6149,2982288
6150,3794376
6151,2221059
6152,1401911
6153,3208744
6154,2554797
6155,1910358
6156,2771489
6157,2208618
6158,3004147
6159,2287488
6160,2143426
6161,2848575
6162,2401705
6163,1253478
6164,2147010
6165,2259934
6166,1998184
6167,2553027
6168,2014105
6169,2225314
6170,1875783
6171,2536502
6172,2196257
6173,3166161
6174,2423566
6175,2375284
6176,2843072
6177,2538634
6178,2241131
6179,3852086
6180,3465861
6181,2877464
6182,2298225
6183,2309993
6184,3213669
6185,2718268
6186,2540661
6187,2870425
6188,2725112
6189,2408992
6190,2140621
6191,2790639
6192,3147533
6193,2435313
6194,2677969
6195,1633391
6196,1116315
6197,3673160
6198,3651105
6199,2904257
6200,2411714
6201,3021781
6202,3606533
6203,3275894
6204,3947175
6205,3062252
6206,2844579
6207,2323704
6208,1708136
6209,3987385
6210,3662243
6211,2383989
6212,3614778
6213,2609595
6214,3370397
6215,2305256
6216,1239369
6217,2574334
6218,2336547
6219,2362021
6220,2195805
6221,2680308
6222,2789710
6223,2540540
6224,3609539
6225,2151444
6226,2150543
6227,5238292
6228,3826869
6229,3630935
6230,2066106
6231,2428001
6232,2335709
6233,1362952
6234,2750820
6235,4280419
6236,3884257
6237,4443776
6238,3212924
6239,6570823
6240,2448312
6241,3411601
6242,1858776
6243,3640351
6244,2482474
6245,2976751
6246,2172451
6247,1891930
6248,3062791
6249,2194645
6250,2470435
6251,1494824
6252,1954486
6253,1933684
6254,1838539
6255,10647282
6256,3802106
6257,2180953
6258,2770268
6259,1869654
6260,3524202
6261,2510363
6262,4264547
6263,7303638
6264,2557340
6265,3267879
6266,2523046
6267,2546604
6268,2276575
6269,2247654
6270,1906057
6271,2453740
6272,2408776
6273,2392449
6274,2543549
6275,2290565
6276,5287804
6277,2405391
6278,5537267
6279,2394673
6280,1240696
6281,2665997
6282,15383425
6283,2385367
6284,2194835
6285,2191400
6286,6869133
6287,2359537
6288,2281749
6289,3218609
6290,2442856
6291,1817849
6292,2168199
6293,1692469
6294,2310393
6295,3437326
6296,1951597
6297,2212109
6298,2097709
6299,1987251
6300,2656657
6301,1455057
6302,1695764
6303,2018265
6304,1997900
6305,1817552
6306,1824562
6307,2407445
6308,2594286
6309,2814098
6310,2272078
6311,2470500
6312,1332387
6313,2583192
6314,2074587
6315,2405312
6316,2199643
6317,2566999
6318,3103102
6319,2730996
6320,2297879
6321,3154118
6322,3599638
6323,1274760
6324,2382123
6325,2173039
6326,2394060
6327,2154517
6328,2385215
6329,2003519
6330,1950659
6331,2981270
6332,2668496
6333,2996448
6334,2671896
6335,3467598
6336,4016804
6337,2117603
6338,3492412
6339,2705637
6340,2217837
6341,3064705
6342,2160954
6343,3503166
6344,2393397
6345,3357646
6346,2155804
6347,1688510
6348,3484058
6349,3227016
6350,1648847
6351,1792017
6352,2707636
6353,3495806
6354,4242289
6355,1387962
6356,2000580
6357,1278615
6358,2412891
6359,2797312
6360,10022468
6361,1539493
6362,3973184
6363,4409603
6364,2486136
6365,2305411
6366,3962680
6367,2613444
6368,2387279
6369,2134976
6370,2099031
6371,2466201
6372,2194373
6373,2325725
6374,2396565
6375,2445498
6376,2478874
6377,2887279
6378,3522531
6379,3984343
6380,3919297
6381,9575254
6382,2384406
6383,3880442
6384,3712429
6385,2370757
6386,2474760
6387,1347902
6388,2715626
6389,2817032
6390,2745793
6391,3891423
6392,3686175
6393,3394072
6394,3144534
6395,1725425
6396,1799994
6397,1822227
6398,2381214
6399,1648521
6400,2375644
6401,4172217
6402,1502540
6403,8586156
6404,3588211
6405,2452390
6406,2498547
6407,2312183
6408,1354656
6409,2547143
6410,2220862
6411,2878590
6412,2425922
6413,3679980
6414,5449092
6415,3685593
6416,3312795
6417,3554754
6418,6278922
6419,2001813
6420,2600197
6421,2666612
6422,2484806
6423,4724701
6424,3597694
6425,2476114
6426,1779133
6427,2164477
6428,2361238
6429,2129789
6430,2281258
6431,2776203
6432,2359600
6433,2696852
6434,2242738
6435,2520577
6436,1980428
6437,3187565
6438,2301481
6439,2500275
6440,1342252
6441,1499763
6442,2853236
6443,3165308
6444,3417340
6445,2355897
6446,1226247
6447,2519194
6448,2391683
6449,2667310
6450,2464029
6451,2836042
6452,3764078
6453,5859306
6454,2710615
6455,2343585
6456,4033420
6457,3606177
6458,3733653
6459,4097413
6460,2497552
6461,1714468
6462,16253433
6463,2071249
6464,5352988
6465,5690286
6466,2614066
6467,3602890
6468,3321883
6469,4627304
6470,3487510
6471,2039872
6472,1171261
6473,2313681
6474,3848622
6475,2309503
6476,2587394
6477,1763940
6478,2487674
6479,1624283
6480,2213373
6481,2290492
6482,4037755
6483,2118801
6484,3368446
6485,2134673
6486,2931353
6487,4050124
6488,3837936
6489,2496985
6490,4228215
6491,2029563
6492,1944346
6493,1308149
6494,1903596
6495,1698584
6496,4132164
6497,2296517
6498,2021269
6499,2805553
6500,2280951
6501,2627235
6502,2236667
6503,2176254
6504,1846762
6505,2750682
6506,3111214
6507,3222907
6508,3427479
6509,2706513
6510,1764002
6511,3665780
6512,3381412
6513,3180709
6514,1941747
6515,2427378
6516,5121239
6517,2137166
6518,2587066
6519,2490662
6520,3028660
6521,2250408
6522,2619889
6523,8595196
6524,3457628
6525,2335967
6526,2831993
6527,2482859
6528,2822461
6529,2410674
6530,2479290
6531,2409975
6532,2114560
6533,2273386
6534,2113023
6535,4029075
6536,4224863
6537,4180379
6538,2140389
6539,2464921
6540,2576591
6541,2752637
6542,2535118
6543,2184582
6544,1378768
6545,3823986
6546,3380753
6547,3252951
6548,3751818
6549,2673266
6550,4657135
6551,3108969
6552,3771627
6553,2879218
6554,2664053
6555,2395989
6556,6644469
6557,2763511
6558,3803822
6559,2282378
6560,2692407
6561,2488168
6562,2261601
6563,2405953
6564,4430676
6565,3445879
6566,3476679
6567,2299194
6568,2333191
6569,2387539
6570,2373041
6571,4662492
6572,1701176
6573,2085031
6574,3797816
6575,3689273
6576,3671582
6577,2081683
6578,2340432
6579,2229034
6580,3576968
6581,2459811
6582,2336442
6583,2330588
6584,2389905
6585,3836001
6586,3693541
6587,3860446
6588,2479312
6589,1328350
6590,2250869
6591,3739023
6592,2393743
6593,1765072
6594,2527463
6595,2376442
6596,2576094
6597,2322982
6598,2499457
6599,2186583
6600,2454162
6601,2355566
6602,2245057
6603,3469882
6604,2515686
6605,1352416
6606,2629474
6607,2934583
6608,2639513
6609,2284090
6610,1219266
6611,2676480
6612,3184475
6613,2781466
6614,2210358
6615,1632153
6616,1867967
6617,2071142
6618,6338655
6619,3540303
6620,3816507
6621,1582943
6622,2343957
6623,3461026
6624,3756699
6625,2467515
6626,3782835
6627,2395550
6628,2213674
6629,2170952
6630,2370339
6631,2439631
6632,2989907
6633,5532768
6634,3641792
6635,3341743
6636,2310937
6637,3732235
6638,3927095
6639,5744062
6640,6496604
6641,3721723
6642,3710693
6643,2730883
6644,2340366
6645,3165945
6646,2461411
6647,2562831
6648,2261871
6649,1295369
6650,2856443
6651,2991064
6652,2532858
6653,4264568
6654,4548853
6655,3742259
6656,4552848
6657,4093190
6658,3445036
6659,3593007
6660,3921622
6661,3736022
6662,3325947
6663,3872773
6664,2531318
6665,3124321
6666,2883403
6667,2611929
6668,1905086
6669,2252476
6670,1874171
6671,2351038
6672,3401117
6673,1907593
6674,2033013
6675,3864431
6676,5117282
6677,2534151
6678,2361881
6679,2638718
6680,2728597
6681,2586758
6682,2402549
6683,1869609
6684,1976037
6685,1340595
6686,2361173
6687,3182159
6688,4139772
6689,10492224
6690,2535380
6691,1769419
6692,1765888
6693,2510596
6694,2244160
6695,2498809
6696,3935396
6697,2235146
6698,2315490
6699,2183334
6700,2789933
6701,3414259
6702,2139047
6703,2667715
6704,4210286
6705,4747106
6706,4177705
6707,2801870
6708,2233022
6709,2397421
6710,2469408
6711,2532700
6712,3497540
6713,1877451
6714,2296134
6715,2168334
6716,2406614
6717,2235845
6718,3654275
6719,2255515
6720,3722616
6721,2494098
6722,2193193
6723,4203820
6724,1695160
6725,1744357
6726,3375269
6727,2287550
6728,3137536
6729,2519148
6730,2150131
6731,2106835
6732,2129925
6733,2728576
6734,2085124
6735,2135028
6736,2345887
6737,2067586
6738,2084291
6739,2204482
6740,3810909
6741,3921588
6742,3536990
6743,2285970
6744,2957452
6745,3060859
6746,2485701
6747,2421356
6748,2382251
6749,2014701
6750,2691681
6751,2717862
6752,1467021
6753,2366295
6754,2590049
6755,2105109
6756,6295363
6757,2487215
6758,2312767
6759,3360706
6760,1266568
6761,2331264
6762,2263256
6763,2056939
6764,7369454
6765,2564902
6766,2660924
6767,2119394
6768,2878085
6769,3643096
6770,3505968
6771,2614630
6772,2488465
6773,2756988
6774,2356944
6775,3789085
6776,3523611
6777,3578690
6778,3159399
6779,3125427
6780,3626041
6781,1851650
6782,3625142
6783,2339900
6784,1774911
6785,3332523
6786,3676176
6787,1546817
6788,1893914
6789,1803029
6790,1856706
6791,3101503
6792,4043092
6793,2217607
6794,2478918
6795,1654528
6796,1995015
6797,2439021
6798,2399624
6799,9310860
6800,2110720
6801,2808570
6802,1796134
6803,2009540
6804,1739703
6805,1997037
6806,2281612
6807,2609059
6808,3662400
6809,2530205
6810,2047250
6811,1953321
6812,1879631
6813,1503191
6814,2118194
6815,3666717
6816,2907771
6817,2856248
6818,2300491
6819,1800002
6820,3217590
6821,5844482
6822,3190610
6823,2442290
6824,2645869
6825,2510058
6826,2602137
6827,2671373
6828,2281805
6829,2643723
6830,1744145
6831,1291012
6832,2398525
6833,2460538
6834,3270638
6835,3952074
6836,3212696
6837,1701172
6838,2681020
6839,2500595
6840,2996515
6841,2708246
6842,3947740
6843,3343372
6844,6492130
6845,4623087
6846,4068232
6847,2364583
6848,2385072
6849,2414689
6850,2271884
6851,2165124
6852,3835479
6853,7871594
6854,3323227
6855,3073543
6856,1255671
6857,2878635
6858,5919873
6859,2108227
6860,3540560
6861,3003608
6862,2435477
6863,2892198
6864,3530970
6865,2489440
6866,4239344
6867,3951153
6868,1925830
6869,1982696
6870,1771502
6871,2731506
6872,2417922
6873,2439033
6874,2359305
6875,2513767
6876,2399942
6877,1444748
6878,2579700
6879,4038589
6880,3802595
6881,2352292
6882,3726651
6883,2420357
6884,2045746
6885,2261075
6886,1910172
6887,1873256
6888,2579466
6889,2816044
6890,2431171
6891,2369799
6892,2591134
6893,2343815
6894,2278069
6895,2324192
6896,2235451
6897,1897861
6898,1275076
6899,2300447
6900,3394341
6901,2992778
6902,2232487
6903,2638989
6904,1884310
6905,2394810
6906,4743987
6907,3625799
6908,2241675
6909,2610899
6910,3467526
6911,2175192
6912,2757794
6913,2279562
6914,2307768
6915,3826625
6916,3427950
6917,3416406
6918,7687099
6919,2567036
6920,3709405
6921,3260698
6922,2383009
6923,2469291
6924,3998602
6925,7311583
6926,3576039
6927,5158147
6928,3300687
6929,2250455
6930,1340114
6931,2352623
6932,2181523
6933,3505608
6934,3261446
6935,2032893
6936,2027052
6937,2589331
6938,3753294
6939,3481041
6940,4175572
6941,7181229
6942,3351855
6943,3400755
6944,3476929
6945,3304758
6946,3290922
6947,2547304
6948,2341408
6949,1997534
6950,2579142
6951,2355896
6952,3930265
6953,4394465
6954,3435584
6955,2480502
6956,3655236
6957,3646848
6958,2366121
6959,2743139
6960,2357188
6961,2078624
6962,2401650
6963,2042756
6964,1710125
6965,1690479
6966,1780566
6967,2397590
6968,2189371
6969,3808226
6970,2029442
6971,1960924
6972,2197439
6973,2533481
6974,3313592
6975,2154317
6976,3477646
6977,2107504
6978,3201783
6979,2095886
6980,3999139
6981,4447957
6982,3446724
6983,2058754
6984,1315636
6985,2540354
6986,4217500
6987,2702655
6988,2290544
6989,2226035
6990,1783468
6991,1981564
6992,1866377
6993,2762423
6994,1833786
6995,2083112
6996,3847538
6997,3599659
6998,3417000
6999,2889657
7000,3772019
7001,2991246
7002,2063061
7003,3544402
7004,3250602
7005,1717266
7006,1685009
7007,1706674
7008,2573170
7009,1636980
7010,3819633
7011,2690352
7012,2155301
7013,2529547
7014,2468380
7015,2194917
7016,2234208
7017,1991282
7018,3313493
7019,2118947
7020,3636838
7021,2924058
7022,3741853
7023,3710858
7024,3025911
7025,2295484
7026,1273749
7027,2362645
7028,2044237
7029,2309844
7030,2478168
7031,2059517
7032,2337269
7033,1643203
7034,1951980
7035,4399614
7036,1987881
7037,2559094
7038,3433298
7039,1894236
7040,2234111
7041,4090453
7042,2479036
7043,2660923
7044,1823306
7045,3161178
7046,2559028
7047,1962504
7048,2275162
7049,2948445
7050,2253112
7051,2111596
7052,3823571
7053,4121026
7054,3824926
7055,2210377
7056,1397392
7057,2485589
7058,4198019
7059,2548452
7060,6084930
7061,3351688
7062,4009128
7063,2225874
7064,1810185
7065,2020230
7066,1933830
7067,2410651
7068,1953044
7069,1299241
7070,5383935
7071,1392096
7072,2710039
7073,2473594
7074,3361035
7075,1607024
7076,2143938
7077,2693077
7078,1831826
7079,3734749
7080,4073061
7081,2698265
7082,1892820
7083,2046239
7084,1955822
7085,2462748
7086,2577760
7087,2397520
7088,3167625
7089,2165645
7090,1571038
7091,2915712
7092,1670512
7093,1786087
7094,2717838
7095,3694385
7096,4106429
7097,2157886
7098,2232730
7099,2057651
7100,2142797
7101,4164583
7102,3715862
7103,2306214
7104,2147957
7105,1571019
7106,1332841
7107,2491856
7108,1400033
7109,1299805
7110,2721376
7111,2759605
7112,2540102
7113,1743616
7114,2472771
7115,1694967
7116,1987285
7117,2502134
7118,2405600
7119,2554576
7120,2420652
7121,2392123
7122,2937531
7123,2293785
7124,2456079
7125,2555716
7126,1842560
7127,1957493
7128,6427527
7129,4370129
7130,4256303
7131,2284873
7132,2694347
7133,3467410
7134,1664834
7135,3060261
7136,2107021
7137,3583833
7138,4150470
7139,1554379
7140,2653777
7141,2785605
7142,2800271
7143,1850253
7144,2879917
7145,3123864
7146,3806971
7147,2926878
7148,2524008
7149,2444904
7150,2783536
7151,2491410
7152,2360175
7153,2449975
7154,5992014
7155,3887846
7156,3547019
7157,1853923
7158,5721478
7159,2732392
7160,2347356
7161,2231398
7162,2328612
7163,2240445
7164,2339743
7165,3507262
7166,3313330
7167,2572528
7168,2829729
7169,2310008
7170,3122960
7171,2611969
7172,3497047
7173,3883066
7174,10439308
7175,1439454
7176,2523212
7177,2677981
7178,2111611
7179,4754607
7180,1945789
7181,2395040
7182,2038484
7183,2167962
7184,2262351
7185,1924002
7186,2056984
7187,2051859
7188,1961486
7189,2257817
7190,2922935
7191,1864346
7192,5711619
7193,2026109
7194,2376671
7195,3443910
7196,1284197
7197,3043103
7198,3781791
7199,2128314
7200,4084649
7201,2136237
7202,6904673
7203,2315550
7204,2240354
7205,2748012
7206,3584032
7207,2440844
7208,2346756
7209,2341831
7210,2115130
7211,1476032
7212,2426956
7213,2246711
7214,2364854
7215,2449805
7216,2183435
7217,1838258
7218,2519128
7219,2031904
7220,2026541
7221,3224002
7222,2071327
7223,2649899
7224,2409843
7225,2083519
7226,2461370
7227,2521789
7228,1272019
7229,2316947
7230,2936700
7231,2108526
7232,2167974
7233,2198277
7234,2048166
7235,2189863
7236,2089776
7237,2629916
7238,2350338
7239,2281396
7240,2487295
7241,2632267
7242,3235186
7243,1523109
7244,2778460
7245,2438228
7246,3478130
7247,2234698
7248,2728635
7249,5246552
7250,2328278
7251,2411831
7252,2237298
7253,1665921
7254,3235965
7255,2936811
7256,4609097
7257,2512354
7258,1424725
7259,7715289
7260,2484086
7261,4035893
7262,5727656
7263,2775308
7264,2515318
7265,2310769
7266,2164572
7267,2019976
7268,2543649
7269,2350453
7270,3858319
7271,2144292
7272,3110600
7273,4128993
7274,3567432
7275,3537998
7276,8827066
7277,2815774
7278,1661398
7279,2385116
7280,2790824
7281,5236450
7282,2580743
7283,3572478
7284,3303305
7285,3416254
7286,2416396
7287,1562196
7288,2659654
7289,1297846
7290,2652138
7291,2760972
7292,2392911
7293,2418603
7294,1294000
7295,1433378
7296,3029330
7297,2466787
7298,2150981
7299,1362775
7300,2614917
7301,1769457
7302,2970151
7303,2409738
7304,2519736
7305,3062134
7306,2524324
7307,1855528
7308,1310303
7309,2704803
7310,2385660
7311,3005577
7312,2457035
7313,1661825
7314,2450355
7315,2375326
7316,2778746
7317,1882826
7318,3046931
7319,2760653
7320,1551331
7321,1778060
7322,2481189
7323,2553514
7324,2381299
7325,2324917
7326,2946119
7327,2668988
7328,1310501
7329,1846620
7330,7680144
7331,1759153
7332,1287675
7333,1336969
7334,1256356
7335,2887091
7336,2551843
7337,2582250
7338,2463187
7339,2383451
7340,2515547
7341,1893708
7342,2443566
7343,2488126
7344,3367067
7345,3189405
7346,1405101
7347,1714390
7348,1578937
7349,2573259
7350,2515124
7351,2599928
7352,2380342
7353,4471477
7354,1993774
7355,3212094
7356,2649476
7357,2532988
7358,2502668
7359,2038775
7360,2473888
7361,3289785
7362,2545091
7363,2450054
7364,2485559
7365,2520436
7366,2707490
7367,2470803
7368,3233747
7369,2629379
7370,3507163
7371,3643639
7372,2635982
7373,3075236
7374,3749824
7375,3413666
7376,3661067
7377,2500886
7378,2340281
7379,2263183
7380,4175768
7381,2565204
7382,2414860
7383,3756394
7384,1919097
7385,1685236
7386,2374184
7387,3842496
7388,3754164
7389,4258291
7390,3700753
7391,2288448
7392,6223030
7393,2329330
7394,2518269
7395,2467181
7396,2379306
7397,3084331
7398,1763822
7399,2447239
7400,3603443
7401,3842775
7402,2121103
7403,1381874
7404,2362323
7405,1910479
7406,2097725
7407,1923533
7408,2713197
7409,3743795
7410,4456042
7411,3508731
7412,4322364
7413,2801182
7414,3841697
7415,2397869
7416,2376893
7417,2416644
7418,2322147
7419,1325491
7420,3464420
7421,3247697
7422,4237406
7423,2930411
7424,2316339
7425,2365702
7426,3200877
7427,3275245
7428,2448214
7429,3875548
7430,4466472
7431,7026208
7432,2089719
7433,2052228
7434,2004544
7435,1975688
7436,2246109
7437,3659170
7438,3556031
7439,2162506
7440,4105571
7441,3698644
7442,3706525
7443,4683189
7444,1768670
7445,1385534
7446,2699909
7447,2211675
7448,3696906
7449,2602655
7450,2843870
7451,3712202
7452,4020853
7453,2270450
7454,2236227
7455,2624194
7456,2887069
7457,2215519
7458,2307576
7459,1271642
7460,2949406
7461,2748674
7462,1291116
7463,3727990
7464,1898485
7465,1899303
7466,3840256
7467,1953404
7468,1848143
7469,1891320
7470,6235391
7471,2607334
7472,1640510
7473,3572869
7474,2060134
7475,2455838
7476,2674743
7477,2369986
7478,2791904
7479,2309341
7480,2450273
7481,2851677
7482,3230089
7483,1443323
7484,2480725
7485,2668221
7486,2408582
7487,2307033
7488,2351648
7489,2471788
7490,2506843
7491,2840302
7492,2396174
7493,2574188
7494,3305871
7495,2620302
7496,2632618
7497,2842753
7498,3458298
7499,3559713
7500,2552606
7501,3995694
7502,3803742
7503,3810158
7504,3887003
7505,2008752
7506,2432425
7507,2111692
7508,2135904
7509,3162516
7510,3566908
7511,2718733
7512,2851830
7513,2375452
7514,3785804
7515,2541864
7516,3903348
7517,2355104
7518,2162515
7519,2569599
7520,3949017
7521,8339533
7522,2266148
7523,2504359
7524,1172807
7525,2389353
7526,1337979
7527,4116809
7528,3164919
7529,2145735
7530,1809571
7531,2944963
7532,2491143
7533,2412642
7534,1954851
7535,1987357
7536,6429534
7537,5111883
7538,2452962
7539,2049162
7540,2396758
7541,2714081
7542,1749935
7543,3057161
7544,2204357
7545,2364196
7546,3776971
7547,1566393
7548,2681542
7549,2246284
7550,3100778
7551,4798017
7552,2983691
7553,5647896
7554,6542327
7555,2638802
7556,2604379
7557,4212873
7558,4862174
7559,1449195
7560,4116000
7561,2763529
7562,11455771
7563,2806076
7564,2228873
7565,3564050
7566,2206463
7567,2293149
7568,9086224
7569,3703050
7570,3418509
7571,3978538
7572,3665130
7573,3541547
7574,2631542
7575,2475621
7576,3085316
7577,2459027
7578,4244376
7579,1630627
7580,2197836
7581,2854383
7582,5786752
7583,2651927
7584,2416268
7585,2166151
7586,2108900
7587,2085680
7588,2159654
7589,2444900
7590,2354867
7591,3018100
7592,2040424
7593,2961963
7594,4286133
7595,2335704
7596,2564159
7597,4365973
7598,3433184
7599,2765702
7600,3403553
7601,2706437
7602,3875737
7603,3956770
7604,3580074
7605,7417722
7606,2705540
7607,3842387
7608,3304249
7609,2260836
7610,1659296
7611,1392661
7612,2440974
7613,2285510
7614,1742936
7615,1274112
7616,3566372
7617,3745484
7618,3300577
7619,1887794
7620,2194305
7621,1988969
7622,2060975
7623,2285721
7624,1768184
7625,1744743
7626,4915406
7627,4309320
7628,2397216
7629,2143958
7630,2280125
7631,2463295
7632,1588146
7633,3943024
7634,3903662
7635,2693433
7636,2765354
7637,4204809
7638,1852872
7639,4223963
7640,1953608
7641,1754564
7642,2090949
7643,1358811
7644,2060317
7645,1582162
7646,1469030
7647,1768119
7648,1708796
7649,1550594
7650,1655105
7651,1759015
7652,2679505
7653,3301630
7654,2039356
7655,2359255
7656,2214360
7657,1838882
7658,1766851
7659,1856690
7660,2035430
7661,2189299
7662,2334659
7663,2602748
7664,4454382
7665,2758488
7666,2358471
7667,2351619
7668,3423198
7669,9046285
7670,2390475
7671,2557769
7672,2542288
7673,2519726
7674,5246159
7675,4484460
7676,3521193
7677,2475137
7678,2275635
7679,2288171
7680,3794312
7681,3765575
7682,3042079
7683,4414841
7684,3511902
7685,3638213
7686,2426020
7687,3595220
7688,3348363
7689,1908963
7690,2599844
7691,3758401
7692,3579233
7693,2168967
7694,3492519
7695,3504111
7696,3800891
7697,4184342
7698,3565043
7699,3384781
7700,2711917
7701,2779686
7702,2563282
7703,3344059
7704,3537442
7705,2761059
7706,2550648
7707,2135268
7708,2242704
7709,2354690
7710,2911625
7711,2875032
7712,2357812
7713,3610398
7714,4741196
7715,3296787
7716,2863778
7717,1974583
7718,1537695
7719,3936281
7720,2486696
7721,2190464
7722,2390930
7723,2613225
7724,2395216
7725,2658975
7726,6529823
7727,1810899
7728,1960646
7729,3531070
7730,5985750
7731,2641586
7732,2054469
7733,3613437
7734,3741621
7735,2212232
7736,2778481
7737,3088584
7738,2587586
7739,5903697
7740,2804823
7741,1766989
7742,3472768
7743,4451659
7744,4417143
7745,2778372
7746,4330126
7747,2522545
7748,6703812
7749,2474258
7750,1374871
7751,2422447
7752,3488169
7753,2100154
7754,1813863
7755,1926328
7756,1858750
7757,1707554
7758,2614657
7759,2174919
7760,2696439
7761,2792559
7762,2165060
7763,2421331
7764,2468146
7765,2105281
7766,5323756
7767,6524175
7768,2195010
7769,2056119
7770,2122470
7771,3165536
7772,3537008
7773,4086004
7774,3761421
7775,9600394
7776,2407398
7777,3695911
7778,3820046
7779,2685613
7780,2324715
7781,2725729
7782,1408083
7783,2479779
7784,2167554
7785,3690509
7786,3658998
7787,2429275
7788,11298636
7789,2935638
7790,2259671
7791,4040967
7792,4248451
7793,2381015
7794,2279818
7795,3951435
7796,3911765
7797,2157645
7798,2741490
7799,2554879
7800,9402466
7801,1993382
7802,4253491
7803,3180854
7804,2400682
7805,2541851
7806,3608621
7807,2548872
7808,2023740
7809,8351271
7810,2894146
7811,2457255
7812,3705066
7813,2520780
7814,2360854
7815,3533836
7816,2198272
7817,1984355
7818,2522104
7819,2442258
7820,2277036
7821,1731739
7822,1344005
7823,1543459
7824,1355151
7825,2109734
7826,2909386
7827,2428459
7828,3138347
7829,2951722
7830,1395300
7831,2523487
7832,2389101
7833,2703953
7834,2341307
7835,1239571
7836,4490597
7837,1269222
7838,2908296
7839,1173353
7840,2314233
7841,4154908
7842,2468788
7843,2568966
7844,1846691
7845,1947061
7846,2083712
7847,1892243
7848,1738460
7849,1892737
7850,1936056
7851,3206163
7852,3805157
7853,2865469
7854,2484774
7855,2508835
7856,1244468
7857,2016797
7858,3179622
7859,2316629
7860,2206168
7861,2933562
7862,1233434
7863,4849775
7864,2258292
7865,3880989
7866,3633250
7867,1808667
7868,2344329
7869,3327510
7870,2161723
7871,2233922
7872,1502924
7873,2999653
7874,2497480
7875,2071750
7876,4830587
7877,5683626
7878,3058405
7879,5833754
7880,2428707
7881,2384166
7882,2455133
7883,3018454
7884,6645939
7885,1198628
7886,2757231
7887,2577163
7888,4053790
7889,2325063
7890,2075632
7891,3389158
7892,3084221
7893,3006337
7894,2383617
7895,2434814
7896,3668737
7897,3694884
7898,2402800
7899,5718297
7900,2906310
7901,2603905
7902,3700558
7903,1965291
7904,2224416
7905,3044617
7906,2675991
7907,2071606
7908,2707242
7909,1767042
7910,2605052
7911,4042135
7912,3508128
7913,2404291
7914,3198974
7915,2703571
7916,2372328
7917,2617472
7918,2465787
7919,2566168
7920,2621493
7921,1381997
7922,2403681
7923,1776946
7924,3887654
7925,2697622
7926,3749774
7927,2281979
7928,1889215
7929,2681860
7930,3899775
7931,3684118
7932,3589032
7933,2277818
7934,1397172
7935,2978078
7936,2573404
7937,2204556
7938,4085527
7939,2845681
7940,2448860
7941,2521097
7942,1309991
7943,2373144
7944,3743154
7945,4164022
7946,3931966
7947,2375827
7948,2357514
7949,2395199
7950,2407925
7951,2879918
7952,6276690
7953,2772775
7954,4852694
7955,2725040
7956,3205697
7957,1963752
7958,3734319
7959,1617176
7960,2396589
7961,2711741
7962,2305924
7963,3211005
7964,4140357
7965,3935170
7966,9608526
7967,2161190
7968,1804755
7969,2551777
7970,2623199
7971,2647653
7972,2754334
7973,1168630
7974,1332765
7975,2522987
7976,3726385
7977,2587691
7978,4046573
7979,2082657
7980,2697740
7981,4511815
7982,4215290
7983,3698125
7984,2518080
7985,4540144
7986,8425201
7987,2461663
7988,2470245
7989,2650218
7990,2341206
7991,3898061
7992,6026921
7993,6032271
7994,3968675
7995,1315046
7996,3805824
7997,3841230
7998,3965951
7999,2877823
8000,2763733
8001,2716298
8002,2390310
8003,3750799
8004,2190181
8005,6130794
8006,2322747
8007,2075035
8008,1609540
8009,1520634
8010,2444512
8011,1183287
8012,5886933
8013,2704032
8014,2463617
8015,2421460
8016,2551570
8017,2719950
8018,3207028
8019,2059753
8020,1232360
8021,2515322
8022,3089616
8023,2453598
8024,2624134
8025,2516100
8026,2506792
8027,1259357
8028,3083897
8029,2763152
8030,2750083
8031,2777479
8032,2263205
8033,1329544
8034,2427348
8035,2676346
8036,2403931
8037,2600915
8038,3131496
8039,3783266
8040,4222975
8041,2399633
8042,1302670
8043,2739565
8044,2751917
8045,3711780
8046,3580937
8047,2315137
8048,1872963
8049,2288790
8050,1324469
8051,1746318
8052,1722621
8053,1899015
8054,1945888
8055,2327693
8056,1617560
8057,1607123
8058,1977994
8059,2661399
8060,3717594
8061,4216949
8062,2326449
8063,1877735
8064,1732818
8065,3235552
8066,2066291
8067,3159145
8068,1900642
8069,1922180
8070,1282122
8071,4225742
8072,2586574
8073,2547941
8074,2404436
8075,2482700
8076,2453343
8077,1223594
8078,3732236
8079,5809053
8080,2816690
8081,1278679
8082,2745242
8083,3477322
8084,1918743
8085,2189583
8086,2089949
8087,2055438
8088,3317044
8089,2652623
8090,3199620
8091,1277993
8092,2259408
8093,2266616
8094,2199026
8095,2893933
8096,2366387
8097,2120689
8098,2271096
8099,2239900
8100,2250287
8101,2853185
8102,1811651
8103,2850801
8104,2292824
8105,2435825
8106,2260174
8107,2545902
8108,1774387
8109,2505609
8110,2252936
8111,2473076
8112,2267928
8113,2111341
8114,2441292
8115,2054498
8116,2588887
8117,4751477
8118,3835282
8119,6500676
8120,3866409
8121,2601258
8122,2267293
8123,2130335
8124,3670480
8125,2216437
8126,2494083
8127,2299255
8128,2242956
8129,1673493
8130,2804476
8131,2331225
8132,2136879
8133,3902831
8134,1273681
8135,4532492
8136,2499277
8137,2197701
8138,2489188
8139,2474902
8140,2097628
8141,2493433
8142,2446641
8143,3373664
8144,3280411
8145,2349339
8146,2812849
8147,2342812
8148,2539689
8149,1397345
8150,2127449
8151,4389185
8152,1794715
8153,3931179
8154,1456498
8155,1365686
8156,2324172
8157,2685393
8158,3944353
8159,1904811
8160,2353761
8161,2003881
8162,2224201
8163,1970471
8164,3544188
8165,2202761
8166,2578621
8167,6641028
8168,3143436
8169,3604132
8170,3555228
8171,3338902
8172,4925610
8173,3709851
8174,3251341
8175,2760978
8176,3740858
8177,2799687
8178,1937750
8179,1847844
8180,2459136
8181,2562576
8182,4089764
8183,2764750
8184,3521045
8185,2423658
8186,2398845
8187,2922090
8188,2162201
8189,2278235
8190,2475952
8191,5029904
8192,2228570
8193,2308062
8194,2048203
8195,3775597
8196,2062290
8197,1852460
8198,1514011
8199,4068257
8200,3928442
8201,4141019
8202,3955990
8203,2450653
8204,3556127
8205,3824509
8206,3535544
8207,3701765
8208,3730171
8209,2624231
8210,4084080
8211,3158611
8212,1462390
8213,4020054
8214,3501324
8215,2366511
8216,2371888
8217,2271117
8218,2130282
8219,4231238
8220,3600730
8221,2685200
8222,2127736
8223,4598296
8224,2260741
8225,2276257
8226,3872814
8227,2053802
8228,1810810
8229,1950382
8230,1143701
8231,2418345
8232,2330593
8233,4024896
8234,3678148
8235,2213025
8236,2497870
8237,2533099
8238,2335245
8239,2524729
8240,2581274
8241,2806786
8242,7183095
8243,7235021
8244,1245122
8245,3651246
8246,3378511
8247,3330403
8248,3637001
8249,3735276
8250,2120347
8251,3497189
8252,3697921
8253,2070362
8254,2430766
8255,2187977
8256,11567862
8257,7246298
8258,2632560
8259,2458231
8260,2265438
8261,2554669
8262,2526587
8263,2687842
8264,2292179
8265,2478575
8266,2081451
8267,1753085
8268,2205551
8269,3182938
8270,3293013
8271,2452872
8272,2385691
8273,2128849
8274,3467402
8275,2586715
8276,2221187
8277,2220000
8278,2621544
8279,1977786
8280,3685405
8281,5701540
8282,3212225
8283,4175304
8284,3254833
8285,4229582
8286,3634375
8287,2022605
8288,1892542
8289,1928419
8290,1901653
8291,1652608
8292,2467053
8293,2116806
8294,2707756
8295,2091021
8296,1841081
8297,2013189
8298,1663381
8299,2002742
8300,1991743
8301,3719779
8302,2372947
8303,3728781
8304,2435254
8305,3893269
8306,3522070
8307,2470635
8308,16308847
8309,2655940
8310,3399115
8311,2171527
8312,3480768
8313,4050031
8314,2573429
8315,1131346
8316,2395969
8317,2521143
8318,2187469
8319,4205200
8320,2836243
8321,2385364
8322,4695949
8323,2275082
8324,1697653
8325,2614548
8326,1255420
8327,2377694
8328,1940257
8329,2214794
8330,2268987
8331,2238268
8332,2260602
8333,2211905
8334,3208350
8335,2263823
8336,2466661
8337,4028687
8338,3476296
8339,2601115
8340,2312780
8341,2682615
8342,3180886
8343,2500191
8344,2075627
8345,2706449
8346,4908088
8347,3362478
8348,3915313
8349,3273816
8350,2379673
8351,2723050
8352,1436675
8353,4044362
8354,3503506
8355,4329705
8356,4105851
8357,3883109
8358,2528833
8359,3423521
8360,4068470
8361,3652975
8362,2372742
8363,2122350
8364,2277457
8365,4400225
8366,3844851
8367,2052048
8368,1923256
8369,2701011
8370,3187362
8371,2299950
8372,1065864
8373,2605798
8374,3756815
8375,2063599
8376,2599402
8377,2169263
8378,2150501
8379,5696410
8380,2542928
8381,4204115
8382,2002578
8383,2614827
8384,3842458
8385,3164197
8386,2016280
8387,2438470
8388,2050498
8389,2397001
8390,2600439
8391,3524078
8392,2524534
8393,1349599
8394,1515401
8395,2164719
8396,3845325
8397,4177077
8398,2602226
8399,2657323
8400,2422653
8401,1840126
8402,1353809
8403,1701995
8404,2674452
8405,2884443
8406,2478923
8407,2235172
8408,2551934
8409,2585292
8410,2335567
8411,3092003
8412,2451639
8413,1470652
8414,2285444
8415,5274294
8416,2227687
8417,3358291
8418,3726832
8419,1356879
8420,2115243
8421,3249610
8422,1429882
8423,2818239
8424,1285404
8425,1943300
8426,4415319
8427,1102911
8428,1921133
8429,1883905
8430,2130151
8431,2302227
8432,2133184
8433,1498400
8434,3616171
8435,3234810
8436,3785735
8437,7754066
8438,2591047
8439,2460102
8440,3962884
8441,4769591
8442,3127239
8443,1470777
8444,2419466
8445,1409662
8446,2848933
8447,2377659
8448,2505260
8449,2146454
8450,2363011
8451,3924890
8452,2208410
8453,2533159
8454,1762435
8455,2382114
8456,1915622
8457,1782971
8458,2297050
8459,1849248
8460,2530320
8461,1939965
8462,1914683
8463,1508412
8464,3108310
8465,3686438
8466,3546418
8467,4293943
8468,2298479
8469,2147718
8470,2585322
8471,4476996
8472,3482889
8473,2302854
8474,2506892
8475,1247366
8476,2311672
8477,2281884
8478,7647087
8479,2179439
8480,2111331
8481,2723324
8482,1785011
8483,3576127
8484,4047448
8485,2513607
8486,4847631
8487,2683668
8488,2124046
8489,2051382
8490,2014806
8491,2465682
8492,2033312
8493,2204528
8494,2358904
8495,2345038
8496,3340064
8497,2215212
8498,2411069
8499,2373104
8500,2233363
8501,2989102
8502,3289439
8503,4283056
8504,2447151
8505,2694533
8506,2928762
8507,1887325
8508,5260111
8509,3404569
8510,3186403
8511,3187742
8512,3071070
8513,3142714
8514,2979448
8515,2631500
8516,2318547
8517,2747489
8518,2499821
8519,2578901
8520,3972441
8521,3377847
8522,3465315
8523,2822103
8524,3711039
8525,3291300
8526,3749703
8527,2680094
8528,2267343
8529,1586005
8530,3370357
8531,3450040
8532,3050996
8533,2398029
8534,6274989
8535,2209236
8536,3339007
8537,2869087
8538,2382015
8539,2329017
8540,2622484
8541,2772180
8542,2162966
8543,2432208
8544,2730788
8545,2667754
8546,6362512
8547,2166635
8548,2168184
8549,2174374
8550,2139492
8551,2544515
8552,2327077
8553,2357076
8554,2204518
8555,2296067
8556,2259790
8557,2110176
8558,2697665
8559,2410987
8560,2218755
8561,1672479
8562,3791776
8563,3690114
8564,3087707
8565,3413768
8566,2293437
8567,2375318
8568,2830476
8569,2957311
8570,3226342
8571,3116497
8572,1765365
8573,2209578
8574,2316748
8575,2364439
8576,1231532
8577,2637295
8578,1332355
8579,2088463
8580,1400533
8581,4394935
8582,3063329
8583,1943621
8584,1449482
8585,1437201
8586,1620836
8587,1328368
8588,2186579
8589,1919261
8590,1357425
8591,2272733
8592,1523028
8593,1376549
8594,1283719
8595,1374453
8596,1360756
8597,2152769
8598,1873708
8599,1295695
8600,2614960
8601,4177574
8602,2612140
8603,5465371
8604,2090182
8605,1970316
8606,1739358
8607,3372398
8608,2683125
8609,1795262
8610,1746790
8611,1728750
8612,1833247
8613,1863610
8614,1848935
8615,2381620
8616,2119851
8617,1836979
8618,1895375
8619,2126433
8620,1973456
8621,1864480
8622,1825731
8623,2267918
8624,3788858
8625,1387379
8626,1674925
8627,1547976
8628,3628061
8629,2390755
8630,5639455
8631,2687998
8632,2531083
8633,4924164
8634,4860826
8635,2525425
8636,2804775
8637,2393015
8638,2375408
8639,2301443
8640,2150257
8641,2262477
8642,2254943
8643,2422267
8644,2102862
8645,2118161
8646,1930043
8647,2082427
8648,1961798
8649,2854168
8650,3654404
8651,2819198
8652,2391420
8653,4725139
8654,4570595
8655,1386202
8656,2799274
8657,1351658
8658,7143695
8659,2900703
8660,2427351
8661,5284435
8662,1898530
8663,2515529
8664,2184167
8665,2501117
8666,2673496
8667,2416348
8668,1785035
8669,2484374
8670,6868138
8671,2464468
8672,4186309
8673,2715814
8674,2604458
8675,2722124
8676,1743406
8677,1966109
8678,2063187
8679,2202031
8680,1970499
8681,1922603
8682,2451354
8683,1260630
8684,3698761
8685,2021597
8686,2648788
8687,2720206
8688,2335655
8689,1364922
8690,2612413
8691,18269275
8692,2624021
8693,2897127
8694,2206522
8695,1424944
8696,2985764
8697,2374103
8698,6380283
8699,2782868
8700,3180874
8701,2942147
8702,1989229
8703,1939859
8704,1825009
8705,2408566
8706,4443374
8707,1616370
8708,2284465
8709,2802649
8710,4560278
8711,1958948
8712,22734094
8713,2260974
8714,3095998
8715,2534482
8716,2522364
8717,2710836
8718,2359589
8719,2796251
8720,2051377
8721,2543352
8722,3187163
8723,2222609
8724,2387813
8725,3359375
8726,2007189
8727,2218261
8728,2798324
8729,2120796
8730,2381257
8731,2353552
8732,3544187
8733,16985017
8734,2304372
8735,2959057
8736,1249847
8737,7950884
8738,3252522
8739,2203849
8740,2777830
8741,3106000
8742,4397646
8743,1962330
8744,2004556
8745,2244981
8746,3889681
8747,2217776
8748,1977625
8749,2111256
8750,1991280
8751,2631613
8752,2375709
8753,2614645
8754,14520866
8755,2200230
8756,1877811
8757,2305002
8758,2274399
8759,1210112
8760,2667208
8761,2425177
8762,3115387
8763,3548308
8764,3545043
8765,2767241
8766,2809672
8767,1493949
8768,2535235
8769,2522961
8770,2395344
8771,2164267
8772,6191660
8773,3856023
8774,3299386
8775,14518413
8776,4977714
8777,4764906
8778,5319318
8779,4303287
8780,4105112
8781,8221566
8782,6107808
8783,2775012
8784,3769214
8785,1962144
8786,2827488
8787,2319857
8788,1889785
8789,3849324
8790,3596296
8791,3775747
8792,1203827
8793,2714593
8794,2357271
8795,2746526
8796,12037345
8797,2351427
8798,2514170
8799,2518065
8800,2715704
8801,2676296
8802,4329678
8803,3779488
8804,3608168
8805,3087174
8806,2686940
8807,1994531
8808,2366415
8809,2633879
8810,2640832
8811,2604148
8812,2021477
8813,2795041
8814,2655650
8815,2520563
8816,2319535
8817,11253592
8818,2644269
8819,2529667
8820,2807396
8821,2569370
8822,2181645
8823,2968535
8824,2513490
8825,3947335
8826,3855847
8827,3662644
8828,2644055
8829,1365623
8830,2394134
8831,2311437
8832,3854494
8833,4276377
8834,3482268
8835,2637244
8836,2259220
8837,2311349
8838,17760076
8839,3055572
8840,2958238
8841,3064825
8842,5602317
8843,2581984
8844,2321183
8845,1901096
8846,2247684
8847,2614881
8848,2039224
8849,1990888
8850,2527501
8851,2283787
8852,2340408
8853,2542270
8854,2625278
8855,2242728
8856,2932566
8857,2175761
8858,2205439
8859,18578331
8860,1360443
8861,1503314
8862,2539886
8863,1959880
8864,1303200
8865,1574781
8866,2536819
8867,2633024
8868,3115222
8869,1642404
8870,2264477
8871,3662313
8872,9172767
8873,3621467
8874,4761149
8875,2314882
8876,5824515
8877,4940846
8878,2862056
8879,2802457
8880,14362250
8881,2064763
8882,1929814
8883,2680632
8884,2378127
8885,2801937
8886,2900611
8887,2512662
8888,2857163
8889,2380522
8890,2073106
8891,2598678
8892,2119145
8893,2578633
8894,1943848
8895,2096636
8896,2095923
8897,2049785
8898,1823764
8899,2615793
8900,3428642
8901,18039250
8902,3496565
8903,1892261
8904,2210069
8905,3143586
8906,3808487
8907,2509958
8908,2039225
8909,2221644
8910,2378537
8911,2410182
8912,2467269
8913,1490412
8914,2268994
8915,2731698
8916,3086647
8917,1327100
8918,3384024
8919,2614899
8920,3935271
8921,3114393
8922,15563952
8923,2893620
8924,2445705
8925,3849061
8926,4056798
8927,4090032
8928,3070051
8929,2515517
8930,4506769
8931,2585984
8932,2074943
8933,2299397
8934,2565582
8935,1688380
8936,6443994
8937,2736212
8938,2598837
8939,1381498
8940,2423066
8941,2807354
8942,1611002
8943,16648981
8944,2057223
8945,2183053
8946,2308405
8947,2214094
8948,1818637
8949,3771176
8950,2349355
8951,2279497
8952,3461935
8953,1917649
8954,2196761
8955,2374207
8956,1399329
8957,4270587
8958,2153564
8959,2762992
8960,1774804
8961,1786064
8962,2234869
8963,2697288
8964,2316129
8965,2855184
8966,2541126
8967,3045365
8968,1715447
8969,3614298
8970,1930794
8971,1156589
8972,2665595
8973,3541901
8974,3380070
8975,3250083
8976,3670947
8977,2811314
8978,3104282
8979,1848380
8980,2287449
8981,3068897
8982,3870856
8983,2744456
8984,2553353
8985,3851726
8986,1871012
8987,3917412
8988,5358849
8989,2742859
8990,2640200
8991,2607115
8992,3748110
8993,3557194
8994,3544598
8995,2389773
8996,2189786
8997,2126237
8998,3391151
8999,2584262
9000,2591994
9001,2558625
9002,3406583
9003,1498484
9004,3588556
9005,2551525
9006,5602023
9007,2495766
9008,1755428
9009,1381091
9010,3487720
9011,1702668
9012,3320295
9013,2632906
9014,1465635
9015,2630144
9016,1874230
9017,1965462
9018,2796790
9019,3299458
9020,1229115
9021,2466152
9022,2882864
9023,1789283
9024,9785555
9025,1841022
9026,2533054
9027,1599221
9028,3317075
9029,2229201
9030,1498823
9031,2081094
9032,3046356
9033,2916892
9034,1884092
9035,2871495
9036,2726039
9037,1443175
9038,3979437
9039,3164661
9040,2233995
9041,1694865
9042,3716939
9043,2566058
9044,2075409
9045,6817401
9046,2010363
9047,1938326
9048,2937550
9049,4152482
9050,2617496
9051,2407300
9052,3539782
9053,2843566
9054,2727675
9055,3054313
9056,2861135
9057,3146490
9058,3797570
9059,4649156
9060,1981028
9061,2857987
9062,3131505
9063,2631851
9064,3750912
9065,2954005
9066,2679620
9067,4776666
9068,3645890
9069,3652432
9070,3392971
9071,2039070
9072,2375744
9073,3250413
9074,2174464
9075,1760030
9076,3650950
9077,4152882
9078,3526585
9079,1789817
9080,2455661
9081,2317374
9082,4206426
9083,3882963
9084,3077392
9085,3577337
9086,1532977
9087,6877710
9088,5077469
9089,2901341
9090,2859565
9091,3942002
9092,2101297
9093,2889301
9094,1370877
9095,2698651
9096,2992836
9097,3069913
9098,2817288
9099,2807757
9100,3186106
9101,3076174
9102,1468396
9103,2664799
9104,2544201
9105,4742440
9106,2592289
9107,3350354
9108,2583440
9109,3752042
9110,2117056
9111,2143843
9112,2772505
9113,1420921
9114,2749835
9115,1667726
9116,3440658
9117,2841678
9118,1748182
9119,2057641
9120,2139897
9121,2857683
9122,3179253
9123,3003680
9124,2044443
9125,1893101
9126,3378730
9127,3023748
9128,1460436
9129,2106484
9130,1426179
9131,2820009
9132,2851767
9133,2810252
9134,2567346
9135,2660558
9136,2697361
9137,3502460
9138,2639089
9139,2397545
9140,2763540
9141,2987184
9142,2545948
9143,2242142
9144,2644562
9145,3073599
9146,2663915
9147,1629151
9148,2021455
9149,2926028
9150,2857363
9151,2784638
9152,1464459
9153,3080560
9154,3122635
9155,1798867
9156,2670266
9157,4079560
9158,2015726
9159,2661242
9160,2142245
9161,2907621
9162,2966947
9163,1653852
9164,2681387
9165,1418593
9166,1336333
9167,2688838
9168,2657152
9169,2560356
9170,2799769
9171,6052485
9172,2829016
9173,3703309
9174,2713804
9175,2477785
9176,1392317
9177,3895405
9178,1378122
9179,1532435
9180,2786464
9181,1516745
9182,5579010
9183,2765908
9184,2069844
9185,1756392
9186,1577698
9187,1281758
9188,2605424
9189,2658058
9190,1563261
9191,2798888
9192,2420275
9193,2656033
9194,2714679
9195,1469788
9196,2609511
9197,4087335
9198,7670680
9199,2786666
9200,2549011
9201,2739529
9202,2953628
9203,1574831
9204,2524511
9205,2663910
9206,2599375
9207,2945036
9208,1562406
9209,2590608
9210,2604990
9211,2938651
9212,2728947
9213,2842131
9214,2727977
9215,2651854
9216,10356419
9217,1966266
9218,1474891
9219,1953981
9220,3262993
9221,2869501
9222,1430662
9223,2888664
9224,2567971
9225,1307444
9226,1237688
9227,2590360
9228,2548353
9229,2513979
9230,2764671
9231,1374952
9232,4303452
9233,2515117
9234,2562349
9235,2697199
9236,3750494
9237,3830875
9238,1990363
9239,2750672
9240,2621533
9241,1841028
9242,2733434
9243,9095060
9244,1978237
9245,2644871
9246,2703249
9247,2495309
9248,2435320
9249,1732554
9250,2185151
9251,2393545
9252,2261568
9253,4094500
9254,3775028
9255,2547060
9256,4012573
9257,3540128
9258,5528567
9259,2429601
9260,2277373
9261,1395579
9262,3631148
9263,4556518
9264,3466225
9265,2418513
9266,4314714
9267,2646361
9268,2405043
9269,1855845
9270,2159498
9271,1874567
9272,1880902
9273,4327791
9274,3634999
9275,3324879
9276,3468897
9277,2449278
9278,1401034
9279,15061749
9280,2419273
9281,4023329
9282,3723044
9283,3986904
9284,3844695
9285,3720246
9286,4278794
9287,4149972
9288,4298534
9289,2448584
9290,1781398
9291,3596628
9292,3792324
9293,2590832
9294,3530479
9295,2522000
9296,2103983
9297,3963824
9298,2094633
9299,1549205
9300,3488621
9301,4031960
9302,3513406
9303,1824414
9304,3785498
9305,2914554
9306,2230122
9307,2085517
9308,3167023
9309,6894844
9310,1599093
9311,2604306
9312,6506391
9313,2825460
9314,2658078
9315,2600308
9316,2211437
9317,3935142
9318,3451558
9319,1891868
9320,2723076
9321,4072205
9322,3737617
9323,2407944
9324,3700412
9325,2333694
9326,3606954
9327,2464935
9328,4148964
9329,2344235
9330,3784262
9331,2391664
9332,2399771
9333,3536641
9334,3436131
9335,1162519
9336,1276515
9337,1133172
9338,1956631
9339,1757930
9340,2357569
9341,3234206
9342,2339173
9343,2387484
9344,3654763
9345,2484537
9346,4220359
9347,4009117
9348,4786571
9349,5365052
9350,1804370
9351,1931306
9352,1719340
9353,1308464
9354,2191597
9355,1940499
9356,1918342
9357,2188125
9358,2157332
9359,2666912
9360,2494914
9361,2455484
9362,2415584
9363,2905233
9364,4170596
9365,2179825
9366,1371592
9367,1372040
9368,2616098
9369,2052504
9370,2280260
9371,3067036
9372,2059743
9373,2919628
9374,1475413
9375,2468018
9376,1318242
9377,2807742
9378,2118367
9379,2863541
9380,2665814
9381,4242329
9382,2227437
9383,2855310
9384,3755463
9385,1631016
9386,4577673
9387,4189539
9388,4760050
9389,3189434
9390,2459571
9391,1425560
9392,2708064
9393,3750233
9394,2692117
9395,2732005
9396,1942870
9397,2647836
9398,3499627
9399,2319157
9400,3421453
9401,2969719
9402,3826194
9403,2557454
9404,5090885
9405,4064188
9406,3421374
9407,1561860
9408,2534958
9409,4469843
9410,4038740
9411,4322926
9412,4355932
9413,2764623
9414,2699113
9415,2648860
9416,2404268
9417,1734892
9418,2975585
9419,1837769
9420,1333944
9421,4736515
9422,2943452
9423,4351605
9424,8710050
9425,2757912
9426,3037561
9427,2444559
9428,1410984
9429,1947650
9430,2121297
9431,2027160
9432,1893911
9433,2050430
9434,2509547
9435,4105748
9436,2705789
9437,4130843
9438,4383262
9439,3741549
9440,16039040
9441,3688158
9442,2754777
9443,1843479
9444,2160999
9445,2767316
9446,2407881
9447,2962171
9448,3742248
9449,1658810
9450,2396288
9451,6793574
9452,2451548
9453,4048644
9454,3663139
9455,3106848
9456,2728667
9457,2406739
9458,2747108
9459,1347969
9460,1273927
9461,2921362
9462,1786405
9463,2520459
9464,2566629
9465,3086072
9466,1894086
9467,2379717
9468,3977420
9469,3892041
9470,3541787
9471,2204179
9472,9139207
9473,2379195
9474,2217385
9475,2581313
9476,2037052
9477,2147624
9478,2131625
9479,2235703
9480,2512348
9481,1425226
9482,2516081
9483,2763060
9484,4269678
9485,1904624
9486,2520885
9487,2539118
9488,2750313
9489,2622906
9490,5886249
9491,1674258
9492,2606256
9493,2757330
9494,6349871
9495,2544634
9496,2510459
9497,1302351
9498,2923050
9499,2639048
9500,2392733
9501,3954650
9502,3510099
9503,3710847
9504,3485117
9505,2878603
9506,2657931
9507,3819719
9508,1238907
9509,3142610
9510,2783878
9511,4503992
9512,3918793
9513,1418296
9514,1335752
9515,2071294
9516,2507385
9517,2444947
9518,2789539
9519,2493609
9520,2459490
9521,2939144
9522,3837827
9523,2172359
9524,3929977
9525,4322911
9526,2003321
9527,1483050
9528,1438253
9529,1866247
9530,2519567
9531,3088720
9532,3759913
9533,2486286
9534,2257702
9535,2638584
9536,2053694
9537,3045720
9538,2288189
9539,2373864
9540,2459289
9541,2730421
9542,2736009
9543,2653188
9544,2505438
9545,2628252
9546,2384861
9547,2336682
9548,2227483
9549,4106210
9550,3820426
9551,3669083
9552,4087292
9553,3354637
9554,4201707
9555,2527038
9556,3565981
9557,1201479
9558,3612142
9559,4376324
9560,3061612
9561,2763185
9562,2797984
9563,3111280
9564,2104394
9565,3017573
9566,3559524
9567,2768100
9568,1415802
9569,2904320
9570,2624235
9571,2491800
9572,2363943
9573,3279540
9574,3091185
9575,2462982
9576,2244256
9577,2458608
9578,2402774
9579,2923770
9580,33670319
9581,3823640
9582,2487970
9583,2537000
9584,2632851
9585,2048688
9586,2932490
9587,2609118
9588,2007993
9589,2703147
9590,4068873
9591,4040353
9592,2637085
9593,3264303
9594,3419657
9595,2269787
9596,5287646
9597,3152274
9598,2564945
9599,2162886
9600,4008704
9601,4693066
9602,2470004
9603,2639176
9604,2491332
9605,2486436
9606,2592211
9607,4409383
9608,3492638
9609,2967740
9610,3938421
9611,2766945
9612,2206716
9613,2222959
9614,2117615
9615,2473251
9616,3692127
9617,3827285
9618,2871268
9619,2780613
9620,2429383
9621,1614801
9622,1327218
9623,1449575
9624,2284145
9625,3376980
9626,3513402
9627,2472225
9628,2445955
9629,3135883
9630,2583261
9631,2638768
9632,2956895
9633,3319493
9634,4035396
9635,2676392
9636,5313622
9637,5124091
9638,1595513
9639,2607914
9640,2292797
9641,1855528
9642,2389605
9643,1585135
9644,4501959
9645,2189855
9646,4354923
9647,3871531
9648,6168355
9649,1613508
9650,2596796
9651,2744546
9652,2399803
9653,12378841
9654,3046721
9655,3844547
9656,3891228
9657,2750268
9658,4099848
9659,2614678
9660,2416635
9661,2727269
9662,2464771
9663,2529348
9664,1406092
9665,9693517
9666,1448632
9667,2049362
9668,2644417
9669,3845050
9670,3834379
9671,3446871
9672,3620146
9673,2856620
9674,3748238
9675,2475104
9676,2418953
9677,2172090
9678,9091627
9679,8311014
9680,3663113
9681,2927069
9682,11032804
9683,3697802
9684,3922624
9685,2817733
9686,2271111
9687,3712771
9688,2656218
9689,4220856
9690,4340941
9691,2828950
9692,2024150
9693,4113794
9694,2804680
9695,1552871
9696,2753864
9697,3874010
9698,5928772
9699,4642858
9700,3558171
9701,2022588
9702,2165871
9703,3660643
9704,3771910
9705,2888403
9706,2126717
9707,1537817
9708,2536831
9709,2526898
9710,4182609
9711,2029087
9712,2001882
9713,2187318
9714,2042925
9715,3817988
9716,3605686
9717,3911914
9718,3553304
9719,1173215
9720,4647869
9721,5052641
9722,1425832
9723,3004030
9724,3187084
9725,3050090
9726,2854698
9727,3025288
9728,2560354
9729,2724813
9730,2431749
9731,3670971
9732,3575955
9733,6455122
9734,2378125
9735,2720885
9736,2422108
9737,3438563
9738,4289474
9739,1888022
9740,2556781
9741,4166863
9742,2423533
9743,3793428
9744,2479903
9745,4034007
9746,2497651
9747,2506228
9748,2385440
9749,2369771
9750,1363583
9751,2430672
9752,3622744
9753,2341802
9754,2601746
9755,2360120
9756,6273672
9757,2588846
9758,2295931
9759,2542802
9760,2084205
9761,1611860
9762,15349413
9763,2228212
9764,2521951
9765,2270650
9766,2283633
9767,2497409
9768,2282874
9769,1945564
9770,2467319
9771,2043348
9772,1960291
9773,1698421
9774,1608232
9775,1070621
9776,2204309
9777,2353721
9778,3892862
9779,2471844
9780,4064103
9781,2390559
9782,2650057
9783,9179194
9784,3367698
9785,3156487
9786,2623253
9787,2961815
9788,2547864
9789,1769534
9790,2067839
9791,2629009
9792,4133816
9793,3662129
9794,3862195
9795,2428909
9796,2187250
9797,2192203
9798,2075187
9799,2520500
9800,3424464
9801,2386234
9802,3603440
9803,2284053
9804,4967718
9805,2692913
9806,2095401
9807,2181926
9808,2258545
9809,1613966
9810,2029422
9811,3003967
9812,2304385
9813,2424814
9814,1650532
9815,1627614
9816,2271712
9817,2078671
9818,2413944
9819,2515684
9820,2322947
9821,2592440
9822,2299046
9823,2240592
9824,2307414
9825,3639931
9826,4361553
9827,2610220
9828,2285665
9829,1868695
9830,2454366
9831,2717007
9832,2478769
9833,2114917
9834,8051635
9835,7328427
9836,2812918
9837,2702376
9838,2282356
9839,4491641
9840,2318511
9841,1802464
9842,1945770
9843,3812941
9844,2046985
9845,4082304
9846,3424978
9847,4237768
9848,3648550
9849,4583774
9850,3528613
9851,2431467
9852,1154055
9853,3365565
9854,3651927
9855,2997777
9856,2561375
9857,1651192
9858,4467000
9859,3890332
9860,4017517
9861,2891896
9862,6117123
9863,2663537
9864,3796506
9865,3012800
9866,1284391
9867,1591292
9868,1357560
9869,2684753
9870,4011576
9871,1384410
9872,2427885
9873,10977905
9874,1683555
9875,1787292
9876,1664849
9877,1696035
9878,2572250
9879,2494683
9880,3391035
9881,2947879
9882,1120480
9883,2603429
9884,3131963
9885,4081699
9886,2264301
9887,1929877
9888,3066043
9889,1262310
9890,2374725
9891,2701615
9892,2573829
9893,2562791
9894,3825765
9895,4426516
9896,1379054
9897,8102743
9898,2245752
9899,2957221
9900,2677096
9901,3030526
9902,4523599
9903,2532054
9904,2256366
9905,2170578
9906,2390968
9907,1468961
9908,2530281
9909,3739945
9910,3836562
9911,2520037
9912,2380837
9913,3508854
9914,2296145
9915,2460046
9916,2685505
9917,7598745
9918,2685211
9919,1992967
9920,2489136
9921,2147979
9922,2302175
9923,2014725
9924,2185716
9925,2405022
9926,1913137
9927,2602585
9928,1899264
9929,3454828
9930,4206641
9931,3758891
9932,1329199
9933,2541548
9934,4015905
9935,2277066
9936,2390491
9937,1987913
9938,2124737
9939,3719787
9940,2537831
9941,2471128
9942,2496840
9943,3699497
9944,3603883
9945,2381784
9946,3573467
9947,2092434
9948,2615226
9949,2206422
9950,3291517
9951,2513175
9952,3464684
9953,1258576
9954,2135653
9955,2170856
9956,4292051
9957,3953377
9958,3705969
9959,5599431
9960,3496335
9961,2452423
9962,2225393
9963,2541228
9964,1554778
9965,2904752
9966,6266569
9967,2411032
9968,2401396
9969,2450920
9970,2284216
9971,4079209
9972,2386685
9973,4088391
9974,3852996
9975,1670043
9976,1791014
9977,1992186
9978,3016993
9979,3085704
9980,6354909
9981,2707900
9982,2612596
9983,3562142
9984,2258258
9985,2179187
9986,2608903
9987,2719125
9988,2657544
9989,2696276
9990,2615523
9991,4127107
9992,3730539
9993,4135378
9994,7359876
9995,2000427
9996,1408398
9997,2352873
9998,2777923
9999,2589713
10000,2490785
10001,1512709
10002,1774976
10003,2347942
10004,1637620
10005,2414781
10006,2390601
10007,1385941
10008,2337093
10009,1755317
10010,4016077
10011,1993194
10012,6533776
10013,4163298
10014,4226304
10015,2096188
10016,4972659
10017,2078226
10018,2077078
10019,2140274
10020,2003015
10021,3121098
10022,3239506
10023,2610923
10024,2486574
10025,2459081
10026,2879752
10027,1416531
10028,2075696
10029,1396790
10030,1355180
10031,2531508
10032,1573244
10033,2660789
10034,6312139
10035,16598721
10036,2361490
10037,1318690
10038,1658977
10039,2696484
10040,2412566
10041,3747067
10042,2562957
10043,1381414
10044,2545960
10045,1774666
10046,2824323
10047,5286163
10048,2029704
10049,1776051
10050,3303707
10051,1783630
10052,2093183
10053,1631983
10054,4281237
10055,1653684
10056,1944029
10057,2591561
10058,3357104
10059,3193901
10060,2457391
10061,3826851
10062,3556171
10063,3668125
10064,3513637
10065,1438228
10066,1724873
10067,2883812
10068,1862235
10069,2673642
10070,5092450
10071,1483655
10072,3043689
10073,3728209
10074,2536744
10075,3319217
10076,2353222
10077,4005104
10078,2664246
10079,2725439
10080,2539365
10081,1561626
10082,2336424
10083,3342133
10084,3104567
10085,2407790
10086,1320472
10087,2305289
10088,3403809
10089,2074395
10090,2337002
10091,1983494
10092,4452958
10093,11035212
10094,4089300
10095,1888379
10096,1842594
10097,3439704
10098,4691895
10099,2929653
10100,2481893
10101,4359109
10102,9367307
10103,3598989
10104,3491417
10105,2916423
10106,3604937
10107,2191582
10108,2033458
10109,2647630
10110,2734328
10111,3621615
10112,3008272
10113,1277558
10114,2236939
10115,2006930
10116,1870505
10117,2357375
10118,3753808
10119,13166001
10120,2402971
10121,3273553
10122,1812226
10123,1355474
10124,1402169
10125,1381701
10126,1458397
10127,1548593
10128,1721888
10129,2504517
10130,2490509
10131,2687644
10132,2450428
10133,2424808
10134,7606862
10135,5573891
10136,2548206
10137,2928734
10138,3551521
10139,3768936
10140,13933750
10141,3282228
10142,2317987
10143,2301816
10144,2554983
10145,2574983
10146,3376981
10147,2213323
10148,2104761
10149,2115980
10150,3492402
10151,2442110
10152,3836007
10153,2784811
10154,1156014
10155,2810818
10156,1220384
10157,2183411
10158,2331134
10159,2365970
10160,2501532
10161,10714431
10162,2407712
10163,2442563
10164,1796787
10165,2104241
10166,10821671
10167,2983946
10168,3378867
10169,1658255
10170,2518761
10171,2731585
10172,3912086
10173,3426330
10174,3329159
10175,2349811
10176,3328859
10177,2548107
10178,2167403
10179,2221719
10180,2462847
10181,2559016
10182,10588390
10183,2271400
10184,2127996
10185,2287199
10186,2128798
10187,2271187
10188,2345853
10189,2186346
10190,10785763
10191,2401295
10192,1285973
10193,2762268
10194,5078258
10195,2245678
10196,1497497
10197,3940319
10198,2300813
10199,2975315
10200,3223984
10201,1824679
10202,1925584
10203,3124346
10204,2998303
10205,3848175
10206,3562599
10207,2096098
10208,2010767
10209,1639157
10210,3850583
10211,2095858
10212,2333665
10213,3101999
10214,2425657
10215,3983098
10216,2352622
10217,1826840
10218,3422683
10219,1785002
10220,1853664
10221,4120715
10222,4016878
10223,2141046
10224,4152213
10225,2989401
10226,6275951
10227,1242374
10228,13467256
10229,2301951
10230,3199055
10231,3542273
10232,3505974
10233,2512393
10234,2080357
10235,2440914
10236,2213105
10237,1838973
10238,4222769
10239,3667473
10240,2397388
10241,1650011
10242,2827628
10243,2373046
10244,2432692
10245,3320278
10246,4003056
10247,2573459
10248,1977178
10249,2055401
10250,2953088
10251,2877402
10252,6454635
10253,1495127
10254,2236596
10255,1563894
10256,1913831
10257,1752794
10258,2241233
10259,3881084
10260,3734881
10261,2714028
10262,4288277
10263,2258275
10264,2448939
10265,1332442
10266,3909308
10267,3367383
10268,3296093
10269,3524605
10270,3693962
10271,3437582
10272,5791322
10273,2427194
10274,3285123
10275,2783159
10276,2879245
10277,2165904
10278,4072801
10279,2091553
10280,2422793
10281,1963674
10282,1446541
10283,3692422
10284,1574309
10285,1821978
10286,1744331
10287,1747334
10288,1289786
10289,1392714
10290,1431891
10291,1474254
10292,2023571
10293,3210665
10294,4735901
10295,1337019
10296,1255676
10297,1601345
10298,1853179
10299,2669484
10300,2545004
10301,1763703
10302,2531157
10303,2728311
10304,2470131
10305,2564541
10306,2711211
10307,2811352
10308,3997030
10309,2589963
10310,1672164
10311,1256874
10312,1242256
10313,3975525
10314,2437109
10315,3873797
10316,1371299
10317,8582297
10318,2680148
10319,1363961
10320,3488411
10321,1793340
10322,2490446
10323,1426367
10324,2434123
10325,2584935
10326,2700613
10327,2748680
10328,1549556
10329,2093984
10330,2623321
10331,1276356
10332,2555817
10333,1770886
10334,2415250
10335,2491873
10336,2679790
10337,1857847
10338,2516793
10339,1797916
10340,2471980
10341,3002252
10342,2772689
10343,2578250
10344,2438231
10345,1730132
10346,3930966
10347,2700524
10348,2770216
10349,2896645
10350,3248174
10351,2628952
10352,2656446
10353,3960554
10354,1893714
10355,2649204
10356,2003744
10357,2635022
10358,2829228
10359,2485888
10360,2646515
10361,2533987
10362,2614336
10363,1692712
10364,1264462
10365,2872415
10366,1911413
10367,1285629
10368,1876747
10369,1747976
10370,1474009
10371,3315803
10372,3391012
10373,1877569
10374,2025011
10375,1380718
10376,1453201
10377,5313990
10378,1455203
10379,1486016
10380,2703074
10381,1518372
10382,2682577
10383,5952164
10384,2647555
10385,2735646
10386,2829950
10387,1431254
10388,2854892
10389,2658137
10390,2534703
10391,1993472
10392,3295233
10393,2638063
10394,2534472
10395,2656970
10396,2757516
10397,1956241
10398,2599613
10399,1495489
10400,3092283
10401,3962050
10402,1392994
10403,8428238
10404,2029375
10405,2714137
10406,3075727
10407,1616284
10408,1939520
10409,2777109
10410,2641959
10411,1829303
10412,2752990
10413,1743055
10414,3003308
10415,2053986
10416,2327894
10417,2773040
10418,2995024
10419,2680950
10420,1897359
10421,3073659
10422,1975802
10423,2622552
10424,2693225
10425,1706726
10426,6065704
10427,2964592
10428,2669235
10429,1545661
10430,1378318
10431,2681135
10432,1447531
10433,3020168
10434,2029503
10435,1552704
10436,2011473
10437,3287263
10438,1775960
10439,3027062
10440,2048898
10441,2795491
10442,2703723
10443,2653230
10444,2807956
10445,2753156
10446,2885021
10447,2856263
10448,2514606
10449,2798830
10450,2987257
10451,1314388
10452,7540305
10453,1479734
10454,2666646
10455,2855094
10456,2532233
10457,1596956
10458,1829215
10459,2616019
10460,2580049
10461,4660625
10462,1599349
10463,2766408
10464,2544950
10465,2776600
10466,1822265
10467,2858983
10468,1587463
10469,1749062
10470,2538683
10471,2743820
10472,1255001
10473,2639008
10474,1399136
10475,4057311
10476,2224719
10477,2729237
10478,5729256
10479,4591534
10480,2585988
10481,2890727
10482,1907280
10483,2812003
10484,2502091
10485,1771424
10486,2237634
10487,2823660
10488,2926118
10489,2750537
10490,2812723
10491,1997922
10492,2712862
10493,2991443
10494,1746815
10495,2043434
10496,2876359
10497,1814771
10498,8303507
10499,2177975
10500,5941316
10501,1879706
10502,2607059
10503,2746574
10504,1948969
10505,2554053
10506,1342507
10507,2638410
10508,1270976
10509,2710129
10510,1876347
10511,2599740
10512,1936774
10513,2667909
10514,3120986
10515,5863504
10516,2753567
10517,3110107
10518,5175797
10519,3587883
10520,2704445
10521,2733489
10522,4487323
10523,2952201
10524,1940283
10525,1482056
10526,1561567
10527,2478392
10528,2558193
10529,2545166
10530,2496444
10531,2563899
10532,2669940
10533,1904939
10534,1480858
10535,1892978
10536,2697054
10537,2530055
10538,2708323
10539,3635764
10540,5492496
10541,1397629
10542,1869577
10543,2041187
10544,2491544
10545,2483613
10546,2605607
10547,1618862
10548,2591314
10549,2157159
10550,2687702
10551,2528330
10552,2531801
10553,2532533
10554,1932008
10555,1972799
10556,4043128
10557,2773902
10558,2840930
10559,2926010
10560,2588328
10561,3408887
10562,1398377
10563,2109140
10564,2610405
10565,2508608
10566,2659535
10567,2628162
10568,2664526
10569,2455260
10570,2521001
10571,2595079
10572,1370397
10573,2687159
10574,2602380
10575,1388944
10576,2557139
10577,2833852
10578,3944737
10579,2561825
10580,2443254
10581,2206839
10582,3163113
10583,2855584
10584,1318866
10585,3007859
10586,1281488
10587,2832177
10588,2523906
10589,2515948
10590,5522468
10591,1736664
10592,3902821
10593,4116828
10594,1377891
10595,2084086
10596,2541927
10597,4378174
10598,2653299
10599,12084502
10600,3279471
10601,2588049
10602,3137120
10603,2504056
10604,3755069
10605,2179203
10606,2117990
10607,1981251
10608,2339102
10609,1795389
10610,2495238
10611,2201321
10612,1851935
10613,6111701
10614,3410314
10615,2791535
10616,2317071
10617,2303542
10618,2349833
10619,2081992
10620,3520688
10621,2626066
10622,2187924
10623,3087698
10624,2296290
10625,2209286
10626,5684203
10627,2068083
10628,3837475
10629,2393341
10630,2435686
10631,1662588
10632,2639211
10633,2360588
10634,8009047
10635,2503611
10636,1980462
10637,2392830
10638,2284087
10639,1199525
10640,3232881
10641,2536619
10642,2200893
10643,3597059
10644,3138391
10645,3103994
10646,2273444
10647,2194034
10648,1894038
10649,4099343
10650,2472684
10651,3357034
10652,3201163
10653,2641892
10654,3704076
10655,2332704
10656,1965840
10657,2936899
10658,2587255
10659,2422500
10660,3232019
10661,2344322
10662,1972320
10663,1638408
10664,1874564
10665,6684844
10666,2138436
10667,2395771
10668,2273089
10669,2098492
10670,2516638
10671,3038655
10672,5113283
10673,2507777
10674,7196664
10675,2306771
10676,2072687
10677,3933579
10678,7076051
10679,2431954
10680,3935660
10681,4182421
10682,2115348
10683,2346216
10684,2615231
10685,2644621
10686,3318458
10687,2109789
10688,2275904
10689,2407810
10690,2509079
10691,1387545
10692,3479888
10693,1457870
10694,2619632
10695,2526878
10696,2410511
10697,2848354
10698,2769268
10699,2533962
10700,2505635
10701,1437913
10702,2588169
10703,2283072
10704,2283653
10705,2233549
10706,2067302
10707,2088278
10708,1942182
10709,2428234
10710,2031578
10711,1838684
10712,3840385
10713,2549174
10714,1256438
10715,2752312
10716,7635758
10717,2255688
10718,2173132
10719,2375358
10720,2468358
10721,1766469
10722,2022709
10723,1949512
10724,1499123
10725,1379163
10726,2474719
10727,2062539
10728,3293209
10729,2334306
10730,1643593
10731,1960574
10732,2624171
10733,3226344
10734,3871642
10735,3739947
10736,3574970
10737,2167180
10738,1746881
10739,1165261
10740,3706048
10741,2819319
10742,2197571
10743,2525968
10744,2133339
10745,2492616
10746,1257615
10747,2241676
10748,2199542
10749,2048331
10750,3620841
10751,1759186
10752,2030832
10753,2387972
10754,2139400
10755,2101035
10756,1897346
10757,1858821
10758,1840635
10759,3478837
10760,4339959
10761,2539448
10762,2731496
10763,2570178
10764,2298077
10765,2294296
10766,3242480
10767,1908051
10768,2431189
10769,2582581
10770,1688844
10771,3219798
10772,4661221
10773,2263783
10774,2423970
10775,3969256
10776,2800866
10777,2564124
10778,2361844
10779,2389940
10780,5247842
10781,4191206
10782,3408369
10783,3859370
10784,3859032
10785,3619873
10786,3835994
10787,2660347
10788,2747387
10789,1502526
10790,2402242
10791,3918082
10792,4288480
10793,2894376
10794,3892332
10795,2585100
10796,2415847
10797,5779300
10798,2103122
10799,2600436
10800,3879238
10801,3781609
10802,3437847
10803,2787177
10804,2023343
10805,2229864
10806,1889369
10807,2235698
10808,2593459
10809,1188787
10810,1331139
10811,2208207
10812,2397775
10813,3744841
10814,2019641
10815,3398338
10816,2648858
10817,2690578
10818,2153245
10819,2099722
10820,3278176
10821,2564685
10822,2353443
10823,4901455
10824,3607395
10825,2466537
10826,3523414
10827,1970295
10828,1982037
10829,2171276
10830,1740661
10831,1589047
10832,2341983
10833,11431665
10834,2409326
10835,2543264
10836,2183273
10837,2077042
10838,2075318
10839,2321307
10840,2104711
10841,4078587
10842,1836313
10843,5248111
10844,2231261
10845,1986673
10846,2154215
10847,2412097
10848,2100768
10849,2380367
10850,2066600
10851,1526855
10852,2545204
10853,2858699
10854,3643230
10855,4125968
10856,1141681
10857,6117513
10858,3971167
10859,3630116
10860,2368063
10861,2696079
10862,2352825
10863,2052119
10864,6329403
10865,2471045
10866,2309764
10867,3651951
10868,2026765
10869,2363043
10870,2240281
10871,2200678
10872,2210027
10873,2478675
10874,6344334
10875,3074213
10876,2442561
10877,2214291
10878,2436696
10879,5640240
10880,2393658
10881,2705338
10882,2318539
10883,2545493
10884,1215401
10885,2441634
10886,2199808
10887,2448762
10888,2312324
10889,2749854
10890,2681474
10891,6136804
10892,3524243
10893,1884559
10894,3910794
10895,3289347
10896,3831209
10897,1511905
10898,2078572
10899,3377714
10900,6979758
10901,4110797
10902,4362744
10903,1934334
10904,2118773
10905,3335441
10906,1233211
10907,2221077
10908,2423686
10909,2251271
10910,2357334
10911,3967295
10912,2291746
10913,4291043
10914,2660645
10915,2884088
10916,2807199
10917,2475887
10918,3121995
10919,4039508
10920,2227715
10921,2544308
10922,3522785
10923,1890016
10924,4364528
10925,2305273
10926,3465701
10927,1186636
10928,2362683
10929,2400894
10930,2363609
10931,9358352
10932,3270169
10933,1586893
10934,3083867
10935,2474737
10936,2391755
10937,3786433
10938,1438551
10939,2556972
10940,2353729
10941,2723812
10942,1456568
10943,2508157
10944,1837593
10945,2746099
10946,2339805
10947,2856417
10948,2736345
10949,2524025
10950,1667638
10951,2671442
10952,2242515
10953,3023325
10954,3348633
10955,2382694
10956,3930508
10957,3101625
10958,3326296
10959,2017288
10960,3775625
10961,2335561
10962,2381286
10963,3870641
10964,3552009
10965,4530476
10966,3466838
10967,2132925
10968,2262116
10969,2213849
10970,1282420
10971,2449231
10972,1970312
10973,1791346
10974,2809259
10975,2394099
10976,3456497
10977,2820336
10978,2709535
10979,2067580
10980,4126038
10981,2225912
10982,2740089
10983,2569377
10984,1078323
10985,2432746
10986,2587886
10987,1833862
10988,2458735
10989,2321494
10990,1884980
10991,1579321
10992,2564733
10993,3959600
10994,3459736
10995,5921278
10996,3812086
10997,2443827
10998,1824145
10999,2188683
11000,2240778
11001,4500975
11002,2528111
11003,3025983
11004,2162638
11005,7068743
11006,2292229
11007,2294524
11008,2312663
11009,2821609
11010,6518918
11011,2423811
11012,2320852
11013,2386006
11014,1915817
11015,1850609
11016,2480059
11017,3430344
11018,2845071
11019,2750434
11020,3013579
11021,1356430
11022,4429592
11023,1670109
11024,2761998
11025,2216078
11026,2563688
11027,2378823
11028,2375388
11029,2606095
11030,3524917
11031,2367622
11032,6198759
11033,2289605
11034,3955266
11035,3758953
11036,3739321
11037,2872891
11038,2344091
11039,1918755
11040,3698662
11041,2489308
11042,3555959
11043,3356445
11044,2029057
11045,1213600
11046,4183131
11047,2566746
11048,2201587
11049,3120751
11050,2333398
11051,2166157
11052,2225883
11053,2258418
11054,3113780
11055,2481019
11056,1594777
11057,2293787
11058,2443343
11059,2263791
11060,2744363
11061,2336835
11062,2770456
11063,2258023
11064,2460573
11065,1900993
11066,2522158
11067,4136259
11068,3564237
11069,4190399
11070,3460016
11071,4153565
11072,2296781
11073,1348040
11074,5654785
11075,2334887
11076,2648142
11077,1331593
11078,2663749
11079,3846641
11080,3879951
11081,3549292
11082,1615266
11083,2181273
11084,1745801
11085,2135678
11086,3350607
11087,2087488
11088,2197640
11089,1626202
11090,1653084
11091,2282832
11092,1646247
11093,2386654
11094,3323916
11095,3133830
11096,3981519
11097,3686855
11098,2423492
11099,4083894
11100,3805458
11101,2914266
11102,3878480
11103,4601996
11104,6917903
11105,1424846
11106,2805484
11107,1715295
11108,3685356
11109,1809725
11110,1823741
11111,2339392
11112,1714232
11113,2088425
11114,3526265
11115,2123397
11116,1210743
11117,2825889
11118,2013894
11119,1715249
11120,2954501
11121,2021518
11122,2226428
11123,2556710
11124,1834668
11125,2566048
11126,2210939
11127,3264644
11128,2216393
11129,2392880
11130,1907319
11131,2447075
11132,1767093
11133,2528363
11134,4262466
11135,3732705
11136,5320359
11137,3944816
11138,3480927
11139,2128754
11140,2288240
11141,2219524
11142,3779247
11143,1648065
11144,3761677
11145,2078114
11146,3876638
11147,3428293
11148,3582210
11149,2591175
11150,2262918
11151,2444452
11152,2507175
11153,2912011
11154,3870245
11155,3496807
11156,3345618
11157,2443600
11158,2114420
11159,1840211
11160,2341298
11161,1897676
11162,2464565
11163,2609584
11164,5585242
11165,2477374
11166,5801773
11167,2217095
11168,15813793
11169,3488567
11170,1523574
11171,2282946
11172,2995985
11173,3234358
11174,4111991
11175,2602555
11176,2374945
11177,4003750
11178,3933979
11179,2759627
11180,3950233
11181,3146618
11182,2569463
11183,2489886
11184,3797063
11185,1897877
11186,2353020
11187,9580648
11188,2211266
11189,5541392
11190,3139281
11191,2773201
11192,2527557
11193,2415382
11194,1397501
11195,2329868
11196,2203193
11197,2623207
11198,2321153
11199,3735243
11200,2356445
11201,2259518
11202,2446967
11203,2480382
11204,3777288
11205,2286844
11206,2493991
11207,2209751
11208,2792741
11209,2664481
11210,1961999
11211,3712106
11212,2137157
11213,2599028
11214,4320616
11215,1311796
11216,2479369
11217,4294097
11218,3774473
11219,3714226
11220,3787298
11221,3598103
11222,3418155
11223,2268145
11224,1979376
11225,2881282
11226,1533926
11227,2388058
11228,2273789
11229,2563504
11230,3385699
11231,2598056
11232,3749919
11233,2623225
11234,2580239
11235,2796206
11236,2149526
11237,2378032
11238,1949343
11239,2013295
11240,2278701
11241,7674427
11242,2279912
11243,2671423
11244,2306745
11245,3302761
11246,1875556
11247,1388650
11248,3209237
11249,2708641
11250,2679478
11251,3941228
11252,3287385
11253,2084792
11254,6516136
11255,2353389
11256,2684123
11257,3481540
11258,3920480
11259,3405646
11260,3929684
11261,2602720
11262,1313995
11263,2806659
11264,2359400
11265,2434358
11266,1942587
11267,2728841
11268,3692221
11269,3709848
11270,2349526
11271,2281864
11272,2228002
11273,2184970
11274,2936767
11275,3862203
11276,5835391
11277,3543268
11278,2253623
11279,1526952
11280,2422545
11281,2505461
11282,2187288
11283,1871660
11284,1875135
11285,5307260
11286,1879158
11287,1929550
11288,1854328
11289,2109144
11290,1174845
11291,2444897
11292,2332844
11293,4945295
11294,2269422
11295,3202104
11296,3852242
11297,2566863
11298,4736922
11299,3476342
11300,3600875
11301,1995223
11302,2128525
11303,2341281
11304,5058469
11305,2581386
11306,2697508
11307,2146036
11308,2317529
11309,2897473
11310,1755561
11311,2317992
11312,2191007
11313,1951461
11314,2017305
11315,2066845
11316,2537388
11317,2445359
11318,3114621
11319,2434377
11320,2329902
11321,3942991
11322,2286023
11323,3361442
11324,2657424
11325,2288407
11326,2903523
11327,2172382
11328,2137083
11329,2018312
11330,1939787
11331,2499699
11332,1867630
11333,2967726
11334,5919592
11335,4068973
11336,3420979
11337,4226943
11338,2624756
11339,2478202
11340,2623027
11341,3187007
11342,2415537
11343,1418650
11344,5777008
11345,1923067
11346,3111283
11347,2423775
11348,1804352
11349,1917735
11350,3680719
11351,7480002
11352,1908946
11353,2875420
11354,1737584
11355,2744529
11356,3855163
11357,3760456
11358,6468676
11359,2430356
11360,2424630
11361,2672796
11362,3337972
11363,1761505
11364,1449367
11365,3414466
11366,3371810
11367,1457270
11368,2755167
11369,2918230
11370,3724326
11371,1467414
11372,1369818
11373,5360219
11374,2635655
11375,1990938
11376,1528395
11377,4495805
11378,4458848
11379,1887842
11380,2986623
11381,1768342
11382,3245668
11383,3577527
11384,2590057
11385,1538854
11386,2821191
11387,1721745
11388,2748127
11389,2757770
11390,2167229
11391,2956811
11392,2652415
11393,1371747
11394,2289137
11395,1599908
11396,3051147
11397,2494764
11398,2957389
11399,2082752
11400,3753247
11401,4487994
11402,3654654
11403,2129475
11404,2019437
11405,2383116
11406,2223052
11407,3018370
11408,3220584
11409,1605424
11410,2066534
11411,1818780
11412,2655417
11413,1751171
11414,4141117
11415,2652840
11416,2747187
11417,2720531
11418,3211368
11419,1631660
11420,2174717
11421,2235909
11422,2879753
11423,2743726
11424,2784600
11425,2680706
11426,2741218
11427,2709288
11428,2624950
11429,2096388
11430,2806268
11431,2770431
11432,2686250
11433,3097895
11434,2898544
11435,8536739
11436,2117881
11437,2327196
11438,2852666
11439,2571932
11440,2748874
11441,2133003
11442,3667838
11443,3154667
11444,3073479
11445,3032373
11446,3172675
11447,2503674
11448,4511056
11449,2735503
11450,3127423
11451,8476488
11452,2588726
11453,2908214
11454,2680325
11455,2961730
11456,2733244
11457,2475595
11458,1483472
11459,1466056
11460,2632140
11461,2888066
11462,2694922
11463,3183430
11464,2615335
11465,4213614
11466,3398344
11467,2618769
11468,2618700
11469,1598101
11470,1867106
11471,1412078
11472,1475341
11473,1783198
11474,2063081
11475,1965126
11476,1605209
11477,2642503
11478,2205521
11479,3707673
11480,2076425
11481,1543441
11482,2984236
11483,1613130
11484,3704949
11485,3044553
11486,3028322
11487,2986872
11488,3022312
11489,1367548
11490,2151078
11491,2844697
11492,2839470
11493,2772193
11494,4266453
11495,2950892
11496,2175851
11497,2873136
11498,2874507
11499,3425287
11500,3050778
11501,1565924
11502,6508234
11503,2233203
11504,2599430
11505,4232718
11506,3396455
11507,3502991
11508,2693023
11509,2078112
11510,2529574
11511,2709172
11512,2636196
11513,1416695
11514,2895354
11515,2917168
11516,2620173
11517,2935796
11518,1429600
11519,2990645
11520,1934273
11521,1893221
11522,2083583
11523,2713853
11524,3242355
11525,1739425
11526,1856381
11527,2766701
11528,2595866
11529,2917712
11530,2551821
11531,2806971
11532,2730845
11533,2649965
11534,1545042
11535,1915896
11536,2448187
11537,1358575
11538,14542466
11539,3006218
11540,3048895
11541,1750011
11542,1843109
11543,4770418
11544,1840999
11545,2648693
11546,1739977
11547,1635065
11548,1359040
11549,1921266
11550,2598130
11551,1273457
11552,4086097
11553,2281216
11554,2131036
11555,2406250
11556,2336167
11557,3634745
11558,1757251
11559,2493760
11560,2543942
11561,3038841
11562,2767971
11563,2624039
11564,2367246
11565,2482806
11566,2895371
11567,4998060
11568,3120013
11569,2729851
11570,2337178
11571,2433998
11572,1515248
11573,5330071
11574,1684263
11575,3482963
11576,3881038
11577,3603914
11578,3698452
11579,6233420
11580,2609105
11581,2912489
11582,3316985
11583,2739562
11584,3346104
11585,1434842
11586,4076139
11587,3099680
11588,3443781
11589,3728353
11590,1306698
11591,2536678
11592,2527687
11593,1621893
11594,2661909
11595,2849429
11596,4078218
11597,2951875
11598,3240262
11599,2920032
11600,2285124
11601,1810220
11602,1619355
11603,1786095
11604,3286176
11605,3011195
11606,1829885
11607,1969623
11608,1696492
11609,2264681
11610,2159702
11611,1228583
11612,2935743
11613,1931410
11614,2961832
11615,2255258
11616,2681025
11617,2598803
11618,3219638
11619,2887351
11620,2531217
11621,2114454
11622,1327410
11623,1891197
11624,2251396
11625,2162699
11626,3854843
11627,2726989
11628,3352476
11629,2182893
11630,2021377
11631,2327955
11632,2176039
11633,2329588
11634,2359352
11635,2105600
11636,2000782
11637,1284219
11638,5962733
11639,3413037
11640,3700239
11641,2413041
11642,5379879
11643,1818684
11644,2047198
11645,1993140
11646,1782332
11647,8409287
11648,2692562
11649,1974608
11650,3712659
11651,2648173
11652,6690058
11653,2937822
11654,2296016
11655,2521478
11656,2542261
11657,2517905
11658,2580038
11659,5363444
11660,3150497
11661,3060588
11662,2868179
11663,2651037
11664,4118902
11665,4043424
11666,5250184
11667,3229095
11668,2559578
11669,2601985
11670,2623427
11671,2907672
11672,2444067
11673,3892646
11674,2361152
11675,3932411
11676,4728863
11677,3521711
11678,2567701
11679,10670732
11680,3758367
11681,2689198
11682,2842273
11683,1310652
11684,1296873
11685,2037032
11686,1533645
11687,2102591
11688,1892756
11689,2021006
11690,1489478
11691,2582888
11692,4114060
11693,5871965
11694,4905674
11695,5624067
11696,7459789
11697,1434104
11698,1449975
11699,5379492
11700,2789992
11701,4669755
11702,4145193
11703,9685352
11704,3572650
11705,2742449
11706,4778384
11707,3431121
11708,2025913
11709,3987361
11710,1420142
11711,4490567
11712,3542949
11713,2450111
11714,1930831
11715,3921197
11716,3952388
11717,2908526
11718,4135710
11719,2807526
11720,3810475
11721,2752079
11722,3697236
11723,2465714
11724,3828487
11725,2542384
11726,2449890
11727,5967234
11728,2546177
11729,3649563
11730,3928204
11731,9514066
11732,2455490
11733,4860025
11734,2678839
11735,2376491
11736,5919881
11737,2954903
11738,2043306
11739,2088690
11740,1290283
11741,4249259
11742,3914083
11743,4075083
11744,4866350
11745,6068978
11746,2006270
11747,2621830
11748,2492139
11749,2540177
11750,3227698
11751,2140844
11752,2301528
11753,2295752
11754,3448130
11755,2537048
11756,4505954
11757,3835338
11758,3277216
11759,2555363
11760,2646390
11761,4430853
11762,4122505
11763,3993398
11764,4103180
11765,9566289
11766,3096453
11767,1891751
11768,2075242
11769,2294330
11770,3721616
11771,2585588
11772,1349147
11773,5311997
11774,3957321
11775,3740618
11776,4357651
11777,6112664
11778,3341660
11779,2412659
11780,3635528
11781,2367859
11782,1851589
11783,2454225
11784,5117091
11785,7749211
11786,8942723
11787,3694524
11788,2339626
11789,1440219
11790,2112477
11791,2629922
11792,2408785
11793,2731293
11794,2027676
11795,2366142
11796,1224714
11797,4779239
11798,3612730
11799,3445672
11800,2277923
11801,4511783
11802,3989742
11803,3675498
11804,2918763
11805,2036467
11806,2758307
11807,2646574
11808,2935295
11809,2400578
11810,2243880
11811,1801238
11812,3875185
11813,2607724
11814,2479408
11815,1331918
11816,5648948
11817,2489953
11818,3869924
11819,2697433
11820,6762402
11821,3136819
11822,4360024
11823,4005725
11824,3551566
11825,1855660
11826,1492820
11827,3768156
11828,2406629
11829,5443778
11830,2450276
11831,2429880
11832,2612083
11833,2878360
11834,2306088
11835,1939958
11836,1218691
11837,5276992
11838,4046726
11839,7076809
11840,3610222
11841,19183292
11842,4032649
11843,9494262
11844,2605849
11845,4141255
11846,3103995
11847,1335565
11848,2746302
11849,1278391
11850,2894238
11851,2564737
11852,2465740
11853,2799688
11854,2461299
11855,3865485
11856,2822731
11857,2809809
11858,2032261
11859,2597187
11860,2675558
11861,3401066
11862,11299506
11863,2839556
11864,3267231
11865,2391401
11866,2570667
11867,2554148
11868,1768266
11869,2586838
11870,3680099
11871,2366966
11872,2223283
11873,2626579
11874,2118914
11875,6504049
11876,2321990
11877,2481607
11878,2326531
11879,1631102
11880,10343910
11881,2718947
11882,2280236
11883,3748712
11884,2098401
11885,3119892
11886,2477690
11887,1997410
11888,2061078
11889,2682580
11890,1814823
11891,2015941
11892,2421836
11893,2921578
11894,2261331
11895,4332501
11896,2471771
11897,4502509
11898,3686921
11899,2617822
11900,1382979
11901,2926941
11902,2630426
11903,3617965
11904,13624903
11905,3440782
11906,2854273
11907,7098812
11908,3312950
11909,2239795
11910,2788239
11911,5767905
11912,1341877
11913,4845424
11914,2217417
11915,2737554
11916,2406756
11917,3745979
11918,2399621
11919,8419987
11920,3065941
11921,2767512
11922,1867888
11923,2545196
11924,1781383
11925,15508150
11926,3407656
11927,4238422
11928,2529148
11929,2556050
11930,2446782
11931,3243302
11932,2431140
11933,2713649
11934,3708746
11935,2360709
11936,2514146
11937,3346721
11938,2630463
11939,2222841
11940,2374379
11941,3431896
11942,4230611
11943,3822613
11944,2494353
11945,3219427
11946,12546870
11947,2079215
11948,2326416
11949,2333244
11950,2201140
11951,2574463
11952,3663201
11953,2676104
11954,2394972
11955,2438970
11956,1985205
11957,2400021
11958,2459215
11959,2441691
11960,5000325
11961,2949078
11962,4794591
11963,2539333
11964,3305555
11965,3643100
11966,2639009
11967,11438512
11968,3942832
11969,2419331
11970,1838437
11971,2304954
11972,3867752
11973,5638174
11974,3837481
11975,3685331
11976,2723672
11977,3220139
11978,2251383
11979,2527157
11980,2520732
11981,2579355
11982,3160144
11983,2332190
11984,3898257
11985,2764685
11986,2549824
11987,3812688
11988,9343754
11989,4091770
11990,3794865
11991,2259403
11992,3070229
11993,3738227
11994,1943311
11995,3577959
11996,2181343
11997,1361599
11998,2617046
11999,2132921
12000,2663775
12001,4464266
12002,3820559
12003,4065998
12004,2431259
12005,12614051
12006,2038098
12007,1889378
12008,1475694
12009,2726065
12010,2110885
12011,1755032
12012,1718517
12013,1867482
12014,2039462
12015,1669735
12016,1986839
12017,1715976
12018,2012538
12019,1996569
12020,2718097
12021,1974092
12022,2103079
12023,2025762
12024,2033349
12025,2068628
12026,1981175
12027,3263718
12028,1980575
12029,2514577
12030,3132630
12031,4135059
12032,2243573
12033,1872090
12034,2320575
12035,2437499
12036,2618459
12037,2649523
12038,2719751
12039,2764329
12040,2311764
12041,3025786
12042,3290437
12043,3056353
12044,2901619
12045,3090260
12046,3226523
12047,3628712
12048,3255780
12049,2312538
12050,2573202
12051,3007560
12052,2564177
12053,11946518
12054,2141541
12055,1684208
12056,2429422
12057,2243889
12058,3664990
12059,2615096
12060,3515240
12061,2063145
12062,2591989
12063,7452255
12064,3327198
12065,2825785
12066,3233932
12067,2468720
12068,1400421
12069,2014232
12070,2416137
12071,3263923
12072,5824999
12073,2862325
12074,2196019
12075,2204914
12076,2473238
12077,2869769
12078,5428400
12079,7627439
12080,2512632
12081,14685538
12082,2875651
12083,2471110
12084,2403195
12085,5660242
12086,3732665
12087,2423269
12088,2312903
12089,2744327
12090,3527607
12091,2333333
12092,3256800
12093,2557006
12094,2571091
12095,4404572
12096,2822858
12097,2040693
12098,2184387
12099,2244142
12100,2434212
12101,2008126
12102,2968873
12103,2670277
12104,3569068
12105,14020412
12106,2797938
12107,2633363
12108,3541842
12109,2490600
12110,2769796
12111,2452944
12112,4138314
12113,5768532
12114,1619743
12115,3714779
12116,3999974
12117,3012144
12118,2349812
12119,2254400
12120,4020685
12121,2009921
12122,1238428
12123,1987827
12124,3856374
12125,1922512
12126,3686037
12127,3775276
12128,2033652
12129,12653557
12130,2649826
12131,3478293
12132,3195684
12133,2286401
12134,2157827
12135,1356158
12136,5499826
12137,2780866
12138,2827679
12139,2515820
12140,3700618
12141,1896481
12142,2399885
12143,2539923
12144,3370920
12145,2615233
12146,1419739
12147,2934576
12148,2413786
12149,2361385
12150,2444663
12151,3094742
12152,2079059
12153,14686364
12154,2470312
12155,2502800
12156,3068881
12157,1429455
12158,2449031
12159,2360196
12160,4192808
12161,3748278
12162,2484604
12163,3796025
12164,3848170
12165,2302512
12166,2596638
12167,6052942
12168,4629286
12169,2883285
12170,1539939
12171,2927865
12172,2631078
12173,6606140
12174,2706399
12175,2381853
12176,5042474
12177,15946318
12178,2902264
12179,4081931
12180,4286127
12181,4016199
12182,3885502
12183,2635471
12184,2471775
12185,3323328
12186,3269794
12187,3137418
12188,3705309
12189,3235922
12190,2440272
12191,1832154
12192,2710093
12193,2400008
12194,2685498
12195,2551094
12196,3045334
12197,2732991
12198,4374777
12199,3407386
12200,2491473
12201,2924187
12202,2495148
12203,4947706
12204,3747630
12205,2076722
12206,4081559
12207,3743660
12208,3572862
12209,2404214
12210,1741684
12211,3257014
12212,2784317
12213,6602639
12214,2504851
12215,2098668
12216,2650560
12217,2447173
12218,2903177
12219,7340867
12220,2440162
12221,3349728
12222,3558784
12223,6022266
12224,2900330
12225,3181437
12226,2926145
12227,2370018
12228,2374935
12229,3987946
12230,3861497
12231,3733473
12232,2385083
12233,2608897
12234,2646117
12235,2367524
12236,3808910
12237,2247207
12238,2443092
12239,2524411
12240,4042990
12241,2982665
12242,2734603
12243,1393191
12244,2781647
12245,4197212
12246,3546633
12247,4319198
12248,3899647
12249,4461576
12250,3958213
12251,3770558
12252,4432927
12253,3765486
12254,3661748
12255,2311026
12256,2331645
12257,2353008
12258,4276441
12259,3760746
12260,3291843
12261,16830717
12262,2184352
12263,2254026
12264,3194119
12265,2575594
12266,3582140
12267,2594540
12268,4242797
12269,4864593
12270,2333679
12271,1880409
12272,2366843
12273,2542207
12274,2141512
12275,2719710
12276,3435778
12277,2048265
12278,1917499
12279,2647502
12280,2262558
12281,3656830
12282,4928055
12283,2913134
12284,2571318
12285,4140486
12286,1267295
12287,3969896
12288,4318235
12289,1557534
12290,2665445
12291,2947722
12292,2124731
12293,1156140
12294,2511927
12295,3637686
12296,4429861
12297,2994191
12298,3888727
12299,4279172
12300,4068341
12301,2951258
12302,2530124
12303,3875075
12304,4664649
12305,2553386
12306,2474479
12307,2529129
12308,2451353
12309,3870529
12310,3477424
12311,2519359
12312,2250227
12313,2516679
12314,3341916
12315,2145052
12316,4131387
12317,3701608
12318,2524569
12319,2459756
12320,3505441
12321,2600949
12322,6410765
12323,2350328
12324,3927901
12325,4342668
12326,3698191
12327,3784332
12328,3537035
12329,13888642
12330,4400376
12331,3702285
12332,5511501
12333,4024846
12334,3555461
12335,5492501
12336,3481556
12337,2737583
12338,2487825
12339,4718065
12340,3939298
12341,3566240
12342,2882159
12343,2416893
12344,2516490
12345,4476636
12346,2742151
12347,2524490
12348,3679103
12349,2817508
12350,1647487
12351,2788430
12352,2310148
12353,12666608
12354,2110527
12355,3353041
12356,2612828
12357,2409556
12358,3189358
12359,2654592
12360,2731689
12361,1373683
12362,2575639
12363,3903774
12364,1235320
12365,5380924
12366,5771807
12367,2863758
12368,2908380
12369,2148934
12370,1165315
12371,2530521
12372,2431518
12373,2339520
12374,2366686
12375,1268336
12376,1576883
12377,11777475
12378,4333778
12379,2627049
12380,2088307
12381,2678830
12382,3765265
12383,2460572
12384,2025197
12385,1721261
12386,2177456
12387,4045655
12388,3200755
12389,2692577
12390,1825419
12391,1938394
12392,7534783
12393,1272436
12394,1256846
12395,2726032
12396,2377797
12397,3087368
12398,2924833
12399,2793088
12400,2734265
12401,2839673
12402,2198728
12403,2836329
12404,3586305
12405,17055108
12406,2394736
12407,2376810
12408,4202981
12409,2513734
12410,2397301
12411,4172853
12412,2297067
12413,2501919
12414,5210649
12415,4077473
12416,4147296
12417,4366937
12418,2385049
12419,2381066
12420,2420515
12421,2705435
12422,4524006
12423,2771753
12424,2890013
12425,5724022
12426,2810396
12427,2333728
12428,1859644
12429,12094985
12430,2552421
12431,1978570
12432,2215425
12433,1802726
12434,1964486
12435,1898073
12436,2101879
12437,2408277
12438,3904243
12439,2513501
12440,3931107
12441,2328500
12442,2658996
12443,2232927
12444,3023190
12445,2532260
12446,3450342
12447,2557889
12448,3897429
12449,2304566
12450,4218376
12451,2084740
12452,2293752
12453,2393132
12454,2686238
12455,2480340
12456,2389161
12457,2585577
12458,2578215
12459,3048414
12460,6325606
12461,13299181
12462,3833826
12463,2399603
12464,1827409
12465,2187429
12466,2853007
12467,2789232
12468,1440024
12469,2793559
12470,2997768
12471,4156995
12472,3157510
12473,2383112
12474,3854960
12475,1241066
12476,2253646
12477,2037956
12478,4708610
12479,1572218
12480,4595218
12481,2732012
12482,2862074
12483,2090139
12484,2659165
12485,1417920
12486,2513862
12487,2438348
12488,2499312
12489,2681698
12490,2665630
12491,3167643
12492,3613483
12493,2990518
12494,3567917
12495,2763025
12496,2970834
12497,2899666
12498,2558329
12499,2660790
12500,1942822
12501,2976353
12502,2279656
12503,6867812
12504,2565856
12505,2454179
12506,2930755
12507,2565872
12508,2692929
12509,2714681
12510,2404015
12511,2120561
12512,2664203
12513,14693617
12514,2668269
12515,2595164
12516,5423547
12517,2772665
12518,3983564
12519,2499949
12520,2255112
12521,3160357
12522,2323118
12523,3009979
12524,2585766
12525,2947183
12526,3221348
12527,4545550
12528,3291847
12529,3717828
12530,8940031
12531,2225240
12532,1512511
12533,2787156
12534,2802920
12535,2339948
12536,2152048
12537,2662883
12538,2314020
12539,3763430
12540,4026243
12541,4050796
12542,3918120
12543,1685671
12544,4593919
12545,2235976
12546,3560951
12547,2199865
12548,2502859
12549,2079598
12550,3703517
12551,1645186
12552,2038269
12553,1862243
12554,6399265
12555,4747016
12556,4327645
12557,3654544
12558,2685998
12559,2808117
12560,3061558
12561,6502403
12562,2148197
12563,2497325
12564,2781237
12565,3877992
12566,2775430
12567,2865559
12568,2924369
12569,4840451
12570,2431232
12571,1682018
12572,3447202
12573,2527933
12574,3278697
12575,1272058
12576,3103588
12577,2947433
12578,2625050
12579,2314889
12580,2967282
12581,2604856
12582,2456453
12583,2291527
12584,1212617
12585,3349238
12586,2174031
12587,3845781
12588,1675905
12589,2413089
12590,3968979
12591,2152134
12592,2665310
12593,3871394
12594,2883710
12595,2295504
12596,3462994
12597,5332778
12598,4453872
12599,2529706
12600,3893083
12601,2798302
12602,4173397
12603,2667306
12604,3658807
12605,4176663
12606,7012429
12607,5115753
12608,2389612
12609,2510241
12610,4027532
12611,5178102
12612,3947533
12613,2853805
12614,5830110
12615,2997376
12616,4280454
12617,4225023
12618,1584288
12619,2879652
12620,2818734
12621,2831107
12622,2580968
12623,2544610
12624,2496642
12625,2376656
12626,3571723
12627,2986206
12628,2109719
12629,3556039
12630,2692568
12631,2507858
12632,2287921
12633,2177275
12634,2716391
12635,2372532
12636,4579142
12637,3170319
12638,2630569
12639,2600221
12640,3284844
12641,2729916
12642,3239494
12643,2578354
12644,2314232
12645,2260332
12646,4098525
12647,2627815
12648,2177450
12649,2969886
12650,1789052
12651,2780879
12652,2387227
12653,2751354
12654,2194930
12655,2244559
12656,2115508
12657,2575619
12658,2365828
12659,2213818
12660,3944060
12661,1522220
12662,2625813
12663,1649460
12664,2037304
12665,4016005
12666,5983408
12667,4124373
12668,4013731
12669,2744766
12670,2499791
12671,4593200
12672,3856011
12673,4296604
12674,4735261
12675,2785651
12676,1851660
12677,4277294
12678,6887527
12679,2563880
12680,2603592
12681,2003791
12682,1511993
12683,2568403
12684,2579964
12685,3168727
12686,2495576
12687,2438933
12688,3279225
12689,11895617
12690,2678060
12691,2312048
12692,2161592
12693,1357254
12694,2193024
12695,2312413
12696,2338850
12697,2461218
12698,2993217
12699,2392385
12700,2413899
12701,2536531
12702,5880775
12703,2789052
12704,1804209
12705,2211510
12706,2318464
12707,2294249
12708,4268120
12709,3910904
12710,3425943
12711,2583542
12712,4010677
12713,3522872
12714,3470104
12715,2520072
12716,2225482
12717,3186874
12718,1830002
12719,3188833
12720,2591030
12721,2474975
12722,3503395
12723,12720606
12724,2342668
12725,1314711
12726,6992912
12727,3314474
12728,4095996
12729,2156312
12730,2344767
12731,2959174
12732,2125882
12733,4075349
12734,5025444
12735,2305434
12736,2624656
12737,2805454
12738,2814880
12739,2497314
12740,4132454
12741,3993226
12742,2307768
12743,4194356
12744,12057417
12745,3327736
12746,1143176
12747,2367074
12748,3991682
12749,2829567
12750,2230590
12751,2836588
12752,2349706
12753,3778393
12754,2761071
12755,2699119
12756,2239663
12757,1462747
12758,2321983
12759,2271850
12760,2551840
12761,2872074
12762,2673210
12763,2309440
12764,3765434
12765,4879255
12766,2650481
12767,5844958
12768,1711713
12769,3158717
12770,4238944
12771,4418475
12772,3594265
12773,17100588
12774,2045908
12775,2224651
12776,2138249
12777,2236588
12778,4414919
12779,4252037
12780,4112831
12781,2688750
12782,1763800
12783,1986486
12784,1881829
12785,2164503
12786,11491014
12787,1944200
12788,2903748
12789,1552849
12790,5508179
12791,2720848
12792,2599714
12793,1818877
12794,2045074
12795,2724901
12796,1877381
12797,2995777
12798,4186936
12799,3848214
12800,1681933
12801,3537029
12802,2597565
12803,2094638
12804,1923686
12805,2799337
12806,2528810
12807,17640938
12808,2530312
12809,2555524
12810,2779708
12811,1620431
12812,3939124
12813,4087604
12814,3991592
12815,2866276
12816,2444743
12817,2158319
12818,2102946
12819,2263172
12820,8263360
12821,3919717
12822,3532209
12823,3909497
12824,2523439
12825,2309800
12826,5105504
12827,3539176
12828,15992996
12829,4386788
12830,2594749
12831,3950753
12832,1998391
12833,2282284
12834,6546978
12835,3011510
12836,1863822
12837,2389267
12838,2644191
12839,1987227
12840,2719580
12841,1758605
12842,3328390
12843,2529693
12844,2672612
12845,2499353
12846,2562307
12847,2513783
12848,2257509
12849,19910198
12850,2752506
12851,2664431
12852,2344932
12853,1949308
12854,1152544
12855,2822274
12856,2710030
12857,2283104
12858,6537396
12859,3813814
12860,2491781
12861,1469797
12862,2488513
12863,2563349
12864,3210956
12865,2598064
12866,3999673
12867,2661591
12868,2529106
12869,2387570
12870,19135971
12871,5847493
12872,2605989
12873,1890897
12874,1217437
12875,1246025
12876,2554165
12877,1430513
12878,1666739
12879,1862488
12880,2765825
12881,2861885
12882,2514894
12883,2551751
12884,1791272
12885,1765049
12886,1733584
12887,3917981
12888,3824312
12889,2483276
12890,2540947
12891,14247538
12892,3640519
12893,1551786
12894,2562620
12895,2151866
12896,1721115
12897,1896677
12898,2741875
12899,3023270
12900,2742088
12901,2715271
12902,2604558
12903,2240123
12904,2152640
12905,2574423
12906,2220221
12907,2379807
12908,2307222
12909,1891807
12910,3696060
12911,4575288
12912,19136615
12913,3429535
12914,3539371
12915,2286432
12916,2304907
12917,2129813
12918,1328098
12919,2376626
12920,1301716
12921,2199962
12922,2487719
12923,1720999
12924,1739569
12925,1552287
12926,2976943
12927,2484572
12928,2478812
12929,6960355
12930,2759645
12931,1854689
12932,3060063
12933,14509957
12934,2193333
12935,2279165
12936,3758905
12937,3817826
12938,3446925
12939,3790959
12940,3805889
12941,3210423
12942,4242436
12943,3186581
12944,2456292
12945,1733158
12946,2331220
12947,2297225
12948,3954432
12949,5192180
12950,3364346
12951,1948491
12952,2800012
12953,2511523
12954,12339307
12955,2475836
12956,2556833
12957,2466837
12958,2220684
12959,2685563
12960,2195389
12961,2277222
12962,3858440
12963,3819348
12964,4006902
12965,2668334
12966,3672650
12967,2285036
12968,4648769
12969,4615933
12970,4586297
12971,1631791
12972,2650176
12973,3257550
12974,3161663
12975,15249903
12976,2196880
12977,2621750
12978,2120395
12979,2538361
12980,2233367
12981,2972686
12982,1354475
12983,2579939
12984,2551248
12985,2446203
12986,2299788
12987,3865060
12988,3677035
12989,4040853
12990,3940639
12991,2634005
12992,3648757
12993,2587952
12994,2164392
12995,2030831
12996,16426262
12997,5868699
12998,2236460
12999,3167451
13000,2337561
13001,9655992
13002,4021360
13003,3797046
13004,3703104
13005,3880982
13006,3708328
13007,3601974
13008,3763412
13009,2507872
13010,3117561
13011,2828758
13012,2484027
13013,15391112
13014,1220350
13015,2724699
13016,2991413
13017,16380220
13018,1801358
13019,1917795
13020,2638595
13021,3333428
13022,2736437
13023,2642493
13024,2781832
13025,2598406
13026,2922370
13027,2603820
13028,7948227
13029,4137430
13030,2562922
13031,2658474
13032,2379904
13033,2822389
13034,4940778
13035,3166201
13036,1893067
13037,1831114
13038,14023999
13039,2207343
13040,1725437
13041,1829548
13042,1235332
13043,1703878
13044,1879201
13045,1933660
13046,2123225
13047,1864395
13048,3040490
13049,2621724
13050,1478270
13051,2366127
13052,1691773
13053,2751407
13054,3078807
13055,3119032
13056,3837036
13057,2356788
13058,2508130
13059,10751298
13060,2885389
13061,1841146
13062,2477074
13063,2726368
13064,3075933
13065,3389689
13066,1854279
13067,1895034
13068,2664435
13069,2673334
13070,7034401
13071,4400945
13072,4486778
13073,2931331
13074,3126191
13075,1842079
13076,5556447
13077,2348110
13078,2396480
13079,2539435
13080,17090162
13081,2872572
13082,4254987
13083,3811042
13084,3879222
13085,3592632
13086,6810578
13087,3956578
13088,7759017
13089,1563846
13090,2261359
13091,1783994
13092,1648035
13093,1764653
13094,1841138
13095,2451482
13096,2087297
13097,1701023
13098,3457833
13099,2370398
13100,2664202
13101,12514789
13102,2532240
13103,2266308
13104,2002400
13105,6097541
13106,3743334
13107,2547725
13108,2772808
13109,2929866
13110,2783265
13111,2092010
13112,2431076
13113,2456313
13114,3752927
13115,2023014
13116,2325626
13117,1967643
13118,2217858
13119,2014070
13120,1643797
13121,3592701
13122,12654202
13123,3213266
13124,2704926
13125,4710389
13126,4600154
13127,2719463
13128,2595818
13129,3107974
13130,2596064
13131,3952968
13132,2376640
13133,2573791
13134,3740015
13135,1859917
13136,1957143
13137,1952240
13138,1573182
13139,1654380
13140,2711850
13141,1995384
13142,2616660
13143,10980150
13144,1614172
13145,1668229
13146,2706377
13147,1857176
13148,1405085
13149,1569508
13150,2566130
13151,2973665
13152,2961650
13153,6658986
13154,2854951
13155,2672431
13156,2386558
13157,2450468
13158,2602652
13159,4235703
13160,2809172
13161,2682201
13162,4404186
13163,5564195
13164,9136486
13165,2435619
13166,2214808
13167,2069624
13168,2287012
13169,2451373
13170,2859534
13171,2347427
13172,1913854
13173,2224278
13174,2059092
13175,1573278
13176,2693215
13177,2713559
13178,2447610
13179,1945303
13180,1403494
13181,1823041
13182,7364445
13183,3248182
13184,3431877
13185,22656356
13186,2301877
13187,2678250
13188,2643854
13189,2015203
13190,3497862
13191,4403306
13192,5067028
13193,3158695
13194,10914378
13195,2564595
13196,2648676
13197,4257562
13198,3500786
13199,3453972
13200,4122281
13201,5223319
13202,2350203
13203,2977772
13204,3883252
13205,2958242
13206,15849915
13207,2037185
13208,3315027
13209,2394925
13210,2474750
13211,3090614
13212,2384926
13213,2759312
13214,2073796
13215,2363457
13216,2252347
13217,2229584
13218,4281758
13219,5083327
13220,3418062
13221,2114990
13222,1998825
13223,2276346
13224,2372846
13225,2424849
13226,2313655
13227,18436829
13228,2690349
13229,2393832
13230,2501984
13231,2482776
13232,2182132
13233,3210507
13234,4237671
13235,3060255
13236,3404442
13237,2828374
13238,4367768
13239,3098410
13240,2803071
13241,2680617
13242,5404064
13243,2484365
13244,1877324
13245,3394203
13246,2384760
13247,2153117
13248,16258633
13249,2502757
13250,1393740
13251,2707771
13252,4106518
13253,2697615
13254,2151019
13255,2417062
13256,2318937
13257,2546408
13258,2819423
13259,2858454
13260,2460230
13261,1396172
13262,3024869
13263,2519597
13264,4264103
13265,14130073
13266,1312265
13267,2779660
13268,3400832
13269,18381276
13270,2266747
13271,3907681
13272,3521674
13273,3991707
13274,2917217
13275,3278948
13276,2068884
13277,2773689
13278,2583948
13279,5434459
13280,2643343
13281,2551063
13282,5155081
13283,2674183
13284,3864237
13285,2687298
13286,4053808
13287,2384486
13288,2225307
13289,2261797
13290,15980421
13291,2698320
13292,3139418
13293,5694467
13294,3014950
13295,2561692
13296,2514047
13297,3321353
13298,3970061
13299,2067304
13300,2409265
13301,2567181
13302,2225936
13303,2240239
13304,1332753
13305,3297961
13306,2558358
13307,5419871
13308,2074303
13309,2030983
13310,1871656
13311,13424276
13312,1682123
13313,10014637
13314,2468755
13315,3953568
13316,3353511
13317,1886997
13318,1948626
13319,1735233
13320,2694175
13321,2884451
13322,1932909
13323,6309233
13324,2401130
13325,2803830
13326,3728500
13327,3262416
13328,3128035
13329,2838008
13330,2347044
13331,2383141
13332,16688145
13333,15285335
13334,2203196
13335,2439289
13336,2587829
13337,4458735
13338,8287550
13339,2571854
13340,2734713
13341,2832502
13342,3814019
13343,5506592
13344,3712942
13345,2607074
13346,3764195
13347,1658307
13348,2379971
13349,2490213
13350,2555886
13351,5194426
13352,4757215
13353,15756617
13354,6306117
13355,2706466
13356,2537333
13357,2273629
13358,5570139
13359,2310453
13360,2309629
13361,2414946
13362,4566030
13363,2264420
13364,1950005
13365,2192004
13366,2055842
13367,3564466
13368,1362772
13369,14894077
13370,2683772
13371,2613893
13372,4102382
13373,2652664
13374,21552376
13375,6703408
13376,2506883
13377,2486200
13378,3538974
13379,1374490
13380,4981133
13381,2569072
13382,2799141
13383,2526201
13384,3817848
13385,2814517
13386,1954514
13387,3722414
13388,1890133
13389,6317887
13390,1872818
13391,2628367
13392,4092929
13393,3800352
13394,3433507
13395,21396979
13396,2518193
13397,1707960
13398,1908980
13399,1757796
13400,1503567
13401,15996296
13402,2471987
13403,2509075
13404,2602679
13405,3976739
13406,2126764
13407,2463188
13408,2557010
13409,16133498
13410,2497103
13411,1222536
13412,2671394
13413,2349587
13414,2642345
13415,2585724
13416,24709231
13417,1781296
13418,2033676
13419,5452972
13420,2447187
13421,4266271
13422,2476521
13423,2966646
13424,3120229
13425,6413239
13426,2993219
13427,2286624
13428,3083777
13429,2479746
13430,2480247
13431,2793274
13432,2195290
13433,1967892
13434,1977404
13435,1820823
13436,3517959
13437,22891365
13438,2172959
13439,4733058
13440,2172437
13441,2153727
13442,3479149
13443,2188594
13444,3752727
13445,3927231
13446,3443260
13447,2157937
13448,2156282
13449,2668414
13450,1966141
13451,2197489
13452,1678129
13453,2536100
13454,1218143
13455,2413655
13456,2214235
13457,2187013
13458,18634164
13459,2295797
13460,2267430
13461,2083149
13462,2162672
13463,2123403
13464,2451355
13465,2242468
13466,2336060
13467,2281637
13468,2809321
13469,2259206
13470,2444491
13471,2407494
13472,4615500
13473,2757013
13474,4504351
13475,2590585
13476,4018012
13477,1407416
13478,2200524
13479,31533171
13480,1959037
13481,4746164
13482,1851391
13483,2875548
13484,2672733
13485,3346739
13486,3215253
13487,4175607
13488,3916848
13489,2840609
13490,3045785
13491,1491459
13492,4163601
13493,3392571
13494,4868071
13495,5745475
13496,2752421
13497,1969750
13498,1769870
13499,1639290
13500,33737979
13501,8860206
13502,5117808
13503,3335113
13504,2529368
13505,2700494
13506,5542398
13507,2524040
13508,2593272
13509,1732503
13510,2577726
13511,2613461
13512,2095324
13513,3126438
13514,1475314
13515,2580124
13516,2681493
13517,3940801
13518,1364880
13519,2584934
13520,3650404
13521,19747164
13522,1316221
13523,2704269
13524,5397948
13525,5284141
13526,3086216
13527,1625543
13528,3073383
13529,2071922
13530,4549345
13531,3887700
13532,2372936
13533,2569310
13534,2486322
13535,2558894
13536,2399642
13537,2705736
13538,2792695
13539,3998950
13540,2734404
13541,8457467
13542,23056627
13543,1645965
13544,1520545
13545,1424363
13546,1457738
13547,1236524
13548,1293823
13549,2631227
13550,1412786
13551,1553053
13552,2731217
13553,2654054
13554,2584044
13555,2766933
13556,3113238
13557,1731643
13558,2538455
13559,2569895
13560,3699024
13561,1798614
13562,2487385
13563,23802731
13564,2974086
13565,2533279
13566,2566478
13567,2446697
13568,2455273
13569,2585302
13570,2588493
13571,2537680
13572,2132618
13573,1332239
13574,1298068
13575,2603300
13576,2528806
13577,1464575
13578,2554819
13579,2644465
13580,2557809
13581,2017944
13582,1363283
13583,2522027
13584,18986129
13585,2487344
13586,2741552
13587,2562604
13588,2564394
13589,2554491
13590,7620387
13591,2317375
13592,2561873
13593,1712415
13594,2516104
13595,2419523
13596,2739031
13597,3919246
13598,3537736
13599,2211579
13600,2455964
13601,3938423
13602,2673579
13603,2758829
13604,7284873
13605,17929818
13606,2280599
13607,2522541
13608,2509157
13609,2214287
13610,2113941
13611,5034371
13612,3853625
13613,3269044
13614,3911476
13615,2344037
13616,2321744
13617,2303944
13618,8675870
13619,3002282
13620,2478103
13621,6443789
13622,2668908
13623,4273959
13624,1303390
13625,3102350
13626,18049819
13627,2483738
13628,1776160
13629,1851798
13630,3379203
13631,2056060
13632,2457184
13633,2835831
13634,5369022
13635,1752864
13636,3131139
13637,2922235
13638,3869451
13639,3553929
13640,4406974
13641,3880030
13642,3923000
13643,4267992
13644,4353863
13645,2780067
13646,3749900
13647,15677086
13648,2766724
13649,10689983
13650,2191989
13651,1860116
13652,1534053
13653,4458385
13654,6642253
13655,3778196
13656,3818765
13657,2933824
13658,1711209
13659,1361638
13660,3996420
13661,3681336
13662,2079511
13663,2750894
13664,1672597
13665,8773943
13666,2321626
13667,2525629
13668,14942229
13669,3957785
13670,3808297
13671,2139507
13672,3281398
13673,11489027
13674,2427316
13675,2871452
13676,4165121
13677,2412641
13678,2448856
13679,2651521
13680,2674188
13681,3163845
13682,1906924
13683,2719299
13684,2289715
13685,1388238
13686,4793286
13687,2908240
13688,1336446
13689,2852748
13690,2801840
13691,2506777
13692,1350606
13693,2534128
13694,2504315
13695,2581890
13696,2342102
13697,18407293
13698,2061026
13699,2756545
13700,2319393
13701,2590016
13702,1880933
13703,1922858
13704,1934766
13705,2543229
13706,2572535
13707,1739133
13708,1805889
13709,3178112
13710,4138719
13711,1754082
13712,1279090
13713,3863617
13714,3709238
13715,4202178
13716,3441483
13717,1958879
13718,2121748
13719,2073553
13720,2220406
13721,2653199
13722,2401475
13723,3661995
13724,3712410
13725,2602409
13726,4382994
13727,1335756
13728,3917010
13729,2727588
13730,1644871
13731,3408894
13732,1901115
13733,2625453
13734,1912739
13735,2212949
13736,2454907
13737,3194358
13738,2774396
13739,2984771
13740,2412689
13741,1899527
13742,1775453
13743,5875761
13744,2450550
13745,2182107
13746,2375081
13747,2529282
13748,2374597
13749,2236261
13750,2375301
13751,4018202
13752,3703691
13753,3602784
13754,3679200
13755,2417455
13756,2354044
13757,2032253
13758,2699972
13759,5692442
13760,2320633
13761,4138918
13762,2298288
13763,3836714
13764,3686658
13765,3461937
13766,3448436
13767,3285788
13768,3383338
13769,2892114
13770,4177591
13771,2508744
13772,2234697
13773,3466129
13774,3068339
13775,2687916
13776,4451948
13777,3393711
13778,3697733
13779,6160086
13780,2755288
13781,3906400
13782,3812847
13783,3810153
13784,3328140
13785,2566854
13786,2092974
13787,2048336
13788,2985382
13789,12446504
13790,2376675
13791,3479898
13792,2371776
13793,2298454
13794,3388803
13795,1993141
13796,6454441
13797,3848747
13798,3777904
13799,2369881
13800,2811699
13801,2798115
13802,1727347
13803,3681746
13804,2491396
13805,2099760
13806,4248687
13807,5560369
13808,6636207
13809,1859432
13810,2539018
13811,2334740
13812,2215565
13813,2633275
13814,6612591
13815,4405229
13816,2579796
13817,2227520
13818,2513826
13819,2565679
13820,2332327
13821,2667907
13822,1552915
13823,1755839
13824,2665588
13825,1364548
13826,1806381
13827,2340447
13828,2786957
13829,2230732
13830,3313963
13831,4482279
13832,3620298
13833,5645514
13834,3608760
13835,2190858
13836,2607220
13837,1621443
13838,2043290
13839,2388614
13840,2540409
13841,2392759
13842,2385956
13843,2405729
13844,2248890
13845,2197454
13846,5475930
13847,2262235
13848,2673720
13849,3952785
13850,3711943
13851,3666585
13852,3757868
13853,3768616
13854,3707534
13855,2711174
13856,2444447
13857,2259736
13858,2302769
13859,3688909
13860,2108592
13861,2585681
13862,2112390
13863,6313951
13864,2495630
13865,2295763
13866,2723353
13867,3891954
13868,4055028
13869,1763383
13870,2935923
13871,1816914
13872,4079501
13873,1657696
13874,2000729
13875,1404182
13876,2544295
13877,1779724
13878,1819026
13879,3035440
13880,1346162
13881,1461004
13882,1349697
13883,2605174
13884,2486571
13885,2648233
13886,3636518
13887,2698564
13888,3840205
13889,2821460
13890,5892615
13891,3812662
13892,2614087
13893,4618770
13894,3616930
13895,2579633
13896,4138427
13897,4015909
13898,3499622
13899,3943907
13900,3581418
13901,4554539
13902,4072296
13903,3546188
13904,3804625
13905,3687959
13906,3535931
13907,3320731
13908,2400305
13909,12943963
13910,1212935
13911,1775247
13912,2432686
13913,2428261
13914,2260454
13915,1628881
13916,1300144
13917,1627245
13918,2500983
13919,2209976
13920,2588946
13921,2209730
13922,2786092
13923,1731089
13924,2348035
13925,2417519
13926,2020143
13927,2346803
13928,5661727
13929,2437411
13930,2273137
13931,2317451
13932,2628411
13933,2942126
13934,1321062
13935,1157172
13936,2056034
13937,3988388
13938,3930268
13939,2992573
13940,2214071
13941,3592383
13942,2413615
13943,3100288
13944,2395244
13945,2754867
13946,3300803
13947,3973663
13948,3977844
13949,2145830
13950,3176475
13951,2150375
13952,1810434
13953,9879941
13954,2334335
13955,4428084
13956,2294237
13957,3732445
13958,5506462
13959,3429945
13960,2296044
13961,2969435
13962,5667119
13963,2354351
13964,3707755
13965,2293252
13966,2436333
13967,2602346
13968,2005342
13969,2148858
13970,4026496
13971,3400868
13972,4200381
13973,2692177
13974,2172314
13975,2229599
13976,3917525
13977,12144086
13978,3781717
13979,4283745
13980,2350728
13981,2512050
13982,2669185
13983,3737130
13984,2332021
13985,2520406
13986,2489380
13987,2679261
13988,2296462
13989,2749321
13990,2321753
13991,3074853
13992,4146551
13993,2606831
13994,3704385
13995,4268745
13996,3310690
13997,3590112
13998,3549729
13999,8275332
14000,3918556
14001,3840829
14002,3632889
14003,4048794
14004,5397197
14005,2880567
14006,2363230
14007,2586830
14008,3925132
14009,2889935
14010,2012361
14011,2637276
14012,3252289
14013,2015035
14014,3213248
14015,2291694
14016,2549191
14017,2885971
14018,2310901
14019,2845330
14020,3846144
14021,3226594
14022,3327533
14023,1909184
14024,4169243
14025,3237038
14026,2087777
14027,2156284
14028,5561984
14029,2326210
14030,1239870
14031,2442144
14032,2631679
14033,3039938
14034,2396853
14035,2201157
14036,3913967
14037,2087661
14038,3683485
14039,2396231
14040,2642673
14041,3975601
14042,4771155
14043,3611145
14044,3494767
14045,2105121
14046,2674514
14047,1884966
14048,1933782
14049,3098355
14050,2496352
14051,3510694
14052,3032883
14053,6958871
14054,2654802
14055,2870815
14056,2021380
14057,1799550
14058,1398084
14059,1402259
14060,1341470
14061,1650420
14062,2990033
14063,3122289
14064,1621158
14065,2936063
14066,2574818
14067,2716641
14068,2612653
14069,2076374
14070,5401817
14071,1606992
14072,2660593
14073,1447298
14074,2441333
14075,1404064
14076,11311630
14077,9318724
14078,2640468
14079,8364609
14080,5505575
14081,2603390
14082,2023921
14083,1518530
14084,2775085
14085,2565764
14086,3317965
14087,2183568
14088,2807397
14089,3905747
14090,2577124
14091,3348004
14092,1978606
14093,1906273
14094,2094325
14095,1374206
14096,2605148
14097,3129741
14098,1985294
14099,3184182
14100,2643541
14101,3107221
14102,1384283
14103,2771584
14104,2636471
14105,2751624
14106,1421165
14107,1364227
14108,2009970
14109,1921605
14110,2661908
14111,2706494
14112,2565815
14113,2611372
14114,3041408
14115,2997386
14116,3276677
14117,2295656
14118,2569705
14119,2764191
14120,2637725
14121,2853328
14122,2574348
14123,2855981
14124,2542409
14125,2696215
14126,1429187
14127,2936572
14128,1670114
14129,2804065
14130,2120169
14131,2759054
14132,2851897
14133,3061913
14134,2844028
14135,2668215
14136,1388334
14137,2645351
14138,1608271
14139,2671099
14140,2630644
14141,3026753
14142,1555662
14143,3266294
14144,2662144
14145,2218286
14146,1366372
14147,2574018
14148,2572641
14149,2801812
14150,1383890
14151,2521097
14152,1312392
14153,1268648
14154,1261987
14155,1712128
14156,2147147
14157,3061132
14158,2411397
14159,1693861
14160,2810083
14161,3865517
14162,2916314
14163,2694163
14164,3292458
14165,2630435
14166,2631856
14167,2544978
14168,1925166
14169,2622231
14170,2894648
14171,2323559
14172,2579032
14173,2607469
14174,2530675
14175,2345970
14176,2738735
14177,2287572
14178,2656909
14179,2709492
14180,2494093
14181,2504649
14182,1765652
14183,1573039
14184,1859299
14185,3688478
14186,2365169
14187,2112949
14188,1679777
14189,1227751
14190,2158735
14191,1799511
14192,1785324
14193,2748797
14194,3923420
14195,3561446
14196,2593772
14197,1904324
14198,3104613
14199,3210950
14200,3531434
14201,3702654
14202,8187215
14203,2533251
14204,2642213
14205,4814687
14206,2427634
14207,2717309
14208,2372575
14209,2783320
14210,3444919
14211,3010941
14212,2928447
14213,2612142
14214,2620042
14215,2881555
14216,1698808
14217,1804528
14218,1949098
14219,1787523
14220,3888409
14221,1894348
14222,4576863
14223,2529749
14224,2506227
14225,2680055
14226,2398597
14227,2321529
14228,2737004
14229,2698024
14230,2548104
14231,2690143
14232,1381924
14233,2770946
14234,2293382
14235,4987798
14236,2556754
14237,2547022
14238,3792605
14239,2459231
14240,3318654
14241,2734682
14242,2471993
14243,5176990
14244,3320602
14245,4070610
14246,3519611
14247,2474555
14248,2520635
14249,2484383
14250,2304861
14251,2252863
14252,2134010
14253,2167657
14254,2502766
14255,2676616
14256,4947419
14257,1833235
14258,1402710
14259,3605413
14260,4992348
14261,3748163
14262,3429429
14263,3493615
14264,1418589
14265,3264751
14266,2449913
14267,2196878
14268,1990136
14269,10781118
14270,1832083
14271,2551042
14272,2332575
14273,4120017
14274,2891113
14275,1279367
14276,2138622
14277,2517404
14278,2237920
14279,2938865
14280,2976693
14281,2690490
14282,2133464
14283,7545965
14284,1828069
14285,2317380
14286,1999860
14287,2469011
14288,1327749
14289,1520047
14290,1446388
14291,2592483
14292,1532728
14293,1372135
14294,1544592
14295,1517755
14296,1395942
14297,3045465
14298,4612836
14299,5306974
14300,1270986
14301,2603138
14302,1596035
14303,4598630
14304,4096442
14305,3765173
14306,3430179
14307,3672755
14308,1647886
14309,2103230
14310,2753117
14311,2402255
14312,1975565
14313,1816473
14314,1327265
14315,2560154
14316,2051942
14317,1373377
14318,3740741
14319,3708844
14320,2465782
14321,2658097
14322,1747826
14323,2726264
14324,4737922
14325,3741573
14326,3761423
14327,2243767
14328,3912786
14329,3453718
14330,4726239
14331,3340513
14332,2204071
14333,2257036
14334,2304082
14335,2304749
14336,2624561
14337,2676318
14338,2236510
14339,4253090
14340,4370870
14341,13952132
14342,5118267
14343,1796526
14344,3385506
14345,2553429
14346,5505475
14347,2327102
14348,2351777
14349,2948780
14350,3769317
14351,4059489
14352,2157422
14353,1386502
14354,4172967
14355,2663376
14356,2332139
14357,2632387
14358,8372958
14359,3310960
14360,1422385
14361,3926667
14362,2319016
14363,2556137
14364,4018001
14365,11581940
14366,1858906
14367,5322303
14368,2324285
14369,2498308
14370,4611069
14371,2041968
14372,2456401
14373,2709188
14374,3847735
14375,2273688
14376,2417586
14377,2422161
14378,2441050
14379,4074961
14380,2341394
14381,2390371
14382,3381100
14383,3333876
14384,1967282
14385,3962699
14386,4377973
14387,5013806
14388,1803823
14389,3548782
14390,5157836
14391,1964096
14392,1285645
14393,11842535
14394,4074140
14395,1994244
14396,2426693
14397,2923347
14398,2627567
14399,2593234
14400,2952370
14401,2447865
14402,2532328
14403,2661553
14404,2597082
14405,2684913
14406,1261839
14407,1328600
14408,2974186
14409,2482523
14410,2366017
14411,3434422
14412,2715994
14413,4498923
14414,2387808
14415,2557912
14416,2472694
14417,2315683
14418,1749951
14419,1152315
14420,2695565
14421,3730174
14422,2378620
14423,2616532
14424,3887288
14425,2690004
14426,1979207
14427,2447332
14428,2449782
14429,2724275
14430,2424210
14431,3379129
14432,2416999
14433,3887110
14434,2137907
14435,3230266
14436,3568296
14437,1659099
14438,3616713
14439,4229394
14440,2844430
14441,2742916
14442,2537853
14443,1772332
14444,4408706
14445,3716238
14446,1690734
14447,2293572
14448,2680802
14449,4885660
14450,3533420
14451,2885948
14452,3557891
14453,4270539
14454,3782580
14455,2601433
14456,4711555
14457,7240286
14458,2502067
14459,4899634
14460,3068627
14461,2642232
14462,2193523
14463,2833724
14464,2947426
14465,4204458
14466,3733947
14467,1248683
14468,2190567
14469,2290418
14470,2150126
14471,3170215
14472,2217581
14473,3405922
14474,2765553
14475,3539502
14476,5446943
14477,4027500
14478,3871895
14479,6546172
14480,2642812
14481,2838762
14482,2366575
14483,2274700
14484,2706399
14485,14658362
14486,2631091
14487,2694218
14488,4054406
14489,4393005
14490,2200880
14491,2252636
14492,2167064
14493,2441880
14494,3741867
14495,2818408
14496,3408686
14497,2947040
14498,1598307
14499,1415618
14500,2520153
14501,2700354
14502,2387173
14503,3341035
14504,2405558
14505,2226982
14506,3887360
14507,2559463
14508,6687690
14509,2002622
14510,2382061
14511,2868302
14512,7673661
14513,4068407
14514,2243010
14515,4487643
14516,2412623
14517,2761268
14518,2530940
14519,3166473
14520,1346572
14521,2474908
14522,2343720
14523,2418662
14524,2227502
14525,7911280
14526,2626773
14527,4344544
14528,2483039
14529,4101294
14530,2162202
14531,1762778
14532,5078736
14533,1544126
14534,2056506
14535,5073980
14536,2234521
14537,3319793
14538,3463347
14539,3334457
14540,3556718
14541,4563944
14542,2025404
14543,2817395
14544,2034227
14545,1802102
14546,2131871
14547,4284653
14548,4359266
14549,3518883
14550,3889303
14551,3331058
14552,2168503
14553,2500285
14554,2379188
14555,3821232
14556,2536843
14557,2504133
14558,2666019
14559,2558201
14560,2454255
14561,2761516
14562,2383796
14563,1366903
14564,2640766
14565,2423400
14566,3902741
14567,2333088
14568,2360213
14569,7223443
14570,1373336
14571,2434765
14572,2246015
14573,2135014
14574,2545624
14575,3900828
14576,3219126
14577,2701939
14578,5648904
14579,2526389
14580,2566378
14581,2780486
14582,4631583
14583,3067632
14584,2087607
14585,3432496
14586,4158435
14587,3429332
14588,3648872
14589,2874435
14590,2386704
14591,3986927
14592,6587350
14593,3068256
14594,3412866
14595,2122316
14596,2562481
14597,6561588
14598,2968329
14599,2821536
14600,3342181
14601,3811343
14602,2448727
14603,2030498
14604,1261762
14605,2688164
14606,2811083
14607,2694944
14608,2863172
14609,2986159
14610,2443214
14611,2287403
14612,2479305
14613,2931956
14614,2657826
14615,2493132
14616,3553743
14617,1296024
14618,2495828
14619,2480289
14620,2822574
14621,12716388
14622,2722745
14623,2144198
14624,2318591
14625,2523305
14626,2479807
14627,1411329
14628,2541490
14629,2503445
14630,3324509
14631,2415227
14632,1355149
14633,1427448
14634,1396720
14635,1620332
14636,1971715
14637,1602379
14638,2479761
14639,2072477
14640,2088306
14641,3007047
14642,1443496
14643,4147740
14644,1326775
14645,1960877
14646,2674140
14647,2657744
14648,2101820
14649,3085867
14650,2708623
14651,1357635
14652,2958893
14653,2950693
14654,1658644
14655,1509377
14656,2663346
14657,1769021
14658,2721460
14659,1706945
14660,2897450
14661,1813359
14662,3063033
14663,2970430
14664,2356895
14665,1582001
14666,2886281
14667,2170601
14668,2260567
14669,3420688
14670,3004471
14671,2126691
14672,3296187
14673,2955383
14674,1807628
14675,2596373
14676,1518486
14677,2254323
14678,1134444
14679,3815410
14680,3453758
14681,14713755
14682,1449098
14683,1504278
14684,2097311
14685,2723400
14686,1492158
14687,8259823
14688,2921957
14689,2998844
14690,2391465
14691,1731851
14692,2034937
14693,1414901
14694,2830248
14695,1868211
14696,2884467
14697,3152434
14698,2158585
14699,1873056
14700,2764838
14701,1564253
14702,2938818
14703,1447613
14704,2830573
14705,2934867
14706,2814681
14707,2806384
14708,2842882
14709,3419308
14710,1720207
14711,2631524
14712,3120056
14713,3027517
14714,3186644
14715,2842049
14716,2869480
14717,10513682
14718,2808951
14719,2803603
14720,2812090
14721,2871828
14722,2686851
14723,2726501
14724,2943023
14725,2858178
14726,2684156
14727,1503692
14728,2374393
14729,1785036
14730,1549877
14731,2049100
14732,2724544
14733,1469912
14734,1478040
14735,2852829
14736,2817471
14737,1568133
14738,3103886
14739,3432673
14740,3122175
14741,3470611
14742,2842991
14743,2734831
14744,2773081
14745,3056479
14746,3041524
14747,3190228
14748,2167789
14749,3944299
14750,2888806
14751,2133193
14752,2079997
14753,1765032
14754,2024523
14755,9156917
14756,2815796
14757,1827900
14758,3205954
14759,2858506
14760,3033496
14761,1582444
14762,2685182
14763,2802567
14764,2649141
14765,1755154
14766,1444972
14767,2605827
14768,2863180
14769,1774839
14770,5284432
14771,2903175
14772,2621069
14773,2571477
14774,1477330
14775,2664483
14776,1563056
14777,2800440
14778,2776561
14779,1529075
14780,2724973
14781,6540482
14782,2654440
14783,2794475
14784,1522110
14785,2998540
14786,2104369
14787,2681467
14788,2252843
14789,1478217
14790,6548611
14791,12371300
14792,5150222
14793,3848712
14794,5742570
14795,6643596
14796,1439101
14797,3759685
14798,3604667
14799,1358723
14800,3028626
14801,2930626
14802,5012234
14803,3345665
14804,3647145
14805,2367528
14806,2477408
14807,2927081
14808,2240482
14809,2824276
14810,3395955
14811,4137088
14812,3835197
14813,3999274
14814,3891336
14815,2496575
14816,2232869
14817,4376440
14818,4258622
14819,4909969
14820,4132554
14821,6909716
14822,4607742
14823,2409621
14824,2796802
14825,2375875
14826,2528892
14827,2572968
14828,4612288
14829,15531169
14830,2429333
14831,2768782
14832,3028332
14833,2449142
14834,2774706
14835,2969278
14836,3965751
14837,5117462
14838,2545317
14839,2715765
14840,3166590
14841,4126941
14842,3955575
14843,5918886
14844,4230481
14845,5384353
14846,3870469
14847,2834102
14848,7807594
14849,2937545
14850,2668601
14851,3083490
14852,2385869
14853,1247811
14854,2242123
14855,2341365
14856,2494680
14857,2505235
14858,5436161
14859,4459188
14860,4503662
14861,3095396
14862,2400772
14863,9540144
14864,3146228
14865,1766743
14866,3723116
14867,3351234
14868,3120863
14869,2102062
14870,2943593
14871,2826322
14872,2227983
14873,2904341
14874,3393973
14875,2496156
14876,3841733
14877,2238019
14878,2451865
14879,2394882
14880,2651775
14881,2797789
14882,3347597
14883,3998896
14884,3971652
14885,1448184
14886,2613704
14887,3903138
14888,3952909
14889,3681685
14890,3802000
14891,2915452
14892,2552606
14893,3379926
14894,2526545
14895,2948135
14896,1823033
14897,2221395
14898,2059377
14899,1974371
14900,2139584
14901,2128255
14902,2132029
14903,2548841
14904,1365694
14905,4169050
14906,1489621
14907,4225228
14908,3636368
14909,2452951
14910,2234239
14911,1735602
14912,2559277
14913,10267644
14914,2469843
14915,4002139
14916,2423703
14917,2152878
14918,4511577
14919,3870529
14920,3881469
14921,18109497
14922,2869199
14923,9615483
14924,4433760
14925,3046930
14926,2570598
14927,3406133
14928,4548239
14929,2712005
14930,2461555
14931,2511573
14932,2456787
14933,2424863
14934,3966143
14935,3435036
14936,2007983
14937,18377345
14938,4429477
14939,4221601
14940,4154237
14941,2340998
14942,2515881
14943,4193303
14944,2524357
14945,2580730
14946,3598731
14947,2911874
14948,2647651
14949,2009117
14950,2655448
14951,1243735
14952,1741549
14953,2212497
14954,2141720
14955,3123106
14956,3587155
14957,10793680
14958,2542933
14959,2110526
14960,1471944
14961,2597365
14962,2282750
14963,2420855
14964,2561641
14965,4602782
14966,2649715
14967,6682665
14968,4249723
14969,1954264
14970,2540517
14971,3070850
14972,7726033
14973,2198509
14974,2450306
14975,2881879
14976,2390367
14977,2857153
14978,2495552
14979,2627842
14980,2642381
14981,10183475
14982,2797491
14983,2466879
14984,2173109
14985,1971760
14986,2029873
14987,2868959
14988,2440018
14989,2054917
14990,1873161
14991,4026741
14992,1309967
14993,2399380
14994,1870968
14995,2679130
14996,2520191
14997,2957531
14998,4428474
14999,3598128
15000,2387097
15001,2742402
15002,5572486
15003,2278837
15004,2785728
15005,3835947
15006,2233751
15007,3250396
15008,3015674
15009,3985273
15010,3582317
15011,2481882
15012,3285202
15013,2841825
15014,2439858
15015,2674542
15016,2527322
15017,1234375
15018,2637596
15019,5123940
15020,3184851
15021,6881096
15022,2590346
15023,2458429
15024,1340137
15025,2422710
15026,2255521
15027,2603827
15028,1567396
15029,3120929
15030,2599148
15031,2964377
15032,1512995
15033,14315364
15034,2180575
15035,1176806
15036,2885067
15037,2277799
15038,2132603
15039,3586382
15040,2027426
15041,2888508
15042,2447662
15043,2581534
15044,3187649
15045,1937955
15046,3633831
15047,2017407
15048,2003156
15049,1722994
15050,2408454
15051,1690309
15052,1207080
15053,1622653
15054,1406106
15055,1224636
15056,2654424
15057,4200561
15058,3840338
15059,3542714
15060,3566484
15061,16191032
15062,2466007
15063,2525706
15064,2618202
15065,2112065
15066,2145827
15067,3040779
15068,3776478
15069,3062017
15070,2133736
15071,1984096
15072,1890723
15073,1935333
15074,1502920
15075,2551806
15076,4515158
15077,2389208
15078,3331617
15079,5730678
15080,2169408
15081,2410973
15082,4388324
15083,2639167
15084,2040809
15085,3467918
15086,2365356
15087,1625688
15088,3285792
15089,2051628
15090,6307462
15091,2656029
15092,2438778
15093,2034238
15094,1699400
15095,2012197
15096,3799853
15097,3789435
15098,3428340
15099,2228787
15100,3519754
15101,15366743
15102,2275906
15103,2262777
15104,2440462
15105,4288232
15106,2554569
15107,3848126
15108,3814507
15109,2929195
15110,3047911
15111,10838780
15112,2126926
15113,4942690
15114,1820123
15115,1697892
15116,2043004
15117,2873871
15118,2049080
15119,2303022
15120,2653303
15121,4927793
15122,2583021
15123,2144004
15124,1691621
15125,1827103
15126,1859230
15127,3639112
15128,4609455
15129,3384502
15130,3249378
15131,2296542
15132,3318460
15133,3214933
15134,2997547
15135,2343731
15136,3620644
15137,2573531
15138,4892425
15139,6284485
15140,3858067
15141,3569576
15142,1488601
15143,13440029
15144,3636300
15145,15624321
15146,2127851
15147,3417751
15148,4496477
15149,6079728
15150,2234980
15151,2283578
15152,2510173
15153,2835761
15154,6312538
15155,2265561
15156,2101838
15157,3197675
15158,2161915
15159,3470465
15160,2517581
15161,2574870
15162,1144691
15163,2538389
15164,2440000
15165,4544770
15166,4006976
15167,1375791
15168,2313435
15169,19453010
15170,2298248
15171,2989760
15172,3927722
15173,2523154
15174,1476070
15175,2331115
15176,2384519
15177,1192842
15178,3160807
15179,2429389
15180,2808953
15181,2994210
15182,2220309
15183,2481330
15184,4038072
15185,3687533
15186,3396931
15187,1785835
15188,1951878
15189,2679215
15190,2385496
15191,2313807
15192,3020499
15193,1843039
15194,4416106
15195,3942234
15196,3435010
15197,2131273
15198,2279578
15199,2820321
15200,2587073
15201,2553759
15202,2074332
15203,2308866
15204,2359923
15205,12324299
15206,1629433
15207,2622208
15208,2589526
15209,2353030
15210,1850787
15211,2317044
15212,2963493
15213,1634104
15214,2127264
15215,3190689
15216,4063618
15217,1904794
15218,2376470
15219,2531721
15220,2289195
15221,1416268
15222,5051317
15223,2718022
15224,3344703
15225,2754435
15226,2320005
15227,2093836
15228,3811061
15229,4380937
15230,3415202
15231,3303094
15232,1691151
15233,2215751
15234,2201461
15235,2018919
15236,2497984
15237,2408522
15238,4042330
15239,3812247
15240,3717968
15241,4174004
15242,2140335
15243,4094876
15244,2914435
15245,4374928
15246,6295862
15247,3714551
15248,3005176
15249,3275775
15250,5532775
15251,3381102
15252,3430274
15253,2199475
15254,1827949
15255,2235745
15256,1992068
15257,3804800
15258,5457713
15259,2861537
15260,1262269
15261,2882078
15262,2299655
15263,6643865
15264,2642483
15265,2501660
15266,4105590
15267,2564747
15268,7944001
15269,4076628
15270,2331571
15271,2031432
15272,2316998
15273,2750111
15274,2402910
15275,2416599
15276,2147041
15277,2523738
15278,3791665
15279,2552976
15280,2541209
15281,1592354
15282,2372901
15283,1931839
15284,1884971
15285,2094365
15286,2130658
15287,2399142
15288,2253555
15289,2406088
15290,2166087
15291,4090170
15292,1329398
15293,2420479
15294,2765894
15295,2179240
15296,2162641
15297,3776694
15298,4176285
15299,3485180
15300,3437198
15301,3817052
15302,2221072
15303,2020727
15304,2026153
15305,2420628
15306,2813862
15307,2233626
15308,1403623
15309,10340353
15310,2707059
15311,4284379
15312,3908385
15313,1434623
15314,1322487
15315,1800841
15316,2194185
15317,2159007
15318,2391094
15319,3019881
15320,2512044
15321,2723253
15322,2166944
15323,2216424
15324,1864366
15325,2593312
15326,3546079
15327,2930792
15328,2675359
15329,5807926
15330,2493931
15331,2461515
15332,2532033
15333,2559778
15334,2942566
15335,2680734
15336,2062967
15337,2632206
15338,2337273
15339,1474250
15340,2669324
15341,2748421
15342,2477220
15343,7594292
15344,2310115
15345,1394038
15346,4145009
15347,3587104
15348,2967415
15349,5581550
15350,2537833
15351,2458275
15352,2582027
15353,2807682
15354,2769529
15355,2771509
15356,1582835
15357,11840271
15358,1873698
15359,1804671
15360,2396792
15361,2220187
15362,2147221
15363,2060892
15364,2093983
15365,3436648
15366,2159054
15367,2357957
15368,1981647
15369,2637847
15370,1766418
15371,2638545
15372,1686399
15373,1944810
15374,3890006
15375,2675020
15376,5058311
15377,2917095
15378,3785203
15379,2676523
15380,3580729
15381,11611417
15382,7056289
15383,2145209
15384,2349867
15385,2636027
15386,2348563
15387,2874685
15388,2363772
15389,2915028
15390,4102635
15391,2663068
15392,3114933
15393,3164831
15394,2990343
15395,2349369
15396,2122589
15397,2071569
15398,1976496
15399,2449652
15400,3884670
15401,15588974
15402,4614598
15403,2490360
15404,2478222
15405,2823462
15406,2466073
15407,2246261
15408,2372775
15409,1379593
15410,2205240
15411,2448765
15412,2006799
15413,2275781
15414,2559313
15415,1915311
15416,6027421
15417,2219104
15418,2648025
15419,3635256
15420,2282490
15421,3069608
15422,7239096
15423,1575709
15424,2328406
15425,11490074
15426,2075575
15427,3975458
15428,3818385
15429,4357828
15430,2597632
15431,3498656
15432,2897723
15433,2130152
15434,3839863
15435,2220845
15436,2441275
15437,1840280
15438,1832736
15439,1853568
15440,2384877
15441,1636632
15442,2326128
15443,2463003
15444,2578303
15445,1786746
15446,1766609
15447,1986552
15448,1792942
15449,3741579
15450,3306519
15451,3180347
15452,3417479
15453,11520678
15454,2107598
15455,2513698
15456,2637831
15457,2543487
15458,3115446
15459,2457673
15460,2747870
15461,2842765
15462,1341492
15463,2486970
15464,2471214
15465,3015743
15466,3230803
15467,2289440
15468,2408018
15469,4364598
15470,4023801
15471,4146652
15472,3383927
15473,2788746
15474,5604802
15475,2652450
15476,2286187
15477,2270155
15478,2460298
15479,3743004
15480,2550532
15481,2452621
15482,1835325
15483,1582949
15484,4036811
15485,2194513
15486,2090801
15487,2542963
15488,2581643
15489,2653842
15490,3722568
15491,2717161
15492,1906521
15493,2602357
15494,1502326
15495,4375875
15496,3807347
15497,3796378
15498,3731329
15499,2691326
15500,2573240
15501,1911046
15502,2188650
15503,2048608
15504,2433464
15505,11469789
15506,2298381
15507,2542449
15508,2266667
15509,3022262
15510,3222414
15511,1390227
15512,2979265
15513,10557557
15514,1949539
15515,1341842
15516,3098154
15517,1640805
15518,2377233
15519,1766568
15520,3130028
15521,2076494
15522,2371089
15523,2398636
15524,2999828
15525,2557831
15526,1993666
15527,3683970
15528,2790979
15529,2652752
15530,1857732
15531,1788368
15532,2516186
15533,2603378
15534,3365698
15535,2548185
15536,4398070
15537,3317045
15538,2243664
15539,2681461
15540,4442185
15541,10277986
15542,2186914
15543,2773614
15544,6205454
15545,2654819
15546,2119882
15547,1433402
15548,2696486
15549,2359599
15550,3715350
15551,2943844
15552,2355768
15553,2246373
15554,3105849
15555,2315986
15556,2190217
15557,2199247
15558,3890006
15559,7355831
15560,2414462
15561,2639346
15562,2045099
15563,2243219
15564,2169492
15565,2014578
15566,4277396
15567,2099286
15568,1381201
15569,3959490
15570,3611283
15571,3968440
15572,4043315
15573,2642935
15574,3780861
15575,2145551
15576,2062714
15577,14582618
15578,2332093
15579,2574037
15580,12753875
15581,1523736
15582,1402908
15583,1371113
15584,2545743
15585,1492693
15586,1402759
15587,5162007
15588,2379383
15589,2830961
15590,5077714
15591,3271593
15592,1639456
15593,1946833
15594,1645641
15595,2836233
15596,3839732
15597,2458254
15598,4092431
15599,2540683
15600,2616324
15601,2999235
15602,2520709
15603,4585612
15604,2294012
15605,3180891
15606,2674687
15607,2418165
15608,5683106
15609,2495849
15610,2593305
15611,1751655
15612,3708214
15613,2438964
15614,9752630
15615,2808919
15616,6122557
15617,1457002
15618,4791223
15619,4176963
15620,3637158
15621,3075648
15622,1292549
15623,2819291
15624,2181469
15625,2202965
15626,1598529
15627,5186566
15628,3368736
15629,5376315
15630,4922632
15631,2060821
15632,2338050
15633,2609545
15634,2763585
15635,2460559
15636,2140279
15637,1942006
15638,4316049
15639,2342389
15640,4696613
15641,3151963
15642,2729799
15643,3272514
15644,1844923
15645,1399443
15646,2722109
15647,2664062
15648,3995781
15649,3617695
15650,4194501
15651,2437303
15652,6913096
15653,2314237
15654,1942732
15655,4204614
15656,2847607
15657,2497333
15658,2415293
15659,2476331
15660,3264479
15661,2518297
15662,3816804
15663,2883113
15664,3824744
15665,4156553
15666,3578209
15667,2431788
15668,2239437
15669,1803580
15670,2522583
15671,3221627
15672,2496478
15673,2463562
15674,2466119
15675,1327292
15676,2324792
15677,2797650
15678,2792242
15679,2551891
15680,2593316
15681,16541954
15682,2167376
15683,2311986
15684,2493163
15685,2336058
15686,2733542
15687,3877074
15688,3510078
15689,3004406
15690,6298134
15691,2280813
15692,3445521
15693,2296594
15694,2354069
15695,2773285
15696,4393694
15697,2240665
15698,2745478
15699,4245033
15700,3881416
15701,4058536
15702,4065737
15703,2857019
15704,2051006
15705,3865572
15706,2597351
15707,2400522
15708,3714154
15709,2630747
15710,2734110
15711,2901120
15712,4465550
15713,2296744
15714,2680041
15715,4506148
15716,3811611
15717,2601438
15718,1625543
15719,2608924
15720,2856491
15721,4159715
15722,3123367
15723,1380046
15724,2560115
15725,11050253
15726,2381413
15727,2947681
15728,8858835
15729,1474941
15730,2977732
15731,1406768
15732,7216334
15733,3727813
15734,5042744
15735,4581080
15736,3455715
15737,2028040
15738,1936862
15739,2211062
15740,3341422
15741,6304693
15742,6213606
15743,1475280
15744,4859534
15745,4740488
15746,3721417
15747,3373315
15748,2891072
15749,2825231
15750,1656506
15751,2600985
15752,2822409
15753,14144007
15754,2729583
15755,3405970
15756,3047991
15757,2603405
15758,2805905
15759,4385916
15760,2552696
15761,2224365
15762,4452681
15763,4196625
15764,4754215
15765,2794373
15766,2616475
15767,2462923
15768,4659071
15769,4012609
15770,4139578
15771,4763778
15772,3844040
15773,3871852
15774,2545967
15775,2419948
15776,2928947
15777,2850249
15778,2686896
15779,2723318
15780,2926279
15781,14820426
15782,2444389
15783,3339421
15784,2543253
15785,3139542
15786,2836057
15787,2595691
15788,2652068
15789,2466108
15790,2747065
15791,2661360
15792,4338004
15793,2748790
15794,3793068
15795,5430391
15796,3563611
15797,2730679
15798,2531413
15799,3082579
15800,3179740
15801,11718470
15802,2253573
15803,2609240
15804,4230028
15805,4208203
15806,3085029
15807,2094982
15808,6765392
15809,3065937
15810,4491115
15811,2606628
15812,2375180
15813,2844588
15814,1849236
15815,3125157
15816,2500120
15817,2372716
15818,2439078
15819,2462343
15820,3022660
15821,2938848
15822,2879753
15823,2897051
15824,2650874
15825,13555383
15826,2474403
15827,5121114
15828,2393883
15829,2726391
15830,2975105
15831,3181428
15832,1777693
15833,2673899
15834,1734094
15835,1495353
15836,2279533
15837,2055322
15838,2925246
15839,2497045
15840,5973380
15841,2036755
15842,2930227
15843,2624854
15844,2578448
15845,4191023
15846,3545383
15847,4143956
15848,3685485
15849,3006979
15850,2798436
15851,2748812
15852,2918217
15853,2673377
15854,2357586
15855,2746110
15856,5720376
15857,2782286
15858,4280812
15859,2308610
15860,2353696
15861,10234014
15862,3166687
15863,2212249
15864,2885195
15865,2866853
15866,2153352
15867,2577329
15868,1840837
15869,2320786
15870,2850194
15871,2512603
15872,2013871
15873,2294316
15874,2848957
15875,2033262
15876,1882425
15877,2423540
15878,2338406
15879,2390548
15880,2225771
15881,9953020
15882,3344674
15883,1939608
15884,1914960
15885,2411881
15886,2038436
15887,2435878
15888,2522554
15889,1352695
15890,3979019
15891,2046324
15892,3643334
15893,2611945
15894,4471166
15895,2298837
15896,2116687
15897,2599534
15898,2337333
15899,2504222
15900,3224464
15901,10750299
15902,4160434
15903,1909287
15904,2733713
15905,1980874
15906,5921587
15907,3611893
15908,3957012
15909,2385366
15910,1885624
15911,2834927
15912,2443410
15913,6387566
15914,2439600
15915,5169294
15916,1327071
15917,2342246
15918,3797757
15919,2349246
15920,1400566
15921,1513088
15922,2736946
15923,2144565
15924,4221100
15925,18439197
15926,2612336
15927,2711269
15928,2516146
15929,4505468
15930,5630892
15931,3233634
15932,1910855
15933,2676940
15934,2320967
15935,3552459
15936,2642362
15937,3676986
15938,2621955
15939,2513122
15940,3939358
15941,2713712
15942,3268057
15943,2751588
15944,2887652
15945,2250399
15946,3094250
15947,2285151
15948,2557063
15949,2441004
15950,2440732
15951,2420937
15952,2592279
15953,7616906
15954,2157403
15955,2463774
15956,2327163
15957,4173118
15958,3960233
15959,3625349
15960,2758553
15961,2321925
15962,1676507
15963,3555164
15964,2865476
15965,1583880
15966,2064730
15967,2105035
15968,2035869
15969,2707562
15970,3845422
15971,2616292
15972,2328385
15973,2511874
15974,3380238
15975,3830189
15976,3464576
15977,16045231
15978,2541390
15979,2483175
15980,4231958
15981,2556230
15982,5335668
15983,2348439
15984,2278925
15985,2362052
15986,2732854
15987,2670374
15988,3155440
15989,2136100
15990,3542071
15991,2916957
15992,2459463
15993,1793155
15994,1838020
15995,1261651
15996,1871458
15997,1921013
15998,1937477
15999,2259466
16000,2626318
16001,6356303
16002,1889180
16003,1835179
16004,5991458
16005,2835047
16006,2132584
16007,2173486
16008,2161634
16009,1719636
16010,1928745
16011,2202108
16012,5562006
16013,6354727
16014,2771645
16015,3120018
16016,2113998
16017,1218818
16018,2265581
16019,1632993
16020,2191816
16021,3059056
16022,1103671
16023,3866909
16024,3975652
16025,3145742
16026,3275292
16027,1900921
16028,5872870
16029,4374840
16030,2679807
16031,2703858
16032,4880975
16033,2988224
16034,3784326
16035,2078088
16036,2730026
16037,4151398
16038,2589191
16039,2479992
16040,3862902
16041,3294266
16042,2174423
16043,1877133
16044,3056064
16045,2896219
16046,3025641
16047,2508213
16048,1933753
16049,7756661
16050,3967937
16051,3719869
16052,4168489
16053,2965536
16054,3073189
16055,2832488
16056,3665653
16057,2840485
16058,2838254
16059,2411521
16060,3014943
16061,2667990
16062,2839030
16063,2338252
16064,2998074
16065,2498938
16066,2424145
16067,2139246
16068,2233396
16069,2111354
16070,7464709
16071,4403267
16072,3981262
16073,17333991
16074,2223860
16075,2526597
16076,2765115
16077,3374910
16078,3771209
16079,3914247
16080,3928722
16081,1943912
16082,2714140
16083,2107785
16084,2196423
16085,1764782
16086,2225344
16087,1926040
16088,1981753
16089,1783277
16090,3408125
16091,2587741
16092,4907570
16093,2747879
16094,2461815
16095,1134306
16096,2538158
16097,2464291
16098,2481636
16099,2156395
16100,2205042
16101,4063560
16102,2571895
16103,1314627
16104,2518358
16105,2255998
16106,2077425
16107,1752816
16108,1816388
16109,2158847
16110,2684655
16111,3122716
16112,3020427
16113,1285309
16114,2025048
16115,1908531
16116,2034075
16117,3540941
16118,10598586
16119,1476595
16120,2752808
16121,2247054
16122,2643320
16123,3501024
16124,1248559
16125,5237988
16126,2114375
16127,2176799
16128,6934137
16129,2795469
16130,2070599
16131,2671458
16132,4746817
16133,2844156
16134,1475337
16135,3216416
16136,3635744
16137,2348105
16138,3717843
16139,2193044
16140,2541222
16141,2109596
16142,1980756
16143,2123129
16144,2325573
16145,3604907
16146,3261769
16147,4240080
16148,2472229
16149,2382747
16150,2436757
16151,2009138
16152,2785259
16153,1451154
16154,2082122
16155,1701647
16156,1339160
16157,1460265
16158,1443616
16159,1591154
16160,2852978
16161,2526970
16162,2429534
16163,2613675
16164,2599396
16165,2519978
16166,2567058
16167,1956085
16168,9220319
16169,2169300
16170,2457095
16171,2696847
16172,2174876
16173,3965456
16174,3910131
16175,2982268
16176,3509158
16177,3876891
16178,3860538
16179,2818003
16180,2470224
16181,2811013
16182,1302899
16183,2795217
16184,3857262
16185,2563409
16186,2023339
16187,5717777
16188,1817191
16189,2747935
16190,4205504
16191,2418729
16192,2501982
16193,13061182
16194,2359497
16195,2566902
16196,6784013
16197,3823584
16198,3663381
16199,1709825
16200,9380690
16201,2043362
16202,2055928
16203,2642094
16204,2047532
16205,2415570
16206,2362297
16207,2369536
16208,4243768
16209,3202887
16210,3732334
16211,2623227
16212,2445150
16213,1936635
16214,2580169
16215,8468601
16216,4189028
16217,3081386
16218,2330101
16219,2199894
16220,2306371
16221,2919229
16222,2071717
16223,2257620
16224,3852796
16225,2382239
16226,2475206
16227,2603097
16228,8967016
16229,2503721
16230,3851947
16231,1883822
16232,2582984
16233,2590863
16234,1283412
16235,4583479
16236,2459728
16237,2628105
16238,2197027
16239,1599961
16240,2320349
16241,1292803
16242,2226116
16243,2753667
16244,6205572
16245,3969018
16246,2283730
16247,3031162
16248,2802663
16249,2240245
16250,2181745
16251,4572018
16252,1426906
16253,2665739
16254,4579496
16255,4097945
16256,1686467
16257,2351522
16258,2140981
16259,1987851
16260,2084779
16261,2682375
16262,3434466
16263,2668193
16264,2177262
16265,2598657
16266,3761526
16267,2112747
16268,2285478
16269,1762930
16270,3654360
16271,2170371
16272,2722898
16273,1924470
16274,3837213
16275,2288729
16276,2390458
16277,2482260
16278,4321733
16279,4286735
16280,9026590
16281,2695453
16282,2277582
16283,3649990
16284,3452840
16285,17888358
16286,3156440
16287,3608754
16288,3331476
16289,2277210
16290,4123009
16291,2429959
16292,1863245
16293,2352344
16294,3965377
16295,2142170
16296,2311104
16297,2065637
16298,2194210
16299,1845694
16300,7880015
16301,2451716
16302,4021433
16303,2419296
16304,3845238
16305,1383886
16306,2175689
16307,2129767
16308,3894565
16309,10147730
16310,2044707
16311,2557234
16312,2216436
16313,1967016
16314,2859090
16315,2338129
16316,9984605
16317,3489272
16318,4770913
16319,2776523
16320,2890600
16321,2027534
16322,2624185
16323,3777777
16324,3477713
16325,2339003
16326,1430452
16327,2219964
16328,3897026
16329,2298433
16330,2356284
16331,5619983
16332,4090673
16333,10074443
16334,1810322
16335,1544326
16336,2537154
16337,3516845
16338,2539728
16339,3813207
16340,9462624
16341,2802007
16342,2522090
16343,2366468
16344,2215103
16345,4488780
16346,3874032
16347,5544079
16348,1711269
16349,2585811
16350,2626252
16351,3076057
16352,3524102
16353,1828838
16354,1559171
16355,1909313
16356,2444515
16357,10414947
16358,2040043
16359,2635405
16360,3434583
16361,2637713
16362,4047992
16363,2852399
16364,8212985
16365,3621108
16366,3331459
16367,3702297
16368,2387767
16369,2418176
16370,4225858
16371,4007784
16372,3518445
16373,2403295
16374,5947725
16375,3296185
16376,2376657
16377,2980077
16378,9258695
16379,3217235
16380,3074260
16381,4237113
16382,2302422
16383,2005231
16384,1927997
16385,9583881
16386,7744628
16387,3468608
16388,3551901
16389,2262707
16390,1515900
16391,9345178
16392,8497735
16393,1220181
16394,3827624
16395,3724572
16396,3524293
16397,3317520
16398,2625295
16399,1693087
16400,2325410
16401,1725277
16402,2965945
16403,2346265
16404,2283498
16405,2145730
16406,1765941
16407,1829559
16408,3394962
16409,3285119
16410,3421387
16411,2564146
16412,4229405
16413,3660853
16414,2553296
16415,3901396
16416,4341757
16417,2055824
16418,5057061
16419,2799289
16420,1483046
16421,7872760
16422,3012188
16423,2984787
16424,2222267
16425,4340754
16426,3694661
16427,4288504
16428,3953770
16429,12179559
16430,3578828
16431,5021983
16432,2665886
16433,1683232
16434,4067725
16435,3773462
16436,3342647
16437,2528480
16438,1974088
16439,2287238
16440,6899029
16441,1782733
16442,1908036
16443,1355852
16444,3081895
16445,11015274
16446,2396449
16447,4333581
16448,3762701
16449,2143879
16450,2069526
16451,1876074
16452,3834339
16453,2225784
16454,1583479
16455,2466347
16456,1977040
16457,1736971
16458,1952745
16459,3703788
16460,8767952
16461,3327679
16462,3307136
16463,3119691
16464,3705141
16465,2159102
16466,3578660
16467,5303130
16468,6554725
16469,2623694
16470,2298495
16471,2256074
16472,3537160
16473,12125185
16474,2531210
16475,3658189
16476,2097667
16477,2124433
16478,2219733
16479,1906680
16480,2343701
16481,2312353
16482,4009887
16483,2148132
16484,2782107
16485,2456842
16486,1351272
16487,2359241
16488,8026036
16489,2255270
16490,2430146
16491,2681805
16492,2521610
16493,3931252
16494,1848173
16495,2310887
16496,2121206
16497,1312402
16498,4507278
16499,4124539
16500,4418907
16501,15564101
16502,1753752
16503,4586044
16504,1802761
16505,3160263
16506,3721366
16507,3847804
16508,12287113
16509,4383514
16510,3353481
16511,4084819
16512,3808509
16513,2135344
16514,2046597
16515,4528200
16516,3599209
16517,2187376
16518,1370355
16519,2435264
16520,2034528
16521,2993903
16522,2949169
16523,4681378
16524,7514019
16525,3174920
16526,2555494
16527,4459337
16528,4738861
16529,17374111
16530,2251674
16531,3935903
16532,3576383
16533,5664216
16534,2705866
16535,1858288
16536,1302067
16537,2703398
16538,2902615
16539,2079206
16540,2614904
16541,1890531
16542,2990386
16543,1282229
16544,2623106
16545,2528122
16546,2510500
16547,2479041
16548,5349022
16549,4086056
16550,1380537
16551,4207045
16552,4092124
16553,4006316
16554,3779655
16555,4141952
16556,3454435
16557,1920122
16558,2775857
16559,3903886
16560,2339400
16561,2879833
16562,3499559
16563,2472941
16564,2091585
16565,11653478
16566,2656922
16567,2371024
16568,1864504
16569,4184989
16570,2201470
16571,2080564
16572,2432933
16573,2265197
16574,2292778
16575,2403605
16576,2734123
16577,3848508
16578,6777547
16579,2144679
16580,2426643
16581,2330436
16582,1210767
16583,3760523
16584,2186025
16585,1976636
16586,2878828
16587,2569270
16588,2067647
16589,3091091
16590,1914954
16591,2822404
16592,4363197
16593,3491867
16594,3708337
16595,2177329
16596,6696635
16597,6044966
16598,2585335
16599,2472377
16600,2624235
16601,2877059
16602,2487676
16603,2474102
16604,2025912
16605,1325547
16606,2597648
16607,2558946
16608,2688836
16609,1668903
16610,2570306
16611,2952433
16612,8432431
16613,2146501
16614,1469674
16615,2720617
16616,2596637
16617,8728780
16618,1258445
16619,2528674
16620,2685623
16621,3395154
16622,2748921
16623,3369128
16624,2566219
16625,2629791
16626,2800257
16627,2499017
16628,1561342
16629,2984650
16630,2672181
16631,2804750
16632,4809050
16633,2578166
16634,2658722
16635,1751161
16636,7517023
16637,2249615
16638,2657009
16639,2597756
16640,2495864
16641,1923598
16642,2578998
16643,2652263
16644,2480328
16645,2535427
16646,2622495
16647,2659746
16648,2629386
16649,2856207
16650,2863398
16651,2439781
16652,5128027
16653,1552286
16654,1475718
16655,1506774
16656,3951907
16657,2677321
16658,3404912
16659,2613405
16660,2590229
16661,1453289
16662,1470761
16663,1353035
16664,1330986
16665,2106967
16666,2048643
16667,1413275
16668,1654607
16669,2516780
16670,2524001
16671,1952508
16672,5234206
16673,1463941
16674,3076943
16675,3083124
16676,1597906
16677,8725896
16678,1757103
16679,1343733
16680,1462827
16681,1585689
16682,1293289
16683,1331171
16684,1308911
16685,1722533
16686,4113781
16687,2531747
16688,2721092
16689,1797395
16690,2457168
16691,5907418
16692,3857110
16693,2397642
16694,3825928
16695,2019812
16696,2789416
16697,2954937
16698,2753228
16699,2686798
16700,1789916
16701,7926350
16702,5946690
16703,3256506
16704,2622647
16705,2534449
16706,3781856
16707,2892870
16708,3586141
16709,2663632
16710,3553808
16711,3429449
16712,4011136
16713,3918313
16714,4064522
16715,2286774
16716,3416462
16717,2924061
16718,2943416
16719,1249701
16720,8170793
16721,3557407
16722,2951078
16723,2715263
16724,4008536
16725,11280429
16726,3857953
16727,1460826
16728,2614681
16729,3885995
16730,3554944
16731,4097928
16732,3573031
16733,4035702
16734,4291944
16735,2182954
16736,2134316
16737,1416355
16738,2449430
16739,2906969
16740,2577063
16741,1779719
16742,11092941
16743,2622722
16744,2275871
16745,2426025
16746,2537749
16747,2875771
16748,11642467
16749,2912538
16750,4395175
16751,1621938
16752,3521338
16753,12487375
16754,5745265
16755,6229173
16756,3810136
16757,3760106
16758,3614865
16759,3270524
16760,4282935
16761,3005835
16762,2112651
16763,2045825
16764,2416598
16765,2361276
16766,7712941
16767,1957871
16768,2325788
16769,1693494
16770,1791934
16771,1935361
16772,2624126
16773,1535375
16774,1877066
16775,1756798
16776,2502878
16777,3335393
16778,2400060
16779,2255726
16780,2370647
16781,2067513
16782,2745394
16783,4168255
16784,3686407
16785,3578791
16786,3558316
16787,3151392
16788,3704763
16789,2404302
16790,2497598
16791,2657040
16792,8998068
16793,2406295
16794,2574672
16795,3731716
16796,3675561
16797,5096017
16798,3635614
16799,4396321
16800,2539309
16801,2502111
16802,2310146
16803,1565371
16804,1615383
16805,1840157
16806,1548066
16807,1601414
16808,1606454
16809,7714416
16810,3715035
16811,5067278
16812,2578036
16813,2892913
16814,2331516
16815,1253093
16816,2362134
16817,3955557
16818,3659861
16819,2540709
16820,2299520
16821,2474191
16822,1808876
16823,1865338
16824,2524933
16825,14821722
16826,2693968
16827,3212973
16828,2295351
16829,4088149
16830,4165558
16831,2165591
16832,1926544
16833,1956623
16834,1859407
16835,3025049
16836,1868217
16837,3034578
16838,1436486
16839,2944663
16840,3158041
16841,2199329
16842,2415391
16843,2027938
16844,6424368
16845,1814622
16846,2584462
16847,1393283
16848,1788926
16849,1769621
16850,2366374
16851,2074157
16852,1994537
16853,7640728
16854,2886197
16855,3444150
16856,3708254
16857,3649006
16858,2926825
16859,3432859
16860,3646894
16861,1707082
16862,3877187
16863,2550350
16864,2080260
16865,2019321
16866,3738496
16867,2283466
16868,2514021
16869,3940868
16870,4134748
16871,2732421
16872,2632047
16873,3819660
16874,3906954
16875,3733298
16876,3966964
16877,14726325
16878,2872133
16879,2733516
16880,2198687
16881,2588602
16882,2445178
16883,2611800
16884,3950460
16885,3950281
16886,7178723
16887,2605726
16888,7539307
16889,2115710
16890,1553351
16891,1972422
16892,1848098
16893,1755075
16894,3540310
16895,1737792
16896,2068703
16897,1932140
16898,2043141
16899,1787551
16900,2108283
16901,2272571
16902,2595410
16903,2238023
16904,3741483
16905,2971192
16906,2826858
16907,1752940
16908,1909594
16909,1773724
16910,1486256
16911,1837604
16912,4636920
16913,2433297
16914,1893146
16915,1629526
16916,3275513
16917,2061525
16918,2048474
16919,1877611
16920,2333824
16921,2041023
16922,1231268
16923,2807220
16924,1928803
16925,1911947
16926,1949468
16927,2335373
16928,9221883
16929,2063626
16930,1426670
16931,2339131
16932,2470427
16933,2482083
16934,2507867
16935,1740946
16936,6060653
16937,2038996
16938,2062481
16939,3620151
16940,3893356
16941,4557922
16942,3536944
16943,2221113
16944,1946573
16945,7025207
16946,4682072
16947,2997904
16948,4498343
16949,3527127
16950,2293042
16951,6432866
16952,6122524
16953,3137174
16954,1981711
16955,2088278
16956,2114051
16957,11340457
16958,2457449
16959,5007227
16960,2512534
16961,2675875
16962,2512999
16963,2500248
16964,2268183
16965,1475918
16966,2229762
16967,1830937
16968,2342533
16969,2512717
16970,2816171
16971,2384106
16972,2187093
16973,2236252
16974,2087106
16975,1743624
16976,2404078
16977,2289142
16978,2482741
16979,2539212
16980,2347173
16981,2711223
16982,3630811
16983,2303191
16984,1987257
16985,2077985
16986,3408653
16987,2325710
16988,8069409
16989,2162965
16990,3663960
16991,2314085
16992,3968844
16993,4475056
16994,2367316
16995,2608490
16996,2506172
16997,1583509
16998,2537167
16999,2439993
17000,2254882
17001,12967305
17002,2446158
17003,3085712
17004,2179709
17005,2117703
17006,3289280
17007,2001750
17008,2368055
17009,1752942
17010,2342412
17011,1862745
17012,2307410
17013,3096757
17014,3071006
17015,1767404
17016,1958817
17017,2014435
17018,1153152
17019,2502787
17020,2373652
17021,2661740
17022,2483958
17023,2303947
17024,2235800
17025,2034599
17026,2298159
17027,2070079
17028,2854099
17029,2086908
17030,3659770
17031,4874666
17032,1867623
17033,2714035
17034,2313628
17035,2939981
17036,5892028
17037,9195499
17038,3173339
17039,1445447
17040,2669668
17041,2758406
17042,1666914
17043,2025217
17044,3099294
17045,2485509
17046,3622598
17047,1934355
17048,2452131
17049,2096579
17050,1346093
17051,2291588
17052,2293190
17053,1517946
17054,2459877
17055,2769592
17056,2689025
17057,1342692
17058,2513606
17059,3714217
17060,1298978
17061,2780582
17062,2653343
17063,1796059
17064,1116200
17065,2660619
17066,2528225
17067,3811657
17068,2600121
17069,3667116
17070,3791384
17071,1262795
17072,2636180
17073,11712550
17074,4186301
17075,7362349
17076,3625726
17077,2773401
17078,3222947
17079,2684452
17080,9371240
17081,2626579
17082,2484130
17083,2682543
17084,2292750
17085,2462488
17086,2451805
17087,2724111
17088,2983654
17089,1690159
17090,5533435
17091,3261313
17092,7365315
17093,1693744
17094,1257739
17095,1347473
17096,1269706
17097,1237828
17098,2556302
17099,1736303
17100,3980680
17101,3016669
17102,2887755
17103,2105260
17104,2271552
17105,3145333
17106,3865543
17107,1575372
17108,1841996
17109,2887818
17110,2231644
17111,4056165
17112,3300598
17113,2302040
17114,3820908
17115,1716535
17116,4058065
17117,2826955
17118,2224856
17119,2324523
17120,2784028
17121,5912357
17122,2327610
17123,1980957
17124,1237410
17125,2087209
17126,2022321
17127,2161901
17128,2292400
17129,1349987
17130,2328255
17131,1939214
17132,1408731
17133,1870272
17134,2443994
17135,3556105
17136,3529485
17137,2212901
17138,2619446
17139,3875039
17140,3467842
17141,3009961
17142,2206846
17143,2401831
17144,3598938
17145,2184204
17146,1701468
17147,1839074
17148,2500655
17149,1997101
17150,3270051
17151,2913091
17152,5028967
17153,3359137
17154,1779837
17155,1621447
17156,4098922
17157,2590251
17158,2314878
17159,6585892
17160,2336084
17161,2821060
17162,2460022
17163,2434930
17164,2066793
17165,2677736
17166,1456089
17167,2557552
17168,2397543
17169,2557170
17170,3701039
17171,2462725
17172,2480173
17173,2499201
17174,1942791
17175,1419916
17176,2272732
17177,1686456
17178,2317955
17179,2059615
17180,3331220
17181,2886713
17182,3973126
17183,3632392
17184,3441004
17185,3444361
17186,3140803
17187,2350474
17188,2753067
17189,4395917
17190,3435606
17191,1978990
17192,5127724
17193,2779873
17194,2348380
17195,2554103
17196,2775245
17197,6976823
17198,2609625
17199,3919723
17200,3364781
17201,2499896
17202,2810023
17203,2793313
17204,2361891
17205,2501082
17206,2996117
17207,2262706
17208,3831607
17209,1488444
17210,2402467
17211,2315509
17212,3358936
17213,2187253
17214,2531992
17215,2197260
17216,2344472
17217,2411555
17218,4402467
17219,2524441
17220,2672594
17221,3535861
17222,2305445
17223,1152953
17224,2178428
17225,2029212
17226,2108121
17227,2363890
17228,2414858
17229,2578463
17230,1400962
17231,2700420
17232,2847603
17233,2717130
17234,2498466
17235,2566636
17236,2699267
17237,2302412
17238,2753933
17239,2218379
17240,4124615
17241,1396532
17242,2237287
17243,2992878
17244,13327402
17245,16604736
17246,2591836
17247,2330630
17248,8786490
17249,2126070
17250,2441708
17251,5283146
17252,1529629
17253,3116338
17254,4389832
17255,3804803
17256,3872178
17257,2770410
17258,2439671
17259,2314656
17260,2028410
17261,2458529
17262,2574736
17263,3669631
17264,3581105
17265,2335120
17266,3277492
17267,2366625
17268,2535121
17269,2313464
17270,2484629
17271,2495017
17272,1318157
17273,1352507
17274,1581803
17275,1839227
17276,1969430
17277,2092713
17278,1900302
17279,2421654
17280,3283837
17281,2219759
17282,2560251
17283,2997526
17284,3644230
17285,2529219
17286,2352663
17287,1221576
17288,2238053
17289,1943242
17290,1937711
17291,2330747
17292,1757629
17293,1751337
17294,2416196
17295,3776205
17296,12745005
17297,2598543
17298,2362508
17299,2308733
17300,3447405
17301,6198122
17302,4384470
17303,2119237
17304,6315716
17305,1928456
17306,2274530
17307,2034313
17308,3419526
17309,1949187
17310,1738723
17311,1908880
17312,2220595
17313,3561246
17314,2213384
17315,3628172
17316,2617277
17317,2393561
17318,2501262
17319,2097951
17320,2029848
17321,2389931
17322,3997442
17323,2294267
17324,5335568
17325,3296742
17326,2672332
17327,3415392
17328,1721026
17329,1171394
17330,2506127
17331,6489298
17332,3810655
17333,2358814
17334,2137620
17335,1329556
17336,2362524
17337,1368587
17338,2103609
17339,1961546
17340,4999131
17341,2741591
17342,2400240
17343,1280284
17344,3814030
17345,2511547
17346,3463473
17347,2419721
17348,3129894
17349,2434356
17350,2079152
17351,1183814
17352,8109692
17353,2634355
17354,2116903
17355,2853938
17356,5702204
17357,2735424
17358,2413186
17359,3237793
17360,2068114
17361,5948423
17362,2476996
17363,3627234
17364,3884408
17365,2300542
17366,1944975
17367,2464605
17368,3503183
17369,1268753
17370,2354168
17371,2282140
17372,15352247
17373,2625474
17374,2700728
17375,4393085
17376,3549270
17377,3401036
17378,3404522
17379,1898784
17380,3357089
17381,2864796
17382,1296445
17383,2468633
17384,1898068
17385,2371890
17386,2010142
17387,1369207
17388,2147703
17389,1874365
17390,1394964
17391,1283608
17392,4423855
17393,18466708
17394,2134579
17395,2885052
17396,1726057
17397,1859280
17398,2320306
17399,2740665
17400,10440602
17401,1342071
17402,1845685
17403,1317379
17404,1359790
17405,1756623
17406,1714728
17407,2273894
17408,2265134
17409,2374343
17410,2165281
17411,2291803
17412,2298005
17413,2024594
17414,2832730
17415,2442337
17416,4297072
17417,5721891
17418,2898222
17419,4763156
17420,9403125
17421,3450100
17422,1215569
17423,2186155
17424,2440012
17425,2267519
17426,1913920
17427,3679207
17428,2840535
17429,2572141
17430,4125942
17431,2048778
17432,2327002
17433,2397849
17434,2398371
17435,2456482
17436,2345008
17437,2519133
17438,3622729
17439,2875507
17440,2349403
17441,11137204
17442,2735133
17443,4993442
17444,1508828
17445,2637910
17446,2150125
17447,2330482
17448,2530393
17449,2415543
17450,2459415
17451,2777452
17452,1978332
17453,3411983
17454,2281402
17455,2731938
17456,7912980
17457,2576286
17458,2505145
17459,2900933
17460,2568374
17461,4205039
17462,4263457
17463,3638403
17464,2730760
17465,2797660
17466,2710395
17467,9485317
17468,2555780
17469,2530628
17470,2383981
17471,6712013
17472,2612804
17473,5111967
17474,3644983
17475,3993747
17476,2301163
17477,2875144
17478,2515027
17479,2533610
17480,2548458
17481,1521684
17482,2702139
17483,1589438
17484,2384781
17485,2371502
17486,2709527
17487,2299196
17488,3751898
17489,2928682
17490,5912947
17491,4647744
17492,9078075
17493,2827491
17494,3248245
17495,2605393
17496,2510300
17497,1447539
17498,2794384
17499,2404600
17500,2686927
17501,2673545
17502,4025582
17503,3978979
17504,3769329
17505,3353252
17506,2381568
17507,2657920
17508,1356119
17509,2608861
17510,2735420
17511,2740262
17512,2491898
17513,3356355
17514,3794784
17515,4552570
17516,3561951
17517,3011118
17518,1663251
17519,5023168
17520,2909791
17521,2682226
17522,1426317
17523,3004318
17524,7620676
17525,2528071
17526,2601223
17527,3892498
17528,3858277
17529,2946517
17530,2966784
17531,2727351
17532,2585528
17533,2853606
17534,2906214
17535,2796089
17536,2197288
17537,1611538
17538,2230171
17539,2807173
17540,1368251
17541,3021081
17542,2059998
17543,2429961
17544,7019752
17545,2461472
17546,3434016
17547,3978075
17548,2851876
17549,2018033
17550,2915413
17551,2853141
17552,3396482
17553,2642089
17554,2569814
17555,3130630
17556,3681135
17557,2069504
17558,2082768
17559,3957537
17560,4140455
17561,2864410
17562,2580590
17563,2330505
17564,6842618
17565,4108319
17566,3814123
17567,3038874
17568,2329732
17569,2406377
17570,2214937
17571,2229193
17572,2637668
17573,2426842
17574,2810800
17575,2649288
17576,2534099
17577,3579403
17578,3871486
17579,2641670
17580,2407295
17581,2416559
17582,2853750
17583,1727852
17584,2476385
17585,2610715
17586,2515846
17587,2356891
17588,8623495
17589,4033651
17590,6171897
17591,3717952
17592,4348180
17593,4217076
17594,2751740
17595,2782072
17596,4110391
17597,3693594
17598,4049682
17599,5980853
17600,5990185
17601,6260011
17602,3801146
17603,3296839
17604,1833958
17605,2504289
17606,1840619
17607,3794846
17608,7839536
17609,13480198
17610,2552388
17611,2725480
17612,3717215
17613,2789700
17614,2779669
17615,1749659
17616,2597469
17617,2553922
17618,2492742
17619,2468773
17620,2654106
17621,2715195
17622,1919141
17623,2862474
17624,2462079
17625,1353331
17626,2515002
17627,2036826
17628,7092995
17629,3809552
17630,2673099
17631,2845487
17632,4763843
17633,2927909
17634,2505933
17635,2385858
17636,2680413
17637,3116811
17638,3511555
17639,3533960
17640,2579991
17641,4480063
17642,2466047
17643,2368336
17644,3802897
17645,3242931
17646,3579299
17647,2608062
17648,7965543
17649,1837890
17650,3116838
17651,1547186
17652,2105667
17653,1980191
17654,1871849
17655,1964626
17656,2606506
17657,1858443
17658,2668600
17659,3047266
17660,4032429
17661,3346727
17662,3416117
17663,2957220
17664,6626781
17665,2271130
17666,2843869
17667,2483019
17668,1345961
17669,2298739
17670,4214256
17671,3884096
17672,3981333
17673,2518401
17674,2301070
17675,4144358
17676,7444335
17677,1881417
17678,4332601
17679,2394323
17680,2729340
17681,13554515
17682,2461991
17683,4835388
17684,6493677
17685,2951750
17686,2503363
17687,2735481
17688,7098162
17689,1435453
17690,3711640
17691,2200160
17692,2028388
17693,1933432
17694,2033687
17695,2023130
17696,2144844
17697,3965966
17698,1970792
17699,2018465
17700,3468425
17701,2830674
17702,2426614
17703,4272268
17704,2540246
17705,2804496
17706,2491011
17707,2121132
17708,3096272
17709,2757464
17710,1789413
17711,2223836
17712,9949104
17713,2172370
17714,2142987
17715,5572564
17716,2274394
17717,1955980
17718,2050677
17719,4466252
17720,2522591
17721,1597101
17722,2373156
17723,2812782
17724,2338697
17725,2018164
17726,1993507
17727,1925348
17728,2472830
17729,2529652
17730,2049369
17731,2058170
17732,4285688
17733,2082382
17734,2690495
17735,4329894
17736,2597560
17737,3650589
17738,4844967
17739,2732185
17740,3504180
17741,16307059
17742,1243516
17743,3187920
17744,2828147
17745,3442285
17746,2760764
17747,2293300
17748,3902679
17749,2616406
17750,2467611
17751,2476853
17752,2940739
17753,1476979
17754,2840846
17755,3415185
17756,10498722
17757,1408614
17758,3363208
17759,4572592
17760,1719049
17761,2713283
17762,2415277
17763,1546953
17764,1430992
17765,2609789
17766,4603968
17767,2662251
17768,1394411
17769,4976025
17770,3164086
17771,2858384
17772,2421338
17773,2790636
17774,1408810
17775,3023485
17776,7532539
17777,1746549
17778,1340883
17779,1393258
17780,1461565
17781,1504873
17782,1339558
17783,2804962
17784,5551628
17785,2654345
17786,2682918
17787,2663240
17788,2545446
17789,2684534
17790,2596991
17791,2348066
17792,4050000
17793,2363244
17794,1238792
17795,2324315
17796,1640951
17797,3984465
17798,3672667
17799,4713914
17800,7065599
17801,3466086
17802,8049638
17803,2715803
17804,5138983
17805,2599369
17806,4251847
17807,4398081
17808,4395923
17809,6064522
17810,7061812
17811,2577853
17812,2209297
17813,2424990
17814,1945204
17815,1866942
17816,4000678
17817,1421876
17818,3661017
17819,2961821
17820,3358547
17821,13197345
17822,4061322
17823,2982050
17824,4376924
17825,2463601
17826,2709813
17827,2575392
17828,1873872
17829,4646889
17830,2602173
17831,2315272
17832,3076262
17833,2876549
17834,3322309
17835,4212554
17836,4414982
17837,3256620
17838,4047849
17839,3721127
17840,3059046
17841,2743858
17842,2704979
17843,2649009
17844,2644437
17845,4605979
17846,2455006
17847,2703540
17848,3977374
17849,2483525
17850,4314543
17851,3796307
17852,3787052
17853,8554294
17854,3536901
17855,5415423
17856,5173803
17857,3323821
17858,2509634
17859,2593915
17860,1489481
17861,3167485
17862,3395314
17863,2122269
17864,2675252
17865,2462802
17866,4128127
17867,2220750
17868,3771700
17869,2395223
17870,3128594
17871,3918727
17872,3994095
17873,2453941
17874,3400921
17875,1914947
17876,1424571
17877,1730833
17878,1379679
17879,1662867
17880,1508664
17881,1371475
17882,2810859
17883,2712693
17884,2564613
17885,2858343
17886,1236903
17887,2243600
17888,1275916
17889,1352368
17890,1335846
17891,1768835
17892,1454334
17893,1277664
17894,1338124
17895,1485121
17896,1455404
17897,1439514
17898,1460728
17899,2839829
17900,1464130
17901,1582504
17902,1442833
17903,1528495
17904,1312590
17905,1278378
17906,1266771
17907,1293756
17908,1333524
17909,1337937
17910,1411128
17911,1341803
17912,1601945
17913,1610590
17914,1262056
17915,2630400
17916,1274978
17917,1318108
17918,1338636
17919,1241102
17920,1426261
17921,1384050
17922,1375364
17923,1238089
17924,1387794
17925,1611504
17926,1393356
17927,2681926
17928,2755614
17929,5266564
17930,1302010
17931,14894660
17932,2521956
17933,2528283
17934,2519817
17935,2704390
17936,1295844
17937,1440719
17938,1392051
17939,1471189
17940,2880133
17941,2751907
17942,2803072
17943,2778203
17944,2517883
17945,1857602
17946,2621599
17947,2563861
17948,2664848
17949,2650886
17950,4017954
17951,2481096
17952,16041401
17953,2282336
17954,2578493
17955,1660621
17956,4204632
17957,3825645
17958,2725055
17959,1432816
17960,4012720
17961,3197383
17962,2822682
17963,2671481
17964,3945362
17965,5527657
17966,4248305
17967,2398812
17968,1894201
17969,7619746
17970,1700241
17971,7417119
17972,2906140
17973,11623033
17974,3323936
17975,2527337
17976,2450977
17977,3105634
17978,2916333
17979,1423655
17980,2909534
17981,2131337
17982,1462123
17983,1522301
17984,3899649
17985,2648975
17986,2370413
17987,1776497
17988,1538754
17989,2463453
17990,2873450
17991,2782879
17992,2288908
17993,2794124
17994,17861251
17995,2665368
17996,1388677
17997,1791456
17998,1534297
17999,3447212
18000,2879960
18001,6068301
18002,3238582
18003,2631924
18004,3324875
18005,4237806
18006,4738253
18007,2179379
18008,1755897
18009,1721855
18010,3857780
18011,2653866
18012,2854694
18013,6843469
18014,1993791
18015,5461415
18016,2713664
18017,4686515
18018,1428783
18019,1478106
18020,2789665
18021,2894452
18022,3026038
18023,1525235
18024,1437197
18025,1390221
18026,2572844
18027,2516184
18028,2745132
18029,3684757
18030,4111406
18031,3912272
18032,3717868
18033,1346258
18034,2565178
18035,2723646
18036,3024970
18037,3098668
18038,2680944
18039,1317167
18040,1325058
18041,1964387
18042,1368012
18043,2606223
18044,1504030
18045,3008165
18046,2742587
18047,2388092
18048,4936083
18049,4434633
18050,1884300
18051,2885473
18052,1438004
18053,2328631
18054,2830283
18055,2427110
18056,2330413
18057,2289661
18058,3563117
18059,3038408
18060,9672569
18061,2751178
18062,2264077
18063,4471185
18064,4270510
18065,3157825
18066,4332695
18067,4365007
18068,2219619
18069,2358038
18070,2922627
18071,3519480
18072,2569969
18073,2846982
18074,3735349
18075,2000265
18076,2929500
18077,4135097
18078,3849831
18079,2880707
18080,5178196
18081,2314241
18082,2706084
18083,2071907
18084,2736029
18085,2975713
18086,2318869
18087,4274747
18088,3521963
18089,2296812
18090,1997348
18091,2492299
18092,3318667
18093,2342678
18094,1412073
18095,2971534
18096,3624549
18097,11620090
18098,4340741
18099,3064510
18100,2874688
18101,2838420
18102,3031662
18103,3275599
18104,2516587
18105,1834356
18106,1715389
18107,1762804
18108,2192960
18109,1750557
18110,2619424
18111,2666358
18112,4141134
18113,1628045
18114,2544963
18115,1192652
18116,1932926
18117,2202741
18118,1735838
18119,2614864
18120,3383264
18121,2521002
18122,3926671
18123,2415624
18124,2595550
18125,2434750
18126,3446192
18127,4008008
18128,6094930
18129,3167473
18130,3445082
18131,3431183
18132,4202151
18133,2252384
18134,4649648
18135,3436289
18136,1457927
18137,4674073
18138,3883052
18139,2391427
18140,2426200
18141,2986194
18142,4618166
18143,2815541
18144,1897195
18145,1580919
18146,2339300
18147,1690848
18148,2644354
18149,3311876
18150,2787500
18151,3091231
18152,2776150
18153,3091459
18154,2839818
18155,2679771
18156,1361797
18157,3150125
18158,1579314
18159,3100073
18160,3846263
18161,4281760
18162,5084663
18163,1496423
18164,3270670
18165,13463748
18166,1680836
18167,1536507
18168,1713313
18169,2955127
18170,3499185
18171,2787646
18172,2740562
18173,2468875
18174,3198511
18175,5501152
18176,2266210
18177,3122324
18178,3804306
18179,1483158
18180,2496460
18181,3039758
18182,3804871
18183,3050187
18184,2535547
18185,2430459
18186,2647726
18187,4353753
18188,3894004
18189,3295853
18190,4089584
18191,3395331
18192,4356305
18193,4209709
18194,4274271
18195,2465346
18196,2818242
18197,4011986
18198,7958677
18199,2782019
18200,4036235
18201,3866873
18202,2777357
18203,2855115
18204,2619619
18205,4014549
18206,4057335
18207,4178559
18208,2800315
18209,5644229
18210,5408469
18211,1545655
18212,18825154
18213,2282834
18214,2376815
18215,1159908
18216,4121277
18217,2449627
18218,2655811
18219,2534395
18220,2765709
18221,2501311
18222,2533873
18223,3478768
18224,2552896
18225,2626385
18226,3912503
18227,2493535
18228,10190983
18229,2747424
18230,2755685
18231,2549315
18232,2902585
18233,14437812
18234,2653466
18235,2393385
18236,2320791
18237,4032644
18238,3500865
18239,2446076
18240,2664027
18241,2751160
18242,3718311
18243,2677011
18244,4202806
18245,3909809
18246,3858933
18247,3665238
18248,2745620
18249,3813050
18250,3384762
18251,2107557
18252,3182485
18253,1951647
18254,12226432
18255,5404500
18256,2208210
18257,1183971
18258,2740284
18259,2415595
18260,3655523
18261,2882753
18262,2623581
18263,4388751
18264,2617823
18265,2930433
18266,2561168
18267,2865068
18268,2426656
18269,2294324
18270,3949681
18271,1851794
18272,2088233
18273,3121931
18274,1176870
18275,13839171
18276,2915172
18277,2277981
18278,2391185
18279,2944117
18280,6004088
18281,2239585
18282,2279120
18283,1605306
18284,2090187
18285,2754551
18286,1517099
18287,2403516
18288,3046518
18289,1946058
18290,4096724
18291,2197203
18292,5228424
18293,3357387
18294,3661387
18295,3707744
18296,13756738
18297,1481608
18298,2386739
18299,4071275
18300,1504311
18301,1413602
18302,1325586
18303,1350874
18304,4615764
18305,2567156
18306,4065840
18307,1783601
18308,2530875
18309,1752055
18310,2469336
18311,1416351
18312,1294094
18313,1312762
18314,1352691
18315,1250216
18316,1444036
18317,11435209
18318,1422689
18319,3013621
18320,3821487
18321,2754974
18322,3372402
18323,4239482
18324,4493426
18325,4022924
18326,3584141
18327,1988620
18328,2544973
18329,2640705
18330,4711839
18331,2076213
18332,2138467
18333,10031728
18334,1697397
18335,1732838
18336,2644872
18337,4545886
18338,15187087
18339,2526222
18340,2766329
18341,2674500
18342,3862289
18343,2260368
18344,3693380
18345,2810404
18346,2411611
18347,1325583
18348,3919672
18349,2323183
18350,1200487
18351,3710534
18352,2272491
18353,2289543
18354,2327546
18355,2367781
18356,1809096
18357,4673822
18358,2137741
18359,2581904
18360,2684686
18361,3433282
18362,2183420
18363,3747884
18364,5431773
18365,1420766
18366,2971754
18367,2686768
18368,4245138
18369,2992888
18370,3497231
18371,1380400
18372,4007311
18373,8393561
18374,3252028
18375,2877554
18376,2182997
18377,2792495
18378,2013025
18379,4361983
18380,3709886
18381,2625125
18382,1693301
18383,2612597
18384,2509516
18385,3215571
18386,2646230
18387,2996158
18388,2354367
18389,2374244
18390,2356781
18391,2501314
18392,2350167
18393,4897866
18394,2475308
18395,2386427
18396,2505981
18397,3921545
18398,3993650
18399,3014761
18400,2600230
18401,5907616
18402,2563582
18403,1366032
18404,2959128
18405,2658209
18406,2853612
18407,3955927
18408,2667971
18409,4158107
18410,4152556
18411,3670976
18412,3817152
18413,2353627
18414,2145729
18415,2656603
18416,2171069
18417,8016331
18418,2627568
18419,3962558
18420,3728192
18421,2940601
18422,2353638
18423,2679153
18424,1415202
18425,2485768
18426,2389823
18427,2204159
18428,2674328
18429,2801091
18430,2364063
18431,1963381
18432,2874189
18433,2897721
18434,2437065
18435,2007664
18436,2048429
18437,1849708
18438,1903757
18439,4021968
18440,7809772
18441,3884648
18442,3245538
18443,2554180
18444,3657925
18445,3533419
18446,5934839
18447,2421897
18448,4734509
18449,3980839
18450,3853279
18451,2354539
18452,2436253
18453,7369153
18454,2449769
18455,3689091
18456,2666474
18457,3476545
18458,4110625
18459,4478083
18460,3521036
18461,2524905
18462,2056245
18463,2401134
18464,2094740
18465,2395076
18466,1948959
18467,2321147
18468,3700614
18469,2588884
18470,2462344
18471,2421317
18472,3631107
18473,1940417
18474,5016242
18475,3737952
18476,3861559
18477,1684725
18478,2381141
18479,2244663
18480,2775488
18481,2282772
18482,2955575
18483,2615655
18484,2647999
18485,2625274
18486,2837064
18487,2673538
18488,1577484
18489,2546026
18490,2881770
18491,2446371
18492,2494052
18493,11789040
18494,1647241
18495,2008486
18496,2102099
18497,1809222
18498,1380699
18499,2329222
18500,2085878
18501,2105451
18502,1844472
18503,2238692
18504,2584967
18505,2213918
18506,4551105
18507,2368007
18508,3803067
18509,1341383
18510,3885585
18511,1934168
18512,2109341
18513,2050437
18514,1797560
18515,1862485
18516,1771658
18517,1982606
18518,1799636
18519,3152093
18520,2288385
18521,1552745
18522,3079882
18523,3194751
18524,2716997
18525,1813111
18526,2711557
18527,4072293
18528,3452306
18529,2571075
18530,1267035
18531,2234318
18532,2191458
18533,2144708
18534,1438297
18535,1604141
18536,2498165
18537,2535290
18538,1761277
18539,2134174
18540,3008801
18541,1463065
18542,3488185
18543,1685322
18544,2646082
18545,2393226
18546,3945684
18547,2745812
18548,5282077
18549,2189149
18550,1416700
18551,4527361
18552,2893204
18553,2763174
18554,2374251
18555,2318234
18556,2246928
18557,2410262
18558,2297822
18559,2857049
18560,3889040
18561,4270277
18562,3130454
18563,3847848
18564,3707107
18565,6168479
18566,2973028
18567,2788380
18568,5360876
18569,2749403
18570,4313575
18571,2482476
18572,2742277
18573,1406251
18574,2633838
18575,3940573
18576,3966027
18577,4220044
18578,3765015
18579,2748884
18580,2637216
18581,2667926
18582,2677434
18583,3172022
18584,2704353
18585,4603648
18586,2560903
18587,2207891
18588,2204995
18589,2267224
18590,3693009
18591,2250680
18592,2575696
18593,2617474
18594,1555836
18595,3152308
18596,2533300
18597,1789469
18598,2036737
18599,2884694
18600,6471924
18601,2942452
18602,4149185
18603,2615794
18604,2514317
18605,1645758
18606,2441752
18607,1828219
18608,2131847
18609,4265205
18610,2343448
18611,2460154
18612,2332131
18613,2288994
18614,2041863
18615,1809844
18616,1739351
18617,2261913
18618,2508062
18619,2505686
18620,2381244
18621,2486163
18622,2362193
18623,2394094
18624,3621593
18625,2525448
18626,1231488
18627,2696121
18628,4327475
18629,2348172
18630,4372394
18631,4066113
18632,2964392
18633,2787407
18634,2478190
18635,2451887
18636,2400726
18637,1799664
18638,2609260
18639,2935393
18640,2640688
18641,2525839
18642,2362022
18643,2946274
18644,2190795
18645,2130900
18646,1991712
18647,3924693
18648,4418972
18649,2674985
18650,2260841
18651,2188206
18652,5392122
18653,7395834
18654,2250902
18655,3122513
18656,1829421
18657,16275971
18658,1363643
18659,2795543
18660,2640257
18661,2104305
18662,2060840
18663,2430128
18664,2043495
18665,2984588
18666,2571385
18667,3806368
18668,2454870
18669,4121250
18670,2651626
18671,2764435
18672,3814582
18673,2553627
18674,3675142
18675,2855598
18676,3202376
18677,2513403
18678,2832318
18679,1372191
18680,2667414
18681,2560682
18682,2541799
18683,2510619
18684,2207804
18685,2138067
18686,2089832
18687,1924955
18688,1817172
18689,6463546
18690,1961780
18691,1837068
18692,1939160
18693,4060969
18694,2340983
18695,1840240
18696,2606113
18697,1972899
18698,2193282
18699,2076713
18700,2652240
18701,4770186
18702,2354450
18703,2496757
18704,2372829
18705,2312180
18706,2135552
18707,2132210
18708,2952529
18709,3031716
18710,2169377
18711,1267749
18712,2669239
18713,1873113
18714,2178337
18715,2310812
18716,1842633
18717,3191835
18718,2088736
18719,3259601
18720,3620041
18721,3128793
18722,5417629
18723,2455295
18724,2428159
18725,2284902
18726,2388308
18727,2530431
18728,2082017
18729,4196926
18730,3413758
18731,2229854
18732,1921245
18733,3783260
18734,2079497
18735,1977963
18736,1818235
18737,2309688
18738,2097556
18739,2563665
18740,2748350
18741,2562604
18742,2447175
18743,1380718
18744,2655041
18745,2933761
18746,3747623
18747,1801145
18748,2126621
18749,1925701
18750,2565293
18751,3259957
18752,1949692
18753,1333248
18754,1266752
18755,2219062
18756,2318748
18757,5251628
18758,3255806
18759,3815128
18760,2346448
18761,1930809
18762,2634027
18763,3266066
18764,2637675
18765,2851862
18766,3487455
18767,5295715
18768,2037449
18769,1397884
18770,2547150
18771,3835690
18772,2830159
18773,2184120
18774,2139426
18775,1595832
18776,2764538
18777,2223980
18778,2460980
18779,2662046
18780,2483048
18781,2338813
18782,2070969
18783,2158594
18784,2088280
18785,2262888
18786,5433124
18787,9871930
18788,1920536
18789,2676890
18790,2250063
18791,10583302
18792,2294629
18793,3643963
18794,3143086
18795,1702769
18796,3454990
18797,3571278
18798,3390926
18799,2576835
18800,2235328
18801,3262432
18802,3654894
18803,3303074
18804,3314914
18805,2190990
18806,1946866
18807,1554115
18808,3598971
18809,2745537
18810,3980886
18811,3812252
18812,2538127
18813,3865525
18814,3091047
18815,2227252
18816,1811187
18817,3230286
18818,2245055
18819,2741582
18820,4549919
18821,4051863
18822,3571607
18823,2492461
18824,2362789
18825,2449721
18826,2086015
18827,2511887
18828,2653995
18829,4269030
18830,3637661
18831,1977915
18832,2232853
18833,1169656
18834,2801799
18835,2297508
18836,2145229
18837,3661857
18838,3687080
18839,1994994
18840,3359056
18841,2249600
18842,3609710
18843,2531262
18844,3315071
18845,1885683
18846,3232866
18847,3761245
18848,2423108
18849,6534110
18850,2886368
18851,2603154
18852,1801634
18853,3671275
18854,3232186
18855,1970886
18856,3195110
18857,3395055
18858,3670592
18859,2196836
18860,3345184
18861,2218085
18862,2777950
18863,2653956
18864,2379479
18865,2303890
18866,2287756
18867,3016852
18868,3497047
18869,2404411
18870,2361373
18871,1431379
18872,3515160
18873,3291850
18874,3352194
18875,1905994
18876,2045615
18877,2019228
18878,2484900
18879,2638954
18880,4160155
18881,2060911
18882,1937205
18883,1819655
18884,2672160
18885,2261775
18886,2357952
18887,2351407
18888,4366785
18889,2831187
18890,2634793
18891,2090241
18892,1246282
18893,2131513
18894,2663208
18895,2457712
18896,2512110
18897,2985605
18898,3055180
18899,2606233
18900,2611938
18901,2839922
18902,2104881
18903,1488657
18904,2181855
18905,2464308
18906,2982997
18907,2022920
18908,2734718
18909,2437805
18910,2492989
18911,3532449
18912,2343353
18913,1165845
18914,2673930
18915,2448901
18916,3813187
18917,2239924
18918,3460848
18919,2273315
18920,2596607
18921,3322187
18922,3556137
18923,2572529
18924,2214703
18925,2627539
18926,2592286
18927,2335753
18928,2194547
18929,2203770
18930,3596414
18931,2776810
18932,10621265
18933,3557347
18934,3337324
18935,1378982
18936,4169764
18937,2346359
18938,2185680
18939,2512866
18940,4225675
18941,4269215
18942,2912662
18943,2508734
18944,2657718
18945,2598166
18946,2156031
18947,1729538
18948,1952630
18949,2415469
18950,2219577
18951,2961400
18952,5409548
18953,1893095
18954,2056954
18955,1331213
18956,1849518
18957,2624901
18958,3212436
18959,3274871
18960,6367655
18961,2577440
18962,2697106
18963,2188557
18964,2310351
18965,2647766
18966,2289317
18967,1272435
18968,2560411
18969,1683176
18970,2174761
18971,2637562
18972,2946789
18973,2651750
18974,1760776
18975,1968360
18976,1596837
18977,1784101
18978,4945755
18979,4352819
18980,3736668
18981,3530531
18982,1502197
18983,1934335
18984,2596837
18985,2442545
18986,2075916
18987,2422876
18988,1373458
18989,2409513
18990,2257256
18991,2022708
18992,2381043
18993,11113332
18994,2137815
18995,5215625
18996,2804320
18997,2717811
18998,2679872
18999,3170500
19000,4097242
19001,3475353
19002,1536776
19003,2356966
19004,2541561
19005,2346634
19006,2155563
19007,1962592
19008,2681362
19009,2873239
19010,2361440
19011,3064348
19012,4651343
19013,3138115
19014,2802002
19015,3703308
19016,2911326
19017,2034614
19018,2435226
19019,2858370
19020,1434285
19021,2654779
19022,1652224
19023,2443747
19024,3336107
19025,2364969
19026,1540142
19027,2531794
19028,2244424
19029,2652833
19030,2166491
19031,1960995
19032,3925887
19033,2538557
19034,2459445
19035,2529175
19036,12020432
19037,4380391
19038,3480319
19039,2461168
19040,1934143
19041,1736966
19042,2991054
19043,2230414
19044,2040187
19045,2400062
19046,1842461
19047,1887651
19048,1963730
19049,1874098
19050,1909066
19051,1828300
19052,1510148
19053,2167928
19054,1644984
19055,1741304
19056,1636870
19057,1753211
19058,2805533
19059,2361863
19060,2699288
19061,2950471
19062,1884034
19063,2536645
19064,2916877
19065,2794415
19066,2393411
19067,2579893
19068,2567805
19069,4080937
19070,3071873
19071,2671188
19072,1588195
19073,2786031
19074,2986053
19075,2664257
19076,2548473
19077,2388985
19078,2569162
19079,2726281
19080,2789147
19081,2672535
19082,2157679
19083,2211431
19084,1298405
19085,2559070
19086,4865325
19087,2157477
19088,2566194
19089,2062316
19090,2098570
19091,1703429
19092,2220325
19093,1864275
19094,1651718
19095,2047770
19096,3809995
19097,2861540
19098,2485545
19099,2237703
19100,2550233
19101,10832754
19102,2692864
19103,2290560
19104,2684728
19105,3386290
19106,3995334
19107,7653723
19108,3813397
19109,2755169
19110,2161480
19111,6649791
19112,3813069
19113,4205722
19114,3485043
19115,1528036
19116,1903928
19117,2242691
19118,1699807
19119,2223831
19120,2369483
19121,4226014
19122,3466698
19123,2636247
19124,2216020
19125,2009666
19126,2178754
19127,3520444
19128,3652529
19129,2695876
19130,5520541
19131,3911851
19132,5698945
19133,19320192
19134,3465564
19135,2612072
19136,2485195
19137,2218886
19138,1775937
19139,2548416
19140,6723303
19141,1940969
19142,2626972
19143,2441252
19144,8698976
19145,2889972
19146,2665885
19147,2410571
19148,1879933
19149,1485455
19150,3543534
19151,2328624
19152,2531535
19153,2989457
19154,2243055
19155,2442595
19156,2431679
19157,1380614
19158,2634618
19159,1805028
19160,3970721
19161,1942196
19162,1936481
19163,2353996
19164,2579668
19165,4506018
19166,2436334
19167,1981039
19168,3290045
19169,3466477
19170,2049633
19171,1735578
19172,3789531
19173,2111666
19174,2525923
19175,2316320
19176,4926828
19177,3143509
19178,1308088
19179,2810777
19180,2796380
19181,2678236
19182,5141314
19183,2650995
19184,4060276
19185,2690637
19186,2198399
19187,5267818
19188,2356530
19189,2397220
19190,3618039
19191,1407957
19192,2109636
19193,2829927
19194,2069590
19195,1822014
19196,1838037
19197,2034770
19198,1988807
19199,1985420
19200,2558370
19201,2305245
19202,2916707
19203,2301834
19204,2280204
19205,2174549
19206,2345575
19207,2167399
19208,2269796
19209,2568406
19210,1821863
19211,2157366
19212,1335415
19213,2221068
19214,2471496
19215,2202351
19216,2201740
19217,2298692
19218,2408413
19219,2861263
19220,2197512
19221,3188143
19222,1705728
19223,1450663
19224,1775039
19225,1808862
19226,2236636
19227,1727737
19228,1808256
19229,1965775
19230,1973242
19231,1168843
19232,4204625
19233,4517123
19234,3018628
19235,2412198
19236,2227556
19237,2152901
19238,2429719
19239,2406702
19240,6459168
19241,5110726
19242,2181603
19243,2748455
19244,2311628
19245,3584495
19246,3612703
19247,2547571
19248,2493013
19249,3944225
19250,2105625
19251,2737374
19252,2427030
19253,14361709
19254,3877488
19255,2259999
19256,2155526
19257,2493763
19258,4462258
19259,1855146
19260,2681625
19261,2690700
19262,2413413
19263,2533830
19264,2755515
19265,1744172
19266,3291684
19267,2406024
19268,2863101
19269,2477723
19270,2260981
19271,2014785
19272,1822232
19273,1735238
19274,2245102
19275,3662248
19276,2201956
19277,4383756
19278,3688200
19279,2030627
19280,1546572
19281,1727740
19282,2749181
19283,2350821
19284,1945565
19285,2681111
19286,2307884
19287,1894083
19288,2447446
19289,1383135
19290,1795749
19291,1297024
19292,3998213
19293,3360212
19294,2861776
19295,4372625
19296,3773176
19297,2338051
19298,3127776
19299,1392639
19300,4232933
19301,4329204
19302,3462284
19303,3455058
19304,3492392
19305,2579616
19306,3891506
19307,3971049
19308,1406114
19309,2633837
19310,2638432
19311,2583722
19312,2348833
19313,2259534
19314,1699517
19315,1968507
19316,2246175
19317,2164375
19318,1901387
19319,1412639
19320,2888556
19321,3144388
19322,2542175
19323,2312795
19324,2133959
19325,2166946
19326,2096629
19327,2009067
19328,2662822
19329,1386738
19330,2225876
19331,2444985
19332,2429015
19333,2142486
19334,4361870
19335,2290876
19336,2034948
19337,2029359
19338,1263247
19339,2231440
19340,1211339
19341,2640365
19342,2630574
19343,2934949
19344,2554097
19345,3793302
19346,2262897
19347,2137211
19348,2447696
19349,2931616
19350,2444234
19351,1912468
19352,2672226
19353,3941501
19354,2140846
19355,5601350
19356,1869128
19357,3280200
19358,3852621
19359,1593577
19360,2371406
19361,1503595
19362,2412320
19363,2350982
19364,2138856
19365,2270112
19366,3758457
19367,2260435
19368,2421852
19369,2743649
19370,2288551
19371,2786330
19372,4623663
19373,1413198
19374,8136713
19375,2746868
19376,2435153
19377,2358042
19378,2758446
19379,3563726
19380,3389964
19381,2294357
19382,2784515
19383,3355521
19384,2567049
19385,2351633
19386,2293239
19387,1678957
19388,3910804
19389,2415532
19390,1573574
19391,2574480
19392,3828706
19393,6791872
19394,1765665
19395,2648495
19396,2172243
19397,2512442
19398,1297554
19399,2528255
19400,3317137
19401,2707202
19402,3419334
19403,2366687
19404,2206392
19405,1680959
19406,2330190
19407,2434937
19408,2415217
19409,13156794
19410,1946909
19411,2228715
19412,2261035
19413,2368734
19414,1794532
19415,2199624
19416,3208192
19417,2470269
19418,2333147
19419,2053359
19420,2638381
19421,2341274
19422,3017269
19423,2610282
19424,2560900
19425,2511284
19426,1912028
19427,2329113
19428,2482875
19429,2851504
19430,1404529
19431,2943974
19432,2189169
19433,3617899
19434,4926395
19435,4112999
19436,3564358
19437,2666286
19438,2489268
19439,4051749
19440,3757378
19441,2932145
19442,2633710
19443,2726534
19444,3952442
19445,3525186
19446,3536166
19447,3769683
19448,3641126
19449,3519411
19450,3865472
19451,3093582
19452,2677101
19453,3809580
19454,3457774
19455,4163938
19456,4002778
19457,2967414
19458,1564838
19459,2435113
19460,4240091
19461,2853727
19462,4026128
19463,2755188
19464,3828678
19465,3636209
19466,3891935
19467,3868843
19468,4300561
19469,1785282
19470,3510554
19471,4864309
19472,2565660
19473,5099032
19474,2836629
19475,2313691
19476,2954612
19477,2956370
19478,4019431
19479,4025962
19480,1480823
19481,1567528
19482,2771034
19483,1761208
19484,2852445
19485,1414710
19486,1422819
19487,1502278
19488,4338591
19489,1300908
19490,1464418
19491,1305566
19492,1264109
19493,1258706
19494,1300598
19495,1451681
19496,1343499
19497,1502182
19498,1411959
19499,1466310
19500,2669606
19501,1510427
19502,3032232
19503,2737795
19504,2658060
19505,2735843
19506,4529079
19507,2868904
19508,2989178
19509,1602960
19510,6082248
19511,2050680
19512,2309756
19513,2686710
19514,1467617
19515,3182156
19516,4263230
19517,1940165
19518,1446138
19519,1477193
19520,2802669
19521,2383821
19522,8458101
19523,2690564
19524,2624326
19525,2589741
19526,1292636
19527,2681061
19528,3040735
19529,1450032
19530,1414309
19531,2643778
19532,2640980
19533,1684433
19534,1340970
19535,2541808
19536,2580000
19537,1667583
19538,2475954
19539,2565469
19540,1313906
19541,1459868
19542,1457007
19543,1359124
19544,1562195
19545,1442883
19546,1627033
19547,1330347
19548,5748564
19549,2094022
19550,4071427
19551,2796627
19552,2634309
19553,3077846
19554,2501141
19555,1826708
19556,2575906
19557,2620496
19558,1449438
19559,2616334
19560,4333927
19561,2004141
19562,2714552
19563,2794047
19564,1556640
19565,2794904
19566,2156071
19567,2374350
19568,2936453
19569,9214648
19570,2116803
19571,1971251
19572,1433818
19573,2707462
19574,2614155
19575,2756311
19576,2267478
19577,2351449
19578,2685504
19579,1679523
19580,1808846
19581,3515301
19582,3790734
19583,1711228
19584,4421221
19585,4103087
19586,2612230
19587,3764222
19588,2790233
19589,1709725
19590,5712479
19591,2480289
19592,3175941
19593,2834312
19594,2646956
19595,2647032
19596,2596978
19597,2422545
19598,1867439
19599,3321936
19600,2670012
19601,2340132
19602,6139145
19603,8578559
19604,1905763
19605,2749643
19606,3186998
19607,2609642
19608,1984839
19609,2657061
19610,4438477
19611,5253447
19612,4516118
19613,6065633
19614,2372135
19615,4266220
19616,3954245
19617,2067476
19618,2758879
19619,2707628
19620,3025957
19621,2764202
19622,2673376
19623,2556337
19624,8715606
19625,2471593
19626,1961783
19627,1574626
19628,1631012
19629,2803192
19630,8478434
19631,2161351
19632,4701185
19633,2632240
19634,2755778
19635,4022340
19636,2861863
19637,2342360
19638,2669533
19639,1435648
19640,1411499
19641,1953808
19642,2232217
19643,1380546
19644,3442049
19645,6207469
19646,1776219
19647,2876535
19648,1955315
19649,1877596
19650,2014025
19651,1942980
19652,1818700
19653,5461783
19654,2089378
19655,2202205
19656,3386323
19657,1972743
19658,1950311
19659,4386477
19660,1808174
19661,2710009
19662,3401968
19663,3249358
19664,3158816
19665,9785552
19666,3913142
19667,2888168
19668,2513035
19669,2890412
19670,4964302
19671,2657007
19672,5491706
19673,4420090
19674,5257350
19675,3553420
19676,3392763
19677,3997231
19678,4037739
19679,4576288
19680,9199657
19681,1658353
19682,2709673
19683,5997146
19684,1957728
19685,4152934
19686,3980500
19687,3426388
19688,1926741
19689,11932016
19690,7806272
19691,1455364
19692,4257427
19693,2542073
19694,2100706
19695,1645134
19696,2830518
19697,1534156
19698,2568715
19699,2746450
19700,2100070
19701,1799085
19702,1359799
19703,2693994
19704,2460153
19705,2533423
19706,2515190
19707,2636817
19708,2502669
19709,1826758
19710,2544073
19711,2462405
19712,2535020
19713,2667242
19714,1565464
19715,1345107
19716,3303452
19717,2781092
19718,1473954
19719,1659484
19720,1619803
19721,3036590
19722,2691453
19723,2641901
19724,8206406
19725,2600033
19726,2427623
19727,2469719
19728,2630959
19729,14570906
19730,3057438
19731,2616612
19732,2601309
19733,2513610
19734,2627781
19735,3294612
19736,2312392
19737,1986188
19738,2644906
19739,2529722
19740,1401057
19741,3036831
19742,2430903
19743,1680303
19744,3209102
19745,3161540
19746,2586654
19747,2731648
19748,2508112
19749,1453179
19750,2667301
19751,2606221
19752,1411787
19753,2539841
19754,2716160
19755,2560618
19756,3613003
19757,2722651
19758,2356805
19759,2681610
19760,1383083
19761,1835962
19762,1693903
19763,1488735
19764,1460219
19765,2692551
19766,1373344
19767,2500030
19768,3597569
19769,2954208
19770,2640165
19771,2593537
19772,2524091
19773,2821797
19774,1692603
19775,2634628
19776,1400553
19777,1957098
19778,2763115
19779,4233332
19780,2921758
19781,2725458
19782,2657058
19783,5319232
19784,2265478
19785,3955144
19786,2741413
19787,4977035
19788,2464363
19789,2315870
19790,2554495
19791,3092275
19792,2671185
19793,2477993
19794,2615759
19795,1915662
19796,4410379
19797,3197729
19798,5685885
19799,4054113
19800,4139010
19801,3010286
19802,3548025
19803,2489403
19804,3334439
19805,2378088
19806,3309500
19807,1255057
19808,1288338
19809,1769009
19810,3599723
19811,3717072
19812,3899880
19813,2587201
19814,3606803
19815,1655386
19816,1919147
19817,2506208
19818,3466162
19819,1725865
19820,4105329
19821,1840078
19822,1413606
19823,1510813
19824,2458938
19825,2435247
19826,1216208
19827,1349766
19828,1541084
19829,1296388
19830,1338135
19831,1573571
19832,2497353
19833,12145782
19834,1296733
19835,2454431
19836,3047721
19837,2021815
19838,2665573
19839,2325452
19840,2394512
19841,3691674
19842,4643102
19843,2519342
19844,3347314
19845,2649087
19846,2475770
19847,2499024
19848,2459141
19849,2661176
19850,2047627
19851,1267463
19852,2592735
19853,1567490
19854,3710576
19855,1600627
19856,1784468
19857,1808069
19858,3613142
19859,2287632
19860,2474893
19861,4045762
19862,1852483
19863,1668087
19864,2595110
19865,1558369
19866,3820318
19867,2164990
19868,1758659
19869,3106368
19870,3956003
19871,2585831
19872,2527018
19873,4069062
19874,3726281
19875,3911051
19876,3692501
19877,1627930
19878,5424598
19879,2460956
19880,2861262
19881,4368872
19882,2422454
19883,1915206
19884,3534124
19885,2264463
19886,3368075
19887,1958132
19888,2342970
19889,2545277
19890,3628660
19891,2316098
19892,2410719
19893,2335605
19894,4238785
19895,2471309
19896,2000235
19897,2377615
19898,3628586
19899,6085663
19900,3693120
19901,4300848
19902,3752153
19903,2233400
19904,1636171
19905,2021757
19906,1757105
19907,2223732
19908,2133626
19909,1599935
19910,3249082
19911,2484311
19912,2364613
19913,1870102
19914,2010053
19915,2138817
19916,2430606
19917,4351599
19918,3974000
19919,3153745
19920,2350208
19921,3156691
19922,3880449
19923,3462461
19924,3361485
19925,3129380
19926,2478009
19927,2834545
19928,3104944
19929,2006680
19930,4295881
19931,2753244
19932,2403526
19933,2415837
19934,2352532
19935,3826681
19936,1793428
19937,3168731
19938,3759619
19939,3011289
19940,2537601
19941,4899644
19942,2230844
19943,2695404
19944,1363512
19945,3686874
19946,2821902
19947,2802616
19948,4109264
19949,4664564
19950,2493726
19951,3617227
19952,3321532
19953,2211679
19954,2302701
19955,2399153
19956,4177246
19957,1245638
19958,4168137
19959,4036364
19960,4012568
19961,2669767
19962,5133773
19963,2444466
19964,5243195
19965,1644741
19966,2452737
19967,3397758
19968,3583873
19969,2975753
19970,4563863
19971,2777530
19972,2897389
19973,3002717
19974,4023126
19975,2066472
19976,1376530
19977,1340627
19978,3417516
19979,5747162
19980,2302453
19981,2718176
19982,2221268
19983,2912365
19984,2299308
19985,2139423
19986,3873932
19987,2458621
19988,2695164
19989,1750738
19990,2354243
19991,3334149
19992,2938017
19993,4344361
19994,2320919
19995,2636889
19996,1953783
19997,1503261
19998,2283309
19999,8241984
20000,1284148
20001,1417094
20002,2165707
20003,2247994
20004,3154790
20005,1692537
20006,3450671
20007,2926082
20008,1767459
20009,1299680
20010,1690419
20011,1768869
20012,2281488
20013,2389644
20014,2615310
20015,2496945
20016,3865540
20017,2727200
20018,3238072
20019,4653552
20020,3666794
20021,2295611
20022,2670616
20023,1989768
20024,2822717
20025,2572510
20026,1925892
20027,1891322
20028,2367168
20029,2061004
20030,2978574
20031,1543598
20032,3392362
20033,2534139
20034,1369839
20035,1317678
20036,2137984
20037,2014290
20038,4689089
20039,2634624
20040,2707944
20041,4281883
20042,1382320
20043,1691753
20044,1367946
20045,1522083
20046,2643447
20047,1327952
20048,4120902
20049,4189112
20050,3212100
20051,2356978
20052,3252828
20053,3700252
20054,3565596
20055,2328288
20056,3737015
20057,10021780
20058,2941635
20059,2681065
20060,3739747
20061,3492506
20062,3421929
20063,3039149
20064,3822619
20065,3525921
20066,3849225
20067,2767178
20068,2273523
20069,2270363
20070,6884493
20071,3941224
20072,4096518
20073,3449952
20074,2777698
20075,6080786
20076,3973504
20077,6570619
20078,3915426
20079,4432947
20080,3170980
20081,2860050
20082,2572348
20083,2475701
20084,2423104
20085,2627185
20086,4496480
20087,4824276
20088,2776307
20089,2844839
20090,2659615
20091,4033715
20092,3716998
20093,1750502
20094,2811789
20095,2249815
20096,2458520
20097,1816767
20098,2529165
20099,4271396
20100,3749390
20101,2750008
20102,2581848
20103,1920084
20104,2592460
20105,2701182
20106,1341034
20107,4560358
20108,3805877
20109,2784341
20110,2479286
20111,5679994
20112,2537717
20113,2753714
20114,2111205
20115,2908573
20116,2282990
20117,2461546
20118,2663299
20119,1304533
20120,2468152
20121,2502868
20122,2285382
20123,2800680
20124,3430734
20125,7633868
20126,5878074
20127,2003618
20128,4686572
20129,2475873
20130,1883049
20131,2623153
20132,2784567
20133,2517047
20134,3524623
20135,2368666
20136,2674104
20137,2300418
20138,1255007
20139,2921081
20140,3121001
20141,2562752
20142,5132383
20143,2780994
20144,2608176
20145,15405173
20146,2556576
20147,2254514
20148,2776573
20149,4111723
20150,3472839
20151,3272708
20152,3538751
20153,2191393
20154,2503054
20155,2533113
20156,3877754
20157,3092871
20158,3676184
20159,1370101
20160,1311462
20161,2262606
20162,2405911
20163,2311871
20164,2362561
20165,4099109
20166,2425136
20167,4442106
20168,1456053
20169,2494188
20170,3928749
20171,2776455
20172,3721128
20173,3484957
20174,4258818
20175,2543745
20176,3256697
20177,2007494
20178,1615898
20179,2979783
20180,2759064
20181,4013000
20182,3529938
20183,4084979
20184,6661404
20185,2435442
20186,18053047
20187,3026594
20188,1412596
20189,2476576
20190,2583247
20191,1341000
20192,4240410
20193,4434653
20194,3549182
20195,2562841
20196,3648024
20197,2272209
20198,3297551
20199,1735149
20200,3799040
20201,2412682
20202,2492489
20203,3384899
20204,2398084
20205,1362093
20206,1184635
20207,18940747
20208,1735890
20209,2536514
20210,2424497
20211,2127505
20212,3528393
20213,2689771
20214,5329080
20215,3883226
20216,1544665
20217,9581997
20218,1705597
20219,2237748
20220,2802555
20221,4003469
20222,3764983
20223,2361996
20224,4658871
20225,3883339
20226,3141831
20227,2160252
20228,13041700
20229,1702380
20230,3156907
20231,3705539
20232,3536670
20233,2070786
20234,1929301
20235,2667092
20236,2097603
20237,1608118
20238,1807771
20239,2262745
20240,1609642
20241,4197491
20242,2165190
20243,1592410
20244,1397376
20245,2563599
20246,2367443
20247,2451429
20248,1212152
20249,1798119
20250,1365266
20251,1278503
20252,1253639
20253,4326595
20254,2323227
20255,2161613
20256,2717821
20257,2973040
20258,2819992
20259,3508518
20260,3414631
20261,1963668
20262,4328340
20263,2432985
20264,2443592
20265,3421464
20266,2431796
20267,1864438
20268,1926554
20269,2331647
20270,2555159
20271,2738697
20272,2716472
20273,1588362
20274,2328976
20275,2646086
20276,4217925
20277,2575942
20278,2542571
20279,3912855
20280,4300220
20281,2638470
20282,2440959
20283,3815182
20284,5402577
20285,1732998
20286,3993180
20287,1196401
20288,2160306
20289,2583361
20290,3673820
20291,1584944
20292,2623351
20293,3382220
20294,3690956
20295,2480191
20296,2346854
20297,2345463
20298,1654463
20299,2526108
20300,2773328
20301,2524543
20302,4204899
20303,1669098
20304,2514246
20305,3231186
20306,1323741
20307,2003430
20308,2346219
20309,10997646
20310,2488603
20311,1246542
20312,2578184
20313,2756629
20314,2440042
20315,2303500
20316,1970339
20317,2386057
20318,6907711
20319,1393218
20320,2300640
20321,4177522
20322,2343879
20323,2311690
20324,2134520
20325,2832348
20326,2280695
20327,2345722
20328,2444649
20329,3912037
20330,5948934
20331,3205315
20332,2034353
20333,2042714
20334,3640610
20335,2297721
20336,2130874
20337,13598425
20338,2502843
20339,2540022
20340,2110541
20341,2610859
20342,2421725
20343,1214981
20344,1312716
20345,1535067
20346,1999250
20347,1470703
20348,1291090
20349,2475476
20350,2246446
20351,1739522
20352,2594305
20353,7677723
20354,2560719
20355,2352235
20356,1895044
20357,4016194
20358,2346007
20359,2309522
20360,2272663
20361,2629827
20362,2422819
20363,2304001
20364,3126838
20365,5531926
20366,1030914
20367,3314918
20368,2187903
20369,4242426
20370,1365437
20371,2092532
20372,4092514
20373,2802455
20374,4259182
20375,3451179
20376,3326439
20377,2290544
20378,2518076
20379,1488701
20380,2608263
20381,2631413
20382,2158426
20383,2129702
20384,2362006
20385,2679940
20386,1876715
20387,2059660
20388,2166506
20389,2077116
20390,2058576
20391,2186470
20392,2107389
20393,2070860
20394,3163122
20395,2383101
20396,3869728
20397,3429245
20398,3250373
20399,1101293
20400,3786642
20401,14838950
20402,2262568
20403,2567078
20404,2434619
20405,4308082
20406,2137042
20407,2526094
20408,3661691
20409,3836873
20410,3575549
20411,2211999
20412,2167600
20413,2631623
20414,2012957
20415,3671846
20416,2338318
20417,1838089
20418,2467006
20419,2578229
20420,2243232
20421,4383602
20422,2288710
20423,2744209
20424,2653486
20425,4019303
20426,2195709
20427,3631838
20428,3236682
20429,2433142
20430,2275963
20431,2024259
20432,4335473
20433,3760929
20434,3688025
20435,2559119
20436,3726795
20437,1456349
20438,4121101
20439,4011927
20440,3591013
20441,3270235
20442,2394706
20443,1888520
20444,2589220
20445,2522118
20446,2341732
20447,2205072
20448,2383690
20449,1394130
20450,1706750
20451,1487113
20452,1704064
20453,1628809
20454,4294542
20455,1696211
20456,3961232
20457,3329422
20458,2337971
20459,2558204
20460,1511156
20461,1590912
20462,3570873
20463,2024007
20464,1785234
20465,1810564
20466,1606085
20467,1792059
20468,2395479
20469,1351655
20470,1593352
20471,2117653
20472,2442005
20473,2177543
20474,2377791
20475,2584412
20476,3716589
20477,2720520
20478,2988896
20479,1753858
20480,4016843
20481,2202817
20482,3679245
20483,2515946
20484,2778756
20485,2599240
20486,3085329
20487,1970614
20488,3348718
20489,1783856
20490,1756432
20491,1676119
20492,1415279
20493,4618045
20494,2593176
20495,1658142
20496,1668229
20497,2538442
20498,2072664
20499,2112020
20500,1226178
20501,4829875
20502,3796904
20503,2305429
20504,2170585
20505,2629772
20506,3573906
20507,2135795
20508,2219316
20509,2568884
20510,2432419
20511,1323641
20512,2778793
20513,2806783
20514,4173948
20515,2417781
20516,3753095
20517,3223298
20518,3831288
20519,2521281
20520,3965105
20521,3706980
20522,3593747
20523,1572134
20524,2537208
20525,2245147
20526,2270809
20527,2337061
20528,2330968
20529,2862118
20530,2104048
20531,2132472
20532,3578359
20533,1140669
20534,1309164
20535,2539438
20536,2364474
20537,10412803
20538,2249303
20539,1815582
20540,2283875
20541,3541780
20542,4028711
20543,1855194
20544,3727328
20545,3043315
20546,3391842
20547,3096129
20548,1871047
20549,1644344
20550,1888448
20551,2151195
20552,1668729
20553,1899562
20554,2074776
20555,1889913
20556,2041133
20557,2179405
20558,2064670
20559,3411926
20560,3699834
20561,2201633
20562,2633203
20563,1131172
20564,3531540
20565,1628873
20566,2452887
20567,5806588
20568,2370403
20569,2389434
20570,1968252
20571,2640517
20572,1495018
20573,3522700
20574,3764125
20575,2979309
20576,5985652
20577,3164083
20578,1895622
20579,5198925
20580,20624009
20581,3888365
20582,3416108
20583,2497756
20584,3079641
20585,2589399
20586,2621921
20587,2783117
20588,3443703
20589,2577998
20590,2515119
20591,2504561
20592,2604877
20593,2497228
20594,2476418
20595,1933550
20596,1958409
20597,1373378
20598,2136401
20599,2931087
20600,2342962
20601,2501265
20602,2985242
20603,2054098
20604,2414315
20605,1728145
20606,1869156
20607,1855812
20608,4197640
20609,3675808
20610,3384471
20611,2252329
20612,2415986
20613,2343251
20614,2385591
20615,3852592
20616,2002205
20617,2101304
20618,2749618
20619,2307921
20620,2431157
20621,2699686
20622,2161632
20623,2535769
20624,2810351
20625,6116314
20626,2282708
20627,3551576
20628,3948095
20629,3610221
20630,3284437
20631,2654322
20632,2655134
20633,2161831
20634,2581955
20635,2131158
20636,2294267
20637,3610584
20638,3718725
20639,3302239
20640,5099526
20641,2331352
20642,2088087
20643,3848909
20644,3600447
20645,2733164
20646,2555612
20647,2548115
20648,2337080
20649,3825645
20650,1133895
20651,2275248
20652,3818069
20653,2037269
20654,1867425
20655,2822317
20656,2083501
20657,2377892
20658,2238326
20659,2754560
20660,1119392
20661,2825122
20662,3320632
20663,2443328
20664,1774918
20665,2020592
20666,2206240
20667,3142499
20668,3835909
20669,3932604
20670,5180981
20671,4288866
20672,2385743
20673,2575975
20674,3102476
20675,2038042
20676,1998034
20677,1621248
20678,1834646
20679,1712909
20680,3987370
20681,5572850
20682,1847199
20683,4112278
20684,1198515
20685,2686889
20686,5551018
20687,3514677
20688,3375427
20689,2039652
20690,3784304
20691,1903679
20692,1727307
20693,2547818
20694,3772292
20695,3292730
20696,3360925
20697,3270238
20698,3344083
20699,8150952
20700,2277706
20701,1252663
20702,3304642
20703,2419000
20704,3532003
20705,2095480
20706,2799560
20707,2119579
20708,2232705
20709,2599037
20710,2457418
20711,3077023
20712,2262637
20713,1578405
20714,2305220
20715,2472037
20716,2138431
20717,1711203
20718,1721718
20719,1868530
20720,2662699
20721,2652869
20722,2469779
20723,2682596
20724,2501088
20725,2556235
20726,2548884
20727,7359851
20728,2295891
20729,3137507
20730,2361290
20731,4144757
20732,3677821
20733,2245584
20734,3919833
20735,2097325
20736,2097198
20737,1798608
20738,1907809
20739,2031331
20740,2258844
20741,2162209
20742,1913563
20743,2868436
20744,2396830
20745,13252415
20746,2753714
20747,2391567
20748,2130698
20749,2476636
20750,3314341
20751,2502364
20752,2610199
20753,2139855
20754,3651903
20755,1876639
20756,1587757
20757,2692377
20758,4669114
20759,4191230
20760,2226076
20761,2702867
20762,4264958
20763,2689078
20764,2478916
20765,2951900
20766,1962498
20767,2244965
20768,2434230
20769,2027029
20770,1275317
20771,1512143
20772,2050099
20773,3734746
20774,2451202
20775,1641709
20776,3063543
20777,1791642
20778,3002710
20779,2565127
20780,3834350
20781,4272362
20782,3721623
20783,1395648
20784,2727506
20785,2615716
20786,2551232
20787,2411517
20788,1815520
20789,1245227
20790,1998812
20791,2345956
20792,2616132
20793,2589251
20794,2380698
20795,2826836
20796,2660541
20797,2505157
20798,2206186
20799,2243903
20800,1260067
20801,1856720
20802,3385748
20803,2512052
20804,1397184
20805,14187319
20806,2036766
20807,1276149
20808,2758969
20809,1794652
20810,3219316
20811,1373748
20812,1445528
20813,1306529
20814,1567529
20815,1305337
20816,1244379
20817,1276920
20818,1190548
20819,1299940
20820,1325598
20821,1361903
20822,1368800
20823,1537934
20824,3452519
20825,2200555
20826,1326954
20827,1408646
20828,1438928
20829,2159315
20830,1798081
20831,2166801
20832,1508163
20833,1311914
20834,1344972
20835,1918147
20836,1990273
20837,1365486
20838,1321010
20839,1263145
20840,1277218
20841,1185094
20842,2254774
20843,2184375
20844,1367137
20845,2569675
20846,2388697
20847,4137958
20848,3095884
20849,2795367
20850,5745943
20851,2767904
20852,1341973
20853,3746951
20854,3928772
20855,4755752
20856,3950070
20857,2385197
20858,1278884
20859,2503511
20860,2474344
20861,2316121
20862,1290805
20863,1572426
20864,2958911
20865,2502883
20866,2158168
20867,2771556
20868,2472797
20869,2425957
20870,2288781
20871,3134168
20872,2577855
20873,1409380
20874,2337289
20875,2544241
20876,2665489
20877,2915701
20878,2463073
20879,2205092
20880,3920513
20881,3732093
20882,3573770
20883,2187783
20884,4239422
20885,3706217
20886,3754415
20887,3779581
20888,1919881
20889,3860940
20890,2381139
20891,2051520
20892,3469530
20893,2230850
20894,1343138
20895,2378076
20896,9102269
20897,2300561
20898,2467592
20899,5603542
20900,2643901
20901,2624469
20902,2290232
20903,2109858
20904,2178879
20905,1500056
20906,2101738
20907,2450356
20908,4308685
20909,2844674
20910,2689904
20911,2844151
20912,3544011
20913,2892453
20914,3594483
20915,3373339
20916,4342476
20917,3413344
20918,3392709
20919,2282197
20920,3890976
20921,2560877
20922,2512821
20923,2336472
20924,2504639
20925,2703854
20926,2177213
20927,2386940
20928,2176533
20929,2253027
20930,2722323
20931,2276587
20932,2483987
20933,15549894
20934,3136806
20935,2665551
20936,4320599
20937,2460057
20938,2383975
20939,2311315
20940,2649285
20941,2584498
20942,2058425
20943,2334805
20944,5679172
20945,3042610
20946,2704892
20947,1642125
20948,2109996
20949,2424581
20950,2244347
20951,2278150
20952,2320309
20953,1745462
20954,2146988
20955,3005770
20956,2216197
20957,1975387
20958,1302628
20959,2174538
20960,2462882
20961,2379799
20962,2477468
20963,2255614
20964,2300699
20965,2437139
20966,2596891
20967,2859491
20968,2692353
20969,5919881
20970,4539077
20971,3490646
20972,4064630
20973,5494404
20974,3891403
20975,4083551
20976,3919063
20977,1307142
20978,2640099
20979,4202736
20980,4009739
20981,1797016
20982,4582569
20983,3184530
20984,5764629
20985,2645812
20986,3464898
20987,3676509
20988,3442175
20989,2822264
20990,1375277
20991,3763190
20992,3812660
20993,3213658
20994,2204663
20995,2558600
20996,3972267
20997,3478781
20998,2121723
20999,2367840
21000,4169792
21001,2236439
21002,4026545
21003,3830215
21004,2324695
21005,4096965
21006,3870113
21007,1920253
21008,2104125
21009,4070006
21010,2655502
21011,2704567
21012,3009046
21013,2025173
21014,2675043
21015,3506318
21016,7584328
21017,2626617
21018,3465417
21019,4886502
21020,2573944
21021,2802289
21022,1333097
21023,2552231
21024,2599301
21025,3287763
21026,3266758
21027,2583040
21028,2191097
21029,2507762
21030,2964837
21031,4356073
21032,1916789
21033,1188015
21034,2102347
21035,3070438
21036,1944897
21037,2465262
21038,3710530
21039,5002261
21040,3879102
21041,3952046
21042,3694715
21043,2426488
21044,2241403
21045,2472534
21046,2627048
21047,3161131
21048,2585111
21049,2322782
21050,2255480
21051,2840149
21052,1049290
21053,2493050
21054,1304992
21055,2189797
21056,1752687
21057,2043262
21058,2461542
21059,2227882
21060,3385285
21061,3324577
21062,6863165
21063,2397358
21064,1317757
21065,2447042
21066,2518554
21067,10782344
21068,2931980
21069,2247111
21070,2211629
21071,2452636
21072,3827678
21073,2413215
21074,2151229
21075,2387415
21076,3745220
21077,2246098
21078,2450931
21079,7231738
21080,3886137
21081,3364468
21082,2422230
21083,2982633
21084,3491372
21085,1356820
21086,2484757
21087,3927669
21088,1974280
21089,15676380
21090,2206585
21091,2360913
21092,1860934
21093,3698269
21094,2149339
21095,2238671
21096,1941116
21097,3779674
21098,3299543
21099,2116820
21100,1803045
21101,3140736
21102,2459707
21103,2423898
21104,2413240
21105,2392795
21106,2150702
21107,3338236
21108,6562055
21109,3588766
21110,4263450
21111,3555136
21112,3299522
21113,3910611
21114,3367247
21115,3484790
21116,3681757
21117,3778232
21118,2668614
21119,2553429
21120,2230473
21121,3833764
21122,3516629
21123,2360947
21124,4000066
21125,2527557
21126,5087413
21127,1274071
21128,2461354
21129,2785766
21130,5989724
21131,2640916
21132,2290826
21133,1929588
21134,1912178
21135,1863852
21136,3691333
21137,4675573
21138,2450695
21139,2534054
21140,3486505
21141,2421284
21142,2192429
21143,5907299
21144,3354822
21145,1693412
21146,2376031
21147,4774974
21148,2141151
21149,3279986
21150,3631306
21151,2044298
21152,2129877
21153,1896061
21154,1854709
21155,2852424
21156,2109923
21157,2755106
21158,2333205
21159,2694089
21160,1366444
21161,2442713
21162,4848186
21163,2189196
21164,4033705
21165,2421815
21166,5705150
21167,4042939
21168,3391357
21169,1835692
21170,1961586
21171,2034105
21172,2150128
21173,6629818
21174,2491376
21175,2394471
21176,3405966
21177,3372244
21178,3449092
21179,2616172
21180,4246748
21181,2682905
21182,3429382
21183,2696072
21184,2292915
21185,4169774
21186,5791995
21187,1422983
21188,5608358
21189,1985825
21190,1958219
21191,2428153
21192,3987332
21193,2277114
21194,10199766
21195,2461039
21196,3733112
21197,2380962
21198,3778387
21199,2406611
21200,2176779
21201,3046093
21202,6582800
21203,3858239
21204,3537326
21205,2858572
21206,1922753
21207,2628369
21208,1307349
21209,2481964
21210,2340888
21211,2263572
21212,2236787
21213,1331263
21214,4010098
21215,11354208
21216,2109140
21217,2332254
21218,2270202
21219,2416720
21220,2453175
21221,2815849
21222,1356009
21223,4000424
21224,2673950
21225,2495059
21226,2129490
21227,2909359
21228,7107697
21229,3721489
21230,3450189
21231,3388308
21232,3288453
21233,2429724
21234,2456548
21235,2353909
21236,2277433
21237,2784204
21238,1958366
21239,2605569
21240,2949872
21241,5317662
21242,2288044
21243,3604963
21244,2507595
21245,1239599
21246,1265400
21247,2601031
21248,2340424
21249,5076206
21250,2614477
21251,2387581
21252,3698969
21253,1951780
21254,1904711
21255,2277501
21256,2538111
21257,3607027
21258,3510926
21259,2229715
21260,4436319
21261,12897105
21262,2186216
21263,1096124
21264,2624756
21265,1104771
21266,2388680
21267,2582662
21268,2345599
21269,2164436
21270,6851400
21271,2576353
21272,2270112
21273,1489953
21274,2147262
21275,3558763
21276,2064095
21277,1601646
21278,6535880
21279,2096141
21280,2287206
21281,1801358
21282,1748299
21283,4046325
21284,2301983
21285,2556453
21286,2338489
21287,2995765
21288,2424293
21289,2347209
21290,2772298
21291,12234175
21292,3175015
21293,2229479
21294,2452008
21295,2122251
21296,2091732
21297,2323814
21298,1110598
21299,2576026
21300,2549238
21301,2729966
21302,2295612
21303,2424513
21304,2369351
21305,2741795
21306,2330984
21307,2311437
21308,2737102
21309,1373558
21310,2215961
21311,2501730
21312,17522572
21313,2745293
21314,2134531
21315,2380866
21316,2998761
21317,2631963
21318,2568082
21319,2473351
21320,2690767
21321,3274945
21322,2472930
21323,2488482
21324,3104163
21325,2254876
21326,2475412
21327,1318006
21328,2836341
21329,2341871
21330,1935162
21331,2559038
21332,2404807
21333,9477886
21334,2139645
21335,2273059
21336,2302063
21337,2259178
21338,2226519
21339,2231468
21340,2175138
21341,1279995
21342,3089669
21343,2967467
21344,2258415
21345,2146176
21346,2087100
21347,2332564
21348,2855179
21349,2597157
21350,2333497
21351,2456573
21352,1231830
21353,2185181
21354,12711981
21355,3879408
21356,2475399
21357,4443874
21358,3750247
21359,8210531
21360,3738778
21361,2510222
21362,2276087
21363,2335728
21364,2114185
21365,3745657
21366,2630113
21367,1724569
21368,3377354
21369,13909357
21370,3690085
21371,2209945
21372,4047967
21373,1896190
21374,3701988
21375,2656466
21376,1877329
21377,1535940
21378,2208258
21379,2335243
21380,2770268
21381,3698781
21382,1318705
21383,3960466
21384,2363895
21385,2449347
21386,2003309
21387,4973577
21388,2985157
21389,1713806
21390,2299520
21391,1969061
21392,2672564
21393,2467281
21394,2637886
21395,1861999
21396,2382371
21397,4174121
21398,2351888
21399,2327224
21400,2435723
21401,3878277
21402,3652576
21403,5421343
21404,3962655
21405,4466630
21406,3785017
21407,3279441
21408,4359220
21409,4318454
21410,3465009
21411,3866537
21412,3462843
21413,3426639
21414,3359131
21415,1994732
21416,1964980
21417,2833113
21418,2366884
21419,3085356
21420,2521932
21421,2810421
21422,2543401
21423,1180733
21424,6920245
21425,2641412
21426,2269428
21427,1308587
21428,2339849
21429,2939150
21430,3600526
21431,2872810
21432,2711508
21433,2213208
21434,2235776
21435,6338360
21436,3294651
21437,2392878
21438,3847766
21439,2339058
21440,2602236
21441,10035951
21442,2057012
21443,4021727
21444,2425477
21445,2241227
21446,2526515
21447,8478487
21448,1367663
21449,4254400
21450,3468189
21451,6937826
21452,2533404
21453,3849081
21454,2488739
21455,2406100
21456,2229911
21457,2419983
21458,2233296
21459,1392197
21460,2470520
21461,2006134
21462,1931314
21463,2304313
21464,2281730
21465,3409158
21466,9693510
21467,2243459
21468,2440747
21469,2283352
21470,1389837
21471,2690777
21472,2336945
21473,2476327
21474,2326520
21475,2303013
21476,2308970
21477,2011104
21478,2494811
21479,2692405
21480,1461618
21481,2394008
21482,2279701
21483,3570737
21484,3431514
21485,1308770
21486,3582421
21487,2363583
21488,1969849
21489,16282848
21490,3597573
21491,1622767
21492,4171410
21493,2099143
21494,1883524
21495,2775894
21496,2155174
21497,2328011
21498,4640275
21499,2536968
21500,3625619
21501,2509222
21502,1842757
21503,2337284
21504,2460618
21505,2195564
21506,1966112
21507,3763572
21508,3285895
21509,4214508
21510,4111872
21511,4574082
21512,2432825
21513,2230026
21514,2483231
21515,3769506
21516,2574083
21517,2256113
21518,2552300
21519,3176748
21520,3773276
21521,3625799
21522,3604228
21523,1286132
21524,2450670
21525,2713382
21526,2093112
21527,2466672
21528,3303738
21529,4625388
21530,3661302
21531,3477058
21532,3583307
21533,2146537
21534,2891433
21535,3757414
21536,3627514
21537,2546144
21538,3491901
21539,3946381
21540,3475471
21541,2706948
21542,2397657
21543,2375642
21544,2464370
21545,3027915
21546,2141248
21547,3251764
21548,3664531
21549,5141419
21550,2660315
21551,2890117
21552,3277154
21553,3361186
21554,3606686
21555,2560337
21556,5540836
21557,2892487
21558,4197148
21559,4013620
21560,4024798
21561,17331187
21562,2477407
21563,3677489
21564,6865252
21565,3875417
21566,2480076
21567,4027379
21568,2417767
21569,2564395
21570,2432735
21571,3568055
21572,6599970
21573,2180416
21574,2077081
21575,2066337
21576,6527158
21577,3938875
21578,2602882
21579,2851052
21580,18195602
21581,4396578
21582,2359199
21583,3174326
21584,2320595
21585,1410383
21586,3381902
21587,1263943
21588,2196467
21589,4660714
21590,2215218
21591,5534691
21592,3247943
21593,3324313
21594,3279390
21595,2118840
21596,2259802
21597,2880001
21598,3281618
21599,3084861
21600,3457729
21601,3568246
21602,1891954
21603,1710873
21604,1595462
21605,2393583
21606,1791942
21607,1836411
21608,2993470
21609,2276880
21610,4689101
21611,2565016
21612,2415580
21613,2384078
21614,1952573
21615,3159684
21616,3651024
21617,4230702
21618,5727724
21619,1086951
21620,3530563
21621,2839864
21622,2168604
21623,2059975
21624,4055134
21625,1975529
21626,3319176
21627,2178246
21628,3332233
21629,3304492
21630,1674420
21631,2205456
21632,2657574
21633,2683217
21634,2369564
21635,3339966
21636,3133195
21637,2732296
21638,2424085
21639,2432340
21640,2436660
21641,2810525
21642,2538005
21643,3073037
21644,3894885
21645,3726787
21646,3702845
21647,3341136
21648,2783105
21649,2175103
21650,3682874
21651,1265124
21652,3724227
21653,2671699
21654,2002530
21655,2536858
21656,2106950
21657,8653951
21658,6169084
21659,2320129
21660,1944483
21661,2545273
21662,1733067
21663,2152505
21664,3797351
21665,2370475
21666,2372785
21667,2153640
21668,4166214
21669,7874541
21670,1567773
21671,2558967
21672,4027193
21673,2687793
21674,2373661
21675,2440449
21676,2265396
21677,2180471
21678,2304531
21679,2421061
21680,2143398
21681,1907598
21682,3813161
21683,1946653
21684,2375523
21685,2437008
21686,2166054
21687,2116756
21688,2375599
21689,17005407
21690,2631528
21691,1926812
21692,2094575
21693,2494456
21694,2038668
21695,2076324
21696,6708851
21697,3114004
21698,2836496
21699,2207671
21700,2089914
21701,2198974
21702,1621165
21703,3828339
21704,3108913
21705,2182445
21706,2018409
21707,1970598
21708,2318908
21709,2355967
21710,4061792
21711,3219027
21712,2367560
21713,1092676
21714,1969725
21715,1149831
21716,2574933
21717,2893569
21718,2339612
21719,2379588
21720,1365916
21721,2550569
21722,2441421
21723,2705368
21724,2389569
21725,2563105
21726,2485507
21727,2537329
21728,9399756
21729,1554223
21730,3122291
21731,2518636
21732,4625721
21733,2702010
21734,2091294
21735,2003205
21736,2671610
21737,2475297
21738,2256356
21739,2242908
21740,2449046
21741,2750931
21742,2426018
21743,2130936
21744,2146880
21745,3510207
21746,3593129
21747,1528739
21748,2228375
21749,2277092
21750,3936941
21751,4256988
21752,3633418
21753,2700750
21754,6013341
21755,3892111
21756,3390485
21757,2270788
21758,3127537
21759,2231425
21760,2165751
21761,2518412
21762,2494553
21763,2700430
21764,2086983
21765,2130397
21766,2448606
21767,1898545
21768,1770622
21769,3702065
21770,2529227
21771,2240380
21772,1802683
21773,2364597
21774,3713959
21775,2448774
21776,2279751
21777,2171189
21778,2068996
21779,2630494
21780,3001741
21781,2954205
21782,5646586
21783,3105189
21784,2814857
21785,3291225
21786,2546592
21787,1278253
21788,2511868
21789,2079848
21790,2009472
21791,12437162
21792,1884522
21793,3313216
21794,3074606
21795,2719670
21796,2134022
21797,1674453
21798,2215704
21799,1860245
21800,2079696
21801,1800299
21802,2176531
21803,2178658
21804,2117448
21805,1829378
21806,2272908
21807,2251304
21808,2086887
21809,2404235
21810,3889087
21811,3482990
21812,4057370
21813,1286216
21814,3028171
21815,2573398
21816,2282296
21817,1760678
21818,3540033
21819,2545382
21820,2585214
21821,15817493
21822,1288258
21823,2320771
21824,3002223
21825,6018770
21826,4196534
21827,3979452
21828,3533538
21829,2547805
21830,2946215
21831,3613792
21832,4225265
21833,3509892
21834,3593169
21835,1277813
21836,1335001
21837,1344395
21838,3600144
21839,2340112
21840,2056895
21841,2228056
21842,1155176
21843,3761129
21844,3658115
21845,13130201
21846,3220838
21847,1877406
21848,1908591
21849,2175063
21850,2501112
21851,2946965
21852,4265135
21853,4024988
21854,1756773
21855,2226629
21856,2130590
21857,2396030
21858,4353694
21859,2281592
21860,3551663
21861,2667940
21862,2317978
21863,2996144
21864,2023086
21865,2506860
21866,1960386
21867,1864418
21868,2050292
21869,2715755
21870,2560958
21871,2368710
21872,5111684
21873,3685923
21874,2467512
21875,2914996
21876,2598937
21877,2576535
21878,2315443
21879,2643650
21880,6893821
21881,4440846
21882,2353611
21883,2671765
21884,2269210
21885,2195660
21886,1293932
21887,4432988
21888,2357821
21889,2394306
21890,2722141
21891,2192408
21892,11571395
21893,7812631
21894,3471264
21895,2335042
21896,2101070
21897,3307870
21898,3425802
21899,3273269
21900,4708002
21901,2193687
21902,2428070
21903,2683396
21904,2175137
21905,2737954
21906,2327208
21907,2025534
21908,1974171
21909,2151604
21910,2465451
21911,2207943
21912,2109181
21913,2517399
21914,2255079
21915,2407890
21916,2223464
21917,2408847
21918,1299355
21919,2560378
21920,2363018
21921,4752128
21922,3730034
21923,3263761
21924,3284327
21925,3832736
21926,2076669
21927,2931405
21928,2091430
21929,1728724
21930,1262730
21931,3507449
21932,2836004
21933,10019624
21934,3532756
21935,2729697
21936,2167181
21937,2311900
21938,2404175
21939,2939724
21940,2593666
21941,2075027
21942,2307151
21943,1915465
21944,2000928
21945,2081843
21946,1991050
21947,1892278
21948,1858075
21949,1904704
21950,3205830
21951,2224119
21952,1947669
21953,1915208
21954,1854083
21955,2194331
21956,2356031
21957,2394689
21958,3423717
21959,2815543
21960,3172238
21961,2600486
21962,2587188
21963,2804513
21964,2162429
21965,2103654
21966,2526370
21967,2064970
21968,2500585
21969,2481836
21970,3522969
21971,1440910
21972,1473643
21973,2432734
21974,2447984
21975,2789287
21976,3114156
21977,6737824
21978,2573282
21979,2180216
21980,2794302
21981,2153950
21982,1858374
21983,3301126
21984,2431334
21985,2133975
21986,2316669
21987,3053082
21988,2027476
21989,1589638
21990,1729469
21991,2189381
21992,2633125
21993,1469212
21994,2594541
21995,4048102
21996,4068848
21997,7981814
21998,3414482
21999,3571955
22000,2157577
22001,2871476
22002,2333065
22003,1543386
22004,2466002
22005,12420428
22006,2188036
22007,2184476
22008,1998045
22009,1998324
22010,3753913
22011,2686061
22012,2961358
22013,2564547
22014,2365505
22015,2284530
22016,2305558
22017,2150685
22018,3626388
22019,1145128
22020,2227573
22021,2602943
22022,3778434
22023,2701239
22024,4795063
22025,2610792
22026,2742779
22027,2564496
22028,2567082
22029,2855735
22030,2580365
22031,3652904
22032,4420919
22033,14243921
22034,2332337
22035,1833339
22036,2230988
22037,2903639
22038,2283890
22039,3039463
22040,2522961
22041,1268875
22042,5328677
22043,2091368
22044,2573373
22045,2103505
22046,1096404
22047,2229563
22048,1647140
22049,1971232
22050,2187052
22051,2921771
22052,3105404
22053,2343258
22054,8481278
22055,6202547
22056,3316428
22057,3946302
22058,1958115
22059,2725802
22060,1451201
22061,2814362
22062,2418450
22063,2259807
22064,2234967
22065,3734516
22066,2385843
22067,1283259
22068,6764867
22069,2227342
22070,1069379
22071,5233980
22072,2081468
22073,2387200
22074,5034959
22075,2122712
22076,2149542
22077,2100692
22078,1675528
22079,2587267
22080,3904312
22081,7651316
22082,2182818
22083,2645389
22084,2201939
22085,2050027
22086,2078944
22087,2038513
22088,4107834
22089,4149899
22090,3670679
22091,2608861
22092,3325264
22093,3581779
22094,2038856
22095,1976667
22096,2519171
22097,2325527
22098,2915361
22099,1228271
22100,3843889
22101,3405719
22102,3179606
22103,1856475
22104,4341618
22105,1914513
22106,3520457
22107,2231609
22108,1945383
22109,2196173
22110,1460110
22111,3795426
22112,2272254
22113,2204172
22114,4669037
22115,2980072
22116,2230818
22117,1765616
22118,1684686
22119,2145864
22120,2147531
22121,2648476
22122,2358118
22123,2468810
22124,2402559
22125,3023794
22126,2238499
22127,2165728
22128,2139830
22129,3832396
22130,3580960
22131,3681026
22132,3748084
22133,2050996
22134,4046877
22135,3850492
22136,3567127
22137,2220533
22138,1792684
22139,5334027
22140,3473519
22141,3870954
22142,2443988
22143,2674586
22144,2539925
22145,2202409
22146,1811981
22147,2214124
22148,2275319
22149,2348269
22150,3772779
22151,2277621
22152,1366243
22153,1403472
22154,2560303
22155,2497170
22156,3902654
22157,2292029
22158,2338033
22159,2224968
22160,3857567
22161,14318188
22162,2253234
22163,3708343
22164,7254948
22165,2107961
22166,1995342
22167,2085023
22168,1858542
22169,1972920
22170,1673660
22171,3875789
22172,3550582
22173,7383862
22174,1369980
22175,2432705
22176,2625662
22177,2504994
22178,2263430
22179,4329840
22180,2435099
22181,3319011
22182,5265600
22183,2418728
22184,3192324
22185,2495805
22186,1501407
22187,1539758
22188,2446227
22189,2627418
22190,3061657
22191,2660635
22192,2660145
22193,2124750
22194,5066431
22195,4025037
22196,2560403
22197,1579900
22198,1490899
22199,1420539
22200,1646028
22201,2806946
22202,2477124
22203,2416081
22204,2306844
22205,2531715
22206,2649042
22207,2182321
22208,2200733
22209,2344129
22210,2182096
22211,3782524
22212,3895111
22213,3358114
22214,3284075
22215,2996201
22216,2447009
22217,2011726
22218,5356637
22219,7526106
22220,4245063
22221,3886224
22222,3638798
22223,4875003
22224,2454927
22225,4171309
22226,3783081
22227,3831162
22228,2337754
22229,3110405
22230,4718157
22231,3846497
22232,5289716
22233,2360545
22234,2455610
22235,2396707
22236,2631393
22237,3700173
22238,2080606
22239,3486286
22240,3718356
22241,3471029
22242,2303632
22243,2700430
22244,2477198
22245,2329841
22246,6014130
22247,2283095
22248,2474926
22249,2798372
22250,2817007
22251,2503787
22252,2602456
22253,4175700
22254,3474644
22255,3658835
22256,3421698
22257,1835493
22258,2323568
22259,2042258
22260,1293599
22261,2624049
22262,3328104
22263,1819912
22264,1806388
22265,1856212
22266,1959085
22267,1775758
22268,2057163
22269,1826639
22270,2116075
22271,3755638
22272,3441463
22273,4186934
22274,2627971
22275,1303191
22276,4655464
22277,3716423
22278,2610520
22279,2219640
22280,4162717
22281,1645795
22282,2766210
22283,2772057
22284,4111817
22285,2277638
22286,6674720
22287,2080714
22288,2285467
22289,3706469
22290,1951235
22291,2155861
22292,2473469
22293,4957980
22294,3399272
22295,2703080
22296,2313036
22297,2470087
22298,2214473
22299,2802434
22300,5083059
22301,1856782
22302,2761405
22303,1808522
22304,1999543
22305,2168593
22306,4074014
22307,1848921
22308,2086009
22309,2307560
22310,3413935
22311,5765691
22312,4004214
22313,3878803
22314,3582108
22315,2043981
22316,3392369
22317,2109818
22318,4812505
22319,1959435
22320,2637031
22321,2023145
22322,2102987
22323,1867605
22324,1205073
22325,2486812
22326,2328129
22327,2761340
22328,2615552
22329,12749643
22330,4173483
22331,2914253
22332,2811810
22333,1308230
22334,3871445
22335,9956237
22336,3526823
22337,2000838
22338,3992763
22339,3370709
22340,2039000
22341,2049920
22342,1279955
22343,2340537
22344,3880825
22345,2000576
22346,3691458
22347,2730791
22348,3171664
22349,2487664
22350,2201976
22351,3272761
22352,2442211
22353,5858090
22354,2158712
22355,2956969
22356,1670901
22357,2335204
22358,2255870
22359,2688586
22360,2506231
22361,2031756
22362,2482475
22363,2905134
22364,2254337
22365,2242751
22366,3353440
22367,2698519
22368,2674558
22369,2453851
22370,3983952
22371,2777750
22372,2257994
22373,15218580
22374,2299070
22375,2036652
22376,3880147
22377,3634539
22378,3653819
22379,2223218
22380,2279717
22381,2705974
22382,3589995
22383,2883230
22384,1981717
22385,2424519
22386,2439073
22387,2014425
22388,3712645
22389,3424315
22390,2163515
22391,3815777
22392,2714927
22393,2262196
22394,5217613
22395,1224733
22396,2749635
22397,5190603
22398,1362625
22399,1297423
22400,2365330
22401,2497455
22402,3837673
22403,1933472
22404,2380801
22405,5228590
22406,2503011
22407,1827034
22408,2221522
22409,1888097
22410,2266575
22411,2313770
22412,3752656
22413,2442579
22414,1838090
22415,2540515
22416,2324994
22417,2041031
22418,3308020
22419,2955618
22420,1998076
22421,2112835
22422,2024603
22423,1975607
22424,3780343
22425,14909863
22426,2399427
22427,2306416
22428,2317267
22429,2015944
22430,3472793
22431,1381957
22432,2555141
22433,2244339
22434,2675289
22435,3744186
22436,4710130
22437,3899419
22438,3408447
22439,3303433
22440,3444635
22441,2330956
22442,1251092
22443,2088126
22444,1672866
22445,2127091
22446,3821042
22447,1782241
22448,2079544
22449,4161522
22450,3649351
22451,8298973
22452,6878948
22453,1856964
22454,1812578
22455,1910542
22456,1845131
22457,2133689
22458,1834666
22459,2771896
22460,1688650
22461,2649558
22462,3784387
22463,2348239
22464,3651872
22465,3347857
22466,3746411
22467,2261240
22468,1935210
22469,3722992
22470,2261620
22471,2282107
22472,2110681
22473,2400204
22474,1233902
22475,1938557
22476,2232424
22477,1871119
22478,2428073
22479,2741455
22480,4431769
22481,8173440
22482,4215965
22483,2245767
22484,3189849
22485,2837773
22486,2287151
22487,2247583
22488,17297177
22489,2370099
22490,3195831
22491,3502112
22492,2339511
22493,4264614
22494,3607684
22495,2194937
22496,2279167
22497,2418789
22498,2129704
22499,2508971
22500,3470259
22501,2431752
22502,9443088
22503,2414953
22504,2292865
22505,3636209
22506,1166379
22507,2694541
22508,2381357
22509,2650232
22510,2358348
22511,2293382
22512,2567115
22513,2815547
22514,3361098
22515,2137368
22516,2262321
22517,2251018
22518,2063932
22519,2057192
22520,3941658
22521,3123248
22522,5925700
22523,2395562
22524,2054766
22525,2231003
22526,2301793
22527,2899802
22528,2808273
22529,3581316
22530,1499887
22531,3543302
22532,2443678
22533,2402495
22534,3279049
22535,2410385
22536,4436042
22537,2426612
22538,1325256
22539,2953639
22540,2466464
22541,17401384
22542,4266358
22543,3310952
22544,2005254
22545,2342990
22546,2620627
22547,3189531
22548,3230040
22549,3613419
22550,2924622
22551,1532211
22552,3954378
22553,2685045
22554,2545643
22555,1284892
22556,5942721
22557,3472871
22558,2541693
22559,2514254
22560,4494978
22561,2680582
22562,2252659
22563,2589843
22564,2575123
22565,2478846
22566,3526986
22567,1630325
22568,2155611
22569,12732919
22570,3781568
22571,3894397
22572,3960572
22573,5356333
22574,2172114
22575,2167854
22576,1606348
22577,3215395
22578,2750390
22579,2402093
22580,2765582
22581,1782380
22582,3740421
22583,3311903
22584,2276997
22585,2594633
22586,2282523
22587,2453181
22588,2364389
22589,2304361
22590,2189779
22591,2450836
22592,2762600
22593,2600945
22594,2213276
22595,2719835
22596,2348100
22597,1245338
22598,2525313
22599,2498549
22600,3259835
22601,3744626
22602,2867453
22603,3451189
22604,3199307
22605,3305314
22606,3550365
22607,2482269
22608,2385021
22609,1791070
22610,2174641
22611,2804511
22612,3660931
22613,2408066
22614,3906560
22615,3556551
22616,2416926
22617,2919071
22618,2229945
22619,3318918
22620,2250911
22621,3026900
22622,2529663
22623,3872864
22624,3636826
22625,3666061
22626,2227211
22627,3450430
22628,2087739
22629,1821362
22630,1998069
22631,2644903
22632,4249588
22633,3596854
22634,2200206
22635,1501269
22636,2488894
22637,6734644
22638,2840959
22639,1860529
22640,1834314
22641,2455903
22642,2213257
22643,2402545
22644,2908739
22645,1227376
22646,2314773
22647,2979394
22648,2254064
22649,2426470
22650,2163442
22651,2049572
22652,1888509
22653,1982803
22654,2704633
22655,2241651
22656,2688686
22657,2366514
22658,2700679
22659,2288006
22660,2953165
22661,2917934
22662,2330978
22663,2420359
22664,2267412
22665,2319975
22666,2313857
22667,2136610
22668,1793541
22669,2263136
22670,2040451
22671,2209453
22672,1206409
22673,2158802
22674,2576886
22675,2013997
22676,2072397
22677,3041381
22678,2700161
22679,2473542
22680,4326449
22681,2341691
22682,2684251
22683,2262613
22684,6739314
22685,16336603
22686,2368176
22687,2259580
22688,1238523
22689,2602561
22690,2234139
22691,2497609
22692,2630758
22693,2302135
22694,2239913
22695,2466780
22696,3063150
22697,2660236
22698,2979366
22699,2854126
22700,2586293
22701,2890060
22702,2438509
22703,2271173
22704,2196637
22705,2331066
22706,2255962
22707,3677181
22708,2095510
22709,1641592
22710,2303857
22711,2079549
22712,3932628
22713,2145328
22714,3348147
22715,3771416
22716,2006441
22717,1700755
22718,2426548
22719,1882715
22720,1294528
22721,2148272
22722,3022941
22723,3976710
22724,2437363
22725,2503639
22726,2369801
22727,2470804
22728,4077367
22729,2334061
22730,2294965
22731,3928012
22732,3622113
22733,2287931
22734,1817240
22735,1748387
22736,2369023
22737,2084264
22738,2114634
22739,2028508
22740,2736894
22741,10513609
22742,3782850
22743,2391843
22744,2054283
22745,2360862
22746,2287761
22747,2319995
22748,3581283
22749,2044349
22750,3464661
22751,2050369
22752,2642402
22753,3698589
22754,2197749
22755,2503789
22756,5576328
22757,3248070
22758,3447082
22759,2317246
22760,3707110
22761,3690623
22762,2674922
22763,2778062
22764,3082846
22765,2132572
22766,2198513
22767,2383077
22768,2046160
22769,2247856
22770,1954317
22771,2208609
22772,2341276
22773,3767612
22774,2355963
22775,1852909
22776,2239033
22777,4022542
22778,2108082
22779,9513605
22780,2437241
22781,15074743
22782,2797312
22783,2514071
22784,1254798
22785,2891157
22786,2308737
22787,1770096
22788,3079573
22789,1654492
22790,2334304
22791,1887363
22792,1175614
22793,1253085
22794,1641199
22795,2470316
22796,2495216
22797,4009322
22798,1485018
22799,1527531
22800,2553549
22801,2861551
22802,2931981
22803,3092888
22804,2559894
22805,2490559
22806,4151820
22807,2745427
22808,2333210
22809,1322478
22810,2178618
22811,2459051
22812,5061536
22813,1799487
22814,1238497
22815,1567504
22816,1251961
22817,2387751
22818,2150160
22819,2082565
22820,2671676
22821,1699694
22822,2435835
22823,2463886
22824,2989855
22825,1340782
22826,2202222
22827,2439763
22828,2393073
22829,2543765
22830,4854852
22831,2337897
22832,1624549
22833,2224576
22834,2450021
22835,2978698
22836,2690520
22837,2490789
22838,1434541
22839,3697939
22840,2447901
22841,2688239
22842,3102173
22843,1630819
22844,2529436
22845,1710256
22846,5246531
22847,2367271
22848,1305285
22849,2535444
22850,2393353
22851,2430513
22852,2428675
22853,14047227
22854,2330728
22855,1571362
22856,2423406
22857,1414590
22858,1692833
22859,1412520
22860,1692058
22861,3001041
22862,2307953
22863,1324159
22864,2252113
22865,2513919
22866,2561060
22867,2494171
22868,2509425
22869,4649866
22870,1373932
22871,3638243
22872,2449195
22873,2423444
22874,2524510
22875,2402673
22876,2374094
22877,1707544
22878,6038161
22879,3665798
22880,1371598
22881,2497550
22882,2499070
22883,2527358
22884,2673032
22885,2499886
22886,2392212
22887,2468108
22888,2374258
22889,2556029
22890,1941597
22891,2367931
22892,2083326
22893,2508111
22894,2076783
22895,2122146
22896,2401605
22897,2489708
22898,5048318
22899,2773629
22900,3609274
22901,1848357
22902,2350768
22903,2345354
22904,3610701
22905,2266207
22906,2065812
22907,2326738
22908,3576404
22909,2246157
22910,2266805
22911,2332068
22912,2787656
22913,2374481
22914,2363091
22915,2508458
22916,2346424
22917,2435737
22918,2207984
22919,2297771
22920,2520529
22921,2282871
22922,1705133
22923,1610237
22924,2024049
22925,2053423
22926,2491279
22927,2390290
22928,4057468
22929,4695261
22930,5848474
22931,2324639
22932,4038008
22933,1715797
22934,4778952
22935,4085996
22936,2384799
22937,3360201
22938,2451634
22939,2353211
22940,3865734
22941,10021241
22942,2526678
22943,2667534
22944,1498733
22945,2752155
22946,2318789
22947,2371335
22948,3415288
22949,2722793
22950,2720144
22951,2594341
22952,2434480
22953,2557069
22954,4033912
22955,4335181
22956,1706996
22957,2287336
22958,3338786
22959,1735592
22960,4178750
22961,2591365
22962,2155634
22963,2218021
22964,1859321
22965,1276135
22966,3427927
22967,2417403
22968,2218238
22969,2447858
22970,2091477
22971,2901786
22972,2164880
22973,2211133
22974,2173715
22975,2392806
22976,2094093
22977,2012603
22978,1654762
22979,1918863
22980,2049098
22981,2340510
22982,2311875
22983,5204276
22984,2365014
22985,2425874
22986,1612023
22987,3450784
22988,2065242
22989,3526731
22990,3492263
22991,3556921
22992,2571397
22993,2642667
22994,2362362
22995,1955244
22996,2028630
22997,1427486
22998,3391827
22999,2518066
23000,2471615
23001,2734008
23002,1372697
23003,4028978
23004,3711021
23005,3833481
23006,3696063
23007,2376454
23008,2552486
23009,2538566
23010,2501948
23011,2615836
23012,2506261
23013,3298140
23014,2507633
23015,7360283
23016,3064122
23017,1282195
23018,1339365
23019,1367085
23020,1659042
23021,2437165
23022,2790664
23023,2385732
23024,2450735
23025,16500464
23026,2459707
23027,2217256
23028,4329579
23029,2146932
23030,4165878
23031,9710960
23032,2704632
23033,2579846
23034,6555321
23035,3130780
23036,3845680
23037,3246431
23038,2119987
23039,4231332
23040,4285211
23041,2879674
23042,2306691
23043,3929987
23044,9211591
23045,3598589
23046,3521354
23047,2639474
23048,2339193
23049,2520589
23050,6242523
23051,2565745
23052,2637414
23053,3265412
23054,8059115
23055,3228002
23056,3761618
23057,2303598
23058,2102651
23059,2114669
23060,2285111
23061,1568343
23062,2093692
23063,3034107
23064,9334087
23065,4220640
23066,3499303
23067,3611340
23068,1861900
23069,1917156
23070,4600250
23071,2268493
23072,2538191
23073,2698397
23074,4106240
23075,2613918
23076,2798676
23077,2396896
23078,2094607
23079,2366012
23080,2223024
23081,3171185
23082,2515487
23083,2870085
23084,9849096
23085,5081507
23086,2755791
23087,2709170
23088,2581885
23089,2763324
23090,2376876
23091,1997827
23092,2314135
23093,6088753
23094,8557488
23095,2473509
23096,2907111
23097,3965185
23098,3414735
23099,2602947
23100,3428591
23101,2543904
23102,2285023
23103,3030861
23104,4025905
23105,2994808
23106,3031388
23107,2437442
23108,2499273
23109,2702482
23110,2346447
23111,7742051
23112,3614851
23113,5212237
23114,3128728
23115,1784180
23116,2511964
23117,2349248
23118,2973655
23119,1244857
23120,2458710
23121,2377794
23122,2834724
23123,2387794
23124,2261723
23125,1843445
23126,3568703
23127,2346581
23128,2621501
23129,3915043
23130,2409693
23131,2583475
23132,4169187
23133,3371379
23134,2598921
23135,4577155
23136,4004749
23137,1645198
23138,1239681
23139,3007719
23140,2197538
23141,2263321
23142,3915404
23143,2660060
23144,2785760
23145,2260661
23146,2324697
23147,3647096
23148,3403263
23149,2580859
23150,3647477
23151,3800613
23152,4375248
23153,2816064
23154,2432522
23155,2167235
23156,2266709
23157,1774299
23158,2388376
23159,2664924
23160,2719678
23161,2247150
23162,2391410
23163,2430292
23164,2233357
23165,2261728
23166,2145962
23167,2374757
23168,2428169
23169,2592715
23170,3275269
23171,3578985
23172,3373689
23173,2335584
23174,3529712
23175,3043720
23176,2253099
23177,5671352
23178,1155706
23179,2790838
23180,5964571
23181,16443167
23182,1446246
23183,1420718
23184,2591540
23185,3024398
23186,3379765
23187,2809561
23188,2305697
23189,4620128
23190,2831215
23191,5220510
23192,3313022
23193,2848025
23194,2480463
23195,2877471
23196,2429754
23197,3672187
23198,2180946
23199,3945576
23200,3914295
23201,2566142
23202,2971789
23203,2682599
23204,2292369
23205,3810366
23206,2846590
23207,2587756
23208,2065197
23209,1944327
23210,1930324
23211,2539154
23212,2199968
23213,2273751
23214,2423515
23215,2292930
23216,2974493
23217,2010495
23218,2344082
23219,2641733
23220,2451898
23221,1395538
23222,3741927
23223,5174941
23224,3406276
23225,3179451
23226,2219208
23227,2541611
23228,2617027
23229,2585530
23230,3664564
23231,2794426
23232,2949645
23233,1613491
23234,3046989
23235,2510271
23236,7440537
23237,2441004
23238,2350436
23239,2605126
23240,4824612
23241,2301750
23242,5678374
23243,2900580
23244,2703061
23245,2239466
23246,2199507
23247,2208868
23248,2316842
23249,2157104
23250,2093962
23251,2345477
23252,3771147
23253,1518596
23254,2202362
23255,2044241
23256,2037596
23257,1967750
23258,2057574
23259,2369778
23260,2496390
23261,2852350
23262,2218346
23263,2566953
23264,3595723
23265,2370594
23266,2184652
23267,2043918
23268,4845753
23269,2120149
23270,2224362
23271,2402795
23272,2523705
23273,3871242
23274,1307517
23275,3993313
23276,3846140
23277,19476494
23278,3436421
23279,2795874
23280,3235353
23281,2743798
23282,2165500
23283,1414388
23284,2631280
23285,2954263
23286,2858629
23287,5003971
23288,2990599
23289,2726484
23290,2681801
23291,2613409
23292,1532163
23293,2537080
23294,2614041
23295,1296689
23296,3176914
23297,2767904
23298,3383385
23299,5727173
23300,2487396
23301,1428223
23302,2552041
23303,1738925
23304,2170197
23305,6129336
23306,1468311
23307,1796420
23308,1507345
23309,1332010
23310,1474180
23311,1280212
23312,1397455
23313,1355639
23314,2551010
23315,2844294
23316,2606586
23317,2546843
23318,3736659
23319,2580137
23320,3065303
23321,2581650
23322,2555235
23323,2641543
23324,2634980
23325,3287802
23326,1300634
23327,1345756
23328,2975908
23329,3791809
23330,2754248
23331,2896460
23332,2712030
23333,1683216
23334,2575494
23335,2538666
23336,2250707
23337,2635131
23338,2808804
23339,2645354
23340,4802031
23341,2814775
23342,2633614
23343,2160016
23344,1358716
23345,1867298
23346,1425328
23347,1323108
23348,1624522
23349,2023288
23350,4441459
23351,2622605
23352,2919754
23353,2875667
23354,2980600
23355,2691099
23356,1408171
23357,1698790
23358,3113277
23359,3122779
23360,1959358
23361,3391828
23362,5264402
23363,1737076
23364,3099624
23365,2452468
23366,1676746
23367,2013660
23368,4937030
23369,2693856
23370,3031540
23371,2881517
23372,2486097
23373,2555587
23374,2388378
23375,2511228
23376,1353298
23377,3809341
23378,3590678
23379,2701626
23380,2541152
23381,2066904
23382,1660806
23383,1367527
23384,2595816
23385,3842445
23386,2038069
23387,1706496
23388,2067995
23389,2581870
23390,2580986
23391,3003079
23392,5219780
23393,2642067
23394,2386426
23395,2616766
23396,2644817
23397,3894261
23398,3321055
23399,2713556
23400,2578736
23401,2896719
23402,3487089
23403,2712534
23404,2069321
23405,1518494
23406,2780619
23407,1621744
23408,3080732
23409,1872212
23410,2039897
23411,2682680
23412,3065285
23413,2739775
23414,1901360
23415,1331686
23416,1315741
23417,4794855
23418,1868582
23419,1715050
23420,2590592
23421,3122544
23422,2629352
23423,4716921
23424,3057915
23425,2791025
23426,3978705
23427,2917488
23428,1635834
23429,1470328
23430,2728275
23431,1944978
23432,2367512
23433,2882701
23434,2694444
23435,2702715
23436,2047481
23437,3034173
23438,2047783
23439,4852377
23440,2029419
23441,2050407
23442,2714708
23443,2727459
23444,2823902
23445,2641770
23446,1267500
23447,2632796
23448,2531477
23449,2642336
23450,2079454
23451,1826412
23452,2575147
23453,14364214
23454,2884458
23455,3274362
23456,2778748
23457,1381605
23458,2601181
23459,2557435
23460,2726586
23461,2776441
23462,2804347
23463,2851563
23464,2635801
23465,2060015
23466,2091046
23467,1302521
23468,2627669
23469,3921053
23470,2498366
23471,1541649
23472,1417868
23473,1308026
23474,2566327
23475,3031691
23476,2671279
23477,2528325
23478,2476070
23479,2760257
23480,1387337
23481,1942700
23482,1288733
23483,1273617
23484,1604833
23485,2509403
23486,2273026
23487,2599865
23488,1585544
23489,1718015
23490,2469753
23491,5188511
23492,2849120
23493,3815341
23494,3418056
23495,2736336
23496,4320580
23497,3128690
23498,3713171
23499,2031141
23500,2295707
23501,4109843
23502,3689048
23503,2164055
23504,3109255
23505,2441314
23506,2409967
23507,2328953
23508,2501428
23509,2356158
23510,1187240
23511,2152644
23512,1946336
23513,2424752
23514,2298514
23515,2099278
23516,2029512
23517,2706946
23518,2549765
23519,4148573
23520,3843858
23521,2642824
23522,3473111
23523,6542536
23524,4451330
23525,3569519
23526,3393870
23527,3515838
23528,3413766
23529,2297933
23530,3678400
23531,2057106
23532,2239602
23533,2378822
23534,3637320
23535,3701703
23536,3608760
23537,3679281
23538,9120755
23539,3506923
23540,3815852
23541,2551618
23542,1948682
23543,3538203
23544,2616052
23545,3540783
23546,3147141
23547,2807666
23548,2200769
23549,3088199
23550,3227493
23551,3540468
23552,3668875
23553,2160851
23554,7060785
23555,2432981
23556,2514040
23557,3857221
23558,2200882
23559,2419423
23560,2584623
23561,2931244
23562,2498052
23563,1789549
23564,1608467
23565,1532531
23566,1544070
23567,2618928
23568,4595995
23569,2828371
23570,1309246
23571,2214812
23572,3158776
23573,2323299
23574,2620566
23575,3686721
23576,3494044
23577,2182478
23578,2343804
23579,1978076
23580,3697111
23581,4023411
23582,9001560
23583,4120039
23584,1705301
23585,1380974
23586,2383285
23587,2452639
23588,2381187
23589,2861523
23590,4044744
23591,2381555
23592,3950389
23593,2979966
23594,12262088
23595,2139637
23596,3637720
23597,3109981
23598,6121081
23599,2697009
23600,2275939
23601,2982655
23602,3846518
23603,5939787
23604,2893052
23605,5376631
23606,9175681
23607,4767723
23608,1676002
23609,5691854
23610,3488356
23611,2195270
23612,3687711
23613,3605093
23614,3506287
23615,2323483
23616,3941492
23617,6593754
23618,1526669
23619,2728139
23620,3701621
23621,2457776
23622,2849791
23623,3344033
23624,6400999
23625,3174195
23626,2268249
23627,2196532
23628,2605271
23629,2447305
23630,3687165
23631,2687596
23632,3104125
23633,2539646
23634,2706466
23635,2592925
23636,2649736
23637,1346054
23638,1451034
23639,1349421
23640,2566020
23641,2491059
23642,2837579
23643,2572817
23644,2588717
23645,2272447
23646,2129247
23647,2240082
23648,1991670
23649,2563993
23650,1162446
23651,2060160
23652,2292397
23653,3312367
23654,4458341
23655,3816838
23656,3729548
23657,3610352
23658,5282495
23659,3042371
23660,3857348
23661,5890764
23662,2388440
23663,2629053
23664,2586133
23665,15417400
23666,2459742
23667,2482119
23668,2093718
23669,1229888
23670,2397320
23671,2122565
23672,3112196
23673,2479466
23674,2259148
23675,2376369
23676,2089775
23677,1311366
23678,2596768
23679,2584215
23680,3920118
23681,2877378
23682,1441249
23683,1972941
23684,1804331
23685,3027979
23686,3915225
23687,2246873
23688,2293044
23689,2352740
23690,4059667
23691,2667472
23692,2198801
23693,1271758
23694,2239106
23695,2946815
23696,5491921
23697,2109427
23698,2158799
23699,1160759
23700,4432698
23701,1864834
23702,4307670
23703,2828519
23704,1358647
23705,2164841
23706,2781226
23707,2700103
23708,2162504
23709,2669458
23710,1300437
23711,2613834
23712,2718133
23713,2508437
23714,2636688
23715,2580674
23716,1541748
23717,2049531
23718,8647859
23719,1698101
23720,5355149
23721,2265256
23722,2683582
23723,1762414
23724,2688233
23725,2013208
23726,2819224
23727,2952208
23728,1977659
23729,5692847
23730,2093007
23731,3112402
23732,3315549
23733,1494276
23734,2879883
23735,3126613
23736,1582861
23737,3582241
23738,2921213
23739,2041577
23740,6330240
23741,2944987
23742,2920002
23743,1765070
23744,1579703
23745,2582953
23746,1710568
23747,1460344
23748,1503857
23749,1798540
23750,3476219
23751,2627036
23752,2783954
23753,1383142
23754,4134680
23755,2736940
23756,1342185
23757,2572425
23758,2567966
23759,2762378
23760,2677736
23761,2881192
23762,2860023
23763,2791175
23764,3465181
23765,1473341
23766,1983590
23767,2011274
23768,3385542
23769,3563983
23770,2843114
23771,2969068
23772,7283670
23773,3026750
23774,1522250
23775,1424774
23776,1981869
23777,2695223
23778,2734133
23779,1865640
23780,2666390
23781,4259835
23782,2818647
23783,2747832
23784,3003766
23785,10950862
23786,2989639
23787,1534159
23788,2080845
23789,2892090
23790,3045246
23791,2932346
23792,2722087
23793,1824942
23794,2439117
23795,2440553
23796,2517102
23797,2685343
23798,2485830
23799,2570041
23800,2630498
23801,3484488
23802,2811567
23803,2614963
23804,2746833
23805,2147277
23806,2889400
23807,6238674
23808,1593306
23809,1905525
23810,1513830
23811,1695148
23812,1368955
23813,2574464
23814,3153357
23815,2563653
23816,3990486
23817,1429781
23818,3737042
23819,1724379
23820,1492903
23821,3108494
23822,2704111
23823,2801293
23824,2712436
23825,1938497
23826,1303613
23827,2709626
23828,1838743
23829,1900865
23830,2710517
23831,1328511
23832,3153972
23833,10981801
23834,5729724
23835,2665262
23836,1494767
23837,1671741
23838,2428043
23839,2441441
23840,3696447
23841,2858650
23842,7286910
23843,1693311
23844,3978545
23845,1960154
23846,2477466
23847,2263068
23848,2660643
23849,2144459
23850,2467932
23851,2666171
23852,3010953
23853,2968082
23854,2545972
23855,2637881
23856,2811268
23857,2757842
23858,2165934
23859,4854234
23860,2479693
23861,2883247
23862,2677645
23863,1809455
23864,4737447
23865,2011699
23866,2328313
23867,2096232
23868,2124941
23869,2496538
23870,2305101
23871,2421525
23872,1932338
23873,2115318
23874,4854059
23875,2480341
23876,2646110
23877,2348556
23878,2243422
23879,3899497
23880,2461444
23881,1157577
23882,2568829
23883,2294241
23884,1205661
23885,2256889
23886,3392369
23887,1906623
23888,2292305
23889,2708852
23890,2205235
23891,2679856
23892,3847099
23893,2724349
23894,2748057
23895,2475548
23896,3022387
23897,4834904
23898,4004701
23899,2643826
23900,6765574
23901,3076142
23902,2182645
23903,1282208
23904,2694742
23905,3389983
23906,2379744
23907,2736700
23908,3128626
23909,5988463
23910,3263722
23911,2610398
23912,2891064
23913,2680052
23914,7334737
23915,2647612
23916,3392146
23917,2489461
23918,2545489
23919,2705938
23920,3741155
23921,2898204
23922,2660505
23923,2773777
23924,6498248
23925,2083512
23926,3690430
23927,1895836
23928,1425068
23929,2530650
23930,3706600
23931,4075288
23932,4020664
23933,4242650
23934,3660857
23935,3184267
23936,2834330
23937,4440868
23938,2192436
23939,3315713
23940,2452769
23941,3373484
23942,3754519
23943,3414723
23944,3389376
23945,2988305
23946,2299285
23947,8394187
23948,3571483
23949,2070847
23950,1295206
23951,1529112
23952,2606885
23953,3571168
23954,3500824
23955,2608566
23956,3318514
23957,2453563
23958,2691477
23959,3394434
23960,3810603
23961,3674778
23962,3706933
23963,2362481
23964,2438284
23965,1007751
23966,2538975
23967,2593212
23968,2400314
23969,4337440
23970,2962681
23971,2980180
23972,6291349
23973,4175103
23974,2228494
23975,2925319
23976,2566411
23977,2643164
23978,2596457
23979,3138287
23980,4364994
23981,1689104
23982,3671496
23983,2508784
23984,1734441
23985,2742755
23986,3444345
23987,2513341
23988,2135943
23989,2646244
23990,2284002
23991,3455631
23992,2522644
23993,2814240
23994,2333415
23995,2244005
23996,3059456
23997,15818296
23998,2781669
23999,2474357
24000,2528848
24001,2792850
24002,2697761
24003,2664263
24004,2525409
24005,2256965
24006,4646424
24007,2247171
24008,2273049
24009,2360716
24010,2997745
24011,2087169
24012,2584469
24013,1214852
24014,2367115
24015,2682121
24016,2412300
24017,2460973
24018,3406644
24019,8444798
24020,3616113
24021,2585400
24022,4104406
24023,1767363
24024,1383586
24025,2380290
24026,7162083
24027,2372293
24028,2420748
24029,2739477
24030,2634217
24031,2311163
24032,4452563
24033,6490700
24034,1355903
24035,2829457
24036,2617913
24037,2336838
24038,5113828
24039,3251884
24040,4248243
24041,2870123
24042,2782429
24043,2175116
24044,2156244
24045,3923166
24046,4003751
24047,3575174
24048,3277134
24049,2618685
24050,2566209
24051,8914012
24052,3533181
24053,3920758
24054,2239130
24055,2743758
24056,1473737
24057,2608181
24058,3059057
24059,2965498
24060,2814998
24061,4427322
24062,4062532
24063,2524038
24064,1362635
24065,3030055
24066,2443702
24067,2203808
24068,2528944
24069,2534227
24070,2441230
24071,2613078
24072,2238033
24073,2525365
24074,5029959
24075,2350699
24076,2068474
24077,2538051
24078,2601164
24079,2728814
24080,3819413
24081,2146769
24082,2344638
24083,2326876
24084,3279792
24085,2411216
24086,2247597
24087,2606306
24088,3443498
24089,3521526
24090,2424866
24091,4056408
24092,3443164
24093,4363685
24094,4449910
24095,2803962
24096,2332629
24097,2623848
24098,2495508
24099,1598739
24100,2101761
24101,3614608
24102,3605713
24103,5799297
24104,2811623
24105,5834117
24106,3483802
24107,2706606
24108,4634314
24109,3954113
24110,2381132
24111,2573908
24112,2234475
24113,2388190
24114,2533181
24115,2312722
24116,2470734
24117,2532623
24118,1531427
24119,2498589
24120,2204047
24121,7049679
24122,2565030
24123,2485273
24124,2331145
24125,2483167
24126,2451907
24127,2340515
24128,2557638
24129,2445643
24130,1830574
24131,1704495
24132,2872958
24133,2760513
24134,2448260
24135,3772954
24136,3867450
24137,3735552
24138,3494181
24139,2422004
24140,3425808
24141,4407443
24142,2909079
24143,2141438
24144,2610227
24145,2758319
24146,3792864
24147,3311503
24148,1398139
24149,2403670
24150,2165725
24151,1519085
24152,2725566
24153,2114265
24154,4755242
24155,2236044
24156,2677257
24157,3027050
24158,4259385
24159,2215156
24160,3420565
24161,4483393
24162,2711046
24163,1403414
24164,2593511
24165,2591187
24166,2345166
24167,3178751
24168,2271726
24169,2633261
24170,2187499
24171,2481167
24172,2698559
24173,2649630
24174,2626009
24175,2625450
24176,2712191
24177,1437419
24178,1580887
24179,2600563
24180,3835325
24181,12035277
24182,3691527
24183,3098587
24184,2470818
24185,2678006
24186,2637961
24187,4523300
24188,3581966
24189,3102280
24190,2318748
24191,2504465
24192,2553762
24193,3311306
24194,3980208
24195,3172057
24196,3854692
24197,2780158
24198,2624930
24199,2317412
24200,2707346
24201,3884166
24202,2506231
24203,1473777
24204,2308929
24205,1252925
24206,2695113
24207,3105758
24208,2265934
24209,3126144
24210,2988535
24211,4846319
24212,6501071
24213,1353390
24214,3828533
24215,3752549
24216,6593336
24217,1779504
24218,2333614
24219,2488933
24220,3938263
24221,4214052
24222,4707040
24223,9143120
24224,3782627
24225,4347036
24226,3686837
24227,8998074
24228,2883561
24229,8107667
24230,3591583
24231,3591832
24232,3599346
24233,2366938
24234,2424628
24235,2717871
24236,2843724
24237,2485126
24238,3471362
24239,2239511
24240,4995373
24241,2927189
24242,2377214
24243,2627441
24244,2880990
24245,2555699
24246,2556205
24247,2485777
24248,2651993
24249,1451997
24250,3161720
24251,2682791
24252,2978570
24253,2341832
24254,1990947
24255,1895868
24256,4374554
24257,3966607
24258,2512031
24259,2566045
24260,1886268
24261,2636924
24262,2544725
24263,2490505
24264,2251329
24265,2317283
24266,2298368
24267,3166231
24268,2679894
24269,2028569
24270,4215081
24271,3385584
24272,3664887
24273,2418901
24274,2046431
24275,2132949
24276,2217501
24277,3449270
24278,2589436
24279,11193954
24280,3679879
24281,2896433
24282,1587251
24283,1804759
24284,2225442
24285,2754466
24286,3290919
24287,2486764
24288,5040838
24289,2812745
24290,3334947
24291,3776960
24292,2129841
24293,3036840
24294,3372770
24295,2333597
24296,2478604
24297,6471435
24298,2965399
24299,3012636
24300,2664164
24301,3321696
24302,3354084
24303,2532809
24304,2383745
24305,4203243
24306,3815726
24307,6056350
24308,2711048
24309,2600538
24310,3078899
24311,1361859
24312,2715190
24313,3595493
24314,3216525
24315,4508857
24316,3068011
24317,4384557
24318,2624341
24319,2637253
24320,2263684
24321,6748200
24322,2766206
24323,2903132
24324,2112972
24325,2704378
24326,2671889
24327,2396498
24328,2312534
24329,2693252
24330,3178864
24331,2678852
24332,2520394
24333,1916495
24334,2534434
24335,1213067
24336,3517938
24337,2439854
24338,2360545
24339,2266846
24340,2636364
24341,4023492
24342,3560220
24343,3840247
24344,4342705
24345,2761496
24346,1453305
24347,2264801
24348,2141751
24349,2417814
24350,2323691
24351,2011610
24352,2017538
24353,12405596
24354,2360549
24355,6246006
24356,2210343
24357,2535263
24358,2418443
24359,1893398
24360,2152735
24361,1996391
24362,3087526
24363,2276354
24364,2251010
24365,2365509
24366,3579186
24367,2025657
24368,2191047
24369,2668147
24370,4011370
24371,3703363
24372,3309952
24373,2543359
24374,2298639
24375,4711873
24376,2222647
24377,2491407
24378,4091606
24379,2859588
24380,2516517
24381,2419485
24382,4939081
24383,3185727
24384,4118350
24385,3947682
24386,2388881
24387,4100559
24388,3672439
24389,1605616
24390,3627315
24391,2464486
24392,1259204
24393,1681112
24394,4330024
24395,2486671
24396,9098252
24397,4522413
24398,3871673
24399,3954391
24400,6394176
24401,6354637
24402,3715306
24403,3591913
24404,3482137
24405,3964516
24406,3571601
24407,2050652
24408,3600247
24409,3447988
24410,2137387
24411,2473641
24412,5620710
24413,4855867
24414,6071507
24415,3850661
24416,1409561
24417,2626917
24418,2539885
24419,2309324
24420,4320673
24421,2703051
24422,2611297
24423,2601305
24424,2292263
24425,3396119
24426,3403175
24427,2630704
24428,2985527
24429,2536191
24430,2369202
24431,4188208
24432,2882464
24433,3828623
24434,2593446
24435,2689151
24436,2059077
24437,3651545
24438,4566943
24439,2975157
24440,2509558
24441,2721061
24442,1948307
24443,2580303
24444,2755472
24445,2401177
24446,2222013
24447,2134574
24448,2523926
24449,2688933
24450,2406336
24451,2824169
24452,3194422
24453,2831120
24454,3705934
24455,1478053
24456,2274082
24457,2976533
24458,4281221
24459,3917516
24460,4652206
24461,4147701
24462,4280259
24463,3644793
24464,1406617
24465,2547386
24466,2001651
24467,1693295
24468,2435290
24469,3972704
24470,4042858
24471,3853833
24472,3259812
24473,2218913
24474,1483742
24475,1962340
24476,3526381
24477,2673271
24478,3119803
24479,2477238
24480,3078277
24481,2367084
24482,2502927
24483,2010645
24484,3085201
24485,2587470
24486,6283288
24487,1947394
24488,2009634
24489,3307486
24490,2256762
24491,4752829
24492,3928155
24493,13817006
24494,2431937
24495,5967800
24496,1443373
24497,2340368
24498,2741584
24499,4158609
24500,3857509
24501,3675082
24502,3725234
24503,2265400
24504,2442225
24505,16792677
24506,3703652
24507,1346976
24508,2201557
24509,2255486
24510,3511768
24511,2341501
24512,2750996
24513,4665665
24514,3732032
24515,2711909
24516,3294754
24517,2670068
24518,3695788
24519,3445104
24520,3707643
24521,3718567
24522,5730841
24523,3808830
24524,3848115
24525,2829285
24526,3559855
24527,2936069
24528,2774386
24529,3090803
24530,3807478
24531,4609534
24532,3822744
24533,2457170
24534,2351851
24535,2015888
24536,2116556
24537,2316112
24538,1790317
24539,1426875
24540,2743288
24541,2719329
24542,1322973
24543,2669462
24544,2864675
24545,5484354
24546,4594367
24547,3987965
24548,2606713
24549,2519784
24550,1526077
24551,2245456
24552,2649414
24553,2487294
24554,2293036
24555,2244055
24556,3873166
24557,5082568
24558,2025966
24559,3395661
24560,3099059
24561,2377587
24562,2774673
24563,2556180
24564,2531245
24565,4547081
24566,3757424
24567,4348687
24568,3433282
24569,5359248
24570,2923305
24571,1327834
24572,3537156
24573,2260620
24574,3927452
24575,2430576
24576,4504505
24577,2102358
24578,1077339
24579,2813125
24580,2297655
24581,2452182
24582,1609237
24583,2179712
24584,2202074
24585,3368499
24586,8312021
24587,5784137
24588,4189773
24589,2479331
24590,2300533
24591,2321367
24592,3672590
24593,2471762
24594,4003081
24595,3979881
24596,3679423
24597,2312665
24598,3768716
24599,4603433
24600,1288845
24601,2786511
24602,2534576
24603,1330911
24604,2595893
24605,4845762
24606,1831712
24607,3066146
24608,1252447
24609,2951071
24610,2287684
24611,2375094
24612,2938661
24613,2472425
24614,1377300
24615,3586098
24616,2378045
24617,2044561
24618,1429213
24619,4145293
24620,3837043
24621,2572137
24622,2379456
24623,2469249
24624,2830524
24625,2584098
24626,3119418
24627,2469372
24628,2568020
24629,3673090
24630,3142679
24631,2394617
24632,3315278
24633,15502933
24634,2269472
24635,1597556
24636,3320802
24637,2564161
24638,2028547
24639,2552981
24640,2231345
24641,2455941
24642,2289250
24643,2065827
24644,2310779
24645,2279946
24646,1971021
24647,2249320
24648,2527307
24649,2015767
24650,2061108
24651,2072117
24652,1877967
24653,2448016
24654,2406360
24655,2497175
24656,2197535
24657,1675136
24658,2511280
24659,2739833
24660,4557989
24661,2630321
24662,3702617
24663,2417240
24664,6272966
24665,2414369
24666,3789060
24667,2861164
24668,3857520
24669,6860693
24670,2444826
24671,2735250
24672,2486231
24673,2387611
24674,2671994
24675,2404930
24676,2318244
24677,3856948
24678,2389543
24679,2441000
24680,3403168
24681,2961527
24682,2620022
24683,2526091
24684,2263703
24685,2091032
24686,2123504
24687,2511715
24688,2113253
24689,1353780
24690,2555237
24691,2384113
24692,3045378
24693,2806611
24694,4330796
24695,2639193
24696,3159963
24697,2716087
24698,2761542
24699,1472123
24700,4380450
24701,16937190
24702,2965859
24703,2711718
24704,6792842
24705,2974735
24706,3388098
24707,3510677
24708,1378624
24709,2940753
24710,1359186
24711,2739706
24712,6065062
24713,4190809
24714,3309610
24715,3648883
24716,3564208
24717,2602994
24718,3570456
24719,4218835
24720,3570470
24721,1765389
24722,2104762
24723,6025722
24724,3126430
24725,2354262
24726,1121104
24727,3936821
24728,3414431
24729,2860497
24730,1896425
24731,1836742
24732,1911097
24733,2643647
24734,1816749
24735,2811568
24736,1772875
24737,2496489
24738,2608677
24739,3927692
24740,7411533
24741,2675575
24742,3517936
24743,2857223
24744,2572973
24745,2761514
24746,2286396
24747,2249550
24748,2459106
24749,2841425
24750,2247213
24751,2454006
24752,2299672
24753,1439659
24754,3706126
24755,2222006
24756,5106792
24757,2168263
24758,2073128
24759,3681526
24760,2384193
24761,2303130
24762,2404592
24763,3609142
24764,3401296
24765,3739615
24766,3554508
24767,4148861
24768,1972954
24769,2632654
24770,2682696
24771,4525341
24772,3246519
24773,1558635
24774,2871666
24775,2930139
24776,2680636
24777,3987456
24778,3061186
24779,2719422
24780,2702972
24781,3062183
24782,2844771
24783,4355501
24784,1757773
24785,1674457
24786,2581352
24787,1855685
24788,2506190
24789,1366229
24790,2508228
24791,2803831
24792,1452107
24793,1435807
24794,1357846
24795,2558701
24796,2915188
24797,14343288
24798,4126239
24799,2721419
24800,1761535
24801,2727021
24802,5596946
24803,1742734
24804,2640988
24805,2695985
24806,2486694
24807,1425602
24808,3082936
24809,2615994
24810,4668113
24811,2106815
24812,1426332
24813,1347026
24814,2722859
24815,2832322
24816,2769762
24817,1453591
24818,6245984
24819,3230290
24820,2786935
24821,2763783
24822,2707791
24823,2742906
24824,2752313
24825,2759572
24826,3554437
24827,2747366
24828,2634129
24829,1800455
24830,2652467
24831,1888282
24832,2708426
24833,1806156
24834,1622241
24835,1648363
24836,2625564
24837,1660406
24838,2638049
24839,1423580
24840,2252342
24841,1638812
24842,2839126
24843,1608581
24844,6543256
24845,1426331
24846,2626163
24847,1361473
24848,2559777
24849,2916763
24850,3062099
24851,2557356
24852,2879036
24853,6008885
24854,3089478
24855,3334631
24856,2574248
24857,2731597
24858,1979292
24859,2056413
24860,2829648
24861,2224461
24862,5487378
24863,2043179
24864,1438097
24865,2594666
24866,2691554
24867,1731799
24868,2669104
24869,2161273
24870,2759967
24871,1425610
24872,3551330
24873,3010284
24874,2801941
24875,1510987
24876,2688052
24877,2816465
24878,3783231
24879,1574112
24880,2721798
24881,1794043
24882,2928561
24883,3173206
24884,3059375
24885,2724180
24886,2554440
24887,2665124
24888,1394104
24889,3134131
24890,2819097
24891,2661093
24892,2573931
24893,1921182
24894,2689132
24895,2615216
24896,2903310
24897,3116039
24898,2864404
24899,3003531
24900,1462642
24901,2036697
24902,3045316
24903,3707492
24904,2837575
24905,2194901
24906,3010496
24907,3225864
24908,6167690
24909,1647357
24910,2868943
24911,3237943
24912,2328266
24913,2210367
24914,3069696
24915,2904914
24916,1410491
24917,1720161
24918,2014633
24919,1383416
24920,2059161
24921,1516656
24922,1686575
24923,1632637
24924,1516831
24925,1601931
24926,1333770
24927,2805375
24928,1997209
24929,2899801
24930,2754362
24931,2660833
24932,2711263
24933,2575767
24934,1636726
24935,2561888
24936,2536708
24937,1416063
24938,2643905
24939,2655230
24940,2574057
24941,3050457
24942,2784678
24943,2669508
24944,1792165
24945,11907621
24946,2878080
24947,1588052
24948,2475823
24949,2783638
24950,1375971
24951,4139144
24952,2844455
24953,1573405
24954,2176520
24955,2141326
24956,2674865
24957,3033606
24958,2951050
24959,1810737
24960,2159965
24961,2399512
24962,2793635
24963,2801284
24964,4312236
24965,1976259
24966,2677068
24967,1500336
24968,2787835
24969,2884363
24970,4735932
24971,2029638
24972,4745636
24973,2057765
24974,1953035
24975,2746799
24976,1392121
24977,2755948
24978,2768297
24979,3105375
24980,2675423
24981,3711163
24982,2719568
24983,1351178
24984,3163183
24985,1560394
24986,2727069
24987,5514222
24988,2975222
24989,2693977
24990,2663014
24991,2817398
24992,2872215
24993,2081648
24994,2716895
24995,2624060
24996,1648991
24997,1813710
24998,2543543
24999,2822482
25000,2588678
25001,1994127
25002,1806832
25003,1752328
25004,2603438
25005,2521459
25006,4489076
25007,1833515
25008,6214990
25009,1789090
25010,2785348
25011,2863492
25012,1763944
25013,1313975
25014,2652852
25015,1935033
25016,1353992
25017,2629233
25018,2477690
25019,1405320
25020,1365876
25021,5495523
25022,1408195
25023,1944600
25024,2021620
25025,1849043
25026,1441389
25027,3008153
25028,2601077
25029,4345568
25030,3206963
25031,2830503
25032,2042841
25033,1518033
25034,2590828
25035,1689060
25036,2274784
25037,1793974
25038,2721282
25039,1798638
25040,3186288
25041,3284316
25042,1378889
25043,3007991
25044,2962319
25045,2560528
25046,4150120
25047,6527341
25048,4186125
25049,2605935
25050,3979408
25051,1881153
25052,3925019
25053,2877119
25054,2520760
25055,3236183
25056,2676045
25057,2791874
25058,2772375
25059,4983272
25060,2216792
25061,2889628
25062,2493220
25063,2665432
25064,4167175
25065,4429283
25066,2449143
25067,3640174
25068,8198561
25069,1918806
25070,3848405
25071,4079229
25072,3665573
25073,3897406
25074,5005768
25075,3092837
25076,4600036
25077,3087752
25078,4022383
25079,2069514
25080,2486010
25081,4204017
25082,3769506
25083,3825318
25084,3456174
25085,3920074
25086,3576133
25087,3791949
25088,2165337
25089,2379220
25090,3580305
25091,3428658
25092,3844979
25093,2621052
25094,2279036
25095,2095976
25096,3874956
25097,2770183
25098,1817204
25099,1737576
25100,2349562
25101,2624282
25102,2244089
25103,2425737
25104,2055437
25105,2035660
25106,3454217
25107,3871574
25108,6425304
25109,3555571
25110,5404643
25111,3652489
25112,3463977
25113,2277396
25114,2114681
25115,2212531
25116,3294262
25117,1917262
25118,1994581
25119,3228295
25120,1159711
25121,3767352
25122,3670524
25123,2090486
25124,2281693
25125,2231279
25126,2137337
25127,2173872
25128,2539366
25129,3263918
25130,3463053
25131,1699392
25132,1914449
25133,3245308
25134,3540714
25135,2156838
25136,2109850
25137,2370732
25138,3641112
25139,1344685
25140,4893670
25141,2954069
25142,4104278
25143,3571630
25144,2199443
25145,2015695
25146,3896823
25147,2374001
25148,2724057
25149,5651628
25150,3589810
25151,2606853
25152,3147488
25153,11778395
25154,2524135
25155,3665960
25156,2570235
25157,2720120
25158,2476661
25159,3401234
25160,2704885
25161,2330015
25162,2868882
25163,1234132
25164,2727903
25165,1879446
25166,2097842
25167,2773277
25168,4838105
25169,4533135
25170,2275769
25171,2069742
25172,2540764
25173,2765969
25174,1301111
25175,2447294
25176,3095968
25177,2555971
25178,2535519
25179,3189343
25180,4130717
25181,4113914
25182,3509418
25183,3348062
25184,2964073
25185,4301040
25186,2505660
25187,2838869
25188,2205915
25189,2351478
25190,2325381
25191,2573861
25192,2456397
25193,2159930
25194,2344746
25195,1154410
25196,4562381
25197,4264971
25198,4096746
25199,5386678
25200,3903907
25201,4052400
25202,2718495
25203,2476860
25204,2628190
25205,3263708
25206,2950758
25207,2547595
25208,2440284
25209,1759032
25210,2951860
25211,5628728
25212,2577495
25213,1742034
25214,2509394
25215,2427858
25216,2575402
25217,1402067
25218,2605111
25219,2670829
25220,3023568
25221,2750145
25222,3749851
25223,1344981
25224,2436425
25225,3147158
25226,2870106
25227,1471760
25228,2571401
25229,2712127
25230,2339401
25231,6828890
25232,4221942
25233,2484833
25234,2748030
25235,1430637
25236,2536001
25237,4517722
25238,3916614
25239,2677634
25240,3199729
25241,2379098
25242,3939629
25243,2371969
25244,2680009
25245,2845524
25246,5103703
25247,3240608
25248,5043572
25249,4536906
25250,3892560
25251,4656085
25252,2616603
25253,2818130
25254,2446674
25255,2031356
25256,4224393
25257,4459239
25258,7640526
25259,2281050
25260,2863435
25261,2882362
25262,3901397
25263,2744020
25264,2542954
25265,3821491
25266,4018676
25267,2294156
25268,2247321
25269,2321044
25270,3740938
25271,2405587
25272,2493611
25273,2435921
25274,2123362
25275,2475646
25276,2353958
25277,2980860
25278,1232029
25279,3918807
25280,2837287
25281,1529136
25282,2652324
25283,2892572
25284,2474735
25285,2593431
25286,2499700
25287,2689364
25288,3919634
25289,2396074
25290,2413444
25291,2280909
25292,2565454
25293,1438084
25294,2296443
25295,2228900
25296,2497483
25297,2291652
25298,8105130
25299,1627128
25300,2777878
25301,1841700
25302,3687663
25303,3837221
25304,7227436
25305,2073435
25306,3365440
25307,2667341
25308,2264056
25309,2178706
25310,2273191
25311,2853505
25312,3742785
25313,2395826
25314,2361911
25315,3180390
25316,2316729
25317,2936505
25318,2496398
25319,2865310
25320,3243063
25321,2516170
25322,3749666
25323,4236234
25324,2588694
25325,3594166
25326,3545716
25327,3108956
25328,2337507
25329,2324154
25330,2375089
25331,2534464
25332,2287343
25333,15585495
25334,1322126
25335,2475684
25336,2339414
25337,2841275
25338,2711960
25339,2426702
25340,4542279
25341,4007038
25342,2451569
25343,3889896
25344,3510931
25345,1493408
25346,2256995
25347,2427208
25348,1778047
25349,2255336
25350,2024833
25351,2737926
25352,2669305
25353,2493187
25354,3365400
25355,1345714
25356,2831602
25357,2770133
25358,2728712
25359,3859264
25360,3845798
25361,2506431
25362,2594541
25363,4078106
25364,3640560
25365,2779900
25366,1233426
25367,3085060
25368,2366313
25369,2666502
25370,2210726
25371,2841323
25372,2308191
25373,4362639
25374,3865967
25375,2365211
25376,3285203
25377,1498653
25378,6719160
25379,1927558
25380,3498828
25381,1386325
25382,7849682
25383,2308492
25384,2372555
25385,3124125
25386,2781721
25387,1247856
25388,2423696
25389,2267762
25390,1918436
25391,3562382
25392,2550114
25393,2181194
25394,12470886
25395,3344213
25396,2408910
25397,2721323
25398,2970101
25399,3633149
25400,3922050
25401,4177877
25402,3876355
25403,3781043
25404,3375571
25405,3271543
25406,2253497
25407,3245268
25408,2460814
25409,2544419
25410,1979245
25411,1723624
25412,2438362
25413,3866291
25414,3844976
25415,2789616
25416,2336787
25417,2195918
25418,3504367
25419,1416622
25420,4467083
25421,2890140
25422,3952053
25423,1344394
25424,1379257
25425,2567791
25426,2017896
25427,2582588
25428,2831461
25429,5789316
25430,1604206
25431,2489250
25432,2006777
25433,1893530
25434,3951460
25435,2193329
25436,2601268
25437,2491462
25438,4159531
25439,2986277
25440,2524201
25441,1773907
25442,2223805
25443,1962463
25444,3533192
25445,3317012
25446,1964524
25447,3805671
25448,3799850
25449,5134780
25450,4417783
25451,3778432
25452,2060703
25453,1311337
25454,3954281
25455,2722842
25456,2457807
25457,2799764
25458,3056509
25459,2737065
25460,2314733
25461,2617869
25462,3328654
25463,3914817
25464,2488031
25465,3909195
25466,3468059
25467,2366451
25468,2182169
25469,2537028
25470,2891508
25471,2461366
25472,2416076
25473,1179102
25474,3695871
25475,2244338
25476,3488486
25477,1896974
25478,2626138
25479,2550034
25480,2326634
25481,4251713
25482,3854431
25483,2705449
25484,2586648
25485,2310852
25486,2655556
25487,3918353
25488,2392417
25489,10052597
25490,2537242
25491,3406746
25492,4472171
25493,1359924
25494,2101513
25495,2604614
25496,2243715
25497,1958415
25498,1858821
25499,3426580
25500,3196990
25501,2681375
25502,1874069
25503,4311195
25504,2008736
25505,1554432
25506,2343742
25507,2551623
25508,1930604
25509,1946164
25510,1793437
25511,2063534
25512,2450439
25513,1786570
25514,1967602
25515,2179723
25516,1627291
25517,2477835
25518,3671242
25519,2515684
25520,2347704
25521,3010600
25522,2352328
25523,2607717
25524,3497717
25525,2280695
25526,2329888
25527,3807284
25528,2730177
25529,2517074
25530,3338155
25531,2198448
25532,2220660
25533,4005359
25534,2473971
25535,2195173
25536,2318019
25537,1331630
25538,2771068
25539,8371021
25540,2482945
25541,1853759
25542,2159074
25543,2190320
25544,3763326
25545,7238065
25546,2370733
25547,4675692
25548,1413448
25549,2367166
25550,3759652
25551,2556362
25552,2403673
25553,2177171
25554,3191448
25555,2422918
25556,1869544
25557,2618828
25558,2403097
25559,2488648
25560,2410652
25561,9445211
25562,3109069
25563,2194506
25564,2086107
25565,3497406
25566,2125620
25567,2054444
25568,3578609
25569,1382243
25570,3242514
25571,2677680
25572,3948939
25573,2901521
25574,2311232
25575,4304535
25576,2346577
25577,2388285
25578,3535516
25579,4300016
25580,2513557
25581,4730181
25582,4751364
25583,2024096
25584,3774673
25585,3840629
25586,2697037
25587,2474164
25588,6053519
25589,3947116
25590,1173461
25591,4301778
25592,4211653
25593,3686399
25594,3501696
25595,2427137
25596,3926828
25597,1509840
25598,3868578
25599,2295178
25600,1923807
25601,1702417
25602,1374319
25603,1265160
25604,3801106
25605,2616817
25606,3416204
25607,2187931
25608,2310177
25609,2272878
25610,3985127
25611,2675265
25612,2806370
25613,2665243
25614,2552151
25615,2355910
25616,3732266
25617,2534446
25618,2145299
25619,2208671
25620,4110051
25621,4356687
25622,2564989
25623,3682489
25624,2696475
25625,1343153
25626,2626797
25627,3802106
25628,7158941
25629,2677104
25630,2341626
25631,2367802
25632,2596164
25633,10675709
25634,2518108
25635,2483975
25636,2168341
25637,2349705
25638,2955780
25639,2618039
25640,2912302
25641,2617369
25642,1550724
25643,2172449
25644,3352541
25645,4298523
25646,2572253
25647,2734740
25648,2467341
25649,3743712
25650,2579121
25651,2529362
25652,2883126
25653,3494826
25654,1480019
25655,4455582
25656,3915904
25657,3480862
25658,7849218
25659,3285167
25660,4365826
25661,2787470
25662,2585945
25663,3113256
25664,2352620
25665,2493998
25666,3504500
25667,2463339
25668,2328646
25669,2792505
25670,2070505
25671,2414640
25672,2476736
25673,2209798
25674,2545409
25675,2662282
25676,2124410
25677,4178810
25678,5912353
25679,3793688
25680,5860719
25681,4328477
25682,4223082
25683,3465213
25684,3273959
25685,1899732
25686,2005940
25687,1842348
25688,1913465
25689,2002646
25690,2347309
25691,1900966
25692,2486630
25693,2355822
25694,2094405
25695,4100979
25696,3383780
25697,2453612
25698,2450165
25699,3261003
25700,2652166
25701,5663402
25702,2618468
25703,2262491
25704,2138550
25705,2080619
25706,2616202
25707,1987878
25708,1294907
25709,2462534
25710,3829366
25711,2561135
25712,3083693
25713,2511775
25714,2475613
25715,2216489
25716,2031421
25717,2271929
25718,3708981
25719,4179620
25720,3746059
25721,12241425
25722,2317865
25723,1792416
25724,3269143
25725,3476338
25726,3512274
25727,1524096
25728,4577185
25729,1996938
25730,2399728
25731,3888518
25732,3778343
25733,2099433
25734,2272533
25735,2193987
25736,3515768
25737,2520909
25738,1961653
25739,2678173
25740,3614819
25741,2999669
25742,3368904
25743,2509475
25744,3567397
25745,2201861
25746,3726854
25747,2612649
25748,3432820
25749,2752620
25750,2017919
25751,2336831
25752,3093415
25753,4246444
25754,2343211
25755,1329197
25756,4125294
25757,3366799
25758,2134754
25759,1638077
25760,2199419
25761,1857376
25762,3811731
25763,3245535
25764,3383809
25765,6018425
25766,1871038
25767,2331298
25768,2356855
25769,8747979
25770,2354491
25771,3123467
25772,3630966
25773,2348091
25774,2117446
25775,2158088
25776,2463339
25777,2590120
25778,2312769
25779,3203526
25780,2319988
25781,3487079
25782,1851420
25783,2268777
25784,2268137
25785,3324572
25786,1955825
25787,2447571
25788,2181744
25789,2153098
25790,1272243
25791,2346742
25792,2489348
25793,1719726
25794,2267125
25795,3759799
25796,3505566
25797,3625075
25798,5389565
25799,2220276
25800,2332541
25801,2968038
25802,2590368
25803,2409011
25804,3179252
25805,3957672
25806,5775088
25807,2764191
25808,2600520
25809,2335258
25810,2183129
25811,2158345
25812,4061507
25813,2685881
25814,3250304
25815,5777934
25816,1657108
25817,2563253
25818,3623804
25819,1990445
25820,3530401
25821,2702018
25822,2587957
25823,1920844
25824,2868036
25825,2625988
25826,1520083
25827,4925169
25828,1352642
25829,2708787
25830,2456754
25831,3782897
25832,2389291
25833,12552189
25834,2338115
25835,1470092
25836,3698418
25837,2255791
25838,3693788
25839,2233078
25840,3440242
25841,2872963
25842,2739006
25843,2240536
25844,2031735
25845,2497175
25846,1491286
25847,2694752
25848,10322558
25849,2603109
25850,1900220
25851,1401488
25852,1431759
25853,2617025
25854,2821454
25855,2849473
25856,3394020
25857,1360352
25858,2693416
25859,2681753
25860,1726321
25861,2735408
25862,2637680
25863,2197050
25864,1350814
25865,3071405
25866,2683482
25867,2788380
25868,2562772
25869,7813604
25870,2130919
25871,5307426
25872,2780890
25873,2851422
25874,2190159
25875,2036592
25876,2812589
25877,1668455
25878,2092655
25879,2877389
25880,2824980
25881,3181537
25882,2867586
25883,3058926
25884,3089591
25885,2787135
25886,2020542
25887,2195578
25888,2425153
25889,7238358
25890,3097291
25891,2863720
25892,1482624
25893,3439716
25894,3021682
25895,3802916
25896,2838870
25897,2885501
25898,1580382
25899,4133456
25900,3513495
25901,2106568
25902,4720816
25903,2373558
25904,3440806
25905,2690193
25906,2229822
25907,2668653
25908,6282053
25909,1373705
25910,2604252
25911,3554595
25912,1540461
25913,3011013
25914,2664076
25915,2751441
25916,1465975
25917,1693335
25918,2828388
25919,1942517
25920,2001690
25921,2177907
25922,1483374
25923,4106953
25924,1918610
25925,2968663
25926,2748994
25927,2820225
25928,2825153
25929,2039489
25930,2612767
25931,3171097
25932,1964351
25933,3254709
25934,3554823
25935,3073180
25936,1697846
25937,2684781
25938,2640701
25939,1636728
25940,3133518
25941,3018982
25942,1457882
25943,1622432
25944,2698975
25945,4246932
25946,3105725
25947,2675420
25948,1584635
25949,2708148
25950,2620144
25951,1486660
25952,3542723
25953,3743558
25954,2796800
25955,1912005
25956,2697222
25957,1797119
25958,2688744
25959,1941500
25960,3371765
25961,2515095
25962,2841287
25963,3005020
25964,2781921
25965,2879143
25966,2718660
25967,2689175
25968,2684418
25969,4372594
25970,1434492
25971,2823486
25972,1977163
25973,2856075
25974,3491940
25975,2030657
25976,2072985
25977,2895861
25978,1632117
25979,1512285
25980,2865641
25981,3089736
25982,1978293
25983,4355213
25984,3013256
25985,2850196
25986,2877242
25987,1885703
25988,2917825
25989,1927978
25990,2722020
25991,1957860
25992,1804713
25993,2604682
25994,2688746
25995,4463351
25996,2698584
25997,2682455
25998,2622850
25999,1934195
26000,2553823
26001,2781468
26002,2059622
26003,2796747
26004,3294319
26005,1856405
26006,1390613
26007,1896358
26008,2947029
26009,2789541
26010,3229273
26011,1884024
26012,3400684
26013,2458811
26014,1432072
26015,1945694
26016,2943645
26017,17214531
26018,1329617
26019,4228335
26020,4718577
26021,3691967
26022,4694942
26023,2210489
26024,2595192
26025,3581167
26026,3358624
26027,1373786
26028,3749026
26029,3686481
26030,1342760
26031,2031175
26032,3629973
26033,2497411
26034,2618266
26035,3255486
26036,3775622
26037,2887411
26038,2749818
26039,1360950
26040,2564834
26041,2639309
26042,2807251
26043,2591875
26044,4458192
26045,4529494
26046,3173154
26047,2686837
26048,2331936
26049,2499598
26050,1189389
26051,2595228
26052,4693764
26053,2735085
26054,2784402
26055,4347939
26056,3829282
26057,3382277
26058,3844921
26059,2160385
26060,2531812
26061,2847853
26062,4951997
26063,6675835
26064,2496836
26065,3235657
26066,2408009
26067,2463865
26068,2354831
26069,2643686
26070,3772279
26071,2533867
26072,2534204
26073,4435932
26074,4208293
26075,3769264
26076,2776184
26077,2921290
26078,3384852
26079,4561699
26080,4167473
26081,6667601
26082,2684925
26083,2858265
26084,2398726
26085,2611698
26086,2219082
26087,2834793
26088,3582063
26089,14739839
26090,2427686
26091,2327730
26092,2937851
26093,2592794
26094,2678791
26095,2294531
26096,3673915
26097,2580524
26098,9475779
26099,2731835
26100,6414161
26101,2375896
26102,4384815
26103,2699312
26104,4142720
26105,3979905
26106,4335416
26107,6139918
26108,4036250
26109,2467680
26110,1384403
26111,2726449
26112,2693887
26113,13866294
26114,2698744
26115,4008419
26116,3856633
26117,3866798
26118,1733108
26119,4316868
26120,3727030
26121,2684742
26122,2272905
26123,1370720
26124,3905563
26125,1926084
26126,2168438
26127,2072008
26128,2513448
26129,3484506
26130,4040525
26131,3926893
26132,3526613
26133,2525387
26134,2074668
26135,3085219
26136,3481513
26137,2404131
26138,1824994
26139,2259462
26140,4222524
26141,14404039
26142,4561824
26143,3955132
26144,2686339
26145,2496945
26146,2638498
26147,4132489
26148,4039155
26149,4653767
26150,13635791
26151,3825347
26152,3716284
26153,3705008
26154,4803976
26155,3999068
26156,5085770
26157,2699305
26158,3924511
26159,3041862
26160,3467994
26161,7164040
26162,4515072
26163,5246367
26164,4422209
26165,3750945
26166,2750811
26167,2525712
26168,2396202
26169,2743793
26170,4426967
26171,2743128
26172,2930492
26173,3022378
26174,2970531
26175,2860702
26176,2818227
26177,2691382
26178,1472080
26179,2803402
26180,4514848
26181,3142109
26182,4069149
26183,1834294
26184,4384512
26185,2660161
26186,3927778
26187,8100906
26188,4407063
26189,3799450
26190,3994543
26191,2677404
26192,2891926
26193,2520383
26194,5301290
26195,3260475
26196,5788976
26197,5897771
26198,3967759
26199,2041546
26200,2760844
26201,3198720
26202,4354303
26203,3140788
26204,4533223
26205,6753004
26206,2895233
26207,4093110
26208,1611574
26209,4183355
26210,4082000
26211,1993819
26212,2595482
26213,2618108
26214,2298237
26215,2398329
26216,2388921
26217,1895837
26218,2563541
26219,2551021
26220,3472145
26221,1493737
26222,1661557
26223,2628153
26224,3420506
26225,2297039
26226,4447065
26227,3038260
26228,3946670
26229,1851573
26230,4669974
26231,2723784
26232,2834511
26233,7766510
26234,2807692
26235,2809211
26236,2730587
26237,16395244
26238,2769853
26239,2700242
26240,2743800
26241,3514216
26242,2725988
26243,1374833
26244,3876124
26245,2558865
26246,3955074
26247,4379765
26248,2352925
26249,2232207
26250,2892939
26251,2817733
26252,3030593
26253,2970378
26254,2750437
26255,4698586
26256,3013728
26257,2335752
26258,1315094
26259,2931688
26260,2767347
26261,3150943
26262,3703917
26263,2697672
26264,3399635
26265,4290350
26266,2858981
26267,4032385
26268,7162586
26269,2421275
26270,2433718
26271,2775966
26272,4140395
26273,2470416
26274,8239025
26275,1395201
26276,2765919
26277,2471748
26278,2882916
26279,4208671
26280,4081291
26281,3093506
26282,4248473
26283,2868177
26284,3035183
26285,2918357
26286,4150280
26287,3184369
26288,2492063
26289,5964720
26290,4346522
26291,2487364
26292,2899060
26293,2358217
26294,2578021
26295,2666928
26296,1724359
26297,2982154
26298,2863443
26299,3731409
26300,2688982
26301,2913505
26302,2543900
26303,2963263
26304,2877135
26305,3224010
26306,2977132
26307,2642054
26308,4102627
26309,5938597
26310,4002960
26311,5736940
26312,2841356
26313,3002958
26314,3893553
26315,3887231
26316,4349188
26317,2636510
26318,2575752
26319,2684575
26320,2448247
26321,2356003
26322,2449049
26323,2674343
26324,2802924
26325,7270075
26326,8017518
26327,2360501
26328,2421803
26329,2312218
26330,2226876
26331,3874848
26332,2272644
26333,2488050
26334,1559342
26335,2820637
26336,3704984
26337,4198614
26338,2337345
26339,1318655
26340,2386907
26341,2853127
26342,2576946
26343,2284366
26344,2142981
26345,2389702
26346,4314657
26347,2749094
26348,2411685
26349,2883451
26350,2132664
26351,1927725
26352,4776211
26353,2587326
26354,4209406
26355,3145974
26356,4656835
26357,4100052
26358,2265228
26359,2841176
26360,2895689
26361,2748608
26362,2885638
26363,2453040
26364,2567902
26365,2742259
26366,2657912
26367,3738420
26368,3366848
26369,2483759
26370,3365512
26371,1392796
26372,3152724
26373,5892097
26374,2675726
26375,2443330
26376,2247525
26377,2296521
26378,2060011
26379,2198081
26380,3975309
26381,2140875
26382,8052095
26383,3015723
26384,2377180
26385,3116760
26386,2511906
26387,2226586
26388,2011181
26389,11429775
26390,2431324
26391,3802251
26392,2326317
26393,1295789
26394,11026606
26395,3585301
26396,2646485
26397,4076510
26398,4574551
26399,3689874
26400,3829718
26401,2995352
26402,2616885
26403,2858729
26404,1582453
26405,17523762
26406,2800510
26407,1270836
26408,2381664
26409,2986283
26410,3325846
26411,3621809
26412,4608469
26413,2629083
26414,3454234
26415,6508961
26416,4002636
26417,2919795
26418,3593709
26419,2735474
26420,6481217
26421,6542465
26422,2133014
26423,3280908
26424,1685885
26425,2336512
26426,2134718
26427,2425631
26428,5793360
26429,11433972
26430,1567091
26431,3106262
26432,2462888
26433,1982622
26434,2647985
26435,1430895
26436,5726171
26437,2423617
26438,2373398
26439,4129289
26440,2281127
26441,2143629
26442,4936072
26443,4445251
26444,4983006
26445,2827970
26446,2886153
26447,2691096
26448,2782507
26449,2922491
26450,4012069
26451,2669368
26452,4779551
26453,2450004
26454,2389304
26455,4433530
26456,4278909
26457,12710578
26458,3073027
26459,2061064
26460,2988968
26461,2999197
26462,2927954
26463,2690436
26464,3456490
26465,1544449
26466,3073658
26467,2568028
26468,2319808
26469,2490733
26470,2508894
26471,2051995
26472,2890654
26473,3514193
26474,2816537
26475,4566045
26476,2491687
26477,2506631
26478,6742420
26479,2983363
26480,2736783
26481,3023818
26482,3831249
26483,2602141
26484,4084692
26485,18893901
26486,5566128
26487,3074721
26488,3179107
26489,2238654
26490,2297921
26491,2077559
26492,2857932
26493,3470721
26494,2534809
26495,3083320
26496,2609230
26497,2686089
26498,2236018
26499,4726671
26500,2756559
26501,4202241
26502,2591819
26503,3192719
26504,2688566
26505,2779324
26506,3263249
26507,2758444
26508,2225345
26509,1576400
26510,2886537
26511,2842939
26512,5582950
26513,3758332
26514,3436473
26515,3054043
26516,2881856
26517,3625474
26518,2565871
26519,2861009
26520,8360450
26521,6622353
26522,1660091
26523,2873918
26524,2614795
26525,2838677
26526,5935555
26527,3381114
26528,2558027
26529,2770415
26530,2602017
26531,2340729
26532,3332419
26533,12559593
26534,2646859
26535,3077371
26536,3112762
26537,3108500
26538,2183616
26539,2491146
26540,1373405
26541,7333979
26542,4031522
26543,4147317
26544,3646547
26545,2463592
26546,1956799
26547,2664956
26548,2936127
26549,2024686
26550,2191024
26551,2495317
26552,2781272
26553,2531423
26554,1851849
26555,2822772
26556,4765057
26557,2537430
26558,2422751
26559,2253864
26560,2369958
26561,2739727
26562,6643352
26563,2216325
26564,2348895
26565,1358615
26566,2259345
26567,2541657
26568,2410664
26569,1971981
26570,3778604
26571,2971734
26572,3623492
26573,2523392
26574,2516889
26575,3844605
26576,2206714
26577,2623444
26578,2769890
26579,2397486
26580,2467859
26581,2532297
26582,2613170
26583,4385713
26584,4506201
26585,2922099
26586,5239018
26587,2700891
26588,2560418
26589,2561069
26590,2563630
26591,2675075
26592,2879361
26593,5805405
26594,4351739
26595,2671459
26596,1523845
26597,1722780
26598,2573260
26599,2239944
26600,2545862
26601,5192422
26602,4009305
26603,4127372
26604,8414046
26605,1306607
26606,2746640
26607,2181363
26608,2834770
26609,2028815
26610,2270554
26611,2525486
26612,3678551
26613,4103008
26614,3341870
26615,4006407
26616,4052441
26617,4364894
26618,2427944
26619,1896802
26620,8112738
26621,2796900
26622,4688260
26623,2999835
26624,2170130
26625,3378501
26626,1902798
26627,3592797
26628,4786127
26629,1798201
26630,2418646
26631,4685295
26632,2846270
26633,2502462
26634,2348210
26635,2291603
26636,2366877
26637,4506731
26638,2598330
26639,3875805
26640,2513838
26641,2723132
26642,4052955
26643,2773114
26644,2771177
26645,15536664
26646,2571590
26647,4567601
26648,2881404
26649,2458380
26650,2588089
26651,2365510
26652,2158770
26653,2193192
26654,2539457
26655,2642410
26656,2848347
26657,2845225
26658,2506039
26659,2058967
26660,2457711
26661,2772264
26662,2832336
26663,2112216
26664,2565051
26665,3135114
26666,2284537
26667,2379354
26668,2732969
26669,2505947
26670,2680998
26671,4113638
26672,2541924
26673,12836068
26674,1739185
26675,2340709
26676,4334962
26677,2310711
26678,2449247
26679,1670074
26680,2528087
26681,2540855
26682,2554735
26683,1591468
26684,2475145
26685,2310885
26686,2575321
26687,2285341
26688,4419741
26689,2500258
26690,2622560
26691,5995110
26692,3652029
26693,7932318
26694,2258858
26695,1892024
26696,2013028
26697,2729385
26698,2796897
26699,2522234
26700,4319998
26701,4185695
26702,3509049
26703,2382138
26704,1849620
26705,2488732
26706,3784918
26707,2548199
26708,2650068
26709,3346001
26710,2697056
26711,2824795
26712,4351991
26713,2310695
26714,2615796
26715,1422650
26716,2680905
26717,2250515
26718,3605705
26719,3967059
26720,4337284
26721,3856577
26722,4185105
26723,2349063
26724,2072849
26725,2018721
26726,4156738
26727,2641866
26728,3619133
26729,2739075
26730,4307417
26731,3900855
26732,4349179
26733,8871844
26734,5504186
26735,3678473
26736,3412137
26737,15969835
26738,1171993
26739,3970266
26740,5067700
26741,4451593
26742,4422706
26743,2352312
26744,2805101
26745,3021939
26746,3588796
26747,1316768
26748,3727390
26749,2587997
26750,2355813
26751,2556695
26752,3485981
26753,2367502
26754,2319336
26755,5388008
26756,2327781
26757,2766535
26758,1596785
26759,6321265
26760,2707332
26761,2737018
26762,3403960
26763,2625645
26764,3373379
26765,15965346
26766,2720563
26767,4273362
26768,3341343
26769,2990492
26770,2567419
26771,2677330
26772,9514545
26773,3629720
26774,2902650
26775,2634943
26776,2759828
26777,3913124
26778,2664790
26779,1933282
26780,2730869
26781,1546108
26782,4691567
26783,2634511
26784,4387205
26785,4406557
26786,4070774
26787,2649271
26788,3556863
26789,16182826
26790,2729468
26791,2850718
26792,5538225
26793,3921144
26794,2816462
26795,4057064
26796,3796904
26797,1447306
26798,1279146
26799,2598447
26800,4356247
26801,4272676
26802,3989322
26803,2785089
26804,2569138
26805,2872915
26806,2456698
26807,2693964
26808,5031722
26809,8180004
26810,10738491
26811,5912927
26812,4689636
26813,2793423
26814,3253863
26815,2913432
26816,2216036
26817,15749900
26818,2330222
26819,2366856
26820,2352208
26821,3246578
26822,3259396
26823,1494414
26824,2743367
26825,3087852
26826,2661346
26827,3766552
26828,4227074
26829,2330231
26830,2915659
26831,2488657
26832,4590358
26833,4839241
26834,2734218
26835,4807264
26836,3793274
26837,11645167
26838,2455870
26839,1523429
26840,2641461
26841,4130299
26842,4401966
26843,3013022
26844,4277020
26845,2202268
26846,2030537
26847,6765282
26848,1818027
26849,2788637
26850,2592839
26851,7701689
26852,3242697
26853,3054131
26854,1332214
26855,1999543
26856,2725859
26857,2247939
26858,3180867
26859,4414883
26860,2572621
26861,2695077
26862,2899567
26863,2621283
26864,3817269
26865,2704275
26866,1241349
26867,2782188
26868,2536259
26869,2531709
26870,4093696
26871,6682046
26872,4456442
26873,5497308
26874,2749066
26875,2726757
26876,2727718
26877,1507492
26878,1294363
26879,2580820
26880,3739176
26881,3624692
26882,5665727
26883,2476512
26884,3035190
26885,2503699
26886,2596148
26887,3235778
26888,2174230
26889,2734790
26890,2270791
26891,2763116
26892,1146972
26893,2377801
26894,2532591
26895,2366605
26896,2480605
26897,1374069
26898,1286607
26899,2405313
26900,2525298
26901,2131540
26902,1844780
26903,6415176
26904,5323437
26905,2642146
26906,2364554
26907,2266071
26908,2406749
26909,1649324
26910,2278856
26911,2118603
26912,1951821
26913,2007856
26914,3657260
26915,2335836
26916,3393617
26917,3607651
26918,3421105
26919,2521529
26920,2406336
26921,4516579
26922,13658661
26923,4645294
26924,4091064
26925,2482869
26926,4018893
26927,6940729
26928,2174758
26929,2260356
26930,4400163
26931,2906271
26932,2451693
26933,4167576
26934,3455130
26935,2576347
26936,3521525
26937,2511280
26938,3670219
26939,2885661
26940,2827742
26941,1929462
26942,2045970
26943,2521030
26944,4446416
26945,3956960
26946,3758612
26947,2855798
26948,2402642
26949,2857985
26950,2943287
26951,2400663
26952,1407548
26953,2305072
26954,2320469
26955,2821145
26956,2358655
26957,2452782
26958,1144335
26959,2427081
26960,2445708
26961,2176540
26962,2197655
26963,2062428
26964,2577791
26965,2602634
26966,2598965
26967,2416201
26968,3356819
26969,5674692
26970,2790654
26971,2459435
26972,2489989
26973,12119465
26974,2256692
26975,4373363
26976,3778635
26977,2453874
26978,4077802
26979,4225316
26980,4370839
26981,3083127
26982,3409155
26983,3613075
26984,2427528
26985,2706823
26986,2154851
26987,2857476
26988,2417223
26989,2776441
26990,4279605
26991,3949115
26992,1404977
26993,3941876
26994,2480737
26995,2872804
26996,2264021
26997,1964271
26998,1912893
26999,1997347
27000,4994713
27001,2085484
27002,2872611
27003,3399724
27004,2255337
27005,2013041
27006,2512991
27007,3079685
27008,2021014
27009,1920339
27010,3995865
27011,3971062
27012,4672082
27013,4281717
27014,6319806
27015,2250702
27016,3606456
27017,2874921
27018,2749318
27019,3335872
27020,2950417
27021,4584379
27022,2769166
27023,1369805
27024,4536461
27025,4009749
27026,6003353
27027,1887896
27028,2548362
27029,2679856
27030,4427887
27031,2790276
27032,2107260
27033,1440639
27034,1428279
27035,2184960
27036,2302418
27037,2602360
27038,3550265
27039,1176628
27040,2648750
27041,11881539
27042,1592492
27043,1452264
27044,2968986
27045,11800927
27046,3895867
27047,2570203
27048,2227468
27049,2428821
27050,2401803
27051,2878333
27052,2683884
27053,2584504
27054,2411087
27055,3166945
27056,2732597
27057,3722396
27058,4289205
27059,2563974
27060,3741684
27061,2509567
27062,3048315
27063,2205637
27064,2343315
27065,3396886
27066,10564823
27067,3207999
27068,2335421
27069,2322820
27070,1499844
27071,2520965
27072,1886563
27073,2021765
27074,1856276
27075,2960132
27076,2487049
27077,12739547
27078,3171863
27079,2171167
27080,1259970
27081,4278409
27082,4129236
27083,3952021
27084,3602668
27085,2397874
27086,2643591
27087,3889247
27088,3821051
27089,3367181
27090,3745165
27091,4075773
27092,5879988
27093,2672469
27094,2749796
27095,2314344
27096,3872684
27097,3686945
27098,4013845
27099,2978776
27100,3032888
27101,4445508
27102,4304589
27103,2614621
27104,7188309
27105,4141188
27106,3744035
27107,2569522
27108,2137438
27109,2434084
27110,2719436
27111,3402921
27112,2619299
27113,2473138
27114,2474763
27115,2791090
27116,4263476
27117,2587524
27118,2185493
27119,4580875
27120,3586656
27121,3881254
27122,3584418
27123,2804387
27124,1232698
27125,2567779
27126,2570945
27127,2785342
27128,3697200
27129,2430736
27130,3641257
27131,2403563
27132,2488237
27133,3959586
27134,2141029
27135,2634042
27136,2384779
27137,2692168
27138,2270011
27139,2278108
27140,2544746
27141,2129797
27142,2442176
27143,2077936
27144,2285880
27145,1427159
27146,4040842
27147,5225788
27148,1890318
27149,1656178
27150,2428241
27151,3360683
27152,2948197
27153,9097316
27154,2549719
27155,3165583
27156,1433484
27157,3504228
27158,4054669
27159,2458721
27160,3584486
27161,2718321
27162,2356242
27163,3849188
27164,2446910
27165,4323400
27166,4096224
27167,3829349
27168,3512240
27169,2638519
27170,3424728
27171,6887844
27172,2076003
27173,2896412
27174,2521474
27175,2854947
27176,2508104
27177,1537693
27178,2263860
27179,4223487
27180,3302715
27181,2837336
27182,2961219
27183,2676979
27184,1643689
27185,2946866
27186,4299611
27187,3006532
27188,1262751
27189,2512826
27190,3089558
27191,4280851
27192,5130259
27193,17113433
27194,3112846
27195,2791870
27196,3654769
27197,5497529
27198,2188653
27199,3943859
27200,2403934
27201,6361966
27202,3943431
27203,7950030
27204,2415401
27205,2364514
27206,5661827
27207,2602390
27208,2433841
27209,2472972
27210,3630303
27211,2742821
27212,3837555
27213,15586266
27214,2454755
27215,2713577
27216,2425164
27217,2721527
27218,2192723
27219,2772231
27220,1318655
27221,3062611
27222,3236361
27223,1217344
27224,2672463
27225,4367151
27226,1769003
27227,4041306
27228,3752399
27229,1325150
27230,2261689
27231,2852651
27232,4835469
27233,3854563
27234,4903979
27235,3972107
27236,2277520
27237,3242201
27238,4444553
27239,4243029
27240,5160442
27241,3187824
27242,4552802
27243,2179341
27244,3805763
27245,2706898
27246,3924051
27247,2428590
27248,4531247
27249,2097877
27250,3205206
27251,2947788
27252,2873835
27253,2003725
27254,1394642
27255,1667797
27256,1250536
27257,1393843
27258,1744821
27259,1858089
27260,2396101
27261,2880202
27262,3561253
27263,2527800
27264,2821342
27265,2905140
27266,2602329
27267,2403393
27268,2335255
27269,2512735
27270,2401327
27271,2272278
27272,2616243
27273,2894461
27274,1899748
27275,3281510
27276,3476074
27277,3302466
27278,2724451
27279,3397806
27280,3682483
27281,17477195
27282,2428804
27283,2645198
27284,2434773
27285,2957704
27286,2604179
27287,2178586
27288,3104997
27289,3098029
27290,2410315
27291,2432672
27292,3769212
27293,2411304
27294,2331814
27295,1433428
27296,4040996
27297,2852248
27298,2476723
27299,2388195
27300,4030534
27301,4169451
27302,3836608
27303,6191809
27304,2180028
27305,16870539
27306,1862819
27307,3254304
27308,2362387
27309,3936120
27310,3718582
27311,2648090
27312,2909000
27313,2616607
27314,2542962
27315,2596827
27316,4139249
27317,4167473
27318,2836031
27319,2900804
27320,2870705
27321,2049359
27322,1448466
27323,2663587
27324,2187224
27325,2706766
27326,3330985
27327,5877050
27328,3703181
27329,2940872
27330,2661222
27331,2682078
27332,2591653
27333,2930179
27334,2830429
27335,3217021
27336,2512726
27337,14691556
27338,1541038
27339,7504867
27340,2806791
27341,3908646
27342,2749163
27343,2630902
27344,2789005
27345,3344639
27346,2776647
27347,7367089
27348,3830063
27349,1960923
27350,2484501
27351,2087851
27352,3765041
27353,2779230
27354,2753044
27355,2549210
27356,2464979
27357,2664895
27358,8275219
27359,3191177
27360,3009342
27361,12457771
27362,2344145
27363,2380117
27364,2430104
27365,2607684
27366,2855112
27367,2842475
27368,2640059
27369,2703728
27370,3039416
27371,2901730
27372,3043807
27373,4120411
27374,2704088
27375,2460112
27376,2255812
27377,2216768
27378,4013080
27379,2705348
27380,2521411
27381,1522313
27382,3030244
27383,2394990
27384,2678710
27385,2936578
27386,3466876
27387,5300947
27388,2706808
27389,3974707
27390,4261099
27391,4151251
27392,3674535
27393,3163629
27394,3613984
27395,2500789
27396,2379531
27397,3593532
27398,2954946
27399,2735305
27400,2941213
27401,5673081
27402,4082310
27403,2669967
27404,2495287
27405,2637132
27406,2891693
27407,2577085
27408,2713643
27409,2570771
27410,2393029
27411,2584017
27412,3147851
27413,3230349
27414,2894586
27415,2888564
27416,1760233
27417,6379640
27418,2549030
27419,1638150
27420,1646360
27421,4819753
27422,3999151
27423,4830875
27424,4858315
27425,7544570
27426,2619514
27427,3672800
27428,4542017
27429,2795593
27430,3744192
27431,3041836
27432,3211684
27433,2996771
27434,2610882
27435,1587938
27436,2536305
27437,8951987
27438,3998170
27439,2161124
27440,2580056
27441,2716147
27442,2463906
27443,2857548
27444,2783592
27445,3802066
27446,1991301
27447,1290783
27448,2720215
27449,4010978
27450,3715495
27451,4005076
27452,3734568
27453,2762475
27454,2660800
27455,2412528
27456,3690640
27457,2782779
27458,2530939
27459,1738459
27460,2888393
27461,16356249
27462,2223100
27463,2754761
27464,2530415
27465,5176374
27466,4040959
27467,2791477
27468,3480407
27469,2758718
27470,2633466
27471,2738658
27472,2716279
27473,2594021
27474,3441465
27475,5740711
27476,4483476
27477,6043238
27478,2637081
27479,3702715
27480,4333591
27481,3387601
27482,3212180
27483,2964976
27484,2180498
27485,2074958
27486,2482407
27487,3168842
27488,2512332
27489,2166995
27490,2501729
27491,9041870
27492,3843258
27493,2636035
27494,3062501
27495,2553245
27496,2375777
27497,16352053
27498,3648572
27499,1843771
27500,4875780
27501,4719162
27502,3913270
27503,3414099
27504,2260329
27505,2498009
27506,2961853
27507,3459742
27508,2487947
27509,2631453
27510,2503518
27511,3937754
27512,4232740
27513,3590645
27514,2542099
27515,3082073
27516,2917917
27517,2543026
27518,2990260
27519,2698281
27520,2844877
27521,2439748
27522,4201363
27523,3379949
27524,4328946
27525,13810730
27526,2553450
27527,3108554
27528,2824751
27529,2666986
27530,2409173
27531,4503331
27532,4089246
27533,2720316
27534,2170218
27535,2511481
27536,2403253
27537,3567141
27538,3946253
27539,2820284
27540,2510228
27541,2719024
27542,3047588
27543,3574550
27544,2539325
27545,4141578
27546,2784871
27547,2604466
27548,2587513
27549,6344557
27550,2637211
27551,2654047
27552,3478850
27553,1737238
27554,3325870
27555,1418318
27556,2931204
27557,10284706
27558,2815323
27559,4371050
27560,4316215
27561,3886373
27562,3618061
27563,3138658
27564,2063636
27565,2635557
27566,4105028
27567,2566177
27568,2704829
27569,2697428
27570,3239231
27571,3199002
27572,3481689
27573,2762910
27574,1367436
27575,1660149
27576,1881513
27577,2217918
27578,1501350
27579,2948729
27580,20301233
27581,10269146
27582,4631254
27583,2674651
27584,1368306
27585,1467699
27586,1386313
27587,1489430
27588,2024365
27589,2181890
27590,2242663
27591,3033363
27592,1691702
27593,2676896
27594,3849860
27595,4696871
27596,2645859
27597,3766097
27598,4262100
27599,1809331
27600,5349561
27601,2558241
27602,3987074
27603,3762180
27604,3993525
27605,3718434
27606,3957158
27607,3654324
27608,2136978
27609,2460025
27610,3941348
27611,2406646
27612,4766356
27613,4114664
27614,4140858
27615,2983456
27616,2972781
27617,1695630
27618,1229388
27619,1332132
27620,3840688
27621,1809112
27622,2677891
27623,1696154
27624,2540365
27625,1701814
27626,3158306
27627,2486117
27628,4693471
27629,2786687
27630,2395729
27631,2994471
27632,3744806
27633,3001614
27634,2402498
27635,2685922
27636,2414928
27637,2576535
27638,1625231
27639,5580736
27640,5554002
27641,1692068
27642,2333836
27643,2426602
27644,2116208
27645,1851301
27646,2083038
27647,2215716
27648,2023910
27649,1456090
27650,1501123
27651,2518347
27652,4851245
27653,14738061
27654,2255455
27655,4423595
27656,3563031
27657,1850587
27658,2763060
27659,2235571
27660,1448039
27661,4617361
27662,4098243
27663,2964207
27664,3926430
27665,2593381
27666,4822159
27667,4110104
27668,2697476
27669,2440038
27670,3753026
27671,4228791
27672,3318090
27673,2811373
27674,2712563
27675,4112917
27676,13234168
27677,2648956
27678,2939446
27679,2263420
27680,2373672
27681,1481650
27682,3342363
27683,8141649
27684,7853464
27685,3933233
27686,8703450
27687,4150269
27688,3829070
27689,3765334
27690,3586034
27691,3679714
27692,4048845
27693,2454648
27694,4320715
27695,2651006
27696,2672682
27697,2178272
27698,2104387
27699,2744794
27700,3247571
27701,2865511
27702,1413478
27703,3016624
27704,2563765
27705,4171846
27706,3806256
27707,5774268
27708,2415904
27709,2760321
27710,2536422
27711,2276183
27712,2679793
27713,1425110
27714,2761761
27715,2837336
27716,3670662
27717,2456991
27718,2262610
27719,2257074
27720,2180815
27721,1989640
27722,2823091
27723,3719435
27724,3199685
27725,3311280
27726,3481745
27727,3482698
27728,2586734
27729,2626923
27730,2364618
27731,2565132
27732,3077651
27733,2384669
27734,2472082
27735,2708764
27736,3739713
27737,2464311
27738,4012863
27739,2375892
27740,2415829
27741,2817853
27742,4281134
27743,2983030
27744,2378622
27745,1434277
27746,2406706
27747,1823931
27748,3927898
27749,2554565
27750,2118828
27751,2516982
27752,3522628
27753,3632391
27754,2581898
27755,2330862
27756,2161487
27757,15998717
27758,2318976
27759,2693718
27760,2478657
27761,2549842
27762,4426249
27763,3558148
27764,3573866
27765,3582194
27766,3990443
27767,3296085
27768,2995046
27769,4133433
27770,3544733
27771,2368876
27772,2144632
27773,2779234
27774,2523938
27775,2105130
27776,5253750
27777,2139549
27778,2216889
27779,2151224
27780,2472760
27781,2451760
27782,2194139
27783,2272200
27784,2301545
27785,17639268
27786,2308209
27787,2498999
27788,1457321
27789,3224811
27790,2645903
27791,2282510
27792,3077649
27793,2384257
27794,2403774
27795,3308892
27796,4250784
27797,2659263
27798,2751293
27799,3371945
27800,3532713
27801,2687167
27802,2068410
27803,2538751
27804,4135104
27805,2633674
27806,2351416
27807,2435501
27808,2505159
27809,3116582
27810,2450482
27811,2303228
27812,2198530
27813,2387153
27814,2551510
27815,2470755
27816,3466115
27817,3745893
27818,3943219
27819,4307844
27820,6194997
27821,4416941
27822,3841932
27823,3638403
27824,3707745
27825,3860720
27826,2644667
27827,2452904
27828,1569058
27829,3995573
27830,4282463
27831,2975718
27832,4294932
27833,2022367
27834,1292747
27835,2918266
27836,2312482
27837,3478355
27838,2223419
27839,3231092
27840,2265045
27841,4688965
27842,2512179
27843,1967274
27844,2397541
27845,2744518
27846,2674811
27847,2402316
27848,2389263
27849,4060015
27850,3555109
27851,4647714
27852,1558616
27853,8156491
27854,2390133
27855,2451672
27856,2330381
27857,2701746
27858,4040499
27859,2500474
27860,3195055
27861,2920458
27862,2811146
27863,1424917
27864,3078933
27865,4151912
27866,2542889
27867,2660755
27868,2567092
27869,2745607
27870,5756256
27871,2682343
27872,2715091
27873,1312254
27874,2358597
27875,2511749
27876,2632794
27877,2531088
27878,2895327
27879,4606317
27880,2790250
27881,3069314
27882,2588969
27883,2405674
27884,2557029
27885,2368429
27886,2441815
27887,2389749
27888,2438968
27889,3990250
27890,3598395
27891,2348101
27892,3095201
27893,2366998
27894,2339611
27895,2199414
27896,2980254
27897,3252824
27898,2409199
27899,2587266
27900,3872571
27901,2696704
27902,2790157
27903,3646367
27904,3585792
27905,2527938
27906,3954487
27907,2367553
27908,1339634
27909,2856641
27910,2522404
27911,2614947
27912,2878789
27913,2521206
27914,4352911
27915,2854704
27916,3066292
27917,2489631
27918,2551193
27919,3599783
27920,4991025
27921,3132498
27922,3896349
27923,2605192
27924,2543941
27925,3430802
27926,3822780
27927,2842363
27928,3569506
27929,3739477
27930,2425155
27931,2676356
27932,2497239
27933,6236126
27934,2664441
27935,5229972
27936,2139931
27937,1736199
27938,5308510
27939,6145203
27940,2375376
27941,2017505
27942,1793308
27943,2685449
27944,4154892
27945,3479901
27946,2498402
27947,2317811
27948,1522291
27949,2127626
27950,3958828
27951,4406882
27952,3734740
27953,3845303
27954,3253842
27955,2662268
27956,2456847
27957,12894839
27958,2782580
27959,3719404
27960,3385626
27961,3925590
27962,4459255
27963,4771744
27964,2669933
27965,2904092
27966,2038333
27967,1320395
27968,1149940
27969,1288428
27970,3747391
27971,3602024
27972,4448063
27973,4143179
27974,2591131
27975,2304096
27976,2341705
27977,2438985
27978,3401286
27979,2327798
27980,1263776
27981,2629434
27982,2635135
27983,1428223
27984,3052449
27985,3053126
27986,4597737
27987,4026391
27988,2412490
27989,1625578
27990,3819669
27991,1375114
27992,2416191
27993,2127755
27994,2206110
27995,1487102
27996,2349586
27997,2430276
27998,2452128
27999,2152290
28000,4963083
28001,5333140
28002,3071899
28003,2392772
28004,2314436
28005,2333996
28006,2302773
28007,3842371
28008,4101988
28009,3600545
28010,3272169
28011,2180795
28012,1617941
28013,3862714
28014,3528491
28015,2198469
28016,2105723
28017,2584651
28018,2687853
28019,1538702
28020,2585071
28021,2574985
28022,2390475
28023,2093831
28024,1821595
28025,1471421
28026,2645142
28027,4222806
28028,5101202
28029,2747374
28030,2376674
28031,6697432
28032,4096681
28033,1312096
28034,1315293
28035,3938703
28036,3957635
28037,3632773
28038,3857433
28039,2456258
28040,2759121
28041,2800123
28042,2779500
28043,5350261
28044,2659032
28045,1723977
28046,2558650
28047,2554128
28048,4207600
28049,7504844
28050,4410487
28051,3795287
28052,1480143
28053,2682326
28054,2609719
28055,1874390
28056,2863335
28057,2671445
28058,5101952
28059,2658621
28060,2533312
28061,2721142
28062,2849441
28063,2682291
28064,2596232
28065,1447839
28066,2617554
28067,3010244
28068,7088335
28069,1478829
28070,2858362
28071,1981922
28072,2789167
28073,1831874
28074,2979471
28075,2620355
28076,2775558
28077,2912462
28078,2732499
28079,1961524
28080,1462796
28081,5969011
28082,2910906
28083,1896256
28084,2692959
28085,1777738
28086,4029378
28087,2642442
28088,2666060
28089,2608055
28090,2569500
28091,2590000
28092,4413815
28093,2598863
28094,2587322
28095,2723860
28096,3100969
28097,2099345
28098,1365403
28099,1755548
28100,2687826
28101,1810772
28102,1356266
28103,2640359
28104,2629015
28105,2528077
28106,2606143
28107,5103510
28108,3243827
28109,2636095
28110,2776092
28111,1405597
28112,1898867
28113,2700097
28114,2722655
28115,3105984
28116,3168591
28117,2790285
28118,2746589
28119,2754557
28120,2937624
28121,2824592
28122,2748770
28123,2086092
28124,1352641
28125,2744913
28126,2725926
28127,2704669
28128,2682896
28129,13044329
28130,3026414
28131,2784251
28132,8340499
28133,3220961
28134,2688153
28135,2233894
28136,3464204
28137,3092042
28138,2715114
28139,1802017
28140,2751031
28141,3059891
28142,3281474
28143,2250344
28144,3628405
28145,2709782
28146,3412477
28147,1432441
28148,2607585
28149,8202170
28150,4398472
28151,1347861
28152,1454365
28153,1745995
28154,5814672
28155,2595818
28156,1429827
28157,1304824
28158,1610748
28159,2597328
28160,2580147
28161,3964379
28162,10140477
28163,3345208
28164,2775966
28165,2747519
28166,2663248
28167,2631567
28168,4254017
28169,3779146
28170,3765255
28171,1725791
28172,4142948
28173,7392861
28174,1997686
28175,1746034
28176,2274508
28177,2016070
28178,1803923
28179,3779301
28180,2549648
28181,2941983
28182,2751825
28183,2888358
28184,1393554
28185,2540635
28186,2525411
28187,7053212
28188,3911821
28189,1887407
28190,1448214
28191,2944149
28192,6871041
28193,2202690
28194,2162333
28195,2779826
28196,2400612
28197,1898352
28198,2389720
28199,2551245
28200,3157461
28201,2492717
28202,2618403
28203,4188229
28204,2790876
28205,2511977
28206,4026043
28207,2573693
28208,3941348
28209,2525865
28210,2112413
28211,2166223
28212,2661795
28213,2289328
28214,2183462
28215,2160787
28216,2630187
28217,2979493
28218,4031131
28219,2577886
28220,2770623
28221,2080821
28222,2811782
28223,2513785
28224,2470077
28225,3716965
28226,2539967
28227,1457386
28228,2494550
28229,1748166
28230,1450000
28231,1460683
28232,1470772
28233,2210790
28234,2418185
28235,2335595
28236,2292436
28237,2388615
28238,4369606
28239,2790947
28240,2482611
28241,2465180
28242,3115236
28243,2375451
28244,2373583
28245,5321093
28246,2013107
28247,3066602
28248,3674372
28249,2940540
28250,2426862
28251,2463728
28252,2681170
28253,2494804
28254,3096103
28255,2322598
28256,2469430
28257,1334174
28258,1356072
28259,1601774
28260,3683145
28261,4107538
28262,4061618
28263,4033973
28264,4897333
28265,3556433
28266,3489182
28267,3303367
28268,3652055
28269,6406976
28270,2353305
28271,2637164
28272,3722499
28273,2301003
28274,1976402
28275,2009097
28276,1964865
28277,1970026
28278,2252319
28279,2718592
28280,3541603
28281,3110877
28282,2806274
28283,2480893
28284,3238160
28285,2353786
28286,2576714
28287,3062719
28288,2356339
28289,2986143
28290,2185226
28291,1713485
28292,4621511
28293,13714433
28294,2420568
28295,3607895
28296,2313868
28297,1814659
28298,2025747
28299,1118858
28300,4198550
28301,2881043
28302,2629083
28303,2301270
28304,3909713
28305,2611607
28306,2046841
28307,1316074
28308,2513596
28309,2479188
28310,5867133
28311,2495502
28312,1476029
28313,2318425
28314,3580320
28315,1920905
28316,3942061
28317,4074703
28318,3661385
28319,4440581
28320,3188120
28321,3773910
28322,3774650
28323,1496265
28324,2451619
28325,1886242
28326,2541872
28327,1674752
28328,1381765
28329,2852000
28330,1922277
28331,2257230
28332,3677446
28333,2798880
28334,2516483
28335,2115863
28336,3750482
28337,2516455
28338,3117563
28339,2324736
28340,4747877
28341,4303721
28342,2416119
28343,3543296
28344,2495922
28345,2925059
28346,2026242
28347,3173664
28348,2367834
28349,2009537
28350,2129398
28351,1942893
28352,3144139
28353,4471667
28354,2197268
28355,2117951
28356,3502334
28357,1314595
28358,1212715
28359,4772856
28360,2115092
28361,3344164
28362,4298462
28363,3754946
28364,3328801
28365,3467283
28366,2345256
28367,2707383
28368,2677822
28369,4594605
28370,7923212
28371,2271705
28372,2447546
28373,3736760
28374,3697135
28375,3373549
28376,2626965
28377,3549302
28378,3449806
28379,3276150
28380,5700509
28381,2076395
28382,4305678
28383,4038319
28384,1932122
28385,2469732
28386,2715980
28387,2121298
28388,2583881
28389,3018403
28390,2355395
28391,2143909
28392,6181696
28393,3343606
28394,4353706
28395,2366562
28396,3436147
28397,3668268
28398,2963369
28399,2377285
28400,6402651
28401,3653248
28402,2477470
28403,3492760
28404,5686136
28405,3561646
28406,2437579
28407,2133351
28408,3051879
28409,3808416
28410,13784918
28411,2456886
28412,4042530
28413,3654103
28414,3409879
28415,3242067
28416,3427596
28417,7855295
28418,3820786
28419,1441107
28420,2163929
28421,2833208
28422,4048503
28423,2207999
28424,2511751
28425,2823189
28426,2403771
28427,2279347
28428,2465990
28429,3860693
28430,2924085
28431,2839316
28432,2578261
28433,15228163
28434,2755629
28435,2892927
28436,2354539
28437,2425846
28438,2638498
28439,2563693
28440,1308524
28441,3211471
28442,2679723
28443,2373102
28444,3922941
28445,3826747
28446,3340230
28447,2030665
28448,1361740
28449,2823465
28450,2665557
28451,2031602
28452,2648922
28453,2333279
28454,2133176
28455,4978570
28456,2470072
28457,2225208
28458,4631238
28459,1953699
28460,1889591
28461,1957582
28462,2405063
28463,2702409
28464,2350446
28465,2272042
28466,2424641
28467,2356505
28468,2349473
28469,2724525
28470,4633921
28471,3911620
28472,2732149
28473,5515169
28474,3940081
28475,2591115
28476,1969153
28477,3232915
28478,2052184
28479,1852861
28480,2426873
28481,2582127
28482,2602577
28483,1766934
28484,1999520
28485,12350403
28486,2330458
28487,4014316
28488,3680573
28489,8095007
28490,3689791
28491,2358825
28492,4309881
28493,2581110
28494,2439130
28495,2436022
28496,2012391
28497,2142739
28498,2300514
28499,2028819
28500,3661943
28501,5640307
28502,3360961
28503,1445346
28504,2587541
28505,3282601
28506,2610782
28507,2459458
28508,2440497
28509,2282006
28510,2590880
28511,2573844
28512,2437195
28513,2264591
28514,1210163
28515,2679578
28516,3793152
28517,2040630
28518,2540049
28519,2625892
28520,3717160
28521,2560183
28522,3316456
28523,5053856
28524,2000905
28525,1295040
28526,2702027
28527,2999293
28528,5605695
28529,2347852
28530,2813125
28531,2587776
28532,2388805
28533,2740678
28534,3393198
28535,9080332
28536,3178778
28537,2274531
28538,3052278
28539,2229041
28540,1372618
28541,2383578
28542,2792777
28543,2268191
28544,2846066
28545,5796711
28546,3068111
28547,1917707
28548,1734396
28549,1974049
28550,4500023
28551,2323075
28552,2357353
28553,2440098
28554,4210618
28555,2832274
28556,1718965
28557,3887450
28558,3457165
28559,1853077
28560,2364285
28561,1866294
28562,2592967
28563,2066788
28564,1890974
28565,2118924
28566,1991418
28567,2777567
28568,2632389
28569,4510733
28570,2691491
28571,2591682
28572,1492177
28573,1412477
28574,1610168
28575,1337677
28576,1758634
28577,1336832
28578,1539742
28579,2031662
28580,2819152
28581,2926268
28582,2891397
28583,3334594
28584,2581839
28585,1853284
28586,2603162
28587,2799664
28588,2710040
28589,6648663
28590,2820873
28591,2925960
28592,3486152
28593,6459871
28594,2610543
28595,1371303
28596,1421441
28597,1727921
28598,1970440
28599,2750365
28600,1897097
28601,1497653
28602,2953290
28603,2477089
28604,1401515
28605,2899710
28606,4891935
28607,2853830
28608,2925404
28609,2956250
28610,1667100
28611,2987488
28612,2635600
28613,2540837
28614,2562481
28615,2423619
28616,2542457
28617,2625754
28618,1535032
28619,2731482
28620,5566424
28621,4349204
28622,2064769
28623,4006582
28624,2621566
28625,2604015
28626,2652710
28627,1543054
28628,2640914
28629,9940971
28630,2764214
28631,2859375
28632,2143593
28633,2618713
28634,2584212
28635,2916435
28636,2845685
28637,1964312
28638,2206884
28639,2167524
28640,1386943
28641,2860967
28642,1654823
28643,2951912
28644,2853376
28645,5597251
28646,2816572
28647,2684302
28648,2557626
28649,1377112
28650,1962921
28651,2693410
28652,3302668
28653,2877799
28654,2418444
28655,2808312
28656,2877083
28657,2978198
28658,2675938
28659,2736213
28660,1706562
28661,3339607
28662,1691469
28663,2619453
28664,2558795
28665,2213159
28666,1590471
28667,2691401
28668,2683574
28669,2568291
28670,3277639
28671,2634015
28672,2759590
28673,8179631
28674,2908362
28675,3044354
28676,3423745
28677,2812839
28678,2040728
28679,2633107
28680,1664985
28681,2675704
28682,2918344
28683,9947945
28684,1448372
28685,2924980
28686,2787456
28687,2186747
28688,1402813
28689,1519219
28690,2894904
28691,3059277
28692,4378934
28693,2877523
28694,1603086
28695,2846573
28696,2975319
28697,2844590
28698,1484741
28699,8990248
28700,2886861
28701,3039653
28702,2917013
28703,1481412
28704,3157180
28705,2393616
28706,2840738
28707,1742058
28708,2518144
28709,2458655
28710,1336195
28711,3616792
28712,3552344
28713,2594481
28714,2547310
28715,3105339
28716,2735076
28717,3110539
28718,2640518
28719,3059939
28720,2675567
28721,4254018
28722,2944707
28723,2682450
28724,3682562
28725,3114472
28726,1438956
28727,1443875
28728,1333819
28729,1361442
28730,2204838
28731,6536904
28732,2875305
28733,14028111
28734,2137459
28735,2266354
28736,1344799
28737,3917319
28738,3814393
28739,4059870
28740,3890853
28741,3780813
28742,3914627
28743,4480299
28744,4562163
28745,1313745
28746,2995883
28747,2979303
28748,4725469
28749,2538149
28750,2288004
28751,2881656
28752,3121910
28753,3618606
28754,3477893
28755,2481585
28756,2343284
28757,2478377
28758,2826071
28759,2296447
28760,2509163
28761,1385857
28762,5614670
28763,3081405
28764,3485945
28765,1884592
28766,1914931
28767,2912347
28768,4102831
28769,3990262
28770,3790932
28771,3912069
28772,4341795
28773,4134782
28774,3983357
28775,4132383
28776,3606593
28777,2362385
28778,2262273
28779,2252589
28780,2395058
28781,2645812
28782,2941154
28783,3886248
28784,3747054
28785,2524541
28786,2546009
28787,1830347
28788,3005596
28789,2751437
28790,3238722
28791,2313060
28792,2604864
28793,8054424
28794,1877755
28795,2784454
28796,2480337
28797,2392833
28798,2392905
28799,3895784
28800,3408926
28801,4064008
28802,5440770
28803,3948701
28804,3383950
28805,4381423
28806,1409602
28807,1487474
28808,2475899
28809,22700143
28810,2565053
28811,2772558
28812,2515080
28813,2319510
28814,3679580
28815,2078098
28816,3619063
28817,1467005
28818,3764132
28819,2407329
28820,3123825
28821,2003452
28822,5139788
28823,4342738
28824,4366757
28825,2509187
28826,2778262
28827,10000533
28828,3617143
28829,16962723
28830,2538199
28831,4102602
28832,2683755
28833,3910023
28834,3397418
28835,4110691
28836,3614511
28837,2625541
28838,2385713
28839,2707726
28840,2487009
28841,2131243
28842,2464836
28843,3924358
28844,2690316
28845,2275756
28846,2102386
28847,2844396
28848,1467605
28849,2861942
28850,2783137
28851,1888460
28852,5586989
28853,3977796
28854,4333023
28855,2596596
28856,4334486
28857,1444612
28858,1390569
28859,2644584
28860,3304739
28861,2393882
28862,2691954
28863,2840192
28864,1435179
28865,17150137
28866,2374383
28867,2985309
28868,2357042
28869,2498235
28870,2805847
28871,1799763
28872,1657004
28873,2500865
28874,1346682
28875,2827889
28876,2323569
28877,2199571
28878,2657858
28879,2794185
28880,3898892
28881,3098012
28882,2893133
28883,2444971
28884,3406850
28885,4485008
28886,2981074
28887,2099586
28888,3799024
28889,3739009
28890,2497011
28891,9686757
28892,6083699
28893,6446638
28894,2575153
28895,1472992
28896,4754131
28897,3730598
28898,3723817
28899,2539370
28900,2685191
28901,1450228
28902,2669579
28903,2057962
28904,2553956
28905,2631146
28906,2896737
28907,2361250
28908,2698540
28909,2428700
28910,2437045
28911,3101159
28912,2311380
28913,2707105
28914,11933200
28915,2274659
28916,2450788
28917,2562132
28918,2513291
28919,2418406
28920,2470350
28921,2621570
28922,1331262
28923,2492185
28924,2400055
28925,2554292
28926,2768729
28927,2377116
28928,3116342
28929,2547275
28930,2563003
28931,3063011
28932,2253562
28933,1361982
28934,2298736
28935,3256795
28936,2008718
28937,2397494
28938,2807902
28939,2525281
28940,2638716
28941,2647707
28942,2775153
28943,2776095
28944,3899491
28945,2795383
28946,2659849
28947,2506074
28948,2621065
28949,2373273
28950,2992788
28951,2609110
28952,3930774
28953,2690745
28954,1456658
28955,2581104
28956,2628198
28957,2353932
28958,2787447
28959,3175620
28960,6121910
28961,3078569
28962,3690951
28963,2976143
28964,2474259
28965,2835443
28966,2823914
28967,2678410
28968,2466819
28969,2494058
28970,2605370
28971,2579787
28972,2632726
28973,2604673
28974,2257786
28975,2010337
28976,1346295
28977,3825937
28978,3440728
28979,2888148
28980,6221608
28981,4380997
28982,4246226
28983,5425879
28984,2809550
28985,14127590
28986,2074013
28987,4326732
28988,4004600
28989,3328094
28990,2036777
28991,2711419
28992,2689729
28993,3185651
28994,2658411
28995,2780086
28996,3165287
28997,2602704
28998,5070687
28999,2879333
29000,3656478
29001,2703224
29002,2549048
29003,2461019
29004,2432415
29005,2549855
29006,3411485
29007,3991597
29008,3620041
29009,2495076
29010,2566145
29011,2612508
29012,1596849
29013,2669051
29014,2782152
29015,2996179
29016,2710169
29017,2607568
29018,2690554
29019,2034364
29020,1417325
29021,1435843
29022,2416995
29023,1497071
29024,2101930
29025,2160447
29026,1486711
29027,1894191
29028,1376960
29029,2378835
29030,1598706
29031,2260078
29032,1471743
29033,1480931
29034,1380164
29035,1768426
29036,2896351
29037,1471899
29038,2325282
29039,1529209
29040,1476053
29041,2771721
29042,2789725
29043,1849630
29044,2638144
29045,2989704
29046,2711433
29047,2599051
29048,2650410
29049,2808364
29050,2633222
29051,2424856
29052,5588346
29053,2773976
29054,2668827
29055,2531472
29056,2598102
29057,2605013
29058,2660280
29059,2803020
29060,2923291
29061,2954623
29062,2648878
29063,2648755
29064,2759053
29065,4323614
29066,1519115
29067,2694971
29068,2643018
29069,4023734
29070,2907235
29071,4303372
29072,1597091
29073,2892696
29074,2597314
29075,1781113
29076,2691317
29077,2561940
29078,2351751
29079,2524136
29080,2686326
29081,2654180
29082,2725202
29083,1321191
29084,2835383
29085,2573881
29086,2777535
29087,4361251
29088,2768718
29089,2730654
29090,2428879
29091,2721847
29092,2937467
29093,2625354
29094,2611578
29095,2548689
29096,1712357
29097,1950530
29098,1355801
29099,3366871
29100,1463648
29101,3002393
29102,2662919
29103,1882900
29104,2610502
29105,3045297
29106,4255887
29107,3882458
29108,4187916
29109,2930983
29110,2426242
29111,2509936
29112,2787242
29113,2612605
29114,2999482
29115,1226811
29116,2493900
29117,2896237
29118,4612897
29119,3593952
29120,4007494
29121,4174611
29122,3420682
29123,3966521
29124,1578492
29125,12686411
29126,3367902
29127,9207788
29128,3698966
29129,2290277
29130,2569056
29131,2574456
29132,3716061
29133,3972901
29134,3721138
29135,2343880
29136,2325882
29137,7482263
29138,2331735
29139,2531203
29140,2574657
29141,2343097
29142,2299402
29143,3591148
29144,4007608
29145,2621284
29146,2213742
29147,2606875
29148,2488392
29149,2304737
29150,2604647
29151,5896711
29152,3735904
29153,4110765
29154,5999635
29155,3489900
29156,2518304
29157,8824529
29158,3418490
29159,5091384
29160,2764749
29161,1794280
29162,5391294
29163,3173615
29164,2729791
29165,1388580
29166,1445977
29167,2559977
29168,3817236
29169,2928778
29170,6127932
29171,4130730
29172,3966010
29173,3827567
29174,2887473
29175,3471907
29176,3160605
29177,1346221
29178,2770583
29179,5343612
29180,1334080
29181,2578395
29182,4221725
29183,2297459
29184,4057324
29185,1723272
29186,1413411
29187,2072608
29188,3810415
29189,2773754
29190,2944082
29191,2836845
29192,1504375
29193,1459748
29194,3104378
29195,2831877
29196,2602374
29197,10295139
29198,2639987
29199,1280526
29200,3577684
29201,2359585
29202,2289641
29203,2284479
29204,2203961
29205,2611177
29206,5461029
29207,4750290
29208,3729290
29209,2221253
29210,1249456
29211,1997403
29212,1945288
29213,3932014
29214,2452599
29215,2355716
29216,2291425
29217,2371563
29218,3958132
29219,2732003
29220,2618404
29221,2370785
29222,2457393
29223,2962817
29224,3197028
29225,2155288
29226,1907986
29227,2070527
29228,2520755
29229,2603935
29230,1996275
29231,1896779
29232,2195538
29233,2582524
29234,1459486
29235,1459546
29236,4497431
29237,2557671
29238,3932219
29239,2179019
29240,2245809
29241,2314092
29242,1228309
29243,2859477
29244,3314606
29245,2407401
29246,2423519
29247,3291838
29248,2521918
29249,2981529
29250,2619390
29251,2506154
29252,2422338
29253,2750585
29254,2241671
29255,2725459
29256,2459157
29257,2480532
29258,2658779
29259,3235782
29260,2881414
29261,3144749
29262,2673709
29263,2528460
29264,2405003
29265,1826518
29266,2094880
29267,2315345
29268,4073457
29269,3680429
29270,2643535
29271,3121861
29272,3969461
29273,2901777
29274,2568106
29275,3761611
29276,3582997
29277,2089606
29278,1956878
29279,2057623
29280,4330622
29281,15455109
29282,2280868
29283,2351247
29284,3677563
29285,1342516
29286,2659675
29287,2184874
29288,7038684
29289,3718280
29290,3761064
29291,3729263
29292,3741933
29293,4279756
29294,2536057
29295,1770909
29296,2651873
29297,1671570
29298,3677827
29299,2822192
29300,2658583
29301,13876679
29302,2318930
29303,2381214
29304,4471231
29305,3103580
29306,1892044
29307,3428616
29308,2686361
29309,2483057
29310,2606211
29311,2485856
29312,2396575
29313,2668476
29314,2504193
29315,2465256
29316,2531359
29317,1874541
29318,2444036
29319,5638391
29320,2861376
29321,2669064
29322,2671731
29323,3162528
29324,2738761
29325,2591237
29326,2518796
29327,1184696
29328,4315431
29329,3966163
29330,3526697
29331,2945360
29332,3583910
29333,2523211
29334,3232403
29335,3062827
29336,2012887
29337,12475919
29338,1483464
29339,1865212
29340,2890738
29341,3786578
29342,2707901
29343,3063446
29344,3307113
29345,2108379
29346,2816793
29347,2095862
29348,2242801
29349,2472822
29350,3469695
29351,2302871
29352,1482159
29353,2852628
29354,3654383
29355,2732171
29356,2955594
29357,2654883
29358,3482021
29359,1374732
29360,4335962
29361,15268560
29362,3305494
29363,2426568
29364,2611279
29365,2446293
29366,3083613
29367,1795664
29368,4730332
29369,8522140
29370,3302501
29371,2467477
29372,2034738
29373,1662381
29374,3543903
29375,2902050
29376,3357651
29377,2132469
29378,2624194
29379,2524981
29380,2741253
29381,3068757
29382,2594317
29383,4377640
29384,5730497
29385,3166009
29386,4232935
29387,3697837
29388,3720578
29389,2257061
29390,2479378
29391,1967813
29392,2582979
29393,4067085
29394,3810595
29395,3920660
29396,4123880
29397,3718473
29398,1502985
29399,2779942
29400,2418385
29401,5372509
29402,1408007
29403,2447608
29404,4075136
29405,2287131
29406,2305646
29407,8068380
29408,5203333
29409,2609239
29410,4342072
29411,2657574
29412,2770979
29413,1710663
29414,2529546
29415,3025919
29416,3840763
29417,1928619
29418,3202443
29419,1914599
29420,2430406
29421,2957339
29422,6219416
29423,1302070
29424,2872952
29425,3923699
29426,4005632
29427,1181189
29428,2426563
29429,2209679
29430,2344982
29431,2490363
29432,2478584
29433,2301548
29434,2426698
29435,2240724
29436,2555764
29437,1887716
29438,1971960
29439,1991998
29440,2443003
29441,2863542
29442,2359202
29443,2445754
29444,1868100
29445,2131693
29446,11675573
29447,2691618
29448,4504236
29449,3878987
29450,3540233
29451,2778514
29452,2731814
29453,2226165
29454,4394733
29455,5350858
29456,4451137
29457,4633943
29458,3946516
29459,3919324
29460,3971243
29461,2807810
29462,3515356
29463,4368942
29464,1412884
29465,3097534
29466,2891740
29467,2530012
29468,2599698
29469,14432022
29470,1414937
29471,3333413
29472,4084232
29473,2655288
29474,2501759
29475,2483701
29476,2535444
29477,2820811
29478,2525009
29479,2453575
29480,3371757
29481,3128723
29482,2363850
29483,2679622
29484,2502818
29485,2416584
29486,2725913
29487,2519897
29488,2452695
29489,2703253
29490,2705384
29491,2726309
29492,2778734
29493,2631626
29494,2633561
29495,1477245
29496,3427002
29497,2401035
29498,2888612
29499,10358685
29500,2567081
29501,2611804
29502,3492152
29503,2462239
29504,3847401
29505,3349542
29506,3399195
29507,3302482
29508,3566743
29509,1376909
29510,2422762
29511,1986343
29512,1953528
29513,2194892
29514,4681812
29515,1974353
29516,3640965
29517,3275975
29518,4717351
29519,2244779
29520,1963567
29521,3119633
29522,2330758
29523,10217070
29524,3377953
29525,2379875
29526,2670779
29527,2377668
29528,2336184
29529,3971109
29530,2140553
29531,1739618
29532,2907571
29533,2128242
29534,2116952
29535,9630949
29536,3011564
29537,5517829
29538,1949022
29539,2484941
29540,2139793
29541,1328010
29542,4496935
29543,2907148
29544,13249417
29545,2648324
29546,2667168
29547,2354262
29548,3052916
29549,2798718
29550,2438954
29551,2194112
29552,1285891
29553,3467840
29554,2197117
29555,2007211
29556,9154434
29557,2725735
29558,12308445
29559,2704254
29560,2462786
29561,2626267
29562,3344529
29563,1559641
29564,2194564
29565,13307407
29566,2662107
29567,2300065
29568,3078335
29569,2639155
29570,2299965
29571,2359385
29572,2482724
29573,3361901
29574,3399006
29575,2981061
29576,2452880
29577,11919792
29578,2423352
29579,12302379
29580,3169328
29581,2553142
29582,3423046
29583,2554859
29584,2151219
29585,2433638
29586,9321919
29587,4277558
29588,5605738
29589,3102732
29590,2701652
29591,2773726
29592,2793651
29593,2751711
29594,2910854
29595,2031887
29596,2491483
29597,2676704
29598,11945326
29599,3055430
29600,7260304
29601,3769838
29602,2611981
29603,2909051
29604,3852836
29605,2503602
29606,1990463
29607,12435818
29608,2398048
29609,2539299
29610,4106574
29611,2487863
29612,2385626
29613,5986925
29614,3659999
29615,2422503
29616,1159181
29617,3649343
29618,3270468
29619,8953165
29620,2418333
29621,12206028
29622,2048934
29623,2573550
29624,2654682
29625,3572841
29626,2943145
29627,1219245
29628,13382475
29629,1868017
29630,3099324
29631,3966592
29632,6860180
29633,16429550
29634,2325446
29635,2694976
29636,2460106
29637,2515150
29638,5915576
29639,2436287
29640,12125734
29641,2645860
29642,10370960
29643,2355363
29644,2599884
29645,2515106
29646,7789940
29647,2405357
29648,1257854
29649,18635933
29650,2846631
29651,2407582
29652,2367889
29653,2297555
29654,2401028
29655,6822185
29656,5954707
29657,3440210
29658,1406906
29659,2687335
29660,1191836
29661,12412221
29662,2332603
29663,11475189
29664,2448111
29665,2512193
29666,2149020
29667,2475055
29668,2322916
29669,3684531
29670,24228893
29671,2486501
29672,2691461
29673,3439688
29674,2126472
29675,2587960
29676,4266892
29677,2796581
29678,3670934
29679,2105087
29680,2712457
29681,10300308
29682,8499203
29683,3955688
29684,11969887
29685,2571922
29686,2454730
29687,2122776
29688,2365541
29689,1995467
29690,2273477
29691,11432281
29692,2308912
29693,2042586
29694,2036403
29695,2432647
29696,2028022
29697,2144706
29698,1900488
29699,2232987
29700,2182140
29701,1414193
29702,2731775
29703,11621304
29704,2158689
29705,9160357
29706,2489124
29707,2617139
29708,3036157
29709,11343281
29710,3459184
29711,1971483
29712,9710471
29713,2799721
29714,2378720
29715,2658199
29716,2555309
29717,2082897
29718,1967027
29719,2109743
29720,2135890
29721,2315887
29722,1210926
29723,1471696
29724,12447713
29725,2598834
29726,13294334
29727,3645035
29728,3813834
29729,6947855
29730,3792295
29731,2182221
29732,2387882
29733,11788800
29734,3958088
29735,2611322
29736,2517176
29737,2262940
29738,2137949
29739,2358269
29740,5802135
29741,4359761
29742,4457649
29743,2434311
29744,1797134
29745,2614567
29746,2592055
29747,1390271
29748,4253719
29749,4037323
29750,4628025
29751,3209601
29752,3773916
29753,2089184
29754,2635018
29755,1266875
29756,2961448
29757,17271205
29758,2305671
29759,2544154
29760,2343846
29761,1480613
29762,4501431
29763,4547269
29764,3429591
29765,2526944
29766,4610841
29767,4959415
29768,2246369
29769,3802751
29770,3549529
29771,4180324
29772,3742320
29773,2419471
29774,2573876
29775,2878186
29776,1494220
29777,1915426
29778,1947323
29779,2801861
29780,1908549
29781,2682407
29782,1393658
29783,1543515
29784,2674608
29785,1901301
29786,2733483
29787,2824299
29788,4094219
29789,2995523
29790,1902682
29791,1513952
29792,2803236
29793,2682351
29794,1767016
29795,1775296
29796,3207001
29797,2946881
29798,2657065
29799,1991983
29800,2714378
29801,2801500
29802,2952450
29803,2722893
29804,2764155
29805,1798936
29806,2833803
29807,4379938
29808,4128500
29809,2000929
29810,2973594
29811,2943613
29812,3116383
29813,2273443
29814,1821286
29815,3034678
29816,2174778
29817,2268956
29818,1430616
29819,2147250
29820,3059595
29821,2109481
29822,2806581
29823,2926678
29824,2568830
29825,1455037
29826,1757617
29827,1316749
29828,7118423
29829,6999304
29830,1841208
29831,2804392
29832,2880197
29833,2846523
29834,2651849
29835,2615306
29836,4125447
29837,1655607
29838,2757081
29839,2717247
29840,3000540
29841,2949916
29842,3007325
29843,2731480
29844,7270091
29845,2717049
29846,2785233
29847,1534119
29848,2679015
29849,5567779
29850,2757635
29851,2844923
29852,2734463
29853,14760331
29854,2643134
29855,2420678
29856,2813532
29857,2559140
29858,2656900
29859,3354915
29860,7548028
29861,3978675
29862,2556409
29863,2594840
29864,2657333
29865,1809014
29866,2786790
29867,2816296
29868,2577157
29869,2666508
29870,2599125
29871,1827029
29872,2832163
29873,2842345
29874,2598905
29875,2357114
29876,2724429
29877,2749149
29878,1922637
29879,2461274
29880,3127972
29881,4004718
29882,1398349
29883,1355082
29884,2552370
29885,2506098
29886,6537268
29887,2692156
29888,8345897
29889,2841797
29890,3025580
29891,2124478
29892,2821186
29893,2713135
29894,2561976
29895,2259000
29896,5830507
29897,2704934
29898,2767852
29899,2702064
29900,2808833
29901,11194084
29902,2774502
29903,2671184
29904,2849349
29905,7902109
29906,2090430
29907,2376727
29908,2650760
29909,2703272
29910,2990572
29911,1416821
29912,8178547
29913,2866917
29914,2635076
29915,1779811
29916,2860586
29917,2738725
29918,2653205
29919,5031319
29920,3261062
29921,1437478
29922,10848545
29923,1997972
29924,2689340
29925,2426530
29926,3169901
29927,2642094
29928,2734245
29929,1375307
29930,2711393
29931,1736648
29932,1345631
29933,3789043
29934,3368907
29935,3787245
29936,3547514
29937,2541770
29938,4480211
29939,5444454
29940,2332885
29941,2273591
29942,2399222
29943,12606518
29944,2382516
29945,2438247
29946,2178515
29947,2307117
29948,2566966
29949,5061337
29950,2159783
29951,2643415
29952,4930655
29953,2948736
29954,2579942
29955,2264873
29956,2545147
29957,14915807
29958,1447099
29959,3701492
29960,3861129
29961,7664125
29962,2534931
29963,2319818
29964,2742658
29965,3220094
29966,2632080
29967,2449360
29968,2609245
29969,1414236
29970,2956978
29971,4555158
29972,6511485
29973,1461218
29974,1414792
29975,1886652
29976,2672596
29977,2414117
29978,2317889
29979,3125057
29980,2070131
29981,3737826
29982,2478659
29983,5340787
29984,2028212
29985,3189421
29986,2389197
29987,3193098
29988,9295026
29989,2520732
29990,3627925
29991,3563123
29992,4262946
29993,4476031
29994,4657129
29995,5566560
29996,2830847
29997,3025477
29998,4045162
29999,5686473
30000,3699245
30001,3850011
30002,2629263
30003,2541718
30004,4102315
30005,5720077
30006,3893261
30007,2638451
30008,2434794
30009,3790762
30010,2532744
30011,2476636
30012,2095058
30013,4251543
30014,2419610
30015,3827211
30016,1408997
30017,2832947
30018,2796851
30019,4499762
30020,3541159
30021,13983447
30022,2154838
30023,5189573
30024,3362541
30025,2397117
30026,10483722
30027,3033522
30028,2447620
30029,4100866
30030,3842141
30031,1857865
30032,2906059
30033,3244270
30034,2190311
30035,2791396
30036,4113387
30037,3785667
30038,6671672
30039,2321665
30040,2276717
30041,2787313
30042,3942898
30043,2903815
30044,3308353
30045,2606646
30046,2960747
30047,2857930
30048,2583577
30049,2348498
30050,5469688
30051,3974239
30052,3543071
30053,2781460
30054,1944764
30055,1994710
30056,2803264
30057,2174124
30058,4100297
30059,2815105
30060,2435801
30061,1446996
30062,4404685
30063,3945519
30064,3114590
30065,3683227
30066,3430121
30067,5406193
30068,4964376
30069,12025413
30070,3677010
30071,3337069
30072,6891474
30073,2087730
30074,3528274
30075,3624562
30076,2615708
30077,1562909
30078,4067155
30079,3661285
30080,2789601
30081,2455260
30082,3969483
30083,3150939
30084,3826970
30085,2389973
30086,2798235
30087,1304258
30088,2269116
30089,2360040
30090,3667817
30091,2478914
30092,2194023
30093,2633252
30094,2285634
30095,2611339
30096,2772630
30097,2498661
30098,1588892
30099,2512711
30100,2571321
30101,15059827
30102,3990524
30103,3527876
30104,2480827
30105,2712092
30106,2643362
30107,2068238
30108,2314809
30109,2542996
30110,3188853
30111,4137311
30112,2154152
30113,2281623
30114,4275190
30115,2210929
30116,2810771
30117,3848496
30118,3707327
30119,1320616
30120,2573524
30121,2514976
30122,3956755
30123,2637169
30124,2539714
30125,1918430
30126,2317309
30127,2136722
30128,2031095
30129,2469489
30130,1512633
30131,6488732
30132,2015998
30133,1858232
30134,2193886
30135,2239342
30136,2528653
30137,2631450
30138,2245782
30139,2856460
30140,1390300
30141,3534025
30142,7073356
30143,1408506
30144,1401461
30145,2443755
30146,2292952
30147,2188776
30148,2408444
30149,2500993
30150,2530173
30151,3589633
30152,2446465
30153,2753401
30154,4028788
30155,2343542
30156,2343405
30157,2042360
30158,2498702
30159,2792072
30160,6916981
30161,3183278
30162,1151142
30163,3592495
30164,3697892
30165,2407605
30166,3294352
30167,3492773
30168,2256814
30169,1560893
30170,2277849
30171,3483868
30172,2216814
30173,2201027
30174,2674076
30175,1908846
30176,2266169
30177,2127609
30178,2348372
30179,2215768
30180,2512956
30181,2308602
30182,2228381
30183,1720624
30184,3423884
30185,2860372
30186,2805490
30187,5409764
30188,2150063
30189,2559981
30190,3803448
30191,2362726
30192,2278688
30193,13798816
30194,1211179
30195,1816577
30196,1725177
30197,1346148
30198,3562533
30199,1843702
30200,4043260
30201,2319344
30202,1779043
30203,1517995
30204,2607539
30205,1715943
30206,2449966
30207,2480100
30208,2918270
30209,2512960
30210,2516551
30211,2467315
30212,3566927
30213,4420396
30214,3708204
30215,1736952
30216,4575493
30217,3035937
30218,2334847
30219,2165263
30220,3845802
30221,2140155
30222,2213104
30223,2438692
30224,2392351
30225,2144636
30226,1324742
30227,1131488
30228,3879202
30229,1894197
30230,2386722
30231,2229779
30232,2220487
30233,1942195
30234,2665449
30235,2620128
30236,2393299
30237,1655689
30238,2305720
30239,2599816
30240,4444102
30241,2898717
30242,3497398
30243,1771856
30244,2383694
30245,5856241
30246,3745617
30247,3780116
30248,5603368
30249,4642359
30250,2343331
30251,2522217
30252,2388664
30253,2218020
30254,2485864
30255,6030727
30256,2721603
30257,2391240
30258,2098733
30259,9103192
30260,2130952
30261,4367592
30262,5996443
30263,1343929
30264,4154415
30265,2562037
30266,4336400
30267,3728226
30268,2166634
30269,1868617
30270,2426168
30271,2541008
30272,2268044
30273,2172822
30274,2484358
30275,2428588
30276,2377841
30277,2360048
30278,2457068
30279,4284991
30280,3177556
30281,1739284
30282,3165370
30283,9506644
30284,2578985
30285,2274414
30286,2838182
30287,2395859
30288,3194999
30289,2403781
30290,1295497
30291,5685693
30292,2179513
30293,1933087
30294,1784699
30295,2456376
30296,1918555
30297,1713402
30298,4241100
30299,2670534
30300,3097319
30301,2363181
30302,2402974
30303,2571272
30304,2167133
30305,2160403
30306,1745485
30307,2476799
30308,6768812
30309,2374301
30310,1958708
30311,1368851
30312,2479772
30313,1900415
30314,2829510
30315,2489303
30316,6594784
30317,2496239
30318,2969235
30319,3471582
30320,3826474
30321,2962466
30322,1439140
30323,2499999
30324,3319770
30325,5725044
30326,2579778
30327,2652361
30328,2390602
30329,2725682
30330,2344573
30331,2575526
30332,2541218
30333,1423566
30334,1390838
30335,2414153
30336,4362165
30337,2281910
30338,3992105
30339,2777152
30340,2860336
30341,2076283
30342,3738449
30343,1484593
30344,2812844
30345,2784881
30346,3789898
30347,3358070
30348,3477369
30349,2680827
30350,1980306
30351,2208227
30352,2334536
30353,2783426
30354,1323442
30355,3016852
30356,2709054
30357,11190882
30358,2395631
30359,1944663
30360,2372351
30361,2987249
30362,1234180
30363,2689696
30364,2440699
30365,1199364
30366,2340201
30367,2471947
30368,2290256
30369,2649279
30370,7044141
30371,2546368
30372,2579444
30373,2439901
30374,2526868
30375,3090184
30376,2746532
30377,2804522
30378,2689394
30379,2791384
30380,2436395
30381,5289961
30382,4816632
30383,1933886
30384,1385706
30385,2133658
30386,2871065
30387,3159232
30388,2898182
30389,1390764
30390,3077514
30391,2874501
30392,1469951
30393,2694513
30394,2720991
30395,2893498
30396,3211187
30397,12699528
30398,2898454
30399,2131340
30400,1711998
30401,2804342
30402,2788633
30403,2901675
30404,2884087
30405,3069753
30406,2792959
30407,1462056
30408,2828084
30409,6860171
30410,3095181
30411,2052009
30412,2092623
30413,2997315
30414,2819797
30415,2018565
30416,1396155
30417,1618009
30418,2233814
30419,3230162
30420,2326771
30421,14200980
30422,2823111
30423,2985249
30424,1409418
30425,2919906
30426,3202313
30427,2670193
30428,4418220
30429,2288269
30430,3290667
30431,4307343
30432,4408170
30433,6081757
30434,3069405
30435,3346603
30436,3005983
30437,3145123
30438,2883465
30439,2151491
30440,2787486
30441,2789141
30442,2879563
30443,3367737
30444,2993307
30445,1512221
30446,2034020
30447,4993581
30448,2959957
30449,2669768
30450,1633042
30451,1455391
30452,3282447
30453,13353706
30454,2599839
30455,2751381
30456,2572497
30457,2681072
30458,3926494
30459,2848995
30460,3328383
30461,1437253
30462,2675144
30463,2801774
30464,2661441
30465,2603220
30466,2020581
30467,2556067
30468,2823832
30469,3006554
30470,2623761
30471,2837963
30472,1390068
30473,2653995
30474,2547137
30475,1356808
30476,2638910
30477,1301911
30478,2654543
30479,3492460
30480,2584789
30481,2030639
30482,1515297
30483,2676245
30484,2557559
30485,1436930
30486,1677359
30487,1683098
30488,2701628
30489,2154247
30490,2578975
30491,2934474
30492,2695545
30493,1976166
30494,2676776
30495,1727400
30496,1603291
30497,2611136
30498,2662424
30499,2822441
30500,1334698
30501,2115972
30502,1435072
30503,2882858
30504,2755721
30505,2703414
30506,3950928
30507,3053771
30508,2843989
30509,1392132
30510,8879462
30511,1757293
30512,3206183
30513,3042772
30514,1297714
30515,2831842
30516,2813311
30517,8760448
30518,1287303
30519,1473246
30520,3784630
30521,1719138
30522,1706245
30523,2607255
30524,5752587
30525,2043068
30526,2752844
30527,1946558
30528,3483494
30529,5182936
30530,1578718
30531,2999026
30532,2690196
30533,1914587
30534,2624127
30535,2674578
30536,2285297
30537,2637590
30538,2751230
30539,1749193
30540,2897326
30541,2065502
30542,1397008
30543,2399991
30544,2828321
30545,1241275
30546,2867750
30547,3789524
30548,2322662
30549,2363158
30550,2420605
30551,2167675
30552,2175088
30553,1183532
30554,2274212
30555,2366233
30556,4324131
30557,2677603
30558,3165758
30559,9180907
30560,3975866
30561,3239610
30562,3898806
30563,3021091
30564,3557030
30565,1655855
30566,1676834
30567,4247695
30568,2533580
30569,2004480
30570,5687445
30571,2463530
30572,2540642
30573,4031790
30574,3952871
30575,2087515
30576,2344126
30577,2818745
30578,2881307
30579,2126210
30580,2918255
30581,2419289
30582,1852860
30583,1764290
30584,2079433
30585,2145131
30586,2328660
30587,2118066
30588,2297304
30589,3051164
30590,4026442
30591,3745683
30592,3846606
30593,2944480
30594,3649418
30595,3151322
30596,5171787
30597,3722187
30598,11388848
30599,2430542
30600,2863587
30601,4113471
30602,3620974
30603,3560078
30604,2419599
30605,2472222
30606,2449923
30607,2317353
30608,2262895
30609,2530812
30610,2837428
30611,1622849
30612,2556056
30613,2352336
30614,2391615
30615,2579430
30616,2624833
30617,2697544
30618,4005555
30619,3878286
30620,3175617
30621,4144070
30622,3140820
30623,2505034
30624,2314307
30625,2374351
30626,3032873
30627,1378165
30628,2160466
30629,2858175
30630,2741638
30631,2570322
30632,3719015
30633,5862936
30634,4031440
30635,3933040
30636,4524444
30637,3665347
30638,4134296
30639,3235205
30640,3581615
30641,2606616
30642,4104643
30643,4831568
30644,4790318
30645,2751955
30646,2429406
30647,2309596
30648,2802687
30649,3552435
30650,3567322
30651,3374395
30652,3471200
30653,2701867
30654,3008415
30655,2404673
30656,3203840
30657,10972177
30658,1997489
30659,3160863
30660,2747741
30661,2067702
30662,1905044
30663,3186898
30664,4146783
30665,6928248
30666,3543590
30667,2586964
30668,2661655
30669,2607831
30670,2429153
30671,2398746
30672,2387801
30673,1976984
30674,2104751
30675,2524571
30676,1976396
30677,2525793
30678,2467299
30679,4384178
30680,4318271
30681,3179216
30682,2372078
30683,2266432
30684,1764715
30685,2804383
30686,4444653
30687,1656980
30688,3725773
30689,2704534
30690,2452075
30691,2723259
30692,3680088
30693,2611318
30694,2583922
30695,6597494
30696,2598071
30697,2592007
30698,2684189
30699,2662739
30700,2682068
30701,2461737
30702,2243094
30703,2364852
30704,4207486
30705,2508802
30706,2411198
30707,2329247
30708,1224155
30709,2584880
30710,4529756
30711,2028540
30712,2312774
30713,2627631
30714,4070258
30715,4028807
30716,4053079
30717,2455973
30718,3830007
30719,1714910
30720,2906712
30721,3163513
30722,2204853
30723,3102842
30724,2823346
30725,2749802
30726,2718806
30727,1259325
30728,4441067
30729,2005977
30730,2458323
30731,2737006
30732,2607181
30733,5892982
30734,4819207
30735,2610248
30736,2798469
30737,1934857
30738,1898684
30739,1900371
30740,1537838
30741,4659251
30742,3935450
30743,3566899
30744,3384224
30745,4300371
30746,3959912
30747,3976665
30748,2906087
30749,1448175
30750,5787432
30751,1362132
30752,2168559
30753,2521104
30754,3777515
30755,2538625
30756,4204912
30757,4325574
30758,2443720
30759,2352131
30760,2357019
30761,1901299
30762,8074410
30763,3304907
30764,3221082
30765,7992838
30766,3049977
30767,2444623
30768,5290919
30769,2690721
30770,3557432
30771,3453189
30772,2664661
30773,2666249
30774,2456231
30775,2304276
30776,2631745
30777,2779330
30778,3111148
30779,1850896
30780,3154794
30781,3178114
30782,3853484
30783,2860796
30784,5845848
30785,4035356
30786,3984401
30787,2570810
30788,4071864
30789,2641982
30790,3888594
30791,2569082
30792,4493109
30793,4111569
30794,2503062
30795,3486609
30796,3639121
30797,3765833
30798,3782504
30799,5991982
30800,2950528
30801,3422181
30802,2456018
30803,2847519
30804,3074013
30805,3508623
30806,2393727
30807,4297173
30808,3969105
30809,3081305
30810,2567311
30811,4774912
30812,2005876
30813,2742180
30814,2597724
30815,1816205
30816,2687333
30817,2571581
30818,2841373
30819,3348189
30820,2618847
30821,2863776
30822,2451299
30823,3197738
30824,2347554
30825,2220414
30826,1721293
30827,2794396
30828,2340655
30829,2478752
30830,2429847
30831,2163115
30832,3758571
30833,2550335
30834,2305010
30835,2906119
30836,4135177
30837,2473482
30838,4137930
30839,2402912
30840,3897518
30841,3708297
30842,3321834
30843,2488071
30844,2081749
30845,2810433
30846,2501791
30847,3846056
30848,3594929
30849,2262180
30850,2581884
30851,3725645
30852,2277806
30853,2496442
30854,3848825
30855,2484498
30856,2413463
30857,2216863
30858,1429543
30859,2213658
30860,4311805
30861,2676633
30862,2242665
30863,2226334
30864,2408753
30865,2200060
30866,3134601
30867,3896949
30868,2232590
30869,1678027
30870,2479617
30871,2459242
30872,2193877
30873,3032449
30874,1131119
30875,2935420
30876,2824695
30877,5799379
30878,3925095
30879,3380497
30880,1443890
30881,1568578
30882,4112232
30883,6975631
30884,3375058
30885,2817282
30886,2499360
30887,2961248
30888,3413388
30889,2712752
30890,3665969
30891,3163274
30892,3736082
30893,3460326
30894,5056264
30895,3849580
30896,4046248
30897,1391607
30898,8262907
30899,1467980
30900,9960922
30901,2732813
30902,3670976
30903,2678539
30904,2252195
30905,3518872
30906,3417324
30907,4398060
30908,2863806
30909,3547981
30910,2683020
30911,2707738
30912,1364084
30913,2267256
30914,2818784
30915,2589242
30916,3008809
30917,7058814
30918,2606719
30919,2772265
30920,5816436
30921,2436027
30922,1818603
30923,2569182
30924,4411819
30925,3573583
30926,4071766
30927,2642415
30928,2576623
30929,2667514
30930,2154194
30931,2436122
30932,2042539
30933,3165393
30934,3034598
30935,3653920
30936,4186325
30937,2621829
30938,2285783
30939,2374060
30940,4721395
30941,2786925
30942,2043952
30943,2637009
30944,5680156
30945,5009274
30946,6432946
30947,3868700
30948,3925332
30949,2374605
30950,2779790
30951,3147917
30952,2904861
30953,1297663
30954,1548009
30955,1293351
30956,2320524
30957,2278175
30958,2329014
30959,2747381
30960,3326646
30961,5380483
30962,1353426
30963,2645914
30964,2329257
30965,2876938
30966,4204820
30967,3560059
30968,3334071
30969,3455556
30970,3880406
30971,3519253
30972,3929312
30973,6299975
30974,3590135
30975,2412163
30976,2106172
30977,2691284
30978,2397468
30979,3028241
30980,2530017
30981,2801681
30982,2338745
30983,2287361
30984,1182222
30985,2632432
30986,3876490
30987,2798760
30988,3799518
30989,2432606
30990,2757820
30991,2501096
30992,3139761
30993,3055356
30994,2466360
30995,2831926
30996,2485558
30997,2363139
30998,2814105
30999,2865239
31000,2390851
31001,1409824
31002,2501556
31003,3838276
31004,2002823
31005,2251083
31006,2471209
31007,3843840
31008,3835801
31009,10256219
31010,2172684
31011,2073252
31012,2039486
31013,2420054
31014,4269980
31015,4199313
31016,3786946
31017,5838582
31018,3870215
31019,1831302
31020,3693807
31021,1909699
31022,2770433
31023,2609709
31024,6217807
31025,2429586
31026,2840360
31027,2481231
31028,2528978
31029,2858124
31030,7285226
31031,2841340
31032,4297276
31033,3496605
31034,2718460
31035,4521160
31036,4028138
31037,2581925
31038,2482107
31039,2395609
31040,2751928
31041,3595346
31042,3878652
31043,4536658
31044,2563606
31045,4107416
31046,2837115
31047,2927643
31048,2087403
31049,1913018
31050,2795452
31051,9071723
31052,2111809
31053,14458095
31054,1380277
31055,1758832
31056,1713786
31057,2778802
31058,2879832
31059,2451075
31060,2487344
31061,5809010
31062,1660686
31063,2289936
31064,2359602
31065,3024966
31066,2116813
31067,2159373
31068,2883802
31069,1500687
31070,2223979
31071,2855252
31072,2678618
31073,2394402
31074,2607575
31075,4309534
31076,2378712
31077,2634355
31078,1895683
31079,2852524
31080,2933212
31081,2738083
31082,2678895
31083,4856906
31084,3252989
31085,15396904
31086,2687546
31087,4027823
31088,2712441
31089,3250090
31090,2899848
31091,1453967
31092,3868639
31093,2352093
31094,2047801
31095,5878860
31096,2648261
31097,2555612
31098,2860331
31099,4543235
31100,6503312
31101,4624415
31102,4019075
31103,3815129
31104,3839517
31105,2587779
31106,8005166
31107,3504331
31108,3443165
31109,2722496
31110,2367207
31111,2569088
31112,4511263
31113,2952476
31114,4291404
31115,2593117
31116,4029516
31117,7422679
31118,2259583
31119,2207369
31120,2338202
31121,5100896
31122,9245010
31123,4517243
31124,3670505
31125,2340326
31126,1320666
31127,2411029
31128,2286708
31129,2233205
31130,2237286
31131,2073180
31132,4371962
31133,2540811
31134,2476419
31135,6154000
31136,2440386
31137,1413908
31138,2765594
31139,1798470
31140,4972883
31141,2679373
31142,2587971
31143,1999438
31144,2282920
31145,2966416
31146,2750858
31147,5326352
31148,2327348
31149,4594420
31150,2672421
31151,2294573
31152,2212834
31153,2268704
31154,2216648
31155,3390765
31156,7926062
31157,1967641
31158,2939847
31159,2153956
31160,2412437
31161,4412155
31162,3143926
31163,1835250
31164,2325068
31165,11426167
31166,2660694
31167,2596413
31168,2832392
31169,2528808
31170,3700981
31171,1978723
31172,2253378
31173,2461312
31174,2167313
31175,5347964
31176,2406472
31177,8940642
31178,2312853
31179,2137646
31180,1682656
31181,4550393
31182,2818821
31183,1360556
31184,2515858
31185,2605272
31186,4430767
31187,4431620
31188,3931561
31189,5210553
31190,4174024
31191,2626200
31192,4006842
31193,2906271
31194,3591880
31195,2470793
31196,2408061
31197,4017372
31198,13889027
31199,3525068
31200,4010292
31201,8084050
31202,3868791
31203,3757346
31204,2382347
31205,2442289
31206,2752480
31207,2288954
31208,2262381
31209,2460315
31210,3764235
31211,3127265
31212,1354513
31213,3036273
31214,2405015
31215,2629478
31216,2721917
31217,2811407
31218,2232595
31219,7939096
31220,2588146
31221,15135762
31222,2512303
31223,1283560
31224,2538023
31225,3722761
31226,4025434
31227,2588224
31228,2461703
31229,2970438
31230,5933599
31231,3301959
31232,2826768
31233,2452393
31234,2957769
31235,2103709
31236,1437595
31237,2508317
31238,1798519
31239,1469333
31240,6720954
31241,7925616
31242,2646591
31243,5853552
31244,2504894
31245,2038619
31246,2186006
31247,1500358
31248,2352869
31249,3910696
31250,3195745
31251,4181628
31252,2401644
31253,5191049
31254,2558851
31255,1278326
31256,2484949
31257,3935563
31258,3914902
31259,3753211
31260,4180602
31261,8003389
31262,2758972
31263,2269543
31264,3448272
31265,7653384
31266,3703418
31267,2076173
31268,2099998
31269,4763275
31270,5539479
31271,3059408
31272,4105316
31273,11284049
31274,4563243
31275,1991797
31276,1336741
31277,2281340
31278,2565978
31279,3194965
31280,2683974
31281,2669696
31282,9574389
31283,2289087
31284,3088338
31285,2317036
31286,2509180
31287,1572171
31288,2349849
31289,2290639
31290,2366899
31291,3160209
31292,2282366
31293,4639043
31294,2760237
31295,2812828
31296,2406651
31297,2334379
31298,3279024
31299,2718192
31300,2386550
31301,3033239
31302,2650948
31303,11497153
31304,3392842
31305,3435641
31306,2548615
31307,2696585
31308,3250366
31309,2515229
31310,2320859
31311,3209450
31312,2488459
31313,14994576
31314,3791926
31315,2286273
31316,2527137
31317,2545783
31318,2336677
31319,5493797
31320,3098992
31321,3021073
31322,2746400
31323,2494991
31324,10460696
31325,2509171
31326,2530097
31327,2267914
31328,2223404
31329,2780978
31330,1737302
31331,2596678
31332,2207218
31333,2190310
31334,2434804
31335,3772827
31336,2674158
31337,3725619
31338,1713775
31339,2143518
31340,2659661
31341,1778665
31342,4771824
31343,3277669
31344,2303870
31345,5079527
31346,4166469
31347,12052416
31348,4570675
31349,2377352
31350,4367568
31351,2577158
31352,4290421
31353,3387753
31354,1374088
31355,3642310
31356,3629127
31357,2418590
31358,2570274
31359,4595382
31360,2604558
31361,2109076
31362,2523907
31363,2768813
31364,2531946
31365,2616223
31366,10148294
31367,2314406
31368,2074498
31369,10173287
31370,3706453
31371,4345024
31372,4140514
31373,2421375
31374,3607922
31375,2048292
31376,2495885
31377,1824189
31378,4542041
31379,2054245
31380,2302077
31381,2977172
31382,2789158
31383,3083562
31384,3719772
31385,2949931
31386,2569407
31387,8890991
31388,3817575
31389,2742489
31390,1786723
31391,1727110
31392,2488390
31393,2277948
31394,1335030
31395,2339763
31396,3565621
31397,1920191
31398,1986881
31399,2198991
31400,2143277
31401,13899442
31402,3629533
31403,4962287
31404,3615333
31405,1254701
31406,3372719
31407,2100715
31408,1678768
31409,2147210
31410,4268182
31411,1841789
31412,2508161
31413,2438392
31414,1939228
31415,2823458
31416,3771235
31417,13513012
31418,2544171
31419,2738055
31420,4004984
31421,3599388
31422,3383458
31423,2194824
31424,1960560
31425,1660345
31426,1798722
31427,2358308
31428,5934895
31429,1215909
31430,3746214
31431,2636231
31432,1902704
31433,2370468
31434,2709026
31435,2499920
31436,5957500
31437,2022305
31438,2314210
31439,2546120
31440,2712024
31441,2961793
31442,4302444
31443,4754251
31444,3970380
31445,3776791
31446,3620292
31447,2846932
31448,3115357
31449,2650541
31450,3130452
31451,2347202
31452,2303485
31453,3981275
31454,3448015
31455,5015684
31456,3604537
31457,17298986
31458,2620462
31459,2581501
31460,3903502
31461,3146944
31462,2707158
31463,3083526
31464,2445899
31465,2528870
31466,2584567
31467,2727394
31468,2357023
31469,1343639
31470,2489328
31471,3885910
31472,5699938
31473,1449753
31474,4110626
31475,4298519
31476,2858687
31477,3296553
31478,2028291
31479,1965769
31480,1198155
31481,2938980
31482,2031225
31483,2243139
31484,4194502
31485,10922793
31486,2117448
31487,2540271
31488,2669276
31489,2756117
31490,2667892
31491,2051311
31492,3613204
31493,2114036
31494,4007704
31495,3548393
31496,1900330
31497,5116688
31498,2898162
31499,2275125
31500,6350571
31501,1663235
31502,2426081
31503,2857297
31504,2806639
31505,11778191
31506,2034227
31507,1936916
31508,1974088
31509,2631577
31510,2334520
31511,2518289
31512,1400984
31513,3957934
31514,2439769
31515,3782638
31516,3360528
31517,2434196
31518,3100036
31519,2794712
31520,3753231
31521,2340442
31522,3646914
31523,2528446
31524,3924048
31525,3296337
31526,2426621
31527,2178791
31528,2309170
31529,2425784
31530,2543569
31531,2075941
31532,1754520
31533,1888599
31534,3722525
31535,2175904
31536,2201156
31537,1972126
31538,6351891
31539,2552329
31540,2296458
31541,15212132
31542,2429720
31543,4796451
31544,4079736
31545,2373570
31546,3501819
31547,6048486
31548,2113159
31549,3861091
31550,2511539
31551,2560964
31552,3100536
31553,4360866
31554,3581580
31555,1248622
31556,3614102
31557,2006899
31558,2143478
31559,2171127
31560,3478084
31561,3119280
31562,1808840
31563,2417001
31564,5507693
31565,4236310
31566,2764160
31567,2681569
31568,2305645
31569,2440226
31570,2258320
31571,3101710
31572,4250808
31573,15859345
31574,1856911
31575,3379611
31576,2247989
31577,2751039
31578,2414557
31579,2791031
31580,3934632
31581,4230229
31582,3880400
31583,3616858
31584,2625071
31585,2557948
31586,3399972
31587,1327220
31588,3041676
31589,4751756
31590,2629014
31591,2394841
31592,2291093
31593,4278247
31594,2734261
31595,3033579
31596,4597547
31597,2728003
31598,1291125
31599,2737866
31600,4060548
31601,5703448
31602,3650265
31603,8224091
31604,3825873
31605,3695757
31606,3633477
31607,2343448
31608,3077777
31609,2083623
31610,2573886
31611,2529273
31612,2491228
31613,2281548
31614,2298467
31615,2360851
31616,3564797
31617,2569402
31618,5174241
31619,1497908
31620,2711204
31621,2723799
31622,2090173
31623,2617878
31624,2626413
31625,6972960
31626,2751047
31627,1900040
31628,2459179
31629,2694644
31630,6663199
31631,3121675
31632,3885966
31633,2428719
31634,3446054
31635,3192616
31636,4285250
31637,4429773
31638,4447172
31639,3892851
31640,4028400
31641,2523720
31642,3443200
31643,3679254
31644,3463908
31645,2469629
31646,2621720
31647,2766150
31648,2618590
31649,2247113
31650,2528727
31651,4002033
31652,1384630
31653,3947749
31654,2604085
31655,3305273
31656,2592883
31657,3207789
31658,2582860
31659,2591004
31660,4282554
31661,3662225
31662,2554963
31663,2107733
31664,2498604
31665,5490607
31666,4046266
31667,2720532
31668,2416365
31669,2461655
31670,4783733
31671,4048978
31672,2351971
31673,6438509
31674,1635801
31675,2101774
31676,2540944
31677,2564234
31678,4307818
31679,2353156
31680,4215795
31681,3123745
31682,2320307
31683,2335671
31684,2670670
31685,2919965
31686,5280524
31687,2780940
31688,2406007
31689,3410156
31690,3546562
31691,2672630
31692,3428145
31693,2210344
31694,7177765
31695,2584557
31696,3171634
31697,3494677
31698,2672051
31699,3284318
31700,2615751
31701,2700308
31702,2977469
31703,2459020
31704,2676784
31705,2681296
31706,1394746
31707,4188968
31708,3890261
31709,2456967
31710,2316060
31711,2545473
31712,2366939
31713,14305862
31714,2590859
31715,4242730
31716,2576798
31717,2102919
31718,2629496
31719,2903301
31720,4007891
31721,1368716
31722,2373112
31723,2374020
31724,3967230
31725,3123749
31726,2628125
31727,1293807
31728,7406169
31729,2429573
31730,3712146
31731,2379732
31732,3883143
31733,3904939
31734,3668801
31735,2327420
31736,3567588
31737,2095458
31738,1415496
31739,2108415
31740,2531941
31741,4279446
31742,3625489
31743,2488448
31744,2291479
31745,2382799
31746,1899536
31747,2145446
31748,2386738
31749,4276610
31750,3372023
31751,2646618
31752,1218216
31753,2627935
31754,3012174
31755,4069208
31756,3161302
31757,16034588
31758,2228179
31759,3381272
31760,2551920
31761,2881704
31762,2563599
31763,2853704
31764,2547163
31765,2140334
31766,2346414
31767,1918344
31768,2259137
31769,2254445
31770,1258498
31771,2689246
31772,2250456
31773,3608550
31774,3617225
31775,2618913
31776,2662337
31777,2422981
31778,2252830
31779,3913406
31780,3790467
31781,3722670
31782,3395957
31783,2201095
31784,2731725
31785,3008168
31786,2794559
31787,3418004
31788,3688515
31789,2857811
31790,2396236
31791,6396845
31792,6226065
31793,2591577
31794,3602965
31795,2384439
31796,2428867
31797,2288660
31798,3583097
31799,2269301
31800,3297016
31801,4093725
31802,2478316
31803,3864637
31804,2432449
31805,2851456
31806,3802417
31807,2313121
31808,2348631
31809,2775724
31810,2410018
31811,2763993
31812,3387155
31813,1196528
31814,2067562
31815,1845144
31816,2471583
31817,1972365
31818,1949004
31819,2126852
31820,2202792
31821,1413618
31822,2582042
31823,1394920
31824,1448823
31825,1686770
31826,2674509
31827,2096960
31828,3051120
31829,1718079
31830,2709514
31831,4053057
31832,2769161
31833,6712152
31834,1613427
31835,3959232
31836,4234677
31837,14452718
31838,4745485
31839,2208353
31840,4159459
31841,4928831
31842,3973719
31843,4043738
31844,3726372
31845,2593598
31846,3856747
31847,4523196
31848,4545911
31849,4221846
31850,4722688
31851,2212718
31852,2505694
31853,4561851
31854,3114860
31855,4627125
31856,3983068
31857,2892968
31858,2761036
31859,4101014
31860,4390438
31861,3919338
31862,3760646
31863,3699455
31864,4327458
31865,2787966
31866,2677560
31867,2610069
31868,3319986
31869,3763424
31870,3404070
31871,4231769
31872,3933043
31873,3977772
31874,1317094
31875,3732709
31876,1576363
31877,9711538
31878,2578085
31879,2412641
31880,2360440
31881,2383108
31882,1363539
31883,2865491
31884,2703539
31885,2476733
31886,2339571
31887,2293661
31888,1146164
31889,2011007
31890,2629219
31891,2504164
31892,2452924
31893,2349603
31894,2544639
31895,1416963
31896,1753175
31897,2819616
31898,5934036
31899,4272166
31900,2663094
31901,4300602
31902,3928039
31903,3809200
31904,4158815
31905,5858612
31906,3334663
31907,2777369
31908,2595037
31909,2507913
31910,4009274
31911,3781451
31912,3699119
31913,4114840
31914,2395138
31915,2383418
31916,2882926
31917,3109487
31918,3114833
31919,2616898
31920,1326360
31921,2650658
31922,3064981
31923,3125933
31924,2630727
31925,2487572
31926,4703521
31927,2647932
31928,3788648
31929,2419491
31930,2725837
31931,1357332
31932,2705464
31933,15964986
31934,2765015
31935,2742422
31936,2624013
31937,2946133
31938,12122078
31939,3038080
31940,2638019
31941,1733457
31942,3918940
31943,2097275
31944,3601832
31945,2421864
31946,2923869
31947,2680705
31948,2384436
31949,4037148
31950,3685822
31951,6492928
31952,2990670
31953,4026768
31954,3705023
31955,2062314
31956,4066929
31957,2370359
31958,2632525
31959,1705018
31960,1511903
31961,2927762
31962,2115328
31963,1527602
31964,2691454
31965,2606744
31966,2404742
31967,2495313
31968,2786718
31969,2468596
31970,2424617
31971,2436748
31972,2270535
31973,1911964
31974,2985387
31975,2578331
31976,2911718
31977,2466219
31978,2348148
31979,2230979
31980,5080513
31981,10770387
31982,2374879
31983,2425274
31984,2046622
31985,2279714
31986,2535979
31987,3110396
31988,3985277
31989,4003624
31990,4291553
31991,1919318
31992,2480605
31993,3097031
31994,3403380
31995,1940509
31996,2537973
31997,2044036
31998,2013977
31999,2055600
32000,2687858
32001,3411579
32002,2471472
32003,2134536
32004,2064023
32005,2294821
32006,1815734
32007,3241906
32008,2602375
32009,1926914
32010,1923336
32011,2430374
32012,3910207
32013,2483814
32014,2312553
32015,3650604
32016,2880430
32017,12483079
32018,3580121
32019,2364507
32020,2449446
32021,2113496
32022,3759306
32023,3534937
32024,3649092
32025,3706953
32026,2726383
32027,1888132
32028,2289501
32029,2889062
32030,2166233
32031,2487928
32032,2035071
32033,2002604
32034,1955857
32035,1124222
32036,2595169
32037,2437354
32038,1332449
32039,3330640
32040,2765679
32041,14973553
32042,2180563
32043,3287447
32044,2656489
32045,3857995
32046,2500641
32047,2987386
32048,2583019
32049,2375465
32050,3872494
32051,2961651
32052,2392452
32053,2712444
32054,5985387
32055,4153420
32056,4388744
32057,3905588
32058,3999668
32059,3051594
32060,4263613
32061,3989952
32062,3867337
32063,3629712
32064,3289470
32065,2856555
32066,3932648
32067,2670964
32068,2589624
32069,2352173
32070,2672936
32071,3476834
32072,2440739
32073,2322071
32074,2381269
32075,2928481
32076,3460307
32077,1481007
32078,1558038
32079,2611309
32080,2940443
32081,2314704
32082,2595152
32083,2537904
32084,2608277
32085,3308814
32086,2256426
32087,2663135
32088,3257944
32089,2486630
32090,2472418
32091,2682005
32092,2607201
32093,3890508
32094,3894688
32095,2326058
32096,2337975
32097,2397119
32098,2322926
32099,2409638
32100,5994397
32101,3013701
32102,2587978
32103,2806852
32104,4725632
32105,7646391
32106,3547003
32107,2749275
32108,1759020
32109,9386838
32110,5971164
32111,2839851
32112,2493268
32113,2465162
32114,2369411
32115,2501980
32116,1795233
32117,1386947
32118,1318842
32119,2525793
32120,2564955
32121,1737296
32122,2250418
32123,1983065
32124,2555556
32125,2696129
32126,2714917
32127,3121094
32128,3959051
32129,2511297
32130,2407519
32131,1671076
32132,1648412
32133,13715545
32134,1532943
32135,1776643
32136,2754350
32137,2678303
32138,2440764
32139,2386362
32140,2705426
32141,2653527
32142,5881058
32143,2536443
32144,2518209
32145,1839532
32146,2524298
32147,2525773
32148,3233082
32149,1255504
32150,5308889
32151,2525277
32152,1631126
32153,2266129
32154,2378077
32155,3052528
32156,2999393
32157,2855617
32158,2526257
32159,2955681
32160,2623730
32161,13361409
32162,2526392
32163,1633092
32164,2554546
32165,2540810
32166,1550237
32167,1609877
32168,1844375
32169,3208786
32170,2821973
32171,1797280
32172,2598917
32173,1657316
32174,1337761
32175,1659333
32176,2535842
32177,1654993
32178,2504846
32179,2449876
32180,2654364
32181,2581851
32182,2630019
32183,2482863
32184,2362531
32185,10915682
32186,5328640
32187,2501124
32188,2738658
32189,2386171
32190,2975858
32191,2881115
32192,2456430
32193,2343696
32194,1332171
32195,2382504
32196,2278143
32197,1235729
32198,3881751
32199,2499976
32200,2266744
32201,2608639
32202,1675863
32203,2444317
32204,3954550
32205,2932274
32206,12176177
32207,2695996
32208,2041382
32209,3932111
32210,2194003
32211,1541309
32212,2628368
32213,2373482
32214,2596602
32215,2470709
32216,2798117
32217,5261170
32218,1921951
32219,2671120
32220,2820447
32221,2651367
32222,2410554
32223,2595263
32224,2263683
32225,2314592
32226,2931600
32227,12433003
32228,2801534
32229,1261193
32230,2551816
32231,1767228
32232,2647537
32233,10083581
32234,6384902
32235,1850509
32236,1605175
32237,3470376
32238,2611137
32239,1976057
32240,1748733
32241,1948928
32242,1932539
32243,2360726
32244,4729281
32245,2283630
32246,2694775
32247,2807481
32248,12300998
32249,2389416
32250,2648806
32251,2980996
32252,4245560
32253,4711459
32254,3701666
32255,2029005
32256,4774532
32257,3073508
32258,4084223
32259,3536537
32260,1288103
32261,1828404
32262,4168216
32263,3024857
32264,2229354
32265,2541511
32266,3264691
32267,6525538
32268,2403227
32269,2596643
32270,2257783
32271,4643927
32272,1608293
32273,2290157
32274,2345368
32275,3163098
32276,2121443
32277,2352536
32278,2686192
32279,3088160
32280,4420929
32281,2810212
32282,2685336
32283,3096231
32284,3309869
32285,16268487
32286,2576247
32287,2361161
32288,2205055
32289,5393100
32290,15565051
32291,2468705
32292,2150628
32293,1673685
32294,3026736
32295,3686221
32296,2899037
32297,2696313
32298,2502394
32299,2490282
32300,2374362
32301,2138488
32302,2136203
32303,3171664
32304,1349012
32305,2582439
32306,3918352
32307,2309144
32308,2272560
32309,10671110
32310,1898417
32311,13878645
32312,2322396
32313,2447199
32314,2232941
32315,2449663
32316,3237869
32317,2996055
32318,2263373
32319,9569540
32320,3999535
32321,2760039
32322,1976432
32323,3644018
32324,3729977
32325,2645482
32326,2129599
32327,2057248
32328,2440115
32329,3854520
32330,3293909
32331,2469676
32332,2282699
32333,2241419
32334,2277347
32335,3661971
32336,1256258
32337,2868084
32338,2755669
32339,2234891
32340,2892337
32341,2059194
32342,2553196
32343,2318283
32344,2049646
32345,11225714
32346,3852175
32347,6294161
32348,2269544
32349,2691841
32350,2674091
32351,2448653
32352,2063696
32353,2492012
32354,2061722
32355,2159079
32356,2099237
32357,2429614
32358,2549869
32359,2953618
32360,4115307
32361,6758612
32362,2375949
32363,2624322
32364,2360969
32365,2238950
32366,6469672
32367,2277120
32368,1883739
32369,2727021
32370,8816242
32371,2449455
32372,2304271
32373,5233302
32374,2596501
32375,4070465
32376,2811277
32377,2313452
32378,2168683
32379,1415635
32380,2451391
32381,2327679
32382,2169612
32383,2694493
32384,2942399
32385,2393669
32386,4907617
32387,2241248
32388,3958244
32389,3734517
32390,3200510
32391,2664742
32392,1786244
32393,2534033
32394,2557842
32395,2791399
32396,2483484
32397,3344787
32398,3444426
32399,2445407
32400,1546388
32401,2586335
32402,3809056
32403,2488363
32404,3555785
32405,14898483
32406,4481443
32407,3732086
32408,3655730
32409,6244880
32410,4010470
32411,1560546
32412,2668694
32413,2850073
32414,2255270
32415,2618019
32416,4372298
32417,2646075
32418,3712618
32419,2192306
32420,3781929
32421,3023355
32422,1431145
32423,2662289
32424,2253084
32425,3066607
32426,2667616
32427,2754261
32428,3476179
32429,10559590
32430,3951951
32431,5348892
32432,4334509
32433,2802265
32434,3560918
32435,3379334
32436,3822873
32437,2255971
32438,2608589
32439,4110083
32440,3394396
32441,2928368
32442,3776198
32443,2478383
32444,1751534
32445,2508817
32446,4543671
32447,2764109
32448,2823349
32449,2556592
32450,4856726
32451,4986693
32452,3686410
32453,10511074
32454,1862150
32455,4019611
32456,4199082
32457,2796569
32458,2843874
32459,1750251
32460,4222279
32461,3636340
32462,2495980
32463,2404109
32464,2363796
32465,1302313
32466,2177987
32467,2135189
32468,2112273
32469,1852925
32470,2659272
32471,1739098
32472,1387885
32473,2602620
32474,2123469
32475,2658527
32476,3987896
32477,13400961
32478,1774004
32479,3206164
32480,3915553
32481,7287529
32482,2498249
32483,3247703
32484,5371967
32485,2448639
32486,1893681
32487,2008340
32488,3163250
32489,2520613
32490,2719419
32491,2409799
32492,1733305
32493,2280528
32494,2237973
32495,2275888
32496,4166898
32497,1156774
32498,2491933
32499,2234889
32500,5937842
32501,6553014
32502,2621408
32503,5266305
32504,2331620
32505,16057386
32506,2715145
32507,4145832
32508,2012001
32509,2502208
32510,2616935
32511,2804066
32512,3062198
32513,2180778
32514,2440927
32515,2257373
32516,2301886
32517,2590701
32518,2478627
32519,2631274
32520,2467863
32521,2449393
32522,2341287
32523,2170129
32524,2147134
32525,2858414
32526,3319011
32527,2462208
32528,2480340
32529,1613212
32530,2665425
32531,3263005
32532,2503317
32533,15209642
32534,5322205
32535,2056421
32536,2094032
32537,2445694
32538,3598537
32539,2231383
32540,1549191
32541,2868204
32542,2597551
32543,2846943
32544,2428750
32545,2513059
32546,2456472
32547,5263474
32548,3471268
32549,4873678
32550,4374301
32551,2435784
32552,2414844
32553,2582019
32554,2731782
32555,2677301
32556,2805908
32557,2320395
32558,2588181
32559,3214340
32560,3764594
32561,10961490
32562,2757463
32563,2997847
32564,4240833
32565,2294908
32566,2239709
32567,2773456
32568,3836342
32569,2769853
32570,3122915
32571,4352590
32572,2383939
32573,2684111
32574,5281324
32575,2334365
32576,3973522
32577,4643127
32578,2334516
32579,2231244
32580,2387492
32581,2648788
32582,2314602
32583,1571862
32584,2673957
32585,2625770
32586,2737151
32587,1968383
32588,2190537
32589,3066549
32590,4222606
32591,3880009
32592,2612882
32593,1304067
32594,2708277
32595,3820848
32596,2468771
32597,2535128
32598,2314467
32599,9964687
32600,2479988
32601,2954705
32602,4646928
32603,2171424
32604,2922616
32605,15136364
32606,2989074
32607,2509791
32608,2999545
32609,4437505
32610,4911627
32611,4581965
32612,5026049
32613,4055771
32614,5356090
32615,1801806
32616,1478704
32617,1421846
32618,1300888
32619,1369903
32620,1906563
32621,2940828
32622,1685676
32623,1484301
32624,2221111
32625,3023939
32626,2086113
32627,1499620
32628,3066832
32629,1590812
32630,2505285
32631,3392519
32632,4891035
32633,2920891
32634,2144482
32635,2505550
32636,1487140
32637,2626479
32638,2639387
32639,2566496
32640,3854703
32641,3075696
32642,2396665
32643,3578397
32644,4321958
32645,4009199
32646,3649215
32647,3464082
32648,3623567
32649,2318636
32650,3587022
32651,2457992
32652,2748189
32653,2986019
32654,2176733
32655,1959966
32656,6572849
32657,4721686
32658,4232929
32659,4260071
32660,3757699
32661,2764066
32662,1770733
32663,2253681
32664,2839838
32665,2842285
32666,2763527
32667,4245512
32668,3090538
32669,2822395
32670,2715932
32671,2550748
32672,3788193
32673,3028216
32674,3468242
32675,2549201
32676,2413948
32677,2410508
32678,3966561
32679,1422504
32680,3261293
32681,2875706
32682,1461692
32683,2736541
32684,2387187
32685,2444747
32686,2646280
32687,6585500
32688,2552960
32689,2584918
32690,2199799
32691,2821771
32692,2515125
32693,2473368
32694,3479336
32695,2999318
32696,2819505
32697,2828224
32698,3565788
32699,2413038
32700,5777267
32701,2185049
32702,2391768
32703,2745191
32704,9723841
32705,3295943
32706,5663193
32707,7253225
32708,4114453
32709,14790899
32710,1407775
32711,1746361
32712,2516586
32713,2193318
32714,2198148
32715,3071348
32716,4702121
32717,4224139
32718,3683240
32719,2488086
32720,2441554
32721,2660813
32722,2420145
32723,2641498
32724,2324567
32725,2189691
32726,2513358
32727,2677566
32728,1322449
32729,2906056
32730,2740798
32731,2248000
32732,3054737
32733,2721976
32734,2210224
32735,1996595
32736,2496833
32737,11523876
32738,1970650
32739,1996161
32740,2377104
32741,2423881
32742,2139681
32743,1493268
32744,2400534
32745,2754336
32746,2292493
32747,2562600
32748,3695202
32749,7745582
32750,2530752
32751,2643261
32752,2281769
32753,2651485
32754,2569053
32755,2405472
32756,3760768
32757,3125940
32758,2518670
32759,2640485
32760,1490625
32761,18855510
32762,2048937
32763,2631678
32764,1368426
32765,3895250
32766,8286848
32767,2281220
32768,2378674
32769,2150500
32770,3415249
32771,5807367
32772,2345912
32773,2819304
32774,2504752
32775,1376131
32776,2307848
32777,2531541
32778,2638992
32779,2655209
32780,2551944
32781,3793659
32782,5781561
32783,2595335
32784,2589251
32785,2464995
32786,1254978
32787,3351062
32788,2405045
32789,10995156
32790,1911582
32791,1965930
32792,4670252
32793,2307354
32794,2442272
32795,2186632
32796,2738221
32797,2739939
32798,2928708
32799,4289799
32800,3775955
32801,4067992
32802,3863357
32803,2648088
32804,2621189
32805,2473324
32806,4086751
32807,5425366
32808,4028244
32809,3788162
32810,2443663
32811,4218154
32812,3526975
32813,2606592
32814,2380641
32815,2613750
32816,5274008
32817,30096684
32818,4150796
32819,2798233
32820,5004763
32821,4987378
32822,3663525
32823,1926056
32824,4304216
32825,3257866
32826,2572842
32827,2349548
32828,2650071
32829,4354454
32830,4226730
32831,3288119
32832,2414261
32833,2507254
32834,2447394
32835,2376055
32836,2861720
32837,11804149
32838,3975986
32839,2570740
32840,2039927
32841,4088169
32842,2426270
32843,3361997
32844,3009782
32845,2358994
32846,2415121
32847,3187741
32848,3163541
32849,2367151
32850,2114150
32851,1772052
32852,2469169
32853,4243828
32854,3596024
32855,2552221
32856,4109414
32857,2335630
32858,2190263
32859,2722077
32860,3055864
32861,2360734
32862,3409773
32863,6041649
32864,4189954
32865,10734465
32866,2876417
32867,2300702
32868,1343681
32869,2383658
32870,1669266
32871,2358110
32872,1455407
32873,2521057
32874,2773305
32875,2380444
32876,2816947
32877,2311519
32878,2801306
32879,2358229
32880,2447750
32881,2555179
32882,3417813
32883,4161281
32884,8448891
32885,3767370
32886,3753197
32887,3582821
32888,3979754
32889,2535965
32890,2462007
32891,2564789
32892,1363032
32893,1241035
32894,2588621
32895,2436293
32896,6241249
32897,2979611
32898,1688734
32899,2759905
32900,3250736
32901,2118998
32902,3770400
32903,2568140
32904,1816580
32905,2441086
32906,3527057
32907,2240360
32908,2516506
32909,2407716
32910,2147033
32911,3595525
32912,2658391
32913,2906636
32914,3991061
32915,1868239
32916,3710777
32917,4193432
32918,4042253
32919,2273058
32920,4768064
32921,4273133
32922,3975955
32923,3595647
32924,4896428
32925,9933417
32926,4557503
32927,3490090
32928,4013527
32929,2616643
32930,2232554
32931,2615823
32932,2495176
32933,2485321
32934,4110081
32935,2798130
32936,3387719
32937,2714980
32938,3811276
32939,3703351
32940,2523781
32941,2099138
32942,3871666
32943,3835886
32944,3245937
32945,2426376
32946,4466562
32947,2867806
32948,2432999
32949,2242806
32950,3856217
32951,2388529
32952,4037837
32953,2253775
32954,4109406
32955,3712501
32956,4253331
32957,4054610
32958,2968942
32959,2516405
32960,2625225
32961,2993092
32962,4258051
32963,4681744
32964,3734134
32965,1981413
32966,3712321
32967,2198001
32968,2662735
32969,8933210
32970,2107506
32971,2849617
32972,4476173
32973,2372595
32974,3870070
32975,3113181
32976,2511507
32977,2399167
32978,2203324
32979,1285142
32980,4001859
32981,2868539
32982,3571975
32983,2736682
32984,2398946
32985,2136266
32986,1938103
32987,2620447
32988,4549394
32989,5637815
32990,2568327
32991,2518446
32992,5042666
32993,1709328
32994,1521712
32995,1641140
32996,2489433
32997,1588013
32998,1396831
32999,1997783
33000,2937748
33001,1812302
33002,2161657
33003,1466349
33004,5760900
33005,3794883
33006,3145600
33007,2625050
33008,2921997
33009,2995097
33010,2430337
33011,1924804
33012,3830986
33013,2240032
33014,2907952
33015,2860137
33016,2583632
33017,2979961
33018,2469782
33019,2373199
33020,2216334
33021,1935715
33022,1248868
33023,2321980
33024,1160015
33025,5659379
33026,3193894
33027,3141391
33028,2506453
33029,2569419
33030,3381158
33031,2485024
33032,2406355
33033,1270211
33034,2193167
33035,2591756
33036,2350907
33037,4341318
33038,3620112
33039,3102756
33040,2364853
33041,11773700
33042,2403663
33043,3831166
33044,2541724
33045,2954399
33046,3362692
33047,2417343
33048,2617962
33049,2653235
33050,2075148
33051,2639870
33052,3514835
33053,2195196
33054,1287945
33055,3857507
33056,3314853
33057,2187517
33058,2362391
33059,2372234
33060,2509145
33061,2448162
33062,2112182
33063,2708501
33064,3508049
33065,1662111
33066,2260724
33067,2245727
33068,3935349
33069,13824675
33070,3394002
33071,3011651
33072,13096471
33073,3566353
33074,2166176
33075,2563006
33076,2230820
33077,2392019
33078,2529970
33079,1817976
33080,2296341
33081,2783410
33082,1878003
33083,2944334
33084,2839239
33085,1441917
33086,1631028
33087,2542019
33088,2024999
33089,2185127
33090,1838753
33091,1990714
33092,3427063
33093,5514375
33094,2453174
33095,2897414
33096,3534188
33097,1423887
33098,2364182
33099,2186500
33100,2166866
33101,2582090
33102,2592050
33103,3993664
33104,4214125
33105,4135339
33106,3528275
33107,2425956
33108,3213320
33109,2567528
33110,2047311
33111,2120787
33112,2320699
33113,3001867
33114,9216017
33115,1346660
33116,4208737
33117,4276064
33118,2533697
33119,3456022
33120,2288797
33121,2350519
33122,2503465
33123,2895004
33124,3878335
33125,2339141
33126,2308149
33127,2253012
33128,4117246
33129,3255454
33130,2651832
33131,2430663
33132,2217066
33133,2356502
33134,2459754
33135,3736422
33136,2425143
33137,2197982
33138,3718507
33139,2324879
33140,1497763
33141,3849883
33142,2821410
33143,2566172
33144,2601810
33145,2423255
33146,2483243
33147,2814480
33148,2182358
33149,3930292
33150,3715967
33151,2990573
33152,2301519
33153,2548528
33154,3061714
33155,7958178
33156,4691988
33157,4620504
33158,3620176
33159,2527681
33160,2763194
33161,12869811
33162,1515783
33163,3386018
33164,2728051
33165,2822895
33166,2342875
33167,4003936
33168,2388480
33169,3055797
33170,1996913
33171,2725915
33172,8281014
33173,2255156
33174,2667699
33175,2278416
33176,2459815
33177,2147491
33178,2177783
33179,2012684
33180,2602402
33181,2691469
33182,2247196
33183,3986997
33184,2288190
33185,2129477
33186,2297102
33187,3055963
33188,2477055
33189,2713276
33190,1983011
33191,2491684
33192,2608510
33193,1241041
33194,2343753
33195,1972743
33196,5850378
33197,2585780
33198,14788468
33199,2464796
33200,3619776
33201,2580117
33202,2325818
33203,2844848
33204,1477267
33205,2399942
33206,3428008
33207,1285249
33208,2384257
33209,6526471
33210,2375566
33211,2485782
33212,2364275
33213,2252837
33214,3840060
33215,2161622
33216,4132144
33217,7514027
33218,3964759
33219,7893980
33220,2308762
33221,4368438
33222,7435142
33223,3704455
33224,3458057
33225,2635210
33226,2312464
33227,8447756
33228,2341310
33229,2125449
33230,2564670
33231,2498049
33232,2582539
33233,3321218
33234,2752290
33235,2327023
33236,3090915
33237,2060738
33238,3452562
33239,3105271
33240,10257318
33241,2646535
33242,3472146
33243,1826862
33244,4155782
33245,2705359
33246,2353984
33247,1213350
33248,2479428
33249,4285173
33250,3838594
33251,2203634
33252,4009302
33253,3703385
33254,3451954
33255,3296356
33256,3126608
33257,2207635
33258,2470194
33259,2673430
33260,3557970
33261,6828479
33262,3379131
33263,2547423
33264,2502784
33265,12106098
33266,2387699
33267,3830724
33268,4195385
33269,3841611
33270,5399202
33271,2681737
33272,3503311
33273,2158999
33274,2177885
33275,2178384
33276,2160116
33277,1703356
33278,2657253
33279,1359711
33280,2234530
33281,2802924
33282,8441948
33283,3495188
33284,5345290
33285,24344185
33286,3116897
33287,1561334
33288,2282846
33289,2496144
33290,1162337
33291,2379429
33292,3701411
33293,2431226
33294,4381597
33295,3613896
33296,4197899
33297,3001701
33298,1927162
33299,1917741
33300,4678313
33301,2615257
33302,1960339
33303,7079352
33304,2151635
33305,1138847
33306,2408746
33307,2089890
33308,2119391
33309,2533619
33310,2379815
33311,1581896
33312,2440324
33313,2509568
33314,4113967
33315,2439228
33316,4129405
33317,2866424
33318,1414609
33319,2612671
33320,3286787
33321,3119110
33322,1321722
33323,1280412
33324,5311019
33325,3327967
33326,3787279
33327,2489232
33328,2798896
33329,2338425
33330,1279012
33331,2347528
33332,2626823
33333,2915641
33334,999493
33335,2277165
33336,2335256
33337,2275533
33338,1889292
33339,2556912
33340,2079092
33341,2260002
33342,2327838
33343,2427925
33344,2265520
33345,3139933
33346,2184027
33347,2202716
33348,2213125
33349,2725790
33350,4093262
33351,2331912
33352,2258154
33353,2671417
33354,2430421
33355,2796343
33356,2194296
33357,4758299
33358,2596932
33359,2362502
33360,2304826
33361,2375293
33362,2305057
33363,2042791
33364,2366131
33365,1541759
33366,6180322
33367,2857320
33368,2250989
33369,1974034
33370,1970530
33371,2276185
33372,3955038
33373,1885517
33374,2443850
33375,2173577
33376,2183225
33377,2496726
33378,2533164
33379,2283181
33380,2292800
33381,2407440
33382,2155706
33383,2165542
33384,2321553
33385,14704463
33386,4263948
33387,6456607
33388,2281704
33389,2464544
33390,2160880
33391,2261094
33392,2346741
33393,2308669
33394,2244889
33395,2583564
33396,3807777
33397,1938872
33398,2789254
33399,2518087
33400,2721516
33401,2369006
33402,2782970
33403,2147244
33404,2307665
33405,2393831
33406,2593639
33407,2275643
33408,1787179
33409,3589500
33410,2090261
33411,2341374
33412,2224784
33413,2333626
33414,2133916
33415,2356924
33416,2163092
33417,3011331
33418,2876342
33419,2508897
33420,2167163
33421,2186066
33422,3644191
33423,2596950
33424,2489613
33425,1949245
33426,2352285
33427,2129628
33428,2430880
33429,2770398
33430,2419755
33431,2239924
33432,2248564
33433,2283989
33434,2081679
33435,2202224
33436,2110159
33437,2299971
33438,2504067
33439,2872056
33440,1559154
33441,7569840
33442,2199367
33443,2982998
33444,2403410
33445,2128084
33446,2110299
33447,2228144
33448,2154770
33449,2347556
33450,3247747
33451,1696628
33452,2409298
33453,2814551
33454,4600839
33455,3105440
33456,4663991
33457,2267071
33458,3959792
33459,3742659
33460,4151073
33461,2676245
33462,2837940
33463,2358046
33464,2224036
33465,17426664
33466,6942585
33467,2016353
33468,1873986
33469,1925609
33470,1834345
33471,2071173
33472,4233477
33473,1269826
33474,1980405
33475,1358137
33476,4086829
33477,2677485
33478,2514783
33479,2832167
33480,3941095
33481,2775802
33482,2543722
33483,1769407
33484,2377146
33485,2310964
33486,2331735
33487,6190974
33488,2679146
33489,2445027
33490,3926535
33491,4371543
33492,3723590
33493,2828902
33494,3566768
33495,3636434
33496,2639814
33497,3784836
33498,3772963
33499,2624986
33500,2175175
33501,2351559
33502,2312818
33503,2922955
33504,2161211
33505,2518828
33506,2363686
33507,2499000
33508,2167456
33509,2379631
33510,6244531
33511,2777589
33512,2280492
33513,2714211
33514,2306516
33515,1727338
33516,6681182
33517,3691962
33518,3746638
33519,3214336
33520,1414905
33521,2820797
33522,2689242
33523,4124579
33524,1395901
33525,3107230
33526,2873978
33527,4527915
33528,2302978
33529,2320336
33530,2143065
33531,2298499
33532,2242664
33533,2421260
33534,2464924
33535,1853875
33536,4386479
33537,2407010
33538,1865093
33539,2328844
33540,2203388
33541,10820446
33542,2419078
33543,2336092
33544,1922366
33545,3725921
33546,3970192
33547,3329205
33548,3437328
33549,2600064
33550,3799272
33551,2047029
33552,2558204
33553,2907480
33554,2935364
33555,6504626
33556,3861693
33557,1693977
33558,4680820
33559,2854301
33560,2729742
33561,13638899
33562,3305511
33563,2602196
33564,2389216
33565,2081743
33566,2227310
33567,2910866
33568,1322636
33569,2392532
33570,2566809
33571,2450986
33572,2769114
33573,2595723
33574,2162008
33575,2207360
33576,3145758
33577,3899173
33578,3270308
33579,2474617
33580,29737122
33581,2859502
33582,2561300
33583,2436766
33584,2501080
33585,16388283
33586,2886711
33587,2520342
33588,2313332
33589,1790611
33590,1403586
33591,2846965
33592,3001523
33593,2368137
33594,2364944
33595,2646283
33596,2199179
33597,2449893
33598,3933056
33599,4010664
33600,2672242
33601,4739218
33602,2945985
33603,2440709
33604,2995429
33605,2938434
33606,2841267
33607,2314777
33608,2610467
33609,14557208
33610,2040247
33611,2306128
33612,1669836
33613,2888091
33614,2706717
33615,2638558
33616,2935273
33617,2859488
33618,3047857
33619,2406550
33620,2599297
33621,1607243
33622,3005245
33623,2497542
33624,2823300
33625,2576685
33626,2467837
33627,3435431
33628,3057421
33629,2267516
33630,2745812
33631,2357445
33632,1559369
33633,2526803
33634,2157570
33635,2071533
33636,1443022
33637,2987351
33638,2291761
33639,3565782
33640,2533478
33641,4045021
33642,2963883
33643,2558748
33644,2328748
33645,1556634
33646,6371179
33647,3871177
33648,3498377
33649,14501582
33650,4114909
33651,4261784
33652,3575810
33653,2664519
33654,2226569
33655,2813375
33656,2349608
33657,6102845
33658,2227413
33659,2270042
33660,2851841
33661,2441194
33662,2224227
33663,1793654
33664,1391267
33665,14429614
33666,4567949
33667,2648882
33668,2387790
33669,2404726
33670,2523128
33671,2209321
33672,1919641
33673,2049658
33674,2049338
33675,1779765
33676,3922730
33677,2276614
33678,5465191
33679,2748087
33680,3978989
33681,4163787
33682,4174699
33683,2540913
33684,3099205
33685,15194941
33686,2142471
33687,2356983
33688,4751244
33689,5136044
33690,2672011
33691,2610702
33692,1882777
33693,2034821
33694,1484590
33695,2334871
33696,3208004
33697,1577227
33698,2513420
33699,2488012
33700,2676812
33701,2151771
33702,3566320
33703,3207375
33704,2262670
33705,1973314
33706,1889472
33707,1405039
33708,3903177
33709,2508189
33710,4812839
33711,3851827
33712,3465127
33713,2567515
33714,2480226
33715,3638409
33716,2410834
33717,2577637
33718,1289769
33719,2253443
33720,3912185
33721,4283360
33722,4446680
33723,1518678
33724,2646840
33725,2656358
33726,2226766
33727,2481285
33728,2206378
33729,2659695
33730,2690916
33731,2353528
33732,2306890
33733,2377884
33734,2548202
33735,2258788
33736,2391425
33737,3207778
33738,2614840
33739,2559474
33740,3890860
33741,2524478
33742,2423005
33743,2423965
33744,4394586
33745,15294607
33746,2214916
33747,2194277
33748,2239134
33749,2767840
33750,2757128
33751,4403591
33752,3562343
33753,2602656
33754,2181705
33755,1721821
33756,3173176
33757,1407454
33758,2686810
33759,2592532
33760,1971533
33761,2936604
33762,3251049
33763,2652928
33764,1908731
33765,14377592
33766,2861623
33767,2863888
33768,2495829
33769,2511363
33770,2602748
33771,2562461
33772,2421376
33773,1951597
33774,1793519
33775,8060790
33776,2620307
33777,1507160
33778,2675050
33779,1885849
33780,2958340
33781,2760637
33782,1366591
33783,2585570
33784,1887931
33785,2904788
33786,3025915
33787,4188391
33788,7885725
33789,9712489
33790,3340979
33791,1619683
33792,2970242
33793,2824217
33794,2057508
33795,2904614
33796,2895308
33797,2824865
33798,2890048
33799,2817582
33800,2939178
33801,2936719
33802,2757598
33803,3612296
33804,2798440
33805,1450358
33806,2935150
33807,1871360
33808,2729221
33809,2509721
33810,4039954
33811,3754733
33812,2787262
33813,2835987
33814,2719297
33815,1709898
33816,2689526
33817,3919267
33818,2718665
33819,2791747
33820,2708040
33821,2868894
33822,2634106
33823,2327749
33824,3059991
33825,14786493
33826,3093824
33827,5140455
33828,2913886
33829,2767908
33830,2776407
33831,2738162
33832,2271985
33833,2806604
33834,4127173
33835,2851525
33836,2833195
33837,2687583
33838,3822079
33839,1838008
33840,2799492
33841,2054451
33842,2675358
33843,2578562
33844,2801925
33845,2698642
33846,2940439
33847,2839608
33848,2577112
33849,1489324
33850,2871274
33851,2620301
33852,2618830
33853,2594326
33854,2768362
33855,2674913
33856,2715011
33857,1784716
33858,1356806
33859,1393467
33860,2639131
33861,2758099
33862,2494947
33863,3208548
33864,2814536
33865,2716826
33866,2644233
33867,2747293
33868,2691314
33869,1377123
33870,2745219
33871,2646017
33872,4121225
33873,2578423
33874,2577083
33875,5396798
33876,2868950
33877,2606502
33878,2824635
33879,2924646
33880,2779030
33881,3083361
33882,1724482
33883,1746563
33884,2960793
33885,2971640
33886,2094789
33887,1981759
33888,1320877
33889,2254249
33890,1576400
33891,3007865
33892,2890026
33893,2950769
33894,2414986
33895,2691391
33896,2670141
33897,2632474
33898,2561100
33899,2472958
33900,2711362
33901,2786012
33902,3777551
33903,3955120
33904,1796895
33905,1339388
33906,1356690
33907,1473149
33908,3096478
33909,2683089
33910,2135422
33911,2356231
33912,1765065
33913,2885435
33914,2505653
33915,2767410
33916,2672357
33917,2633145
33918,3101836
33919,3868498
33920,3323223
33921,3546477
33922,2659064
33923,3899395
33924,4361665
33925,3215622
33926,1389555
33927,3060992
33928,3890335
33929,3806032
33930,2359330
33931,4799493
33932,3678170
33933,12210706
33934,2309780
33935,2793093
33936,2556866
33937,3590552
33938,3582398
33939,1184068
33940,2441654
33941,3306445
33942,1956136
33943,1196612
33944,2505688
33945,3117612
33946,3364688
33947,2547816
33948,2804708
33949,2722014
33950,8114973
33951,2393467
33952,2697491
33953,1817879
33954,2473523
33955,1903989
33956,2611022
33957,2541460
33958,2082603
33959,2341927
33960,2872084
33961,2723009
33962,4530522
33963,3115182
33964,2737359
33965,2460381
33966,2985212
33967,1391756
33968,4240898
33969,3885360
33970,3934725
33971,2504311
33972,1850936
33973,4414262
33974,3701389
33975,3948112
33976,2375881
33977,17274530
33978,2291093
33979,2642731
33980,2369049
33981,4607115
33982,3850552
33983,3859394
33984,2429327
33985,2541880
33986,2422863
33987,2693023
33988,2239880
33989,3881846
33990,2235609
33991,2865356
33992,3834568
33993,1847154
33994,2620961
33995,2215157
33996,1332134
33997,3156967
33998,2847863
33999,2284405
34000,2790385
34001,11485465
34002,2712381
34003,4048934
34004,2692002
34005,2621181
34006,1288341
34007,5537263
34008,1338441
34009,4098968
34010,3476569
34011,1918233
34012,2476036
34013,3283299
34014,7712304
34015,2651757
34016,2783483
34017,2717687
34018,3488221
34019,1336449
34020,4678545
34021,14322540
34022,2120870
34023,2723770
34024,2929705
34025,2423184
34026,1951629
34027,2527299
34028,2455892
34029,2530422
34030,3732125
34031,2541130
34032,2661213
34033,4439384
34034,3840379
34035,2212719
34036,3209454
34037,2437621
34038,3980190
34039,7379861
34040,2232723
34041,15065196
34042,3451399
34043,4297911
34044,3666970
34045,2694963
34046,3959880
34047,2711559
34048,2542206
34049,2628264
34050,2395793
34051,1568617
34052,3766856
34053,3090405
34054,5595236
34055,2532503
34056,6078147
34057,2402952
34058,3698264
34059,2887956
34060,2615979
34061,2566015
34062,4401903
34063,2565945
34064,2511439
34065,15294754
34066,2445358
34067,2299392
34068,2722243
34069,2564891
34070,2241479
34071,2864005
34072,4020457
34073,4348562
34074,3767060
34075,2707036
34076,2678754
34077,3713080
34078,2670876
34079,1687855
34080,2751610
34081,2592004
34082,2521873
34083,3537157
34084,2728906
34085,3378491
34086,2897626
34087,2893660
34088,2621031
34089,2520266
34090,2432721
34091,2158686
34092,10585850
34093,14541960
34094,2661721
34095,3915431
34096,2844404
34097,2374567
34098,2922184
34099,2755875
34100,2402156
34101,2825236
34102,2367058
34103,2123196
34104,2345435
34105,2214471
34106,2371981
34107,3910537
34108,3980887
34109,2732482
34110,1684952
34111,2532307
34112,2459257
34113,2425351
34114,2569836
34115,2414975
34116,2997881
34117,2743042
34118,2779879
34119,1322106
34120,2609465
34121,2925556
34122,4438864
34123,4142513
34124,3729285
34125,13511950
34126,2732856
34127,2667273
34128,3738329
34129,4410633
34130,3621440
34131,2498458
34132,4094062
34133,3538950
34134,3603954
34135,3524759
34136,3848441
34137,1272456
34138,4036534
34139,3726504
34140,4063401
34141,4147906
34142,3861825
34143,2848381
34144,3580560
34145,3848563
34146,3967687
34147,3990354
34148,2876421
34149,7385901
34150,3654831
34151,2776590
34152,2537631
34153,2455137
34154,2735546
34155,2553248
34156,2957542
34157,3244787
34158,4370796
34159,3878054
34160,3825762
34161,17488523
34162,2389403
34163,4485142
34164,2878997
34165,2513235
34166,3562166
34167,3522936
34168,3279301
34169,2355625
34170,3607771
34171,3656105
34172,3350222
34173,5082896
34174,3654015
34175,4304035
34176,3491677
34177,3573266
34178,3603829
34179,2830225
34180,2953099
34181,3910967
34182,3483552
34183,2580808
34184,2262999
34185,2365033
34186,5302547
34187,5528855
34188,3688056
34189,6415222
34190,1981959
34191,2614984
34192,6343222
34193,2743671
34194,2437756
34195,2645108
34196,3293485
34197,3453518
34198,3515246
34199,3143160
34200,3855438
34201,3612181
34202,3501061
34203,2333308
34204,3929485
34205,18870501
34206,2750164
34207,2811113
34208,2675864
34209,2116943
34210,3899621
34211,2865178
34212,1243494
34213,2196060
34214,3450402
34215,1968166
34216,3319800
34217,4617030
34218,2616197
34219,2299525
34220,2398801
34221,1928654
34222,2169506
34223,5706459
34224,2424855
34225,2798374
34226,2143964
34227,2496063
34228,3565936
34229,2501821
34230,2271416
34231,2246614
34232,2281400
34233,1989108
34234,2529609
34235,3230738
34236,3903846
34237,2643293
34238,3680151
34239,2200110
34240,2213362
34241,2497511
34242,1376797
34243,2645955
34244,1700321
34245,4384923
34246,3894140
34247,2505671
34248,2620629
34249,2008430
34250,1956746
34251,1874006
34252,2741863
34253,4734504
34254,3725283
34255,1499802
34256,2609261
34257,2760884
34258,2595214
34259,2744145
34260,2520450
34261,2663242
34262,2411363
34263,2477195
34264,1298642
34265,1305914
34266,3143894
34267,2729265
34268,2223035
34269,4675320
34270,2411971
34271,2240521
34272,1985994
34273,2387236
34274,2058136
34275,2222426
34276,1961608
34277,2554728
34278,2169522
34279,4081480
34280,2345742
34281,2975608
34282,2441697
34283,2453123
34284,5945603
34285,10598355
34286,2457049
34287,2671881
34288,2537336
34289,1314312
34290,2649786
34291,3785550
34292,3321459
34293,5390157
34294,5386039
34295,1456399
34296,4398147
34297,7103603
34298,3994458
34299,3205467
34300,8358681
34301,2292612
34302,2706619
34303,2209219
34304,3127659
34305,4129738
34306,3645080
34307,2574465
34308,2494593
34309,3624560
34310,3726020
34311,4354808
34312,2475722
34313,16308913
34314,5558630
34315,3750812
34316,3697763
34317,3518178
34318,3688806
34319,1370190
34320,2450892
34321,3739459
34322,3618895
34323,2359130
34324,2579893
34325,4455684
34326,2579998
34327,2745728
34328,2423679
34329,3128954
34330,2623874
34331,2587472
34332,4846252
34333,5527383
34334,2440287
34335,2565656
34336,2857167
34337,10984558
34338,3705367
34339,3577909
34340,2784430
34341,2883248
34342,2475781
34343,3885309
34344,3779758
34345,3503406
34346,6677331
34347,2556471
34348,2654870
34349,2386870
34350,2443375
34351,1626827
34352,2592825
34353,4248572
34354,3971526
34355,4034761
34356,3793735
34357,15426676
34358,2217069
34359,2369625
34360,3756208
34361,2733487
34362,1545252
34363,2676696
34364,2253233
34365,4369524
34366,3354201
34367,3756152
34368,3940936
34369,3506362
34370,3444712
34371,2443226
34372,2244085
34373,2457564
34374,2498392
34375,4540608
34376,3456187
34377,3614756
34378,3613119
34379,8946330
34380,4254926
34381,1621045
34382,2261966
34383,2080603
34384,2929176
34385,3022348
34386,2516314
34387,3032352
34388,4044646
34389,2587380
34390,4278992
34391,4267687
34392,2753144
34393,2600801
34394,1327543
34395,6986842
34396,2037168
34397,2463974
34398,2486861
34399,2705386
34400,5000035
34401,2580956
34402,1915047
34403,2212380
34404,2214236
34405,3208908
34406,2291341
34407,2609892
34408,3511516
34409,15111513
34410,2812738
34411,2699822
34412,4911166
34413,7726840
34414,2327611
34415,1945741
34416,4678876
34417,2648678
34418,2504679
34419,3570403
34420,3476146
34421,3251498
34422,7153630
34423,2453634
34424,2441456
34425,2939536
34426,1327796
34427,3650665
34428,3286880
34429,2537853
34430,2301986
34431,2618488
34432,2336781
34433,2635430
34434,3452597
34435,7019436
34436,3830414
34437,7411915
34438,2544631
34439,2432478
34440,2534520
34441,2265992
34442,1949218
34443,3488039
34444,2711520
34445,2989005
34446,2797882
34447,2132193
34448,4205172
34449,3139034
34450,3369498
34451,1121228
34452,4349760
34453,2386296
34454,2044940
34455,2769038
34456,3563418
34457,1873198
34458,3421178
34459,2194697
34460,2177301
34461,14163625
34462,2245688
34463,2426249
34464,2527732
34465,2327871
34466,3320903
34467,4654567
34468,3851107
34469,2173785
34470,2566311
34471,2427754
34472,4507657
34473,3103754
34474,1067101
34475,2212493
34476,4274019
34477,1408480
34478,1812959
34479,2378809
34480,2491230
34481,3048275
34482,2688561
34483,2584698
34484,3769061
34485,3704411
34486,2537676
34487,2870570
34488,4989463
34489,6140750
34490,2470951
34491,3871378
34492,2592060
34493,3135875
34494,2367647
34495,2482088
34496,2662503
34497,3151310
34498,5423547
34499,2942245
34500,7798628
34501,1688839
34502,2313905
34503,2457000
34504,3630458
34505,2735364
34506,2474127
34507,2513868
34508,2351409
34509,2315150
34510,2070504
34511,2149102
34512,2749143
34513,3703962
34514,1981637
34515,2182412
34516,2280320
34517,2143832
34518,3530467
34519,1991882
34520,2518965
34521,2273726
34522,2434190
34523,3667019
34524,2417124
34525,2345260
34526,4737114
34527,3219687
34528,2619488
34529,2491517
34530,2648936
34531,2416607
34532,2442363
34533,1380350
34534,4136947
34535,3993142
34536,3896818
34537,15329395
34538,2124883
34539,1997486
34540,2379647
34541,3316488
34542,2423103
34543,2582207
34544,3518740
34545,2920069
34546,2917684
34547,2672469
34548,2477191
34549,14726156
34550,3389225
34551,4102761
34552,4879454
34553,2650817
34554,1470675
34555,1686908
34556,2845962
34557,2890546
34558,2599597
34559,2224064
34560,2516389
34561,4695685
34562,8531070
34563,4422483
34564,2006396
34565,3431419
34566,3445661
34567,2014685
34568,1943756
34569,2136787
34570,2140827
34571,2192348
34572,1877515
34573,2164463
34574,2055264
34575,5087391
34576,2568547
34577,3706160
34578,2491459
34579,2727885
34580,2526709
34581,3219985
34582,2008497
34583,2576027
34584,4376204
34585,15359660
34586,5475318
34587,1813254
34588,3624696
34589,2093896
34590,2244176
34591,1438230
34592,4045935
34593,3533767
34594,2558535
34595,2825871
34596,2177816
34597,11691990
34598,2588017
34599,1950180
34600,3114125
34601,4144019
34602,3605589
34603,4205649
34604,2180231
34605,2023452
34606,2646750
34607,2993633
34608,1347129
34609,2308903
34610,2000289
34611,2119513
34612,2089499
34613,6672064
34614,1915590
34615,2030035
34616,2184480
34617,15927627
34618,3915421
34619,1393108
34620,2385538
34621,2619163
34622,2366296
34623,2661837
34624,2816355
34625,2467039
34626,2080069
34627,2255837
34628,2253485
34629,2284642
34630,2285383
34631,2318100
34632,3413316
34633,3527249
34634,3882578
34635,2769964
34636,3774592
34637,4199178
34638,4070018
34639,2759028
34640,2728835
34641,13571996
34642,3477821
34643,2261064
34644,3873695
34645,2402783
34646,2161768
34647,2210423
34648,2331120
34649,2123817
34650,2212931
34651,2565694
34652,3539760
34653,3197174
34654,2240941
34655,2304247
34656,2565187
34657,3037605
34658,2452968
34659,4118174
34660,2450558
34661,4832735
34662,2576506
34663,2304917
34664,2631121
34665,2342668
34666,2451974
34667,3759015
34668,4058537
34669,2496700
34670,2709774
34671,3250253
34672,2915624
34673,2554296
34674,2245249
34675,2099983
34676,2078281
34677,2935289
34678,2421949
34679,3996334
34680,4050793
34681,2510143
34682,2562447
34683,1851967
34684,1356572
34685,1438171
34686,2542205
34687,10711704
34688,2567122
34689,2747107
34690,2864766
34691,2132568
34692,2398219
34693,2435370
34694,1611590
34695,2787862
34696,5357677
34697,3671729
34698,1366753
34699,2509420
34700,3285552
34701,2781422
34702,2558768
34703,2339265
34704,1914419
34705,5398407
34706,2614048
34707,2436670
34708,3496494
34709,4480228
34710,3807672
34711,7453265
34712,2332865
34713,4310267
34714,3456856
34715,1568854
34716,3173407
34717,1715231
34718,6585327
34719,2406406
34720,1066713
34721,2441568
34722,3742016
34723,2913793
34724,3704749
34725,2818777
34726,1323601
34727,3001435
34728,5949449
34729,4474799
34730,3608438
34731,2574869
34732,2409923
34733,16792381
34734,2154747
34735,1508798
34736,1407714
34737,3022784
34738,3700054
34739,2239910
34740,2504801
34741,7089846
34742,2662754
34743,3709387
34744,9131134
34745,2859367
34746,2308530
34747,1864751
34748,3573875
34749,2906818
34750,2292896
34751,2515679
34752,2148794
34753,2482954
34754,2785291
34755,2638395
34756,2282964
34757,3810303
34758,2744514
34759,2882570
34760,2709620
34761,8067232
34762,2537275
34763,2827725
34764,3831398
34765,2421611
34766,2123244
34767,2230803
34768,4175843
34769,2293060
34770,2411543
34771,2238115
34772,1977486
34773,15856579
34774,2100853
34775,4136240
34776,2296070
34777,2242877
34778,2365184
34779,2494757
34780,2467536
34781,3051193
34782,2324469
34783,2385774
34784,2234903
34785,1881975
34786,1899296
34787,2035959
34788,4693708
34789,3116459
34790,2063930
34791,2402491
34792,2352523
34793,2499612
34794,3911830
34795,3055959
34796,2269657
34797,2692411
34798,2043013
34799,2208964
34800,2438556
34801,1585029
34802,3035976
34803,2446370
34804,2447690
34805,2435588
34806,2206689
34807,3814610
34808,3457423
34809,14845715
34810,1799406
34811,1774753
34812,1365642
34813,3854483
34814,2364432
34815,2610368
34816,3317545
34817,4064605
34818,3876914
34819,2468696
34820,3798159
34821,4439371
34822,2264747
34823,2940817
34824,2693019
34825,12789880
34826,1996385
34827,2144866
34828,2035969
34829,3832249
34830,3671552
34831,2750313
34832,3994435
34833,1987141
34834,3818207
34835,2514846
34836,2482385
34837,2576565
34838,2470356
34839,2508101
34840,2149038
34841,2224933
34842,2185518
34843,3259923
34844,1486482
34845,2462449
34846,2426070
34847,2284422
34848,2407547
34849,4946814
34850,7842358
34851,2464576
34852,3678788
34853,3699800
34854,3657368
34855,3804202
34856,4656091
34857,1811114
34858,4243310
34859,4055660
34860,3818368
34861,7008752
34862,2316658
34863,2203049
34864,2415854
34865,3629256
34866,2571762
34867,6255382
34868,2803948
34869,2657411
34870,2536515
34871,2397400
34872,3689341
34873,7406279
34874,4297670
34875,2336108
34876,2506482
34877,3525750
34878,3752427
34879,1769665
34880,2223997
34881,1442888
34882,2632784
34883,2630628
34884,4372495
34885,2591112
34886,3240961
34887,1806666
34888,1950143
34889,2038977
34890,6602381
34891,2571508
34892,2708231
34893,3454510
34894,1985597
34895,2087414
34896,1474661
34897,2656943
34898,2098847
34899,1692549
34900,2650230
34901,2414439
34902,4364137
34903,1331055
34904,2629231
34905,3293983
34906,2258395
34907,2270014
34908,2605137
34909,4404944
34910,3635330
34911,3502414
34912,3475381
34913,3406294
34914,4320276
34915,2696522
34916,3527372
34917,3873085
34918,3400168
34919,2012568
34920,2325712
34921,2021373
34922,1863335
34923,4735159
34924,6343913
34925,1908625
34926,2087289
34927,1797091
34928,1795770
34929,3869284
34930,3636478
34931,3530175
34932,3459427
34933,3115086
34934,2394267
34935,2421583
34936,2562473
34937,10305347
34938,1408253
34939,2651927
34940,2022392
34941,2935349
34942,1556011
34943,4136298
34944,3853325
34945,3899801
34946,3653447
34947,3946289
34948,3649207
34949,3764173
34950,2589788
34951,2551249
34952,3554646
34953,2111653
34954,4517161
34955,3616043
34956,3570455
34957,3533538
34958,3127482
34959,2286861
34960,2925213
34961,2748295
34962,3124066
34963,2553185
34964,3889123
34965,4066617
34966,3832657
34967,2673703
34968,5141648
34969,18432661
34970,2404632
34971,1845833
34972,2482814
34973,3149848
34974,3533136
34975,3306761
34976,2676729
34977,3860695
34978,3792466
34979,3608578
34980,3660344
34981,3777858
34982,3505079
34983,2891013
34984,2668118
34985,4483412
34986,4579850
34987,2373089
34988,1441482
34989,5850057
34990,3744534
34991,2324761
34992,2639370
34993,1715834
34994,2535691
34995,3037560
34996,3582968
34997,5060475
34998,2101651
34999,2674900
35000,3379749
35001,2684733
35002,1835426
35003,4146753
35004,5679194
35005,3434934
35006,2322518
35007,3117071
35008,2419889
35009,1612014
35010,2230792
35011,2077273
35012,2198763
35013,2920537
35014,3413848
35015,3096562
35016,3438009
35017,2835077
35018,2486178
35019,1999899
35020,2490561
35021,5311205
35022,2313279
35023,2201375
35024,2634770
35025,2146822
35026,2637937
35027,2437126
35028,2372793
35029,2569988
35030,1842132
35031,5913595
35032,2119090
35033,2106760
35034,3309584
35035,2332481
35036,1287374
35037,2366541
35038,1982213
35039,1936946
35040,2438168
35041,1873805
35042,2578345
35043,2319312
35044,2364307
35045,5819121
35046,4362664
35047,2286628
35048,2463747
35049,5735141
35050,4458543
35051,9476711
35052,2369219
35053,2221421
35054,2296260
35055,2436001
35056,2280548
35057,4055377
35058,4281703
35059,2557979
35060,4372246
35061,4134716
35062,3736839
35063,3537606
35064,3500417
35065,2514189
35066,2363675
35067,2525336
35068,1164228
35069,4710708
35070,3402876
35071,2183952
35072,2451292
35073,2016273
35074,2662427
35075,2421809
35076,2490781
35077,15981739
35078,2272518
35079,1318360
35080,3956976
35081,3483269
35082,3207979
35083,2974874
35084,3354649
35085,2403501
35086,2475235
35087,2653330
35088,2854302
35089,2511511
35090,2783407
35091,2122672
35092,2612669
35093,3618765
35094,2309859
35095,1370821
35096,2612554
35097,3256243
35098,2341822
35099,3262337
35100,3977376
35101,11519118
35102,1981264
35103,2840135
35104,2375473
35105,2451258
35106,2660914
35107,1458808
35108,2517068
35109,2484790
35110,5156340
35111,2707704
35112,2698268
35113,2987909
35114,2575134
35115,3586208
35116,3838760
35117,2673608
35118,3564404
35119,2098686
35120,2791043
35121,4405802
35122,3170899
35123,1784554
35124,1322806
35125,13257440
35126,2492015
35127,2524083
35128,3248077
35129,2165014
35130,2667241
35131,4015298
35132,5381750
35133,2848426
35134,3886313
35135,9769982
35136,2312503
35137,2359269
35138,3793411
35139,2728288
35140,2414911
35141,1327701
35142,2219696
35143,2292918
35144,1333615
35145,17140220
35146,2373487
35147,5324690
35148,2194217
35149,2032570
35150,2079690
35151,2772949
35152,2397573
35153,2515701
35154,3121883
35155,1341090
35156,2122898
35157,2318748
35158,2373348
35159,2428409
35160,2544639
35161,2380900
35162,1708987
35163,1945403
35164,2445932
35165,3123616
35166,4126643
35167,3875119
35168,4198507
35169,2767010
35170,2479218
35171,5353629
35172,2191132
35173,2940283
35174,2257633
35175,2382060
35176,1312115
35177,1539307
35178,2564746
35179,2573137
35180,2181254
35181,4052831
35182,3528255
35183,3586795
35184,3964256
35185,2184441
35186,3482148
35187,4161708
35188,4016785
35189,17657341
35190,2011823
35191,2618917
35192,2410097
35193,2894642
35194,2673120
35195,1686516
35196,4308733
35197,2583138
35198,2577204
35199,2583870
35200,2578343
35201,2138186
35202,2509784
35203,2424408
35204,1502234
35205,1783674
35206,3682954
35207,1894616
35208,2565055
35209,15582172
35210,1218602
35211,2477810
35212,2597898
35213,2451941
35214,3343875
35215,1822247
35216,4488026
35217,2809556
35218,2525129
35219,1559152
35220,2548382
35221,3300651
35222,2484471
35223,1354941
35224,1567354
35225,1406611
35226,2521165
35227,2560165
35228,3140808
35229,1877866
35230,2688290
35231,2594750
35232,1483280
35233,1822650
35234,1607161
35235,1502704
35236,2612837
35237,10032851
35238,2445833
35239,2627228
35240,2806136
35241,2547461
35242,2411777
35243,2455886
35244,2536286
35245,2504330
35246,2633193
35247,2441087
35248,5370776
35249,1747257
35250,2543104
35251,1803031
35252,1612241
35253,2613683
35254,3311244
35255,2567694
35256,2910238
35257,11793553
35258,2534658
35259,2386619
35260,2342775
35261,2904440
35262,2428911
35263,2476003
35264,2345666
35265,2276597
35266,2092123
35267,1241132
35268,2620250
35269,2438819
35270,2366741
35271,1863368
35272,2606638
35273,2456892
35274,2448367
35275,3160256
35276,2536659
35277,2450861
35278,2432962
35279,2495846
35280,2650224
35281,9483284
35282,1259715
35283,1382211
35284,5598935
35285,2589683
35286,2640592
35287,2581973
35288,2447583
35289,1467212
35290,2478109
35291,9787893
35292,3783730
35293,6066568
35294,2401661
35295,2512352
35296,1381005
35297,2594524
35298,2067599
35299,2777073
35300,3809217
35301,2707261
35302,1917632
35303,1831240
35304,2752683
35305,2437286
35306,2442373
35307,2409020
35308,2402890
35309,2557189
35310,2476604
35311,2244761
35312,8733678
35313,2195635
35314,3546010
35315,2896450
35316,2180505
35317,1985964
35318,2085183
35319,9383002
35320,3742302
35321,2359822
35322,2319301
35323,2196358
35324,3215923
35325,2356674
35326,2717556
35327,2617436
35328,2529377
35329,2466246
35330,2327515
35331,2369243
35332,2393771
35333,2438399
35334,2172954
35335,2818257
35336,2585424
35337,2283776
35338,2079485
35339,2124593
35340,14364427
35341,2962161
35342,2242229
35343,1742134
35344,2821479
35345,2255228
35346,1292829
35347,2665205
35348,2476790
35349,10781641
35350,1108599
35351,2599884
35352,2593265
35353,2399938
35354,3689977
35355,3620434
35356,3491499
35357,1822366
35358,2247386
35359,2514690
35360,2326821
35361,6424184
35362,3556161
35363,2511523
35364,2773113
35365,2300860
35366,2876798
35367,2390751
35368,3912803
35369,2499333
35370,4004774
35371,2619253
35372,3612825
35373,2732330
35374,2140860
35375,2305316
35376,2645675
35377,2707841
35378,1163063
35379,3774383
35380,2603586
35381,2416344
35382,2156612
35383,2409607
35384,2339552
35385,18427742
35386,2391709
35387,2374756
35388,2300421
35389,2413055
35390,2137272
35391,2495462
35392,2286598
35393,4202924
35394,4206461
35395,2616064
35396,3362756
35397,2148464
35398,2532911
35399,1493010
35400,2687482
35401,2434889
35402,2392135
35403,3908258
35404,3467023
35405,2587825
35406,2276085
35407,6020344
35408,1926270
35409,2301503
35410,1312110
35411,10259195
35412,2145192
35413,2447069
35414,2622216
35415,2452244
35416,2254647
35417,4279576
35418,2241239
35419,2387217
35420,2249877
35421,7977392
35422,2374061
35423,2177299
35424,9378413
35425,2820828
35426,4294771
35427,2326436
35428,2245358
35429,2226758
35430,2878718
35431,2415526
35432,6761298
35433,3491102
35434,2348494
35435,2582936
35436,2232047
35437,2351790
35438,2256120
35439,2236948
35440,2412078
35441,2357195
35442,2439168
35443,2129837
35444,3883602
35445,4310507
35446,3557738
35447,2427433
35448,1977816
35449,2103497
35450,2068922
35451,2314490
35452,2420618
35453,4999215
35454,2576392
35455,2613789
35456,3112129
35457,2493813
35458,2518002
35459,2758872
35460,6537095
35461,3051371
35462,2821683
35463,2520761
35464,3923123
35465,3440114
35466,4064163
35467,2622894
35468,3150329
35469,2599857
35470,2429487
35471,3899908
35472,4139985
35473,3611189
35474,2622508
35475,3722013
35476,3760750
35477,1981995
35478,2794692
35479,2070755
35480,7272166
35481,2870572
35482,3007789
35483,2323864
35484,3660763
35485,1618222
35486,1919915
35487,2894107
35488,2931032
35489,2611398
35490,2386451
35491,2494277
35492,2702514
35493,2035943
35494,4915047
35495,2367795
35496,4212652
35497,1576240
35498,4683438
35499,2851219
35500,2658648
35501,2114965
35502,1891228
35503,4394290
35504,5763003
35505,1488354
35506,1242045
35507,3026383
35508,2883543
35509,3676199
35510,3617631
35511,4354347
35512,2346217
35513,2112825
35514,2765010
35515,1175310
35516,5085902
35517,2410962
35518,3565794
35519,2694635
35520,2584873
35521,12275483
35522,1788178
35523,2016922
35524,2366255
35525,5311237
35526,3142934
35527,4175784
35528,4034153
35529,5185719
35530,3669183
35531,3397805
35532,3489701
35533,2759641
35534,2477406
35535,2396886
35536,4326670
35537,2905721
35538,1314227
35539,2501275
35540,2413603
35541,2467573
35542,2145248
35543,2393031
35544,6848048
35545,2772568
35546,1510550
35547,2515538
35548,2746910
35549,1367906
35550,2995216
35551,2776464
35552,1905890
35553,3051171
35554,2323341
35555,1913709
35556,2476733
35557,2460485
35558,2461187
35559,2169562
35560,3184965
35561,2384079
35562,2270720
35563,2507235
35564,2369493
35565,2336404
35566,2316228
35567,2576292
35568,2206811
35569,2240254
35570,1451221
35571,3046246
35572,2439707
35573,2265081
35574,3563098
35575,2638015
35576,2207711
35577,2186708
35578,2900315
35579,3441715
35580,1359700
35581,1524505
35582,2713218
35583,2529653
35584,4831189
35585,3888764
35586,3683276
35587,3963246
35588,3991252
35589,3867635
35590,3923743
35591,3575849
35592,3199874
35593,2300976
35594,4499680
35595,7592636
35596,3216169
35597,4361243
35598,3440978
35599,4024296
35600,4143668
35601,4056371
35602,5689952
35603,3720375
35604,3635088
35605,2571041
35606,2347416
35607,2667553
35608,2421896
35609,2519631
35610,2532662
35611,2886427
35612,2870714
35613,1899326
35614,2539105
35615,6765034
35616,2816574
35617,7329962
35618,2378348
35619,2631994
35620,2940493
35621,2377632
35622,2273985
35623,2377016
35624,1540347
35625,2393539
35626,7208731
35627,2128893
35628,1873618
35629,3884429
35630,2290755
35631,2542107
35632,2515652
35633,14787645
35634,1962095
35635,2142771
35636,1960407
35637,2039546
35638,4980238
35639,5108918
35640,2295944
35641,2244906
35642,2034546
35643,2221846
35644,3321075
35645,2583669
35646,3427275
35647,2240092
35648,1791448
35649,1830977
35650,1932251
35651,2004885
35652,1956234
35653,2844322
35654,1984424
35655,2350468
35656,3652881
35657,15382822
35658,2218326
35659,2579506
35660,4163945
35661,2674193
35662,2338553
35663,3172990
35664,2765013
35665,2291603
35666,2179625
35667,2277451
35668,2131016
35669,10058004
35670,2341362
35671,2144167
35672,2057332
35673,2709681
35674,1861921
35675,3936057
35676,3506014
35677,1718047
35678,2401945
35679,2168387
35680,2204038
35681,1994759
35682,2078341
35683,1986855
35684,8685294
35685,2205372
35686,1883908
35687,3074621
35688,1573915
35689,11804902
35690,2228122
35691,2133939
35692,2362695
35693,2007890
35694,2382900
35695,2719210
35696,2478465
35697,3204333
35698,1354289
35699,2782199
35700,3804316
35701,1814563
35702,3219565
35703,5290009
35704,4393357
35705,9939276
35706,2656096
35707,4319016
35708,3507921
35709,2508394
35710,2292929
35711,1354479
35712,1442927
35713,8216569
35714,1549911
35715,1351637
35716,3833467
35717,2755008
35718,3222152
35719,3331639
35720,2236797
35721,2680119
35722,4684206
35723,2085783
35724,4265724
35725,3919971
35726,4142452
35727,2746914
35728,2263814
35729,2276004
35730,2481704
35731,2537757
35732,2383262
35733,1433769
35734,1368626
35735,1316045
35736,1981233
35737,6219553
35738,2478845
35739,3676524
35740,2417184
35741,1823699
35742,1646287
35743,2794199
35744,2486440
35745,4872380
35746,2008958
35747,2717384
35748,1389355
35749,2613776
35750,2351855
35751,2182666
35752,1993448
35753,4609904
35754,2666732
35755,2724704
35756,2199304
35757,3810217
35758,3340606
35759,2203861
35760,3663762
35761,5277588
35762,1287921
35763,2424408
35764,1802421
35765,2287280
35766,2075962
35767,1895183
35768,1974110
35769,1936605
35770,1978026
35771,2061799
35772,1925011
35773,3483097
35774,3332459
35775,3459989
35776,3441646
35777,3561151
35778,3450507
35779,2196618
35780,2529533
35781,4509978
35782,2298852
35783,3100989
35784,3323375
35785,4924892
35786,3175446
35787,2568768
35788,3174477
35789,2161984
35790,1579380
35791,3998003
35792,4734463
35793,2677296
35794,1410880
35795,1987706
35796,4399269
35797,3819740
35798,3385816
35799,2196470
35800,3761510
35801,2895049
35802,4373641
35803,2181486
35804,2172613
35805,1880193
35806,2635293
35807,2353003
35808,2248083
35809,2009777
35810,2109200
35811,1951132
35812,2093368
35813,2220975
35814,3411640
35815,3122817
35816,3663323
35817,2263021
35818,2076630
35819,1845640
35820,2234426
35821,1800904
35822,2166716
35823,10776129
35824,6784302
35825,7062654
35826,5412311
35827,3795905
35828,2472249
35829,2142671
35830,3560468
35831,6068243
35832,2196478
35833,4033464
35834,2349626
35835,2985715
35836,2548153
35837,1545715
35838,2392641
35839,2578142
35840,2582438
35841,6440545
35842,2053036
35843,2096707
35844,9927728
35845,3317075
35846,1998913
35847,2100665
35848,1159992
35849,2087449
35850,1703481
35851,1765655
35852,1902307
35853,2066981
35854,3622890
35855,3044097
35856,2971143
35857,4309441
35858,7986021
35859,3588758
35860,3516321
35861,2387915
35862,2540705
35863,2347250
35864,2463248
35865,10877694
35866,3954537
35867,3746062
35868,3457719
35869,2370346
35870,6145877
35871,4991958
35872,3635247
35873,3731448
35874,3472427
35875,4306625
35876,3789109
35877,2599898
35878,1973185
35879,2348685
35880,3118565
35881,2180820
35882,2002920
35883,2150881
35884,2389197
35885,2268595
35886,6841200
35887,4019890
35888,2640559
35889,2250902
35890,2279217
35891,2433676
35892,3752650
35893,2844645
35894,3918325
35895,2561539
35896,4409334
35897,2805987
35898,3096161
35899,5363778
35900,1980184
35901,1422250
35902,3667316
35903,3854565
35904,3659243
35905,2153342
35906,5015460
35907,12382153
35908,3178728
35909,2702051
35910,2435549
35911,2296478
35912,3715937
35913,15675573
35914,2046624
35915,2186340
35916,2175470
35917,4003680
35918,3485725
35919,2272925
35920,3793133
35921,3759284
35922,6038391
35923,3105137
35924,10131713
35925,2538930
35926,2471723
35927,2569273
35928,6633761
35929,2527506
35930,3259517
35931,2729152
35932,3976068
35933,2344254
35934,3575284
35935,4608809
35936,3865516
35937,2943032
35938,10038061
35939,2257689
35940,3207243
35941,2679135
35942,2701160
35943,2768223
35944,1350949
35945,2183065
35946,2727694
35947,2133739
35948,2496109
35949,4609993
35950,1728640
35951,1740704
35952,4214861
35953,2523735
35954,1166996
35955,1849697
35956,2369333
35957,3192358
35958,6723409
35959,2301764
35960,2328287
35961,2498301
35962,4595649
35963,1163271
35964,2651437
35965,7682102
35966,3042037
35967,2660740
35968,2255681
35969,2104241
35970,3922157
35971,5507305
35972,3481240
35973,3530658
35974,3565453
35975,2651874
35976,2338221
35977,3605615
35978,9406189
35979,6678374
35980,2511815
35981,1957784
35982,4021799
35983,3660692
35984,3713630
35985,4376777
35986,1681995
35987,2168654
35988,2157704
35989,2352793
35990,3522662
35991,3220621
35992,2343685
35993,3947636
35994,3745632
35995,3321790
35996,3295218
35997,2481591
35998,8773675
35999,3594871
36000,3327072
