tick	heap_used_bytes	species_counts	minimum_air	maximum_brain_memories	counters	moving_entities	position_samples
-2400	712765952	{AmericanLobsterEntityForge=20, AtlanticCodEntityForge=16, AtlanticSalmonEntityForge=16, BlackSeaNettleJellyfishEntityForge=2, BlacktipReefSharkEntityForge=6, BottlenoseDolphinEntityForge=8, CannonballJellyfishEntityForge=4, CaribbeanReefOctopusEntityForge=4, CommonOctopusEntityForge=6, CommonStingrayEntityForge=6, CommonThresherSharkEntityForge=2, GiantMorayEelEntityForge=8, GreatHammerheadSharkEntityForge=2, GreatWhiteSharkEntityForge=2, GreenSeaTurtleEntityForge=6, HarborSealEntityForge=6, NautilusEntityForge=2, OceanicWhitetipSharkEntityForge=2, OrcaEntityForge=2, SandtigerSharkEntityForge=2, ShortfinMakoSharkEntityForge=2, TigerSharkEntityForge=2}	{AmericanLobsterEntityForge=300, AtlanticCodEntityForge=300, AtlanticSalmonEntityForge=300, BlackSeaNettleJellyfishEntityForge=300, BlacktipReefSharkEntityForge=300, BottlenoseDolphinEntityForge=700, CannonballJellyfishEntityForge=300, CaribbeanReefOctopusEntityForge=300, CommonOctopusEntityForge=300, CommonStingrayEntityForge=300, CommonThresherSharkEntityForge=300, GiantMorayEelEntityForge=300, GreatHammerheadSharkEntityForge=300, GreatWhiteSharkEntityForge=300, GreenSeaTurtleEntityForge=300, HarborSealEntityForge=300, NautilusEntityForge=300, OceanicWhitetipSharkEntityForge=300, OrcaEntityForge=700, SandtigerSharkEntityForge=300, ShortfinMakoSharkEntityForge=300, TigerSharkEntityForge=300}	11	{}	0	126
-2200	920384000	{AmericanLobsterEntityForge=20, AtlanticCodEntityForge=16, AtlanticSalmonEntityForge=16, BlackSeaNettleJellyfishEntityForge=2, BlacktipReefSharkEntityForge=6, BottlenoseDolphinEntityForge=8, CannonballJellyfishEntityForge=4, CaribbeanReefOctopusEntityForge=4, CommonOctopusEntityForge=6, CommonStingrayEntityForge=6, CommonThresherSharkEntityForge=2, GiantMorayEelEntityForge=8, GreatHammerheadSharkEntityForge=2, GreatWhiteSharkEntityForge=2, GreenSeaTurtleEntityForge=6, HarborSealEntityForge=6, NautilusEntityForge=2, OceanicWhitetipSharkEntityForge=2, OrcaEntityForge=2, SandtigerSharkEntityForge=2, ShortfinMakoSharkEntityForge=2, TigerSharkEntityForge=2}	{AmericanLobsterEntityForge=300, AtlanticCodEntityForge=300, AtlanticSalmonEntityForge=300, BlackSeaNettleJellyfishEntityForge=300, BlacktipReefSharkEntityForge=300, BottlenoseDolphinEntityForge=700, CannonballJellyfishEntityForge=300, CaribbeanReefOctopusEntityForge=300, CommonOctopusEntityForge=300, CommonStingrayEntityForge=300, CommonThresherSharkEntityForge=300, GiantMorayEelEntityForge=300, GreatHammerheadSharkEntityForge=300, GreatWhiteSharkEntityForge=300, GreenSeaTurtleEntityForge=300, HarborSealEntityForge=300, NautilusEntityForge=300, OceanicWhitetipSharkEntityForge=300, OrcaEntityForge=700, SandtigerSharkEntityForge=300, ShortfinMakoSharkEntityForge=300, TigerSharkEntityForge=300}	11	{}	124	126
-2000	563007488	{AmericanLobsterEntityForge=20, AtlanticCodEntityForge=16, AtlanticSalmonEntityForge=16, BlackSeaNettleJellyfishEntityForge=2, BlacktipReefSharkEntityForge=6, BottlenoseDolphinEntityForge=8, CannonballJellyfishEntityForge=4, CaribbeanReefOctopusEntityForge=4, CommonOctopusEntityForge=6, CommonStingrayEntityForge=6, CommonThresherSharkEntityForge=2, GiantMorayEelEntityForge=8, GreatHammerheadSharkEntityForge=2, GreatWhiteSharkEntityForge=2, GreenSeaTurtleEntityForge=6, HarborSealEntityForge=6, NautilusEntityForge=2, OceanicWhitetipSharkEntityForge=2, OrcaEntityForge=2, SandtigerSharkEntityForge=2, ShortfinMakoSharkEntityForge=2, TigerSharkEntityForge=2}	{AmericanLobsterEntityForge=300, AtlanticCodEntityForge=300, AtlanticSalmonEntityForge=300, BlackSeaNettleJellyfishEntityForge=300, BlacktipReefSharkEntityForge=300, BottlenoseDolphinEntityForge=700, CannonballJellyfishEntityForge=300, CaribbeanReefOctopusEntityForge=300, CommonOctopusEntityForge=300, CommonStingrayEntityForge=300, CommonThresherSharkEntityForge=300, GiantMorayEelEntityForge=300, GreatHammerheadSharkEntityForge=300, GreatWhiteSharkEntityForge=300, GreenSeaTurtleEntityForge=300, HarborSealEntityForge=300, NautilusEntityForge=300, OceanicWhitetipSharkEntityForge=300, OrcaEntityForge=700, SandtigerSharkEntityForge=300, ShortfinMakoSharkEntityForge=300, TigerSharkEntityForge=300}	11	{}	119	126
-1800	759091200	{AmericanLobsterEntityForge=20, AtlanticCodEntityForge=16, AtlanticSalmonEntityForge=16, BlackSeaNettleJellyfishEntityForge=2, BlacktipReefSharkEntityForge=6, BottlenoseDolphinEntityForge=8, CannonballJellyfishEntityForge=4, CaribbeanReefOctopusEntityForge=4, CommonOctopusEntityForge=6, CommonStingrayEntityForge=6, CommonThresherSharkEntityForge=2, GiantMorayEelEntityForge=8, GreatHammerheadSharkEntityForge=2, GreatWhiteSharkEntityForge=2, GreenSeaTurtleEntityForge=6, HarborSealEntityForge=6, NautilusEntityForge=2, OceanicWhitetipSharkEntityForge=2, OrcaEntityForge=2, SandtigerSharkEntityForge=2, ShortfinMakoSharkEntityForge=2, TigerSharkEntityForge=2}	{AmericanLobsterEntityForge=300, AtlanticCodEntityForge=300, AtlanticSalmonEntityForge=300, BlackSeaNettleJellyfishEntityForge=300, BlacktipReefSharkEntityForge=300, BottlenoseDolphinEntityForge=700, CannonballJellyfishEntityForge=300, CaribbeanReefOctopusEntityForge=300, CommonOctopusEntityForge=300, CommonStingrayEntityForge=300, CommonThresherSharkEntityForge=300, GiantMorayEelEntityForge=300, GreatHammerheadSharkEntityForge=300, GreatWhiteSharkEntityForge=300, GreenSeaTurtleEntityForge=300, HarborSealEntityForge=300, NautilusEntityForge=300, OceanicWhitetipSharkEntityForge=300, OrcaEntityForge=700, SandtigerSharkEntityForge=300, ShortfinMakoSharkEntityForge=300, TigerSharkEntityForge=300}	11	{}	124	126
-1600	954126336	{AmericanLobsterEntityForge=20, AtlanticCodEntityForge=16, AtlanticSalmonEntityForge=16, BlackSeaNettleJellyfishEntityForge=1, BlacktipReefSharkEntityForge=6, BottlenoseDolphinEntityForge=8, CannonballJellyfishEntityForge=4, CaribbeanReefOctopusEntityForge=4, CommonOctopusEntityForge=4, CommonStingrayEntityForge=6, CommonThresherSharkEntityForge=2, GiantMorayEelEntityForge=8, GreatHammerheadSharkEntityForge=2, GreatWhiteSharkEntityForge=2, GreenSeaTurtleEntityForge=6, HarborSealEntityForge=6, NautilusEntityForge=2, OceanicWhitetipSharkEntityForge=2, OrcaEntityForge=2, SandtigerSharkEntityForge=2, ShortfinMakoSharkEntityForge=2, TigerSharkEntityForge=2}	{AmericanLobsterEntityForge=300, AtlanticCodEntityForge=300, AtlanticSalmonEntityForge=300, BlackSeaNettleJellyfishEntityForge=300, BlacktipReefSharkEntityForge=300, BottlenoseDolphinEntityForge=700, CannonballJellyfishEntityForge=300, CaribbeanReefOctopusEntityForge=300, CommonOctopusEntityForge=300, CommonStingrayEntityForge=300, CommonThresherSharkEntityForge=300, GiantMorayEelEntityForge=300, GreatHammerheadSharkEntityForge=300, GreatWhiteSharkEntityForge=300, GreenSeaTurtleEntityForge=300, HarborSealEntityForge=300, NautilusEntityForge=300, OceanicWhitetipSharkEntityForge=300, OrcaEntityForge=700, SandtigerSharkEntityForge=300, ShortfinMakoSharkEntityForge=300, TigerSharkEntityForge=300}	11	{}	119	123
-1400	1151258624	{AmericanLobsterEntityForge=19, AtlanticCodEntityForge=16, AtlanticSalmonEntityForge=16, BlackSeaNettleJellyfishEntityForge=2, BlacktipReefSharkEntityForge=6, BottlenoseDolphinEntityForge=8, CannonballJellyfishEntityForge=4, CaribbeanReefOctopusEntityForge=4, CommonOctopusEntityForge=6, CommonStingrayEntityForge=6, CommonThresherSharkEntityForge=2, GiantMorayEelEntityForge=8, GreatHammerheadSharkEntityForge=2, GreatWhiteSharkEntityForge=2, GreenSeaTurtleEntityForge=6, HarborSealEntityForge=6, NautilusEntityForge=2, OceanicWhitetipSharkEntityForge=2, OrcaEntityForge=2, SandtigerSharkEntityForge=1, ShortfinMakoSharkEntityForge=2, TigerSharkEntityForge=2}	{AmericanLobsterEntityForge=300, AtlanticCodEntityForge=300, AtlanticSalmonEntityForge=300, BlackSeaNettleJellyfishEntityForge=300, BlacktipReefSharkEntityForge=300, BottlenoseDolphinEntityForge=700, CannonballJellyfishEntityForge=300, CaribbeanReefOctopusEntityForge=300, CommonOctopusEntityForge=300, CommonStingrayEntityForge=300, CommonThresherSharkEntityForge=300, GiantMorayEelEntityForge=300, GreatHammerheadSharkEntityForge=300, GreatWhiteSharkEntityForge=300, GreenSeaTurtleEntityForge=300, HarborSealEntityForge=300, NautilusEntityForge=300, OceanicWhitetipSharkEntityForge=300, OrcaEntityForge=700, SandtigerSharkEntityForge=300, ShortfinMakoSharkEntityForge=300, TigerSharkEntityForge=300}	11	{}	121	124
-1200	461582096	{AmericanLobsterEntityForge=20, AtlanticCodEntityForge=16, AtlanticSalmonEntityForge=16, BlackSeaNettleJellyfishEntityForge=2, BlacktipReefSharkEntityForge=6, BottlenoseDolphinEntityForge=8, CannonballJellyfishEntityForge=4, CaribbeanReefOctopusEntityForge=4, CommonOctopusEntityForge=5, CommonStingrayEntityForge=6, CommonThresherSharkEntityForge=2, GiantMorayEelEntityForge=8, GreatHammerheadSharkEntityForge=2, GreatWhiteSharkEntityForge=2, GreenSeaTurtleEntityForge=6, HarborSealEntityForge=6, NautilusEntityForge=2, OceanicWhitetipSharkEntityForge=2, OrcaEntityForge=2, SandtigerSharkEntityForge=2, ShortfinMakoSharkEntityForge=2, TigerSharkEntityForge=2}	{AmericanLobsterEntityForge=300, AtlanticCodEntityForge=300, AtlanticSalmonEntityForge=300, BlackSeaNettleJellyfishEntityForge=300, BlacktipReefSharkEntityForge=300, BottlenoseDolphinEntityForge=700, CannonballJellyfishEntityForge=300, CaribbeanReefOctopusEntityForge=300, CommonOctopusEntityForge=300, CommonStingrayEntityForge=300, CommonThresherSharkEntityForge=300, GiantMorayEelEntityForge=300, GreatHammerheadSharkEntityForge=300, GreatWhiteSharkEntityForge=300, GreenSeaTurtleEntityForge=300, HarborSealEntityForge=300, NautilusEntityForge=300, OceanicWhitetipSharkEntityForge=300, OrcaEntityForge=700, SandtigerSharkEntityForge=300, ShortfinMakoSharkEntityForge=300, TigerSharkEntityForge=300}	11	{}	118	125
-1000	670248720	{AmericanLobsterEntityForge=18, AtlanticCodEntityForge=16, AtlanticSalmonEntityForge=16, BlackSeaNettleJellyfishEntityForge=2, BlacktipReefSharkEntityForge=6, BottlenoseDolphinEntityForge=7, CannonballJellyfishEntityForge=4, CaribbeanReefOctopusEntityForge=4, CommonOctopusEntityForge=6, CommonStingrayEntityForge=6, CommonThresherSharkEntityForge=2, GiantMorayEelEntityForge=8, GreatHammerheadSharkEntityForge=2, GreatWhiteSharkEntityForge=2, GreenSeaTurtleEntityForge=6, HarborSealEntityForge=6, NautilusEntityForge=2, OceanicWhitetipSharkEntityForge=2, OrcaEntityForge=2, SandtigerSharkEntityForge=2, ShortfinMakoSharkEntityForge=2, TigerSharkEntityForge=2}	{AmericanLobsterEntityForge=300, AtlanticCodEntityForge=300, AtlanticSalmonEntityForge=300, BlackSeaNettleJellyfishEntityForge=300, BlacktipReefSharkEntityForge=300, BottlenoseDolphinEntityForge=700, CannonballJellyfishEntityForge=300, CaribbeanReefOctopusEntityForge=300, CommonOctopusEntityForge=300, CommonStingrayEntityForge=300, CommonThresherSharkEntityForge=300, GiantMorayEelEntityForge=300, GreatHammerheadSharkEntityForge=300, GreatWhiteSharkEntityForge=300, GreenSeaTurtleEntityForge=300, HarborSealEntityForge=300, NautilusEntityForge=300, OceanicWhitetipSharkEntityForge=300, OrcaEntityForge=700, SandtigerSharkEntityForge=300, ShortfinMakoSharkEntityForge=300, TigerSharkEntityForge=300}	11	{}	118	123
-800	895692560	{AmericanLobsterEntityForge=19, AtlanticCodEntityForge=15, AtlanticSalmonEntityForge=16, BlackSeaNettleJellyfishEntityForge=2, BlacktipReefSharkEntityForge=6, BottlenoseDolphinEntityForge=8, CannonballJellyfishEntityForge=4, CaribbeanReefOctopusEntityForge=4, CommonOctopusEntityForge=6, CommonStingrayEntityForge=6, CommonThresherSharkEntityForge=2, GiantMorayEelEntityForge=8, GreatHammerheadSharkEntityForge=2, GreatWhiteSharkEntityForge=2, GreenSeaTurtleEntityForge=6, HarborSealEntityForge=6, NautilusEntityForge=2, OceanicWhitetipSharkEntityForge=2, OrcaEntityForge=2, SandtigerSharkEntityForge=2, ShortfinMakoSharkEntityForge=2, TigerSharkEntityForge=2}	{AmericanLobsterEntityForge=300, AtlanticCodEntityForge=300, AtlanticSalmonEntityForge=300, BlackSeaNettleJellyfishEntityForge=300, BlacktipReefSharkEntityForge=300, BottlenoseDolphinEntityForge=700, CannonballJellyfishEntityForge=300, CaribbeanReefOctopusEntityForge=300, CommonOctopusEntityForge=300, CommonStingrayEntityForge=300, CommonThresherSharkEntityForge=300, GiantMorayEelEntityForge=300, GreatHammerheadSharkEntityForge=300, GreatWhiteSharkEntityForge=300, GreenSeaTurtleEntityForge=300, HarborSealEntityForge=300, NautilusEntityForge=300, OceanicWhitetipSharkEntityForge=300, OrcaEntityForge=700, SandtigerSharkEntityForge=300, ShortfinMakoSharkEntityForge=300, TigerSharkEntityForge=300}	11	{}	121	124
-600	1119039248	{AmericanLobsterEntityForge=20, AtlanticCodEntityForge=15, AtlanticSalmonEntityForge=16, BlackSeaNettleJellyfishEntityForge=2, BlacktipReefSharkEntityForge=6, BottlenoseDolphinEntityForge=8, CannonballJellyfishEntityForge=4, CaribbeanReefOctopusEntityForge=4, CommonOctopusEntityForge=6, CommonStingrayEntityForge=5, CommonThresherSharkEntityForge=2, GiantMorayEelEntityForge=8, GreatHammerheadSharkEntityForge=2, GreatWhiteSharkEntityForge=2, GreenSeaTurtleEntityForge=6, HarborSealEntityForge=6, NautilusEntityForge=2, OceanicWhitetipSharkEntityForge=2, OrcaEntityForge=2, SandtigerSharkEntityForge=2, ShortfinMakoSharkEntityForge=2, TigerSharkEntityForge=2}	{AmericanLobsterEntityForge=300, AtlanticCodEntityForge=300, AtlanticSalmonEntityForge=300, BlackSeaNettleJellyfishEntityForge=300, BlacktipReefSharkEntityForge=300, BottlenoseDolphinEntityForge=700, CannonballJellyfishEntityForge=300, CaribbeanReefOctopusEntityForge=300, CommonOctopusEntityForge=300, CommonStingrayEntityForge=300, CommonThresherSharkEntityForge=300, GiantMorayEelEntityForge=300, GreatHammerheadSharkEntityForge=300, GreatWhiteSharkEntityForge=300, GreenSeaTurtleEntityForge=300, HarborSealEntityForge=300, NautilusEntityForge=300, OceanicWhitetipSharkEntityForge=300, OrcaEntityForge=700, SandtigerSharkEntityForge=300, ShortfinMakoSharkEntityForge=300, TigerSharkEntityForge=300}	11	{}	120	124
-400	1314074384	{AmericanLobsterEntityForge=19, AtlanticCodEntityForge=16, AtlanticSalmonEntityForge=16, BlackSeaNettleJellyfishEntityForge=2, BlacktipReefSharkEntityForge=6, BottlenoseDolphinEntityForge=8, CannonballJellyfishEntityForge=4, CaribbeanReefOctopusEntityForge=4, CommonOctopusEntityForge=6, CommonStingrayEntityForge=6, CommonThresherSharkEntityForge=2, GiantMorayEelEntityForge=8, GreatHammerheadSharkEntityForge=2, GreatWhiteSharkEntityForge=2, GreenSeaTurtleEntityForge=6, HarborSealEntityForge=6, NautilusEntityForge=2, OceanicWhitetipSharkEntityForge=2, OrcaEntityForge=2, SandtigerSharkEntityForge=2, ShortfinMakoSharkEntityForge=2, TigerSharkEntityForge=2}	{AmericanLobsterEntityForge=300, AtlanticCodEntityForge=300, AtlanticSalmonEntityForge=300, BlackSeaNettleJellyfishEntityForge=300, BlacktipReefSharkEntityForge=300, BottlenoseDolphinEntityForge=700, CannonballJellyfishEntityForge=300, CaribbeanReefOctopusEntityForge=300, CommonOctopusEntityForge=300, CommonStingrayEntityForge=300, CommonThresherSharkEntityForge=300, GiantMorayEelEntityForge=300, GreatHammerheadSharkEntityForge=300, GreatWhiteSharkEntityForge=300, GreenSeaTurtleEntityForge=300, HarborSealEntityForge=300, NautilusEntityForge=300, OceanicWhitetipSharkEntityForge=300, OrcaEntityForge=700, SandtigerSharkEntityForge=300, ShortfinMakoSharkEntityForge=300, TigerSharkEntityForge=300}	11	{}	123	125
-200	598659072	{AmericanLobsterEntityForge=20, AtlanticCodEntityForge=16, AtlanticSalmonEntityForge=16, BlackSeaNettleJellyfishEntityForge=2, BlacktipReefSharkEntityForge=6, BottlenoseDolphinEntityForge=8, CannonballJellyfishEntityForge=4, CaribbeanReefOctopusEntityForge=4, CommonOctopusEntityForge=6, CommonStingrayEntityForge=6, CommonThresherSharkEntityForge=2, GiantMorayEelEntityForge=8, GreatHammerheadSharkEntityForge=2, GreatWhiteSharkEntityForge=2, GreenSeaTurtleEntityForge=6, HarborSealEntityForge=6, NautilusEntityForge=2, OceanicWhitetipSharkEntityForge=2, OrcaEntityForge=2, SandtigerSharkEntityForge=2, ShortfinMakoSharkEntityForge=2, TigerSharkEntityForge=2}	{AmericanLobsterEntityForge=300, AtlanticCodEntityForge=300, AtlanticSalmonEntityForge=300, BlackSeaNettleJellyfishEntityForge=300, BlacktipReefSharkEntityForge=300, BottlenoseDolphinEntityForge=700, CannonballJellyfishEntityForge=300, CaribbeanReefOctopusEntityForge=300, CommonOctopusEntityForge=300, CommonStingrayEntityForge=300, CommonThresherSharkEntityForge=300, GiantMorayEelEntityForge=300, GreatHammerheadSharkEntityForge=300, GreatWhiteSharkEntityForge=300, GreenSeaTurtleEntityForge=300, HarborSealEntityForge=300, NautilusEntityForge=300, OceanicWhitetipSharkEntityForge=300, OrcaEntityForge=700, SandtigerSharkEntityForge=300, ShortfinMakoSharkEntityForge=300, TigerSharkEntityForge=300}	11	{}	120	126
0	970903552	{AmericanLobsterEntityForge=20, AtlanticCodEntityForge=16, AtlanticSalmonEntityForge=16, BlackSeaNettleJellyfishEntityForge=2, BlacktipReefSharkEntityForge=6, BottlenoseDolphinEntityForge=7, CannonballJellyfishEntityForge=4, CaribbeanReefOctopusEntityForge=4, CommonOctopusEntityForge=6, CommonStingrayEntityForge=5, CommonThresherSharkEntityForge=2, GiantMorayEelEntityForge=8, GreatHammerheadSharkEntityForge=2, GreatWhiteSharkEntityForge=2, GreenSeaTurtleEntityForge=6, HarborSealEntityForge=6, NautilusEntityForge=2, OceanicWhitetipSharkEntityForge=2, OrcaEntityForge=2, SandtigerSharkEntityForge=2, ShortfinMakoSharkEntityForge=2, TigerSharkEntityForge=2}	{AmericanLobsterEntityForge=300, AtlanticCodEntityForge=300, AtlanticSalmonEntityForge=300, BlackSeaNettleJellyfishEntityForge=300, BlacktipReefSharkEntityForge=300, BottlenoseDolphinEntityForge=700, CannonballJellyfishEntityForge=300, CaribbeanReefOctopusEntityForge=300, CommonOctopusEntityForge=300, CommonStingrayEntityForge=300, CommonThresherSharkEntityForge=300, GiantMorayEelEntityForge=300, GreatHammerheadSharkEntityForge=300, GreatWhiteSharkEntityForge=300, GreenSeaTurtleEntityForge=300, HarborSealEntityForge=300, NautilusEntityForge=300, OceanicWhitetipSharkEntityForge=300, OrcaEntityForge=700, SandtigerSharkEntityForge=300, ShortfinMakoSharkEntityForge=300, TigerSharkEntityForge=300}	11	{}	123	124
0	971952128	{AmericanLobsterEntityForge=20, AtlanticCodEntityForge=16, AtlanticSalmonEntityForge=16, BlackSeaNettleJellyfishEntityForge=2, BlacktipReefSharkEntityForge=6, BottlenoseDolphinEntityForge=8, CannonballJellyfishEntityForge=4, CaribbeanReefOctopusEntityForge=4, CommonOctopusEntityForge=6, CommonStingrayEntityForge=6, CommonThresherSharkEntityForge=2, GiantMorayEelEntityForge=8, GreatHammerheadSharkEntityForge=2, GreatWhiteSharkEntityForge=2, GreenSeaTurtleEntityForge=6, HarborSealEntityForge=6, NautilusEntityForge=2, OceanicWhitetipSharkEntityForge=2, OrcaEntityForge=2, SandtigerSharkEntityForge=2, ShortfinMakoSharkEntityForge=2, TigerSharkEntityForge=2}	{AmericanLobsterEntityForge=300, AtlanticCodEntityForge=300, AtlanticSalmonEntityForge=300, BlackSeaNettleJellyfishEntityForge=300, BlacktipReefSharkEntityForge=300, BottlenoseDolphinEntityForge=300, CannonballJellyfishEntityForge=300, CaribbeanReefOctopusEntityForge=300, CommonOctopusEntityForge=300, CommonStingrayEntityForge=300, CommonThresherSharkEntityForge=300, GiantMorayEelEntityForge=300, GreatHammerheadSharkEntityForge=300, GreatWhiteSharkEntityForge=300, GreenSeaTurtleEntityForge=300, HarborSealEntityForge=300, NautilusEntityForge=300, OceanicWhitetipSharkEntityForge=300, OrcaEntityForge=700, SandtigerSharkEntityForge=300, ShortfinMakoSharkEntityForge=300, TigerSharkEntityForge=300}	11	{}	98	126
200	1162792960	{AmericanLobsterEntityForge=19, AtlanticCodEntityForge=16, AtlanticSalmonEntityForge=16, BlackSeaNettleJellyfishEntityForge=2, BlacktipReefSharkEntityForge=6, BottlenoseDolphinEntityForge=8, CannonballJellyfishEntityForge=4, CaribbeanReefOctopusEntityForge=4, CommonOctopusEntityForge=6, CommonStingrayEntityForge=6, CommonThresherSharkEntityForge=2, GiantMorayEelEntityForge=8, GreatHammerheadSharkEntityForge=2, GreatWhiteSharkEntityForge=2, GreenSeaTurtleEntityForge=6, HarborSealEntityForge=6, NautilusEntityForge=2, OceanicWhitetipSharkEntityForge=2, OrcaEntityForge=2, SandtigerSharkEntityForge=2, ShortfinMakoSharkEntityForge=2, TigerSharkEntityForge=2}	{AmericanLobsterEntityForge=300, AtlanticCodEntityForge=300, AtlanticSalmonEntityForge=300, BlackSeaNettleJellyfishEntityForge=300, BlacktipReefSharkEntityForge=300, BottlenoseDolphinEntityForge=700, CannonballJellyfishEntityForge=300, CaribbeanReefOctopusEntityForge=300, CommonOctopusEntityForge=300, CommonStingrayEntityForge=300, CommonThresherSharkEntityForge=300, GiantMorayEelEntityForge=300, GreatHammerheadSharkEntityForge=300, GreatWhiteSharkEntityForge=300, GreenSeaTurtleEntityForge=300, HarborSealEntityForge=300, NautilusEntityForge=300, OceanicWhitetipSharkEntityForge=300, OrcaEntityForge=700, SandtigerSharkEntityForge=300, ShortfinMakoSharkEntityForge=300, TigerSharkEntityForge=300}	11	{action_escape=3, action_feed=1, action_social=2, bounded_living_scans=46, death_AmericanLobsterEntityForge_mob_by_CommonStingrayEntityForge=1, living_deaths=1, navigation_calls=485, sensor_calls=861}	123	125
400	1351536640	{AmericanLobsterEntityForge=20, AtlanticCodEntityForge=15, AtlanticSalmonEntityForge=15, BlackSeaNettleJellyfishEntityForge=2, BlacktipReefSharkEntityForge=6, BottlenoseDolphinEntityForge=8, CannonballJellyfishEntityForge=4, CaribbeanReefOctopusEntityForge=4, CommonOctopusEntityForge=6, CommonStingrayEntityForge=6, CommonThresherSharkEntityForge=2, GiantMorayEelEntityForge=8, GreatHammerheadSharkEntityForge=2, GreatWhiteSharkEntityForge=2, GreenSeaTurtleEntityForge=6, HarborSealEntityForge=6, NautilusEntityForge=2, OceanicWhitetipSharkEntityForge=2, OrcaEntityForge=2, SandtigerSharkEntityForge=2, ShortfinMakoSharkEntityForge=2, TigerSharkEntityForge=2}	{AmericanLobsterEntityForge=300, AtlanticCodEntityForge=300, AtlanticSalmonEntityForge=300, BlackSeaNettleJellyfishEntityForge=300, BlacktipReefSharkEntityForge=300, BottlenoseDolphinEntityForge=700, CannonballJellyfishEntityForge=300, CaribbeanReefOctopusEntityForge=300, CommonOctopusEntityForge=300, CommonStingrayEntityForge=300, CommonThresherSharkEntityForge=300, GiantMorayEelEntityForge=300, GreatHammerheadSharkEntityForge=300, GreatWhiteSharkEntityForge=300, GreenSeaTurtleEntityForge=300, HarborSealEntityForge=300, NautilusEntityForge=300, OceanicWhitetipSharkEntityForge=300, OrcaEntityForge=700, SandtigerSharkEntityForge=300, ShortfinMakoSharkEntityForge=300, TigerSharkEntityForge=300}	11	{action_escape=3, action_feed=5, action_social=2, bounded_living_scans=54, death_AmericanLobsterEntityForge_mob_by_CommonStingrayEntityForge=1, death_AtlanticCodEntityForge_mob_by_SandtigerSharkEntityForge=1, death_AtlanticSalmonEntityForge_mob_by_BlacktipReefSharkEntityForge=1, living_deaths=3, navigation_calls=884, sensor_calls=1816}	118	124
600	503042496	{AmericanLobsterEntityForge=20, AtlanticCodEntityForge=16, AtlanticSalmonEntityForge=15, BlackSeaNettleJellyfishEntityForge=2, BlacktipReefSharkEntityForge=6, BottlenoseDolphinEntityForge=8, CannonballJellyfishEntityForge=4, CaribbeanReefOctopusEntityForge=4, CommonOctopusEntityForge=6, CommonStingrayEntityForge=6, CommonThresherSharkEntityForge=2, GiantMorayEelEntityForge=8, GreatHammerheadSharkEntityForge=2, GreatWhiteSharkEntityForge=2, GreenSeaTurtleEntityForge=6, HarborSealEntityForge=6, NautilusEntityForge=2, OceanicWhitetipSharkEntityForge=2, OrcaEntityForge=2, SandtigerSharkEntityForge=2, ShortfinMakoSharkEntityForge=2, TigerSharkEntityForge=2}	{AmericanLobsterEntityForge=300, AtlanticCodEntityForge=300, AtlanticSalmonEntityForge=300, BlackSeaNettleJellyfishEntityForge=300, BlacktipReefSharkEntityForge=300, BottlenoseDolphinEntityForge=700, CannonballJellyfishEntityForge=300, CaribbeanReefOctopusEntityForge=300, CommonOctopusEntityForge=300, CommonStingrayEntityForge=300, CommonThresherSharkEntityForge=300, GiantMorayEelEntityForge=300, GreatHammerheadSharkEntityForge=300, GreatWhiteSharkEntityForge=300, GreenSeaTurtleEntityForge=300, HarborSealEntityForge=300, NautilusEntityForge=300, OceanicWhitetipSharkEntityForge=300, OrcaEntityForge=700, SandtigerSharkEntityForge=300, ShortfinMakoSharkEntityForge=300, TigerSharkEntityForge=300}	11	{action_escape=3, action_feed=14, action_social=2, bounded_living_scans=98, death_AmericanLobsterEntityForge_mob_by_CommonStingrayEntityForge=1, death_AtlanticCodEntityForge_mob_by_SandtigerSharkEntityForge=1, death_AtlanticSalmonEntityForge_mob_by_BlacktipReefSharkEntityForge=1, death_AtlanticSalmonEntityForge_mob_by_OceanicWhitetipSharkEntityForge=1, living_deaths=4, navigation_calls=1388, sensor_calls=2685}	122	125
800	693883328	{AmericanLobsterEntityForge=20, AtlanticCodEntityForge=16, AtlanticSalmonEntityForge=16, BlackSeaNettleJellyfishEntityForge=2, BlacktipReefSharkEntityForge=6, BottlenoseDolphinEntityForge=8, CannonballJellyfishEntityForge=4, CaribbeanReefOctopusEntityForge=3, CommonOctopusEntityForge=6, CommonStingrayEntityForge=6, CommonThresherSharkEntityForge=2, GiantMorayEelEntityForge=8, GreatHammerheadSharkEntityForge=2, GreatWhiteSharkEntityForge=2, GreenSeaTurtleEntityForge=6, HarborSealEntityForge=6, NautilusEntityForge=1, OceanicWhitetipSharkEntityForge=2, OrcaEntityForge=2, SandtigerSharkEntityForge=2, ShortfinMakoSharkEntityForge=2, TigerSharkEntityForge=2}	{AmericanLobsterEntityForge=300, AtlanticCodEntityForge=300, AtlanticSalmonEntityForge=300, BlackSeaNettleJellyfishEntityForge=300, BlacktipReefSharkEntityForge=300, BottlenoseDolphinEntityForge=700, CannonballJellyfishEntityForge=300, CaribbeanReefOctopusEntityForge=300, CommonOctopusEntityForge=300, CommonStingrayEntityForge=300, CommonThresherSharkEntityForge=300, GiantMorayEelEntityForge=300, GreatHammerheadSharkEntityForge=300, GreatWhiteSharkEntityForge=300, GreenSeaTurtleEntityForge=300, HarborSealEntityForge=300, NautilusEntityForge=300, OceanicWhitetipSharkEntityForge=300, OrcaEntityForge=700, SandtigerSharkEntityForge=300, ShortfinMakoSharkEntityForge=300, TigerSharkEntityForge=300}	11	{action_escape=3, action_feed=19, action_social=2, bounded_living_scans=106, death_AmericanLobsterEntityForge_mob_by_CommonStingrayEntityForge=1, death_AtlanticCodEntityForge_mob_by_SandtigerSharkEntityForge=1, death_AtlanticSalmonEntityForge_mob_by_BlacktipReefSharkEntityForge=1, death_AtlanticSalmonEntityForge_mob_by_OceanicWhitetipSharkEntityForge=1, death_CaribbeanReefOctopusEntityForge_mob_by_GreatHammerheadSharkEntityForge=1, death_NautilusEntityForge_mob_by_CommonStingrayEntityForge=1, living_deaths=6, navigation_calls=1871, sensor_calls=3628}	118	124
1000	884724160	{AmericanLobsterEntityForge=20, AtlanticCodEntityForge=16, AtlanticSalmonEntityForge=16, BlackSeaNettleJellyfishEntityForge=2, BlacktipReefSharkEntityForge=6, BottlenoseDolphinEntityForge=8, CannonballJellyfishEntityForge=4, CaribbeanReefOctopusEntityForge=4, CommonOctopusEntityForge=6, CommonStingrayEntityForge=6, CommonThresherSharkEntityForge=2, GiantMorayEelEntityForge=8, GreatHammerheadSharkEntityForge=2, GreatWhiteSharkEntityForge=2, GreenSeaTurtleEntityForge=6, HarborSealEntityForge=6, NautilusEntityForge=2, OceanicWhitetipSharkEntityForge=2, OrcaEntityForge=2, SandtigerSharkEntityForge=2, ShortfinMakoSharkEntityForge=2, TigerSharkEntityForge=2}	{AmericanLobsterEntityForge=300, AtlanticCodEntityForge=300, AtlanticSalmonEntityForge=300, BlackSeaNettleJellyfishEntityForge=300, BlacktipReefSharkEntityForge=300, BottlenoseDolphinEntityForge=700, CannonballJellyfishEntityForge=300, CaribbeanReefOctopusEntityForge=300, CommonOctopusEntityForge=300, CommonStingrayEntityForge=300, CommonThresherSharkEntityForge=300, GiantMorayEelEntityForge=300, GreatHammerheadSharkEntityForge=300, GreatWhiteSharkEntityForge=300, GreenSeaTurtleEntityForge=300, HarborSealEntityForge=300, NautilusEntityForge=300, OceanicWhitetipSharkEntityForge=300, OrcaEntityForge=689, SandtigerSharkEntityForge=300, ShortfinMakoSharkEntityForge=300, TigerSharkEntityForge=300}	11	{action_escape=4, action_feed=26, action_social=2, bounded_living_scans=147, death_AmericanLobsterEntityForge_mob_by_CommonStingrayEntityForge=1, death_AtlanticCodEntityForge_mob_by_SandtigerSharkEntityForge=1, death_AtlanticSalmonEntityForge_mob_by_BlacktipReefSharkEntityForge=1, death_AtlanticSalmonEntityForge_mob_by_OceanicWhitetipSharkEntityForge=1, death_CaribbeanReefOctopusEntityForge_mob_by_GreatHammerheadSharkEntityForge=1, death_NautilusEntityForge_mob_by_CommonStingrayEntityForge=1, living_deaths=6, navigation_calls=2308, sensor_calls=4499}	121	126
1200	1077662144	{AmericanLobsterEntityForge=20, AtlanticCodEntityForge=16, AtlanticSalmonEntityForge=16, BlackSeaNettleJellyfishEntityForge=2, BlacktipReefSharkEntityForge=6, BottlenoseDolphinEntityForge=8, CannonballJellyfishEntityForge=4, CaribbeanReefOctopusEntityForge=4, CommonOctopusEntityForge=6, CommonStingrayEntityForge=6, CommonThresherSharkEntityForge=2, GiantMorayEelEntityForge=8, GreatHammerheadSharkEntityForge=2, GreatWhiteSharkEntityForge=2, GreenSeaTurtleEntityForge=6, HarborSealEntityForge=6, NautilusEntityForge=2, OceanicWhitetipSharkEntityForge=2, OrcaEntityForge=2, SandtigerSharkEntityForge=2, ShortfinMakoSharkEntityForge=2, TigerSharkEntityForge=2}	{AmericanLobsterEntityForge=300, AtlanticCodEntityForge=300, AtlanticSalmonEntityForge=300, BlackSeaNettleJellyfishEntityForge=300, BlacktipReefSharkEntityForge=300, BottlenoseDolphinEntityForge=700, CannonballJellyfishEntityForge=300, CaribbeanReefOctopusEntityForge=300, CommonOctopusEntityForge=300, CommonStingrayEntityForge=300, CommonThresherSharkEntityForge=300, GiantMorayEelEntityForge=300, GreatHammerheadSharkEntityForge=300, GreatWhiteSharkEntityForge=300, GreenSeaTurtleEntityForge=300, HarborSealEntityForge=300, NautilusEntityForge=300, OceanicWhitetipSharkEntityForge=300, OrcaEntityForge=700, SandtigerSharkEntityForge=300, ShortfinMakoSharkEntityForge=300, TigerSharkEntityForge=300}	11	{action_escape=4, action_feed=30, action_social=2, bounded_living_scans=161, death_AmericanLobsterEntityForge_mob_by_CommonStingrayEntityForge=1, death_AtlanticCodEntityForge_mob_by_SandtigerSharkEntityForge=1, death_AtlanticSalmonEntityForge_mob_by_BlacktipReefSharkEntityForge=1, death_AtlanticSalmonEntityForge_mob_by_OceanicWhitetipSharkEntityForge=1, death_CaribbeanReefOctopusEntityForge_mob_by_GreatHammerheadSharkEntityForge=1, death_NautilusEntityForge_mob_by_CommonStingrayEntityForge=1, living_deaths=6, navigation_calls=2804, sensor_calls=5452}	124	126
1400	1272697280	{AmericanLobsterEntityForge=20, AtlanticCodEntityForge=16, AtlanticSalmonEntityForge=16, BlackSeaNettleJellyfishEntityForge=2, BlacktipReefSharkEntityForge=6, BottlenoseDolphinEntityForge=8, CannonballJellyfishEntityForge=4, CaribbeanReefOctopusEntityForge=4, CommonOctopusEntityForge=6, CommonStingrayEntityForge=6, CommonThresherSharkEntityForge=2, GiantMorayEelEntityForge=8, GreatHammerheadSharkEntityForge=2, GreatWhiteSharkEntityForge=2, GreenSeaTurtleEntityForge=6, HarborSealEntityForge=6, NautilusEntityForge=2, OceanicWhitetipSharkEntityForge=2, OrcaEntityForge=2, SandtigerSharkEntityForge=2, ShortfinMakoSharkEntityForge=2, TigerSharkEntityForge=2}	{AmericanLobsterEntityForge=300, AtlanticCodEntityForge=300, AtlanticSalmonEntityForge=299, BlackSeaNettleJellyfishEntityForge=300, BlacktipReefSharkEntityForge=300, BottlenoseDolphinEntityForge=700, CannonballJellyfishEntityForge=300, CaribbeanReefOctopusEntityForge=300, CommonOctopusEntityForge=300, CommonStingrayEntityForge=300, CommonThresherSharkEntityForge=300, GiantMorayEelEntityForge=300, GreatHammerheadSharkEntityForge=300, GreatWhiteSharkEntityForge=300, GreenSeaTurtleEntityForge=300, HarborSealEntityForge=300, NautilusEntityForge=300, OceanicWhitetipSharkEntityForge=300, OrcaEntityForge=700, SandtigerSharkEntityForge=300, ShortfinMakoSharkEntityForge=300, TigerSharkEntityForge=300}	11	{action_escape=5, action_feed=30, action_social=2, bounded_living_scans=194, death_AmericanLobsterEntityForge_mob_by_CommonStingrayEntityForge=1, death_AtlanticCodEntityForge_mob_by_SandtigerSharkEntityForge=1, death_AtlanticSalmonEntityForge_mob_by_BlacktipReefSharkEntityForge=1, death_AtlanticSalmonEntityForge_mob_by_OceanicWhitetipSharkEntityForge=1, death_CaribbeanReefOctopusEntityForge_mob_by_GreatHammerheadSharkEntityForge=1, death_NautilusEntityForge_mob_by_CommonStingrayEntityForge=1, living_deaths=6, navigation_calls=3334, sensor_calls=6323}	123	126
1600	1467732416	{AmericanLobsterEntityForge=20, AtlanticCodEntityForge=16, AtlanticSalmonEntityForge=16, BlackSeaNettleJellyfishEntityForge=2, BlacktipReefSharkEntityForge=6, BottlenoseDolphinEntityForge=8, CannonballJellyfishEntityForge=4, CaribbeanReefOctopusEntityForge=4, CommonOctopusEntityForge=6, CommonStingrayEntityForge=6, CommonThresherSharkEntityForge=2, GiantMorayEelEntityForge=8, GreatHammerheadSharkEntityForge=2, GreatWhiteSharkEntityForge=2, GreenSeaTurtleEntityForge=6, HarborSealEntityForge=6, NautilusEntityForge=2, OceanicWhitetipSharkEntityForge=2, OrcaEntityForge=2, SandtigerSharkEntityForge=2, ShortfinMakoSharkEntityForge=2, TigerSharkEntityForge=2}	{AmericanLobsterEntityForge=300, AtlanticCodEntityForge=300, AtlanticSalmonEntityForge=300, BlackSeaNettleJellyfishEntityForge=300, BlacktipReefSharkEntityForge=300, BottlenoseDolphinEntityForge=700, CannonballJellyfishEntityForge=300, CaribbeanReefOctopusEntityForge=300, CommonOctopusEntityForge=300, CommonStingrayEntityForge=300, CommonThresherSharkEntityForge=300, GiantMorayEelEntityForge=300, GreatHammerheadSharkEntityForge=300, GreatWhiteSharkEntityForge=300, GreenSeaTurtleEntityForge=300, HarborSealEntityForge=300, NautilusEntityForge=300, OceanicWhitetipSharkEntityForge=300, OrcaEntityForge=700, SandtigerSharkEntityForge=300, ShortfinMakoSharkEntityForge=300, TigerSharkEntityForge=300}	11	{action_escape=7, action_feed=36, action_social=2, bounded_living_scans=211, death_AmericanLobsterEntityForge_mob_by_CommonStingrayEntityForge=1, death_AtlanticCodEntityForge_mob_by_SandtigerSharkEntityForge=1, death_AtlanticSalmonEntityForge_mob_by_BlacktipReefSharkEntityForge=1, death_AtlanticSalmonEntityForge_mob_by_OceanicWhitetipSharkEntityForge=1, death_CaribbeanReefOctopusEntityForge_mob_by_GreatHammerheadSharkEntityForge=1, death_NautilusEntityForge_mob_by_CommonStingrayEntityForge=1, living_deaths=6, navigation_calls=3829, sensor_calls=7278}	122	126
1800	514571296	{AmericanLobsterEntityForge=19, AtlanticCodEntityForge=16, AtlanticSalmonEntityForge=16, BlackSeaNettleJellyfishEntityForge=2, BlacktipReefSharkEntityForge=6, BottlenoseDolphinEntityForge=8, CannonballJellyfishEntityForge=4, CaribbeanReefOctopusEntityForge=4, CommonOctopusEntityForge=6, CommonStingrayEntityForge=6, CommonThresherSharkEntityForge=2, GiantMorayEelEntityForge=8, GreatHammerheadSharkEntityForge=2, GreatWhiteSharkEntityForge=2, GreenSeaTurtleEntityForge=6, HarborSealEntityForge=6, NautilusEntityForge=2, OceanicWhitetipSharkEntityForge=2, OrcaEntityForge=2, SandtigerSharkEntityForge=2, ShortfinMakoSharkEntityForge=2, TigerSharkEntityForge=2}	{AmericanLobsterEntityForge=300, AtlanticCodEntityForge=300, AtlanticSalmonEntityForge=300, BlackSeaNettleJellyfishEntityForge=300, BlacktipReefSharkEntityForge=300, BottlenoseDolphinEntityForge=700, CannonballJellyfishEntityForge=300, CaribbeanReefOctopusEntityForge=300, CommonOctopusEntityForge=300, CommonStingrayEntityForge=300, CommonThresherSharkEntityForge=300, GiantMorayEelEntityForge=300, GreatHammerheadSharkEntityForge=300, GreatWhiteSharkEntityForge=300, GreenSeaTurtleEntityForge=300, HarborSealEntityForge=300, NautilusEntityForge=300, OceanicWhitetipSharkEntityForge=300, OrcaEntityForge=700, SandtigerSharkEntityForge=300, ShortfinMakoSharkEntityForge=300, TigerSharkEntityForge=300}	11	{action_escape=7, action_feed=37, action_social=2, bounded_living_scans=251, death_AmericanLobsterEntityForge_mob_by_CommonStingrayEntityForge=2, death_AtlanticCodEntityForge_mob_by_SandtigerSharkEntityForge=1, death_AtlanticSalmonEntityForge_mob_by_BlacktipReefSharkEntityForge=1, death_AtlanticSalmonEntityForge_mob_by_OceanicWhitetipSharkEntityForge=1, death_CaribbeanReefOctopusEntityForge_mob_by_GreatHammerheadSharkEntityForge=1, death_NautilusEntityForge_mob_by_CommonStingrayEntityForge=1, living_deaths=7, navigation_calls=4225, sensor_calls=8141}	121	125
2000	709606432	{AmericanLobsterEntityForge=19, AtlanticCodEntityForge=16, AtlanticSalmonEntityForge=16, BlackSeaNettleJellyfishEntityForge=2, BlacktipReefSharkEntityForge=6, BottlenoseDolphinEntityForge=8, CannonballJellyfishEntityForge=4, CaribbeanReefOctopusEntityForge=4, CommonOctopusEntityForge=6, CommonStingrayEntityForge=6, CommonThresherSharkEntityForge=2, GiantMorayEelEntityForge=8, GreatHammerheadSharkEntityForge=2, GreatWhiteSharkEntityForge=2, GreenSeaTurtleEntityForge=6, HarborSealEntityForge=6, NautilusEntityForge=2, OceanicWhitetipSharkEntityForge=2, OrcaEntityForge=2, SandtigerSharkEntityForge=2, ShortfinMakoSharkEntityForge=2, TigerSharkEntityForge=2}	{AmericanLobsterEntityForge=300, AtlanticCodEntityForge=300, AtlanticSalmonEntityForge=300, BlackSeaNettleJellyfishEntityForge=300, BlacktipReefSharkEntityForge=300, BottlenoseDolphinEntityForge=700, CannonballJellyfishEntityForge=300, CaribbeanReefOctopusEntityForge=300, CommonOctopusEntityForge=300, CommonStingrayEntityForge=300, CommonThresherSharkEntityForge=300, GiantMorayEelEntityForge=300, GreatHammerheadSharkEntityForge=300, GreatWhiteSharkEntityForge=300, GreenSeaTurtleEntityForge=300, HarborSealEntityForge=300, NautilusEntityForge=300, OceanicWhitetipSharkEntityForge=300, OrcaEntityForge=678, SandtigerSharkEntityForge=300, ShortfinMakoSharkEntityForge=300, TigerSharkEntityForge=300}	11	{action_escape=7, action_feed=42, action_social=2, bounded_living_scans=258, death_AmericanLobsterEntityForge_mob_by_CommonStingrayEntityForge=3, death_AtlanticCodEntityForge_mob_by_SandtigerSharkEntityForge=1, death_AtlanticSalmonEntityForge_mob_by_BlacktipReefSharkEntityForge=1, death_AtlanticSalmonEntityForge_mob_by_OceanicWhitetipSharkEntityForge=1, death_CaribbeanReefOctopusEntityForge_mob_by_GreatHammerheadSharkEntityForge=1, death_NautilusEntityForge_mob_by_CommonStingrayEntityForge=1, living_deaths=8, navigation_calls=4669, sensor_calls=9087}	121	125
2200	901495840	{AmericanLobsterEntityForge=20, AtlanticCodEntityForge=16, AtlanticSalmonEntityForge=16, BlackSeaNettleJellyfishEntityForge=2, BlacktipReefSharkEntityForge=6, BottlenoseDolphinEntityForge=8, CannonballJellyfishEntityForge=4, CaribbeanReefOctopusEntityForge=4, CommonOctopusEntityForge=6, CommonStingrayEntityForge=6, CommonThresherSharkEntityForge=2, GiantMorayEelEntityForge=8, GreatHammerheadSharkEntityForge=2, GreatWhiteSharkEntityForge=2, GreenSeaTurtleEntityForge=6, HarborSealEntityForge=6, NautilusEntityForge=2, OceanicWhitetipSharkEntityForge=2, OrcaEntityForge=2, SandtigerSharkEntityForge=2, ShortfinMakoSharkEntityForge=2, TigerSharkEntityForge=2}	{AmericanLobsterEntityForge=300, AtlanticCodEntityForge=300, AtlanticSalmonEntityForge=300, BlackSeaNettleJellyfishEntityForge=300, BlacktipReefSharkEntityForge=300, BottlenoseDolphinEntityForge=700, CannonballJellyfishEntityForge=300, CaribbeanReefOctopusEntityForge=300, CommonOctopusEntityForge=300, CommonStingrayEntityForge=300, CommonThresherSharkEntityForge=300, GiantMorayEelEntityForge=300, GreatHammerheadSharkEntityForge=300, GreatWhiteSharkEntityForge=300, GreenSeaTurtleEntityForge=300, HarborSealEntityForge=300, NautilusEntityForge=300, OceanicWhitetipSharkEntityForge=300, OrcaEntityForge=700, SandtigerSharkEntityForge=300, ShortfinMakoSharkEntityForge=300, TigerSharkEntityForge=300}	11	{action_escape=7, action_feed=44, action_social=2, bounded_living_scans=304, death_AmericanLobsterEntityForge_mob_by_CommonStingrayEntityForge=3, death_AtlanticCodEntityForge_mob_by_SandtigerSharkEntityForge=1, death_AtlanticSalmonEntityForge_mob_by_BlacktipReefSharkEntityForge=1, death_AtlanticSalmonEntityForge_mob_by_OceanicWhitetipSharkEntityForge=1, death_CaribbeanReefOctopusEntityForge_mob_by_GreatHammerheadSharkEntityForge=1, death_NautilusEntityForge_mob_by_CommonStingrayEntityForge=1, living_deaths=8, navigation_calls=5093, sensor_calls=9957}	123	126
2400	1098628128	{AmericanLobsterEntityForge=20, AtlanticCodEntityForge=16, AtlanticSalmonEntityForge=16, BlackSeaNettleJellyfishEntityForge=2, BlacktipReefSharkEntityForge=6, BottlenoseDolphinEntityForge=8, CannonballJellyfishEntityForge=4, CaribbeanReefOctopusEntityForge=3, CommonOctopusEntityForge=6, CommonStingrayEntityForge=6, CommonThresherSharkEntityForge=2, GiantMorayEelEntityForge=8, GreatHammerheadSharkEntityForge=2, GreatWhiteSharkEntityForge=2, GreenSeaTurtleEntityForge=6, HarborSealEntityForge=6, NautilusEntityForge=2, OceanicWhitetipSharkEntityForge=2, OrcaEntityForge=2, SandtigerSharkEntityForge=2, ShortfinMakoSharkEntityForge=2, TigerSharkEntityForge=2}	{AmericanLobsterEntityForge=300, AtlanticCodEntityForge=300, AtlanticSalmonEntityForge=300, BlackSeaNettleJellyfishEntityForge=300, BlacktipReefSharkEntityForge=300, BottlenoseDolphinEntityForge=700, CannonballJellyfishEntityForge=300, CaribbeanReefOctopusEntityForge=300, CommonOctopusEntityForge=300, CommonStingrayEntityForge=300, CommonThresherSharkEntityForge=300, GiantMorayEelEntityForge=300, GreatHammerheadSharkEntityForge=300, GreatWhiteSharkEntityForge=300, GreenSeaTurtleEntityForge=300, HarborSealEntityForge=300, NautilusEntityForge=300, OceanicWhitetipSharkEntityForge=300, OrcaEntityForge=700, SandtigerSharkEntityForge=300, ShortfinMakoSharkEntityForge=300, TigerSharkEntityForge=300}	11	{action_escape=7, action_feed=48, action_social=2, bounded_living_scans=312, death_AmericanLobsterEntityForge_mob_by_CommonStingrayEntityForge=3, death_AtlanticCodEntityForge_mob_by_SandtigerSharkEntityForge=1, death_AtlanticSalmonEntityForge_mob_by_BlacktipReefSharkEntityForge=1, death_AtlanticSalmonEntityForge_mob_by_OceanicWhitetipSharkEntityForge=1, death_CaribbeanReefOctopusEntityForge_mob_by_GreatHammerheadSharkEntityForge=2, death_NautilusEntityForge_mob_by_CommonStingrayEntityForge=1, living_deaths=9, navigation_calls=5502, sensor_calls=10904}	121	125
2600	1295760416	{AmericanLobsterEntityForge=20, AtlanticCodEntityForge=16, AtlanticSalmonEntityForge=16, BlackSeaNettleJellyfishEntityForge=2, BlacktipReefSharkEntityForge=6, BottlenoseDolphinEntityForge=8, CannonballJellyfishEntityForge=4, CaribbeanReefOctopusEntityForge=4, CommonOctopusEntityForge=6, CommonStingrayEntityForge=6, CommonThresherSharkEntityForge=2, GiantMorayEelEntityForge=8, GreatHammerheadSharkEntityForge=2, GreatWhiteSharkEntityForge=2, GreenSeaTurtleEntityForge=6, HarborSealEntityForge=6, NautilusEntityForge=2, OceanicWhitetipSharkEntityForge=2, OrcaEntityForge=2, SandtigerSharkEntityForge=2, ShortfinMakoSharkEntityForge=2, TigerSharkEntityForge=2}	{AmericanLobsterEntityForge=300, AtlanticCodEntityForge=300, AtlanticSalmonEntityForge=300, BlackSeaNettleJellyfishEntityForge=300, BlacktipReefSharkEntityForge=300, BottlenoseDolphinEntityForge=700, CannonballJellyfishEntityForge=300, CaribbeanReefOctopusEntityForge=300, CommonOctopusEntityForge=300, CommonStingrayEntityForge=300, CommonThresherSharkEntityForge=300, GiantMorayEelEntityForge=300, GreatHammerheadSharkEntityForge=300, GreatWhiteSharkEntityForge=300, GreenSeaTurtleEntityForge=300, HarborSealEntityForge=300, NautilusEntityForge=300, OceanicWhitetipSharkEntityForge=300, OrcaEntityForge=700, SandtigerSharkEntityForge=300, ShortfinMakoSharkEntityForge=300, TigerSharkEntityForge=300}	11	{action_escape=12, action_feed=53, action_social=2, bounded_living_scans=366, death_AmericanLobsterEntityForge_mob_by_CommonStingrayEntityForge=3, death_AtlanticCodEntityForge_mob_by_SandtigerSharkEntityForge=1, death_AtlanticSalmonEntityForge_mob_by_BlacktipReefSharkEntityForge=1, death_AtlanticSalmonEntityForge_mob_by_OceanicWhitetipSharkEntityForge=1, death_CaribbeanReefOctopusEntityForge_mob_by_GreatHammerheadSharkEntityForge=2, death_NautilusEntityForge_mob_by_CommonStingrayEntityForge=1, living_deaths=9, navigation_calls=5960, sensor_calls=11776}	122	126
2800	1490795552	{AmericanLobsterEntityForge=20, AtlanticCodEntityForge=16, AtlanticSalmonEntityForge=16, BlackSeaNettleJellyfishEntityForge=2, BlacktipReefSharkEntityForge=6, BottlenoseDolphinEntityForge=8, CannonballJellyfishEntityForge=4, CaribbeanReefOctopusEntityForge=4, CommonOctopusEntityForge=6, CommonStingrayEntityForge=6, CommonThresherSharkEntityForge=2, GiantMorayEelEntityForge=8, GreatHammerheadSharkEntityForge=2, GreatWhiteSharkEntityForge=2, GreenSeaTurtleEntityForge=6, HarborSealEntityForge=6, NautilusEntityForge=2, OceanicWhitetipSharkEntityForge=2, OrcaEntityForge=2, SandtigerSharkEntityForge=2, ShortfinMakoSharkEntityForge=2, TigerSharkEntityForge=2}	{AmericanLobsterEntityForge=300, AtlanticCodEntityForge=300, AtlanticSalmonEntityForge=300, BlackSeaNettleJellyfishEntityForge=300, BlacktipReefSharkEntityForge=300, BottlenoseDolphinEntityForge=700, CannonballJellyfishEntityForge=300, CaribbeanReefOctopusEntityForge=300, CommonOctopusEntityForge=300, CommonStingrayEntityForge=300, CommonThresherSharkEntityForge=300, GiantMorayEelEntityForge=300, GreatHammerheadSharkEntityForge=300, GreatWhiteSharkEntityForge=300, GreenSeaTurtleEntityForge=300, HarborSealEntityForge=300, NautilusEntityForge=300, OceanicWhitetipSharkEntityForge=300, OrcaEntityForge=700, SandtigerSharkEntityForge=300, ShortfinMakoSharkEntityForge=300, TigerSharkEntityForge=300}	11	{action_escape=14, action_feed=55, action_social=2, bounded_living_scans=373, death_AmericanLobsterEntityForge_mob_by_CommonStingrayEntityForge=3, death_AtlanticCodEntityForge_mob_by_SandtigerSharkEntityForge=1, death_AtlanticSalmonEntityForge_mob_by_BlacktipReefSharkEntityForge=1, death_AtlanticSalmonEntityForge_mob_by_OceanicWhitetipSharkEntityForge=1, death_CaribbeanReefOctopusEntityForge_mob_by_GreatHammerheadSharkEntityForge=2, death_NautilusEntityForge_mob_by_CommonStingrayEntityForge=1, living_deaths=9, navigation_calls=6263, sensor_calls=12729}	125	126
3000	472215488	{AmericanLobsterEntityForge=20, AtlanticCodEntityForge=16, AtlanticSalmonEntityForge=16, BlackSeaNettleJellyfishEntityForge=2, BlacktipReefSharkEntityForge=6, BottlenoseDolphinEntityForge=8, CannonballJellyfishEntityForge=4, CaribbeanReefOctopusEntityForge=4, CommonOctopusEntityForge=6, CommonStingrayEntityForge=6, CommonThresherSharkEntityForge=2, GiantMorayEelEntityForge=8, GreatHammerheadSharkEntityForge=2, GreatWhiteSharkEntityForge=2, GreenSeaTurtleEntityForge=6, HarborSealEntityForge=6, NautilusEntityForge=2, OceanicWhitetipSharkEntityForge=2, OrcaEntityForge=2, SandtigerSharkEntityForge=2, ShortfinMakoSharkEntityForge=2, TigerSharkEntityForge=2}	{AmericanLobsterEntityForge=300, AtlanticCodEntityForge=300, AtlanticSalmonEntityForge=300, BlackSeaNettleJellyfishEntityForge=300, BlacktipReefSharkEntityForge=300, BottlenoseDolphinEntityForge=700, CannonballJellyfishEntityForge=300, CaribbeanReefOctopusEntityForge=300, CommonOctopusEntityForge=300, CommonStingrayEntityForge=300, CommonThresherSharkEntityForge=300, GiantMorayEelEntityForge=300, GreatHammerheadSharkEntityForge=300, GreatWhiteSharkEntityForge=300, GreenSeaTurtleEntityForge=300, HarborSealEntityForge=300, NautilusEntityForge=300, OceanicWhitetipSharkEntityForge=300, OrcaEntityForge=700, SandtigerSharkEntityForge=300, ShortfinMakoSharkEntityForge=300, TigerSharkEntityForge=300}	11	{action_escape=16, action_feed=61, action_social=2, bounded_living_scans=418, death_AmericanLobsterEntityForge_mob_by_CommonStingrayEntityForge=3, death_AtlanticCodEntityForge_mob_by_SandtigerSharkEntityForge=1, death_AtlanticSalmonEntityForge_mob_by_BlacktipReefSharkEntityForge=1, death_AtlanticSalmonEntityForge_mob_by_OceanicWhitetipSharkEntityForge=1, death_CaribbeanReefOctopusEntityForge_mob_by_GreatHammerheadSharkEntityForge=2, death_NautilusEntityForge_mob_by_CommonStingrayEntityForge=1, living_deaths=9, navigation_calls=6604, sensor_calls=13679}	125	126
3200	666202048	{AmericanLobsterEntityForge=20, AtlanticCodEntityForge=15, AtlanticSalmonEntityForge=16, BlackSeaNettleJellyfishEntityForge=2, BlacktipReefSharkEntityForge=6, BottlenoseDolphinEntityForge=8, CannonballJellyfishEntityForge=4, CaribbeanReefOctopusEntityForge=4, CommonOctopusEntityForge=6, CommonStingrayEntityForge=6, CommonThresherSharkEntityForge=2, GiantMorayEelEntityForge=8, GreatHammerheadSharkEntityForge=2, GreatWhiteSharkEntityForge=2, GreenSeaTurtleEntityForge=6, HarborSealEntityForge=6, NautilusEntityForge=2, OceanicWhitetipSharkEntityForge=2, OrcaEntityForge=2, SandtigerSharkEntityForge=2, ShortfinMakoSharkEntityForge=2, TigerSharkEntityForge=2}	{AmericanLobsterEntityForge=300, AtlanticCodEntityForge=300, AtlanticSalmonEntityForge=300, BlackSeaNettleJellyfishEntityForge=300, BlacktipReefSharkEntityForge=300, BottlenoseDolphinEntityForge=700, CannonballJellyfishEntityForge=300, CaribbeanReefOctopusEntityForge=300, CommonOctopusEntityForge=300, CommonStingrayEntityForge=300, CommonThresherSharkEntityForge=300, GiantMorayEelEntityForge=300, GreatHammerheadSharkEntityForge=300, GreatWhiteSharkEntityForge=300, GreenSeaTurtleEntityForge=300, HarborSealEntityForge=300, NautilusEntityForge=300, OceanicWhitetipSharkEntityForge=300, OrcaEntityForge=700, SandtigerSharkEntityForge=300, ShortfinMakoSharkEntityForge=300, TigerSharkEntityForge=300}	11	{action_escape=18, action_feed=63, action_social=2, bounded_living_scans=428, death_AmericanLobsterEntityForge_mob_by_CommonStingrayEntityForge=3, death_AtlanticCodEntityForge_mob_by_BlacktipReefSharkEntityForge=1, death_AtlanticCodEntityForge_mob_by_SandtigerSharkEntityForge=1, death_AtlanticSalmonEntityForge_mob_by_BlacktipReefSharkEntityForge=1, death_AtlanticSalmonEntityForge_mob_by_OceanicWhitetipSharkEntityForge=1, death_CaribbeanReefOctopusEntityForge_mob_by_GreatHammerheadSharkEntityForge=2, death_NautilusEntityForge_mob_by_CommonStingrayEntityForge=1, living_deaths=10, navigation_calls=6972, sensor_calls=14554}	119	125
3400	859140032	{AmericanLobsterEntityForge=20, AtlanticCodEntityForge=16, AtlanticSalmonEntityForge=16, BlackSeaNettleJellyfishEntityForge=2, BlacktipReefSharkEntityForge=6, BottlenoseDolphinEntityForge=8, CannonballJellyfishEntityForge=4, CaribbeanReefOctopusEntityForge=4, CommonOctopusEntityForge=6, CommonStingrayEntityForge=6, CommonThresherSharkEntityForge=2, GiantMorayEelEntityForge=8, GreatHammerheadSharkEntityForge=2, GreatWhiteSharkEntityForge=2, GreenSeaTurtleEntityForge=6, HarborSealEntityForge=6, NautilusEntityForge=2, OceanicWhitetipSharkEntityForge=2, OrcaEntityForge=2, SandtigerSharkEntityForge=2, ShortfinMakoSharkEntityForge=2, TigerSharkEntityForge=2}	{AmericanLobsterEntityForge=300, AtlanticCodEntityForge=300, AtlanticSalmonEntityForge=300, BlackSeaNettleJellyfishEntityForge=300, BlacktipReefSharkEntityForge=300, BottlenoseDolphinEntityForge=700, CannonballJellyfishEntityForge=300, CaribbeanReefOctopusEntityForge=300, CommonOctopusEntityForge=300, CommonStingrayEntityForge=300, CommonThresherSharkEntityForge=300, GiantMorayEelEntityForge=300, GreatHammerheadSharkEntityForge=300, GreatWhiteSharkEntityForge=300, GreenSeaTurtleEntityForge=300, HarborSealEntityForge=300, NautilusEntityForge=300, OceanicWhitetipSharkEntityForge=300, OrcaEntityForge=700, SandtigerSharkEntityForge=300, ShortfinMakoSharkEntityForge=300, TigerSharkEntityForge=300}	11	{action_escape=18, action_feed=72, action_social=2, bounded_living_scans=469, death_AmericanLobsterEntityForge_mob_by_CommonStingrayEntityForge=3, death_AtlanticCodEntityForge_mob_by_BlacktipReefSharkEntityForge=1, death_AtlanticCodEntityForge_mob_by_SandtigerSharkEntityForge=1, death_AtlanticSalmonEntityForge_mob_by_BlacktipReefSharkEntityForge=1, death_AtlanticSalmonEntityForge_mob_by_OceanicWhitetipSharkEntityForge=1, death_CaribbeanReefOctopusEntityForge_mob_by_GreatHammerheadSharkEntityForge=2, death_NautilusEntityForge_mob_by_CommonStingrayEntityForge=1, living_deaths=10, navigation_calls=7385, sensor_calls=15506}	121	126
3600	1072000960	{AmericanLobsterEntityForge=20, AtlanticCodEntityForge=16, AtlanticSalmonEntityForge=16, BlackSeaNettleJellyfishEntityForge=2, BlacktipReefSharkEntityForge=6, BottlenoseDolphinEntityForge=8, CannonballJellyfishEntityForge=4, CaribbeanReefOctopusEntityForge=4, CommonOctopusEntityForge=6, CommonStingrayEntityForge=6, CommonThresherSharkEntityForge=2, GiantMorayEelEntityForge=8, GreatHammerheadSharkEntityForge=2, GreatWhiteSharkEntityForge=2, GreenSeaTurtleEntityForge=6, HarborSealEntityForge=6, NautilusEntityForge=2, OceanicWhitetipSharkEntityForge=2, OrcaEntityForge=2, SandtigerSharkEntityForge=2, ShortfinMakoSharkEntityForge=2, TigerSharkEntityForge=2}	{AmericanLobsterEntityForge=300, AtlanticCodEntityForge=300, AtlanticSalmonEntityForge=300, BlackSeaNettleJellyfishEntityForge=300, BlacktipReefSharkEntityForge=300, BottlenoseDolphinEntityForge=700, CannonballJellyfishEntityForge=300, CaribbeanReefOctopusEntityForge=300, CommonOctopusEntityForge=300, CommonStingrayEntityForge=300, CommonThresherSharkEntityForge=300, GiantMorayEelEntityForge=300, GreatHammerheadSharkEntityForge=300, GreatWhiteSharkEntityForge=300, GreenSeaTurtleEntityForge=300, HarborSealEntityForge=300, NautilusEntityForge=300, OceanicWhitetipSharkEntityForge=300, OrcaEntityForge=700, SandtigerSharkEntityForge=300, ShortfinMakoSharkEntityForge=300, TigerSharkEntityForge=300}	11	{action_escape=20, action_feed=76, action_social=2, bounded_living_scans=484, death_AmericanLobsterEntityForge_mob_by_CommonStingrayEntityForge=3, death_AtlanticCodEntityForge_mob_by_BlacktipReefSharkEntityForge=1, death_AtlanticCodEntityForge_mob_by_SandtigerSharkEntityForge=1, death_AtlanticSalmonEntityForge_mob_by_BlacktipReefSharkEntityForge=1, death_AtlanticSalmonEntityForge_mob_by_OceanicWhitetipSharkEntityForge=1, death_CaribbeanReefOctopusEntityForge_mob_by_GreatHammerheadSharkEntityForge=2, death_NautilusEntityForge_mob_by_CommonStingrayEntityForge=1, living_deaths=10, navigation_calls=7876, sensor_calls=16380}	122	126
3800	1271230400	{AmericanLobsterEntityForge=20, AtlanticCodEntityForge=16, AtlanticSalmonEntityForge=16, BlackSeaNettleJellyfishEntityForge=2, BlacktipReefSharkEntityForge=6, BottlenoseDolphinEntityForge=8, CannonballJellyfishEntityForge=4, CaribbeanReefOctopusEntityForge=4, CommonOctopusEntityForge=6, CommonStingrayEntityForge=6, CommonThresherSharkEntityForge=2, GiantMorayEelEntityForge=8, GreatHammerheadSharkEntityForge=2, GreatWhiteSharkEntityForge=2, GreenSeaTurtleEntityForge=6, HarborSealEntityForge=6, NautilusEntityForge=2, OceanicWhitetipSharkEntityForge=2, OrcaEntityForge=2, SandtigerSharkEntityForge=2, ShortfinMakoSharkEntityForge=2, TigerSharkEntityForge=2}	{AmericanLobsterEntityForge=300, AtlanticCodEntityForge=300, AtlanticSalmonEntityForge=300, BlackSeaNettleJellyfishEntityForge=300, BlacktipReefSharkEntityForge=300, BottlenoseDolphinEntityForge=700, CannonballJellyfishEntityForge=300, CaribbeanReefOctopusEntityForge=300, CommonOctopusEntityForge=300, CommonStingrayEntityForge=300, CommonThresherSharkEntityForge=300, GiantMorayEelEntityForge=300, GreatHammerheadSharkEntityForge=300, GreatWhiteSharkEntityForge=300, GreenSeaTurtleEntityForge=300, HarborSealEntityForge=300, NautilusEntityForge=300, OceanicWhitetipSharkEntityForge=300, OrcaEntityForge=700, SandtigerSharkEntityForge=300, ShortfinMakoSharkEntityForge=300, TigerSharkEntityForge=300}	11	{action_escape=21, action_feed=80, action_social=2, bounded_living_scans=526, death_AmericanLobsterEntityForge_mob_by_CommonStingrayEntityForge=3, death_AtlanticCodEntityForge_mob_by_BlacktipReefSharkEntityForge=1, death_AtlanticCodEntityForge_mob_by_SandtigerSharkEntityForge=1, death_AtlanticSalmonEntityForge_mob_by_BlacktipReefSharkEntityForge=1, death_AtlanticSalmonEntityForge_mob_by_OceanicWhitetipSharkEntityForge=1, death_CaribbeanReefOctopusEntityForge_mob_by_GreatHammerheadSharkEntityForge=2, death_NautilusEntityForge_mob_by_CommonStingrayEntityForge=1, living_deaths=10, navigation_calls=8380, sensor_calls=17331}	121	126
4000	1468362688	{AmericanLobsterEntityForge=20, AtlanticCodEntityForge=15, AtlanticSalmonEntityForge=16, BlackSeaNettleJellyfishEntityForge=2, BlacktipReefSharkEntityForge=6, BottlenoseDolphinEntityForge=8, CannonballJellyfishEntityForge=4, CaribbeanReefOctopusEntityForge=4, CommonOctopusEntityForge=6, CommonStingrayEntityForge=6, CommonThresherSharkEntityForge=2, GiantMorayEelEntityForge=8, GreatHammerheadSharkEntityForge=2, GreatWhiteSharkEntityForge=2, GreenSeaTurtleEntityForge=6, HarborSealEntityForge=6, NautilusEntityForge=2, OceanicWhitetipSharkEntityForge=2, OrcaEntityForge=2, SandtigerSharkEntityForge=2, ShortfinMakoSharkEntityForge=2, TigerSharkEntityForge=2}	{AmericanLobsterEntityForge=300, AtlanticCodEntityForge=300, AtlanticSalmonEntityForge=300, BlackSeaNettleJellyfishEntityForge=300, BlacktipReefSharkEntityForge=300, BottlenoseDolphinEntityForge=700, CannonballJellyfishEntityForge=300, CaribbeanReefOctopusEntityForge=300, CommonOctopusEntityForge=300, CommonStingrayEntityForge=300, CommonThresherSharkEntityForge=300, GiantMorayEelEntityForge=300, GreatHammerheadSharkEntityForge=300, GreatWhiteSharkEntityForge=300, GreenSeaTurtleEntityForge=300, HarborSealEntityForge=300, NautilusEntityForge=300, OceanicWhitetipSharkEntityForge=300, OrcaEntityForge=700, SandtigerSharkEntityForge=300, ShortfinMakoSharkEntityForge=300, TigerSharkEntityForge=300}	11	{action_escape=21, action_feed=84, action_habitat=1, action_social=2, bounded_living_scans=540, death_AmericanLobsterEntityForge_mob_by_CommonStingrayEntityForge=3, death_AtlanticCodEntityForge_mob_by_BlacktipReefSharkEntityForge=1, death_AtlanticCodEntityForge_mob_by_CommonThresherSharkEntityForge=1, death_AtlanticCodEntityForge_mob_by_SandtigerSharkEntityForge=1, death_AtlanticSalmonEntityForge_mob_by_BlacktipReefSharkEntityForge=1, death_AtlanticSalmonEntityForge_mob_by_OceanicWhitetipSharkEntityForge=1, death_CaribbeanReefOctopusEntityForge_mob_by_GreatHammerheadSharkEntityForge=2, death_NautilusEntityForge_mob_by_CommonStingrayEntityForge=1, living_deaths=11, navigation_calls=8814, sensor_calls=18206}	124	125
4200	1664446400	{AmericanLobsterEntityForge=20, AtlanticCodEntityForge=16, AtlanticSalmonEntityForge=16, BlackSeaNettleJellyfishEntityForge=2, BlacktipReefSharkEntityForge=6, BottlenoseDolphinEntityForge=8, CannonballJellyfishEntityForge=4, CaribbeanReefOctopusEntityForge=4, CommonOctopusEntityForge=6, CommonStingrayEntityForge=6, CommonThresherSharkEntityForge=2, GiantMorayEelEntityForge=8, GreatHammerheadSharkEntityForge=2, GreatWhiteSharkEntityForge=2, GreenSeaTurtleEntityForge=6, HarborSealEntityForge=6, NautilusEntityForge=2, OceanicWhitetipSharkEntityForge=2, OrcaEntityForge=2, SandtigerSharkEntityForge=2, ShortfinMakoSharkEntityForge=2, TigerSharkEntityForge=2}	{AmericanLobsterEntityForge=300, AtlanticCodEntityForge=300, AtlanticSalmonEntityForge=300, BlackSeaNettleJellyfishEntityForge=300, BlacktipReefSharkEntityForge=300, BottlenoseDolphinEntityForge=700, CannonballJellyfishEntityForge=300, CaribbeanReefOctopusEntityForge=300, CommonOctopusEntityForge=300, CommonStingrayEntityForge=300, CommonThresherSharkEntityForge=300, GiantMorayEelEntityForge=300, GreatHammerheadSharkEntityForge=300, GreatWhiteSharkEntityForge=300, GreenSeaTurtleEntityForge=300, HarborSealEntityForge=300, NautilusEntityForge=300, OceanicWhitetipSharkEntityForge=300, OrcaEntityForge=700, SandtigerSharkEntityForge=300, ShortfinMakoSharkEntityForge=300, TigerSharkEntityForge=300}	11	{action_escape=22, action_feed=86, action_habitat=1, action_social=2, bounded_living_scans=577, death_AmericanLobsterEntityForge_mob_by_CommonStingrayEntityForge=3, death_AtlanticCodEntityForge_mob_by_BlacktipReefSharkEntityForge=1, death_AtlanticCodEntityForge_mob_by_CommonThresherSharkEntityForge=1, death_AtlanticCodEntityForge_mob_by_SandtigerSharkEntityForge=1, death_AtlanticSalmonEntityForge_mob_by_BlacktipReefSharkEntityForge=1, death_AtlanticSalmonEntityForge_mob_by_OceanicWhitetipSharkEntityForge=1, death_CaribbeanReefOctopusEntityForge_mob_by_GreatHammerheadSharkEntityForge=2, death_NautilusEntityForge_mob_by_CommonStingrayEntityForge=1, living_deaths=11, navigation_calls=9256, sensor_calls=19156}	120	126
4400	592367616	{AmericanLobsterEntityForge=20, AtlanticCodEntityForge=16, AtlanticSalmonEntityForge=16, BlackSeaNettleJellyfishEntityForge=2, BlacktipReefSharkEntityForge=6, BottlenoseDolphinEntityForge=8, CannonballJellyfishEntityForge=4, CaribbeanReefOctopusEntityForge=4, CommonOctopusEntityForge=6, CommonStingrayEntityForge=6, CommonThresherSharkEntityForge=2, GiantMorayEelEntityForge=8, GreatHammerheadSharkEntityForge=2, GreatWhiteSharkEntityForge=2, GreenSeaTurtleEntityForge=6, HarborSealEntityForge=6, NautilusEntityForge=2, OceanicWhitetipSharkEntityForge=2, OrcaEntityForge=2, SandtigerSharkEntityForge=2, ShortfinMakoSharkEntityForge=2, TigerSharkEntityForge=2}	{AmericanLobsterEntityForge=300, AtlanticCodEntityForge=300, AtlanticSalmonEntityForge=300, BlackSeaNettleJellyfishEntityForge=300, BlacktipReefSharkEntityForge=300, BottlenoseDolphinEntityForge=700, CannonballJellyfishEntityForge=300, CaribbeanReefOctopusEntityForge=300, CommonOctopusEntityForge=300, CommonStingrayEntityForge=300, CommonThresherSharkEntityForge=300, GiantMorayEelEntityForge=300, GreatHammerheadSharkEntityForge=300, GreatWhiteSharkEntityForge=300, GreenSeaTurtleEntityForge=300, HarborSealEntityForge=300, NautilusEntityForge=300, OceanicWhitetipSharkEntityForge=300, OrcaEntityForge=700, SandtigerSharkEntityForge=300, ShortfinMakoSharkEntityForge=300, TigerSharkEntityForge=300}	11	{action_escape=22, action_feed=92, action_habitat=1, action_social=2, bounded_living_scans=591, death_AmericanLobsterEntityForge_mob_by_CommonStingrayEntityForge=3, death_AtlanticCodEntityForge_mob_by_BlacktipReefSharkEntityForge=1, death_AtlanticCodEntityForge_mob_by_CommonThresherSharkEntityForge=1, death_AtlanticCodEntityForge_mob_by_SandtigerSharkEntityForge=1, death_AtlanticSalmonEntityForge_mob_by_BlacktipReefSharkEntityForge=1, death_AtlanticSalmonEntityForge_mob_by_OceanicWhitetipSharkEntityForge=1, death_CaribbeanReefOctopusEntityForge_mob_by_GreatHammerheadSharkEntityForge=2, death_NautilusEntityForge_mob_by_CommonStingrayEntityForge=1, living_deaths=11, navigation_calls=9691, sensor_calls=20030}	124	126
4600	801034240	{AmericanLobsterEntityForge=20, AtlanticCodEntityForge=16, AtlanticSalmonEntityForge=16, BlackSeaNettleJellyfishEntityForge=2, BlacktipReefSharkEntityForge=6, BottlenoseDolphinEntityForge=8, CannonballJellyfishEntityForge=4, CaribbeanReefOctopusEntityForge=4, CommonOctopusEntityForge=6, CommonStingrayEntityForge=6, CommonThresherSharkEntityForge=2, GiantMorayEelEntityForge=8, GreatHammerheadSharkEntityForge=2, GreatWhiteSharkEntityForge=2, GreenSeaTurtleEntityForge=6, HarborSealEntityForge=6, NautilusEntityForge=2, OceanicWhitetipSharkEntityForge=2, OrcaEntityForge=2, SandtigerSharkEntityForge=2, ShortfinMakoSharkEntityForge=2, TigerSharkEntityForge=2}	{AmericanLobsterEntityForge=300, AtlanticCodEntityForge=300, AtlanticSalmonEntityForge=300, BlackSeaNettleJellyfishEntityForge=300, BlacktipReefSharkEntityForge=300, BottlenoseDolphinEntityForge=700, CannonballJellyfishEntityForge=300, CaribbeanReefOctopusEntityForge=300, CommonOctopusEntityForge=300, CommonStingrayEntityForge=300, CommonThresherSharkEntityForge=300, GiantMorayEelEntityForge=300, GreatHammerheadSharkEntityForge=300, GreatWhiteSharkEntityForge=300, GreenSeaTurtleEntityForge=300, HarborSealEntityForge=300, NautilusEntityForge=300, OceanicWhitetipSharkEntityForge=300, OrcaEntityForge=700, SandtigerSharkEntityForge=300, ShortfinMakoSharkEntityForge=300, TigerSharkEntityForge=300}	11	{action_escape=24, action_feed=94, action_habitat=2, action_social=2, bounded_living_scans=633, death_AmericanLobsterEntityForge_mob_by_CommonStingrayEntityForge=3, death_AtlanticCodEntityForge_mob_by_BlacktipReefSharkEntityForge=1, death_AtlanticCodEntityForge_mob_by_CommonThresherSharkEntityForge=1, death_AtlanticCodEntityForge_mob_by_SandtigerSharkEntityForge=1, death_AtlanticSalmonEntityForge_mob_by_BlacktipReefSharkEntityForge=1, death_AtlanticSalmonEntityForge_mob_by_OceanicWhitetipSharkEntityForge=1, death_CaribbeanReefOctopusEntityForge_mob_by_GreatHammerheadSharkEntityForge=2, death_NautilusEntityForge_mob_by_CommonStingrayEntityForge=1, living_deaths=11, navigation_calls=10151, sensor_calls=20981}	119	126
4800	1008652288	{AmericanLobsterEntityForge=20, AtlanticCodEntityForge=15, AtlanticSalmonEntityForge=16, BlackSeaNettleJellyfishEntityForge=2, BlacktipReefSharkEntityForge=6, BottlenoseDolphinEntityForge=8, CannonballJellyfishEntityForge=4, CaribbeanReefOctopusEntityForge=4, CommonOctopusEntityForge=6, CommonStingrayEntityForge=6, CommonThresherSharkEntityForge=2, GiantMorayEelEntityForge=8, GreatHammerheadSharkEntityForge=2, GreatWhiteSharkEntityForge=2, GreenSeaTurtleEntityForge=6, HarborSealEntityForge=6, NautilusEntityForge=2, OceanicWhitetipSharkEntityForge=2, OrcaEntityForge=2, SandtigerSharkEntityForge=2, ShortfinMakoSharkEntityForge=2, TigerSharkEntityForge=2}	{AmericanLobsterEntityForge=300, AtlanticCodEntityForge=300, AtlanticSalmonEntityForge=300, BlackSeaNettleJellyfishEntityForge=300, BlacktipReefSharkEntityForge=300, BottlenoseDolphinEntityForge=700, CannonballJellyfishEntityForge=300, CaribbeanReefOctopusEntityForge=300, CommonOctopusEntityForge=300, CommonStingrayEntityForge=300, CommonThresherSharkEntityForge=300, GiantMorayEelEntityForge=300, GreatHammerheadSharkEntityForge=300, GreatWhiteSharkEntityForge=300, GreenSeaTurtleEntityForge=300, HarborSealEntityForge=300, NautilusEntityForge=300, OceanicWhitetipSharkEntityForge=300, OrcaEntityForge=700, SandtigerSharkEntityForge=300, ShortfinMakoSharkEntityForge=300, TigerSharkEntityForge=300}	11	{action_escape=24, action_feed=101, action_habitat=2, action_social=2, bounded_living_scans=648, death_AmericanLobsterEntityForge_mob_by_CommonStingrayEntityForge=3, death_AtlanticCodEntityForge_mob_by_BlacktipReefSharkEntityForge=2, death_AtlanticCodEntityForge_mob_by_CommonThresherSharkEntityForge=1, death_AtlanticCodEntityForge_mob_by_SandtigerSharkEntityForge=1, death_AtlanticSalmonEntityForge_mob_by_BlacktipReefSharkEntityForge=1, death_AtlanticSalmonEntityForge_mob_by_OceanicWhitetipSharkEntityForge=1, death_CaribbeanReefOctopusEntityForge_mob_by_GreatHammerheadSharkEntityForge=2, death_NautilusEntityForge_mob_by_CommonStingrayEntityForge=1, living_deaths=12, navigation_calls=10644, sensor_calls=21854}	122	125
5000	1211027456	{AmericanLobsterEntityForge=20, AtlanticCodEntityForge=16, AtlanticSalmonEntityForge=16, BlackSeaNettleJellyfishEntityForge=2, BlacktipReefSharkEntityForge=6, BottlenoseDolphinEntityForge=8, CannonballJellyfishEntityForge=4, CaribbeanReefOctopusEntityForge=4, CommonOctopusEntityForge=6, CommonStingrayEntityForge=6, CommonThresherSharkEntityForge=2, GiantMorayEelEntityForge=8, GreatHammerheadSharkEntityForge=2, GreatWhiteSharkEntityForge=2, GreenSeaTurtleEntityForge=6, HarborSealEntityForge=6, NautilusEntityForge=2, OceanicWhitetipSharkEntityForge=2, OrcaEntityForge=2, SandtigerSharkEntityForge=2, ShortfinMakoSharkEntityForge=2, TigerSharkEntityForge=2}	{AmericanLobsterEntityForge=300, AtlanticCodEntityForge=300, AtlanticSalmonEntityForge=300, BlackSeaNettleJellyfishEntityForge=300, BlacktipReefSharkEntityForge=300, BottlenoseDolphinEntityForge=700, CannonballJellyfishEntityForge=300, CaribbeanReefOctopusEntityForge=300, CommonOctopusEntityForge=300, CommonStingrayEntityForge=300, CommonThresherSharkEntityForge=300, GiantMorayEelEntityForge=300, GreatHammerheadSharkEntityForge=300, GreatWhiteSharkEntityForge=300, GreenSeaTurtleEntityForge=300, HarborSealEntityForge=300, NautilusEntityForge=300, OceanicWhitetipSharkEntityForge=300, OrcaEntityForge=700, SandtigerSharkEntityForge=300, ShortfinMakoSharkEntityForge=300, TigerSharkEntityForge=300}	11	{action_escape=25, action_feed=108, action_habitat=2, action_social=2, bounded_living_scans=692, death_AmericanLobsterEntityForge_mob_by_CommonStingrayEntityForge=3, death_AtlanticCodEntityForge_mob_by_BlacktipReefSharkEntityForge=2, death_AtlanticCodEntityForge_mob_by_CommonThresherSharkEntityForge=1, death_AtlanticCodEntityForge_mob_by_SandtigerSharkEntityForge=1, death_AtlanticSalmonEntityForge_mob_by_BlacktipReefSharkEntityForge=1, death_AtlanticSalmonEntityForge_mob_by_OceanicWhitetipSharkEntityForge=1, death_CaribbeanReefOctopusEntityForge_mob_by_GreatHammerheadSharkEntityForge=2, death_NautilusEntityForge_mob_by_CommonStingrayEntityForge=1, living_deaths=12, navigation_calls=11119, sensor_calls=22806}	124	126
5200	1406062592	{AmericanLobsterEntityForge=20, AtlanticCodEntityForge=16, AtlanticSalmonEntityForge=16, BlackSeaNettleJellyfishEntityForge=2, BlacktipReefSharkEntityForge=6, BottlenoseDolphinEntityForge=8, CannonballJellyfishEntityForge=4, CaribbeanReefOctopusEntityForge=4, CommonOctopusEntityForge=6, CommonStingrayEntityForge=6, CommonThresherSharkEntityForge=2, GiantMorayEelEntityForge=8, GreatHammerheadSharkEntityForge=2, GreatWhiteSharkEntityForge=2, GreenSeaTurtleEntityForge=6, HarborSealEntityForge=6, NautilusEntityForge=2, OceanicWhitetipSharkEntityForge=2, OrcaEntityForge=2, SandtigerSharkEntityForge=2, ShortfinMakoSharkEntityForge=2, TigerSharkEntityForge=2}	{AmericanLobsterEntityForge=300, AtlanticCodEntityForge=300, AtlanticSalmonEntityForge=300, BlackSeaNettleJellyfishEntityForge=300, BlacktipReefSharkEntityForge=300, BottlenoseDolphinEntityForge=700, CannonballJellyfishEntityForge=300, CaribbeanReefOctopusEntityForge=300, CommonOctopusEntityForge=300, CommonStingrayEntityForge=300, CommonThresherSharkEntityForge=300, GiantMorayEelEntityForge=300, GreatHammerheadSharkEntityForge=300, GreatWhiteSharkEntityForge=300, GreenSeaTurtleEntityForge=300, HarborSealEntityForge=300, NautilusEntityForge=300, OceanicWhitetipSharkEntityForge=300, OrcaEntityForge=700, SandtigerSharkEntityForge=300, ShortfinMakoSharkEntityForge=300, TigerSharkEntityForge=300}	11	{action_escape=27, action_feed=112, action_habitat=2, action_social=2, bounded_living_scans=704, death_AmericanLobsterEntityForge_mob_by_CommonStingrayEntityForge=3, death_AtlanticCodEntityForge_mob_by_BlacktipReefSharkEntityForge=2, death_AtlanticCodEntityForge_mob_by_CommonThresherSharkEntityForge=1, death_AtlanticCodEntityForge_mob_by_SandtigerSharkEntityForge=1, death_AtlanticSalmonEntityForge_mob_by_BlacktipReefSharkEntityForge=1, death_AtlanticSalmonEntityForge_mob_by_OceanicWhitetipSharkEntityForge=1, death_CaribbeanReefOctopusEntityForge_mob_by_GreatHammerheadSharkEntityForge=2, death_NautilusEntityForge_mob_by_CommonStingrayEntityForge=1, living_deaths=12, navigation_calls=11547, sensor_calls=23679}	120	126
5400	1596903424	{AmericanLobsterEntityForge=20, AtlanticCodEntityForge=16, AtlanticSalmonEntityForge=16, BlackSeaNettleJellyfishEntityForge=2, BlacktipReefSharkEntityForge=6, BottlenoseDolphinEntityForge=8, CannonballJellyfishEntityForge=4, CaribbeanReefOctopusEntityForge=4, CommonOctopusEntityForge=6, CommonStingrayEntityForge=6, CommonThresherSharkEntityForge=2, GiantMorayEelEntityForge=8, GreatHammerheadSharkEntityForge=2, GreatWhiteSharkEntityForge=2, GreenSeaTurtleEntityForge=6, HarborSealEntityForge=6, NautilusEntityForge=2, OceanicWhitetipSharkEntityForge=2, OrcaEntityForge=2, SandtigerSharkEntityForge=2, ShortfinMakoSharkEntityForge=2, TigerSharkEntityForge=2}	{AmericanLobsterEntityForge=300, AtlanticCodEntityForge=300, AtlanticSalmonEntityForge=300, BlackSeaNettleJellyfishEntityForge=300, BlacktipReefSharkEntityForge=300, BottlenoseDolphinEntityForge=700, CannonballJellyfishEntityForge=300, CaribbeanReefOctopusEntityForge=300, CommonOctopusEntityForge=300, CommonStingrayEntityForge=300, CommonThresherSharkEntityForge=300, GiantMorayEelEntityForge=300, GreatHammerheadSharkEntityForge=300, GreatWhiteSharkEntityForge=300, GreenSeaTurtleEntityForge=300, HarborSealEntityForge=300, NautilusEntityForge=300, OceanicWhitetipSharkEntityForge=300, OrcaEntityForge=700, SandtigerSharkEntityForge=300, ShortfinMakoSharkEntityForge=300, TigerSharkEntityForge=300}	11	{action_escape=29, action_feed=120, action_habitat=2, action_social=2, bounded_living_scans=749, death_AmericanLobsterEntityForge_mob_by_CommonStingrayEntityForge=3, death_AtlanticCodEntityForge_mob_by_BlacktipReefSharkEntityForge=2, death_AtlanticCodEntityForge_mob_by_CommonThresherSharkEntityForge=1, death_AtlanticCodEntityForge_mob_by_SandtigerSharkEntityForge=1, death_AtlanticSalmonEntityForge_mob_by_BlacktipReefSharkEntityForge=1, death_AtlanticSalmonEntityForge_mob_by_OceanicWhitetipSharkEntityForge=1, death_CaribbeanReefOctopusEntityForge_mob_by_GreatHammerheadSharkEntityForge=2, death_NautilusEntityForge_mob_by_CommonStingrayEntityForge=1, living_deaths=12, navigation_calls=12023, sensor_calls=24630}	124	126
5600	517090112	{AmericanLobsterEntityForge=20, AtlanticCodEntityForge=16, AtlanticSalmonEntityForge=16, BlackSeaNettleJellyfishEntityForge=1, BlacktipReefSharkEntityForge=6, BottlenoseDolphinEntityForge=8, CannonballJellyfishEntityForge=4, CaribbeanReefOctopusEntityForge=4, CommonOctopusEntityForge=6, CommonStingrayEntityForge=6, CommonThresherSharkEntityForge=2, GiantMorayEelEntityForge=8, GreatHammerheadSharkEntityForge=2, GreatWhiteSharkEntityForge=2, GreenSeaTurtleEntityForge=6, HarborSealEntityForge=6, NautilusEntityForge=2, OceanicWhitetipSharkEntityForge=2, OrcaEntityForge=2, SandtigerSharkEntityForge=2, ShortfinMakoSharkEntityForge=2, TigerSharkEntityForge=2}	{AmericanLobsterEntityForge=300, AtlanticCodEntityForge=300, AtlanticSalmonEntityForge=300, BlackSeaNettleJellyfishEntityForge=300, BlacktipReefSharkEntityForge=300, BottlenoseDolphinEntityForge=700, CannonballJellyfishEntityForge=300, CaribbeanReefOctopusEntityForge=300, CommonOctopusEntityForge=300, CommonStingrayEntityForge=300, CommonThresherSharkEntityForge=300, GiantMorayEelEntityForge=300, GreatHammerheadSharkEntityForge=300, GreatWhiteSharkEntityForge=300, GreenSeaTurtleEntityForge=300, HarborSealEntityForge=300, NautilusEntityForge=300, OceanicWhitetipSharkEntityForge=300, OrcaEntityForge=700, SandtigerSharkEntityForge=300, ShortfinMakoSharkEntityForge=300, TigerSharkEntityForge=300}	11	{action_escape=29, action_feed=123, action_habitat=2, action_social=2, bounded_living_scans=758, death_AmericanLobsterEntityForge_mob_by_CommonStingrayEntityForge=3, death_AtlanticCodEntityForge_mob_by_BlacktipReefSharkEntityForge=2, death_AtlanticCodEntityForge_mob_by_CommonThresherSharkEntityForge=1, death_AtlanticCodEntityForge_mob_by_SandtigerSharkEntityForge=1, death_AtlanticSalmonEntityForge_mob_by_BlacktipReefSharkEntityForge=1, death_AtlanticSalmonEntityForge_mob_by_OceanicWhitetipSharkEntityForge=1, death_BlackSeaNettleJellyfishEntityForge_mob_by_GreatWhiteSharkEntityForge=1, death_CaribbeanReefOctopusEntityForge_mob_by_GreatHammerheadSharkEntityForge=2, death_NautilusEntityForge_mob_by_CommonStingrayEntityForge=1, living_deaths=13, navigation_calls=12447, sensor_calls=25495}	122	125
5800	707930944	{AmericanLobsterEntityForge=20, AtlanticCodEntityForge=16, AtlanticSalmonEntityForge=16, BlackSeaNettleJellyfishEntityForge=2, BlacktipReefSharkEntityForge=6, BottlenoseDolphinEntityForge=8, CannonballJellyfishEntityForge=4, CaribbeanReefOctopusEntityForge=4, CommonOctopusEntityForge=6, CommonStingrayEntityForge=6, CommonThresherSharkEntityForge=2, GiantMorayEelEntityForge=8, GreatHammerheadSharkEntityForge=2, GreatWhiteSharkEntityForge=2, GreenSeaTurtleEntityForge=6, HarborSealEntityForge=6, NautilusEntityForge=2, OceanicWhitetipSharkEntityForge=2, OrcaEntityForge=2, SandtigerSharkEntityForge=2, ShortfinMakoSharkEntityForge=2, TigerSharkEntityForge=2}	{AmericanLobsterEntityForge=300, AtlanticCodEntityForge=300, AtlanticSalmonEntityForge=300, BlackSeaNettleJellyfishEntityForge=300, BlacktipReefSharkEntityForge=300, BottlenoseDolphinEntityForge=700, CannonballJellyfishEntityForge=300, CaribbeanReefOctopusEntityForge=300, CommonOctopusEntityForge=300, CommonStingrayEntityForge=300, CommonThresherSharkEntityForge=300, GiantMorayEelEntityForge=300, GreatHammerheadSharkEntityForge=300, GreatWhiteSharkEntityForge=300, GreenSeaTurtleEntityForge=300, HarborSealEntityForge=300, NautilusEntityForge=300, OceanicWhitetipSharkEntityForge=300, OrcaEntityForge=700, SandtigerSharkEntityForge=300, ShortfinMakoSharkEntityForge=300, TigerSharkEntityForge=300}	11	{action_escape=29, action_feed=132, action_habitat=2, action_social=2, bounded_living_scans=804, death_AmericanLobsterEntityForge_mob_by_CommonStingrayEntityForge=3, death_AtlanticCodEntityForge_mob_by_BlacktipReefSharkEntityForge=2, death_AtlanticCodEntityForge_mob_by_CommonThresherSharkEntityForge=1, death_AtlanticCodEntityForge_mob_by_SandtigerSharkEntityForge=1, death_AtlanticSalmonEntityForge_mob_by_BlacktipReefSharkEntityForge=1, death_AtlanticSalmonEntityForge_mob_by_OceanicWhitetipSharkEntityForge=1, death_BlackSeaNettleJellyfishEntityForge_mob_by_GreatWhiteSharkEntityForge=1, death_CaribbeanReefOctopusEntityForge_mob_by_GreatHammerheadSharkEntityForge=2, death_NautilusEntityForge_mob_by_CommonStingrayEntityForge=1, living_deaths=13, navigation_calls=12855, sensor_calls=26448}	123	126
6000	898771776	{AmericanLobsterEntityForge=20, AtlanticCodEntityForge=16, AtlanticSalmonEntityForge=16, BlackSeaNettleJellyfishEntityForge=2, BlacktipReefSharkEntityForge=6, BottlenoseDolphinEntityForge=8, CannonballJellyfishEntityForge=4, CaribbeanReefOctopusEntityForge=4, CommonOctopusEntityForge=6, CommonStingrayEntityForge=6, CommonThresherSharkEntityForge=2, GiantMorayEelEntityForge=8, GreatHammerheadSharkEntityForge=2, GreatWhiteSharkEntityForge=2, GreenSeaTurtleEntityForge=6, HarborSealEntityForge=6, NautilusEntityForge=2, OceanicWhitetipSharkEntityForge=2, OrcaEntityForge=2, SandtigerSharkEntityForge=2, ShortfinMakoSharkEntityForge=2, TigerSharkEntityForge=2}	{AmericanLobsterEntityForge=300, AtlanticCodEntityForge=300, AtlanticSalmonEntityForge=300, BlackSeaNettleJellyfishEntityForge=300, BlacktipReefSharkEntityForge=300, BottlenoseDolphinEntityForge=700, CannonballJellyfishEntityForge=300, CaribbeanReefOctopusEntityForge=300, CommonOctopusEntityForge=300, CommonStingrayEntityForge=300, CommonThresherSharkEntityForge=300, GiantMorayEelEntityForge=300, GreatHammerheadSharkEntityForge=300, GreatWhiteSharkEntityForge=300, GreenSeaTurtleEntityForge=300, HarborSealEntityForge=300, NautilusEntityForge=300, OceanicWhitetipSharkEntityForge=300, OrcaEntityForge=700, SandtigerSharkEntityForge=300, ShortfinMakoSharkEntityForge=300, TigerSharkEntityForge=300}	11	{action_escape=31, action_feed=135, action_habitat=2, action_social=2, bounded_living_scans=818, death_AmericanLobsterEntityForge_mob_by_CommonStingrayEntityForge=3, death_AtlanticCodEntityForge_mob_by_BlacktipReefSharkEntityForge=2, death_AtlanticCodEntityForge_mob_by_CommonThresherSharkEntityForge=1, death_AtlanticCodEntityForge_mob_by_SandtigerSharkEntityForge=1, death_AtlanticSalmonEntityForge_mob_by_BlacktipReefSharkEntityForge=1, death_AtlanticSalmonEntityForge_mob_by_OceanicWhitetipSharkEntityForge=1, death_BlackSeaNettleJellyfishEntityForge_mob_by_GreatWhiteSharkEntityForge=1, death_CaribbeanReefOctopusEntityForge_mob_by_GreatHammerheadSharkEntityForge=2, death_NautilusEntityForge_mob_by_CommonStingrayEntityForge=1, living_deaths=13, navigation_calls=13285, sensor_calls=27319}	122	126
6200	1089612608	{AmericanLobsterEntityForge=20, AtlanticCodEntityForge=16, AtlanticSalmonEntityForge=16, BlackSeaNettleJellyfishEntityForge=2, BlacktipReefSharkEntityForge=6, BottlenoseDolphinEntityForge=8, CannonballJellyfishEntityForge=4, CaribbeanReefOctopusEntityForge=4, CommonOctopusEntityForge=6, CommonStingrayEntityForge=6, CommonThresherSharkEntityForge=2, GiantMorayEelEntityForge=8, GreatHammerheadSharkEntityForge=2, GreatWhiteSharkEntityForge=2, GreenSeaTurtleEntityForge=6, HarborSealEntityForge=6, NautilusEntityForge=2, OceanicWhitetipSharkEntityForge=2, OrcaEntityForge=2, SandtigerSharkEntityForge=2, ShortfinMakoSharkEntityForge=2, TigerSharkEntityForge=2}	{AmericanLobsterEntityForge=300, AtlanticCodEntityForge=300, AtlanticSalmonEntityForge=300, BlackSeaNettleJellyfishEntityForge=300, BlacktipReefSharkEntityForge=300, BottlenoseDolphinEntityForge=700, CannonballJellyfishEntityForge=300, CaribbeanReefOctopusEntityForge=300, CommonOctopusEntityForge=300, CommonStingrayEntityForge=300, CommonThresherSharkEntityForge=300, GiantMorayEelEntityForge=300, GreatHammerheadSharkEntityForge=300, GreatWhiteSharkEntityForge=300, GreenSeaTurtleEntityForge=300, HarborSealEntityForge=300, NautilusEntityForge=300, OceanicWhitetipSharkEntityForge=300, OrcaEntityForge=700, SandtigerSharkEntityForge=300, ShortfinMakoSharkEntityForge=300, TigerSharkEntityForge=300}	11	{action_escape=31, action_feed=141, action_habitat=2, action_social=2, bounded_living_scans=863, death_AmericanLobsterEntityForge_mob_by_CommonStingrayEntityForge=3, death_AtlanticCodEntityForge_mob_by_BlacktipReefSharkEntityForge=2, death_AtlanticCodEntityForge_mob_by_CommonThresherSharkEntityForge=1, death_AtlanticCodEntityForge_mob_by_SandtigerSharkEntityForge=1, death_AtlanticSalmonEntityForge_mob_by_BlacktipReefSharkEntityForge=1, death_AtlanticSalmonEntityForge_mob_by_OceanicWhitetipSharkEntityForge=1, death_BlackSeaNettleJellyfishEntityForge_mob_by_GreatWhiteSharkEntityForge=1, death_CaribbeanReefOctopusEntityForge_mob_by_GreatHammerheadSharkEntityForge=2, death_NautilusEntityForge_mob_by_CommonStingrayEntityForge=1, living_deaths=13, navigation_calls=13736, sensor_calls=28272}	123	126
6400	1276259136	{AmericanLobsterEntityForge=20, AtlanticCodEntityForge=16, AtlanticSalmonEntityForge=16, BlackSeaNettleJellyfishEntityForge=2, BlacktipReefSharkEntityForge=6, BottlenoseDolphinEntityForge=8, CannonballJellyfishEntityForge=4, CaribbeanReefOctopusEntityForge=4, CommonOctopusEntityForge=6, CommonStingrayEntityForge=6, CommonThresherSharkEntityForge=2, GiantMorayEelEntityForge=8, GreatHammerheadSharkEntityForge=2, GreatWhiteSharkEntityForge=2, GreenSeaTurtleEntityForge=6, HarborSealEntityForge=6, NautilusEntityForge=2, OceanicWhitetipSharkEntityForge=2, OrcaEntityForge=2, SandtigerSharkEntityForge=2, ShortfinMakoSharkEntityForge=2, TigerSharkEntityForge=2}	{AmericanLobsterEntityForge=300, AtlanticCodEntityForge=300, AtlanticSalmonEntityForge=300, BlackSeaNettleJellyfishEntityForge=300, BlacktipReefSharkEntityForge=300, BottlenoseDolphinEntityForge=700, CannonballJellyfishEntityForge=300, CaribbeanReefOctopusEntityForge=300, CommonOctopusEntityForge=300, CommonStingrayEntityForge=300, CommonThresherSharkEntityForge=300, GiantMorayEelEntityForge=300, GreatHammerheadSharkEntityForge=300, GreatWhiteSharkEntityForge=300, GreenSeaTurtleEntityForge=300, HarborSealEntityForge=300, NautilusEntityForge=300, OceanicWhitetipSharkEntityForge=300, OrcaEntityForge=700, SandtigerSharkEntityForge=300, ShortfinMakoSharkEntityForge=300, TigerSharkEntityForge=300}	11	{action_escape=32, action_feed=144, action_habitat=2, action_social=2, bounded_living_scans=872, death_AmericanLobsterEntityForge_mob_by_CommonStingrayEntityForge=3, death_AtlanticCodEntityForge_mob_by_BlacktipReefSharkEntityForge=2, death_AtlanticCodEntityForge_mob_by_CommonThresherSharkEntityForge=1, death_AtlanticCodEntityForge_mob_by_SandtigerSharkEntityForge=1, death_AtlanticSalmonEntityForge_mob_by_BlacktipReefSharkEntityForge=1, death_AtlanticSalmonEntityForge_mob_by_OceanicWhitetipSharkEntityForge=1, death_BlackSeaNettleJellyfishEntityForge_mob_by_GreatWhiteSharkEntityForge=1, death_CaribbeanReefOctopusEntityForge_mob_by_GreatHammerheadSharkEntityForge=2, death_NautilusEntityForge_mob_by_CommonStingrayEntityForge=1, living_deaths=13, navigation_calls=14086, sensor_calls=29144}	124	126
6600	1466051392	{AmericanLobsterEntityForge=20, AtlanticCodEntityForge=16, AtlanticSalmonEntityForge=16, BlackSeaNettleJellyfishEntityForge=2, BlacktipReefSharkEntityForge=6, BottlenoseDolphinEntityForge=8, CannonballJellyfishEntityForge=4, CaribbeanReefOctopusEntityForge=4, CommonOctopusEntityForge=6, CommonStingrayEntityForge=6, CommonThresherSharkEntityForge=2, GiantMorayEelEntityForge=8, GreatHammerheadSharkEntityForge=2, GreatWhiteSharkEntityForge=2, GreenSeaTurtleEntityForge=6, HarborSealEntityForge=6, NautilusEntityForge=2, OceanicWhitetipSharkEntityForge=2, OrcaEntityForge=2, SandtigerSharkEntityForge=2, ShortfinMakoSharkEntityForge=2, TigerSharkEntityForge=2}	{AmericanLobsterEntityForge=300, AtlanticCodEntityForge=300, AtlanticSalmonEntityForge=300, BlackSeaNettleJellyfishEntityForge=300, BlacktipReefSharkEntityForge=300, BottlenoseDolphinEntityForge=700, CannonballJellyfishEntityForge=300, CaribbeanReefOctopusEntityForge=300, CommonOctopusEntityForge=300, CommonStingrayEntityForge=300, CommonThresherSharkEntityForge=300, GiantMorayEelEntityForge=300, GreatHammerheadSharkEntityForge=300, GreatWhiteSharkEntityForge=300, GreenSeaTurtleEntityForge=300, HarborSealEntityForge=300, NautilusEntityForge=300, OceanicWhitetipSharkEntityForge=300, OrcaEntityForge=700, SandtigerSharkEntityForge=300, ShortfinMakoSharkEntityForge=300, TigerSharkEntityForge=300}	11	{action_escape=33, action_feed=146, action_habitat=3, action_social=2, bounded_living_scans=915, death_AmericanLobsterEntityForge_mob_by_CommonStingrayEntityForge=3, death_AtlanticCodEntityForge_mob_by_BlacktipReefSharkEntityForge=2, death_AtlanticCodEntityForge_mob_by_CommonThresherSharkEntityForge=1, death_AtlanticCodEntityForge_mob_by_SandtigerSharkEntityForge=1, death_AtlanticSalmonEntityForge_mob_by_BlacktipReefSharkEntityForge=1, death_AtlanticSalmonEntityForge_mob_by_OceanicWhitetipSharkEntityForge=1, death_BlackSeaNettleJellyfishEntityForge_mob_by_GreatWhiteSharkEntityForge=1, death_CaribbeanReefOctopusEntityForge_mob_by_GreatHammerheadSharkEntityForge=2, death_NautilusEntityForge_mob_by_CommonStingrayEntityForge=1, living_deaths=13, navigation_calls=14528, sensor_calls=30096}	121	126
6800	1650600768	{AmericanLobsterEntityForge=20, AtlanticCodEntityForge=16, AtlanticSalmonEntityForge=16, BlackSeaNettleJellyfishEntityForge=2, BlacktipReefSharkEntityForge=6, BottlenoseDolphinEntityForge=8, CannonballJellyfishEntityForge=4, CaribbeanReefOctopusEntityForge=4, CommonOctopusEntityForge=6, CommonStingrayEntityForge=6, CommonThresherSharkEntityForge=2, GiantMorayEelEntityForge=8, GreatHammerheadSharkEntityForge=2, GreatWhiteSharkEntityForge=2, GreenSeaTurtleEntityForge=6, HarborSealEntityForge=6, NautilusEntityForge=2, OceanicWhitetipSharkEntityForge=2, OrcaEntityForge=2, SandtigerSharkEntityForge=2, ShortfinMakoSharkEntityForge=2, TigerSharkEntityForge=2}	{AmericanLobsterEntityForge=300, AtlanticCodEntityForge=300, AtlanticSalmonEntityForge=300, BlackSeaNettleJellyfishEntityForge=300, BlacktipReefSharkEntityForge=300, BottlenoseDolphinEntityForge=700, CannonballJellyfishEntityForge=300, CaribbeanReefOctopusEntityForge=300, CommonOctopusEntityForge=300, CommonStingrayEntityForge=300, CommonThresherSharkEntityForge=300, GiantMorayEelEntityForge=300, GreatHammerheadSharkEntityForge=300, GreatWhiteSharkEntityForge=300, GreenSeaTurtleEntityForge=300, HarborSealEntityForge=300, NautilusEntityForge=300, OceanicWhitetipSharkEntityForge=300, OrcaEntityForge=700, SandtigerSharkEntityForge=300, ShortfinMakoSharkEntityForge=300, TigerSharkEntityForge=300}	11	{action_escape=34, action_feed=154, action_habitat=3, action_social=2, bounded_living_scans=928, death_AmericanLobsterEntityForge_mob_by_CommonStingrayEntityForge=3, death_AtlanticCodEntityForge_mob_by_BlacktipReefSharkEntityForge=2, death_AtlanticCodEntityForge_mob_by_CommonThresherSharkEntityForge=1, death_AtlanticCodEntityForge_mob_by_SandtigerSharkEntityForge=1, death_AtlanticSalmonEntityForge_mob_by_BlacktipReefSharkEntityForge=1, death_AtlanticSalmonEntityForge_mob_by_OceanicWhitetipSharkEntityForge=1, death_BlackSeaNettleJellyfishEntityForge_mob_by_GreatWhiteSharkEntityForge=1, death_CaribbeanReefOctopusEntityForge_mob_by_GreatHammerheadSharkEntityForge=2, death_NautilusEntityForge_mob_by_CommonStingrayEntityForge=1, living_deaths=13, navigation_calls=14925, sensor_calls=30969}	125	126
7000	564278112	{AmericanLobsterEntityForge=20, AtlanticCodEntityForge=16, AtlanticSalmonEntityForge=16, BlackSeaNettleJellyfishEntityForge=2, BlacktipReefSharkEntityForge=6, BottlenoseDolphinEntityForge=8, CannonballJellyfishEntityForge=4, CaribbeanReefOctopusEntityForge=4, CommonOctopusEntityForge=6, CommonStingrayEntityForge=6, CommonThresherSharkEntityForge=2, GiantMorayEelEntityForge=8, GreatHammerheadSharkEntityForge=2, GreatWhiteSharkEntityForge=2, GreenSeaTurtleEntityForge=6, HarborSealEntityForge=6, NautilusEntityForge=2, OceanicWhitetipSharkEntityForge=2, OrcaEntityForge=2, SandtigerSharkEntityForge=2, ShortfinMakoSharkEntityForge=2, TigerSharkEntityForge=2}	{AmericanLobsterEntityForge=300, AtlanticCodEntityForge=300, AtlanticSalmonEntityForge=300, BlackSeaNettleJellyfishEntityForge=300, BlacktipReefSharkEntityForge=300, BottlenoseDolphinEntityForge=700, CannonballJellyfishEntityForge=300, CaribbeanReefOctopusEntityForge=300, CommonOctopusEntityForge=300, CommonStingrayEntityForge=300, CommonThresherSharkEntityForge=300, GiantMorayEelEntityForge=300, GreatHammerheadSharkEntityForge=300, GreatWhiteSharkEntityForge=300, GreenSeaTurtleEntityForge=300, HarborSealEntityForge=300, NautilusEntityForge=300, OceanicWhitetipSharkEntityForge=300, OrcaEntityForge=696, SandtigerSharkEntityForge=300, ShortfinMakoSharkEntityForge=300, TigerSharkEntityForge=300}	11	{action_escape=34, action_feed=161, action_habitat=3, action_social=2, bounded_living_scans=974, death_AmericanLobsterEntityForge_mob_by_CommonStingrayEntityForge=3, death_AtlanticCodEntityForge_mob_by_BlacktipReefSharkEntityForge=2, death_AtlanticCodEntityForge_mob_by_CommonThresherSharkEntityForge=1, death_AtlanticCodEntityForge_mob_by_SandtigerSharkEntityForge=1, death_AtlanticSalmonEntityForge_mob_by_BlacktipReefSharkEntityForge=1, death_AtlanticSalmonEntityForge_mob_by_OceanicWhitetipSharkEntityForge=1, death_BlackSeaNettleJellyfishEntityForge_mob_by_GreatWhiteSharkEntityForge=1, death_CaribbeanReefOctopusEntityForge_mob_by_GreatHammerheadSharkEntityForge=2, death_NautilusEntityForge_mob_by_CommonStingrayEntityForge=1, living_deaths=13, navigation_calls=15302, sensor_calls=31921}	120	126
7200	753021792	{AmericanLobsterEntityForge=20, AtlanticCodEntityForge=16, AtlanticSalmonEntityForge=16, BlackSeaNettleJellyfishEntityForge=2, BlacktipReefSharkEntityForge=6, BottlenoseDolphinEntityForge=8, CannonballJellyfishEntityForge=4, CaribbeanReefOctopusEntityForge=4, CommonOctopusEntityForge=6, CommonStingrayEntityForge=6, CommonThresherSharkEntityForge=2, GiantMorayEelEntityForge=8, GreatHammerheadSharkEntityForge=2, GreatWhiteSharkEntityForge=2, GreenSeaTurtleEntityForge=6, HarborSealEntityForge=6, NautilusEntityForge=2, OceanicWhitetipSharkEntityForge=2, OrcaEntityForge=2, SandtigerSharkEntityForge=2, ShortfinMakoSharkEntityForge=2, TigerSharkEntityForge=2}	{AmericanLobsterEntityForge=300, AtlanticCodEntityForge=300, AtlanticSalmonEntityForge=300, BlackSeaNettleJellyfishEntityForge=300, BlacktipReefSharkEntityForge=300, BottlenoseDolphinEntityForge=700, CannonballJellyfishEntityForge=300, CaribbeanReefOctopusEntityForge=300, CommonOctopusEntityForge=300, CommonStingrayEntityForge=300, CommonThresherSharkEntityForge=300, GiantMorayEelEntityForge=300, GreatHammerheadSharkEntityForge=300, GreatWhiteSharkEntityForge=300, GreenSeaTurtleEntityForge=300, HarborSealEntityForge=300, NautilusEntityForge=300, OceanicWhitetipSharkEntityForge=300, OrcaEntityForge=700, SandtigerSharkEntityForge=300, ShortfinMakoSharkEntityForge=300, TigerSharkEntityForge=300}	11	{action_escape=35, action_feed=163, action_habitat=4, action_social=2, bounded_living_scans=983, death_AmericanLobsterEntityForge_mob_by_CommonStingrayEntityForge=3, death_AtlanticCodEntityForge_mob_by_BlacktipReefSharkEntityForge=2, death_AtlanticCodEntityForge_mob_by_CommonThresherSharkEntityForge=1, death_AtlanticCodEntityForge_mob_by_SandtigerSharkEntityForge=1, death_AtlanticSalmonEntityForge_mob_by_BlacktipReefSharkEntityForge=1, death_AtlanticSalmonEntityForge_mob_by_OceanicWhitetipSharkEntityForge=1, death_BlackSeaNettleJellyfishEntityForge_mob_by_GreatWhiteSharkEntityForge=1, death_CaribbeanReefOctopusEntityForge_mob_by_GreatHammerheadSharkEntityForge=2, death_NautilusEntityForge_mob_by_CommonStingrayEntityForge=1, living_deaths=13, navigation_calls=15673, sensor_calls=32871}	122	126
7400	939668320	{AmericanLobsterEntityForge=20, AtlanticCodEntityForge=16, AtlanticSalmonEntityForge=16, BlackSeaNettleJellyfishEntityForge=2, BlacktipReefSharkEntityForge=6, BottlenoseDolphinEntityForge=8, CannonballJellyfishEntityForge=4, CaribbeanReefOctopusEntityForge=4, CommonOctopusEntityForge=6, CommonStingrayEntityForge=6, CommonThresherSharkEntityForge=2, GiantMorayEelEntityForge=8, GreatHammerheadSharkEntityForge=2, GreatWhiteSharkEntityForge=2, GreenSeaTurtleEntityForge=6, HarborSealEntityForge=6, NautilusEntityForge=2, OceanicWhitetipSharkEntityForge=2, OrcaEntityForge=2, SandtigerSharkEntityForge=2, ShortfinMakoSharkEntityForge=2, TigerSharkEntityForge=2}	{AmericanLobsterEntityForge=300, AtlanticCodEntityForge=300, AtlanticSalmonEntityForge=300, BlackSeaNettleJellyfishEntityForge=300, BlacktipReefSharkEntityForge=300, BottlenoseDolphinEntityForge=700, CannonballJellyfishEntityForge=300, CaribbeanReefOctopusEntityForge=300, CommonOctopusEntityForge=300, CommonStingrayEntityForge=300, CommonThresherSharkEntityForge=300, GiantMorayEelEntityForge=300, GreatHammerheadSharkEntityForge=300, GreatWhiteSharkEntityForge=300, GreenSeaTurtleEntityForge=300, HarborSealEntityForge=300, NautilusEntityForge=300, OceanicWhitetipSharkEntityForge=300, OrcaEntityForge=700, SandtigerSharkEntityForge=300, ShortfinMakoSharkEntityForge=300, TigerSharkEntityForge=300}	11	{action_escape=36, action_feed=168, action_habitat=4, action_social=2, bounded_living_scans=1025, death_AmericanLobsterEntityForge_mob_by_CommonStingrayEntityForge=3, death_AtlanticCodEntityForge_mob_by_BlacktipReefSharkEntityForge=2, death_AtlanticCodEntityForge_mob_by_CommonThresherSharkEntityForge=1, death_AtlanticCodEntityForge_mob_by_SandtigerSharkEntityForge=1, death_AtlanticSalmonEntityForge_mob_by_BlacktipReefSharkEntityForge=1, death_AtlanticSalmonEntityForge_mob_by_OceanicWhitetipSharkEntityForge=1, death_BlackSeaNettleJellyfishEntityForge_mob_by_GreatWhiteSharkEntityForge=1, death_CaribbeanReefOctopusEntityForge_mob_by_GreatHammerheadSharkEntityForge=2, death_NautilusEntityForge_mob_by_CommonStingrayEntityForge=1, living_deaths=13, navigation_calls=16095, sensor_calls=33746}	124	126
7600	1124217696	{AmericanLobsterEntityForge=20, AtlanticCodEntityForge=16, AtlanticSalmonEntityForge=16, BlackSeaNettleJellyfishEntityForge=2, BlacktipReefSharkEntityForge=6, BottlenoseDolphinEntityForge=8, CannonballJellyfishEntityForge=4, CaribbeanReefOctopusEntityForge=4, CommonOctopusEntityForge=6, CommonStingrayEntityForge=6, CommonThresherSharkEntityForge=2, GiantMorayEelEntityForge=8, GreatHammerheadSharkEntityForge=2, GreatWhiteSharkEntityForge=2, GreenSeaTurtleEntityForge=6, HarborSealEntityForge=6, NautilusEntityForge=2, OceanicWhitetipSharkEntityForge=2, OrcaEntityForge=2, SandtigerSharkEntityForge=2, ShortfinMakoSharkEntityForge=2, TigerSharkEntityForge=2}	{AmericanLobsterEntityForge=300, AtlanticCodEntityForge=300, AtlanticSalmonEntityForge=300, BlackSeaNettleJellyfishEntityForge=300, BlacktipReefSharkEntityForge=300, BottlenoseDolphinEntityForge=700, CannonballJellyfishEntityForge=300, CaribbeanReefOctopusEntityForge=300, CommonOctopusEntityForge=300, CommonStingrayEntityForge=300, CommonThresherSharkEntityForge=300, GiantMorayEelEntityForge=300, GreatHammerheadSharkEntityForge=300, GreatWhiteSharkEntityForge=300, GreenSeaTurtleEntityForge=300, HarborSealEntityForge=300, NautilusEntityForge=300, OceanicWhitetipSharkEntityForge=300, OrcaEntityForge=700, SandtigerSharkEntityForge=300, ShortfinMakoSharkEntityForge=300, TigerSharkEntityForge=300}	11	{action_escape=36, action_feed=169, action_habitat=4, action_social=2, bounded_living_scans=1034, death_AmericanLobsterEntityForge_mob_by_CommonStingrayEntityForge=3, death_AtlanticCodEntityForge_mob_by_BlacktipReefSharkEntityForge=2, death_AtlanticCodEntityForge_mob_by_CommonThresherSharkEntityForge=1, death_AtlanticCodEntityForge_mob_by_SandtigerSharkEntityForge=1, death_AtlanticSalmonEntityForge_mob_by_BlacktipReefSharkEntityForge=1, death_AtlanticSalmonEntityForge_mob_by_OceanicWhitetipSharkEntityForge=1, death_BlackSeaNettleJellyfishEntityForge_mob_by_GreatWhiteSharkEntityForge=1, death_CaribbeanReefOctopusEntityForge_mob_by_GreatHammerheadSharkEntityForge=2, death_NautilusEntityForge_mob_by_CommonStingrayEntityForge=1, living_deaths=13, navigation_calls=16519, sensor_calls=34698}	121	126
7800	1318204256	{AmericanLobsterEntityForge=20, AtlanticCodEntityForge=16, AtlanticSalmonEntityForge=16, BlackSeaNettleJellyfishEntityForge=2, BlacktipReefSharkEntityForge=6, BottlenoseDolphinEntityForge=8, CannonballJellyfishEntityForge=4, CaribbeanReefOctopusEntityForge=4, CommonOctopusEntityForge=6, CommonStingrayEntityForge=6, CommonThresherSharkEntityForge=2, GiantMorayEelEntityForge=8, GreatHammerheadSharkEntityForge=2, GreatWhiteSharkEntityForge=2, GreenSeaTurtleEntityForge=6, HarborSealEntityForge=6, NautilusEntityForge=2, OceanicWhitetipSharkEntityForge=2, OrcaEntityForge=2, SandtigerSharkEntityForge=2, ShortfinMakoSharkEntityForge=2, TigerSharkEntityForge=2}	{AmericanLobsterEntityForge=300, AtlanticCodEntityForge=300, AtlanticSalmonEntityForge=300, BlackSeaNettleJellyfishEntityForge=300, BlacktipReefSharkEntityForge=300, BottlenoseDolphinEntityForge=700, CannonballJellyfishEntityForge=300, CaribbeanReefOctopusEntityForge=300, CommonOctopusEntityForge=300, CommonStingrayEntityForge=300, CommonThresherSharkEntityForge=300, GiantMorayEelEntityForge=300, GreatHammerheadSharkEntityForge=300, GreatWhiteSharkEntityForge=300, GreenSeaTurtleEntityForge=300, HarborSealEntityForge=300, NautilusEntityForge=300, OceanicWhitetipSharkEntityForge=300, OrcaEntityForge=700, SandtigerSharkEntityForge=300, ShortfinMakoSharkEntityForge=300, TigerSharkEntityForge=300}	11	{action_escape=38, action_feed=175, action_habitat=5, action_social=2, bounded_living_scans=1076, death_AmericanLobsterEntityForge_mob_by_CommonStingrayEntityForge=3, death_AtlanticCodEntityForge_mob_by_BlacktipReefSharkEntityForge=2, death_AtlanticCodEntityForge_mob_by_CommonThresherSharkEntityForge=1, death_AtlanticCodEntityForge_mob_by_SandtigerSharkEntityForge=1, death_AtlanticSalmonEntityForge_mob_by_BlacktipReefSharkEntityForge=1, death_AtlanticSalmonEntityForge_mob_by_OceanicWhitetipSharkEntityForge=1, death_BlackSeaNettleJellyfishEntityForge_mob_by_GreatWhiteSharkEntityForge=1, death_CaribbeanReefOctopusEntityForge_mob_by_GreatHammerheadSharkEntityForge=2, death_NautilusEntityForge_mob_by_CommonStingrayEntityForge=1, living_deaths=13, navigation_calls=17000, sensor_calls=35572}	124	126
8000	1505899360	{AmericanLobsterEntityForge=20, AtlanticCodEntityForge=16, AtlanticSalmonEntityForge=16, BlackSeaNettleJellyfishEntityForge=2, BlacktipReefSharkEntityForge=6, BottlenoseDolphinEntityForge=8, CannonballJellyfishEntityForge=4, CaribbeanReefOctopusEntityForge=4, CommonOctopusEntityForge=6, CommonStingrayEntityForge=6, CommonThresherSharkEntityForge=2, GiantMorayEelEntityForge=8, GreatHammerheadSharkEntityForge=2, GreatWhiteSharkEntityForge=2, GreenSeaTurtleEntityForge=6, HarborSealEntityForge=6, NautilusEntityForge=2, OceanicWhitetipSharkEntityForge=2, OrcaEntityForge=2, SandtigerSharkEntityForge=1, ShortfinMakoSharkEntityForge=2, TigerSharkEntityForge=2}	{AmericanLobsterEntityForge=300, AtlanticCodEntityForge=300, AtlanticSalmonEntityForge=300, BlackSeaNettleJellyfishEntityForge=300, BlacktipReefSharkEntityForge=300, BottlenoseDolphinEntityForge=700, CannonballJellyfishEntityForge=300, CaribbeanReefOctopusEntityForge=300, CommonOctopusEntityForge=300, CommonStingrayEntityForge=300, CommonThresherSharkEntityForge=300, GiantMorayEelEntityForge=300, GreatHammerheadSharkEntityForge=300, GreatWhiteSharkEntityForge=300, GreenSeaTurtleEntityForge=300, HarborSealEntityForge=300, NautilusEntityForge=300, OceanicWhitetipSharkEntityForge=300, OrcaEntityForge=700, SandtigerSharkEntityForge=300, ShortfinMakoSharkEntityForge=300, TigerSharkEntityForge=300}	11	{action_escape=39, action_feed=178, action_habitat=5, action_social=2, bounded_living_scans=1093, death_AmericanLobsterEntityForge_mob_by_CommonStingrayEntityForge=3, death_AtlanticCodEntityForge_mob_by_BlacktipReefSharkEntityForge=2, death_AtlanticCodEntityForge_mob_by_CommonThresherSharkEntityForge=1, death_AtlanticCodEntityForge_mob_by_SandtigerSharkEntityForge=1, death_AtlanticSalmonEntityForge_mob_by_BlacktipReefSharkEntityForge=1, death_AtlanticSalmonEntityForge_mob_by_OceanicWhitetipSharkEntityForge=1, death_BlackSeaNettleJellyfishEntityForge_mob_by_GreatWhiteSharkEntityForge=1, death_CaribbeanReefOctopusEntityForge_mob_by_GreatHammerheadSharkEntityForge=2, death_NautilusEntityForge_mob_by_CommonStingrayEntityForge=1, death_SandtigerSharkEntityForge_mob_by_BlackSeaNettleJellyfishEntityForge=1, living_deaths=14, navigation_calls=17507, sensor_calls=36517}	117	125
8200	427967536	{AmericanLobsterEntityForge=20, AtlanticCodEntityForge=16, AtlanticSalmonEntityForge=16, BlackSeaNettleJellyfishEntityForge=2, BlacktipReefSharkEntityForge=6, BottlenoseDolphinEntityForge=8, CannonballJellyfishEntityForge=4, CaribbeanReefOctopusEntityForge=4, CommonOctopusEntityForge=6, CommonStingrayEntityForge=6, CommonThresherSharkEntityForge=2, GiantMorayEelEntityForge=8, GreatHammerheadSharkEntityForge=2, GreatWhiteSharkEntityForge=2, GreenSeaTurtleEntityForge=6, HarborSealEntityForge=6, NautilusEntityForge=2, OceanicWhitetipSharkEntityForge=2, OrcaEntityForge=2, SandtigerSharkEntityForge=2, ShortfinMakoSharkEntityForge=2, TigerSharkEntityForge=2}	{AmericanLobsterEntityForge=300, AtlanticCodEntityForge=300, AtlanticSalmonEntityForge=300, BlackSeaNettleJellyfishEntityForge=300, BlacktipReefSharkEntityForge=300, BottlenoseDolphinEntityForge=700, CannonballJellyfishEntityForge=300, CaribbeanReefOctopusEntityForge=300, CommonOctopusEntityForge=300, CommonStingrayEntityForge=300, CommonThresherSharkEntityForge=300, GiantMorayEelEntityForge=300, GreatHammerheadSharkEntityForge=300, GreatWhiteSharkEntityForge=300, GreenSeaTurtleEntityForge=300, HarborSealEntityForge=300, NautilusEntityForge=300, OceanicWhitetipSharkEntityForge=300, OrcaEntityForge=700, SandtigerSharkEntityForge=300, ShortfinMakoSharkEntityForge=300, TigerSharkEntityForge=300}	11	{action_escape=39, action_feed=184, action_habitat=5, action_social=2, bounded_living_scans=1133, death_AmericanLobsterEntityForge_mob_by_CommonStingrayEntityForge=3, death_AtlanticCodEntityForge_mob_by_BlacktipReefSharkEntityForge=2, death_AtlanticCodEntityForge_mob_by_CommonThresherSharkEntityForge=1, death_AtlanticCodEntityForge_mob_by_SandtigerSharkEntityForge=1, death_AtlanticSalmonEntityForge_mob_by_BlacktipReefSharkEntityForge=1, death_AtlanticSalmonEntityForge_mob_by_OceanicWhitetipSharkEntityForge=1, death_BlackSeaNettleJellyfishEntityForge_mob_by_GreatWhiteSharkEntityForge=1, death_CaribbeanReefOctopusEntityForge_mob_by_GreatHammerheadSharkEntityForge=2, death_NautilusEntityForge_mob_by_CommonStingrayEntityForge=1, death_SandtigerSharkEntityForge_mob_by_BlackSeaNettleJellyfishEntityForge=1, living_deaths=14, navigation_calls=17962, sensor_calls=37392}	124	126
8400	612516912	{AmericanLobsterEntityForge=20, AtlanticCodEntityForge=16, AtlanticSalmonEntityForge=16, BlackSeaNettleJellyfishEntityForge=2, BlacktipReefSharkEntityForge=6, BottlenoseDolphinEntityForge=8, CannonballJellyfishEntityForge=4, CaribbeanReefOctopusEntityForge=4, CommonOctopusEntityForge=6, CommonStingrayEntityForge=6, CommonThresherSharkEntityForge=2, GiantMorayEelEntityForge=8, GreatHammerheadSharkEntityForge=2, GreatWhiteSharkEntityForge=2, GreenSeaTurtleEntityForge=6, HarborSealEntityForge=6, NautilusEntityForge=2, OceanicWhitetipSharkEntityForge=2, OrcaEntityForge=2, SandtigerSharkEntityForge=2, ShortfinMakoSharkEntityForge=2, TigerSharkEntityForge=2}	{AmericanLobsterEntityForge=300, AtlanticCodEntityForge=300, AtlanticSalmonEntityForge=300, BlackSeaNettleJellyfishEntityForge=300, BlacktipReefSharkEntityForge=300, BottlenoseDolphinEntityForge=700, CannonballJellyfishEntityForge=300, CaribbeanReefOctopusEntityForge=300, CommonOctopusEntityForge=300, CommonStingrayEntityForge=300, CommonThresherSharkEntityForge=300, GiantMorayEelEntityForge=300, GreatHammerheadSharkEntityForge=300, GreatWhiteSharkEntityForge=300, GreenSeaTurtleEntityForge=300, HarborSealEntityForge=300, NautilusEntityForge=300, OceanicWhitetipSharkEntityForge=300, OrcaEntityForge=700, SandtigerSharkEntityForge=300, ShortfinMakoSharkEntityForge=300, TigerSharkEntityForge=300}	11	{action_escape=40, action_feed=192, action_habitat=6, action_social=2, bounded_living_scans=1147, death_AmericanLobsterEntityForge_mob_by_CommonStingrayEntityForge=3, death_AtlanticCodEntityForge_mob_by_BlacktipReefSharkEntityForge=2, death_AtlanticCodEntityForge_mob_by_CommonThresherSharkEntityForge=1, death_AtlanticCodEntityForge_mob_by_SandtigerSharkEntityForge=1, death_AtlanticSalmonEntityForge_mob_by_BlacktipReefSharkEntityForge=1, death_AtlanticSalmonEntityForge_mob_by_OceanicWhitetipSharkEntityForge=1, death_BlackSeaNettleJellyfishEntityForge_mob_by_GreatWhiteSharkEntityForge=1, death_CaribbeanReefOctopusEntityForge_mob_by_GreatHammerheadSharkEntityForge=2, death_NautilusEntityForge_mob_by_CommonStingrayEntityForge=1, death_SandtigerSharkEntityForge_mob_by_BlackSeaNettleJellyfishEntityForge=1, living_deaths=14, navigation_calls=18454, sensor_calls=38342}	122	126
8600	797066288	{AmericanLobsterEntityForge=20, AtlanticCodEntityForge=16, AtlanticSalmonEntityForge=16, BlackSeaNettleJellyfishEntityForge=2, BlacktipReefSharkEntityForge=6, BottlenoseDolphinEntityForge=8, CannonballJellyfishEntityForge=4, CaribbeanReefOctopusEntityForge=4, CommonOctopusEntityForge=6, CommonStingrayEntityForge=6, CommonThresherSharkEntityForge=2, GiantMorayEelEntityForge=8, GreatHammerheadSharkEntityForge=2, GreatWhiteSharkEntityForge=2, GreenSeaTurtleEntityForge=6, HarborSealEntityForge=6, NautilusEntityForge=1, OceanicWhitetipSharkEntityForge=2, OrcaEntityForge=2, SandtigerSharkEntityForge=2, ShortfinMakoSharkEntityForge=2, TigerSharkEntityForge=2}	{AmericanLobsterEntityForge=300, AtlanticCodEntityForge=300, AtlanticSalmonEntityForge=300, BlackSeaNettleJellyfishEntityForge=300, BlacktipReefSharkEntityForge=300, BottlenoseDolphinEntityForge=700, CannonballJellyfishEntityForge=300, CaribbeanReefOctopusEntityForge=300, CommonOctopusEntityForge=300, CommonStingrayEntityForge=300, CommonThresherSharkEntityForge=300, GiantMorayEelEntityForge=300, GreatHammerheadSharkEntityForge=300, GreatWhiteSharkEntityForge=300, GreenSeaTurtleEntityForge=300, HarborSealEntityForge=300, NautilusEntityForge=300, OceanicWhitetipSharkEntityForge=300, OrcaEntityForge=700, SandtigerSharkEntityForge=300, ShortfinMakoSharkEntityForge=300, TigerSharkEntityForge=300}	11	{action_escape=41, action_feed=194, action_habitat=6, action_social=2, bounded_living_scans=1195, death_AmericanLobsterEntityForge_mob_by_CommonStingrayEntityForge=3, death_AtlanticCodEntityForge_mob_by_BlacktipReefSharkEntityForge=2, death_AtlanticCodEntityForge_mob_by_CommonThresherSharkEntityForge=1, death_AtlanticCodEntityForge_mob_by_SandtigerSharkEntityForge=1, death_AtlanticSalmonEntityForge_mob_by_BlacktipReefSharkEntityForge=1, death_AtlanticSalmonEntityForge_mob_by_OceanicWhitetipSharkEntityForge=1, death_BlackSeaNettleJellyfishEntityForge_mob_by_GreatWhiteSharkEntityForge=1, death_CaribbeanReefOctopusEntityForge_mob_by_GreatHammerheadSharkEntityForge=2, death_NautilusEntityForge_mob_by_CommonStingrayEntityForge=2, death_SandtigerSharkEntityForge_mob_by_BlackSeaNettleJellyfishEntityForge=1, living_deaths=15, navigation_calls=18828, sensor_calls=39207}	122	125
8800	982664240	{AmericanLobsterEntityForge=20, AtlanticCodEntityForge=16, AtlanticSalmonEntityForge=16, BlackSeaNettleJellyfishEntityForge=2, BlacktipReefSharkEntityForge=6, BottlenoseDolphinEntityForge=8, CannonballJellyfishEntityForge=4, CaribbeanReefOctopusEntityForge=4, CommonOctopusEntityForge=6, CommonStingrayEntityForge=6, CommonThresherSharkEntityForge=2, GiantMorayEelEntityForge=8, GreatHammerheadSharkEntityForge=2, GreatWhiteSharkEntityForge=2, GreenSeaTurtleEntityForge=6, HarborSealEntityForge=6, NautilusEntityForge=2, OceanicWhitetipSharkEntityForge=2, OrcaEntityForge=2, SandtigerSharkEntityForge=2, ShortfinMakoSharkEntityForge=2, TigerSharkEntityForge=2}	{AmericanLobsterEntityForge=300, AtlanticCodEntityForge=300, AtlanticSalmonEntityForge=300, BlackSeaNettleJellyfishEntityForge=300, BlacktipReefSharkEntityForge=300, BottlenoseDolphinEntityForge=700, CannonballJellyfishEntityForge=300, CaribbeanReefOctopusEntityForge=300, CommonOctopusEntityForge=300, CommonStingrayEntityForge=300, CommonThresherSharkEntityForge=300, GiantMorayEelEntityForge=300, GreatHammerheadSharkEntityForge=300, GreatWhiteSharkEntityForge=300, GreenSeaTurtleEntityForge=300, HarborSealEntityForge=300, NautilusEntityForge=300, OceanicWhitetipSharkEntityForge=300, OrcaEntityForge=700, SandtigerSharkEntityForge=300, ShortfinMakoSharkEntityForge=300, TigerSharkEntityForge=300}	11	{action_escape=42, action_feed=201, action_habitat=6, action_social=2, bounded_living_scans=1207, death_AmericanLobsterEntityForge_mob_by_CommonStingrayEntityForge=3, death_AtlanticCodEntityForge_mob_by_BlacktipReefSharkEntityForge=2, death_AtlanticCodEntityForge_mob_by_CommonThresherSharkEntityForge=1, death_AtlanticCodEntityForge_mob_by_SandtigerSharkEntityForge=1, death_AtlanticSalmonEntityForge_mob_by_BlacktipReefSharkEntityForge=1, death_AtlanticSalmonEntityForge_mob_by_OceanicWhitetipSharkEntityForge=1, death_BlackSeaNettleJellyfishEntityForge_mob_by_GreatWhiteSharkEntityForge=1, death_CaribbeanReefOctopusEntityForge_mob_by_GreatHammerheadSharkEntityForge=2, death_NautilusEntityForge_mob_by_CommonStingrayEntityForge=2, death_SandtigerSharkEntityForge_mob_by_BlackSeaNettleJellyfishEntityForge=1, living_deaths=15, navigation_calls=19309, sensor_calls=40159}	121	126
9000	1174553648	{AmericanLobsterEntityForge=20, AtlanticCodEntityForge=15, AtlanticSalmonEntityForge=16, BlackSeaNettleJellyfishEntityForge=2, BlacktipReefSharkEntityForge=6, BottlenoseDolphinEntityForge=8, CannonballJellyfishEntityForge=4, CaribbeanReefOctopusEntityForge=4, CommonOctopusEntityForge=6, CommonStingrayEntityForge=6, CommonThresherSharkEntityForge=2, GiantMorayEelEntityForge=8, GreatHammerheadSharkEntityForge=2, GreatWhiteSharkEntityForge=2, GreenSeaTurtleEntityForge=6, HarborSealEntityForge=6, NautilusEntityForge=2, OceanicWhitetipSharkEntityForge=2, OrcaEntityForge=2, SandtigerSharkEntityForge=2, ShortfinMakoSharkEntityForge=2, TigerSharkEntityForge=2}	{AmericanLobsterEntityForge=300, AtlanticCodEntityForge=300, AtlanticSalmonEntityForge=300, BlackSeaNettleJellyfishEntityForge=300, BlacktipReefSharkEntityForge=300, BottlenoseDolphinEntityForge=700, CannonballJellyfishEntityForge=300, CaribbeanReefOctopusEntityForge=300, CommonOctopusEntityForge=300, CommonStingrayEntityForge=300, CommonThresherSharkEntityForge=300, GiantMorayEelEntityForge=300, GreatHammerheadSharkEntityForge=300, GreatWhiteSharkEntityForge=300, GreenSeaTurtleEntityForge=300, HarborSealEntityForge=300, NautilusEntityForge=300, OceanicWhitetipSharkEntityForge=300, OrcaEntityForge=700, SandtigerSharkEntityForge=300, ShortfinMakoSharkEntityForge=300, TigerSharkEntityForge=300}	11	{action_escape=43, action_feed=206, action_habitat=7, action_social=2, bounded_living_scans=1259, death_AmericanLobsterEntityForge_mob_by_CommonStingrayEntityForge=3, death_AtlanticCodEntityForge_mob_by_BlacktipReefSharkEntityForge=2, death_AtlanticCodEntityForge_mob_by_CommonThresherSharkEntityForge=1, death_AtlanticCodEntityForge_mob_by_SandtigerSharkEntityForge=2, death_AtlanticSalmonEntityForge_mob_by_BlacktipReefSharkEntityForge=1, death_AtlanticSalmonEntityForge_mob_by_OceanicWhitetipSharkEntityForge=1, death_BlackSeaNettleJellyfishEntityForge_mob_by_GreatWhiteSharkEntityForge=1, death_CaribbeanReefOctopusEntityForge_mob_by_GreatHammerheadSharkEntityForge=2, death_NautilusEntityForge_mob_by_CommonStingrayEntityForge=2, death_SandtigerSharkEntityForge_mob_by_BlackSeaNettleJellyfishEntityForge=1, living_deaths=16, navigation_calls=19771, sensor_calls=41031}	121	125
9200	1365394480	{AmericanLobsterEntityForge=20, AtlanticCodEntityForge=16, AtlanticSalmonEntityForge=16, BlackSeaNettleJellyfishEntityForge=2, BlacktipReefSharkEntityForge=6, BottlenoseDolphinEntityForge=8, CannonballJellyfishEntityForge=4, CaribbeanReefOctopusEntityForge=4, CommonOctopusEntityForge=6, CommonStingrayEntityForge=6, CommonThresherSharkEntityForge=2, GiantMorayEelEntityForge=8, GreatHammerheadSharkEntityForge=2, GreatWhiteSharkEntityForge=2, GreenSeaTurtleEntityForge=6, HarborSealEntityForge=6, NautilusEntityForge=2, OceanicWhitetipSharkEntityForge=2, OrcaEntityForge=2, SandtigerSharkEntityForge=2, ShortfinMakoSharkEntityForge=2, TigerSharkEntityForge=2}	{AmericanLobsterEntityForge=300, AtlanticCodEntityForge=300, AtlanticSalmonEntityForge=300, BlackSeaNettleJellyfishEntityForge=300, BlacktipReefSharkEntityForge=300, BottlenoseDolphinEntityForge=700, CannonballJellyfishEntityForge=300, CaribbeanReefOctopusEntityForge=300, CommonOctopusEntityForge=300, CommonStingrayEntityForge=300, CommonThresherSharkEntityForge=300, GiantMorayEelEntityForge=300, GreatHammerheadSharkEntityForge=300, GreatWhiteSharkEntityForge=300, GreenSeaTurtleEntityForge=300, HarborSealEntityForge=300, NautilusEntityForge=300, OceanicWhitetipSharkEntityForge=300, OrcaEntityForge=700, SandtigerSharkEntityForge=300, ShortfinMakoSharkEntityForge=300, TigerSharkEntityForge=300}	11	{action_escape=43, action_feed=218, action_habitat=7, action_social=2, bounded_living_scans=1276, death_AmericanLobsterEntityForge_mob_by_CommonStingrayEntityForge=3, death_AtlanticCodEntityForge_mob_by_BlacktipReefSharkEntityForge=2, death_AtlanticCodEntityForge_mob_by_CommonThresherSharkEntityForge=1, death_AtlanticCodEntityForge_mob_by_SandtigerSharkEntityForge=2, death_AtlanticSalmonEntityForge_mob_by_BlacktipReefSharkEntityForge=1, death_AtlanticSalmonEntityForge_mob_by_OceanicWhitetipSharkEntityForge=1, death_BlackSeaNettleJellyfishEntityForge_mob_by_GreatWhiteSharkEntityForge=1, death_CaribbeanReefOctopusEntityForge_mob_by_GreatHammerheadSharkEntityForge=2, death_NautilusEntityForge_mob_by_CommonStingrayEntityForge=2, death_SandtigerSharkEntityForge_mob_by_BlackSeaNettleJellyfishEntityForge=1, living_deaths=16, navigation_calls=20184, sensor_calls=41984}	121	126
9400	1550992432	{AmericanLobsterEntityForge=20, AtlanticCodEntityForge=16, AtlanticSalmonEntityForge=16, BlackSeaNettleJellyfishEntityForge=2, BlacktipReefSharkEntityForge=6, BottlenoseDolphinEntityForge=8, CannonballJellyfishEntityForge=4, CaribbeanReefOctopusEntityForge=4, CommonOctopusEntityForge=6, CommonStingrayEntityForge=6, CommonThresherSharkEntityForge=2, GiantMorayEelEntityForge=8, GreatHammerheadSharkEntityForge=2, GreatWhiteSharkEntityForge=2, GreenSeaTurtleEntityForge=6, HarborSealEntityForge=6, NautilusEntityForge=2, OceanicWhitetipSharkEntityForge=2, OrcaEntityForge=2, SandtigerSharkEntityForge=2, ShortfinMakoSharkEntityForge=2, TigerSharkEntityForge=2}	{AmericanLobsterEntityForge=300, AtlanticCodEntityForge=300, AtlanticSalmonEntityForge=300, BlackSeaNettleJellyfishEntityForge=300, BlacktipReefSharkEntityForge=300, BottlenoseDolphinEntityForge=700, CannonballJellyfishEntityForge=300, CaribbeanReefOctopusEntityForge=300, CommonOctopusEntityForge=300, CommonStingrayEntityForge=300, CommonThresherSharkEntityForge=300, GiantMorayEelEntityForge=300, GreatHammerheadSharkEntityForge=300, GreatWhiteSharkEntityForge=300, GreenSeaTurtleEntityForge=300, HarborSealEntityForge=300, NautilusEntityForge=300, OceanicWhitetipSharkEntityForge=300, OrcaEntityForge=691, SandtigerSharkEntityForge=300, ShortfinMakoSharkEntityForge=300, TigerSharkEntityForge=300}	11	{action_escape=45, action_feed=222, action_habitat=7, action_social=2, bounded_living_scans=1319, death_AmericanLobsterEntityForge_mob_by_CommonStingrayEntityForge=3, death_AtlanticCodEntityForge_mob_by_BlacktipReefSharkEntityForge=2, death_AtlanticCodEntityForge_mob_by_CommonThresherSharkEntityForge=1, death_AtlanticCodEntityForge_mob_by_SandtigerSharkEntityForge=2, death_AtlanticSalmonEntityForge_mob_by_BlacktipReefSharkEntityForge=1, death_AtlanticSalmonEntityForge_mob_by_OceanicWhitetipSharkEntityForge=1, death_BlackSeaNettleJellyfishEntityForge_mob_by_GreatWhiteSharkEntityForge=1, death_CaribbeanReefOctopusEntityForge_mob_by_GreatHammerheadSharkEntityForge=2, death_NautilusEntityForge_mob_by_CommonStingrayEntityForge=2, death_SandtigerSharkEntityForge_mob_by_BlackSeaNettleJellyfishEntityForge=1, living_deaths=16, navigation_calls=20639, sensor_calls=42857}	119	126
9600	492624032	{AmericanLobsterEntityForge=20, AtlanticCodEntityForge=16, AtlanticSalmonEntityForge=16, BlackSeaNettleJellyfishEntityForge=2, BlacktipReefSharkEntityForge=6, BottlenoseDolphinEntityForge=8, CannonballJellyfishEntityForge=4, CaribbeanReefOctopusEntityForge=4, CommonOctopusEntityForge=6, CommonStingrayEntityForge=6, CommonThresherSharkEntityForge=2, GiantMorayEelEntityForge=8, GreatHammerheadSharkEntityForge=2, GreatWhiteSharkEntityForge=2, GreenSeaTurtleEntityForge=6, HarborSealEntityForge=6, NautilusEntityForge=2, OceanicWhitetipSharkEntityForge=2, OrcaEntityForge=2, SandtigerSharkEntityForge=2, ShortfinMakoSharkEntityForge=2, TigerSharkEntityForge=2}	{AmericanLobsterEntityForge=300, AtlanticCodEntityForge=300, AtlanticSalmonEntityForge=300, BlackSeaNettleJellyfishEntityForge=300, BlacktipReefSharkEntityForge=300, BottlenoseDolphinEntityForge=700, CannonballJellyfishEntityForge=300, CaribbeanReefOctopusEntityForge=300, CommonOctopusEntityForge=300, CommonStingrayEntityForge=300, CommonThresherSharkEntityForge=300, GiantMorayEelEntityForge=300, GreatHammerheadSharkEntityForge=300, GreatWhiteSharkEntityForge=300, GreenSeaTurtleEntityForge=300, HarborSealEntityForge=300, NautilusEntityForge=300, OceanicWhitetipSharkEntityForge=300, OrcaEntityForge=700, SandtigerSharkEntityForge=300, ShortfinMakoSharkEntityForge=300, TigerSharkEntityForge=300}	11	{action_escape=46, action_feed=225, action_habitat=8, action_social=2, bounded_living_scans=1332, death_AmericanLobsterEntityForge_mob_by_CommonStingrayEntityForge=3, death_AtlanticCodEntityForge_mob_by_BlacktipReefSharkEntityForge=2, death_AtlanticCodEntityForge_mob_by_CommonThresherSharkEntityForge=1, death_AtlanticCodEntityForge_mob_by_SandtigerSharkEntityForge=2, death_AtlanticSalmonEntityForge_mob_by_BlacktipReefSharkEntityForge=1, death_AtlanticSalmonEntityForge_mob_by_OceanicWhitetipSharkEntityForge=1, death_BlackSeaNettleJellyfishEntityForge_mob_by_GreatWhiteSharkEntityForge=1, death_CaribbeanReefOctopusEntityForge_mob_by_GreatHammerheadSharkEntityForge=2, death_NautilusEntityForge_mob_by_CommonStingrayEntityForge=2, death_SandtigerSharkEntityForge_mob_by_BlackSeaNettleJellyfishEntityForge=1, living_deaths=16, navigation_calls=21131, sensor_calls=43808}	119	126
9800	691853472	{AmericanLobsterEntityForge=20, AtlanticCodEntityForge=16, AtlanticSalmonEntityForge=16, BlackSeaNettleJellyfishEntityForge=2, BlacktipReefSharkEntityForge=6, BottlenoseDolphinEntityForge=8, CannonballJellyfishEntityForge=4, CaribbeanReefOctopusEntityForge=4, CommonOctopusEntityForge=6, CommonStingrayEntityForge=6, CommonThresherSharkEntityForge=2, GiantMorayEelEntityForge=8, GreatHammerheadSharkEntityForge=2, GreatWhiteSharkEntityForge=2, GreenSeaTurtleEntityForge=6, HarborSealEntityForge=6, NautilusEntityForge=2, OceanicWhitetipSharkEntityForge=2, OrcaEntityForge=2, SandtigerSharkEntityForge=2, ShortfinMakoSharkEntityForge=2, TigerSharkEntityForge=2}	{AmericanLobsterEntityForge=300, AtlanticCodEntityForge=300, AtlanticSalmonEntityForge=300, BlackSeaNettleJellyfishEntityForge=300, BlacktipReefSharkEntityForge=300, BottlenoseDolphinEntityForge=700, CannonballJellyfishEntityForge=300, CaribbeanReefOctopusEntityForge=300, CommonOctopusEntityForge=300, CommonStingrayEntityForge=300, CommonThresherSharkEntityForge=300, GiantMorayEelEntityForge=300, GreatHammerheadSharkEntityForge=300, GreatWhiteSharkEntityForge=300, GreenSeaTurtleEntityForge=300, HarborSealEntityForge=300, NautilusEntityForge=300, OceanicWhitetipSharkEntityForge=300, OrcaEntityForge=700, SandtigerSharkEntityForge=300, ShortfinMakoSharkEntityForge=300, TigerSharkEntityForge=300}	11	{action_escape=47, action_feed=230, action_habitat=8, action_social=2, bounded_living_scans=1372, death_AmericanLobsterEntityForge_mob_by_CommonStingrayEntityForge=3, death_AtlanticCodEntityForge_mob_by_BlacktipReefSharkEntityForge=2, death_AtlanticCodEntityForge_mob_by_CommonThresherSharkEntityForge=1, death_AtlanticCodEntityForge_mob_by_SandtigerSharkEntityForge=2, death_AtlanticSalmonEntityForge_mob_by_BlacktipReefSharkEntityForge=1, death_AtlanticSalmonEntityForge_mob_by_OceanicWhitetipSharkEntityForge=1, death_BlackSeaNettleJellyfishEntityForge_mob_by_GreatWhiteSharkEntityForge=1, death_CaribbeanReefOctopusEntityForge_mob_by_GreatHammerheadSharkEntityForge=2, death_NautilusEntityForge_mob_by_CommonStingrayEntityForge=2, death_SandtigerSharkEntityForge_mob_by_BlackSeaNettleJellyfishEntityForge=1, living_deaths=16, navigation_calls=21570, sensor_calls=44681}	124	126
10000	877451424	{AmericanLobsterEntityForge=20, AtlanticCodEntityForge=16, AtlanticSalmonEntityForge=16, BlackSeaNettleJellyfishEntityForge=2, BlacktipReefSharkEntityForge=6, BottlenoseDolphinEntityForge=8, CannonballJellyfishEntityForge=4, CaribbeanReefOctopusEntityForge=4, CommonOctopusEntityForge=6, CommonStingrayEntityForge=6, CommonThresherSharkEntityForge=2, GiantMorayEelEntityForge=8, GreatHammerheadSharkEntityForge=2, GreatWhiteSharkEntityForge=2, GreenSeaTurtleEntityForge=6, HarborSealEntityForge=6, NautilusEntityForge=2, OceanicWhitetipSharkEntityForge=2, OrcaEntityForge=2, SandtigerSharkEntityForge=2, ShortfinMakoSharkEntityForge=2, TigerSharkEntityForge=2}	{AmericanLobsterEntityForge=300, AtlanticCodEntityForge=300, AtlanticSalmonEntityForge=300, BlackSeaNettleJellyfishEntityForge=300, BlacktipReefSharkEntityForge=300, BottlenoseDolphinEntityForge=700, CannonballJellyfishEntityForge=300, CaribbeanReefOctopusEntityForge=300, CommonOctopusEntityForge=300, CommonStingrayEntityForge=300, CommonThresherSharkEntityForge=300, GiantMorayEelEntityForge=300, GreatHammerheadSharkEntityForge=300, GreatWhiteSharkEntityForge=300, GreenSeaTurtleEntityForge=300, HarborSealEntityForge=300, NautilusEntityForge=300, OceanicWhitetipSharkEntityForge=300, OrcaEntityForge=700, SandtigerSharkEntityForge=300, ShortfinMakoSharkEntityForge=300, TigerSharkEntityForge=300}	11	{action_escape=47, action_feed=233, action_habitat=8, action_social=2, bounded_living_scans=1383, death_AmericanLobsterEntityForge_mob_by_CommonStingrayEntityForge=3, death_AtlanticCodEntityForge_mob_by_BlacktipReefSharkEntityForge=2, death_AtlanticCodEntityForge_mob_by_CommonThresherSharkEntityForge=1, death_AtlanticCodEntityForge_mob_by_SandtigerSharkEntityForge=2, death_AtlanticSalmonEntityForge_mob_by_BlacktipReefSharkEntityForge=1, death_AtlanticSalmonEntityForge_mob_by_OceanicWhitetipSharkEntityForge=1, death_BlackSeaNettleJellyfishEntityForge_mob_by_GreatWhiteSharkEntityForge=1, death_CaribbeanReefOctopusEntityForge_mob_by_GreatHammerheadSharkEntityForge=2, death_NautilusEntityForge_mob_by_CommonStingrayEntityForge=2, death_SandtigerSharkEntityForge_mob_by_BlackSeaNettleJellyfishEntityForge=1, living_deaths=16, navigation_calls=21892, sensor_calls=45634}	124	126
10200	1060952224	{AmericanLobsterEntityForge=20, AtlanticCodEntityForge=16, AtlanticSalmonEntityForge=16, BlackSeaNettleJellyfishEntityForge=2, BlacktipReefSharkEntityForge=6, BottlenoseDolphinEntityForge=8, CannonballJellyfishEntityForge=4, CaribbeanReefOctopusEntityForge=4, CommonOctopusEntityForge=6, CommonStingrayEntityForge=6, CommonThresherSharkEntityForge=2, GiantMorayEelEntityForge=8, GreatHammerheadSharkEntityForge=2, GreatWhiteSharkEntityForge=2, GreenSeaTurtleEntityForge=6, HarborSealEntityForge=6, NautilusEntityForge=2, OceanicWhitetipSharkEntityForge=2, OrcaEntityForge=2, SandtigerSharkEntityForge=2, ShortfinMakoSharkEntityForge=2, TigerSharkEntityForge=2}	{AmericanLobsterEntityForge=300, AtlanticCodEntityForge=300, AtlanticSalmonEntityForge=300, BlackSeaNettleJellyfishEntityForge=300, BlacktipReefSharkEntityForge=300, BottlenoseDolphinEntityForge=700, CannonballJellyfishEntityForge=300, CaribbeanReefOctopusEntityForge=300, CommonOctopusEntityForge=300, CommonStingrayEntityForge=300, CommonThresherSharkEntityForge=300, GiantMorayEelEntityForge=300, GreatHammerheadSharkEntityForge=300, GreatWhiteSharkEntityForge=300, GreenSeaTurtleEntityForge=300, HarborSealEntityForge=300, NautilusEntityForge=300, OceanicWhitetipSharkEntityForge=300, OrcaEntityForge=700, SandtigerSharkEntityForge=300, ShortfinMakoSharkEntityForge=300, TigerSharkEntityForge=300}	11	{action_escape=48, action_feed=244, action_habitat=9, action_social=2, bounded_living_scans=1430, death_AmericanLobsterEntityForge_mob_by_CommonStingrayEntityForge=3, death_AtlanticCodEntityForge_mob_by_BlacktipReefSharkEntityForge=2, death_AtlanticCodEntityForge_mob_by_CommonThresherSharkEntityForge=1, death_AtlanticCodEntityForge_mob_by_SandtigerSharkEntityForge=2, death_AtlanticSalmonEntityForge_mob_by_BlacktipReefSharkEntityForge=1, death_AtlanticSalmonEntityForge_mob_by_OceanicWhitetipSharkEntityForge=1, death_BlackSeaNettleJellyfishEntityForge_mob_by_GreatWhiteSharkEntityForge=1, death_CaribbeanReefOctopusEntityForge_mob_by_GreatHammerheadSharkEntityForge=2, death_NautilusEntityForge_mob_by_CommonStingrayEntityForge=2, death_SandtigerSharkEntityForge_mob_by_BlackSeaNettleJellyfishEntityForge=1, living_deaths=16, navigation_calls=22211, sensor_calls=46505}	122	126
10400	1242355872	{AmericanLobsterEntityForge=20, AtlanticCodEntityForge=16, AtlanticSalmonEntityForge=16, BlackSeaNettleJellyfishEntityForge=2, BlacktipReefSharkEntityForge=6, BottlenoseDolphinEntityForge=8, CannonballJellyfishEntityForge=4, CaribbeanReefOctopusEntityForge=4, CommonOctopusEntityForge=6, CommonStingrayEntityForge=6, CommonThresherSharkEntityForge=2, GiantMorayEelEntityForge=8, GreatHammerheadSharkEntityForge=2, GreatWhiteSharkEntityForge=2, GreenSeaTurtleEntityForge=6, HarborSealEntityForge=6, NautilusEntityForge=2, OceanicWhitetipSharkEntityForge=2, OrcaEntityForge=2, SandtigerSharkEntityForge=2, ShortfinMakoSharkEntityForge=2, TigerSharkEntityForge=2}	{AmericanLobsterEntityForge=300, AtlanticCodEntityForge=300, AtlanticSalmonEntityForge=300, BlackSeaNettleJellyfishEntityForge=300, BlacktipReefSharkEntityForge=300, BottlenoseDolphinEntityForge=700, CannonballJellyfishEntityForge=300, CaribbeanReefOctopusEntityForge=300, CommonOctopusEntityForge=300, CommonStingrayEntityForge=300, CommonThresherSharkEntityForge=300, GiantMorayEelEntityForge=300, GreatHammerheadSharkEntityForge=300, GreatWhiteSharkEntityForge=300, GreenSeaTurtleEntityForge=300, HarborSealEntityForge=300, NautilusEntityForge=300, OceanicWhitetipSharkEntityForge=300, OrcaEntityForge=700, SandtigerSharkEntityForge=300, ShortfinMakoSharkEntityForge=300, TigerSharkEntityForge=300}	11	{action_escape=49, action_feed=252, action_habitat=9, action_social=2, bounded_living_scans=1447, death_AmericanLobsterEntityForge_mob_by_CommonStingrayEntityForge=3, death_AtlanticCodEntityForge_mob_by_BlacktipReefSharkEntityForge=2, death_AtlanticCodEntityForge_mob_by_CommonThresherSharkEntityForge=1, death_AtlanticCodEntityForge_mob_by_SandtigerSharkEntityForge=2, death_AtlanticSalmonEntityForge_mob_by_BlacktipReefSharkEntityForge=1, death_AtlanticSalmonEntityForge_mob_by_OceanicWhitetipSharkEntityForge=1, death_BlackSeaNettleJellyfishEntityForge_mob_by_GreatWhiteSharkEntityForge=1, death_CaribbeanReefOctopusEntityForge_mob_by_GreatHammerheadSharkEntityForge=2, death_NautilusEntityForge_mob_by_CommonStingrayEntityForge=2, death_SandtigerSharkEntityForge_mob_by_BlackSeaNettleJellyfishEntityForge=1, living_deaths=16, navigation_calls=22475, sensor_calls=47458}	123	126
10600	1424808096	{AmericanLobsterEntityForge=20, AtlanticCodEntityForge=16, AtlanticSalmonEntityForge=16, BlackSeaNettleJellyfishEntityForge=2, BlacktipReefSharkEntityForge=6, BottlenoseDolphinEntityForge=8, CannonballJellyfishEntityForge=4, CaribbeanReefOctopusEntityForge=4, CommonOctopusEntityForge=6, CommonStingrayEntityForge=6, CommonThresherSharkEntityForge=2, GiantMorayEelEntityForge=8, GreatHammerheadSharkEntityForge=2, GreatWhiteSharkEntityForge=2, GreenSeaTurtleEntityForge=6, HarborSealEntityForge=6, NautilusEntityForge=1, OceanicWhitetipSharkEntityForge=2, OrcaEntityForge=2, SandtigerSharkEntityForge=2, ShortfinMakoSharkEntityForge=2, TigerSharkEntityForge=2}	{AmericanLobsterEntityForge=300, AtlanticCodEntityForge=300, AtlanticSalmonEntityForge=300, BlackSeaNettleJellyfishEntityForge=300, BlacktipReefSharkEntityForge=300, BottlenoseDolphinEntityForge=700, CannonballJellyfishEntityForge=300, CaribbeanReefOctopusEntityForge=300, CommonOctopusEntityForge=300, CommonStingrayEntityForge=300, CommonThresherSharkEntityForge=300, GiantMorayEelEntityForge=300, GreatHammerheadSharkEntityForge=300, GreatWhiteSharkEntityForge=300, GreenSeaTurtleEntityForge=300, HarborSealEntityForge=300, NautilusEntityForge=300, OceanicWhitetipSharkEntityForge=300, OrcaEntityForge=700, SandtigerSharkEntityForge=300, ShortfinMakoSharkEntityForge=300, TigerSharkEntityForge=300}	11	{action_escape=49, action_feed=259, action_habitat=9, action_social=2, bounded_living_scans=1493, death_AmericanLobsterEntityForge_mob_by_CommonStingrayEntityForge=3, death_AtlanticCodEntityForge_mob_by_BlacktipReefSharkEntityForge=2, death_AtlanticCodEntityForge_mob_by_CommonThresherSharkEntityForge=1, death_AtlanticCodEntityForge_mob_by_SandtigerSharkEntityForge=2, death_AtlanticSalmonEntityForge_mob_by_BlacktipReefSharkEntityForge=1, death_AtlanticSalmonEntityForge_mob_by_OceanicWhitetipSharkEntityForge=1, death_BlackSeaNettleJellyfishEntityForge_mob_by_GreatWhiteSharkEntityForge=1, death_CaribbeanReefOctopusEntityForge_mob_by_GreatHammerheadSharkEntityForge=2, death_NautilusEntityForge_mob_by_CommonStingrayEntityForge=3, death_SandtigerSharkEntityForge_mob_by_BlackSeaNettleJellyfishEntityForge=1, living_deaths=17, navigation_calls=22752, sensor_calls=48328}	124	125
10800	1618794656	{AmericanLobsterEntityForge=20, AtlanticCodEntityForge=16, AtlanticSalmonEntityForge=16, BlackSeaNettleJellyfishEntityForge=2, BlacktipReefSharkEntityForge=6, BottlenoseDolphinEntityForge=8, CannonballJellyfishEntityForge=4, CaribbeanReefOctopusEntityForge=4, CommonOctopusEntityForge=6, CommonStingrayEntityForge=6, CommonThresherSharkEntityForge=2, GiantMorayEelEntityForge=8, GreatHammerheadSharkEntityForge=2, GreatWhiteSharkEntityForge=2, GreenSeaTurtleEntityForge=6, HarborSealEntityForge=6, NautilusEntityForge=2, OceanicWhitetipSharkEntityForge=2, OrcaEntityForge=2, SandtigerSharkEntityForge=2, ShortfinMakoSharkEntityForge=2, TigerSharkEntityForge=2}	{AmericanLobsterEntityForge=300, AtlanticCodEntityForge=300, AtlanticSalmonEntityForge=300, BlackSeaNettleJellyfishEntityForge=300, BlacktipReefSharkEntityForge=300, BottlenoseDolphinEntityForge=700, CannonballJellyfishEntityForge=300, CaribbeanReefOctopusEntityForge=300, CommonOctopusEntityForge=300, CommonStingrayEntityForge=300, CommonThresherSharkEntityForge=300, GiantMorayEelEntityForge=300, GreatHammerheadSharkEntityForge=300, GreatWhiteSharkEntityForge=300, GreenSeaTurtleEntityForge=300, HarborSealEntityForge=300, NautilusEntityForge=300, OceanicWhitetipSharkEntityForge=300, OrcaEntityForge=700, SandtigerSharkEntityForge=300, ShortfinMakoSharkEntityForge=300, TigerSharkEntityForge=300}	11	{action_escape=52, action_feed=263, action_habitat=9, action_social=2, bounded_living_scans=1508, death_AmericanLobsterEntityForge_mob_by_CommonStingrayEntityForge=3, death_AtlanticCodEntityForge_mob_by_BlacktipReefSharkEntityForge=2, death_AtlanticCodEntityForge_mob_by_CommonThresherSharkEntityForge=1, death_AtlanticCodEntityForge_mob_by_SandtigerSharkEntityForge=2, death_AtlanticSalmonEntityForge_mob_by_BlacktipReefSharkEntityForge=1, death_AtlanticSalmonEntityForge_mob_by_OceanicWhitetipSharkEntityForge=1, death_BlackSeaNettleJellyfishEntityForge_mob_by_GreatWhiteSharkEntityForge=1, death_CaribbeanReefOctopusEntityForge_mob_by_GreatHammerheadSharkEntityForge=2, death_NautilusEntityForge_mob_by_CommonStingrayEntityForge=3, death_SandtigerSharkEntityForge_mob_by_BlackSeaNettleJellyfishEntityForge=1, living_deaths=17, navigation_calls=23116, sensor_calls=49280}	123	126
11000	539804864	{AmericanLobsterEntityForge=20, AtlanticCodEntityForge=16, AtlanticSalmonEntityForge=15, BlackSeaNettleJellyfishEntityForge=2, BlacktipReefSharkEntityForge=6, BottlenoseDolphinEntityForge=8, CannonballJellyfishEntityForge=4, CaribbeanReefOctopusEntityForge=4, CommonOctopusEntityForge=6, CommonStingrayEntityForge=6, CommonThresherSharkEntityForge=2, GiantMorayEelEntityForge=8, GreatHammerheadSharkEntityForge=2, GreatWhiteSharkEntityForge=2, GreenSeaTurtleEntityForge=6, HarborSealEntityForge=6, NautilusEntityForge=2, OceanicWhitetipSharkEntityForge=2, OrcaEntityForge=2, SandtigerSharkEntityForge=2, ShortfinMakoSharkEntityForge=2, TigerSharkEntityForge=2}	{AmericanLobsterEntityForge=300, AtlanticCodEntityForge=300, AtlanticSalmonEntityForge=300, BlackSeaNettleJellyfishEntityForge=300, BlacktipReefSharkEntityForge=300, BottlenoseDolphinEntityForge=700, CannonballJellyfishEntityForge=300, CaribbeanReefOctopusEntityForge=300, CommonOctopusEntityForge=300, CommonStingrayEntityForge=300, CommonThresherSharkEntityForge=300, GiantMorayEelEntityForge=300, GreatHammerheadSharkEntityForge=300, GreatWhiteSharkEntityForge=300, GreenSeaTurtleEntityForge=300, HarborSealEntityForge=300, NautilusEntityForge=300, OceanicWhitetipSharkEntityForge=300, OrcaEntityForge=691, SandtigerSharkEntityForge=300, ShortfinMakoSharkEntityForge=300, TigerSharkEntityForge=300}	11	{action_escape=52, action_feed=266, action_habitat=9, action_social=2, bounded_living_scans=1546, death_AmericanLobsterEntityForge_mob_by_CommonStingrayEntityForge=3, death_AtlanticCodEntityForge_mob_by_BlacktipReefSharkEntityForge=2, death_AtlanticCodEntityForge_mob_by_CommonThresherSharkEntityForge=1, death_AtlanticCodEntityForge_mob_by_SandtigerSharkEntityForge=2, death_AtlanticSalmonEntityForge_mob_by_BlacktipReefSharkEntityForge=1, death_AtlanticSalmonEntityForge_mob_by_OceanicWhitetipSharkEntityForge=1, death_AtlanticSalmonEntityForge_mob_by_TigerSharkEntityForge=1, death_BlackSeaNettleJellyfishEntityForge_mob_by_GreatWhiteSharkEntityForge=1, death_CaribbeanReefOctopusEntityForge_mob_by_GreatHammerheadSharkEntityForge=2, death_NautilusEntityForge_mob_by_CommonStingrayEntityForge=3, death_SandtigerSharkEntityForge_mob_by_BlackSeaNettleJellyfishEntityForge=1, living_deaths=18, navigation_calls=23455, sensor_calls=50153}	119	125
11200	727499968	{AmericanLobsterEntityForge=20, AtlanticCodEntityForge=16, AtlanticSalmonEntityForge=16, BlackSeaNettleJellyfishEntityForge=2, BlacktipReefSharkEntityForge=6, BottlenoseDolphinEntityForge=8, CannonballJellyfishEntityForge=4, CaribbeanReefOctopusEntityForge=4, CommonOctopusEntityForge=6, CommonStingrayEntityForge=6, CommonThresherSharkEntityForge=2, GiantMorayEelEntityForge=8, GreatHammerheadSharkEntityForge=2, GreatWhiteSharkEntityForge=2, GreenSeaTurtleEntityForge=6, HarborSealEntityForge=5, NautilusEntityForge=2, OceanicWhitetipSharkEntityForge=2, OrcaEntityForge=2, SandtigerSharkEntityForge=2, ShortfinMakoSharkEntityForge=2, TigerSharkEntityForge=2}	{AmericanLobsterEntityForge=300, AtlanticCodEntityForge=300, AtlanticSalmonEntityForge=300, BlackSeaNettleJellyfishEntityForge=300, BlacktipReefSharkEntityForge=300, BottlenoseDolphinEntityForge=700, CannonballJellyfishEntityForge=300, CaribbeanReefOctopusEntityForge=300, CommonOctopusEntityForge=300, CommonStingrayEntityForge=300, CommonThresherSharkEntityForge=300, GiantMorayEelEntityForge=300, GreatHammerheadSharkEntityForge=300, GreatWhiteSharkEntityForge=300, GreenSeaTurtleEntityForge=300, HarborSealEntityForge=300, NautilusEntityForge=300, OceanicWhitetipSharkEntityForge=300, OrcaEntityForge=700, SandtigerSharkEntityForge=300, ShortfinMakoSharkEntityForge=300, TigerSharkEntityForge=300}	11	{action_escape=55, action_feed=273, action_habitat=9, action_social=2, bounded_living_scans=1562, death_AmericanLobsterEntityForge_mob_by_CommonStingrayEntityForge=3, death_AtlanticCodEntityForge_mob_by_BlacktipReefSharkEntityForge=2, death_AtlanticCodEntityForge_mob_by_CommonThresherSharkEntityForge=1, death_AtlanticCodEntityForge_mob_by_SandtigerSharkEntityForge=2, death_AtlanticSalmonEntityForge_mob_by_BlacktipReefSharkEntityForge=1, death_AtlanticSalmonEntityForge_mob_by_OceanicWhitetipSharkEntityForge=1, death_AtlanticSalmonEntityForge_mob_by_TigerSharkEntityForge=1, death_BlackSeaNettleJellyfishEntityForge_mob_by_GreatWhiteSharkEntityForge=1, death_CaribbeanReefOctopusEntityForge_mob_by_GreatHammerheadSharkEntityForge=2, death_HarborSealEntityForge_mob_by_GreatWhiteSharkEntityForge=1, death_NautilusEntityForge_mob_by_CommonStingrayEntityForge=3, death_SandtigerSharkEntityForge_mob_by_BlackSeaNettleJellyfishEntityForge=1, living_deaths=19, navigation_calls=23809, sensor_calls=51099}	119	125
11400	918340800	{AmericanLobsterEntityForge=20, AtlanticCodEntityForge=15, AtlanticSalmonEntityForge=16, BlackSeaNettleJellyfishEntityForge=2, BlacktipReefSharkEntityForge=6, BottlenoseDolphinEntityForge=8, CannonballJellyfishEntityForge=4, CaribbeanReefOctopusEntityForge=3, CommonOctopusEntityForge=6, CommonStingrayEntityForge=6, CommonThresherSharkEntityForge=2, GiantMorayEelEntityForge=8, GreatHammerheadSharkEntityForge=2, GreatWhiteSharkEntityForge=2, GreenSeaTurtleEntityForge=6, HarborSealEntityForge=6, NautilusEntityForge=2, OceanicWhitetipSharkEntityForge=2, OrcaEntityForge=2, SandtigerSharkEntityForge=2, ShortfinMakoSharkEntityForge=2, TigerSharkEntityForge=2}	{AmericanLobsterEntityForge=300, AtlanticCodEntityForge=300, AtlanticSalmonEntityForge=300, BlackSeaNettleJellyfishEntityForge=300, BlacktipReefSharkEntityForge=300, BottlenoseDolphinEntityForge=700, CannonballJellyfishEntityForge=300, CaribbeanReefOctopusEntityForge=300, CommonOctopusEntityForge=300, CommonStingrayEntityForge=300, CommonThresherSharkEntityForge=300, GiantMorayEelEntityForge=300, GreatHammerheadSharkEntityForge=300, GreatWhiteSharkEntityForge=300, GreenSeaTurtleEntityForge=300, HarborSealEntityForge=300, NautilusEntityForge=300, OceanicWhitetipSharkEntityForge=300, OrcaEntityForge=700, SandtigerSharkEntityForge=300, ShortfinMakoSharkEntityForge=300, TigerSharkEntityForge=300}	11	{action_escape=59, action_feed=276, action_habitat=9, action_social=2, bounded_living_scans=1602, death_AmericanLobsterEntityForge_mob_by_CommonStingrayEntityForge=3, death_AtlanticCodEntityForge_mob_by_BlacktipReefSharkEntityForge=2, death_AtlanticCodEntityForge_mob_by_CommonThresherSharkEntityForge=1, death_AtlanticCodEntityForge_mob_by_SandtigerSharkEntityForge=2, death_AtlanticCodEntityForge_mob_by_TigerSharkEntityForge=1, death_AtlanticSalmonEntityForge_mob_by_BlacktipReefSharkEntityForge=1, death_AtlanticSalmonEntityForge_mob_by_OceanicWhitetipSharkEntityForge=1, death_AtlanticSalmonEntityForge_mob_by_TigerSharkEntityForge=1, death_BlackSeaNettleJellyfishEntityForge_mob_by_GreatWhiteSharkEntityForge=1, death_CaribbeanReefOctopusEntityForge_mob_by_CommonStingrayEntityForge=1, death_CaribbeanReefOctopusEntityForge_mob_by_GreatHammerheadSharkEntityForge=2, death_HarborSealEntityForge_mob_by_GreatWhiteSharkEntityForge=1, death_NautilusEntityForge_mob_by_CommonStingrayEntityForge=3, death_SandtigerSharkEntityForge_mob_by_BlackSeaNettleJellyfishEntityForge=1, living_deaths=21, navigation_calls=24219, sensor_calls=52045}	114	124
11600	1110230208	{AmericanLobsterEntityForge=20, AtlanticCodEntityForge=16, AtlanticSalmonEntityForge=16, BlackSeaNettleJellyfishEntityForge=2, BlacktipReefSharkEntityForge=6, BottlenoseDolphinEntityForge=8, CannonballJellyfishEntityForge=4, CaribbeanReefOctopusEntityForge=4, CommonOctopusEntityForge=6, CommonStingrayEntityForge=6, CommonThresherSharkEntityForge=2, GiantMorayEelEntityForge=8, GreatHammerheadSharkEntityForge=2, GreatWhiteSharkEntityForge=2, GreenSeaTurtleEntityForge=6, HarborSealEntityForge=6, NautilusEntityForge=2, OceanicWhitetipSharkEntityForge=2, OrcaEntityForge=2, SandtigerSharkEntityForge=2, ShortfinMakoSharkEntityForge=2, TigerSharkEntityForge=2}	{AmericanLobsterEntityForge=300, AtlanticCodEntityForge=300, AtlanticSalmonEntityForge=300, BlackSeaNettleJellyfishEntityForge=300, BlacktipReefSharkEntityForge=300, BottlenoseDolphinEntityForge=700, CannonballJellyfishEntityForge=300, CaribbeanReefOctopusEntityForge=300, CommonOctopusEntityForge=300, CommonStingrayEntityForge=300, CommonThresherSharkEntityForge=300, GiantMorayEelEntityForge=300, GreatHammerheadSharkEntityForge=300, GreatWhiteSharkEntityForge=300, GreenSeaTurtleEntityForge=300, HarborSealEntityForge=300, NautilusEntityForge=300, OceanicWhitetipSharkEntityForge=300, OrcaEntityForge=700, SandtigerSharkEntityForge=300, ShortfinMakoSharkEntityForge=300, TigerSharkEntityForge=300}	11	{action_escape=59, action_feed=283, action_habitat=9, action_social=2, bounded_living_scans=1619, death_AmericanLobsterEntityForge_mob_by_CommonStingrayEntityForge=3, death_AtlanticCodEntityForge_mob_by_BlacktipReefSharkEntityForge=2, death_AtlanticCodEntityForge_mob_by_CommonThresherSharkEntityForge=1, death_AtlanticCodEntityForge_mob_by_SandtigerSharkEntityForge=2, death_AtlanticCodEntityForge_mob_by_TigerSharkEntityForge=1, death_AtlanticSalmonEntityForge_mob_by_BlacktipReefSharkEntityForge=1, death_AtlanticSalmonEntityForge_mob_by_OceanicWhitetipSharkEntityForge=1, death_AtlanticSalmonEntityForge_mob_by_TigerSharkEntityForge=1, death_BlackSeaNettleJellyfishEntityForge_mob_by_GreatWhiteSharkEntityForge=1, death_CaribbeanReefOctopusEntityForge_mob_by_CommonStingrayEntityForge=1, death_CaribbeanReefOctopusEntityForge_mob_by_GreatHammerheadSharkEntityForge=2, death_HarborSealEntityForge_mob_by_GreatWhiteSharkEntityForge=1, death_NautilusEntityForge_mob_by_CommonStingrayEntityForge=3, death_SandtigerSharkEntityForge_mob_by_BlackSeaNettleJellyfishEntityForge=1, living_deaths=21, navigation_calls=24593, sensor_calls=52921}	121	126
11800	1327285440	{AmericanLobsterEntityForge=20, AtlanticCodEntityForge=15, AtlanticSalmonEntityForge=16, BlackSeaNettleJellyfishEntityForge=2, BlacktipReefSharkEntityForge=6, BottlenoseDolphinEntityForge=8, CannonballJellyfishEntityForge=4, CaribbeanReefOctopusEntityForge=4, CommonOctopusEntityForge=6, CommonStingrayEntityForge=6, CommonThresherSharkEntityForge=2, GiantMorayEelEntityForge=8, GreatHammerheadSharkEntityForge=2, GreatWhiteSharkEntityForge=2, GreenSeaTurtleEntityForge=6, HarborSealEntityForge=6, NautilusEntityForge=2, OceanicWhitetipSharkEntityForge=2, OrcaEntityForge=2, SandtigerSharkEntityForge=2, ShortfinMakoSharkEntityForge=2, TigerSharkEntityForge=2}	{AmericanLobsterEntityForge=300, AtlanticCodEntityForge=300, AtlanticSalmonEntityForge=300, BlackSeaNettleJellyfishEntityForge=300, BlacktipReefSharkEntityForge=300, BottlenoseDolphinEntityForge=700, CannonballJellyfishEntityForge=300, CaribbeanReefOctopusEntityForge=300, CommonOctopusEntityForge=300, CommonStingrayEntityForge=300, CommonThresherSharkEntityForge=300, GiantMorayEelEntityForge=300, GreatHammerheadSharkEntityForge=300, GreatWhiteSharkEntityForge=300, GreenSeaTurtleEntityForge=300, HarborSealEntityForge=300, NautilusEntityForge=300, OceanicWhitetipSharkEntityForge=300, OrcaEntityForge=700, SandtigerSharkEntityForge=300, ShortfinMakoSharkEntityForge=300, TigerSharkEntityForge=300}	11	{action_escape=59, action_feed=288, action_habitat=9, action_social=2, bounded_living_scans=1653, death_AmericanLobsterEntityForge_mob_by_CommonStingrayEntityForge=3, death_AtlanticCodEntityForge_mob_by_BlacktipReefSharkEntityForge=2, death_AtlanticCodEntityForge_mob_by_CommonThresherSharkEntityForge=2, death_AtlanticCodEntityForge_mob_by_SandtigerSharkEntityForge=2, death_AtlanticCodEntityForge_mob_by_TigerSharkEntityForge=1, death_AtlanticSalmonEntityForge_mob_by_BlacktipReefSharkEntityForge=1, death_AtlanticSalmonEntityForge_mob_by_OceanicWhitetipSharkEntityForge=1, death_AtlanticSalmonEntityForge_mob_by_TigerSharkEntityForge=1, death_BlackSeaNettleJellyfishEntityForge_mob_by_GreatWhiteSharkEntityForge=1, death_CaribbeanReefOctopusEntityForge_mob_by_CommonStingrayEntityForge=1, death_CaribbeanReefOctopusEntityForge_mob_by_GreatHammerheadSharkEntityForge=2, death_HarborSealEntityForge_mob_by_GreatWhiteSharkEntityForge=1, death_NautilusEntityForge_mob_by_CommonStingrayEntityForge=3, death_SandtigerSharkEntityForge_mob_by_BlackSeaNettleJellyfishEntityForge=1, living_deaths=22, navigation_calls=25000, sensor_calls=53872}	120	125
12000	1524417728	{AmericanLobsterEntityForge=20, AtlanticCodEntityForge=16, AtlanticSalmonEntityForge=16, BlackSeaNettleJellyfishEntityForge=2, BlacktipReefSharkEntityForge=6, BottlenoseDolphinEntityForge=8, CannonballJellyfishEntityForge=4, CaribbeanReefOctopusEntityForge=4, CommonOctopusEntityForge=6, CommonStingrayEntityForge=6, CommonThresherSharkEntityForge=2, GiantMorayEelEntityForge=8, GreatHammerheadSharkEntityForge=2, GreatWhiteSharkEntityForge=2, GreenSeaTurtleEntityForge=6, HarborSealEntityForge=6, NautilusEntityForge=2, OceanicWhitetipSharkEntityForge=2, OrcaEntityForge=2, SandtigerSharkEntityForge=2, ShortfinMakoSharkEntityForge=2, TigerSharkEntityForge=2}	{AmericanLobsterEntityForge=300, AtlanticCodEntityForge=300, AtlanticSalmonEntityForge=300, BlackSeaNettleJellyfishEntityForge=300, BlacktipReefSharkEntityForge=300, BottlenoseDolphinEntityForge=700, CannonballJellyfishEntityForge=300, CaribbeanReefOctopusEntityForge=300, CommonOctopusEntityForge=300, CommonStingrayEntityForge=300, CommonThresherSharkEntityForge=300, GiantMorayEelEntityForge=300, GreatHammerheadSharkEntityForge=300, GreatWhiteSharkEntityForge=300, GreenSeaTurtleEntityForge=300, HarborSealEntityForge=300, NautilusEntityForge=300, OceanicWhitetipSharkEntityForge=300, OrcaEntityForge=700, SandtigerSharkEntityForge=300, ShortfinMakoSharkEntityForge=300, TigerSharkEntityForge=300}	11	{action_escape=61, action_feed=294, action_habitat=9, action_social=2, bounded_living_scans=1676, death_AmericanLobsterEntityForge_mob_by_CommonStingrayEntityForge=3, death_AtlanticCodEntityForge_mob_by_BlacktipReefSharkEntityForge=2, death_AtlanticCodEntityForge_mob_by_CommonThresherSharkEntityForge=2, death_AtlanticCodEntityForge_mob_by_SandtigerSharkEntityForge=2, death_AtlanticCodEntityForge_mob_by_TigerSharkEntityForge=1, death_AtlanticSalmonEntityForge_mob_by_BlacktipReefSharkEntityForge=1, death_AtlanticSalmonEntityForge_mob_by_OceanicWhitetipSharkEntityForge=1, death_AtlanticSalmonEntityForge_mob_by_TigerSharkEntityForge=1, death_BlackSeaNettleJellyfishEntityForge_mob_by_GreatWhiteSharkEntityForge=1, death_CaribbeanReefOctopusEntityForge_mob_by_CommonStingrayEntityForge=1, death_CaribbeanReefOctopusEntityForge_mob_by_GreatHammerheadSharkEntityForge=2, death_HarborSealEntityForge_mob_by_GreatWhiteSharkEntityForge=1, death_NautilusEntityForge_mob_by_CommonStingrayEntityForge=3, death_SandtigerSharkEntityForge_mob_by_BlackSeaNettleJellyfishEntityForge=1, living_deaths=22, navigation_calls=25343, sensor_calls=54747}	122	126
12200	451727744	{AmericanLobsterEntityForge=20, AtlanticCodEntityForge=15, AtlanticSalmonEntityForge=16, BlackSeaNettleJellyfishEntityForge=2, BlacktipReefSharkEntityForge=6, BottlenoseDolphinEntityForge=8, CannonballJellyfishEntityForge=4, CaribbeanReefOctopusEntityForge=4, CommonOctopusEntityForge=6, CommonStingrayEntityForge=6, CommonThresherSharkEntityForge=2, GiantMorayEelEntityForge=8, GreatHammerheadSharkEntityForge=2, GreatWhiteSharkEntityForge=2, GreenSeaTurtleEntityForge=6, HarborSealEntityForge=6, NautilusEntityForge=2, OceanicWhitetipSharkEntityForge=2, OrcaEntityForge=2, SandtigerSharkEntityForge=2, ShortfinMakoSharkEntityForge=2, TigerSharkEntityForge=2}	{AmericanLobsterEntityForge=300, AtlanticCodEntityForge=300, AtlanticSalmonEntityForge=300, BlackSeaNettleJellyfishEntityForge=300, BlacktipReefSharkEntityForge=300, BottlenoseDolphinEntityForge=700, CannonballJellyfishEntityForge=300, CaribbeanReefOctopusEntityForge=300, CommonOctopusEntityForge=300, CommonStingrayEntityForge=300, CommonThresherSharkEntityForge=300, GiantMorayEelEntityForge=300, GreatHammerheadSharkEntityForge=300, GreatWhiteSharkEntityForge=300, GreenSeaTurtleEntityForge=300, HarborSealEntityForge=300, NautilusEntityForge=300, OceanicWhitetipSharkEntityForge=300, OrcaEntityForge=700, SandtigerSharkEntityForge=300, ShortfinMakoSharkEntityForge=300, TigerSharkEntityForge=300}	11	{action_escape=62, action_feed=299, action_habitat=9, action_social=2, bounded_living_scans=1710, death_AmericanLobsterEntityForge_mob_by_CommonStingrayEntityForge=3, death_AtlanticCodEntityForge_mob_by_BlacktipReefSharkEntityForge=3, death_AtlanticCodEntityForge_mob_by_CommonThresherSharkEntityForge=2, death_AtlanticCodEntityForge_mob_by_SandtigerSharkEntityForge=2, death_AtlanticCodEntityForge_mob_by_TigerSharkEntityForge=1, death_AtlanticSalmonEntityForge_mob_by_BlacktipReefSharkEntityForge=1, death_AtlanticSalmonEntityForge_mob_by_OceanicWhitetipSharkEntityForge=1, death_AtlanticSalmonEntityForge_mob_by_TigerSharkEntityForge=1, death_BlackSeaNettleJellyfishEntityForge_mob_by_GreatWhiteSharkEntityForge=1, death_CaribbeanReefOctopusEntityForge_mob_by_CommonStingrayEntityForge=1, death_CaribbeanReefOctopusEntityForge_mob_by_GreatHammerheadSharkEntityForge=2, death_HarborSealEntityForge_mob_by_GreatWhiteSharkEntityForge=1, death_NautilusEntityForge_mob_by_CommonStingrayEntityForge=3, death_SandtigerSharkEntityForge_mob_by_BlackSeaNettleJellyfishEntityForge=1, living_deaths=23, navigation_calls=25659, sensor_calls=55698}	124	125
12400	655151488	{AmericanLobsterEntityForge=20, AtlanticCodEntityForge=16, AtlanticSalmonEntityForge=16, BlackSeaNettleJellyfishEntityForge=2, BlacktipReefSharkEntityForge=6, BottlenoseDolphinEntityForge=8, CannonballJellyfishEntityForge=4, CaribbeanReefOctopusEntityForge=4, CommonOctopusEntityForge=6, CommonStingrayEntityForge=6, CommonThresherSharkEntityForge=2, GiantMorayEelEntityForge=8, GreatHammerheadSharkEntityForge=2, GreatWhiteSharkEntityForge=2, GreenSeaTurtleEntityForge=6, HarborSealEntityForge=6, NautilusEntityForge=2, OceanicWhitetipSharkEntityForge=2, OrcaEntityForge=2, SandtigerSharkEntityForge=2, ShortfinMakoSharkEntityForge=2, TigerSharkEntityForge=2}	{AmericanLobsterEntityForge=300, AtlanticCodEntityForge=300, AtlanticSalmonEntityForge=300, BlackSeaNettleJellyfishEntityForge=300, BlacktipReefSharkEntityForge=300, BottlenoseDolphinEntityForge=700, CannonballJellyfishEntityForge=300, CaribbeanReefOctopusEntityForge=300, CommonOctopusEntityForge=300, CommonStingrayEntityForge=300, CommonThresherSharkEntityForge=300, GiantMorayEelEntityForge=300, GreatHammerheadSharkEntityForge=300, GreatWhiteSharkEntityForge=300, GreenSeaTurtleEntityForge=300, HarborSealEntityForge=300, NautilusEntityForge=300, OceanicWhitetipSharkEntityForge=300, OrcaEntityForge=700, SandtigerSharkEntityForge=300, ShortfinMakoSharkEntityForge=300, TigerSharkEntityForge=300}	11	{action_escape=64, action_feed=305, action_habitat=9, action_social=2, bounded_living_scans=1728, death_AmericanLobsterEntityForge_mob_by_CommonStingrayEntityForge=3, death_AtlanticCodEntityForge_mob_by_BlacktipReefSharkEntityForge=3, death_AtlanticCodEntityForge_mob_by_CommonThresherSharkEntityForge=2, death_AtlanticCodEntityForge_mob_by_SandtigerSharkEntityForge=2, death_AtlanticCodEntityForge_mob_by_TigerSharkEntityForge=1, death_AtlanticSalmonEntityForge_mob_by_BlacktipReefSharkEntityForge=1, death_AtlanticSalmonEntityForge_mob_by_OceanicWhitetipSharkEntityForge=1, death_AtlanticSalmonEntityForge_mob_by_TigerSharkEntityForge=1, death_BlackSeaNettleJellyfishEntityForge_mob_by_GreatWhiteSharkEntityForge=1, death_CaribbeanReefOctopusEntityForge_mob_by_CommonStingrayEntityForge=1, death_CaribbeanReefOctopusEntityForge_mob_by_GreatHammerheadSharkEntityForge=2, death_HarborSealEntityForge_mob_by_GreatWhiteSharkEntityForge=1, death_NautilusEntityForge_mob_by_CommonStingrayEntityForge=3, death_SandtigerSharkEntityForge_mob_by_BlackSeaNettleJellyfishEntityForge=1, living_deaths=23, navigation_calls=26018, sensor_calls=56573}	123	126
12600	866963840	{AmericanLobsterEntityForge=20, AtlanticCodEntityForge=15, AtlanticSalmonEntityForge=16, BlackSeaNettleJellyfishEntityForge=2, BlacktipReefSharkEntityForge=6, BottlenoseDolphinEntityForge=8, CannonballJellyfishEntityForge=4, CaribbeanReefOctopusEntityForge=4, CommonOctopusEntityForge=6, CommonStingrayEntityForge=6, CommonThresherSharkEntityForge=2, GiantMorayEelEntityForge=8, GreatHammerheadSharkEntityForge=2, GreatWhiteSharkEntityForge=2, GreenSeaTurtleEntityForge=6, HarborSealEntityForge=6, NautilusEntityForge=2, OceanicWhitetipSharkEntityForge=2, OrcaEntityForge=2, SandtigerSharkEntityForge=2, ShortfinMakoSharkEntityForge=2, TigerSharkEntityForge=2}	{AmericanLobsterEntityForge=300, AtlanticCodEntityForge=300, AtlanticSalmonEntityForge=300, BlackSeaNettleJellyfishEntityForge=300, BlacktipReefSharkEntityForge=300, BottlenoseDolphinEntityForge=700, CannonballJellyfishEntityForge=300, CaribbeanReefOctopusEntityForge=300, CommonOctopusEntityForge=300, CommonStingrayEntityForge=300, CommonThresherSharkEntityForge=300, GiantMorayEelEntityForge=300, GreatHammerheadSharkEntityForge=300, GreatWhiteSharkEntityForge=300, GreenSeaTurtleEntityForge=300, HarborSealEntityForge=300, NautilusEntityForge=300, OceanicWhitetipSharkEntityForge=300, OrcaEntityForge=700, SandtigerSharkEntityForge=300, ShortfinMakoSharkEntityForge=300, TigerSharkEntityForge=300}	11	{action_escape=64, action_feed=312, action_habitat=9, action_social=2, bounded_living_scans=1766, death_AmericanLobsterEntityForge_mob_by_CommonStingrayEntityForge=3, death_AtlanticCodEntityForge_mob_by_BlacktipReefSharkEntityForge=3, death_AtlanticCodEntityForge_mob_by_CommonThresherSharkEntityForge=2, death_AtlanticCodEntityForge_mob_by_OceanicWhitetipSharkEntityForge=1, death_AtlanticCodEntityForge_mob_by_SandtigerSharkEntityForge=2, death_AtlanticCodEntityForge_mob_by_TigerSharkEntityForge=1, death_AtlanticSalmonEntityForge_mob_by_BlacktipReefSharkEntityForge=1, death_AtlanticSalmonEntityForge_mob_by_OceanicWhitetipSharkEntityForge=1, death_AtlanticSalmonEntityForge_mob_by_TigerSharkEntityForge=1, death_BlackSeaNettleJellyfishEntityForge_mob_by_GreatWhiteSharkEntityForge=1, death_CaribbeanReefOctopusEntityForge_mob_by_CommonStingrayEntityForge=1, death_CaribbeanReefOctopusEntityForge_mob_by_GreatHammerheadSharkEntityForge=2, death_HarborSealEntityForge_mob_by_GreatWhiteSharkEntityForge=1, death_NautilusEntityForge_mob_by_CommonStingrayEntityForge=3, death_SandtigerSharkEntityForge_mob_by_BlackSeaNettleJellyfishEntityForge=1, living_deaths=24, navigation_calls=26515, sensor_calls=57523}	124	125
12800	1075630464	{AmericanLobsterEntityForge=20, AtlanticCodEntityForge=16, AtlanticSalmonEntityForge=16, BlackSeaNettleJellyfishEntityForge=2, BlacktipReefSharkEntityForge=6, BottlenoseDolphinEntityForge=8, CannonballJellyfishEntityForge=4, CaribbeanReefOctopusEntityForge=4, CommonOctopusEntityForge=6, CommonStingrayEntityForge=6, CommonThresherSharkEntityForge=2, GiantMorayEelEntityForge=8, GreatHammerheadSharkEntityForge=2, GreatWhiteSharkEntityForge=2, GreenSeaTurtleEntityForge=6, HarborSealEntityForge=6, NautilusEntityForge=2, OceanicWhitetipSharkEntityForge=2, OrcaEntityForge=2, SandtigerSharkEntityForge=2, ShortfinMakoSharkEntityForge=2, TigerSharkEntityForge=2}	{AmericanLobsterEntityForge=300, AtlanticCodEntityForge=300, AtlanticSalmonEntityForge=300, BlackSeaNettleJellyfishEntityForge=300, BlacktipReefSharkEntityForge=300, BottlenoseDolphinEntityForge=700, CannonballJellyfishEntityForge=300, CaribbeanReefOctopusEntityForge=300, CommonOctopusEntityForge=300, CommonStingrayEntityForge=300, CommonThresherSharkEntityForge=300, GiantMorayEelEntityForge=300, GreatHammerheadSharkEntityForge=300, GreatWhiteSharkEntityForge=300, GreenSeaTurtleEntityForge=300, HarborSealEntityForge=300, NautilusEntityForge=300, OceanicWhitetipSharkEntityForge=300, OrcaEntityForge=700, SandtigerSharkEntityForge=300, ShortfinMakoSharkEntityForge=300, TigerSharkEntityForge=300}	11	{action_escape=66, action_feed=316, action_habitat=9, action_social=2, bounded_living_scans=1780, death_AmericanLobsterEntityForge_mob_by_CommonStingrayEntityForge=3, death_AtlanticCodEntityForge_mob_by_BlacktipReefSharkEntityForge=3, death_AtlanticCodEntityForge_mob_by_CommonThresherSharkEntityForge=2, death_AtlanticCodEntityForge_mob_by_OceanicWhitetipSharkEntityForge=1, death_AtlanticCodEntityForge_mob_by_SandtigerSharkEntityForge=2, death_AtlanticCodEntityForge_mob_by_TigerSharkEntityForge=1, death_AtlanticSalmonEntityForge_mob_by_BlacktipReefSharkEntityForge=1, death_AtlanticSalmonEntityForge_mob_by_OceanicWhitetipSharkEntityForge=1, death_AtlanticSalmonEntityForge_mob_by_TigerSharkEntityForge=1, death_BlackSeaNettleJellyfishEntityForge_mob_by_GreatWhiteSharkEntityForge=1, death_CaribbeanReefOctopusEntityForge_mob_by_CommonStingrayEntityForge=1, death_CaribbeanReefOctopusEntityForge_mob_by_GreatHammerheadSharkEntityForge=2, death_GreenSeaTurtleEntityForge_mob_by_ShortfinMakoSharkEntityForge=1, death_HarborSealEntityForge_mob_by_GreatWhiteSharkEntityForge=1, death_NautilusEntityForge_mob_by_CommonStingrayEntityForge=3, death_SandtigerSharkEntityForge_mob_by_BlackSeaNettleJellyfishEntityForge=1, living_deaths=25, navigation_calls=26894, sensor_calls=58397}	122	126
13000	1275908480	{AmericanLobsterEntityForge=20, AtlanticCodEntityForge=16, AtlanticSalmonEntityForge=16, BlackSeaNettleJellyfishEntityForge=2, BlacktipReefSharkEntityForge=6, BottlenoseDolphinEntityForge=8, CannonballJellyfishEntityForge=4, CaribbeanReefOctopusEntityForge=4, CommonOctopusEntityForge=6, CommonStingrayEntityForge=6, CommonThresherSharkEntityForge=2, GiantMorayEelEntityForge=8, GreatHammerheadSharkEntityForge=2, GreatWhiteSharkEntityForge=2, GreenSeaTurtleEntityForge=5, HarborSealEntityForge=6, NautilusEntityForge=2, OceanicWhitetipSharkEntityForge=2, OrcaEntityForge=2, SandtigerSharkEntityForge=2, ShortfinMakoSharkEntityForge=2, TigerSharkEntityForge=2}	{AmericanLobsterEntityForge=300, AtlanticCodEntityForge=300, AtlanticSalmonEntityForge=300, BlackSeaNettleJellyfishEntityForge=300, BlacktipReefSharkEntityForge=300, BottlenoseDolphinEntityForge=700, CannonballJellyfishEntityForge=300, CaribbeanReefOctopusEntityForge=300, CommonOctopusEntityForge=300, CommonStingrayEntityForge=300, CommonThresherSharkEntityForge=300, GiantMorayEelEntityForge=300, GreatHammerheadSharkEntityForge=300, GreatWhiteSharkEntityForge=300, GreenSeaTurtleEntityForge=300, HarborSealEntityForge=300, NautilusEntityForge=300, OceanicWhitetipSharkEntityForge=300, OrcaEntityForge=700, SandtigerSharkEntityForge=300, ShortfinMakoSharkEntityForge=300, TigerSharkEntityForge=300}	11	{action_escape=68, action_feed=319, action_habitat=9, action_social=2, bounded_living_scans=1816, death_AmericanLobsterEntityForge_mob_by_BlacktipReefSharkEntityForge=1, death_AmericanLobsterEntityForge_mob_by_CommonStingrayEntityForge=3, death_AtlanticCodEntityForge_mob_by_BlacktipReefSharkEntityForge=3, death_AtlanticCodEntityForge_mob_by_CommonThresherSharkEntityForge=2, death_AtlanticCodEntityForge_mob_by_OceanicWhitetipSharkEntityForge=1, death_AtlanticCodEntityForge_mob_by_SandtigerSharkEntityForge=2, death_AtlanticCodEntityForge_mob_by_TigerSharkEntityForge=1, death_AtlanticSalmonEntityForge_mob_by_BlacktipReefSharkEntityForge=1, death_AtlanticSalmonEntityForge_mob_by_OceanicWhitetipSharkEntityForge=1, death_AtlanticSalmonEntityForge_mob_by_TigerSharkEntityForge=1, death_BlackSeaNettleJellyfishEntityForge_mob_by_GreatWhiteSharkEntityForge=1, death_CaribbeanReefOctopusEntityForge_mob_by_CommonStingrayEntityForge=1, death_CaribbeanReefOctopusEntityForge_mob_by_GreatHammerheadSharkEntityForge=2, death_GreenSeaTurtleEntityForge_mob_by_ShortfinMakoSharkEntityForge=1, death_HarborSealEntityForge_mob_by_GreatWhiteSharkEntityForge=1, death_NautilusEntityForge_mob_by_CommonStingrayEntityForge=3, death_SandtigerSharkEntityForge_mob_by_BlackSeaNettleJellyfishEntityForge=1, living_deaths=26, navigation_calls=27246, sensor_calls=59338}	121	125
13200	1469895040	{AmericanLobsterEntityForge=19, AtlanticCodEntityForge=16, AtlanticSalmonEntityForge=16, BlackSeaNettleJellyfishEntityForge=2, BlacktipReefSharkEntityForge=5, BottlenoseDolphinEntityForge=8, CannonballJellyfishEntityForge=4, CaribbeanReefOctopusEntityForge=4, CommonOctopusEntityForge=6, CommonStingrayEntityForge=6, CommonThresherSharkEntityForge=2, GiantMorayEelEntityForge=8, GreatHammerheadSharkEntityForge=2, GreatWhiteSharkEntityForge=2, GreenSeaTurtleEntityForge=6, HarborSealEntityForge=6, NautilusEntityForge=2, OceanicWhitetipSharkEntityForge=2, OrcaEntityForge=2, SandtigerSharkEntityForge=2, ShortfinMakoSharkEntityForge=2, TigerSharkEntityForge=2}	{AmericanLobsterEntityForge=300, AtlanticCodEntityForge=300, AtlanticSalmonEntityForge=300, BlackSeaNettleJellyfishEntityForge=300, BlacktipReefSharkEntityForge=300, BottlenoseDolphinEntityForge=700, CannonballJellyfishEntityForge=300, CaribbeanReefOctopusEntityForge=300, CommonOctopusEntityForge=300, CommonStingrayEntityForge=300, CommonThresherSharkEntityForge=300, GiantMorayEelEntityForge=300, GreatHammerheadSharkEntityForge=300, GreatWhiteSharkEntityForge=300, GreenSeaTurtleEntityForge=300, HarborSealEntityForge=300, NautilusEntityForge=300, OceanicWhitetipSharkEntityForge=300, OrcaEntityForge=691, SandtigerSharkEntityForge=300, ShortfinMakoSharkEntityForge=300, TigerSharkEntityForge=300}	11	{action_escape=69, action_feed=323, action_habitat=9, action_social=2, bounded_living_scans=1830, death_AmericanLobsterEntityForge_mob_by_BlacktipReefSharkEntityForge=1, death_AmericanLobsterEntityForge_mob_by_CommonStingrayEntityForge=3, death_AtlanticCodEntityForge_mob_by_BlacktipReefSharkEntityForge=3, death_AtlanticCodEntityForge_mob_by_CommonThresherSharkEntityForge=2, death_AtlanticCodEntityForge_mob_by_OceanicWhitetipSharkEntityForge=1, death_AtlanticCodEntityForge_mob_by_SandtigerSharkEntityForge=2, death_AtlanticCodEntityForge_mob_by_TigerSharkEntityForge=1, death_AtlanticSalmonEntityForge_mob_by_BlacktipReefSharkEntityForge=1, death_AtlanticSalmonEntityForge_mob_by_OceanicWhitetipSharkEntityForge=1, death_AtlanticSalmonEntityForge_mob_by_TigerSharkEntityForge=1, death_BlackSeaNettleJellyfishEntityForge_mob_by_GreatWhiteSharkEntityForge=1, death_BlacktipReefSharkEntityForge_mob_by_ShortfinMakoSharkEntityForge=1, death_CaribbeanReefOctopusEntityForge_mob_by_CommonStingrayEntityForge=1, death_CaribbeanReefOctopusEntityForge_mob_by_GreatHammerheadSharkEntityForge=2, death_GreenSeaTurtleEntityForge_mob_by_ShortfinMakoSharkEntityForge=1, death_HarborSealEntityForge_mob_by_GreatWhiteSharkEntityForge=1, death_NautilusEntityForge_mob_by_CommonStingrayEntityForge=3, death_SandtigerSharkEntityForge_mob_by_BlackSeaNettleJellyfishEntityForge=1, living_deaths=27, navigation_calls=27589, sensor_calls=60201}	122	124
13400	1665978752	{AmericanLobsterEntityForge=20, AtlanticCodEntityForge=16, AtlanticSalmonEntityForge=16, BlackSeaNettleJellyfishEntityForge=2, BlacktipReefSharkEntityForge=6, BottlenoseDolphinEntityForge=8, CannonballJellyfishEntityForge=4, CaribbeanReefOctopusEntityForge=4, CommonOctopusEntityForge=6, CommonStingrayEntityForge=5, CommonThresherSharkEntityForge=2, GiantMorayEelEntityForge=8, GreatHammerheadSharkEntityForge=2, GreatWhiteSharkEntityForge=2, GreenSeaTurtleEntityForge=6, HarborSealEntityForge=6, NautilusEntityForge=2, OceanicWhitetipSharkEntityForge=2, OrcaEntityForge=2, SandtigerSharkEntityForge=2, ShortfinMakoSharkEntityForge=2, TigerSharkEntityForge=2}	{AmericanLobsterEntityForge=300, AtlanticCodEntityForge=300, AtlanticSalmonEntityForge=300, BlackSeaNettleJellyfishEntityForge=300, BlacktipReefSharkEntityForge=300, BottlenoseDolphinEntityForge=700, CannonballJellyfishEntityForge=300, CaribbeanReefOctopusEntityForge=300, CommonOctopusEntityForge=300, CommonStingrayEntityForge=300, CommonThresherSharkEntityForge=300, GiantMorayEelEntityForge=300, GreatHammerheadSharkEntityForge=300, GreatWhiteSharkEntityForge=300, GreenSeaTurtleEntityForge=300, HarborSealEntityForge=300, NautilusEntityForge=300, OceanicWhitetipSharkEntityForge=300, OrcaEntityForge=700, SandtigerSharkEntityForge=300, ShortfinMakoSharkEntityForge=300, TigerSharkEntityForge=300}	11	{action_escape=71, action_feed=329, action_habitat=9, action_social=2, bounded_living_scans=1871, death_AmericanLobsterEntityForge_mob_by_BlacktipReefSharkEntityForge=1, death_AmericanLobsterEntityForge_mob_by_CommonStingrayEntityForge=3, death_AtlanticCodEntityForge_mob_by_BlacktipReefSharkEntityForge=3, death_AtlanticCodEntityForge_mob_by_CommonThresherSharkEntityForge=2, death_AtlanticCodEntityForge_mob_by_OceanicWhitetipSharkEntityForge=1, death_AtlanticCodEntityForge_mob_by_SandtigerSharkEntityForge=2, death_AtlanticCodEntityForge_mob_by_TigerSharkEntityForge=1, death_AtlanticSalmonEntityForge_mob_by_BlacktipReefSharkEntityForge=1, death_AtlanticSalmonEntityForge_mob_by_OceanicWhitetipSharkEntityForge=1, death_AtlanticSalmonEntityForge_mob_by_TigerSharkEntityForge=1, death_BlackSeaNettleJellyfishEntityForge_mob_by_GreatWhiteSharkEntityForge=1, death_BlacktipReefSharkEntityForge_mob_by_ShortfinMakoSharkEntityForge=1, death_CaribbeanReefOctopusEntityForge_mob_by_CommonStingrayEntityForge=1, death_CaribbeanReefOctopusEntityForge_mob_by_GreatHammerheadSharkEntityForge=2, death_CommonStingrayEntityForge_mob_by_ShortfinMakoSharkEntityForge=1, death_GreenSeaTurtleEntityForge_mob_by_ShortfinMakoSharkEntityForge=1, death_HarborSealEntityForge_mob_by_GreatWhiteSharkEntityForge=1, death_NautilusEntityForge_mob_by_CommonStingrayEntityForge=3, death_SandtigerSharkEntityForge_mob_by_BlackSeaNettleJellyfishEntityForge=1, living_deaths=28, navigation_calls=28019, sensor_calls=61153}	122	125
13600	599936440	{AmericanLobsterEntityForge=20, AtlanticCodEntityForge=16, AtlanticSalmonEntityForge=16, BlackSeaNettleJellyfishEntityForge=2, BlacktipReefSharkEntityForge=6, BottlenoseDolphinEntityForge=8, CannonballJellyfishEntityForge=4, CaribbeanReefOctopusEntityForge=4, CommonOctopusEntityForge=5, CommonStingrayEntityForge=6, CommonThresherSharkEntityForge=2, GiantMorayEelEntityForge=8, GreatHammerheadSharkEntityForge=2, GreatWhiteSharkEntityForge=2, GreenSeaTurtleEntityForge=6, HarborSealEntityForge=6, NautilusEntityForge=2, OceanicWhitetipSharkEntityForge=2, OrcaEntityForge=2, SandtigerSharkEntityForge=2, ShortfinMakoSharkEntityForge=2, TigerSharkEntityForge=2}	{AmericanLobsterEntityForge=300, AtlanticCodEntityForge=300, AtlanticSalmonEntityForge=300, BlackSeaNettleJellyfishEntityForge=300, BlacktipReefSharkEntityForge=300, BottlenoseDolphinEntityForge=700, CannonballJellyfishEntityForge=300, CaribbeanReefOctopusEntityForge=300, CommonOctopusEntityForge=300, CommonStingrayEntityForge=300, CommonThresherSharkEntityForge=300, GiantMorayEelEntityForge=300, GreatHammerheadSharkEntityForge=300, GreatWhiteSharkEntityForge=300, GreenSeaTurtleEntityForge=300, HarborSealEntityForge=300, NautilusEntityForge=300, OceanicWhitetipSharkEntityForge=300, OrcaEntityForge=700, SandtigerSharkEntityForge=300, ShortfinMakoSharkEntityForge=300, TigerSharkEntityForge=300}	11	{action_escape=74, action_feed=333, action_habitat=9, action_social=3, bounded_living_scans=1887, death_AmericanLobsterEntityForge_mob_by_BlacktipReefSharkEntityForge=1, death_AmericanLobsterEntityForge_mob_by_CommonStingrayEntityForge=3, death_AtlanticCodEntityForge_mob_by_BlacktipReefSharkEntityForge=3, death_AtlanticCodEntityForge_mob_by_CommonThresherSharkEntityForge=2, death_AtlanticCodEntityForge_mob_by_OceanicWhitetipSharkEntityForge=1, death_AtlanticCodEntityForge_mob_by_SandtigerSharkEntityForge=2, death_AtlanticCodEntityForge_mob_by_TigerSharkEntityForge=1, death_AtlanticSalmonEntityForge_mob_by_BlacktipReefSharkEntityForge=1, death_AtlanticSalmonEntityForge_mob_by_OceanicWhitetipSharkEntityForge=1, death_AtlanticSalmonEntityForge_mob_by_TigerSharkEntityForge=1, death_BlackSeaNettleJellyfishEntityForge_mob_by_GreatWhiteSharkEntityForge=1, death_BlacktipReefSharkEntityForge_mob_by_ShortfinMakoSharkEntityForge=1, death_CaribbeanReefOctopusEntityForge_mob_by_CommonStingrayEntityForge=1, death_CaribbeanReefOctopusEntityForge_mob_by_GreatHammerheadSharkEntityForge=2, death_CommonOctopusEntityForge_mob_by_GreatHammerheadSharkEntityForge=1, death_CommonStingrayEntityForge_mob_by_ShortfinMakoSharkEntityForge=1, death_GreenSeaTurtleEntityForge_mob_by_ShortfinMakoSharkEntityForge=1, death_HarborSealEntityForge_mob_by_GreatWhiteSharkEntityForge=1, death_NautilusEntityForge_mob_by_CommonStingrayEntityForge=3, death_SandtigerSharkEntityForge_mob_by_BlackSeaNettleJellyfishEntityForge=1, living_deaths=29, navigation_calls=28424, sensor_calls=62025}	119	125
13800	791825848	{AmericanLobsterEntityForge=20, AtlanticCodEntityForge=16, AtlanticSalmonEntityForge=15, BlackSeaNettleJellyfishEntityForge=2, BlacktipReefSharkEntityForge=6, BottlenoseDolphinEntityForge=8, CannonballJellyfishEntityForge=4, CaribbeanReefOctopusEntityForge=4, CommonOctopusEntityForge=6, CommonStingrayEntityForge=6, CommonThresherSharkEntityForge=2, GiantMorayEelEntityForge=8, GreatHammerheadSharkEntityForge=2, GreatWhiteSharkEntityForge=2, GreenSeaTurtleEntityForge=6, HarborSealEntityForge=6, NautilusEntityForge=2, OceanicWhitetipSharkEntityForge=2, OrcaEntityForge=2, SandtigerSharkEntityForge=2, ShortfinMakoSharkEntityForge=2, TigerSharkEntityForge=2}	{AmericanLobsterEntityForge=300, AtlanticCodEntityForge=300, AtlanticSalmonEntityForge=300, BlackSeaNettleJellyfishEntityForge=300, BlacktipReefSharkEntityForge=300, BottlenoseDolphinEntityForge=700, CannonballJellyfishEntityForge=300, CaribbeanReefOctopusEntityForge=300, CommonOctopusEntityForge=300, CommonStingrayEntityForge=300, CommonThresherSharkEntityForge=300, GiantMorayEelEntityForge=300, GreatHammerheadSharkEntityForge=300, GreatWhiteSharkEntityForge=300, GreenSeaTurtleEntityForge=300, HarborSealEntityForge=300, NautilusEntityForge=300, OceanicWhitetipSharkEntityForge=300, OrcaEntityForge=700, SandtigerSharkEntityForge=300, ShortfinMakoSharkEntityForge=300, TigerSharkEntityForge=300}	11	{action_escape=75, action_feed=343, action_habitat=9, action_social=3, bounded_living_scans=1926, death_AmericanLobsterEntityForge_mob_by_BlacktipReefSharkEntityForge=1, death_AmericanLobsterEntityForge_mob_by_CommonStingrayEntityForge=3, death_AtlanticCodEntityForge_mob_by_BlacktipReefSharkEntityForge=3, death_AtlanticCodEntityForge_mob_by_CommonThresherSharkEntityForge=2, death_AtlanticCodEntityForge_mob_by_OceanicWhitetipSharkEntityForge=1, death_AtlanticCodEntityForge_mob_by_SandtigerSharkEntityForge=2, death_AtlanticCodEntityForge_mob_by_TigerSharkEntityForge=1, death_AtlanticSalmonEntityForge_mob_by_BlacktipReefSharkEntityForge=1, death_AtlanticSalmonEntityForge_mob_by_OceanicWhitetipSharkEntityForge=2, death_AtlanticSalmonEntityForge_mob_by_TigerSharkEntityForge=1, death_BlackSeaNettleJellyfishEntityForge_mob_by_GreatWhiteSharkEntityForge=1, death_BlacktipReefSharkEntityForge_mob_by_ShortfinMakoSharkEntityForge=1, death_CaribbeanReefOctopusEntityForge_mob_by_CommonStingrayEntityForge=1, death_CaribbeanReefOctopusEntityForge_mob_by_GreatHammerheadSharkEntityForge=2, death_CommonOctopusEntityForge_mob_by_GreatHammerheadSharkEntityForge=1, death_CommonStingrayEntityForge_mob_by_ShortfinMakoSharkEntityForge=1, death_GreenSeaTurtleEntityForge_mob_by_ShortfinMakoSharkEntityForge=1, death_HarborSealEntityForge_mob_by_GreatWhiteSharkEntityForge=1, death_NautilusEntityForge_mob_by_CommonStingrayEntityForge=3, death_SandtigerSharkEntityForge_mob_by_BlackSeaNettleJellyfishEntityForge=1, living_deaths=30, navigation_calls=28787, sensor_calls=62976}	119	125
14000	983715256	{AmericanLobsterEntityForge=20, AtlanticCodEntityForge=16, AtlanticSalmonEntityForge=16, BlackSeaNettleJellyfishEntityForge=2, BlacktipReefSharkEntityForge=6, BottlenoseDolphinEntityForge=8, CannonballJellyfishEntityForge=3, CaribbeanReefOctopusEntityForge=4, CommonOctopusEntityForge=6, CommonStingrayEntityForge=6, CommonThresherSharkEntityForge=2, GiantMorayEelEntityForge=8, GreatHammerheadSharkEntityForge=2, GreatWhiteSharkEntityForge=2, GreenSeaTurtleEntityForge=6, HarborSealEntityForge=6, NautilusEntityForge=2, OceanicWhitetipSharkEntityForge=2, OrcaEntityForge=2, SandtigerSharkEntityForge=2, ShortfinMakoSharkEntityForge=2, TigerSharkEntityForge=2}	{AmericanLobsterEntityForge=300, AtlanticCodEntityForge=300, AtlanticSalmonEntityForge=300, BlackSeaNettleJellyfishEntityForge=300, BlacktipReefSharkEntityForge=300, BottlenoseDolphinEntityForge=700, CannonballJellyfishEntityForge=300, CaribbeanReefOctopusEntityForge=300, CommonOctopusEntityForge=300, CommonStingrayEntityForge=300, CommonThresherSharkEntityForge=300, GiantMorayEelEntityForge=300, GreatHammerheadSharkEntityForge=300, GreatWhiteSharkEntityForge=300, GreenSeaTurtleEntityForge=300, HarborSealEntityForge=300, NautilusEntityForge=300, OceanicWhitetipSharkEntityForge=300, OrcaEntityForge=700, SandtigerSharkEntityForge=300, ShortfinMakoSharkEntityForge=300, TigerSharkEntityForge=300}	11	{action_escape=76, action_feed=346, action_habitat=9, action_social=4, bounded_living_scans=1942, death_AmericanLobsterEntityForge_mob_by_BlacktipReefSharkEntityForge=1, death_AmericanLobsterEntityForge_mob_by_CommonStingrayEntityForge=3, death_AtlanticCodEntityForge_mob_by_BlacktipReefSharkEntityForge=3, death_AtlanticCodEntityForge_mob_by_CommonThresherSharkEntityForge=2, death_AtlanticCodEntityForge_mob_by_OceanicWhitetipSharkEntityForge=1, death_AtlanticCodEntityForge_mob_by_SandtigerSharkEntityForge=2, death_AtlanticCodEntityForge_mob_by_TigerSharkEntityForge=1, death_AtlanticSalmonEntityForge_mob_by_BlacktipReefSharkEntityForge=1, death_AtlanticSalmonEntityForge_mob_by_OceanicWhitetipSharkEntityForge=2, death_AtlanticSalmonEntityForge_mob_by_TigerSharkEntityForge=1, death_BlackSeaNettleJellyfishEntityForge_mob_by_GreatWhiteSharkEntityForge=1, death_BlacktipReefSharkEntityForge_mob_by_ShortfinMakoSharkEntityForge=1, death_CannonballJellyfishEntityForge_mob_by_GreatWhiteSharkEntityForge=1, death_CaribbeanReefOctopusEntityForge_mob_by_CommonStingrayEntityForge=1, death_CaribbeanReefOctopusEntityForge_mob_by_GreatHammerheadSharkEntityForge=2, death_CommonOctopusEntityForge_mob_by_GreatHammerheadSharkEntityForge=1, death_CommonStingrayEntityForge_mob_by_ShortfinMakoSharkEntityForge=1, death_GreenSeaTurtleEntityForge_mob_by_ShortfinMakoSharkEntityForge=1, death_HarborSealEntityForge_mob_by_GreatWhiteSharkEntityForge=1, death_NautilusEntityForge_mob_by_CommonStingrayEntityForge=3, death_SandtigerSharkEntityForge_mob_by_BlackSeaNettleJellyfishEntityForge=1, living_deaths=31, navigation_calls=29040, sensor_calls=63847}	123	125
14200	1178750392	{AmericanLobsterEntityForge=20, AtlanticCodEntityForge=16, AtlanticSalmonEntityForge=16, BlackSeaNettleJellyfishEntityForge=2, BlacktipReefSharkEntityForge=6, BottlenoseDolphinEntityForge=8, CannonballJellyfishEntityForge=4, CaribbeanReefOctopusEntityForge=4, CommonOctopusEntityForge=6, CommonStingrayEntityForge=6, CommonThresherSharkEntityForge=2, GiantMorayEelEntityForge=8, GreatHammerheadSharkEntityForge=2, GreatWhiteSharkEntityForge=2, GreenSeaTurtleEntityForge=6, HarborSealEntityForge=6, NautilusEntityForge=2, OceanicWhitetipSharkEntityForge=2, OrcaEntityForge=2, SandtigerSharkEntityForge=2, ShortfinMakoSharkEntityForge=2, TigerSharkEntityForge=2}	{AmericanLobsterEntityForge=300, AtlanticCodEntityForge=300, AtlanticSalmonEntityForge=300, BlackSeaNettleJellyfishEntityForge=300, BlacktipReefSharkEntityForge=300, BottlenoseDolphinEntityForge=700, CannonballJellyfishEntityForge=300, CaribbeanReefOctopusEntityForge=300, CommonOctopusEntityForge=300, CommonStingrayEntityForge=300, CommonThresherSharkEntityForge=300, GiantMorayEelEntityForge=300, GreatHammerheadSharkEntityForge=300, GreatWhiteSharkEntityForge=300, GreenSeaTurtleEntityForge=300, HarborSealEntityForge=300, NautilusEntityForge=300, OceanicWhitetipSharkEntityForge=300, OrcaEntityForge=700, SandtigerSharkEntityForge=300, ShortfinMakoSharkEntityForge=300, TigerSharkEntityForge=300}	11	{action_escape=78, action_feed=355, action_habitat=9, action_social=5, bounded_living_scans=1980, death_AmericanLobsterEntityForge_mob_by_BlacktipReefSharkEntityForge=1, death_AmericanLobsterEntityForge_mob_by_CommonStingrayEntityForge=3, death_AtlanticCodEntityForge_mob_by_BlacktipReefSharkEntityForge=3, death_AtlanticCodEntityForge_mob_by_CommonThresherSharkEntityForge=2, death_AtlanticCodEntityForge_mob_by_OceanicWhitetipSharkEntityForge=1, death_AtlanticCodEntityForge_mob_by_SandtigerSharkEntityForge=2, death_AtlanticCodEntityForge_mob_by_TigerSharkEntityForge=1, death_AtlanticSalmonEntityForge_mob_by_BlacktipReefSharkEntityForge=1, death_AtlanticSalmonEntityForge_mob_by_OceanicWhitetipSharkEntityForge=2, death_AtlanticSalmonEntityForge_mob_by_TigerSharkEntityForge=1, death_BlackSeaNettleJellyfishEntityForge_mob_by_GreatWhiteSharkEntityForge=1, death_BlacktipReefSharkEntityForge_mob_by_ShortfinMakoSharkEntityForge=1, death_CannonballJellyfishEntityForge_mob_by_GreatWhiteSharkEntityForge=1, death_CaribbeanReefOctopusEntityForge_mob_by_CommonStingrayEntityForge=1, death_CaribbeanReefOctopusEntityForge_mob_by_GreatHammerheadSharkEntityForge=2, death_CommonOctopusEntityForge_mob_by_GreatHammerheadSharkEntityForge=1, death_CommonStingrayEntityForge_mob_by_ShortfinMakoSharkEntityForge=1, death_GreenSeaTurtleEntityForge_mob_by_ShortfinMakoSharkEntityForge=1, death_HarborSealEntityForge_mob_by_GreatWhiteSharkEntityForge=1, death_NautilusEntityForge_mob_by_CommonStingrayEntityForge=3, death_SandtigerSharkEntityForge_mob_by_BlackSeaNettleJellyfishEntityForge=1, living_deaths=31, navigation_calls=29298, sensor_calls=64797}	123	126
14400	1371688376	{AmericanLobsterEntityForge=20, AtlanticCodEntityForge=16, AtlanticSalmonEntityForge=16, BlackSeaNettleJellyfishEntityForge=2, BlacktipReefSharkEntityForge=6, BottlenoseDolphinEntityForge=8, CannonballJellyfishEntityForge=4, CaribbeanReefOctopusEntityForge=4, CommonOctopusEntityForge=6, CommonStingrayEntityForge=6, CommonThresherSharkEntityForge=2, GiantMorayEelEntityForge=8, GreatHammerheadSharkEntityForge=2, GreatWhiteSharkEntityForge=2, GreenSeaTurtleEntityForge=6, HarborSealEntityForge=6, NautilusEntityForge=2, OceanicWhitetipSharkEntityForge=2, OrcaEntityForge=2, SandtigerSharkEntityForge=2, ShortfinMakoSharkEntityForge=2, TigerSharkEntityForge=2}	{AmericanLobsterEntityForge=300, AtlanticCodEntityForge=300, AtlanticSalmonEntityForge=300, BlackSeaNettleJellyfishEntityForge=300, BlacktipReefSharkEntityForge=300, BottlenoseDolphinEntityForge=700, CannonballJellyfishEntityForge=300, CaribbeanReefOctopusEntityForge=300, CommonOctopusEntityForge=300, CommonStingrayEntityForge=300, CommonThresherSharkEntityForge=300, GiantMorayEelEntityForge=300, GreatHammerheadSharkEntityForge=300, GreatWhiteSharkEntityForge=300, GreenSeaTurtleEntityForge=300, HarborSealEntityForge=300, NautilusEntityForge=300, OceanicWhitetipSharkEntityForge=300, OrcaEntityForge=700, SandtigerSharkEntityForge=300, ShortfinMakoSharkEntityForge=300, TigerSharkEntityForge=300}	11	{action_escape=80, action_feed=358, action_habitat=9, action_social=6, bounded_living_scans=2000, death_AmericanLobsterEntityForge_mob_by_BlacktipReefSharkEntityForge=1, death_AmericanLobsterEntityForge_mob_by_CommonStingrayEntityForge=3, death_AtlanticCodEntityForge_mob_by_BlacktipReefSharkEntityForge=3, death_AtlanticCodEntityForge_mob_by_CommonThresherSharkEntityForge=2, death_AtlanticCodEntityForge_mob_by_OceanicWhitetipSharkEntityForge=1, death_AtlanticCodEntityForge_mob_by_SandtigerSharkEntityForge=2, death_AtlanticCodEntityForge_mob_by_TigerSharkEntityForge=1, death_AtlanticSalmonEntityForge_mob_by_BlacktipReefSharkEntityForge=1, death_AtlanticSalmonEntityForge_mob_by_OceanicWhitetipSharkEntityForge=2, death_AtlanticSalmonEntityForge_mob_by_TigerSharkEntityForge=1, death_BlackSeaNettleJellyfishEntityForge_mob_by_GreatWhiteSharkEntityForge=1, death_BlacktipReefSharkEntityForge_mob_by_ShortfinMakoSharkEntityForge=1, death_CannonballJellyfishEntityForge_mob_by_GreatWhiteSharkEntityForge=1, death_CaribbeanReefOctopusEntityForge_mob_by_CommonStingrayEntityForge=1, death_CaribbeanReefOctopusEntityForge_mob_by_GreatHammerheadSharkEntityForge=2, death_CommonOctopusEntityForge_mob_by_GreatHammerheadSharkEntityForge=1, death_CommonStingrayEntityForge_mob_by_ShortfinMakoSharkEntityForge=1, death_GreenSeaTurtleEntityForge_mob_by_ShortfinMakoSharkEntityForge=1, death_HarborSealEntityForge_mob_by_GreatWhiteSharkEntityForge=1, death_NautilusEntityForge_mob_by_CommonStingrayEntityForge=3, death_SandtigerSharkEntityForge_mob_by_BlackSeaNettleJellyfishEntityForge=1, living_deaths=31, navigation_calls=29556, sensor_calls=65672}	122	126
14600	1571966392	{AmericanLobsterEntityForge=20, AtlanticCodEntityForge=15, AtlanticSalmonEntityForge=16, BlackSeaNettleJellyfishEntityForge=2, BlacktipReefSharkEntityForge=6, BottlenoseDolphinEntityForge=8, CannonballJellyfishEntityForge=4, CaribbeanReefOctopusEntityForge=4, CommonOctopusEntityForge=6, CommonStingrayEntityForge=6, CommonThresherSharkEntityForge=2, GiantMorayEelEntityForge=8, GreatHammerheadSharkEntityForge=2, GreatWhiteSharkEntityForge=2, GreenSeaTurtleEntityForge=6, HarborSealEntityForge=6, NautilusEntityForge=2, OceanicWhitetipSharkEntityForge=2, OrcaEntityForge=2, SandtigerSharkEntityForge=2, ShortfinMakoSharkEntityForge=2, TigerSharkEntityForge=2}	{AmericanLobsterEntityForge=300, AtlanticCodEntityForge=300, AtlanticSalmonEntityForge=300, BlackSeaNettleJellyfishEntityForge=300, BlacktipReefSharkEntityForge=300, BottlenoseDolphinEntityForge=700, CannonballJellyfishEntityForge=300, CaribbeanReefOctopusEntityForge=300, CommonOctopusEntityForge=300, CommonStingrayEntityForge=300, CommonThresherSharkEntityForge=300, GiantMorayEelEntityForge=300, GreatHammerheadSharkEntityForge=300, GreatWhiteSharkEntityForge=300, GreenSeaTurtleEntityForge=300, HarborSealEntityForge=300, NautilusEntityForge=300, OceanicWhitetipSharkEntityForge=300, OrcaEntityForge=700, SandtigerSharkEntityForge=300, ShortfinMakoSharkEntityForge=300, TigerSharkEntityForge=300}	11	{action_escape=82, action_feed=364, action_habitat=9, action_social=6, bounded_living_scans=2036, death_AmericanLobsterEntityForge_mob_by_BlacktipReefSharkEntityForge=1, death_AmericanLobsterEntityForge_mob_by_CommonStingrayEntityForge=3, death_AtlanticCodEntityForge_mob_by_BlacktipReefSharkEntityForge=4, death_AtlanticCodEntityForge_mob_by_CommonThresherSharkEntityForge=2, death_AtlanticCodEntityForge_mob_by_OceanicWhitetipSharkEntityForge=1, death_AtlanticCodEntityForge_mob_by_SandtigerSharkEntityForge=2, death_AtlanticCodEntityForge_mob_by_TigerSharkEntityForge=1, death_AtlanticSalmonEntityForge_mob_by_BlacktipReefSharkEntityForge=1, death_AtlanticSalmonEntityForge_mob_by_OceanicWhitetipSharkEntityForge=2, death_AtlanticSalmonEntityForge_mob_by_TigerSharkEntityForge=1, death_BlackSeaNettleJellyfishEntityForge_mob_by_GreatWhiteSharkEntityForge=1, death_BlacktipReefSharkEntityForge_mob_by_ShortfinMakoSharkEntityForge=1, death_CannonballJellyfishEntityForge_mob_by_GreatWhiteSharkEntityForge=1, death_CaribbeanReefOctopusEntityForge_mob_by_CommonStingrayEntityForge=1, death_CaribbeanReefOctopusEntityForge_mob_by_GreatHammerheadSharkEntityForge=2, death_CommonOctopusEntityForge_mob_by_GreatHammerheadSharkEntityForge=1, death_CommonStingrayEntityForge_mob_by_ShortfinMakoSharkEntityForge=1, death_GreenSeaTurtleEntityForge_mob_by_ShortfinMakoSharkEntityForge=1, death_HarborSealEntityForge_mob_by_GreatWhiteSharkEntityForge=1, death_NautilusEntityForge_mob_by_CommonStingrayEntityForge=3, death_SandtigerSharkEntityForge_mob_by_BlackSeaNettleJellyfishEntityForge=1, living_deaths=32, navigation_calls=29856, sensor_calls=66621}	123	125
14800	504145408	{AmericanLobsterEntityForge=20, AtlanticCodEntityForge=16, AtlanticSalmonEntityForge=16, BlackSeaNettleJellyfishEntityForge=2, BlacktipReefSharkEntityForge=6, BottlenoseDolphinEntityForge=8, CannonballJellyfishEntityForge=4, CaribbeanReefOctopusEntityForge=4, CommonOctopusEntityForge=6, CommonStingrayEntityForge=6, CommonThresherSharkEntityForge=2, GiantMorayEelEntityForge=8, GreatHammerheadSharkEntityForge=2, GreatWhiteSharkEntityForge=2, GreenSeaTurtleEntityForge=6, HarborSealEntityForge=6, NautilusEntityForge=2, OceanicWhitetipSharkEntityForge=2, OrcaEntityForge=2, SandtigerSharkEntityForge=2, ShortfinMakoSharkEntityForge=2, TigerSharkEntityForge=2}	{AmericanLobsterEntityForge=300, AtlanticCodEntityForge=300, AtlanticSalmonEntityForge=300, BlackSeaNettleJellyfishEntityForge=300, BlacktipReefSharkEntityForge=300, BottlenoseDolphinEntityForge=700, CannonballJellyfishEntityForge=300, CaribbeanReefOctopusEntityForge=300, CommonOctopusEntityForge=300, CommonStingrayEntityForge=300, CommonThresherSharkEntityForge=300, GiantMorayEelEntityForge=300, GreatHammerheadSharkEntityForge=300, GreatWhiteSharkEntityForge=300, GreenSeaTurtleEntityForge=300, HarborSealEntityForge=300, NautilusEntityForge=300, OceanicWhitetipSharkEntityForge=300, OrcaEntityForge=700, SandtigerSharkEntityForge=300, ShortfinMakoSharkEntityForge=300, TigerSharkEntityForge=300}	11	{action_escape=83, action_feed=370, action_habitat=9, action_social=7, bounded_living_scans=2052, death_AmericanLobsterEntityForge_mob_by_BlacktipReefSharkEntityForge=1, death_AmericanLobsterEntityForge_mob_by_CommonStingrayEntityForge=3, death_AtlanticCodEntityForge_mob_by_BlacktipReefSharkEntityForge=4, death_AtlanticCodEntityForge_mob_by_CommonThresherSharkEntityForge=2, death_AtlanticCodEntityForge_mob_by_OceanicWhitetipSharkEntityForge=1, death_AtlanticCodEntityForge_mob_by_SandtigerSharkEntityForge=2, death_AtlanticCodEntityForge_mob_by_TigerSharkEntityForge=1, death_AtlanticSalmonEntityForge_mob_by_BlacktipReefSharkEntityForge=1, death_AtlanticSalmonEntityForge_mob_by_OceanicWhitetipSharkEntityForge=2, death_AtlanticSalmonEntityForge_mob_by_TigerSharkEntityForge=1, death_BlackSeaNettleJellyfishEntityForge_mob_by_GreatWhiteSharkEntityForge=1, death_BlacktipReefSharkEntityForge_mob_by_ShortfinMakoSharkEntityForge=1, death_CannonballJellyfishEntityForge_mob_by_GreatWhiteSharkEntityForge=1, death_CaribbeanReefOctopusEntityForge_mob_by_CommonStingrayEntityForge=1, death_CaribbeanReefOctopusEntityForge_mob_by_GreatHammerheadSharkEntityForge=2, death_CommonOctopusEntityForge_mob_by_GreatHammerheadSharkEntityForge=1, death_CommonStingrayEntityForge_mob_by_ShortfinMakoSharkEntityForge=1, death_GreenSeaTurtleEntityForge_mob_by_ShortfinMakoSharkEntityForge=1, death_HarborSealEntityForge_mob_by_GreatWhiteSharkEntityForge=1, death_NautilusEntityForge_mob_by_CommonStingrayEntityForge=3, death_SandtigerSharkEntityForge_mob_by_BlackSeaNettleJellyfishEntityForge=1, living_deaths=32, navigation_calls=30153, sensor_calls=67498}	123	126
15000	698131968	{AmericanLobsterEntityForge=20, AtlanticCodEntityForge=16, AtlanticSalmonEntityForge=16, BlackSeaNettleJellyfishEntityForge=2, BlacktipReefSharkEntityForge=6, BottlenoseDolphinEntityForge=8, CannonballJellyfishEntityForge=4, CaribbeanReefOctopusEntityForge=4, CommonOctopusEntityForge=6, CommonStingrayEntityForge=5, CommonThresherSharkEntityForge=2, GiantMorayEelEntityForge=8, GreatHammerheadSharkEntityForge=2, GreatWhiteSharkEntityForge=2, GreenSeaTurtleEntityForge=6, HarborSealEntityForge=6, NautilusEntityForge=2, OceanicWhitetipSharkEntityForge=2, OrcaEntityForge=2, SandtigerSharkEntityForge=2, ShortfinMakoSharkEntityForge=2, TigerSharkEntityForge=2}	{AmericanLobsterEntityForge=300, AtlanticCodEntityForge=300, AtlanticSalmonEntityForge=300, BlackSeaNettleJellyfishEntityForge=300, BlacktipReefSharkEntityForge=300, BottlenoseDolphinEntityForge=700, CannonballJellyfishEntityForge=300, CaribbeanReefOctopusEntityForge=300, CommonOctopusEntityForge=300, CommonStingrayEntityForge=300, CommonThresherSharkEntityForge=300, GiantMorayEelEntityForge=300, GreatHammerheadSharkEntityForge=300, GreatWhiteSharkEntityForge=300, GreenSeaTurtleEntityForge=300, HarborSealEntityForge=300, NautilusEntityForge=300, OceanicWhitetipSharkEntityForge=300, OrcaEntityForge=700, SandtigerSharkEntityForge=300, ShortfinMakoSharkEntityForge=300, TigerSharkEntityForge=300}	11	{action_escape=85, action_feed=375, action_habitat=9, action_social=7, bounded_living_scans=2089, death_AmericanLobsterEntityForge_mob_by_BlacktipReefSharkEntityForge=1, death_AmericanLobsterEntityForge_mob_by_CommonStingrayEntityForge=3, death_AtlanticCodEntityForge_mob_by_BlacktipReefSharkEntityForge=4, death_AtlanticCodEntityForge_mob_by_CommonThresherSharkEntityForge=2, death_AtlanticCodEntityForge_mob_by_OceanicWhitetipSharkEntityForge=1, death_AtlanticCodEntityForge_mob_by_SandtigerSharkEntityForge=2, death_AtlanticCodEntityForge_mob_by_TigerSharkEntityForge=1, death_AtlanticSalmonEntityForge_mob_by_BlacktipReefSharkEntityForge=1, death_AtlanticSalmonEntityForge_mob_by_OceanicWhitetipSharkEntityForge=2, death_AtlanticSalmonEntityForge_mob_by_TigerSharkEntityForge=1, death_BlackSeaNettleJellyfishEntityForge_mob_by_GreatWhiteSharkEntityForge=1, death_BlacktipReefSharkEntityForge_mob_by_ShortfinMakoSharkEntityForge=1, death_CannonballJellyfishEntityForge_mob_by_GreatWhiteSharkEntityForge=1, death_CaribbeanReefOctopusEntityForge_mob_by_CommonStingrayEntityForge=1, death_CaribbeanReefOctopusEntityForge_mob_by_GreatHammerheadSharkEntityForge=2, death_CommonOctopusEntityForge_mob_by_GreatHammerheadSharkEntityForge=1, death_CommonStingrayEntityForge_mob_by_BlacktipReefSharkEntityForge=1, death_CommonStingrayEntityForge_mob_by_ShortfinMakoSharkEntityForge=1, death_GreenSeaTurtleEntityForge_mob_by_ShortfinMakoSharkEntityForge=1, death_HarborSealEntityForge_mob_by_GreatWhiteSharkEntityForge=1, death_NautilusEntityForge_mob_by_CommonStingrayEntityForge=3, death_SandtigerSharkEntityForge_mob_by_BlackSeaNettleJellyfishEntityForge=1, living_deaths=33, navigation_calls=30504, sensor_calls=68445}	123	125
15200	890021376	{AmericanLobsterEntityForge=19, AtlanticCodEntityForge=15, AtlanticSalmonEntityForge=16, BlackSeaNettleJellyfishEntityForge=2, BlacktipReefSharkEntityForge=6, BottlenoseDolphinEntityForge=8, CannonballJellyfishEntityForge=4, CaribbeanReefOctopusEntityForge=4, CommonOctopusEntityForge=6, CommonStingrayEntityForge=6, CommonThresherSharkEntityForge=2, GiantMorayEelEntityForge=8, GreatHammerheadSharkEntityForge=2, GreatWhiteSharkEntityForge=2, GreenSeaTurtleEntityForge=6, HarborSealEntityForge=6, NautilusEntityForge=2, OceanicWhitetipSharkEntityForge=2, OrcaEntityForge=2, SandtigerSharkEntityForge=2, ShortfinMakoSharkEntityForge=2, TigerSharkEntityForge=2}	{AmericanLobsterEntityForge=300, AtlanticCodEntityForge=300, AtlanticSalmonEntityForge=300, BlackSeaNettleJellyfishEntityForge=300, BlacktipReefSharkEntityForge=300, BottlenoseDolphinEntityForge=700, CannonballJellyfishEntityForge=300, CaribbeanReefOctopusEntityForge=300, CommonOctopusEntityForge=300, CommonStingrayEntityForge=300, CommonThresherSharkEntityForge=300, GiantMorayEelEntityForge=300, GreatHammerheadSharkEntityForge=300, GreatWhiteSharkEntityForge=300, GreenSeaTurtleEntityForge=300, HarborSealEntityForge=300, NautilusEntityForge=300, OceanicWhitetipSharkEntityForge=300, OrcaEntityForge=700, SandtigerSharkEntityForge=300, ShortfinMakoSharkEntityForge=300, TigerSharkEntityForge=300}	11	{action_escape=86, action_feed=383, action_habitat=9, action_social=7, bounded_living_scans=2109, death_AmericanLobsterEntityForge_mob_by_BlacktipReefSharkEntityForge=1, death_AmericanLobsterEntityForge_mob_by_CommonStingrayEntityForge=4, death_AtlanticCodEntityForge_mob_by_BlacktipReefSharkEntityForge=4, death_AtlanticCodEntityForge_mob_by_CommonThresherSharkEntityForge=2, death_AtlanticCodEntityForge_mob_by_OceanicWhitetipSharkEntityForge=1, death_AtlanticCodEntityForge_mob_by_SandtigerSharkEntityForge=3, death_AtlanticCodEntityForge_mob_by_TigerSharkEntityForge=1, death_AtlanticSalmonEntityForge_mob_by_BlacktipReefSharkEntityForge=1, death_AtlanticSalmonEntityForge_mob_by_OceanicWhitetipSharkEntityForge=2, death_AtlanticSalmonEntityForge_mob_by_TigerSharkEntityForge=1, death_BlackSeaNettleJellyfishEntityForge_mob_by_GreatWhiteSharkEntityForge=1, death_BlacktipReefSharkEntityForge_mob_by_ShortfinMakoSharkEntityForge=1, death_CannonballJellyfishEntityForge_mob_by_GreatWhiteSharkEntityForge=1, death_CaribbeanReefOctopusEntityForge_mob_by_CommonStingrayEntityForge=1, death_CaribbeanReefOctopusEntityForge_mob_by_GreatHammerheadSharkEntityForge=2, death_CommonOctopusEntityForge_mob_by_GreatHammerheadSharkEntityForge=1, death_CommonStingrayEntityForge_mob_by_BlacktipReefSharkEntityForge=1, death_CommonStingrayEntityForge_mob_by_ShortfinMakoSharkEntityForge=1, death_GreenSeaTurtleEntityForge_mob_by_ShortfinMakoSharkEntityForge=1, death_HarborSealEntityForge_mob_by_GreatWhiteSharkEntityForge=1, death_NautilusEntityForge_mob_by_CommonStingrayEntityForge=3, death_SandtigerSharkEntityForge_mob_by_BlackSeaNettleJellyfishEntityForge=1, living_deaths=35, navigation_calls=30808, sensor_calls=69316}	120	124
15400	1087153664	{AmericanLobsterEntityForge=19, AtlanticCodEntityForge=16, AtlanticSalmonEntityForge=16, BlackSeaNettleJellyfishEntityForge=2, BlacktipReefSharkEntityForge=6, BottlenoseDolphinEntityForge=8, CannonballJellyfishEntityForge=4, CaribbeanReefOctopusEntityForge=4, CommonOctopusEntityForge=6, CommonStingrayEntityForge=6, CommonThresherSharkEntityForge=2, GiantMorayEelEntityForge=8, GreatHammerheadSharkEntityForge=2, GreatWhiteSharkEntityForge=2, GreenSeaTurtleEntityForge=6, HarborSealEntityForge=6, NautilusEntityForge=2, OceanicWhitetipSharkEntityForge=2, OrcaEntityForge=2, SandtigerSharkEntityForge=2, ShortfinMakoSharkEntityForge=2, TigerSharkEntityForge=2}	{AmericanLobsterEntityForge=300, AtlanticCodEntityForge=300, AtlanticSalmonEntityForge=300, BlackSeaNettleJellyfishEntityForge=300, BlacktipReefSharkEntityForge=300, BottlenoseDolphinEntityForge=700, CannonballJellyfishEntityForge=300, CaribbeanReefOctopusEntityForge=300, CommonOctopusEntityForge=300, CommonStingrayEntityForge=300, CommonThresherSharkEntityForge=300, GiantMorayEelEntityForge=300, GreatHammerheadSharkEntityForge=300, GreatWhiteSharkEntityForge=300, GreenSeaTurtleEntityForge=300, HarborSealEntityForge=300, NautilusEntityForge=300, OceanicWhitetipSharkEntityForge=300, OrcaEntityForge=700, SandtigerSharkEntityForge=300, ShortfinMakoSharkEntityForge=300, TigerSharkEntityForge=300}	11	{action_escape=87, action_feed=386, action_habitat=9, action_social=7, bounded_living_scans=2147, death_AmericanLobsterEntityForge_mob_by_BlacktipReefSharkEntityForge=1, death_AmericanLobsterEntityForge_mob_by_CommonStingrayEntityForge=5, death_AtlanticCodEntityForge_mob_by_BlacktipReefSharkEntityForge=4, death_AtlanticCodEntityForge_mob_by_CommonThresherSharkEntityForge=2, death_AtlanticCodEntityForge_mob_by_OceanicWhitetipSharkEntityForge=1, death_AtlanticCodEntityForge_mob_by_SandtigerSharkEntityForge=3, death_AtlanticCodEntityForge_mob_by_TigerSharkEntityForge=1, death_AtlanticSalmonEntityForge_mob_by_BlacktipReefSharkEntityForge=1, death_AtlanticSalmonEntityForge_mob_by_OceanicWhitetipSharkEntityForge=2, death_AtlanticSalmonEntityForge_mob_by_TigerSharkEntityForge=1, death_BlackSeaNettleJellyfishEntityForge_mob_by_GreatWhiteSharkEntityForge=1, death_BlacktipReefSharkEntityForge_mob_by_ShortfinMakoSharkEntityForge=1, death_CannonballJellyfishEntityForge_mob_by_GreatWhiteSharkEntityForge=1, death_CaribbeanReefOctopusEntityForge_mob_by_CommonStingrayEntityForge=1, death_CaribbeanReefOctopusEntityForge_mob_by_GreatHammerheadSharkEntityForge=2, death_CommonOctopusEntityForge_mob_by_GreatHammerheadSharkEntityForge=1, death_CommonStingrayEntityForge_mob_by_BlacktipReefSharkEntityForge=1, death_CommonStingrayEntityForge_mob_by_ShortfinMakoSharkEntityForge=1, death_GreenSeaTurtleEntityForge_mob_by_ShortfinMakoSharkEntityForge=1, death_HarborSealEntityForge_mob_by_GreatWhiteSharkEntityForge=1, death_NautilusEntityForge_mob_by_CommonStingrayEntityForge=3, death_SandtigerSharkEntityForge_mob_by_BlackSeaNettleJellyfishEntityForge=1, living_deaths=36, navigation_calls=31167, sensor_calls=70254}	121	125
15600	1292674560	{AmericanLobsterEntityForge=20, AtlanticCodEntityForge=16, AtlanticSalmonEntityForge=16, BlackSeaNettleJellyfishEntityForge=2, BlacktipReefSharkEntityForge=6, BottlenoseDolphinEntityForge=8, CannonballJellyfishEntityForge=4, CaribbeanReefOctopusEntityForge=3, CommonOctopusEntityForge=6, CommonStingrayEntityForge=6, CommonThresherSharkEntityForge=2, GiantMorayEelEntityForge=8, GreatHammerheadSharkEntityForge=2, GreatWhiteSharkEntityForge=2, GreenSeaTurtleEntityForge=6, HarborSealEntityForge=6, NautilusEntityForge=2, OceanicWhitetipSharkEntityForge=2, OrcaEntityForge=2, SandtigerSharkEntityForge=2, ShortfinMakoSharkEntityForge=2, TigerSharkEntityForge=2}	{AmericanLobsterEntityForge=300, AtlanticCodEntityForge=300, AtlanticSalmonEntityForge=300, BlackSeaNettleJellyfishEntityForge=300, BlacktipReefSharkEntityForge=300, BottlenoseDolphinEntityForge=700, CannonballJellyfishEntityForge=300, CaribbeanReefOctopusEntityForge=300, CommonOctopusEntityForge=300, CommonStingrayEntityForge=300, CommonThresherSharkEntityForge=300, GiantMorayEelEntityForge=300, GreatHammerheadSharkEntityForge=300, GreatWhiteSharkEntityForge=300, GreenSeaTurtleEntityForge=300, HarborSealEntityForge=300, NautilusEntityForge=300, OceanicWhitetipSharkEntityForge=300, OrcaEntityForge=700, SandtigerSharkEntityForge=300, ShortfinMakoSharkEntityForge=300, TigerSharkEntityForge=300}	11	{action_escape=87, action_feed=394, action_habitat=9, action_social=7, bounded_living_scans=2165, death_AmericanLobsterEntityForge_mob_by_BlacktipReefSharkEntityForge=1, death_AmericanLobsterEntityForge_mob_by_CommonStingrayEntityForge=5, death_AtlanticCodEntityForge_mob_by_BlacktipReefSharkEntityForge=4, death_AtlanticCodEntityForge_mob_by_CommonThresherSharkEntityForge=2, death_AtlanticCodEntityForge_mob_by_OceanicWhitetipSharkEntityForge=1, death_AtlanticCodEntityForge_mob_by_SandtigerSharkEntityForge=3, death_AtlanticCodEntityForge_mob_by_TigerSharkEntityForge=1, death_AtlanticSalmonEntityForge_mob_by_BlacktipReefSharkEntityForge=1, death_AtlanticSalmonEntityForge_mob_by_OceanicWhitetipSharkEntityForge=2, death_AtlanticSalmonEntityForge_mob_by_TigerSharkEntityForge=1, death_BlackSeaNettleJellyfishEntityForge_mob_by_GreatWhiteSharkEntityForge=1, death_BlacktipReefSharkEntityForge_mob_by_ShortfinMakoSharkEntityForge=1, death_CannonballJellyfishEntityForge_mob_by_GreatWhiteSharkEntityForge=1, death_CaribbeanReefOctopusEntityForge_mob_by_CommonStingrayEntityForge=1, death_CaribbeanReefOctopusEntityForge_mob_by_GreatHammerheadSharkEntityForge=3, death_CommonOctopusEntityForge_mob_by_GreatHammerheadSharkEntityForge=1, death_CommonStingrayEntityForge_mob_by_BlacktipReefSharkEntityForge=1, death_CommonStingrayEntityForge_mob_by_ShortfinMakoSharkEntityForge=1, death_GreenSeaTurtleEntityForge_mob_by_ShortfinMakoSharkEntityForge=1, death_HarborSealEntityForge_mob_by_GreatWhiteSharkEntityForge=1, death_NautilusEntityForge_mob_by_CommonStingrayEntityForge=3, death_SandtigerSharkEntityForge_mob_by_BlackSeaNettleJellyfishEntityForge=1, living_deaths=37, navigation_calls=31507, sensor_calls=71195}	120	125
15800	1488758272	{AmericanLobsterEntityForge=20, AtlanticCodEntityForge=16, AtlanticSalmonEntityForge=16, BlackSeaNettleJellyfishEntityForge=2, BlacktipReefSharkEntityForge=6, BottlenoseDolphinEntityForge=8, CannonballJellyfishEntityForge=4, CaribbeanReefOctopusEntityForge=4, CommonOctopusEntityForge=6, CommonStingrayEntityForge=5, CommonThresherSharkEntityForge=2, GiantMorayEelEntityForge=8, GreatHammerheadSharkEntityForge=2, GreatWhiteSharkEntityForge=2, GreenSeaTurtleEntityForge=6, HarborSealEntityForge=6, NautilusEntityForge=2, OceanicWhitetipSharkEntityForge=2, OrcaEntityForge=2, SandtigerSharkEntityForge=2, ShortfinMakoSharkEntityForge=2, TigerSharkEntityForge=2}	{AmericanLobsterEntityForge=300, AtlanticCodEntityForge=300, AtlanticSalmonEntityForge=300, BlackSeaNettleJellyfishEntityForge=300, BlacktipReefSharkEntityForge=300, BottlenoseDolphinEntityForge=700, CannonballJellyfishEntityForge=300, CaribbeanReefOctopusEntityForge=300, CommonOctopusEntityForge=300, CommonStingrayEntityForge=300, CommonThresherSharkEntityForge=300, GiantMorayEelEntityForge=300, GreatHammerheadSharkEntityForge=300, GreatWhiteSharkEntityForge=300, GreenSeaTurtleEntityForge=300, HarborSealEntityForge=300, NautilusEntityForge=300, OceanicWhitetipSharkEntityForge=300, OrcaEntityForge=700, SandtigerSharkEntityForge=300, ShortfinMakoSharkEntityForge=300, TigerSharkEntityForge=300}	11	{action_escape=88, action_feed=400, action_habitat=9, action_social=7, bounded_living_scans=2201, death_AmericanLobsterEntityForge_mob_by_BlacktipReefSharkEntityForge=1, death_AmericanLobsterEntityForge_mob_by_CommonStingrayEntityForge=5, death_AtlanticCodEntityForge_mob_by_BlacktipReefSharkEntityForge=4, death_AtlanticCodEntityForge_mob_by_CommonThresherSharkEntityForge=2, death_AtlanticCodEntityForge_mob_by_OceanicWhitetipSharkEntityForge=1, death_AtlanticCodEntityForge_mob_by_SandtigerSharkEntityForge=3, death_AtlanticCodEntityForge_mob_by_TigerSharkEntityForge=1, death_AtlanticSalmonEntityForge_mob_by_BlacktipReefSharkEntityForge=1, death_AtlanticSalmonEntityForge_mob_by_OceanicWhitetipSharkEntityForge=2, death_AtlanticSalmonEntityForge_mob_by_TigerSharkEntityForge=1, death_BlackSeaNettleJellyfishEntityForge_mob_by_GreatWhiteSharkEntityForge=1, death_BlacktipReefSharkEntityForge_mob_by_ShortfinMakoSharkEntityForge=1, death_CannonballJellyfishEntityForge_mob_by_GreatWhiteSharkEntityForge=1, death_CaribbeanReefOctopusEntityForge_mob_by_CommonStingrayEntityForge=1, death_CaribbeanReefOctopusEntityForge_mob_by_GreatHammerheadSharkEntityForge=3, death_CommonOctopusEntityForge_mob_by_GreatHammerheadSharkEntityForge=1, death_CommonStingrayEntityForge_mob_by_BlacktipReefSharkEntityForge=2, death_CommonStingrayEntityForge_mob_by_ShortfinMakoSharkEntityForge=1, death_GreenSeaTurtleEntityForge_mob_by_ShortfinMakoSharkEntityForge=1, death_HarborSealEntityForge_mob_by_GreatWhiteSharkEntityForge=1, death_NautilusEntityForge_mob_by_CommonStingrayEntityForge=3, death_SandtigerSharkEntityForge_mob_by_BlackSeaNettleJellyfishEntityForge=1, living_deaths=38, navigation_calls=31890, sensor_calls=72072}	120	125
16000	1683793408	{AmericanLobsterEntityForge=20, AtlanticCodEntityForge=16, AtlanticSalmonEntityForge=16, BlackSeaNettleJellyfishEntityForge=2, BlacktipReefSharkEntityForge=6, BottlenoseDolphinEntityForge=8, CannonballJellyfishEntityForge=4, CaribbeanReefOctopusEntityForge=4, CommonOctopusEntityForge=6, CommonStingrayEntityForge=6, CommonThresherSharkEntityForge=2, GiantMorayEelEntityForge=8, GreatHammerheadSharkEntityForge=2, GreatWhiteSharkEntityForge=2, GreenSeaTurtleEntityForge=6, HarborSealEntityForge=6, NautilusEntityForge=2, OceanicWhitetipSharkEntityForge=2, OrcaEntityForge=2, SandtigerSharkEntityForge=2, ShortfinMakoSharkEntityForge=2, TigerSharkEntityForge=2}	{AmericanLobsterEntityForge=300, AtlanticCodEntityForge=300, AtlanticSalmonEntityForge=300, BlackSeaNettleJellyfishEntityForge=300, BlacktipReefSharkEntityForge=300, BottlenoseDolphinEntityForge=700, CannonballJellyfishEntityForge=300, CaribbeanReefOctopusEntityForge=300, CommonOctopusEntityForge=300, CommonStingrayEntityForge=300, CommonThresherSharkEntityForge=300, GiantMorayEelEntityForge=300, GreatHammerheadSharkEntityForge=300, GreatWhiteSharkEntityForge=300, GreenSeaTurtleEntityForge=300, HarborSealEntityForge=300, NautilusEntityForge=300, OceanicWhitetipSharkEntityForge=300, OrcaEntityForge=700, SandtigerSharkEntityForge=300, ShortfinMakoSharkEntityForge=300, TigerSharkEntityForge=300}	11	{action_escape=90, action_feed=407, action_habitat=9, action_social=7, bounded_living_scans=2222, death_AmericanLobsterEntityForge_mob_by_BlacktipReefSharkEntityForge=1, death_AmericanLobsterEntityForge_mob_by_CommonStingrayEntityForge=5, death_AtlanticCodEntityForge_mob_by_BlacktipReefSharkEntityForge=4, death_AtlanticCodEntityForge_mob_by_CommonThresherSharkEntityForge=2, death_AtlanticCodEntityForge_mob_by_OceanicWhitetipSharkEntityForge=1, death_AtlanticCodEntityForge_mob_by_SandtigerSharkEntityForge=3, death_AtlanticCodEntityForge_mob_by_TigerSharkEntityForge=1, death_AtlanticSalmonEntityForge_mob_by_BlacktipReefSharkEntityForge=1, death_AtlanticSalmonEntityForge_mob_by_OceanicWhitetipSharkEntityForge=2, death_AtlanticSalmonEntityForge_mob_by_TigerSharkEntityForge=1, death_BlackSeaNettleJellyfishEntityForge_mob_by_GreatWhiteSharkEntityForge=1, death_BlacktipReefSharkEntityForge_mob_by_ShortfinMakoSharkEntityForge=1, death_CannonballJellyfishEntityForge_mob_by_GreatWhiteSharkEntityForge=1, death_CaribbeanReefOctopusEntityForge_mob_by_CommonStingrayEntityForge=1, death_CaribbeanReefOctopusEntityForge_mob_by_GreatHammerheadSharkEntityForge=3, death_CommonOctopusEntityForge_mob_by_GreatHammerheadSharkEntityForge=1, death_CommonStingrayEntityForge_mob_by_BlacktipReefSharkEntityForge=2, death_CommonStingrayEntityForge_mob_by_ShortfinMakoSharkEntityForge=1, death_GreenSeaTurtleEntityForge_mob_by_ShortfinMakoSharkEntityForge=1, death_HarborSealEntityForge_mob_by_GreatWhiteSharkEntityForge=1, death_NautilusEntityForge_mob_by_CommonStingrayEntityForge=3, death_SandtigerSharkEntityForge_mob_by_BlackSeaNettleJellyfishEntityForge=1, living_deaths=38, navigation_calls=32310, sensor_calls=73023}	118	126
16200	612098760	{AmericanLobsterEntityForge=20, AtlanticCodEntityForge=16, AtlanticSalmonEntityForge=16, BlackSeaNettleJellyfishEntityForge=2, BlacktipReefSharkEntityForge=6, BottlenoseDolphinEntityForge=8, CannonballJellyfishEntityForge=4, CaribbeanReefOctopusEntityForge=4, CommonOctopusEntityForge=6, CommonStingrayEntityForge=6, CommonThresherSharkEntityForge=2, GiantMorayEelEntityForge=8, GreatHammerheadSharkEntityForge=2, GreatWhiteSharkEntityForge=2, GreenSeaTurtleEntityForge=6, HarborSealEntityForge=6, NautilusEntityForge=2, OceanicWhitetipSharkEntityForge=2, OrcaEntityForge=2, SandtigerSharkEntityForge=2, ShortfinMakoSharkEntityForge=2, TigerSharkEntityForge=2}	{AmericanLobsterEntityForge=300, AtlanticCodEntityForge=300, AtlanticSalmonEntityForge=300, BlackSeaNettleJellyfishEntityForge=300, BlacktipReefSharkEntityForge=300, BottlenoseDolphinEntityForge=700, CannonballJellyfishEntityForge=300, CaribbeanReefOctopusEntityForge=300, CommonOctopusEntityForge=300, CommonStingrayEntityForge=300, CommonThresherSharkEntityForge=300, GiantMorayEelEntityForge=300, GreatHammerheadSharkEntityForge=300, GreatWhiteSharkEntityForge=300, GreenSeaTurtleEntityForge=300, HarborSealEntityForge=300, NautilusEntityForge=300, OceanicWhitetipSharkEntityForge=300, OrcaEntityForge=700, SandtigerSharkEntityForge=300, ShortfinMakoSharkEntityForge=300, TigerSharkEntityForge=300}	11	{action_escape=91, action_feed=412, action_habitat=9, action_social=7, bounded_living_scans=2257, death_AmericanLobsterEntityForge_mob_by_BlacktipReefSharkEntityForge=1, death_AmericanLobsterEntityForge_mob_by_CommonStingrayEntityForge=5, death_AtlanticCodEntityForge_mob_by_BlacktipReefSharkEntityForge=4, death_AtlanticCodEntityForge_mob_by_CommonThresherSharkEntityForge=2, death_AtlanticCodEntityForge_mob_by_OceanicWhitetipSharkEntityForge=1, death_AtlanticCodEntityForge_mob_by_SandtigerSharkEntityForge=3, death_AtlanticCodEntityForge_mob_by_TigerSharkEntityForge=1, death_AtlanticSalmonEntityForge_mob_by_BlacktipReefSharkEntityForge=1, death_AtlanticSalmonEntityForge_mob_by_OceanicWhitetipSharkEntityForge=2, death_AtlanticSalmonEntityForge_mob_by_TigerSharkEntityForge=1, death_BlackSeaNettleJellyfishEntityForge_mob_by_GreatWhiteSharkEntityForge=1, death_BlacktipReefSharkEntityForge_mob_by_ShortfinMakoSharkEntityForge=1, death_CannonballJellyfishEntityForge_mob_by_GreatWhiteSharkEntityForge=1, death_CaribbeanReefOctopusEntityForge_mob_by_CommonStingrayEntityForge=1, death_CaribbeanReefOctopusEntityForge_mob_by_GreatHammerheadSharkEntityForge=3, death_CommonOctopusEntityForge_mob_by_GreatHammerheadSharkEntityForge=1, death_CommonStingrayEntityForge_mob_by_BlacktipReefSharkEntityForge=2, death_CommonStingrayEntityForge_mob_by_ShortfinMakoSharkEntityForge=1, death_GreenSeaTurtleEntityForge_mob_by_ShortfinMakoSharkEntityForge=1, death_HarborSealEntityForge_mob_by_GreatWhiteSharkEntityForge=1, death_NautilusEntityForge_mob_by_CommonStingrayEntityForge=3, death_SandtigerSharkEntityForge_mob_by_BlackSeaNettleJellyfishEntityForge=1, living_deaths=38, navigation_calls=32694, sensor_calls=73899}	120	126
16400	810279624	{AmericanLobsterEntityForge=20, AtlanticCodEntityForge=16, AtlanticSalmonEntityForge=16, BlackSeaNettleJellyfishEntityForge=2, BlacktipReefSharkEntityForge=6, BottlenoseDolphinEntityForge=8, CannonballJellyfishEntityForge=4, CaribbeanReefOctopusEntityForge=4, CommonOctopusEntityForge=6, CommonStingrayEntityForge=6, CommonThresherSharkEntityForge=2, GiantMorayEelEntityForge=8, GreatHammerheadSharkEntityForge=2, GreatWhiteSharkEntityForge=2, GreenSeaTurtleEntityForge=6, HarborSealEntityForge=6, NautilusEntityForge=2, OceanicWhitetipSharkEntityForge=2, OrcaEntityForge=2, SandtigerSharkEntityForge=2, ShortfinMakoSharkEntityForge=2, TigerSharkEntityForge=2}	{AmericanLobsterEntityForge=300, AtlanticCodEntityForge=300, AtlanticSalmonEntityForge=300, BlackSeaNettleJellyfishEntityForge=300, BlacktipReefSharkEntityForge=300, BottlenoseDolphinEntityForge=700, CannonballJellyfishEntityForge=300, CaribbeanReefOctopusEntityForge=300, CommonOctopusEntityForge=300, CommonStingrayEntityForge=300, CommonThresherSharkEntityForge=300, GiantMorayEelEntityForge=300, GreatHammerheadSharkEntityForge=300, GreatWhiteSharkEntityForge=300, GreenSeaTurtleEntityForge=300, HarborSealEntityForge=300, NautilusEntityForge=300, OceanicWhitetipSharkEntityForge=300, OrcaEntityForge=700, SandtigerSharkEntityForge=300, ShortfinMakoSharkEntityForge=300, TigerSharkEntityForge=300}	11	{action_escape=93, action_feed=420, action_habitat=10, action_social=7, bounded_living_scans=2281, death_AmericanLobsterEntityForge_mob_by_BlacktipReefSharkEntityForge=1, death_AmericanLobsterEntityForge_mob_by_CommonStingrayEntityForge=5, death_AtlanticCodEntityForge_mob_by_BlacktipReefSharkEntityForge=4, death_AtlanticCodEntityForge_mob_by_CommonThresherSharkEntityForge=2, death_AtlanticCodEntityForge_mob_by_OceanicWhitetipSharkEntityForge=1, death_AtlanticCodEntityForge_mob_by_SandtigerSharkEntityForge=3, death_AtlanticCodEntityForge_mob_by_TigerSharkEntityForge=1, death_AtlanticSalmonEntityForge_mob_by_BlacktipReefSharkEntityForge=1, death_AtlanticSalmonEntityForge_mob_by_OceanicWhitetipSharkEntityForge=2, death_AtlanticSalmonEntityForge_mob_by_TigerSharkEntityForge=1, death_BlackSeaNettleJellyfishEntityForge_mob_by_GreatWhiteSharkEntityForge=1, death_BlacktipReefSharkEntityForge_mob_by_ShortfinMakoSharkEntityForge=1, death_CannonballJellyfishEntityForge_mob_by_GreatWhiteSharkEntityForge=1, death_CaribbeanReefOctopusEntityForge_mob_by_CommonStingrayEntityForge=1, death_CaribbeanReefOctopusEntityForge_mob_by_GreatHammerheadSharkEntityForge=3, death_CommonOctopusEntityForge_mob_by_GreatHammerheadSharkEntityForge=1, death_CommonStingrayEntityForge_mob_by_BlacktipReefSharkEntityForge=2, death_CommonStingrayEntityForge_mob_by_ShortfinMakoSharkEntityForge=1, death_GreenSeaTurtleEntityForge_mob_by_ShortfinMakoSharkEntityForge=1, death_HarborSealEntityForge_mob_by_GreatWhiteSharkEntityForge=1, death_NautilusEntityForge_mob_by_CommonStingrayEntityForge=3, death_SandtigerSharkEntityForge_mob_by_BlackSeaNettleJellyfishEntityForge=1, living_deaths=38, navigation_calls=33039, sensor_calls=74848}	121	126
16600	1008460488	{AmericanLobsterEntityForge=20, AtlanticCodEntityForge=16, AtlanticSalmonEntityForge=16, BlackSeaNettleJellyfishEntityForge=2, BlacktipReefSharkEntityForge=6, BottlenoseDolphinEntityForge=8, CannonballJellyfishEntityForge=4, CaribbeanReefOctopusEntityForge=4, CommonOctopusEntityForge=6, CommonStingrayEntityForge=6, CommonThresherSharkEntityForge=2, GiantMorayEelEntityForge=8, GreatHammerheadSharkEntityForge=2, GreatWhiteSharkEntityForge=2, GreenSeaTurtleEntityForge=6, HarborSealEntityForge=6, NautilusEntityForge=2, OceanicWhitetipSharkEntityForge=2, OrcaEntityForge=2, SandtigerSharkEntityForge=2, ShortfinMakoSharkEntityForge=2, TigerSharkEntityForge=2}	{AmericanLobsterEntityForge=300, AtlanticCodEntityForge=300, AtlanticSalmonEntityForge=300, BlackSeaNettleJellyfishEntityForge=300, BlacktipReefSharkEntityForge=300, BottlenoseDolphinEntityForge=700, CannonballJellyfishEntityForge=300, CaribbeanReefOctopusEntityForge=300, CommonOctopusEntityForge=300, CommonStingrayEntityForge=300, CommonThresherSharkEntityForge=300, GiantMorayEelEntityForge=300, GreatHammerheadSharkEntityForge=300, GreatWhiteSharkEntityForge=300, GreenSeaTurtleEntityForge=300, HarborSealEntityForge=300, NautilusEntityForge=300, OceanicWhitetipSharkEntityForge=300, OrcaEntityForge=700, SandtigerSharkEntityForge=300, ShortfinMakoSharkEntityForge=300, TigerSharkEntityForge=300}	11	{action_escape=97, action_feed=426, action_habitat=10, action_social=7, bounded_living_scans=2324, death_AmericanLobsterEntityForge_mob_by_BlacktipReefSharkEntityForge=1, death_AmericanLobsterEntityForge_mob_by_CommonStingrayEntityForge=5, death_AtlanticCodEntityForge_mob_by_BlacktipReefSharkEntityForge=4, death_AtlanticCodEntityForge_mob_by_CommonThresherSharkEntityForge=2, death_AtlanticCodEntityForge_mob_by_OceanicWhitetipSharkEntityForge=1, death_AtlanticCodEntityForge_mob_by_SandtigerSharkEntityForge=3, death_AtlanticCodEntityForge_mob_by_TigerSharkEntityForge=1, death_AtlanticSalmonEntityForge_mob_by_BlacktipReefSharkEntityForge=1, death_AtlanticSalmonEntityForge_mob_by_OceanicWhitetipSharkEntityForge=2, death_AtlanticSalmonEntityForge_mob_by_TigerSharkEntityForge=1, death_BlackSeaNettleJellyfishEntityForge_mob_by_GreatWhiteSharkEntityForge=1, death_BlacktipReefSharkEntityForge_mob_by_ShortfinMakoSharkEntityForge=1, death_CannonballJellyfishEntityForge_mob_by_GreatWhiteSharkEntityForge=1, death_CaribbeanReefOctopusEntityForge_mob_by_CommonStingrayEntityForge=1, death_CaribbeanReefOctopusEntityForge_mob_by_GreatHammerheadSharkEntityForge=3, death_CommonOctopusEntityForge_mob_by_GreatHammerheadSharkEntityForge=1, death_CommonStingrayEntityForge_mob_by_BlacktipReefSharkEntityForge=2, death_CommonStingrayEntityForge_mob_by_ShortfinMakoSharkEntityForge=1, death_GreenSeaTurtleEntityForge_mob_by_ShortfinMakoSharkEntityForge=1, death_HarborSealEntityForge_mob_by_GreatWhiteSharkEntityForge=1, death_NautilusEntityForge_mob_by_CommonStingrayEntityForge=3, death_SandtigerSharkEntityForge_mob_by_BlackSeaNettleJellyfishEntityForge=1, living_deaths=38, navigation_calls=33441, sensor_calls=75725}	126	126
16800	1200349896	{AmericanLobsterEntityForge=19, AtlanticCodEntityForge=16, AtlanticSalmonEntityForge=16, BlackSeaNettleJellyfishEntityForge=2, BlacktipReefSharkEntityForge=6, BottlenoseDolphinEntityForge=8, CannonballJellyfishEntityForge=4, CaribbeanReefOctopusEntityForge=4, CommonOctopusEntityForge=6, CommonStingrayEntityForge=6, CommonThresherSharkEntityForge=2, GiantMorayEelEntityForge=8, GreatHammerheadSharkEntityForge=2, GreatWhiteSharkEntityForge=2, GreenSeaTurtleEntityForge=6, HarborSealEntityForge=6, NautilusEntityForge=2, OceanicWhitetipSharkEntityForge=2, OrcaEntityForge=2, SandtigerSharkEntityForge=2, ShortfinMakoSharkEntityForge=2, TigerSharkEntityForge=2}	{AmericanLobsterEntityForge=300, AtlanticCodEntityForge=300, AtlanticSalmonEntityForge=300, BlackSeaNettleJellyfishEntityForge=300, BlacktipReefSharkEntityForge=300, BottlenoseDolphinEntityForge=700, CannonballJellyfishEntityForge=300, CaribbeanReefOctopusEntityForge=300, CommonOctopusEntityForge=300, CommonStingrayEntityForge=300, CommonThresherSharkEntityForge=300, GiantMorayEelEntityForge=300, GreatHammerheadSharkEntityForge=300, GreatWhiteSharkEntityForge=300, GreenSeaTurtleEntityForge=300, HarborSealEntityForge=300, NautilusEntityForge=300, OceanicWhitetipSharkEntityForge=300, OrcaEntityForge=700, SandtigerSharkEntityForge=300, ShortfinMakoSharkEntityForge=300, TigerSharkEntityForge=300}	11	{action_escape=98, action_feed=430, action_habitat=10, action_social=7, bounded_living_scans=2339, death_AmericanLobsterEntityForge_mob_by_BlacktipReefSharkEntityForge=1, death_AmericanLobsterEntityForge_mob_by_CommonStingrayEntityForge=6, death_AtlanticCodEntityForge_mob_by_BlacktipReefSharkEntityForge=4, death_AtlanticCodEntityForge_mob_by_CommonThresherSharkEntityForge=2, death_AtlanticCodEntityForge_mob_by_OceanicWhitetipSharkEntityForge=1, death_AtlanticCodEntityForge_mob_by_SandtigerSharkEntityForge=3, death_AtlanticCodEntityForge_mob_by_TigerSharkEntityForge=1, death_AtlanticSalmonEntityForge_mob_by_BlacktipReefSharkEntityForge=1, death_AtlanticSalmonEntityForge_mob_by_OceanicWhitetipSharkEntityForge=2, death_AtlanticSalmonEntityForge_mob_by_TigerSharkEntityForge=1, death_BlackSeaNettleJellyfishEntityForge_mob_by_GreatWhiteSharkEntityForge=1, death_BlacktipReefSharkEntityForge_mob_by_ShortfinMakoSharkEntityForge=1, death_CannonballJellyfishEntityForge_mob_by_GreatWhiteSharkEntityForge=1, death_CaribbeanReefOctopusEntityForge_mob_by_CommonStingrayEntityForge=1, death_CaribbeanReefOctopusEntityForge_mob_by_GreatHammerheadSharkEntityForge=3, death_CommonOctopusEntityForge_mob_by_GreatHammerheadSharkEntityForge=1, death_CommonStingrayEntityForge_mob_by_BlacktipReefSharkEntityForge=2, death_CommonStingrayEntityForge_mob_by_ShortfinMakoSharkEntityForge=1, death_GreenSeaTurtleEntityForge_mob_by_ShortfinMakoSharkEntityForge=1, death_HarborSealEntityForge_mob_by_GreatWhiteSharkEntityForge=1, death_NautilusEntityForge_mob_by_CommonStingrayEntityForge=3, death_SandtigerSharkEntityForge_mob_by_BlackSeaNettleJellyfishEntityForge=1, living_deaths=39, navigation_calls=33810, sensor_calls=76670}	122	125
17000	1394336456	{AmericanLobsterEntityForge=20, AtlanticCodEntityForge=16, AtlanticSalmonEntityForge=16, BlackSeaNettleJellyfishEntityForge=2, BlacktipReefSharkEntityForge=6, BottlenoseDolphinEntityForge=8, CannonballJellyfishEntityForge=4, CaribbeanReefOctopusEntityForge=4, CommonOctopusEntityForge=6, CommonStingrayEntityForge=6, CommonThresherSharkEntityForge=2, GiantMorayEelEntityForge=8, GreatHammerheadSharkEntityForge=2, GreatWhiteSharkEntityForge=2, GreenSeaTurtleEntityForge=6, HarborSealEntityForge=6, NautilusEntityForge=2, OceanicWhitetipSharkEntityForge=2, OrcaEntityForge=2, SandtigerSharkEntityForge=2, ShortfinMakoSharkEntityForge=2, TigerSharkEntityForge=2}	{AmericanLobsterEntityForge=300, AtlanticCodEntityForge=300, AtlanticSalmonEntityForge=300, BlackSeaNettleJellyfishEntityForge=300, BlacktipReefSharkEntityForge=300, BottlenoseDolphinEntityForge=700, CannonballJellyfishEntityForge=300, CaribbeanReefOctopusEntityForge=300, CommonOctopusEntityForge=300, CommonStingrayEntityForge=300, CommonThresherSharkEntityForge=300, GiantMorayEelEntityForge=300, GreatHammerheadSharkEntityForge=300, GreatWhiteSharkEntityForge=300, GreenSeaTurtleEntityForge=300, HarborSealEntityForge=300, NautilusEntityForge=300, OceanicWhitetipSharkEntityForge=300, OrcaEntityForge=700, SandtigerSharkEntityForge=300, ShortfinMakoSharkEntityForge=300, TigerSharkEntityForge=300}	11	{action_escape=98, action_feed=435, action_habitat=11, action_social=7, bounded_living_scans=2379, death_AmericanLobsterEntityForge_mob_by_BlacktipReefSharkEntityForge=1, death_AmericanLobsterEntityForge_mob_by_CommonStingrayEntityForge=6, death_AtlanticCodEntityForge_mob_by_BlacktipReefSharkEntityForge=4, death_AtlanticCodEntityForge_mob_by_CommonThresherSharkEntityForge=2, death_AtlanticCodEntityForge_mob_by_OceanicWhitetipSharkEntityForge=1, death_AtlanticCodEntityForge_mob_by_SandtigerSharkEntityForge=3, death_AtlanticCodEntityForge_mob_by_TigerSharkEntityForge=1, death_AtlanticSalmonEntityForge_mob_by_BlacktipReefSharkEntityForge=1, death_AtlanticSalmonEntityForge_mob_by_OceanicWhitetipSharkEntityForge=2, death_AtlanticSalmonEntityForge_mob_by_TigerSharkEntityForge=1, death_BlackSeaNettleJellyfishEntityForge_mob_by_GreatWhiteSharkEntityForge=1, death_BlacktipReefSharkEntityForge_mob_by_ShortfinMakoSharkEntityForge=1, death_CannonballJellyfishEntityForge_mob_by_GreatWhiteSharkEntityForge=1, death_CaribbeanReefOctopusEntityForge_mob_by_CommonStingrayEntityForge=2, death_CaribbeanReefOctopusEntityForge_mob_by_GreatHammerheadSharkEntityForge=3, death_CommonOctopusEntityForge_mob_by_GreatHammerheadSharkEntityForge=1, death_CommonStingrayEntityForge_mob_by_BlacktipReefSharkEntityForge=2, death_CommonStingrayEntityForge_mob_by_ShortfinMakoSharkEntityForge=1, death_GreenSeaTurtleEntityForge_mob_by_ShortfinMakoSharkEntityForge=1, death_HarborSealEntityForge_mob_by_GreatWhiteSharkEntityForge=1, death_NautilusEntityForge_mob_by_CommonStingrayEntityForge=3, death_SandtigerSharkEntityForge_mob_by_BlackSeaNettleJellyfishEntityForge=1, living_deaths=40, navigation_calls=34168, sensor_calls=77546}	119	126
17200	1600905928	{AmericanLobsterEntityForge=20, AtlanticCodEntityForge=16, AtlanticSalmonEntityForge=16, BlackSeaNettleJellyfishEntityForge=2, BlacktipReefSharkEntityForge=6, BottlenoseDolphinEntityForge=8, CannonballJellyfishEntityForge=4, CaribbeanReefOctopusEntityForge=3, CommonOctopusEntityForge=6, CommonStingrayEntityForge=6, CommonThresherSharkEntityForge=2, GiantMorayEelEntityForge=8, GreatHammerheadSharkEntityForge=2, GreatWhiteSharkEntityForge=2, GreenSeaTurtleEntityForge=6, HarborSealEntityForge=6, NautilusEntityForge=2, OceanicWhitetipSharkEntityForge=2, OrcaEntityForge=2, SandtigerSharkEntityForge=2, ShortfinMakoSharkEntityForge=2, TigerSharkEntityForge=2}	{AmericanLobsterEntityForge=300, AtlanticCodEntityForge=300, AtlanticSalmonEntityForge=300, BlackSeaNettleJellyfishEntityForge=300, BlacktipReefSharkEntityForge=300, BottlenoseDolphinEntityForge=700, CannonballJellyfishEntityForge=300, CaribbeanReefOctopusEntityForge=300, CommonOctopusEntityForge=300, CommonStingrayEntityForge=300, CommonThresherSharkEntityForge=300, GiantMorayEelEntityForge=300, GreatHammerheadSharkEntityForge=300, GreatWhiteSharkEntityForge=300, GreenSeaTurtleEntityForge=300, HarborSealEntityForge=300, NautilusEntityForge=300, OceanicWhitetipSharkEntityForge=300, OrcaEntityForge=700, SandtigerSharkEntityForge=300, ShortfinMakoSharkEntityForge=300, TigerSharkEntityForge=300}	11	{action_escape=100, action_feed=441, action_habitat=11, action_social=7, bounded_living_scans=2398, death_AmericanLobsterEntityForge_mob_by_BlacktipReefSharkEntityForge=1, death_AmericanLobsterEntityForge_mob_by_CommonStingrayEntityForge=6, death_AtlanticCodEntityForge_mob_by_BlacktipReefSharkEntityForge=4, death_AtlanticCodEntityForge_mob_by_CommonThresherSharkEntityForge=2, death_AtlanticCodEntityForge_mob_by_OceanicWhitetipSharkEntityForge=1, death_AtlanticCodEntityForge_mob_by_SandtigerSharkEntityForge=3, death_AtlanticCodEntityForge_mob_by_TigerSharkEntityForge=1, death_AtlanticSalmonEntityForge_mob_by_BlacktipReefSharkEntityForge=1, death_AtlanticSalmonEntityForge_mob_by_OceanicWhitetipSharkEntityForge=2, death_AtlanticSalmonEntityForge_mob_by_TigerSharkEntityForge=1, death_BlackSeaNettleJellyfishEntityForge_mob_by_GreatWhiteSharkEntityForge=1, death_BlacktipReefSharkEntityForge_mob_by_ShortfinMakoSharkEntityForge=1, death_CannonballJellyfishEntityForge_mob_by_GreatWhiteSharkEntityForge=1, death_CaribbeanReefOctopusEntityForge_mob_by_CommonStingrayEntityForge=2, death_CaribbeanReefOctopusEntityForge_mob_by_GreatHammerheadSharkEntityForge=3, death_CommonOctopusEntityForge_mob_by_GreatHammerheadSharkEntityForge=1, death_CommonStingrayEntityForge_mob_by_BlacktipReefSharkEntityForge=2, death_CommonStingrayEntityForge_mob_by_ShortfinMakoSharkEntityForge=1, death_GreenSeaTurtleEntityForge_mob_by_ShortfinMakoSharkEntityForge=1, death_HarborSealEntityForge_mob_by_GreatWhiteSharkEntityForge=1, death_NautilusEntityForge_mob_by_CommonStingrayEntityForge=3, death_SandtigerSharkEntityForge_mob_by_BlackSeaNettleJellyfishEntityForge=1, living_deaths=40, navigation_calls=34586, sensor_calls=78486}	121	125
17400	528456888	{AmericanLobsterEntityForge=20, AtlanticCodEntityForge=16, AtlanticSalmonEntityForge=16, BlackSeaNettleJellyfishEntityForge=2, BlacktipReefSharkEntityForge=6, BottlenoseDolphinEntityForge=8, CannonballJellyfishEntityForge=4, CaribbeanReefOctopusEntityForge=3, CommonOctopusEntityForge=6, CommonStingrayEntityForge=6, CommonThresherSharkEntityForge=2, GiantMorayEelEntityForge=8, GreatHammerheadSharkEntityForge=2, GreatWhiteSharkEntityForge=2, GreenSeaTurtleEntityForge=6, HarborSealEntityForge=6, NautilusEntityForge=2, OceanicWhitetipSharkEntityForge=2, OrcaEntityForge=2, SandtigerSharkEntityForge=2, ShortfinMakoSharkEntityForge=2, TigerSharkEntityForge=2}	{AmericanLobsterEntityForge=300, AtlanticCodEntityForge=300, AtlanticSalmonEntityForge=300, BlackSeaNettleJellyfishEntityForge=300, BlacktipReefSharkEntityForge=300, BottlenoseDolphinEntityForge=700, CannonballJellyfishEntityForge=300, CaribbeanReefOctopusEntityForge=300, CommonOctopusEntityForge=300, CommonStingrayEntityForge=300, CommonThresherSharkEntityForge=300, GiantMorayEelEntityForge=300, GreatHammerheadSharkEntityForge=300, GreatWhiteSharkEntityForge=300, GreenSeaTurtleEntityForge=300, HarborSealEntityForge=300, NautilusEntityForge=300, OceanicWhitetipSharkEntityForge=300, OrcaEntityForge=700, SandtigerSharkEntityForge=300, ShortfinMakoSharkEntityForge=300, TigerSharkEntityForge=300}	11	{action_escape=100, action_feed=449, action_habitat=11, action_social=7, bounded_living_scans=2439, death_AmericanLobsterEntityForge_mob_by_BlacktipReefSharkEntityForge=1, death_AmericanLobsterEntityForge_mob_by_CommonStingrayEntityForge=6, death_AtlanticCodEntityForge_mob_by_BlacktipReefSharkEntityForge=4, death_AtlanticCodEntityForge_mob_by_CommonThresherSharkEntityForge=2, death_AtlanticCodEntityForge_mob_by_OceanicWhitetipSharkEntityForge=1, death_AtlanticCodEntityForge_mob_by_SandtigerSharkEntityForge=3, death_AtlanticCodEntityForge_mob_by_TigerSharkEntityForge=1, death_AtlanticSalmonEntityForge_mob_by_BlacktipReefSharkEntityForge=1, death_AtlanticSalmonEntityForge_mob_by_OceanicWhitetipSharkEntityForge=2, death_AtlanticSalmonEntityForge_mob_by_TigerSharkEntityForge=1, death_BlackSeaNettleJellyfishEntityForge_mob_by_GreatWhiteSharkEntityForge=1, death_BlacktipReefSharkEntityForge_mob_by_ShortfinMakoSharkEntityForge=1, death_CannonballJellyfishEntityForge_mob_by_GreatWhiteSharkEntityForge=1, death_CaribbeanReefOctopusEntityForge_mob_by_CommonStingrayEntityForge=3, death_CaribbeanReefOctopusEntityForge_mob_by_GreatHammerheadSharkEntityForge=3, death_CommonOctopusEntityForge_mob_by_GreatHammerheadSharkEntityForge=1, death_CommonStingrayEntityForge_mob_by_BlacktipReefSharkEntityForge=2, death_CommonStingrayEntityForge_mob_by_ShortfinMakoSharkEntityForge=1, death_GreenSeaTurtleEntityForge_mob_by_ShortfinMakoSharkEntityForge=1, death_HarborSealEntityForge_mob_by_GreatWhiteSharkEntityForge=1, death_NautilusEntityForge_mob_by_CommonStingrayEntityForge=3, death_SandtigerSharkEntityForge_mob_by_BlackSeaNettleJellyfishEntityForge=1, living_deaths=41, navigation_calls=35000, sensor_calls=79359}	120	125
17600	724540600	{AmericanLobsterEntityForge=19, AtlanticCodEntityForge=16, AtlanticSalmonEntityForge=16, BlackSeaNettleJellyfishEntityForge=2, BlacktipReefSharkEntityForge=6, BottlenoseDolphinEntityForge=8, CannonballJellyfishEntityForge=4, CaribbeanReefOctopusEntityForge=4, CommonOctopusEntityForge=6, CommonStingrayEntityForge=6, CommonThresherSharkEntityForge=2, GiantMorayEelEntityForge=8, GreatHammerheadSharkEntityForge=2, GreatWhiteSharkEntityForge=2, GreenSeaTurtleEntityForge=6, HarborSealEntityForge=6, NautilusEntityForge=2, OceanicWhitetipSharkEntityForge=2, OrcaEntityForge=2, SandtigerSharkEntityForge=2, ShortfinMakoSharkEntityForge=2, TigerSharkEntityForge=2}	{AmericanLobsterEntityForge=300, AtlanticCodEntityForge=300, AtlanticSalmonEntityForge=300, BlackSeaNettleJellyfishEntityForge=300, BlacktipReefSharkEntityForge=300, BottlenoseDolphinEntityForge=700, CannonballJellyfishEntityForge=300, CaribbeanReefOctopusEntityForge=300, CommonOctopusEntityForge=300, CommonStingrayEntityForge=300, CommonThresherSharkEntityForge=300, GiantMorayEelEntityForge=300, GreatHammerheadSharkEntityForge=300, GreatWhiteSharkEntityForge=300, GreenSeaTurtleEntityForge=300, HarborSealEntityForge=300, NautilusEntityForge=300, OceanicWhitetipSharkEntityForge=300, OrcaEntityForge=700, SandtigerSharkEntityForge=300, ShortfinMakoSharkEntityForge=300, TigerSharkEntityForge=300}	11	{action_escape=103, action_feed=455, action_habitat=11, action_social=7, bounded_living_scans=2457, death_AmericanLobsterEntityForge_mob_by_BlacktipReefSharkEntityForge=1, death_AmericanLobsterEntityForge_mob_by_CommonStingrayEntityForge=7, death_AtlanticCodEntityForge_mob_by_BlacktipReefSharkEntityForge=4, death_AtlanticCodEntityForge_mob_by_CommonThresherSharkEntityForge=2, death_AtlanticCodEntityForge_mob_by_OceanicWhitetipSharkEntityForge=1, death_AtlanticCodEntityForge_mob_by_SandtigerSharkEntityForge=3, death_AtlanticCodEntityForge_mob_by_TigerSharkEntityForge=1, death_AtlanticSalmonEntityForge_mob_by_BlacktipReefSharkEntityForge=1, death_AtlanticSalmonEntityForge_mob_by_OceanicWhitetipSharkEntityForge=2, death_AtlanticSalmonEntityForge_mob_by_TigerSharkEntityForge=1, death_BlackSeaNettleJellyfishEntityForge_mob_by_GreatWhiteSharkEntityForge=1, death_BlacktipReefSharkEntityForge_mob_by_ShortfinMakoSharkEntityForge=1, death_CannonballJellyfishEntityForge_mob_by_GreatWhiteSharkEntityForge=1, death_CaribbeanReefOctopusEntityForge_mob_by_CommonStingrayEntityForge=3, death_CaribbeanReefOctopusEntityForge_mob_by_GreatHammerheadSharkEntityForge=3, death_CommonOctopusEntityForge_mob_by_GreatHammerheadSharkEntityForge=1, death_CommonStingrayEntityForge_mob_by_BlacktipReefSharkEntityForge=2, death_CommonStingrayEntityForge_mob_by_ShortfinMakoSharkEntityForge=1, death_GreenSeaTurtleEntityForge_mob_by_ShortfinMakoSharkEntityForge=1, death_HarborSealEntityForge_mob_by_GreatWhiteSharkEntityForge=1, death_NautilusEntityForge_mob_by_CommonStingrayEntityForge=3, death_SandtigerSharkEntityForge_mob_by_BlackSeaNettleJellyfishEntityForge=1, living_deaths=42, navigation_calls=35433, sensor_calls=80302}	119	125
17800	936352952	{AmericanLobsterEntityForge=20, AtlanticCodEntityForge=16, AtlanticSalmonEntityForge=16, BlackSeaNettleJellyfishEntityForge=2, BlacktipReefSharkEntityForge=6, BottlenoseDolphinEntityForge=8, CannonballJellyfishEntityForge=4, CaribbeanReefOctopusEntityForge=4, CommonOctopusEntityForge=6, CommonStingrayEntityForge=6, CommonThresherSharkEntityForge=2, GiantMorayEelEntityForge=8, GreatHammerheadSharkEntityForge=2, GreatWhiteSharkEntityForge=2, GreenSeaTurtleEntityForge=6, HarborSealEntityForge=6, NautilusEntityForge=2, OceanicWhitetipSharkEntityForge=2, OrcaEntityForge=2, SandtigerSharkEntityForge=2, ShortfinMakoSharkEntityForge=2, TigerSharkEntityForge=2}	{AmericanLobsterEntityForge=300, AtlanticCodEntityForge=300, AtlanticSalmonEntityForge=300, BlackSeaNettleJellyfishEntityForge=300, BlacktipReefSharkEntityForge=300, BottlenoseDolphinEntityForge=700, CannonballJellyfishEntityForge=300, CaribbeanReefOctopusEntityForge=300, CommonOctopusEntityForge=300, CommonStingrayEntityForge=300, CommonThresherSharkEntityForge=300, GiantMorayEelEntityForge=300, GreatHammerheadSharkEntityForge=300, GreatWhiteSharkEntityForge=300, GreenSeaTurtleEntityForge=300, HarborSealEntityForge=300, NautilusEntityForge=300, OceanicWhitetipSharkEntityForge=300, OrcaEntityForge=700, SandtigerSharkEntityForge=300, ShortfinMakoSharkEntityForge=300, TigerSharkEntityForge=300}	11	{action_escape=105, action_feed=461, action_habitat=11, action_social=7, bounded_living_scans=2499, death_AmericanLobsterEntityForge_mob_by_BlacktipReefSharkEntityForge=1, death_AmericanLobsterEntityForge_mob_by_CommonStingrayEntityForge=7, death_AtlanticCodEntityForge_mob_by_BlacktipReefSharkEntityForge=4, death_AtlanticCodEntityForge_mob_by_CommonThresherSharkEntityForge=2, death_AtlanticCodEntityForge_mob_by_OceanicWhitetipSharkEntityForge=1, death_AtlanticCodEntityForge_mob_by_SandtigerSharkEntityForge=3, death_AtlanticCodEntityForge_mob_by_TigerSharkEntityForge=1, death_AtlanticSalmonEntityForge_mob_by_BlacktipReefSharkEntityForge=1, death_AtlanticSalmonEntityForge_mob_by_OceanicWhitetipSharkEntityForge=2, death_AtlanticSalmonEntityForge_mob_by_TigerSharkEntityForge=1, death_BlackSeaNettleJellyfishEntityForge_mob_by_GreatWhiteSharkEntityForge=1, death_BlacktipReefSharkEntityForge_mob_by_ShortfinMakoSharkEntityForge=1, death_CannonballJellyfishEntityForge_mob_by_GreatWhiteSharkEntityForge=1, death_CaribbeanReefOctopusEntityForge_mob_by_CommonStingrayEntityForge=3, death_CaribbeanReefOctopusEntityForge_mob_by_GreatHammerheadSharkEntityForge=3, death_CommonOctopusEntityForge_mob_by_GreatHammerheadSharkEntityForge=1, death_CommonStingrayEntityForge_mob_by_BlacktipReefSharkEntityForge=2, death_CommonStingrayEntityForge_mob_by_ShortfinMakoSharkEntityForge=1, death_GreenSeaTurtleEntityForge_mob_by_ShortfinMakoSharkEntityForge=1, death_HarborSealEntityForge_mob_by_GreatWhiteSharkEntityForge=1, death_NautilusEntityForge_mob_by_CommonStingrayEntityForge=3, death_SandtigerSharkEntityForge_mob_by_BlackSeaNettleJellyfishEntityForge=1, living_deaths=42, navigation_calls=35879, sensor_calls=81177}	121	126
18000	1134533816	{AmericanLobsterEntityForge=20, AtlanticCodEntityForge=16, AtlanticSalmonEntityForge=16, BlackSeaNettleJellyfishEntityForge=2, BlacktipReefSharkEntityForge=6, BottlenoseDolphinEntityForge=8, CannonballJellyfishEntityForge=4, CaribbeanReefOctopusEntityForge=4, CommonOctopusEntityForge=6, CommonStingrayEntityForge=6, CommonThresherSharkEntityForge=2, GiantMorayEelEntityForge=8, GreatHammerheadSharkEntityForge=2, GreatWhiteSharkEntityForge=2, GreenSeaTurtleEntityForge=6, HarborSealEntityForge=6, NautilusEntityForge=2, OceanicWhitetipSharkEntityForge=2, OrcaEntityForge=2, SandtigerSharkEntityForge=2, ShortfinMakoSharkEntityForge=2, TigerSharkEntityForge=2}	{AmericanLobsterEntityForge=300, AtlanticCodEntityForge=300, AtlanticSalmonEntityForge=300, BlackSeaNettleJellyfishEntityForge=300, BlacktipReefSharkEntityForge=300, BottlenoseDolphinEntityForge=700, CannonballJellyfishEntityForge=300, CaribbeanReefOctopusEntityForge=300, CommonOctopusEntityForge=300, CommonStingrayEntityForge=300, CommonThresherSharkEntityForge=300, GiantMorayEelEntityForge=300, GreatHammerheadSharkEntityForge=300, GreatWhiteSharkEntityForge=300, GreenSeaTurtleEntityForge=300, HarborSealEntityForge=300, NautilusEntityForge=300, OceanicWhitetipSharkEntityForge=300, OrcaEntityForge=700, SandtigerSharkEntityForge=300, ShortfinMakoSharkEntityForge=300, TigerSharkEntityForge=300}	11	{action_escape=105, action_feed=467, action_habitat=11, action_social=7, bounded_living_scans=2513, death_AmericanLobsterEntityForge_mob_by_BlacktipReefSharkEntityForge=1, death_AmericanLobsterEntityForge_mob_by_CommonStingrayEntityForge=7, death_AtlanticCodEntityForge_mob_by_BlacktipReefSharkEntityForge=4, death_AtlanticCodEntityForge_mob_by_CommonThresherSharkEntityForge=2, death_AtlanticCodEntityForge_mob_by_OceanicWhitetipSharkEntityForge=1, death_AtlanticCodEntityForge_mob_by_SandtigerSharkEntityForge=3, death_AtlanticCodEntityForge_mob_by_TigerSharkEntityForge=1, death_AtlanticSalmonEntityForge_mob_by_BlacktipReefSharkEntityForge=1, death_AtlanticSalmonEntityForge_mob_by_OceanicWhitetipSharkEntityForge=2, death_AtlanticSalmonEntityForge_mob_by_TigerSharkEntityForge=1, death_BlackSeaNettleJellyfishEntityForge_mob_by_GreatWhiteSharkEntityForge=1, death_BlacktipReefSharkEntityForge_mob_by_ShortfinMakoSharkEntityForge=1, death_CannonballJellyfishEntityForge_mob_by_GreatWhiteSharkEntityForge=1, death_CaribbeanReefOctopusEntityForge_mob_by_CommonStingrayEntityForge=3, death_CaribbeanReefOctopusEntityForge_mob_by_GreatHammerheadSharkEntityForge=3, death_CommonOctopusEntityForge_mob_by_GreatHammerheadSharkEntityForge=1, death_CommonStingrayEntityForge_mob_by_BlacktipReefSharkEntityForge=2, death_CommonStingrayEntityForge_mob_by_ShortfinMakoSharkEntityForge=1, death_GreenSeaTurtleEntityForge_mob_by_ShortfinMakoSharkEntityForge=1, death_HarborSealEntityForge_mob_by_GreatWhiteSharkEntityForge=1, death_NautilusEntityForge_mob_by_CommonStingrayEntityForge=3, death_SandtigerSharkEntityForge_mob_by_BlackSeaNettleJellyfishEntityForge=1, living_deaths=42, navigation_calls=36241, sensor_calls=82128}	121	126
18200	1337957560	{AmericanLobsterEntityForge=20, AtlanticCodEntityForge=16, AtlanticSalmonEntityForge=16, BlackSeaNettleJellyfishEntityForge=2, BlacktipReefSharkEntityForge=6, BottlenoseDolphinEntityForge=8, CannonballJellyfishEntityForge=4, CaribbeanReefOctopusEntityForge=4, CommonOctopusEntityForge=6, CommonStingrayEntityForge=6, CommonThresherSharkEntityForge=2, GiantMorayEelEntityForge=8, GreatHammerheadSharkEntityForge=2, GreatWhiteSharkEntityForge=2, GreenSeaTurtleEntityForge=6, HarborSealEntityForge=6, NautilusEntityForge=2, OceanicWhitetipSharkEntityForge=2, OrcaEntityForge=2, SandtigerSharkEntityForge=2, ShortfinMakoSharkEntityForge=2, TigerSharkEntityForge=2}	{AmericanLobsterEntityForge=300, AtlanticCodEntityForge=300, AtlanticSalmonEntityForge=300, BlackSeaNettleJellyfishEntityForge=300, BlacktipReefSharkEntityForge=300, BottlenoseDolphinEntityForge=700, CannonballJellyfishEntityForge=300, CaribbeanReefOctopusEntityForge=300, CommonOctopusEntityForge=300, CommonStingrayEntityForge=300, CommonThresherSharkEntityForge=300, GiantMorayEelEntityForge=300, GreatHammerheadSharkEntityForge=300, GreatWhiteSharkEntityForge=300, GreenSeaTurtleEntityForge=300, HarborSealEntityForge=300, NautilusEntityForge=300, OceanicWhitetipSharkEntityForge=300, OrcaEntityForge=700, SandtigerSharkEntityForge=300, ShortfinMakoSharkEntityForge=300, TigerSharkEntityForge=300}	11	{action_escape=106, action_feed=471, action_habitat=12, action_social=7, bounded_living_scans=2546, death_AmericanLobsterEntityForge_mob_by_BlacktipReefSharkEntityForge=1, death_AmericanLobsterEntityForge_mob_by_CommonStingrayEntityForge=7, death_AtlanticCodEntityForge_mob_by_BlacktipReefSharkEntityForge=4, death_AtlanticCodEntityForge_mob_by_CommonThresherSharkEntityForge=2, death_AtlanticCodEntityForge_mob_by_OceanicWhitetipSharkEntityForge=1, death_AtlanticCodEntityForge_mob_by_SandtigerSharkEntityForge=3, death_AtlanticCodEntityForge_mob_by_TigerSharkEntityForge=1, death_AtlanticSalmonEntityForge_mob_by_BlacktipReefSharkEntityForge=1, death_AtlanticSalmonEntityForge_mob_by_OceanicWhitetipSharkEntityForge=2, death_AtlanticSalmonEntityForge_mob_by_TigerSharkEntityForge=1, death_BlackSeaNettleJellyfishEntityForge_mob_by_GreatWhiteSharkEntityForge=1, death_BlacktipReefSharkEntityForge_mob_by_ShortfinMakoSharkEntityForge=1, death_CannonballJellyfishEntityForge_mob_by_GreatWhiteSharkEntityForge=1, death_CaribbeanReefOctopusEntityForge_mob_by_CommonStingrayEntityForge=3, death_CaribbeanReefOctopusEntityForge_mob_by_GreatHammerheadSharkEntityForge=3, death_CommonOctopusEntityForge_mob_by_GreatHammerheadSharkEntityForge=1, death_CommonStingrayEntityForge_mob_by_BlacktipReefSharkEntityForge=2, death_CommonStingrayEntityForge_mob_by_ShortfinMakoSharkEntityForge=1, death_GreenSeaTurtleEntityForge_mob_by_ShortfinMakoSharkEntityForge=1, death_HarborSealEntityForge_mob_by_GreatWhiteSharkEntityForge=1, death_NautilusEntityForge_mob_by_CommonStingrayEntityForge=3, death_SandtigerSharkEntityForge_mob_by_BlackSeaNettleJellyfishEntityForge=1, living_deaths=42, navigation_calls=36607, sensor_calls=83004}	124	126
18400	1539284152	{AmericanLobsterEntityForge=20, AtlanticCodEntityForge=16, AtlanticSalmonEntityForge=16, BlackSeaNettleJellyfishEntityForge=2, BlacktipReefSharkEntityForge=6, BottlenoseDolphinEntityForge=8, CannonballJellyfishEntityForge=4, CaribbeanReefOctopusEntityForge=4, CommonOctopusEntityForge=6, CommonStingrayEntityForge=6, CommonThresherSharkEntityForge=2, GiantMorayEelEntityForge=8, GreatHammerheadSharkEntityForge=2, GreatWhiteSharkEntityForge=2, GreenSeaTurtleEntityForge=6, HarborSealEntityForge=6, NautilusEntityForge=2, OceanicWhitetipSharkEntityForge=2, OrcaEntityForge=2, SandtigerSharkEntityForge=2, ShortfinMakoSharkEntityForge=2, TigerSharkEntityForge=2}	{AmericanLobsterEntityForge=300, AtlanticCodEntityForge=300, AtlanticSalmonEntityForge=300, BlackSeaNettleJellyfishEntityForge=300, BlacktipReefSharkEntityForge=300, BottlenoseDolphinEntityForge=700, CannonballJellyfishEntityForge=300, CaribbeanReefOctopusEntityForge=300, CommonOctopusEntityForge=300, CommonStingrayEntityForge=300, CommonThresherSharkEntityForge=300, GiantMorayEelEntityForge=300, GreatHammerheadSharkEntityForge=300, GreatWhiteSharkEntityForge=300, GreenSeaTurtleEntityForge=300, HarborSealEntityForge=300, NautilusEntityForge=300, OceanicWhitetipSharkEntityForge=300, OrcaEntityForge=700, SandtigerSharkEntityForge=300, ShortfinMakoSharkEntityForge=300, TigerSharkEntityForge=300}	11	{action_escape=106, action_feed=478, action_habitat=13, action_social=7, bounded_living_scans=2569, death_AmericanLobsterEntityForge_mob_by_BlacktipReefSharkEntityForge=1, death_AmericanLobsterEntityForge_mob_by_CommonStingrayEntityForge=7, death_AtlanticCodEntityForge_mob_by_BlacktipReefSharkEntityForge=4, death_AtlanticCodEntityForge_mob_by_CommonThresherSharkEntityForge=3, death_AtlanticCodEntityForge_mob_by_OceanicWhitetipSharkEntityForge=1, death_AtlanticCodEntityForge_mob_by_SandtigerSharkEntityForge=3, death_AtlanticCodEntityForge_mob_by_TigerSharkEntityForge=1, death_AtlanticSalmonEntityForge_mob_by_BlacktipReefSharkEntityForge=1, death_AtlanticSalmonEntityForge_mob_by_OceanicWhitetipSharkEntityForge=2, death_AtlanticSalmonEntityForge_mob_by_TigerSharkEntityForge=1, death_BlackSeaNettleJellyfishEntityForge_mob_by_GreatWhiteSharkEntityForge=1, death_BlacktipReefSharkEntityForge_mob_by_ShortfinMakoSharkEntityForge=1, death_CannonballJellyfishEntityForge_mob_by_GreatWhiteSharkEntityForge=1, death_CaribbeanReefOctopusEntityForge_mob_by_CommonStingrayEntityForge=3, death_CaribbeanReefOctopusEntityForge_mob_by_GreatHammerheadSharkEntityForge=3, death_CommonOctopusEntityForge_mob_by_GreatHammerheadSharkEntityForge=1, death_CommonStingrayEntityForge_mob_by_BlacktipReefSharkEntityForge=2, death_CommonStingrayEntityForge_mob_by_ShortfinMakoSharkEntityForge=1, death_GreenSeaTurtleEntityForge_mob_by_ShortfinMakoSharkEntityForge=1, death_HarborSealEntityForge_mob_by_GreatWhiteSharkEntityForge=1, death_NautilusEntityForge_mob_by_CommonStingrayEntityForge=3, death_SandtigerSharkEntityForge_mob_by_BlackSeaNettleJellyfishEntityForge=1, living_deaths=43, navigation_calls=36987, sensor_calls=83954}	123	126
18600	452354208	{AmericanLobsterEntityForge=19, AtlanticCodEntityForge=15, AtlanticSalmonEntityForge=16, BlackSeaNettleJellyfishEntityForge=2, BlacktipReefSharkEntityForge=6, BottlenoseDolphinEntityForge=8, CannonballJellyfishEntityForge=4, CaribbeanReefOctopusEntityForge=4, CommonOctopusEntityForge=6, CommonStingrayEntityForge=6, CommonThresherSharkEntityForge=2, GiantMorayEelEntityForge=8, GreatHammerheadSharkEntityForge=2, GreatWhiteSharkEntityForge=2, GreenSeaTurtleEntityForge=6, HarborSealEntityForge=6, NautilusEntityForge=2, OceanicWhitetipSharkEntityForge=2, OrcaEntityForge=2, SandtigerSharkEntityForge=2, ShortfinMakoSharkEntityForge=2, TigerSharkEntityForge=2}	{AmericanLobsterEntityForge=300, AtlanticCodEntityForge=300, AtlanticSalmonEntityForge=300, BlackSeaNettleJellyfishEntityForge=300, BlacktipReefSharkEntityForge=300, BottlenoseDolphinEntityForge=700, CannonballJellyfishEntityForge=300, CaribbeanReefOctopusEntityForge=300, CommonOctopusEntityForge=300, CommonStingrayEntityForge=300, CommonThresherSharkEntityForge=300, GiantMorayEelEntityForge=300, GreatHammerheadSharkEntityForge=300, GreatWhiteSharkEntityForge=300, GreenSeaTurtleEntityForge=300, HarborSealEntityForge=300, NautilusEntityForge=300, OceanicWhitetipSharkEntityForge=300, OrcaEntityForge=700, SandtigerSharkEntityForge=300, ShortfinMakoSharkEntityForge=300, TigerSharkEntityForge=300}	11	{action_escape=108, action_feed=479, action_habitat=13, action_social=7, bounded_living_scans=2600, death_AmericanLobsterEntityForge_mob_by_BlacktipReefSharkEntityForge=1, death_AmericanLobsterEntityForge_mob_by_CommonStingrayEntityForge=8, death_AtlanticCodEntityForge_mob_by_BlacktipReefSharkEntityForge=4, death_AtlanticCodEntityForge_mob_by_CommonThresherSharkEntityForge=3, death_AtlanticCodEntityForge_mob_by_OceanicWhitetipSharkEntityForge=1, death_AtlanticCodEntityForge_mob_by_SandtigerSharkEntityForge=3, death_AtlanticCodEntityForge_mob_by_TigerSharkEntityForge=1, death_AtlanticSalmonEntityForge_mob_by_BlacktipReefSharkEntityForge=1, death_AtlanticSalmonEntityForge_mob_by_OceanicWhitetipSharkEntityForge=2, death_AtlanticSalmonEntityForge_mob_by_TigerSharkEntityForge=1, death_BlackSeaNettleJellyfishEntityForge_mob_by_GreatWhiteSharkEntityForge=1, death_BlacktipReefSharkEntityForge_mob_by_ShortfinMakoSharkEntityForge=1, death_CannonballJellyfishEntityForge_mob_by_GreatWhiteSharkEntityForge=1, death_CaribbeanReefOctopusEntityForge_mob_by_CommonStingrayEntityForge=3, death_CaribbeanReefOctopusEntityForge_mob_by_GreatHammerheadSharkEntityForge=3, death_CommonOctopusEntityForge_mob_by_GreatHammerheadSharkEntityForge=1, death_CommonStingrayEntityForge_mob_by_BlacktipReefSharkEntityForge=2, death_CommonStingrayEntityForge_mob_by_ShortfinMakoSharkEntityForge=1, death_GreenSeaTurtleEntityForge_mob_by_ShortfinMakoSharkEntityForge=1, death_HarborSealEntityForge_mob_by_GreatWhiteSharkEntityForge=1, death_NautilusEntityForge_mob_by_CommonStingrayEntityForge=3, death_SandtigerSharkEntityForge_mob_by_BlackSeaNettleJellyfishEntityForge=1, living_deaths=44, navigation_calls=37362, sensor_calls=84826}	118	124
18800	653680800	{AmericanLobsterEntityForge=20, AtlanticCodEntityForge=16, AtlanticSalmonEntityForge=16, BlackSeaNettleJellyfishEntityForge=2, BlacktipReefSharkEntityForge=6, BottlenoseDolphinEntityForge=8, CannonballJellyfishEntityForge=4, CaribbeanReefOctopusEntityForge=4, CommonOctopusEntityForge=6, CommonStingrayEntityForge=6, CommonThresherSharkEntityForge=2, GiantMorayEelEntityForge=8, GreatHammerheadSharkEntityForge=2, GreatWhiteSharkEntityForge=2, GreenSeaTurtleEntityForge=6, HarborSealEntityForge=6, NautilusEntityForge=2, OceanicWhitetipSharkEntityForge=2, OrcaEntityForge=2, SandtigerSharkEntityForge=2, ShortfinMakoSharkEntityForge=2, TigerSharkEntityForge=2}	{AmericanLobsterEntityForge=300, AtlanticCodEntityForge=300, AtlanticSalmonEntityForge=300, BlackSeaNettleJellyfishEntityForge=300, BlacktipReefSharkEntityForge=300, BottlenoseDolphinEntityForge=700, CannonballJellyfishEntityForge=300, CaribbeanReefOctopusEntityForge=300, CommonOctopusEntityForge=300, CommonStingrayEntityForge=300, CommonThresherSharkEntityForge=300, GiantMorayEelEntityForge=300, GreatHammerheadSharkEntityForge=300, GreatWhiteSharkEntityForge=300, GreenSeaTurtleEntityForge=300, HarborSealEntityForge=300, NautilusEntityForge=300, OceanicWhitetipSharkEntityForge=300, OrcaEntityForge=700, SandtigerSharkEntityForge=300, ShortfinMakoSharkEntityForge=300, TigerSharkEntityForge=300}	11	{action_escape=109, action_feed=481, action_habitat=14, action_social=8, bounded_living_scans=2618, death_AmericanLobsterEntityForge_mob_by_BlacktipReefSharkEntityForge=1, death_AmericanLobsterEntityForge_mob_by_CommonStingrayEntityForge=8, death_AtlanticCodEntityForge_mob_by_BlacktipReefSharkEntityForge=4, death_AtlanticCodEntityForge_mob_by_CommonThresherSharkEntityForge=3, death_AtlanticCodEntityForge_mob_by_OceanicWhitetipSharkEntityForge=1, death_AtlanticCodEntityForge_mob_by_SandtigerSharkEntityForge=3, death_AtlanticCodEntityForge_mob_by_TigerSharkEntityForge=1, death_AtlanticSalmonEntityForge_mob_by_BlacktipReefSharkEntityForge=1, death_AtlanticSalmonEntityForge_mob_by_OceanicWhitetipSharkEntityForge=2, death_AtlanticSalmonEntityForge_mob_by_TigerSharkEntityForge=1, death_BlackSeaNettleJellyfishEntityForge_mob_by_GreatWhiteSharkEntityForge=1, death_BlacktipReefSharkEntityForge_mob_by_GreatWhiteSharkEntityForge=1, death_BlacktipReefSharkEntityForge_mob_by_ShortfinMakoSharkEntityForge=1, death_CannonballJellyfishEntityForge_mob_by_GreatWhiteSharkEntityForge=1, death_CaribbeanReefOctopusEntityForge_mob_by_CommonStingrayEntityForge=3, death_CaribbeanReefOctopusEntityForge_mob_by_GreatHammerheadSharkEntityForge=3, death_CommonOctopusEntityForge_mob_by_GreatHammerheadSharkEntityForge=1, death_CommonStingrayEntityForge_mob_by_BlacktipReefSharkEntityForge=2, death_CommonStingrayEntityForge_mob_by_ShortfinMakoSharkEntityForge=1, death_GreenSeaTurtleEntityForge_mob_by_ShortfinMakoSharkEntityForge=1, death_HarborSealEntityForge_mob_by_GreatWhiteSharkEntityForge=1, death_NautilusEntityForge_mob_by_CommonStingrayEntityForge=3, death_SandtigerSharkEntityForge_mob_by_BlackSeaNettleJellyfishEntityForge=1, living_deaths=45, navigation_calls=37750, sensor_calls=85775}	123	126
19000	845570208	{AmericanLobsterEntityForge=20, AtlanticCodEntityForge=16, AtlanticSalmonEntityForge=16, BlackSeaNettleJellyfishEntityForge=2, BlacktipReefSharkEntityForge=5, BottlenoseDolphinEntityForge=8, CannonballJellyfishEntityForge=4, CaribbeanReefOctopusEntityForge=4, CommonOctopusEntityForge=6, CommonStingrayEntityForge=6, CommonThresherSharkEntityForge=2, GiantMorayEelEntityForge=8, GreatHammerheadSharkEntityForge=2, GreatWhiteSharkEntityForge=2, GreenSeaTurtleEntityForge=6, HarborSealEntityForge=6, NautilusEntityForge=2, OceanicWhitetipSharkEntityForge=2, OrcaEntityForge=2, SandtigerSharkEntityForge=2, ShortfinMakoSharkEntityForge=2, TigerSharkEntityForge=2}	{AmericanLobsterEntityForge=300, AtlanticCodEntityForge=300, AtlanticSalmonEntityForge=300, BlackSeaNettleJellyfishEntityForge=300, BlacktipReefSharkEntityForge=300, BottlenoseDolphinEntityForge=700, CannonballJellyfishEntityForge=300, CaribbeanReefOctopusEntityForge=300, CommonOctopusEntityForge=300, CommonStingrayEntityForge=300, CommonThresherSharkEntityForge=300, GiantMorayEelEntityForge=300, GreatHammerheadSharkEntityForge=300, GreatWhiteSharkEntityForge=300, GreenSeaTurtleEntityForge=300, HarborSealEntityForge=300, NautilusEntityForge=300, OceanicWhitetipSharkEntityForge=300, OrcaEntityForge=700, SandtigerSharkEntityForge=300, ShortfinMakoSharkEntityForge=300, TigerSharkEntityForge=300}	11	{action_escape=109, action_feed=485, action_habitat=15, action_social=8, bounded_living_scans=2656, death_AmericanLobsterEntityForge_mob_by_BlacktipReefSharkEntityForge=1, death_AmericanLobsterEntityForge_mob_by_CommonStingrayEntityForge=8, death_AtlanticCodEntityForge_mob_by_BlacktipReefSharkEntityForge=4, death_AtlanticCodEntityForge_mob_by_CommonThresherSharkEntityForge=3, death_AtlanticCodEntityForge_mob_by_OceanicWhitetipSharkEntityForge=1, death_AtlanticCodEntityForge_mob_by_SandtigerSharkEntityForge=3, death_AtlanticCodEntityForge_mob_by_TigerSharkEntityForge=1, death_AtlanticSalmonEntityForge_mob_by_BlacktipReefSharkEntityForge=1, death_AtlanticSalmonEntityForge_mob_by_OceanicWhitetipSharkEntityForge=2, death_AtlanticSalmonEntityForge_mob_by_TigerSharkEntityForge=1, death_BlackSeaNettleJellyfishEntityForge_mob_by_GreatWhiteSharkEntityForge=1, death_BlacktipReefSharkEntityForge_mob_by_GreatWhiteSharkEntityForge=1, death_BlacktipReefSharkEntityForge_mob_by_ShortfinMakoSharkEntityForge=1, death_CannonballJellyfishEntityForge_mob_by_GreatWhiteSharkEntityForge=1, death_CaribbeanReefOctopusEntityForge_mob_by_CommonStingrayEntityForge=3, death_CaribbeanReefOctopusEntityForge_mob_by_GreatHammerheadSharkEntityForge=3, death_CommonOctopusEntityForge_mob_by_GreatHammerheadSharkEntityForge=1, death_CommonStingrayEntityForge_mob_by_BlacktipReefSharkEntityForge=2, death_CommonStingrayEntityForge_mob_by_ShortfinMakoSharkEntityForge=1, death_GreenSeaTurtleEntityForge_mob_by_ShortfinMakoSharkEntityForge=1, death_HarborSealEntityForge_mob_by_GreatWhiteSharkEntityForge=1, death_NautilusEntityForge_mob_by_CommonStingrayEntityForge=3, death_SandtigerSharkEntityForge_mob_by_BlackSeaNettleJellyfishEntityForge=1, living_deaths=45, navigation_calls=38137, sensor_calls=86643}	123	125
19200	1037459616	{AmericanLobsterEntityForge=20, AtlanticCodEntityForge=16, AtlanticSalmonEntityForge=16, BlackSeaNettleJellyfishEntityForge=2, BlacktipReefSharkEntityForge=6, BottlenoseDolphinEntityForge=8, CannonballJellyfishEntityForge=4, CaribbeanReefOctopusEntityForge=4, CommonOctopusEntityForge=6, CommonStingrayEntityForge=6, CommonThresherSharkEntityForge=2, GiantMorayEelEntityForge=8, GreatHammerheadSharkEntityForge=2, GreatWhiteSharkEntityForge=2, GreenSeaTurtleEntityForge=6, HarborSealEntityForge=6, NautilusEntityForge=2, OceanicWhitetipSharkEntityForge=2, OrcaEntityForge=2, SandtigerSharkEntityForge=2, ShortfinMakoSharkEntityForge=2, TigerSharkEntityForge=2}	{AmericanLobsterEntityForge=300, AtlanticCodEntityForge=300, AtlanticSalmonEntityForge=300, BlackSeaNettleJellyfishEntityForge=300, BlacktipReefSharkEntityForge=300, BottlenoseDolphinEntityForge=700, CannonballJellyfishEntityForge=300, CaribbeanReefOctopusEntityForge=300, CommonOctopusEntityForge=300, CommonStingrayEntityForge=300, CommonThresherSharkEntityForge=300, GiantMorayEelEntityForge=300, GreatHammerheadSharkEntityForge=300, GreatWhiteSharkEntityForge=300, GreenSeaTurtleEntityForge=300, HarborSealEntityForge=300, NautilusEntityForge=300, OceanicWhitetipSharkEntityForge=300, OrcaEntityForge=700, SandtigerSharkEntityForge=300, ShortfinMakoSharkEntityForge=300, TigerSharkEntityForge=300}	11	{action_escape=111, action_feed=491, action_habitat=15, action_social=10, bounded_living_scans=2677, death_AmericanLobsterEntityForge_mob_by_BlacktipReefSharkEntityForge=1, death_AmericanLobsterEntityForge_mob_by_CommonStingrayEntityForge=8, death_AtlanticCodEntityForge_mob_by_BlacktipReefSharkEntityForge=4, death_AtlanticCodEntityForge_mob_by_CommonThresherSharkEntityForge=3, death_AtlanticCodEntityForge_mob_by_OceanicWhitetipSharkEntityForge=1, death_AtlanticCodEntityForge_mob_by_SandtigerSharkEntityForge=3, death_AtlanticCodEntityForge_mob_by_TigerSharkEntityForge=1, death_AtlanticSalmonEntityForge_mob_by_BlacktipReefSharkEntityForge=1, death_AtlanticSalmonEntityForge_mob_by_OceanicWhitetipSharkEntityForge=2, death_AtlanticSalmonEntityForge_mob_by_TigerSharkEntityForge=1, death_BlackSeaNettleJellyfishEntityForge_mob_by_GreatWhiteSharkEntityForge=1, death_BlacktipReefSharkEntityForge_mob_by_GreatWhiteSharkEntityForge=1, death_BlacktipReefSharkEntityForge_mob_by_ShortfinMakoSharkEntityForge=1, death_CannonballJellyfishEntityForge_mob_by_GreatWhiteSharkEntityForge=1, death_CaribbeanReefOctopusEntityForge_mob_by_CommonStingrayEntityForge=3, death_CaribbeanReefOctopusEntityForge_mob_by_GreatHammerheadSharkEntityForge=3, death_CommonOctopusEntityForge_mob_by_GreatHammerheadSharkEntityForge=1, death_CommonStingrayEntityForge_mob_by_BlacktipReefSharkEntityForge=2, death_CommonStingrayEntityForge_mob_by_ShortfinMakoSharkEntityForge=1, death_GreenSeaTurtleEntityForge_mob_by_ShortfinMakoSharkEntityForge=1, death_HarborSealEntityForge_mob_by_GreatWhiteSharkEntityForge=1, death_NautilusEntityForge_mob_by_CommonStingrayEntityForge=3, death_SandtigerSharkEntityForge_mob_by_BlackSeaNettleJellyfishEntityForge=1, living_deaths=45, navigation_calls=38575, sensor_calls=87590}	122	126
19400	1228300448	{AmericanLobsterEntityForge=20, AtlanticCodEntityForge=16, AtlanticSalmonEntityForge=15, BlackSeaNettleJellyfishEntityForge=2, BlacktipReefSharkEntityForge=6, BottlenoseDolphinEntityForge=8, CannonballJellyfishEntityForge=4, CaribbeanReefOctopusEntityForge=4, CommonOctopusEntityForge=6, CommonStingrayEntityForge=6, CommonThresherSharkEntityForge=2, GiantMorayEelEntityForge=8, GreatHammerheadSharkEntityForge=2, GreatWhiteSharkEntityForge=2, GreenSeaTurtleEntityForge=6, HarborSealEntityForge=6, NautilusEntityForge=2, OceanicWhitetipSharkEntityForge=2, OrcaEntityForge=2, SandtigerSharkEntityForge=2, ShortfinMakoSharkEntityForge=2, TigerSharkEntityForge=2}	{AmericanLobsterEntityForge=300, AtlanticCodEntityForge=300, AtlanticSalmonEntityForge=300, BlackSeaNettleJellyfishEntityForge=300, BlacktipReefSharkEntityForge=300, BottlenoseDolphinEntityForge=700, CannonballJellyfishEntityForge=300, CaribbeanReefOctopusEntityForge=300, CommonOctopusEntityForge=300, CommonStingrayEntityForge=300, CommonThresherSharkEntityForge=300, GiantMorayEelEntityForge=300, GreatHammerheadSharkEntityForge=300, GreatWhiteSharkEntityForge=300, GreenSeaTurtleEntityForge=300, HarborSealEntityForge=300, NautilusEntityForge=300, OceanicWhitetipSharkEntityForge=300, OrcaEntityForge=700, SandtigerSharkEntityForge=300, ShortfinMakoSharkEntityForge=300, TigerSharkEntityForge=300}	11	{action_escape=111, action_feed=496, action_habitat=15, action_social=10, bounded_living_scans=2711, death_AmericanLobsterEntityForge_mob_by_BlacktipReefSharkEntityForge=1, death_AmericanLobsterEntityForge_mob_by_CommonStingrayEntityForge=8, death_AtlanticCodEntityForge_mob_by_BlacktipReefSharkEntityForge=4, death_AtlanticCodEntityForge_mob_by_CommonThresherSharkEntityForge=3, death_AtlanticCodEntityForge_mob_by_OceanicWhitetipSharkEntityForge=1, death_AtlanticCodEntityForge_mob_by_SandtigerSharkEntityForge=3, death_AtlanticCodEntityForge_mob_by_TigerSharkEntityForge=1, death_AtlanticSalmonEntityForge_mob_by_BlacktipReefSharkEntityForge=2, death_AtlanticSalmonEntityForge_mob_by_OceanicWhitetipSharkEntityForge=2, death_AtlanticSalmonEntityForge_mob_by_TigerSharkEntityForge=1, death_BlackSeaNettleJellyfishEntityForge_mob_by_GreatWhiteSharkEntityForge=1, death_BlacktipReefSharkEntityForge_mob_by_GreatWhiteSharkEntityForge=1, death_BlacktipReefSharkEntityForge_mob_by_ShortfinMakoSharkEntityForge=1, death_CannonballJellyfishEntityForge_mob_by_GreatWhiteSharkEntityForge=1, death_CaribbeanReefOctopusEntityForge_mob_by_CommonStingrayEntityForge=3, death_CaribbeanReefOctopusEntityForge_mob_by_GreatHammerheadSharkEntityForge=3, death_CommonOctopusEntityForge_mob_by_GreatHammerheadSharkEntityForge=1, death_CommonStingrayEntityForge_mob_by_BlacktipReefSharkEntityForge=2, death_CommonStingrayEntityForge_mob_by_ShortfinMakoSharkEntityForge=1, death_GreenSeaTurtleEntityForge_mob_by_ShortfinMakoSharkEntityForge=1, death_HarborSealEntityForge_mob_by_GreatWhiteSharkEntityForge=1, death_NautilusEntityForge_mob_by_CommonStingrayEntityForge=3, death_SandtigerSharkEntityForge_mob_by_BlackSeaNettleJellyfishEntityForge=1, living_deaths=46, navigation_calls=38974, sensor_calls=88469}	122	125
19600	1425432736	{AmericanLobsterEntityForge=20, AtlanticCodEntityForge=16, AtlanticSalmonEntityForge=16, BlackSeaNettleJellyfishEntityForge=2, BlacktipReefSharkEntityForge=6, BottlenoseDolphinEntityForge=8, CannonballJellyfishEntityForge=4, CaribbeanReefOctopusEntityForge=4, CommonOctopusEntityForge=6, CommonStingrayEntityForge=6, CommonThresherSharkEntityForge=2, GiantMorayEelEntityForge=8, GreatHammerheadSharkEntityForge=2, GreatWhiteSharkEntityForge=2, GreenSeaTurtleEntityForge=6, HarborSealEntityForge=6, NautilusEntityForge=2, OceanicWhitetipSharkEntityForge=2, OrcaEntityForge=2, SandtigerSharkEntityForge=2, ShortfinMakoSharkEntityForge=2, TigerSharkEntityForge=2}	{AmericanLobsterEntityForge=300, AtlanticCodEntityForge=300, AtlanticSalmonEntityForge=300, BlackSeaNettleJellyfishEntityForge=300, BlacktipReefSharkEntityForge=300, BottlenoseDolphinEntityForge=700, CannonballJellyfishEntityForge=300, CaribbeanReefOctopusEntityForge=300, CommonOctopusEntityForge=300, CommonStingrayEntityForge=300, CommonThresherSharkEntityForge=300, GiantMorayEelEntityForge=300, GreatHammerheadSharkEntityForge=300, GreatWhiteSharkEntityForge=300, GreenSeaTurtleEntityForge=300, HarborSealEntityForge=300, NautilusEntityForge=300, OceanicWhitetipSharkEntityForge=300, OrcaEntityForge=700, SandtigerSharkEntityForge=300, ShortfinMakoSharkEntityForge=300, TigerSharkEntityForge=300}	11	{action_escape=112, action_feed=501, action_habitat=17, action_social=10, bounded_living_scans=2729, death_AmericanLobsterEntityForge_mob_by_BlacktipReefSharkEntityForge=1, death_AmericanLobsterEntityForge_mob_by_CommonStingrayEntityForge=8, death_AtlanticCodEntityForge_mob_by_BlacktipReefSharkEntityForge=4, death_AtlanticCodEntityForge_mob_by_CommonThresherSharkEntityForge=3, death_AtlanticCodEntityForge_mob_by_OceanicWhitetipSharkEntityForge=1, death_AtlanticCodEntityForge_mob_by_SandtigerSharkEntityForge=3, death_AtlanticCodEntityForge_mob_by_TigerSharkEntityForge=1, death_AtlanticSalmonEntityForge_mob_by_BlacktipReefSharkEntityForge=2, death_AtlanticSalmonEntityForge_mob_by_OceanicWhitetipSharkEntityForge=2, death_AtlanticSalmonEntityForge_mob_by_TigerSharkEntityForge=1, death_BlackSeaNettleJellyfishEntityForge_mob_by_GreatWhiteSharkEntityForge=1, death_BlacktipReefSharkEntityForge_mob_by_GreatWhiteSharkEntityForge=1, death_BlacktipReefSharkEntityForge_mob_by_ShortfinMakoSharkEntityForge=1, death_CannonballJellyfishEntityForge_mob_by_GreatWhiteSharkEntityForge=1, death_CaribbeanReefOctopusEntityForge_mob_by_CommonStingrayEntityForge=3, death_CaribbeanReefOctopusEntityForge_mob_by_GreatHammerheadSharkEntityForge=3, death_CommonOctopusEntityForge_mob_by_GreatHammerheadSharkEntityForge=1, death_CommonStingrayEntityForge_mob_by_BlacktipReefSharkEntityForge=2, death_CommonStingrayEntityForge_mob_by_ShortfinMakoSharkEntityForge=1, death_GreenSeaTurtleEntityForge_mob_by_ShortfinMakoSharkEntityForge=1, death_HarborSealEntityForge_mob_by_GreatWhiteSharkEntityForge=1, death_NautilusEntityForge_mob_by_CommonStingrayEntityForge=3, death_SandtigerSharkEntityForge_mob_by_BlackSeaNettleJellyfishEntityForge=1, living_deaths=46, navigation_calls=39393, sensor_calls=89415}	120	126
19800	1618370720	{AmericanLobsterEntityForge=20, AtlanticCodEntityForge=16, AtlanticSalmonEntityForge=16, BlackSeaNettleJellyfishEntityForge=2, BlacktipReefSharkEntityForge=6, BottlenoseDolphinEntityForge=8, CannonballJellyfishEntityForge=4, CaribbeanReefOctopusEntityForge=4, CommonOctopusEntityForge=6, CommonStingrayEntityForge=6, CommonThresherSharkEntityForge=2, GiantMorayEelEntityForge=8, GreatHammerheadSharkEntityForge=2, GreatWhiteSharkEntityForge=2, GreenSeaTurtleEntityForge=6, HarborSealEntityForge=6, NautilusEntityForge=2, OceanicWhitetipSharkEntityForge=2, OrcaEntityForge=2, SandtigerSharkEntityForge=2, ShortfinMakoSharkEntityForge=2, TigerSharkEntityForge=2}	{AmericanLobsterEntityForge=300, AtlanticCodEntityForge=300, AtlanticSalmonEntityForge=300, BlackSeaNettleJellyfishEntityForge=300, BlacktipReefSharkEntityForge=300, BottlenoseDolphinEntityForge=700, CannonballJellyfishEntityForge=300, CaribbeanReefOctopusEntityForge=300, CommonOctopusEntityForge=300, CommonStingrayEntityForge=300, CommonThresherSharkEntityForge=300, GiantMorayEelEntityForge=300, GreatHammerheadSharkEntityForge=300, GreatWhiteSharkEntityForge=300, GreenSeaTurtleEntityForge=300, HarborSealEntityForge=300, NautilusEntityForge=300, OceanicWhitetipSharkEntityForge=300, OrcaEntityForge=700, SandtigerSharkEntityForge=300, ShortfinMakoSharkEntityForge=300, TigerSharkEntityForge=300}	11	{action_escape=112, action_feed=505, action_habitat=17, action_social=11, bounded_living_scans=2764, death_AmericanLobsterEntityForge_mob_by_BlacktipReefSharkEntityForge=1, death_AmericanLobsterEntityForge_mob_by_CommonStingrayEntityForge=8, death_AtlanticCodEntityForge_mob_by_BlacktipReefSharkEntityForge=4, death_AtlanticCodEntityForge_mob_by_CommonThresherSharkEntityForge=3, death_AtlanticCodEntityForge_mob_by_OceanicWhitetipSharkEntityForge=1, death_AtlanticCodEntityForge_mob_by_SandtigerSharkEntityForge=3, death_AtlanticCodEntityForge_mob_by_TigerSharkEntityForge=1, death_AtlanticSalmonEntityForge_mob_by_BlacktipReefSharkEntityForge=2, death_AtlanticSalmonEntityForge_mob_by_OceanicWhitetipSharkEntityForge=2, death_AtlanticSalmonEntityForge_mob_by_TigerSharkEntityForge=1, death_BlackSeaNettleJellyfishEntityForge_mob_by_GreatWhiteSharkEntityForge=1, death_BlacktipReefSharkEntityForge_mob_by_GreatWhiteSharkEntityForge=1, death_BlacktipReefSharkEntityForge_mob_by_ShortfinMakoSharkEntityForge=1, death_CannonballJellyfishEntityForge_mob_by_GreatWhiteSharkEntityForge=1, death_CaribbeanReefOctopusEntityForge_mob_by_CommonStingrayEntityForge=3, death_CaribbeanReefOctopusEntityForge_mob_by_GreatHammerheadSharkEntityForge=3, death_CommonOctopusEntityForge_mob_by_GreatHammerheadSharkEntityForge=1, death_CommonStingrayEntityForge_mob_by_BlacktipReefSharkEntityForge=2, death_CommonStingrayEntityForge_mob_by_ShortfinMakoSharkEntityForge=1, death_GreenSeaTurtleEntityForge_mob_by_ShortfinMakoSharkEntityForge=1, death_HarborSealEntityForge_mob_by_GreatWhiteSharkEntityForge=1, death_NautilusEntityForge_mob_by_CommonStingrayEntityForge=3, death_SandtigerSharkEntityForge_mob_by_BlackSeaNettleJellyfishEntityForge=1, living_deaths=46, navigation_calls=39779, sensor_calls=90361}	121	126
20000	530371904	{AmericanLobsterEntityForge=20, AtlanticCodEntityForge=16, AtlanticSalmonEntityForge=16, BlackSeaNettleJellyfishEntityForge=2, BlacktipReefSharkEntityForge=6, BottlenoseDolphinEntityForge=8, CannonballJellyfishEntityForge=4, CaribbeanReefOctopusEntityForge=4, CommonOctopusEntityForge=6, CommonStingrayEntityForge=6, CommonThresherSharkEntityForge=2, GiantMorayEelEntityForge=8, GreatHammerheadSharkEntityForge=2, GreatWhiteSharkEntityForge=2, GreenSeaTurtleEntityForge=6, HarborSealEntityForge=6, NautilusEntityForge=2, OceanicWhitetipSharkEntityForge=2, OrcaEntityForge=2, SandtigerSharkEntityForge=2, ShortfinMakoSharkEntityForge=2, TigerSharkEntityForge=2}	{AmericanLobsterEntityForge=300, AtlanticCodEntityForge=300, AtlanticSalmonEntityForge=300, BlackSeaNettleJellyfishEntityForge=300, BlacktipReefSharkEntityForge=300, BottlenoseDolphinEntityForge=700, CannonballJellyfishEntityForge=300, CaribbeanReefOctopusEntityForge=300, CommonOctopusEntityForge=300, CommonStingrayEntityForge=300, CommonThresherSharkEntityForge=300, GiantMorayEelEntityForge=300, GreatHammerheadSharkEntityForge=300, GreatWhiteSharkEntityForge=300, GreenSeaTurtleEntityForge=300, HarborSealEntityForge=300, NautilusEntityForge=300, OceanicWhitetipSharkEntityForge=300, OrcaEntityForge=700, SandtigerSharkEntityForge=300, ShortfinMakoSharkEntityForge=300, TigerSharkEntityForge=300}	11	{action_escape=113, action_feed=512, action_habitat=18, action_social=11, bounded_living_scans=2782, death_AmericanLobsterEntityForge_mob_by_BlacktipReefSharkEntityForge=1, death_AmericanLobsterEntityForge_mob_by_CommonStingrayEntityForge=8, death_AtlanticCodEntityForge_mob_by_BlacktipReefSharkEntityForge=4, death_AtlanticCodEntityForge_mob_by_CommonThresherSharkEntityForge=3, death_AtlanticCodEntityForge_mob_by_OceanicWhitetipSharkEntityForge=1, death_AtlanticCodEntityForge_mob_by_SandtigerSharkEntityForge=3, death_AtlanticCodEntityForge_mob_by_TigerSharkEntityForge=1, death_AtlanticSalmonEntityForge_mob_by_BlacktipReefSharkEntityForge=2, death_AtlanticSalmonEntityForge_mob_by_OceanicWhitetipSharkEntityForge=2, death_AtlanticSalmonEntityForge_mob_by_TigerSharkEntityForge=1, death_BlackSeaNettleJellyfishEntityForge_mob_by_GreatWhiteSharkEntityForge=1, death_BlacktipReefSharkEntityForge_mob_by_GreatWhiteSharkEntityForge=1, death_BlacktipReefSharkEntityForge_mob_by_ShortfinMakoSharkEntityForge=1, death_CannonballJellyfishEntityForge_mob_by_GreatWhiteSharkEntityForge=1, death_CaribbeanReefOctopusEntityForge_mob_by_CommonStingrayEntityForge=3, death_CaribbeanReefOctopusEntityForge_mob_by_GreatHammerheadSharkEntityForge=3, death_CommonOctopusEntityForge_mob_by_GreatHammerheadSharkEntityForge=1, death_CommonStingrayEntityForge_mob_by_BlacktipReefSharkEntityForge=2, death_CommonStingrayEntityForge_mob_by_ShortfinMakoSharkEntityForge=1, death_GreenSeaTurtleEntityForge_mob_by_ShortfinMakoSharkEntityForge=1, death_HarborSealEntityForge_mob_by_GreatWhiteSharkEntityForge=1, death_NautilusEntityForge_mob_by_CommonStingrayEntityForge=3, death_SandtigerSharkEntityForge_mob_by_BlackSeaNettleJellyfishEntityForge=1, living_deaths=46, navigation_calls=40173, sensor_calls=91239}	124	126
20200	719115584	{AmericanLobsterEntityForge=20, AtlanticCodEntityForge=16, AtlanticSalmonEntityForge=16, BlackSeaNettleJellyfishEntityForge=2, BlacktipReefSharkEntityForge=6, BottlenoseDolphinEntityForge=8, CannonballJellyfishEntityForge=4, CaribbeanReefOctopusEntityForge=4, CommonOctopusEntityForge=6, CommonStingrayEntityForge=6, CommonThresherSharkEntityForge=2, GiantMorayEelEntityForge=8, GreatHammerheadSharkEntityForge=2, GreatWhiteSharkEntityForge=2, GreenSeaTurtleEntityForge=6, HarborSealEntityForge=6, NautilusEntityForge=2, OceanicWhitetipSharkEntityForge=2, OrcaEntityForge=2, SandtigerSharkEntityForge=2, ShortfinMakoSharkEntityForge=2, TigerSharkEntityForge=2}	{AmericanLobsterEntityForge=300, AtlanticCodEntityForge=300, AtlanticSalmonEntityForge=300, BlackSeaNettleJellyfishEntityForge=300, BlacktipReefSharkEntityForge=300, BottlenoseDolphinEntityForge=700, CannonballJellyfishEntityForge=300, CaribbeanReefOctopusEntityForge=300, CommonOctopusEntityForge=300, CommonStingrayEntityForge=300, CommonThresherSharkEntityForge=300, GiantMorayEelEntityForge=300, GreatHammerheadSharkEntityForge=300, GreatWhiteSharkEntityForge=300, GreenSeaTurtleEntityForge=300, HarborSealEntityForge=300, NautilusEntityForge=300, OceanicWhitetipSharkEntityForge=300, OrcaEntityForge=700, SandtigerSharkEntityForge=300, ShortfinMakoSharkEntityForge=300, TigerSharkEntityForge=300}	11	{action_escape=115, action_feed=518, action_habitat=20, action_social=11, bounded_living_scans=2821, death_AmericanLobsterEntityForge_mob_by_BlacktipReefSharkEntityForge=1, death_AmericanLobsterEntityForge_mob_by_CommonStingrayEntityForge=8, death_AtlanticCodEntityForge_mob_by_BlacktipReefSharkEntityForge=4, death_AtlanticCodEntityForge_mob_by_CommonThresherSharkEntityForge=3, death_AtlanticCodEntityForge_mob_by_OceanicWhitetipSharkEntityForge=1, death_AtlanticCodEntityForge_mob_by_SandtigerSharkEntityForge=3, death_AtlanticCodEntityForge_mob_by_TigerSharkEntityForge=1, death_AtlanticSalmonEntityForge_mob_by_BlacktipReefSharkEntityForge=2, death_AtlanticSalmonEntityForge_mob_by_OceanicWhitetipSharkEntityForge=2, death_AtlanticSalmonEntityForge_mob_by_TigerSharkEntityForge=1, death_BlackSeaNettleJellyfishEntityForge_mob_by_GreatWhiteSharkEntityForge=1, death_BlacktipReefSharkEntityForge_mob_by_GreatWhiteSharkEntityForge=1, death_BlacktipReefSharkEntityForge_mob_by_ShortfinMakoSharkEntityForge=1, death_CannonballJellyfishEntityForge_mob_by_GreatWhiteSharkEntityForge=1, death_CaribbeanReefOctopusEntityForge_mob_by_CommonStingrayEntityForge=3, death_CaribbeanReefOctopusEntityForge_mob_by_GreatHammerheadSharkEntityForge=3, death_CommonOctopusEntityForge_mob_by_GreatHammerheadSharkEntityForge=1, death_CommonStingrayEntityForge_mob_by_BlacktipReefSharkEntityForge=2, death_CommonStingrayEntityForge_mob_by_ShortfinMakoSharkEntityForge=1, death_GreenSeaTurtleEntityForge_mob_by_ShortfinMakoSharkEntityForge=1, death_HarborSealEntityForge_mob_by_GreatWhiteSharkEntityForge=1, death_NautilusEntityForge_mob_by_CommonStingrayEntityForge=3, death_SandtigerSharkEntityForge_mob_by_BlackSeaNettleJellyfishEntityForge=1, living_deaths=46, navigation_calls=40558, sensor_calls=92189}	125	126
20400	920442176	{AmericanLobsterEntityForge=20, AtlanticCodEntityForge=16, AtlanticSalmonEntityForge=16, BlackSeaNettleJellyfishEntityForge=2, BlacktipReefSharkEntityForge=6, BottlenoseDolphinEntityForge=8, CannonballJellyfishEntityForge=4, CaribbeanReefOctopusEntityForge=4, CommonOctopusEntityForge=6, CommonStingrayEntityForge=6, CommonThresherSharkEntityForge=2, GiantMorayEelEntityForge=8, GreatHammerheadSharkEntityForge=2, GreatWhiteSharkEntityForge=2, GreenSeaTurtleEntityForge=6, HarborSealEntityForge=6, NautilusEntityForge=2, OceanicWhitetipSharkEntityForge=2, OrcaEntityForge=2, SandtigerSharkEntityForge=2, ShortfinMakoSharkEntityForge=2, TigerSharkEntityForge=2}	{AmericanLobsterEntityForge=300, AtlanticCodEntityForge=300, AtlanticSalmonEntityForge=300, BlackSeaNettleJellyfishEntityForge=300, BlacktipReefSharkEntityForge=300, BottlenoseDolphinEntityForge=700, CannonballJellyfishEntityForge=300, CaribbeanReefOctopusEntityForge=300, CommonOctopusEntityForge=300, CommonStingrayEntityForge=300, CommonThresherSharkEntityForge=300, GiantMorayEelEntityForge=300, GreatHammerheadSharkEntityForge=300, GreatWhiteSharkEntityForge=300, GreenSeaTurtleEntityForge=300, HarborSealEntityForge=300, NautilusEntityForge=300, OceanicWhitetipSharkEntityForge=300, OrcaEntityForge=700, SandtigerSharkEntityForge=300, ShortfinMakoSharkEntityForge=300, TigerSharkEntityForge=300}	11	{action_escape=116, action_feed=525, action_habitat=20, action_social=13, bounded_living_scans=2844, death_AmericanLobsterEntityForge_mob_by_BlacktipReefSharkEntityForge=1, death_AmericanLobsterEntityForge_mob_by_CommonStingrayEntityForge=8, death_AtlanticCodEntityForge_mob_by_BlacktipReefSharkEntityForge=4, death_AtlanticCodEntityForge_mob_by_CommonThresherSharkEntityForge=3, death_AtlanticCodEntityForge_mob_by_OceanicWhitetipSharkEntityForge=1, death_AtlanticCodEntityForge_mob_by_SandtigerSharkEntityForge=3, death_AtlanticCodEntityForge_mob_by_TigerSharkEntityForge=1, death_AtlanticSalmonEntityForge_mob_by_BlacktipReefSharkEntityForge=2, death_AtlanticSalmonEntityForge_mob_by_OceanicWhitetipSharkEntityForge=2, death_AtlanticSalmonEntityForge_mob_by_TigerSharkEntityForge=1, death_BlackSeaNettleJellyfishEntityForge_mob_by_GreatWhiteSharkEntityForge=1, death_BlacktipReefSharkEntityForge_mob_by_GreatWhiteSharkEntityForge=1, death_BlacktipReefSharkEntityForge_mob_by_ShortfinMakoSharkEntityForge=1, death_CannonballJellyfishEntityForge_mob_by_GreatWhiteSharkEntityForge=1, death_CaribbeanReefOctopusEntityForge_mob_by_CommonStingrayEntityForge=3, death_CaribbeanReefOctopusEntityForge_mob_by_GreatHammerheadSharkEntityForge=3, death_CommonOctopusEntityForge_mob_by_GreatHammerheadSharkEntityForge=1, death_CommonStingrayEntityForge_mob_by_BlacktipReefSharkEntityForge=2, death_CommonStingrayEntityForge_mob_by_ShortfinMakoSharkEntityForge=1, death_GreenSeaTurtleEntityForge_mob_by_ShortfinMakoSharkEntityForge=1, death_HarborSealEntityForge_mob_by_GreatWhiteSharkEntityForge=1, death_NautilusEntityForge_mob_by_CommonStingrayEntityForge=3, death_SandtigerSharkEntityForge_mob_by_BlackSeaNettleJellyfishEntityForge=1, living_deaths=46, navigation_calls=40921, sensor_calls=93066}	124	126
20600	1113380160	{AmericanLobsterEntityForge=20, AtlanticCodEntityForge=16, AtlanticSalmonEntityForge=16, BlackSeaNettleJellyfishEntityForge=2, BlacktipReefSharkEntityForge=6, BottlenoseDolphinEntityForge=8, CannonballJellyfishEntityForge=4, CaribbeanReefOctopusEntityForge=4, CommonOctopusEntityForge=6, CommonStingrayEntityForge=6, CommonThresherSharkEntityForge=2, GiantMorayEelEntityForge=8, GreatHammerheadSharkEntityForge=2, GreatWhiteSharkEntityForge=2, GreenSeaTurtleEntityForge=6, HarborSealEntityForge=6, NautilusEntityForge=2, OceanicWhitetipSharkEntityForge=2, OrcaEntityForge=2, SandtigerSharkEntityForge=2, ShortfinMakoSharkEntityForge=2, TigerSharkEntityForge=2}	{AmericanLobsterEntityForge=300, AtlanticCodEntityForge=300, AtlanticSalmonEntityForge=300, BlackSeaNettleJellyfishEntityForge=300, BlacktipReefSharkEntityForge=300, BottlenoseDolphinEntityForge=700, CannonballJellyfishEntityForge=300, CaribbeanReefOctopusEntityForge=300, CommonOctopusEntityForge=300, CommonStingrayEntityForge=300, CommonThresherSharkEntityForge=300, GiantMorayEelEntityForge=300, GreatHammerheadSharkEntityForge=300, GreatWhiteSharkEntityForge=300, GreenSeaTurtleEntityForge=300, HarborSealEntityForge=300, NautilusEntityForge=300, OceanicWhitetipSharkEntityForge=300, OrcaEntityForge=700, SandtigerSharkEntityForge=300, ShortfinMakoSharkEntityForge=300, TigerSharkEntityForge=300}	11	{action_escape=116, action_feed=528, action_habitat=21, action_social=13, bounded_living_scans=2879, death_AmericanLobsterEntityForge_mob_by_BlacktipReefSharkEntityForge=1, death_AmericanLobsterEntityForge_mob_by_CommonStingrayEntityForge=8, death_AtlanticCodEntityForge_mob_by_BlacktipReefSharkEntityForge=4, death_AtlanticCodEntityForge_mob_by_CommonThresherSharkEntityForge=3, death_AtlanticCodEntityForge_mob_by_OceanicWhitetipSharkEntityForge=1, death_AtlanticCodEntityForge_mob_by_SandtigerSharkEntityForge=3, death_AtlanticCodEntityForge_mob_by_TigerSharkEntityForge=1, death_AtlanticSalmonEntityForge_mob_by_BlacktipReefSharkEntityForge=2, death_AtlanticSalmonEntityForge_mob_by_OceanicWhitetipSharkEntityForge=2, death_AtlanticSalmonEntityForge_mob_by_TigerSharkEntityForge=1, death_BlackSeaNettleJellyfishEntityForge_mob_by_GreatWhiteSharkEntityForge=1, death_BlacktipReefSharkEntityForge_mob_by_GreatWhiteSharkEntityForge=1, death_BlacktipReefSharkEntityForge_mob_by_ShortfinMakoSharkEntityForge=1, death_CannonballJellyfishEntityForge_mob_by_GreatWhiteSharkEntityForge=1, death_CaribbeanReefOctopusEntityForge_mob_by_CommonStingrayEntityForge=3, death_CaribbeanReefOctopusEntityForge_mob_by_GreatHammerheadSharkEntityForge=3, death_CommonOctopusEntityForge_mob_by_GreatHammerheadSharkEntityForge=1, death_CommonStingrayEntityForge_mob_by_BlacktipReefSharkEntityForge=2, death_CommonStingrayEntityForge_mob_by_ShortfinMakoSharkEntityForge=1, death_GreenSeaTurtleEntityForge_mob_by_ShortfinMakoSharkEntityForge=1, death_HarborSealEntityForge_mob_by_GreatWhiteSharkEntityForge=1, death_NautilusEntityForge_mob_by_CommonStingrayEntityForge=3, death_SandtigerSharkEntityForge_mob_by_BlackSeaNettleJellyfishEntityForge=1, living_deaths=46, navigation_calls=41282, sensor_calls=94013}	123	126
20800	1309463872	{AmericanLobsterEntityForge=20, AtlanticCodEntityForge=16, AtlanticSalmonEntityForge=16, BlackSeaNettleJellyfishEntityForge=2, BlacktipReefSharkEntityForge=6, BottlenoseDolphinEntityForge=8, CannonballJellyfishEntityForge=4, CaribbeanReefOctopusEntityForge=4, CommonOctopusEntityForge=6, CommonStingrayEntityForge=6, CommonThresherSharkEntityForge=2, GiantMorayEelEntityForge=8, GreatHammerheadSharkEntityForge=2, GreatWhiteSharkEntityForge=2, GreenSeaTurtleEntityForge=6, HarborSealEntityForge=5, NautilusEntityForge=2, OceanicWhitetipSharkEntityForge=2, OrcaEntityForge=2, SandtigerSharkEntityForge=2, ShortfinMakoSharkEntityForge=2, TigerSharkEntityForge=2}	{AmericanLobsterEntityForge=300, AtlanticCodEntityForge=300, AtlanticSalmonEntityForge=300, BlackSeaNettleJellyfishEntityForge=300, BlacktipReefSharkEntityForge=300, BottlenoseDolphinEntityForge=700, CannonballJellyfishEntityForge=300, CaribbeanReefOctopusEntityForge=300, CommonOctopusEntityForge=300, CommonStingrayEntityForge=300, CommonThresherSharkEntityForge=300, GiantMorayEelEntityForge=300, GreatHammerheadSharkEntityForge=300, GreatWhiteSharkEntityForge=300, GreenSeaTurtleEntityForge=300, HarborSealEntityForge=300, NautilusEntityForge=300, OceanicWhitetipSharkEntityForge=300, OrcaEntityForge=700, SandtigerSharkEntityForge=300, ShortfinMakoSharkEntityForge=300, TigerSharkEntityForge=300}	11	{action_escape=118, action_feed=532, action_habitat=21, action_social=13, bounded_living_scans=2898, death_AmericanLobsterEntityForge_mob_by_BlacktipReefSharkEntityForge=1, death_AmericanLobsterEntityForge_mob_by_CommonStingrayEntityForge=8, death_AtlanticCodEntityForge_mob_by_BlacktipReefSharkEntityForge=4, death_AtlanticCodEntityForge_mob_by_CommonThresherSharkEntityForge=3, death_AtlanticCodEntityForge_mob_by_OceanicWhitetipSharkEntityForge=1, death_AtlanticCodEntityForge_mob_by_SandtigerSharkEntityForge=3, death_AtlanticCodEntityForge_mob_by_TigerSharkEntityForge=1, death_AtlanticSalmonEntityForge_mob_by_BlacktipReefSharkEntityForge=2, death_AtlanticSalmonEntityForge_mob_by_OceanicWhitetipSharkEntityForge=2, death_AtlanticSalmonEntityForge_mob_by_TigerSharkEntityForge=1, death_BlackSeaNettleJellyfishEntityForge_mob_by_GreatWhiteSharkEntityForge=1, death_BlacktipReefSharkEntityForge_mob_by_GreatWhiteSharkEntityForge=1, death_BlacktipReefSharkEntityForge_mob_by_ShortfinMakoSharkEntityForge=1, death_CannonballJellyfishEntityForge_mob_by_GreatWhiteSharkEntityForge=1, death_CaribbeanReefOctopusEntityForge_mob_by_CommonStingrayEntityForge=3, death_CaribbeanReefOctopusEntityForge_mob_by_GreatHammerheadSharkEntityForge=3, death_CommonOctopusEntityForge_mob_by_GreatHammerheadSharkEntityForge=1, death_CommonStingrayEntityForge_mob_by_BlacktipReefSharkEntityForge=2, death_CommonStingrayEntityForge_mob_by_ShortfinMakoSharkEntityForge=1, death_GreenSeaTurtleEntityForge_mob_by_ShortfinMakoSharkEntityForge=1, death_HarborSealEntityForge_mob_by_BlackSeaNettleJellyfishEntityForge=1, death_HarborSealEntityForge_mob_by_GreatWhiteSharkEntityForge=1, death_NautilusEntityForge_mob_by_CommonStingrayEntityForge=3, death_SandtigerSharkEntityForge_mob_by_BlackSeaNettleJellyfishEntityForge=1, living_deaths=47, navigation_calls=41672, sensor_calls=94888}	121	125
21000	1495061824	{AmericanLobsterEntityForge=20, AtlanticCodEntityForge=16, AtlanticSalmonEntityForge=16, BlackSeaNettleJellyfishEntityForge=2, BlacktipReefSharkEntityForge=6, BottlenoseDolphinEntityForge=8, CannonballJellyfishEntityForge=4, CaribbeanReefOctopusEntityForge=4, CommonOctopusEntityForge=6, CommonStingrayEntityForge=6, CommonThresherSharkEntityForge=2, GiantMorayEelEntityForge=8, GreatHammerheadSharkEntityForge=2, GreatWhiteSharkEntityForge=2, GreenSeaTurtleEntityForge=6, HarborSealEntityForge=6, NautilusEntityForge=2, OceanicWhitetipSharkEntityForge=2, OrcaEntityForge=2, SandtigerSharkEntityForge=2, ShortfinMakoSharkEntityForge=2, TigerSharkEntityForge=2}	{AmericanLobsterEntityForge=300, AtlanticCodEntityForge=300, AtlanticSalmonEntityForge=300, BlackSeaNettleJellyfishEntityForge=300, BlacktipReefSharkEntityForge=300, BottlenoseDolphinEntityForge=700, CannonballJellyfishEntityForge=300, CaribbeanReefOctopusEntityForge=300, CommonOctopusEntityForge=300, CommonStingrayEntityForge=300, CommonThresherSharkEntityForge=300, GiantMorayEelEntityForge=300, GreatHammerheadSharkEntityForge=300, GreatWhiteSharkEntityForge=300, GreenSeaTurtleEntityForge=300, HarborSealEntityForge=300, NautilusEntityForge=300, OceanicWhitetipSharkEntityForge=300, OrcaEntityForge=700, SandtigerSharkEntityForge=300, ShortfinMakoSharkEntityForge=300, TigerSharkEntityForge=300}	11	{action_escape=118, action_feed=536, action_habitat=21, action_social=14, bounded_living_scans=2932, death_AmericanLobsterEntityForge_mob_by_BlacktipReefSharkEntityForge=1, death_AmericanLobsterEntityForge_mob_by_CommonStingrayEntityForge=8, death_AtlanticCodEntityForge_mob_by_BlacktipReefSharkEntityForge=4, death_AtlanticCodEntityForge_mob_by_CommonThresherSharkEntityForge=3, death_AtlanticCodEntityForge_mob_by_OceanicWhitetipSharkEntityForge=1, death_AtlanticCodEntityForge_mob_by_SandtigerSharkEntityForge=3, death_AtlanticCodEntityForge_mob_by_TigerSharkEntityForge=1, death_AtlanticSalmonEntityForge_mob_by_BlacktipReefSharkEntityForge=2, death_AtlanticSalmonEntityForge_mob_by_OceanicWhitetipSharkEntityForge=2, death_AtlanticSalmonEntityForge_mob_by_TigerSharkEntityForge=1, death_BlackSeaNettleJellyfishEntityForge_mob_by_GreatWhiteSharkEntityForge=1, death_BlacktipReefSharkEntityForge_mob_by_GreatWhiteSharkEntityForge=1, death_BlacktipReefSharkEntityForge_mob_by_ShortfinMakoSharkEntityForge=1, death_CannonballJellyfishEntityForge_mob_by_GreatWhiteSharkEntityForge=1, death_CaribbeanReefOctopusEntityForge_mob_by_CommonStingrayEntityForge=3, death_CaribbeanReefOctopusEntityForge_mob_by_GreatHammerheadSharkEntityForge=3, death_CommonOctopusEntityForge_mob_by_GreatHammerheadSharkEntityForge=1, death_CommonStingrayEntityForge_mob_by_BlacktipReefSharkEntityForge=2, death_CommonStingrayEntityForge_mob_by_ShortfinMakoSharkEntityForge=1, death_GreenSeaTurtleEntityForge_mob_by_ShortfinMakoSharkEntityForge=1, death_HarborSealEntityForge_mob_by_BlackSeaNettleJellyfishEntityForge=1, death_HarborSealEntityForge_mob_by_GreatWhiteSharkEntityForge=1, death_NautilusEntityForge_mob_by_CommonStingrayEntityForge=3, death_SandtigerSharkEntityForge_mob_by_BlackSeaNettleJellyfishEntityForge=1, living_deaths=47, navigation_calls=42060, sensor_calls=95835}	120	126
21200	1692194112	{AmericanLobsterEntityForge=20, AtlanticCodEntityForge=16, AtlanticSalmonEntityForge=16, BlackSeaNettleJellyfishEntityForge=2, BlacktipReefSharkEntityForge=6, BottlenoseDolphinEntityForge=8, CannonballJellyfishEntityForge=4, CaribbeanReefOctopusEntityForge=4, CommonOctopusEntityForge=6, CommonStingrayEntityForge=6, CommonThresherSharkEntityForge=2, GiantMorayEelEntityForge=8, GreatHammerheadSharkEntityForge=2, GreatWhiteSharkEntityForge=2, GreenSeaTurtleEntityForge=6, HarborSealEntityForge=6, NautilusEntityForge=2, OceanicWhitetipSharkEntityForge=2, OrcaEntityForge=2, SandtigerSharkEntityForge=2, ShortfinMakoSharkEntityForge=2, TigerSharkEntityForge=2}	{AmericanLobsterEntityForge=300, AtlanticCodEntityForge=300, AtlanticSalmonEntityForge=300, BlackSeaNettleJellyfishEntityForge=300, BlacktipReefSharkEntityForge=300, BottlenoseDolphinEntityForge=700, CannonballJellyfishEntityForge=300, CaribbeanReefOctopusEntityForge=300, CommonOctopusEntityForge=300, CommonStingrayEntityForge=300, CommonThresherSharkEntityForge=300, GiantMorayEelEntityForge=300, GreatHammerheadSharkEntityForge=300, GreatWhiteSharkEntityForge=300, GreenSeaTurtleEntityForge=300, HarborSealEntityForge=300, NautilusEntityForge=300, OceanicWhitetipSharkEntityForge=300, OrcaEntityForge=700, SandtigerSharkEntityForge=300, ShortfinMakoSharkEntityForge=300, TigerSharkEntityForge=300}	11	{action_escape=118, action_feed=546, action_habitat=21, action_social=14, bounded_living_scans=2954, death_AmericanLobsterEntityForge_mob_by_BlacktipReefSharkEntityForge=1, death_AmericanLobsterEntityForge_mob_by_CommonStingrayEntityForge=8, death_AtlanticCodEntityForge_mob_by_BlacktipReefSharkEntityForge=4, death_AtlanticCodEntityForge_mob_by_CommonThresherSharkEntityForge=3, death_AtlanticCodEntityForge_mob_by_OceanicWhitetipSharkEntityForge=1, death_AtlanticCodEntityForge_mob_by_SandtigerSharkEntityForge=3, death_AtlanticCodEntityForge_mob_by_TigerSharkEntityForge=1, death_AtlanticSalmonEntityForge_mob_by_BlacktipReefSharkEntityForge=2, death_AtlanticSalmonEntityForge_mob_by_OceanicWhitetipSharkEntityForge=2, death_AtlanticSalmonEntityForge_mob_by_TigerSharkEntityForge=1, death_BlackSeaNettleJellyfishEntityForge_mob_by_GreatWhiteSharkEntityForge=1, death_BlacktipReefSharkEntityForge_mob_by_GreatWhiteSharkEntityForge=1, death_BlacktipReefSharkEntityForge_mob_by_ShortfinMakoSharkEntityForge=1, death_CannonballJellyfishEntityForge_mob_by_GreatWhiteSharkEntityForge=1, death_CaribbeanReefOctopusEntityForge_mob_by_CommonStingrayEntityForge=3, death_CaribbeanReefOctopusEntityForge_mob_by_GreatHammerheadSharkEntityForge=3, death_CommonOctopusEntityForge_mob_by_GreatHammerheadSharkEntityForge=1, death_CommonStingrayEntityForge_mob_by_BlacktipReefSharkEntityForge=2, death_CommonStingrayEntityForge_mob_by_ShortfinMakoSharkEntityForge=1, death_GreenSeaTurtleEntityForge_mob_by_ShortfinMakoSharkEntityForge=1, death_HarborSealEntityForge_mob_by_BlackSeaNettleJellyfishEntityForge=1, death_HarborSealEntityForge_mob_by_GreatWhiteSharkEntityForge=1, death_NautilusEntityForge_mob_by_CommonStingrayEntityForge=3, death_SandtigerSharkEntityForge_mob_by_BlackSeaNettleJellyfishEntityForge=1, living_deaths=47, navigation_calls=42463, sensor_calls=96712}	118	126
21400	598573456	{AmericanLobsterEntityForge=20, AtlanticCodEntityForge=16, AtlanticSalmonEntityForge=16, BlackSeaNettleJellyfishEntityForge=2, BlacktipReefSharkEntityForge=6, BottlenoseDolphinEntityForge=8, CannonballJellyfishEntityForge=4, CaribbeanReefOctopusEntityForge=4, CommonOctopusEntityForge=6, CommonStingrayEntityForge=6, CommonThresherSharkEntityForge=2, GiantMorayEelEntityForge=8, GreatHammerheadSharkEntityForge=2, GreatWhiteSharkEntityForge=2, GreenSeaTurtleEntityForge=6, HarborSealEntityForge=6, NautilusEntityForge=2, OceanicWhitetipSharkEntityForge=2, OrcaEntityForge=2, SandtigerSharkEntityForge=2, ShortfinMakoSharkEntityForge=2, TigerSharkEntityForge=2}	{AmericanLobsterEntityForge=300, AtlanticCodEntityForge=300, AtlanticSalmonEntityForge=300, BlackSeaNettleJellyfishEntityForge=300, BlacktipReefSharkEntityForge=300, BottlenoseDolphinEntityForge=700, CannonballJellyfishEntityForge=300, CaribbeanReefOctopusEntityForge=300, CommonOctopusEntityForge=300, CommonStingrayEntityForge=300, CommonThresherSharkEntityForge=300, GiantMorayEelEntityForge=300, GreatHammerheadSharkEntityForge=300, GreatWhiteSharkEntityForge=300, GreenSeaTurtleEntityForge=300, HarborSealEntityForge=300, NautilusEntityForge=300, OceanicWhitetipSharkEntityForge=300, OrcaEntityForge=700, SandtigerSharkEntityForge=300, ShortfinMakoSharkEntityForge=300, TigerSharkEntityForge=300}	11	{action_escape=119, action_feed=551, action_habitat=22, action_social=15, bounded_living_scans=2996, death_AmericanLobsterEntityForge_mob_by_BlacktipReefSharkEntityForge=1, death_AmericanLobsterEntityForge_mob_by_CommonStingrayEntityForge=8, death_AtlanticCodEntityForge_mob_by_BlacktipReefSharkEntityForge=4, death_AtlanticCodEntityForge_mob_by_CommonThresherSharkEntityForge=3, death_AtlanticCodEntityForge_mob_by_OceanicWhitetipSharkEntityForge=1, death_AtlanticCodEntityForge_mob_by_SandtigerSharkEntityForge=3, death_AtlanticCodEntityForge_mob_by_TigerSharkEntityForge=1, death_AtlanticSalmonEntityForge_mob_by_BlacktipReefSharkEntityForge=2, death_AtlanticSalmonEntityForge_mob_by_OceanicWhitetipSharkEntityForge=2, death_AtlanticSalmonEntityForge_mob_by_TigerSharkEntityForge=1, death_BlackSeaNettleJellyfishEntityForge_mob_by_GreatWhiteSharkEntityForge=1, death_BlacktipReefSharkEntityForge_mob_by_GreatWhiteSharkEntityForge=1, death_BlacktipReefSharkEntityForge_mob_by_ShortfinMakoSharkEntityForge=1, death_CannonballJellyfishEntityForge_mob_by_GreatWhiteSharkEntityForge=1, death_CaribbeanReefOctopusEntityForge_mob_by_CommonStingrayEntityForge=3, death_CaribbeanReefOctopusEntityForge_mob_by_GreatHammerheadSharkEntityForge=3, death_CommonOctopusEntityForge_mob_by_GreatHammerheadSharkEntityForge=1, death_CommonStingrayEntityForge_mob_by_BlacktipReefSharkEntityForge=2, death_CommonStingrayEntityForge_mob_by_ShortfinMakoSharkEntityForge=1, death_GreenSeaTurtleEntityForge_mob_by_ShortfinMakoSharkEntityForge=1, death_HarborSealEntityForge_mob_by_BlackSeaNettleJellyfishEntityForge=1, death_HarborSealEntityForge_mob_by_GreatWhiteSharkEntityForge=1, death_NautilusEntityForge_mob_by_CommonStingrayEntityForge=3, death_SandtigerSharkEntityForge_mob_by_BlackSeaNettleJellyfishEntityForge=1, living_deaths=47, navigation_calls=42832, sensor_calls=97661}	121	126
21600	797802896	{AmericanLobsterEntityForge=20, AtlanticCodEntityForge=16, AtlanticSalmonEntityForge=16, BlackSeaNettleJellyfishEntityForge=2, BlacktipReefSharkEntityForge=6, BottlenoseDolphinEntityForge=8, CannonballJellyfishEntityForge=4, CaribbeanReefOctopusEntityForge=4, CommonOctopusEntityForge=6, CommonStingrayEntityForge=6, CommonThresherSharkEntityForge=2, GiantMorayEelEntityForge=8, GreatHammerheadSharkEntityForge=2, GreatWhiteSharkEntityForge=2, GreenSeaTurtleEntityForge=6, HarborSealEntityForge=6, NautilusEntityForge=2, OceanicWhitetipSharkEntityForge=2, OrcaEntityForge=2, SandtigerSharkEntityForge=2, ShortfinMakoSharkEntityForge=2, TigerSharkEntityForge=2}	{AmericanLobsterEntityForge=300, AtlanticCodEntityForge=300, AtlanticSalmonEntityForge=300, BlackSeaNettleJellyfishEntityForge=300, BlacktipReefSharkEntityForge=300, BottlenoseDolphinEntityForge=700, CannonballJellyfishEntityForge=300, CaribbeanReefOctopusEntityForge=300, CommonOctopusEntityForge=300, CommonStingrayEntityForge=300, CommonThresherSharkEntityForge=300, GiantMorayEelEntityForge=300, GreatHammerheadSharkEntityForge=300, GreatWhiteSharkEntityForge=300, GreenSeaTurtleEntityForge=300, HarborSealEntityForge=300, NautilusEntityForge=300, OceanicWhitetipSharkEntityForge=300, OrcaEntityForge=700, SandtigerSharkEntityForge=300, ShortfinMakoSharkEntityForge=300, TigerSharkEntityForge=300}	11	{action_escape=120, action_feed=553, action_habitat=22, action_social=16, bounded_living_scans=3009, death_AmericanLobsterEntityForge_mob_by_BlacktipReefSharkEntityForge=1, death_AmericanLobsterEntityForge_mob_by_CommonStingrayEntityForge=8, death_AtlanticCodEntityForge_mob_by_BlacktipReefSharkEntityForge=4, death_AtlanticCodEntityForge_mob_by_CommonThresherSharkEntityForge=3, death_AtlanticCodEntityForge_mob_by_OceanicWhitetipSharkEntityForge=1, death_AtlanticCodEntityForge_mob_by_SandtigerSharkEntityForge=3, death_AtlanticCodEntityForge_mob_by_TigerSharkEntityForge=1, death_AtlanticSalmonEntityForge_mob_by_BlacktipReefSharkEntityForge=2, death_AtlanticSalmonEntityForge_mob_by_OceanicWhitetipSharkEntityForge=2, death_AtlanticSalmonEntityForge_mob_by_TigerSharkEntityForge=1, death_BlackSeaNettleJellyfishEntityForge_mob_by_GreatWhiteSharkEntityForge=1, death_BlacktipReefSharkEntityForge_mob_by_GreatWhiteSharkEntityForge=1, death_BlacktipReefSharkEntityForge_mob_by_ShortfinMakoSharkEntityForge=1, death_CannonballJellyfishEntityForge_mob_by_GreatWhiteSharkEntityForge=1, death_CaribbeanReefOctopusEntityForge_mob_by_CommonStingrayEntityForge=3, death_CaribbeanReefOctopusEntityForge_mob_by_GreatHammerheadSharkEntityForge=3, death_CommonOctopusEntityForge_mob_by_GreatHammerheadSharkEntityForge=1, death_CommonStingrayEntityForge_mob_by_BlacktipReefSharkEntityForge=2, death_CommonStingrayEntityForge_mob_by_ShortfinMakoSharkEntityForge=1, death_GreenSeaTurtleEntityForge_mob_by_ShortfinMakoSharkEntityForge=1, death_HarborSealEntityForge_mob_by_BlackSeaNettleJellyfishEntityForge=1, death_HarborSealEntityForge_mob_by_GreatWhiteSharkEntityForge=1, death_NautilusEntityForge_mob_by_CommonStingrayEntityForge=3, death_SandtigerSharkEntityForge_mob_by_BlackSeaNettleJellyfishEntityForge=1, living_deaths=47, navigation_calls=43270, sensor_calls=98537}	120	126
21800	985498000	{AmericanLobsterEntityForge=20, AtlanticCodEntityForge=16, AtlanticSalmonEntityForge=16, BlackSeaNettleJellyfishEntityForge=2, BlacktipReefSharkEntityForge=6, BottlenoseDolphinEntityForge=8, CannonballJellyfishEntityForge=4, CaribbeanReefOctopusEntityForge=4, CommonOctopusEntityForge=6, CommonStingrayEntityForge=6, CommonThresherSharkEntityForge=2, GiantMorayEelEntityForge=8, GreatHammerheadSharkEntityForge=2, GreatWhiteSharkEntityForge=2, GreenSeaTurtleEntityForge=6, HarborSealEntityForge=6, NautilusEntityForge=2, OceanicWhitetipSharkEntityForge=2, OrcaEntityForge=2, SandtigerSharkEntityForge=2, ShortfinMakoSharkEntityForge=2, TigerSharkEntityForge=2}	{AmericanLobsterEntityForge=300, AtlanticCodEntityForge=300, AtlanticSalmonEntityForge=300, BlackSeaNettleJellyfishEntityForge=300, BlacktipReefSharkEntityForge=300, BottlenoseDolphinEntityForge=700, CannonballJellyfishEntityForge=300, CaribbeanReefOctopusEntityForge=300, CommonOctopusEntityForge=300, CommonStingrayEntityForge=300, CommonThresherSharkEntityForge=300, GiantMorayEelEntityForge=300, GreatHammerheadSharkEntityForge=300, GreatWhiteSharkEntityForge=299, GreenSeaTurtleEntityForge=300, HarborSealEntityForge=300, NautilusEntityForge=300, OceanicWhitetipSharkEntityForge=300, OrcaEntityForge=700, SandtigerSharkEntityForge=300, ShortfinMakoSharkEntityForge=300, TigerSharkEntityForge=300}	11	{action_escape=120, action_feed=563, action_habitat=22, action_social=16, bounded_living_scans=3051, death_AmericanLobsterEntityForge_mob_by_BlacktipReefSharkEntityForge=1, death_AmericanLobsterEntityForge_mob_by_CommonStingrayEntityForge=8, death_AtlanticCodEntityForge_mob_by_BlacktipReefSharkEntityForge=4, death_AtlanticCodEntityForge_mob_by_CommonThresherSharkEntityForge=3, death_AtlanticCodEntityForge_mob_by_OceanicWhitetipSharkEntityForge=1, death_AtlanticCodEntityForge_mob_by_SandtigerSharkEntityForge=3, death_AtlanticCodEntityForge_mob_by_TigerSharkEntityForge=1, death_AtlanticSalmonEntityForge_mob_by_BlacktipReefSharkEntityForge=2, death_AtlanticSalmonEntityForge_mob_by_OceanicWhitetipSharkEntityForge=2, death_AtlanticSalmonEntityForge_mob_by_TigerSharkEntityForge=1, death_BlackSeaNettleJellyfishEntityForge_mob_by_GreatWhiteSharkEntityForge=1, death_BlacktipReefSharkEntityForge_mob_by_GreatWhiteSharkEntityForge=1, death_BlacktipReefSharkEntityForge_mob_by_ShortfinMakoSharkEntityForge=1, death_CannonballJellyfishEntityForge_mob_by_GreatWhiteSharkEntityForge=1, death_CaribbeanReefOctopusEntityForge_mob_by_CommonStingrayEntityForge=3, death_CaribbeanReefOctopusEntityForge_mob_by_GreatHammerheadSharkEntityForge=3, death_CommonOctopusEntityForge_mob_by_GreatHammerheadSharkEntityForge=1, death_CommonStingrayEntityForge_mob_by_BlacktipReefSharkEntityForge=2, death_CommonStingrayEntityForge_mob_by_ShortfinMakoSharkEntityForge=1, death_GreenSeaTurtleEntityForge_mob_by_ShortfinMakoSharkEntityForge=1, death_HarborSealEntityForge_mob_by_BlackSeaNettleJellyfishEntityForge=1, death_HarborSealEntityForge_mob_by_GreatWhiteSharkEntityForge=1, death_NautilusEntityForge_mob_by_CommonStingrayEntityForge=3, death_SandtigerSharkEntityForge_mob_by_BlackSeaNettleJellyfishEntityForge=1, living_deaths=47, navigation_calls=43734, sensor_calls=99487}	124	126
22000	1171095952	{AmericanLobsterEntityForge=20, AtlanticCodEntityForge=16, AtlanticSalmonEntityForge=16, BlackSeaNettleJellyfishEntityForge=2, BlacktipReefSharkEntityForge=6, BottlenoseDolphinEntityForge=8, CannonballJellyfishEntityForge=4, CaribbeanReefOctopusEntityForge=4, CommonOctopusEntityForge=6, CommonStingrayEntityForge=6, CommonThresherSharkEntityForge=2, GiantMorayEelEntityForge=8, GreatHammerheadSharkEntityForge=2, GreatWhiteSharkEntityForge=2, GreenSeaTurtleEntityForge=6, HarborSealEntityForge=6, NautilusEntityForge=2, OceanicWhitetipSharkEntityForge=2, OrcaEntityForge=2, SandtigerSharkEntityForge=2, ShortfinMakoSharkEntityForge=2, TigerSharkEntityForge=2}	{AmericanLobsterEntityForge=300, AtlanticCodEntityForge=300, AtlanticSalmonEntityForge=300, BlackSeaNettleJellyfishEntityForge=300, BlacktipReefSharkEntityForge=300, BottlenoseDolphinEntityForge=700, CannonballJellyfishEntityForge=300, CaribbeanReefOctopusEntityForge=300, CommonOctopusEntityForge=300, CommonStingrayEntityForge=300, CommonThresherSharkEntityForge=300, GiantMorayEelEntityForge=300, GreatHammerheadSharkEntityForge=300, GreatWhiteSharkEntityForge=300, GreenSeaTurtleEntityForge=300, HarborSealEntityForge=300, NautilusEntityForge=300, OceanicWhitetipSharkEntityForge=300, OrcaEntityForge=700, SandtigerSharkEntityForge=300, ShortfinMakoSharkEntityForge=300, TigerSharkEntityForge=300}	11	{action_escape=121, action_feed=568, action_habitat=23, action_social=16, bounded_living_scans=3069, death_AmericanLobsterEntityForge_mob_by_BlacktipReefSharkEntityForge=1, death_AmericanLobsterEntityForge_mob_by_CommonStingrayEntityForge=8, death_AtlanticCodEntityForge_mob_by_BlacktipReefSharkEntityForge=4, death_AtlanticCodEntityForge_mob_by_CommonThresherSharkEntityForge=3, death_AtlanticCodEntityForge_mob_by_OceanicWhitetipSharkEntityForge=1, death_AtlanticCodEntityForge_mob_by_SandtigerSharkEntityForge=3, death_AtlanticCodEntityForge_mob_by_TigerSharkEntityForge=1, death_AtlanticSalmonEntityForge_mob_by_BlacktipReefSharkEntityForge=2, death_AtlanticSalmonEntityForge_mob_by_OceanicWhitetipSharkEntityForge=2, death_AtlanticSalmonEntityForge_mob_by_TigerSharkEntityForge=1, death_BlackSeaNettleJellyfishEntityForge_mob_by_GreatWhiteSharkEntityForge=1, death_BlacktipReefSharkEntityForge_mob_by_GreatWhiteSharkEntityForge=1, death_BlacktipReefSharkEntityForge_mob_by_ShortfinMakoSharkEntityForge=1, death_CannonballJellyfishEntityForge_mob_by_GreatWhiteSharkEntityForge=1, death_CaribbeanReefOctopusEntityForge_mob_by_CommonStingrayEntityForge=3, death_CaribbeanReefOctopusEntityForge_mob_by_GreatHammerheadSharkEntityForge=3, death_CommonOctopusEntityForge_mob_by_GreatHammerheadSharkEntityForge=1, death_CommonStingrayEntityForge_mob_by_BlacktipReefSharkEntityForge=2, death_CommonStingrayEntityForge_mob_by_ShortfinMakoSharkEntityForge=1, death_GreenSeaTurtleEntityForge_mob_by_ShortfinMakoSharkEntityForge=1, death_HarborSealEntityForge_mob_by_BlackSeaNettleJellyfishEntityForge=1, death_HarborSealEntityForge_mob_by_GreatWhiteSharkEntityForge=1, death_NautilusEntityForge_mob_by_CommonStingrayEntityForge=3, death_SandtigerSharkEntityForge_mob_by_BlackSeaNettleJellyfishEntityForge=1, living_deaths=47, navigation_calls=44065, sensor_calls=100362}	123	126
22200	1356693904	{AmericanLobsterEntityForge=20, AtlanticCodEntityForge=16, AtlanticSalmonEntityForge=16, BlackSeaNettleJellyfishEntityForge=2, BlacktipReefSharkEntityForge=6, BottlenoseDolphinEntityForge=8, CannonballJellyfishEntityForge=4, CaribbeanReefOctopusEntityForge=4, CommonOctopusEntityForge=6, CommonStingrayEntityForge=6, CommonThresherSharkEntityForge=2, GiantMorayEelEntityForge=8, GreatHammerheadSharkEntityForge=2, GreatWhiteSharkEntityForge=2, GreenSeaTurtleEntityForge=6, HarborSealEntityForge=6, NautilusEntityForge=2, OceanicWhitetipSharkEntityForge=2, OrcaEntityForge=2, SandtigerSharkEntityForge=2, ShortfinMakoSharkEntityForge=2, TigerSharkEntityForge=2}	{AmericanLobsterEntityForge=300, AtlanticCodEntityForge=300, AtlanticSalmonEntityForge=300, BlackSeaNettleJellyfishEntityForge=300, BlacktipReefSharkEntityForge=300, BottlenoseDolphinEntityForge=700, CannonballJellyfishEntityForge=300, CaribbeanReefOctopusEntityForge=300, CommonOctopusEntityForge=300, CommonStingrayEntityForge=300, CommonThresherSharkEntityForge=300, GiantMorayEelEntityForge=300, GreatHammerheadSharkEntityForge=300, GreatWhiteSharkEntityForge=300, GreenSeaTurtleEntityForge=300, HarborSealEntityForge=300, NautilusEntityForge=300, OceanicWhitetipSharkEntityForge=300, OrcaEntityForge=700, SandtigerSharkEntityForge=300, ShortfinMakoSharkEntityForge=300, TigerSharkEntityForge=300}	11	{action_escape=122, action_feed=574, action_habitat=23, action_social=16, bounded_living_scans=3110, death_AmericanLobsterEntityForge_mob_by_BlacktipReefSharkEntityForge=1, death_AmericanLobsterEntityForge_mob_by_CommonStingrayEntityForge=8, death_AtlanticCodEntityForge_mob_by_BlacktipReefSharkEntityForge=4, death_AtlanticCodEntityForge_mob_by_CommonThresherSharkEntityForge=3, death_AtlanticCodEntityForge_mob_by_OceanicWhitetipSharkEntityForge=1, death_AtlanticCodEntityForge_mob_by_SandtigerSharkEntityForge=3, death_AtlanticCodEntityForge_mob_by_TigerSharkEntityForge=1, death_AtlanticSalmonEntityForge_mob_by_BlacktipReefSharkEntityForge=2, death_AtlanticSalmonEntityForge_mob_by_OceanicWhitetipSharkEntityForge=2, death_AtlanticSalmonEntityForge_mob_by_TigerSharkEntityForge=1, death_BlackSeaNettleJellyfishEntityForge_mob_by_GreatWhiteSharkEntityForge=1, death_BlacktipReefSharkEntityForge_mob_by_GreatWhiteSharkEntityForge=1, death_BlacktipReefSharkEntityForge_mob_by_ShortfinMakoSharkEntityForge=1, death_CannonballJellyfishEntityForge_mob_by_GreatWhiteSharkEntityForge=1, death_CaribbeanReefOctopusEntityForge_mob_by_CommonStingrayEntityForge=3, death_CaribbeanReefOctopusEntityForge_mob_by_GreatHammerheadSharkEntityForge=3, death_CommonOctopusEntityForge_mob_by_GreatHammerheadSharkEntityForge=1, death_CommonStingrayEntityForge_mob_by_BlacktipReefSharkEntityForge=2, death_CommonStingrayEntityForge_mob_by_ShortfinMakoSharkEntityForge=1, death_GreenSeaTurtleEntityForge_mob_by_ShortfinMakoSharkEntityForge=1, death_HarborSealEntityForge_mob_by_BlackSeaNettleJellyfishEntityForge=1, death_HarborSealEntityForge_mob_by_GreatWhiteSharkEntityForge=1, death_NautilusEntityForge_mob_by_CommonStingrayEntityForge=3, death_SandtigerSharkEntityForge_mob_by_BlackSeaNettleJellyfishEntityForge=1, living_deaths=47, navigation_calls=44448, sensor_calls=101313}	124	126
22400	1541243280	{AmericanLobsterEntityForge=20, AtlanticCodEntityForge=15, AtlanticSalmonEntityForge=16, BlackSeaNettleJellyfishEntityForge=2, BlacktipReefSharkEntityForge=6, BottlenoseDolphinEntityForge=8, CannonballJellyfishEntityForge=4, CaribbeanReefOctopusEntityForge=4, CommonOctopusEntityForge=6, CommonStingrayEntityForge=6, CommonThresherSharkEntityForge=2, GiantMorayEelEntityForge=8, GreatHammerheadSharkEntityForge=2, GreatWhiteSharkEntityForge=2, GreenSeaTurtleEntityForge=6, HarborSealEntityForge=6, NautilusEntityForge=2, OceanicWhitetipSharkEntityForge=2, OrcaEntityForge=2, SandtigerSharkEntityForge=2, ShortfinMakoSharkEntityForge=2, TigerSharkEntityForge=2}	{AmericanLobsterEntityForge=300, AtlanticCodEntityForge=300, AtlanticSalmonEntityForge=300, BlackSeaNettleJellyfishEntityForge=300, BlacktipReefSharkEntityForge=300, BottlenoseDolphinEntityForge=700, CannonballJellyfishEntityForge=300, CaribbeanReefOctopusEntityForge=300, CommonOctopusEntityForge=300, CommonStingrayEntityForge=300, CommonThresherSharkEntityForge=300, GiantMorayEelEntityForge=300, GreatHammerheadSharkEntityForge=300, GreatWhiteSharkEntityForge=300, GreenSeaTurtleEntityForge=300, HarborSealEntityForge=300, NautilusEntityForge=300, OceanicWhitetipSharkEntityForge=300, OrcaEntityForge=700, SandtigerSharkEntityForge=300, ShortfinMakoSharkEntityForge=300, TigerSharkEntityForge=300}	11	{action_escape=124, action_feed=581, action_habitat=23, action_social=16, bounded_living_scans=3130, death_AmericanLobsterEntityForge_mob_by_BlacktipReefSharkEntityForge=1, death_AmericanLobsterEntityForge_mob_by_CommonStingrayEntityForge=8, death_AtlanticCodEntityForge_mob_by_BlacktipReefSharkEntityForge=5, death_AtlanticCodEntityForge_mob_by_CommonThresherSharkEntityForge=3, death_AtlanticCodEntityForge_mob_by_OceanicWhitetipSharkEntityForge=1, death_AtlanticCodEntityForge_mob_by_SandtigerSharkEntityForge=3, death_AtlanticCodEntityForge_mob_by_TigerSharkEntityForge=1, death_AtlanticSalmonEntityForge_mob_by_BlacktipReefSharkEntityForge=2, death_AtlanticSalmonEntityForge_mob_by_OceanicWhitetipSharkEntityForge=2, death_AtlanticSalmonEntityForge_mob_by_TigerSharkEntityForge=1, death_BlackSeaNettleJellyfishEntityForge_mob_by_GreatWhiteSharkEntityForge=1, death_BlacktipReefSharkEntityForge_mob_by_GreatWhiteSharkEntityForge=1, death_BlacktipReefSharkEntityForge_mob_by_ShortfinMakoSharkEntityForge=1, death_CannonballJellyfishEntityForge_mob_by_GreatWhiteSharkEntityForge=1, death_CaribbeanReefOctopusEntityForge_mob_by_CommonStingrayEntityForge=3, death_CaribbeanReefOctopusEntityForge_mob_by_GreatHammerheadSharkEntityForge=3, death_CommonOctopusEntityForge_mob_by_GreatHammerheadSharkEntityForge=1, death_CommonStingrayEntityForge_mob_by_BlacktipReefSharkEntityForge=2, death_CommonStingrayEntityForge_mob_by_ShortfinMakoSharkEntityForge=1, death_GreenSeaTurtleEntityForge_mob_by_ShortfinMakoSharkEntityForge=1, death_HarborSealEntityForge_mob_by_BlackSeaNettleJellyfishEntityForge=1, death_HarborSealEntityForge_mob_by_GreatWhiteSharkEntityForge=1, death_NautilusEntityForge_mob_by_CommonStingrayEntityForge=3, death_SandtigerSharkEntityForge_mob_by_BlackSeaNettleJellyfishEntityForge=1, living_deaths=48, navigation_calls=44841, sensor_calls=102189}	123	125
22600	449774080	{AmericanLobsterEntityForge=20, AtlanticCodEntityForge=16, AtlanticSalmonEntityForge=16, BlackSeaNettleJellyfishEntityForge=2, BlacktipReefSharkEntityForge=6, BottlenoseDolphinEntityForge=8, CannonballJellyfishEntityForge=4, CaribbeanReefOctopusEntityForge=4, CommonOctopusEntityForge=6, CommonStingrayEntityForge=6, CommonThresherSharkEntityForge=2, GiantMorayEelEntityForge=8, GreatHammerheadSharkEntityForge=2, GreatWhiteSharkEntityForge=2, GreenSeaTurtleEntityForge=6, HarborSealEntityForge=6, NautilusEntityForge=2, OceanicWhitetipSharkEntityForge=2, OrcaEntityForge=2, SandtigerSharkEntityForge=2, ShortfinMakoSharkEntityForge=2, TigerSharkEntityForge=2}	{AmericanLobsterEntityForge=300, AtlanticCodEntityForge=300, AtlanticSalmonEntityForge=300, BlackSeaNettleJellyfishEntityForge=300, BlacktipReefSharkEntityForge=300, BottlenoseDolphinEntityForge=700, CannonballJellyfishEntityForge=300, CaribbeanReefOctopusEntityForge=300, CommonOctopusEntityForge=300, CommonStingrayEntityForge=300, CommonThresherSharkEntityForge=300, GiantMorayEelEntityForge=300, GreatHammerheadSharkEntityForge=300, GreatWhiteSharkEntityForge=300, GreenSeaTurtleEntityForge=300, HarborSealEntityForge=300, NautilusEntityForge=300, OceanicWhitetipSharkEntityForge=300, OrcaEntityForge=700, SandtigerSharkEntityForge=300, ShortfinMakoSharkEntityForge=300, TigerSharkEntityForge=300}	11	{action_escape=124, action_feed=584, action_habitat=24, action_social=16, bounded_living_scans=3164, death_AmericanLobsterEntityForge_mob_by_BlacktipReefSharkEntityForge=1, death_AmericanLobsterEntityForge_mob_by_CommonStingrayEntityForge=8, death_AtlanticCodEntityForge_mob_by_BlacktipReefSharkEntityForge=5, death_AtlanticCodEntityForge_mob_by_CommonThresherSharkEntityForge=3, death_AtlanticCodEntityForge_mob_by_OceanicWhitetipSharkEntityForge=1, death_AtlanticCodEntityForge_mob_by_SandtigerSharkEntityForge=3, death_AtlanticCodEntityForge_mob_by_TigerSharkEntityForge=1, death_AtlanticSalmonEntityForge_mob_by_BlacktipReefSharkEntityForge=2, death_AtlanticSalmonEntityForge_mob_by_OceanicWhitetipSharkEntityForge=2, death_AtlanticSalmonEntityForge_mob_by_TigerSharkEntityForge=1, death_BlackSeaNettleJellyfishEntityForge_mob_by_GreatWhiteSharkEntityForge=1, death_BlacktipReefSharkEntityForge_mob_by_GreatWhiteSharkEntityForge=1, death_BlacktipReefSharkEntityForge_mob_by_ShortfinMakoSharkEntityForge=1, death_CannonballJellyfishEntityForge_mob_by_GreatWhiteSharkEntityForge=1, death_CaribbeanReefOctopusEntityForge_mob_by_CommonStingrayEntityForge=3, death_CaribbeanReefOctopusEntityForge_mob_by_GreatHammerheadSharkEntityForge=3, death_CommonOctopusEntityForge_mob_by_GreatHammerheadSharkEntityForge=1, death_CommonStingrayEntityForge_mob_by_BlacktipReefSharkEntityForge=2, death_CommonStingrayEntityForge_mob_by_ShortfinMakoSharkEntityForge=1, death_GreenSeaTurtleEntityForge_mob_by_ShortfinMakoSharkEntityForge=1, death_HarborSealEntityForge_mob_by_BlackSeaNettleJellyfishEntityForge=1, death_HarborSealEntityForge_mob_by_GreatWhiteSharkEntityForge=1, death_NautilusEntityForge_mob_by_CommonStingrayEntityForge=3, death_SandtigerSharkEntityForge_mob_by_BlackSeaNettleJellyfishEntityForge=1, living_deaths=48, navigation_calls=45207, sensor_calls=103139}	120	126
22800	637469184	{AmericanLobsterEntityForge=19, AtlanticCodEntityForge=16, AtlanticSalmonEntityForge=16, BlackSeaNettleJellyfishEntityForge=2, BlacktipReefSharkEntityForge=6, BottlenoseDolphinEntityForge=8, CannonballJellyfishEntityForge=4, CaribbeanReefOctopusEntityForge=4, CommonOctopusEntityForge=6, CommonStingrayEntityForge=6, CommonThresherSharkEntityForge=2, GiantMorayEelEntityForge=8, GreatHammerheadSharkEntityForge=2, GreatWhiteSharkEntityForge=2, GreenSeaTurtleEntityForge=6, HarborSealEntityForge=6, NautilusEntityForge=2, OceanicWhitetipSharkEntityForge=2, OrcaEntityForge=2, SandtigerSharkEntityForge=2, ShortfinMakoSharkEntityForge=2, TigerSharkEntityForge=2}	{AmericanLobsterEntityForge=300, AtlanticCodEntityForge=300, AtlanticSalmonEntityForge=300, BlackSeaNettleJellyfishEntityForge=300, BlacktipReefSharkEntityForge=300, BottlenoseDolphinEntityForge=700, CannonballJellyfishEntityForge=300, CaribbeanReefOctopusEntityForge=300, CommonOctopusEntityForge=300, CommonStingrayEntityForge=300, CommonThresherSharkEntityForge=300, GiantMorayEelEntityForge=300, GreatHammerheadSharkEntityForge=300, GreatWhiteSharkEntityForge=300, GreenSeaTurtleEntityForge=300, HarborSealEntityForge=300, NautilusEntityForge=300, OceanicWhitetipSharkEntityForge=300, OrcaEntityForge=700, SandtigerSharkEntityForge=300, ShortfinMakoSharkEntityForge=300, TigerSharkEntityForge=300}	11	{action_escape=124, action_feed=590, action_habitat=24, action_social=16, bounded_living_scans=3179, death_AmericanLobsterEntityForge_mob_by_BlacktipReefSharkEntityForge=1, death_AmericanLobsterEntityForge_mob_by_CommonStingrayEntityForge=8, death_AmericanLobsterEntityForge_mob_by_SandtigerSharkEntityForge=1, death_AtlanticCodEntityForge_mob_by_BlacktipReefSharkEntityForge=5, death_AtlanticCodEntityForge_mob_by_CommonThresherSharkEntityForge=3, death_AtlanticCodEntityForge_mob_by_OceanicWhitetipSharkEntityForge=1, death_AtlanticCodEntityForge_mob_by_SandtigerSharkEntityForge=3, death_AtlanticCodEntityForge_mob_by_TigerSharkEntityForge=1, death_AtlanticSalmonEntityForge_mob_by_BlacktipReefSharkEntityForge=2, death_AtlanticSalmonEntityForge_mob_by_OceanicWhitetipSharkEntityForge=2, death_AtlanticSalmonEntityForge_mob_by_TigerSharkEntityForge=1, death_BlackSeaNettleJellyfishEntityForge_mob_by_GreatWhiteSharkEntityForge=1, death_BlacktipReefSharkEntityForge_mob_by_GreatWhiteSharkEntityForge=1, death_BlacktipReefSharkEntityForge_mob_by_ShortfinMakoSharkEntityForge=1, death_CannonballJellyfishEntityForge_mob_by_GreatWhiteSharkEntityForge=1, death_CaribbeanReefOctopusEntityForge_mob_by_CommonStingrayEntityForge=3, death_CaribbeanReefOctopusEntityForge_mob_by_GreatHammerheadSharkEntityForge=3, death_CommonOctopusEntityForge_mob_by_GreatHammerheadSharkEntityForge=1, death_CommonStingrayEntityForge_mob_by_BlacktipReefSharkEntityForge=2, death_CommonStingrayEntityForge_mob_by_ShortfinMakoSharkEntityForge=1, death_GreenSeaTurtleEntityForge_mob_by_ShortfinMakoSharkEntityForge=1, death_HarborSealEntityForge_mob_by_BlackSeaNettleJellyfishEntityForge=1, death_HarborSealEntityForge_mob_by_GreatWhiteSharkEntityForge=1, death_NautilusEntityForge_mob_by_CommonStingrayEntityForge=3, death_SandtigerSharkEntityForge_mob_by_BlackSeaNettleJellyfishEntityForge=1, living_deaths=49, navigation_calls=45555, sensor_calls=104010}	119	125
23000	841941504	{AmericanLobsterEntityForge=20, AtlanticCodEntityForge=16, AtlanticSalmonEntityForge=16, BlackSeaNettleJellyfishEntityForge=2, BlacktipReefSharkEntityForge=6, BottlenoseDolphinEntityForge=8, CannonballJellyfishEntityForge=4, CaribbeanReefOctopusEntityForge=4, CommonOctopusEntityForge=6, CommonStingrayEntityForge=6, CommonThresherSharkEntityForge=2, GiantMorayEelEntityForge=8, GreatHammerheadSharkEntityForge=2, GreatWhiteSharkEntityForge=2, GreenSeaTurtleEntityForge=6, HarborSealEntityForge=6, NautilusEntityForge=2, OceanicWhitetipSharkEntityForge=2, OrcaEntityForge=2, SandtigerSharkEntityForge=2, ShortfinMakoSharkEntityForge=2, TigerSharkEntityForge=2}	{AmericanLobsterEntityForge=300, AtlanticCodEntityForge=300, AtlanticSalmonEntityForge=300, BlackSeaNettleJellyfishEntityForge=300, BlacktipReefSharkEntityForge=300, BottlenoseDolphinEntityForge=700, CannonballJellyfishEntityForge=300, CaribbeanReefOctopusEntityForge=300, CommonOctopusEntityForge=300, CommonStingrayEntityForge=300, CommonThresherSharkEntityForge=300, GiantMorayEelEntityForge=300, GreatHammerheadSharkEntityForge=300, GreatWhiteSharkEntityForge=300, GreenSeaTurtleEntityForge=300, HarborSealEntityForge=300, NautilusEntityForge=300, OceanicWhitetipSharkEntityForge=300, OrcaEntityForge=700, SandtigerSharkEntityForge=300, ShortfinMakoSharkEntityForge=300, TigerSharkEntityForge=300}	11	{action_escape=124, action_feed=597, action_habitat=25, action_social=16, bounded_living_scans=3219, death_AmericanLobsterEntityForge_mob_by_BlacktipReefSharkEntityForge=1, death_AmericanLobsterEntityForge_mob_by_CommonStingrayEntityForge=8, death_AmericanLobsterEntityForge_mob_by_SandtigerSharkEntityForge=1, death_AtlanticCodEntityForge_mob_by_BlacktipReefSharkEntityForge=5, death_AtlanticCodEntityForge_mob_by_CommonThresherSharkEntityForge=3, death_AtlanticCodEntityForge_mob_by_OceanicWhitetipSharkEntityForge=1, death_AtlanticCodEntityForge_mob_by_SandtigerSharkEntityForge=3, death_AtlanticCodEntityForge_mob_by_TigerSharkEntityForge=1, death_AtlanticSalmonEntityForge_mob_by_BlacktipReefSharkEntityForge=2, death_AtlanticSalmonEntityForge_mob_by_OceanicWhitetipSharkEntityForge=2, death_AtlanticSalmonEntityForge_mob_by_TigerSharkEntityForge=1, death_BlackSeaNettleJellyfishEntityForge_mob_by_GreatWhiteSharkEntityForge=1, death_BlacktipReefSharkEntityForge_mob_by_GreatWhiteSharkEntityForge=1, death_BlacktipReefSharkEntityForge_mob_by_ShortfinMakoSharkEntityForge=1, death_CannonballJellyfishEntityForge_mob_by_GreatWhiteSharkEntityForge=1, death_CaribbeanReefOctopusEntityForge_mob_by_CommonStingrayEntityForge=3, death_CaribbeanReefOctopusEntityForge_mob_by_GreatHammerheadSharkEntityForge=3, death_CommonOctopusEntityForge_mob_by_GreatHammerheadSharkEntityForge=1, death_CommonStingrayEntityForge_mob_by_BlacktipReefSharkEntityForge=2, death_CommonStingrayEntityForge_mob_by_ShortfinMakoSharkEntityForge=1, death_GreenSeaTurtleEntityForge_mob_by_ShortfinMakoSharkEntityForge=1, death_HarborSealEntityForge_mob_by_BlackSeaNettleJellyfishEntityForge=1, death_HarborSealEntityForge_mob_by_GreatWhiteSharkEntityForge=1, death_NautilusEntityForge_mob_by_CommonStingrayEntityForge=3, death_SandtigerSharkEntityForge_mob_by_BlackSeaNettleJellyfishEntityForge=1, living_deaths=49, navigation_calls=45981, sensor_calls=104959}	122	126
23200	1031733760	{AmericanLobsterEntityForge=20, AtlanticCodEntityForge=16, AtlanticSalmonEntityForge=16, BlackSeaNettleJellyfishEntityForge=2, BlacktipReefSharkEntityForge=6, BottlenoseDolphinEntityForge=8, CannonballJellyfishEntityForge=4, CaribbeanReefOctopusEntityForge=4, CommonOctopusEntityForge=6, CommonStingrayEntityForge=6, CommonThresherSharkEntityForge=2, GiantMorayEelEntityForge=8, GreatHammerheadSharkEntityForge=2, GreatWhiteSharkEntityForge=2, GreenSeaTurtleEntityForge=6, HarborSealEntityForge=6, NautilusEntityForge=2, OceanicWhitetipSharkEntityForge=2, OrcaEntityForge=2, SandtigerSharkEntityForge=2, ShortfinMakoSharkEntityForge=2, TigerSharkEntityForge=2}	{AmericanLobsterEntityForge=300, AtlanticCodEntityForge=300, AtlanticSalmonEntityForge=300, BlackSeaNettleJellyfishEntityForge=300, BlacktipReefSharkEntityForge=300, BottlenoseDolphinEntityForge=700, CannonballJellyfishEntityForge=300, CaribbeanReefOctopusEntityForge=300, CommonOctopusEntityForge=300, CommonStingrayEntityForge=300, CommonThresherSharkEntityForge=300, GiantMorayEelEntityForge=300, GreatHammerheadSharkEntityForge=300, GreatWhiteSharkEntityForge=300, GreenSeaTurtleEntityForge=300, HarborSealEntityForge=300, NautilusEntityForge=300, OceanicWhitetipSharkEntityForge=300, OrcaEntityForge=700, SandtigerSharkEntityForge=300, ShortfinMakoSharkEntityForge=300, TigerSharkEntityForge=300}	11	{action_escape=125, action_feed=602, action_habitat=26, action_social=16, bounded_living_scans=3235, death_AmericanLobsterEntityForge_mob_by_BlacktipReefSharkEntityForge=1, death_AmericanLobsterEntityForge_mob_by_CommonStingrayEntityForge=8, death_AmericanLobsterEntityForge_mob_by_SandtigerSharkEntityForge=1, death_AtlanticCodEntityForge_mob_by_BlacktipReefSharkEntityForge=5, death_AtlanticCodEntityForge_mob_by_CommonThresherSharkEntityForge=3, death_AtlanticCodEntityForge_mob_by_OceanicWhitetipSharkEntityForge=1, death_AtlanticCodEntityForge_mob_by_SandtigerSharkEntityForge=3, death_AtlanticCodEntityForge_mob_by_TigerSharkEntityForge=1, death_AtlanticSalmonEntityForge_mob_by_BlacktipReefSharkEntityForge=2, death_AtlanticSalmonEntityForge_mob_by_OceanicWhitetipSharkEntityForge=2, death_AtlanticSalmonEntityForge_mob_by_TigerSharkEntityForge=1, death_BlackSeaNettleJellyfishEntityForge_mob_by_GreatWhiteSharkEntityForge=1, death_BlacktipReefSharkEntityForge_mob_by_GreatWhiteSharkEntityForge=1, death_BlacktipReefSharkEntityForge_mob_by_ShortfinMakoSharkEntityForge=1, death_CannonballJellyfishEntityForge_mob_by_GreatWhiteSharkEntityForge=1, death_CaribbeanReefOctopusEntityForge_mob_by_CommonStingrayEntityForge=3, death_CaribbeanReefOctopusEntityForge_mob_by_GreatHammerheadSharkEntityForge=3, death_CommonOctopusEntityForge_mob_by_GreatHammerheadSharkEntityForge=1, death_CommonStingrayEntityForge_mob_by_BlacktipReefSharkEntityForge=2, death_CommonStingrayEntityForge_mob_by_ShortfinMakoSharkEntityForge=1, death_GreenSeaTurtleEntityForge_mob_by_ShortfinMakoSharkEntityForge=1, death_HarborSealEntityForge_mob_by_BlackSeaNettleJellyfishEntityForge=1, death_HarborSealEntityForge_mob_by_GreatWhiteSharkEntityForge=1, death_NautilusEntityForge_mob_by_CommonStingrayEntityForge=3, death_SandtigerSharkEntityForge_mob_by_BlackSeaNettleJellyfishEntityForge=1, living_deaths=49, navigation_calls=46312, sensor_calls=105836}	126	126
23400	1225720320	{AmericanLobsterEntityForge=20, AtlanticCodEntityForge=16, AtlanticSalmonEntityForge=16, BlackSeaNettleJellyfishEntityForge=2, BlacktipReefSharkEntityForge=6, BottlenoseDolphinEntityForge=8, CannonballJellyfishEntityForge=4, CaribbeanReefOctopusEntityForge=4, CommonOctopusEntityForge=6, CommonStingrayEntityForge=6, CommonThresherSharkEntityForge=2, GiantMorayEelEntityForge=8, GreatHammerheadSharkEntityForge=2, GreatWhiteSharkEntityForge=2, GreenSeaTurtleEntityForge=6, HarborSealEntityForge=6, NautilusEntityForge=2, OceanicWhitetipSharkEntityForge=2, OrcaEntityForge=2, SandtigerSharkEntityForge=2, ShortfinMakoSharkEntityForge=2, TigerSharkEntityForge=2}	{AmericanLobsterEntityForge=300, AtlanticCodEntityForge=300, AtlanticSalmonEntityForge=300, BlackSeaNettleJellyfishEntityForge=300, BlacktipReefSharkEntityForge=300, BottlenoseDolphinEntityForge=700, CannonballJellyfishEntityForge=300, CaribbeanReefOctopusEntityForge=300, CommonOctopusEntityForge=300, CommonStingrayEntityForge=300, CommonThresherSharkEntityForge=300, GiantMorayEelEntityForge=300, GreatHammerheadSharkEntityForge=300, GreatWhiteSharkEntityForge=300, GreenSeaTurtleEntityForge=300, HarborSealEntityForge=300, NautilusEntityForge=300, OceanicWhitetipSharkEntityForge=300, OrcaEntityForge=700, SandtigerSharkEntityForge=300, ShortfinMakoSharkEntityForge=300, TigerSharkEntityForge=300}	11	{action_escape=127, action_feed=603, action_habitat=26, action_social=16, bounded_living_scans=3268, death_AmericanLobsterEntityForge_mob_by_BlacktipReefSharkEntityForge=1, death_AmericanLobsterEntityForge_mob_by_CommonStingrayEntityForge=8, death_AmericanLobsterEntityForge_mob_by_SandtigerSharkEntityForge=1, death_AtlanticCodEntityForge_mob_by_BlacktipReefSharkEntityForge=5, death_AtlanticCodEntityForge_mob_by_CommonThresherSharkEntityForge=3, death_AtlanticCodEntityForge_mob_by_OceanicWhitetipSharkEntityForge=1, death_AtlanticCodEntityForge_mob_by_SandtigerSharkEntityForge=3, death_AtlanticCodEntityForge_mob_by_TigerSharkEntityForge=1, death_AtlanticSalmonEntityForge_mob_by_BlacktipReefSharkEntityForge=2, death_AtlanticSalmonEntityForge_mob_by_OceanicWhitetipSharkEntityForge=2, death_AtlanticSalmonEntityForge_mob_by_TigerSharkEntityForge=1, death_BlackSeaNettleJellyfishEntityForge_mob_by_GreatWhiteSharkEntityForge=1, death_BlacktipReefSharkEntityForge_mob_by_GreatWhiteSharkEntityForge=1, death_BlacktipReefSharkEntityForge_mob_by_ShortfinMakoSharkEntityForge=1, death_CannonballJellyfishEntityForge_mob_by_GreatWhiteSharkEntityForge=1, death_CaribbeanReefOctopusEntityForge_mob_by_CommonStingrayEntityForge=3, death_CaribbeanReefOctopusEntityForge_mob_by_GreatHammerheadSharkEntityForge=3, death_CommonOctopusEntityForge_mob_by_GreatHammerheadSharkEntityForge=1, death_CommonStingrayEntityForge_mob_by_BlacktipReefSharkEntityForge=2, death_CommonStingrayEntityForge_mob_by_ShortfinMakoSharkEntityForge=1, death_GreenSeaTurtleEntityForge_mob_by_ShortfinMakoSharkEntityForge=1, death_HarborSealEntityForge_mob_by_BlackSeaNettleJellyfishEntityForge=1, death_HarborSealEntityForge_mob_by_GreatWhiteSharkEntityForge=1, death_NautilusEntityForge_mob_by_CommonStingrayEntityForge=3, death_SandtigerSharkEntityForge_mob_by_BlackSeaNettleJellyfishEntityForge=1, living_deaths=49, navigation_calls=46651, sensor_calls=106783}	123	126
23600	1412366848	{AmericanLobsterEntityForge=20, AtlanticCodEntityForge=16, AtlanticSalmonEntityForge=15, BlackSeaNettleJellyfishEntityForge=2, BlacktipReefSharkEntityForge=6, BottlenoseDolphinEntityForge=8, CannonballJellyfishEntityForge=4, CaribbeanReefOctopusEntityForge=4, CommonOctopusEntityForge=6, CommonStingrayEntityForge=6, CommonThresherSharkEntityForge=2, GiantMorayEelEntityForge=8, GreatHammerheadSharkEntityForge=2, GreatWhiteSharkEntityForge=2, GreenSeaTurtleEntityForge=6, HarborSealEntityForge=6, NautilusEntityForge=2, OceanicWhitetipSharkEntityForge=2, OrcaEntityForge=2, SandtigerSharkEntityForge=2, ShortfinMakoSharkEntityForge=2, TigerSharkEntityForge=2}	{AmericanLobsterEntityForge=300, AtlanticCodEntityForge=300, AtlanticSalmonEntityForge=300, BlackSeaNettleJellyfishEntityForge=300, BlacktipReefSharkEntityForge=300, BottlenoseDolphinEntityForge=700, CannonballJellyfishEntityForge=300, CaribbeanReefOctopusEntityForge=300, CommonOctopusEntityForge=300, CommonStingrayEntityForge=300, CommonThresherSharkEntityForge=300, GiantMorayEelEntityForge=300, GreatHammerheadSharkEntityForge=300, GreatWhiteSharkEntityForge=300, GreenSeaTurtleEntityForge=300, HarborSealEntityForge=300, NautilusEntityForge=300, OceanicWhitetipSharkEntityForge=300, OrcaEntityForge=700, SandtigerSharkEntityForge=300, ShortfinMakoSharkEntityForge=300, TigerSharkEntityForge=300}	11	{action_escape=128, action_feed=609, action_habitat=26, action_social=16, bounded_living_scans=3283, death_AmericanLobsterEntityForge_mob_by_BlacktipReefSharkEntityForge=1, death_AmericanLobsterEntityForge_mob_by_CommonStingrayEntityForge=8, death_AmericanLobsterEntityForge_mob_by_SandtigerSharkEntityForge=1, death_AtlanticCodEntityForge_mob_by_BlacktipReefSharkEntityForge=5, death_AtlanticCodEntityForge_mob_by_CommonThresherSharkEntityForge=3, death_AtlanticCodEntityForge_mob_by_OceanicWhitetipSharkEntityForge=1, death_AtlanticCodEntityForge_mob_by_SandtigerSharkEntityForge=3, death_AtlanticCodEntityForge_mob_by_TigerSharkEntityForge=1, death_AtlanticSalmonEntityForge_mob_by_BlacktipReefSharkEntityForge=2, death_AtlanticSalmonEntityForge_mob_by_OceanicWhitetipSharkEntityForge=2, death_AtlanticSalmonEntityForge_mob_by_TigerSharkEntityForge=2, death_BlackSeaNettleJellyfishEntityForge_mob_by_GreatWhiteSharkEntityForge=1, death_BlacktipReefSharkEntityForge_mob_by_GreatWhiteSharkEntityForge=1, death_BlacktipReefSharkEntityForge_mob_by_ShortfinMakoSharkEntityForge=1, death_CannonballJellyfishEntityForge_mob_by_GreatWhiteSharkEntityForge=1, death_CaribbeanReefOctopusEntityForge_mob_by_CommonStingrayEntityForge=3, death_CaribbeanReefOctopusEntityForge_mob_by_GreatHammerheadSharkEntityForge=3, death_CommonOctopusEntityForge_mob_by_GreatHammerheadSharkEntityForge=1, death_CommonStingrayEntityForge_mob_by_BlacktipReefSharkEntityForge=2, death_CommonStingrayEntityForge_mob_by_ShortfinMakoSharkEntityForge=1, death_GreenSeaTurtleEntityForge_mob_by_ShortfinMakoSharkEntityForge=1, death_HarborSealEntityForge_mob_by_BlackSeaNettleJellyfishEntityForge=1, death_HarborSealEntityForge_mob_by_GreatWhiteSharkEntityForge=1, death_NautilusEntityForge_mob_by_CommonStingrayEntityForge=3, death_SandtigerSharkEntityForge_mob_by_BlackSeaNettleJellyfishEntityForge=1, living_deaths=50, navigation_calls=46997, sensor_calls=107663}	118	125
23800	1611596288	{AmericanLobsterEntityForge=20, AtlanticCodEntityForge=16, AtlanticSalmonEntityForge=16, BlackSeaNettleJellyfishEntityForge=2, BlacktipReefSharkEntityForge=6, BottlenoseDolphinEntityForge=8, CannonballJellyfishEntityForge=4, CaribbeanReefOctopusEntityForge=4, CommonOctopusEntityForge=6, CommonStingrayEntityForge=6, CommonThresherSharkEntityForge=2, GiantMorayEelEntityForge=8, GreatHammerheadSharkEntityForge=2, GreatWhiteSharkEntityForge=2, GreenSeaTurtleEntityForge=6, HarborSealEntityForge=6, NautilusEntityForge=2, OceanicWhitetipSharkEntityForge=2, OrcaEntityForge=2, SandtigerSharkEntityForge=2, ShortfinMakoSharkEntityForge=2, TigerSharkEntityForge=2}	{AmericanLobsterEntityForge=300, AtlanticCodEntityForge=300, AtlanticSalmonEntityForge=300, BlackSeaNettleJellyfishEntityForge=300, BlacktipReefSharkEntityForge=300, BottlenoseDolphinEntityForge=700, CannonballJellyfishEntityForge=300, CaribbeanReefOctopusEntityForge=300, CommonOctopusEntityForge=300, CommonStingrayEntityForge=300, CommonThresherSharkEntityForge=300, GiantMorayEelEntityForge=300, GreatHammerheadSharkEntityForge=300, GreatWhiteSharkEntityForge=300, GreenSeaTurtleEntityForge=300, HarborSealEntityForge=300, NautilusEntityForge=300, OceanicWhitetipSharkEntityForge=300, OrcaEntityForge=700, SandtigerSharkEntityForge=300, ShortfinMakoSharkEntityForge=300, TigerSharkEntityForge=300}	11	{action_escape=128, action_feed=616, action_habitat=27, action_social=16, bounded_living_scans=3321, death_AmericanLobsterEntityForge_mob_by_BlacktipReefSharkEntityForge=1, death_AmericanLobsterEntityForge_mob_by_CommonStingrayEntityForge=8, death_AmericanLobsterEntityForge_mob_by_SandtigerSharkEntityForge=1, death_AtlanticCodEntityForge_mob_by_BlacktipReefSharkEntityForge=5, death_AtlanticCodEntityForge_mob_by_CommonThresherSharkEntityForge=3, death_AtlanticCodEntityForge_mob_by_OceanicWhitetipSharkEntityForge=1, death_AtlanticCodEntityForge_mob_by_SandtigerSharkEntityForge=3, death_AtlanticCodEntityForge_mob_by_TigerSharkEntityForge=1, death_AtlanticSalmonEntityForge_mob_by_BlacktipReefSharkEntityForge=2, death_AtlanticSalmonEntityForge_mob_by_OceanicWhitetipSharkEntityForge=2, death_AtlanticSalmonEntityForge_mob_by_TigerSharkEntityForge=2, death_BlackSeaNettleJellyfishEntityForge_mob_by_GreatWhiteSharkEntityForge=1, death_BlacktipReefSharkEntityForge_mob_by_GreatWhiteSharkEntityForge=1, death_BlacktipReefSharkEntityForge_mob_by_ShortfinMakoSharkEntityForge=1, death_CannonballJellyfishEntityForge_mob_by_GreatWhiteSharkEntityForge=1, death_CaribbeanReefOctopusEntityForge_mob_by_CommonStingrayEntityForge=3, death_CaribbeanReefOctopusEntityForge_mob_by_GreatHammerheadSharkEntityForge=3, death_CommonOctopusEntityForge_mob_by_GreatHammerheadSharkEntityForge=1, death_CommonStingrayEntityForge_mob_by_BlacktipReefSharkEntityForge=2, death_CommonStingrayEntityForge_mob_by_ShortfinMakoSharkEntityForge=1, death_GreenSeaTurtleEntityForge_mob_by_ShortfinMakoSharkEntityForge=1, death_HarborSealEntityForge_mob_by_BlackSeaNettleJellyfishEntityForge=1, death_HarborSealEntityForge_mob_by_GreatWhiteSharkEntityForge=1, death_NautilusEntityForge_mob_by_CommonStingrayEntityForge=3, death_SandtigerSharkEntityForge_mob_by_BlackSeaNettleJellyfishEntityForge=1, living_deaths=50, navigation_calls=47363, sensor_calls=108608}	122	126
24000	533812832	{AmericanLobsterEntityForge=20, AtlanticCodEntityForge=16, AtlanticSalmonEntityForge=16, BlackSeaNettleJellyfishEntityForge=2, BlacktipReefSharkEntityForge=6, BottlenoseDolphinEntityForge=8, CannonballJellyfishEntityForge=4, CaribbeanReefOctopusEntityForge=4, CommonOctopusEntityForge=6, CommonStingrayEntityForge=6, CommonThresherSharkEntityForge=2, GiantMorayEelEntityForge=8, GreatHammerheadSharkEntityForge=2, GreatWhiteSharkEntityForge=2, GreenSeaTurtleEntityForge=6, HarborSealEntityForge=6, NautilusEntityForge=2, OceanicWhitetipSharkEntityForge=2, OrcaEntityForge=2, SandtigerSharkEntityForge=2, ShortfinMakoSharkEntityForge=2, TigerSharkEntityForge=2}	{AmericanLobsterEntityForge=300, AtlanticCodEntityForge=300, AtlanticSalmonEntityForge=300, BlackSeaNettleJellyfishEntityForge=300, BlacktipReefSharkEntityForge=300, BottlenoseDolphinEntityForge=700, CannonballJellyfishEntityForge=300, CaribbeanReefOctopusEntityForge=300, CommonOctopusEntityForge=300, CommonStingrayEntityForge=300, CommonThresherSharkEntityForge=300, GiantMorayEelEntityForge=300, GreatHammerheadSharkEntityForge=300, GreatWhiteSharkEntityForge=300, GreenSeaTurtleEntityForge=300, HarborSealEntityForge=300, NautilusEntityForge=300, OceanicWhitetipSharkEntityForge=300, OrcaEntityForge=700, SandtigerSharkEntityForge=300, ShortfinMakoSharkEntityForge=300, TigerSharkEntityForge=300}	11	{action_escape=129, action_feed=619, action_habitat=27, action_social=16, bounded_living_scans=3337, death_AmericanLobsterEntityForge_mob_by_BlacktipReefSharkEntityForge=1, death_AmericanLobsterEntityForge_mob_by_CommonStingrayEntityForge=8, death_AmericanLobsterEntityForge_mob_by_SandtigerSharkEntityForge=1, death_AtlanticCodEntityForge_mob_by_BlacktipReefSharkEntityForge=5, death_AtlanticCodEntityForge_mob_by_CommonThresherSharkEntityForge=3, death_AtlanticCodEntityForge_mob_by_OceanicWhitetipSharkEntityForge=1, death_AtlanticCodEntityForge_mob_by_SandtigerSharkEntityForge=3, death_AtlanticCodEntityForge_mob_by_TigerSharkEntityForge=1, death_AtlanticSalmonEntityForge_mob_by_BlacktipReefSharkEntityForge=2, death_AtlanticSalmonEntityForge_mob_by_OceanicWhitetipSharkEntityForge=2, death_AtlanticSalmonEntityForge_mob_by_TigerSharkEntityForge=2, death_BlackSeaNettleJellyfishEntityForge_mob_by_GreatWhiteSharkEntityForge=1, death_BlacktipReefSharkEntityForge_mob_by_GreatWhiteSharkEntityForge=1, death_BlacktipReefSharkEntityForge_mob_by_ShortfinMakoSharkEntityForge=1, death_CannonballJellyfishEntityForge_mob_by_GreatWhiteSharkEntityForge=1, death_CaribbeanReefOctopusEntityForge_mob_by_CommonStingrayEntityForge=3, death_CaribbeanReefOctopusEntityForge_mob_by_GreatHammerheadSharkEntityForge=3, death_CommonOctopusEntityForge_mob_by_GreatHammerheadSharkEntityForge=1, death_CommonStingrayEntityForge_mob_by_BlacktipReefSharkEntityForge=2, death_CommonStingrayEntityForge_mob_by_ShortfinMakoSharkEntityForge=1, death_GreenSeaTurtleEntityForge_mob_by_ShortfinMakoSharkEntityForge=1, death_HarborSealEntityForge_mob_by_BlackSeaNettleJellyfishEntityForge=1, death_HarborSealEntityForge_mob_by_GreatWhiteSharkEntityForge=1, death_NautilusEntityForge_mob_by_CommonStingrayEntityForge=3, death_SandtigerSharkEntityForge_mob_by_BlackSeaNettleJellyfishEntityForge=1, living_deaths=50, navigation_calls=47780, sensor_calls=109554}	125	126
24200	727799392	{AmericanLobsterEntityForge=20, AtlanticCodEntityForge=15, AtlanticSalmonEntityForge=16, BlackSeaNettleJellyfishEntityForge=2, BlacktipReefSharkEntityForge=6, BottlenoseDolphinEntityForge=8, CannonballJellyfishEntityForge=4, CaribbeanReefOctopusEntityForge=4, CommonOctopusEntityForge=6, CommonStingrayEntityForge=6, CommonThresherSharkEntityForge=2, GiantMorayEelEntityForge=8, GreatHammerheadSharkEntityForge=2, GreatWhiteSharkEntityForge=2, GreenSeaTurtleEntityForge=6, HarborSealEntityForge=6, NautilusEntityForge=2, OceanicWhitetipSharkEntityForge=2, OrcaEntityForge=2, SandtigerSharkEntityForge=2, ShortfinMakoSharkEntityForge=2, TigerSharkEntityForge=2}	{AmericanLobsterEntityForge=300, AtlanticCodEntityForge=300, AtlanticSalmonEntityForge=300, BlackSeaNettleJellyfishEntityForge=300, BlacktipReefSharkEntityForge=300, BottlenoseDolphinEntityForge=700, CannonballJellyfishEntityForge=300, CaribbeanReefOctopusEntityForge=300, CommonOctopusEntityForge=300, CommonStingrayEntityForge=300, CommonThresherSharkEntityForge=300, GiantMorayEelEntityForge=300, GreatHammerheadSharkEntityForge=300, GreatWhiteSharkEntityForge=300, GreenSeaTurtleEntityForge=300, HarborSealEntityForge=300, NautilusEntityForge=300, OceanicWhitetipSharkEntityForge=300, OrcaEntityForge=700, SandtigerSharkEntityForge=300, ShortfinMakoSharkEntityForge=300, TigerSharkEntityForge=300}	11	{action_escape=129, action_feed=626, action_habitat=27, action_social=16, bounded_living_scans=3375, death_AmericanLobsterEntityForge_mob_by_BlacktipReefSharkEntityForge=1, death_AmericanLobsterEntityForge_mob_by_CommonStingrayEntityForge=8, death_AmericanLobsterEntityForge_mob_by_SandtigerSharkEntityForge=1, death_AtlanticCodEntityForge_mob_by_BlacktipReefSharkEntityForge=5, death_AtlanticCodEntityForge_mob_by_CommonThresherSharkEntityForge=4, death_AtlanticCodEntityForge_mob_by_OceanicWhitetipSharkEntityForge=1, death_AtlanticCodEntityForge_mob_by_SandtigerSharkEntityForge=3, death_AtlanticCodEntityForge_mob_by_TigerSharkEntityForge=1, death_AtlanticSalmonEntityForge_mob_by_BlacktipReefSharkEntityForge=2, death_AtlanticSalmonEntityForge_mob_by_OceanicWhitetipSharkEntityForge=2, death_AtlanticSalmonEntityForge_mob_by_TigerSharkEntityForge=2, death_BlackSeaNettleJellyfishEntityForge_mob_by_GreatWhiteSharkEntityForge=1, death_BlacktipReefSharkEntityForge_mob_by_GreatWhiteSharkEntityForge=1, death_BlacktipReefSharkEntityForge_mob_by_ShortfinMakoSharkEntityForge=1, death_CannonballJellyfishEntityForge_mob_by_GreatWhiteSharkEntityForge=1, death_CaribbeanReefOctopusEntityForge_mob_by_CommonStingrayEntityForge=3, death_CaribbeanReefOctopusEntityForge_mob_by_GreatHammerheadSharkEntityForge=3, death_CommonOctopusEntityForge_mob_by_GreatHammerheadSharkEntityForge=1, death_CommonStingrayEntityForge_mob_by_BlacktipReefSharkEntityForge=2, death_CommonStingrayEntityForge_mob_by_ShortfinMakoSharkEntityForge=1, death_GreenSeaTurtleEntityForge_mob_by_ShortfinMakoSharkEntityForge=1, death_HarborSealEntityForge_mob_by_BlackSeaNettleJellyfishEntityForge=1, death_HarborSealEntityForge_mob_by_GreatWhiteSharkEntityForge=1, death_NautilusEntityForge_mob_by_CommonStingrayEntityForge=3, death_SandtigerSharkEntityForge_mob_by_BlackSeaNettleJellyfishEntityForge=1, living_deaths=51, navigation_calls=48207, sensor_calls=110432}	122	125
24400	920737376	{AmericanLobsterEntityForge=20, AtlanticCodEntityForge=16, AtlanticSalmonEntityForge=16, BlackSeaNettleJellyfishEntityForge=2, BlacktipReefSharkEntityForge=6, BottlenoseDolphinEntityForge=8, CannonballJellyfishEntityForge=4, CaribbeanReefOctopusEntityForge=4, CommonOctopusEntityForge=6, CommonStingrayEntityForge=6, CommonThresherSharkEntityForge=2, GiantMorayEelEntityForge=8, GreatHammerheadSharkEntityForge=2, GreatWhiteSharkEntityForge=2, GreenSeaTurtleEntityForge=6, HarborSealEntityForge=6, NautilusEntityForge=2, OceanicWhitetipSharkEntityForge=2, OrcaEntityForge=2, SandtigerSharkEntityForge=2, ShortfinMakoSharkEntityForge=2, TigerSharkEntityForge=2}	{AmericanLobsterEntityForge=300, AtlanticCodEntityForge=300, AtlanticSalmonEntityForge=300, BlackSeaNettleJellyfishEntityForge=300, BlacktipReefSharkEntityForge=300, BottlenoseDolphinEntityForge=700, CannonballJellyfishEntityForge=300, CaribbeanReefOctopusEntityForge=300, CommonOctopusEntityForge=300, CommonStingrayEntityForge=300, CommonThresherSharkEntityForge=300, GiantMorayEelEntityForge=300, GreatHammerheadSharkEntityForge=300, GreatWhiteSharkEntityForge=300, GreenSeaTurtleEntityForge=300, HarborSealEntityForge=300, NautilusEntityForge=300, OceanicWhitetipSharkEntityForge=300, OrcaEntityForge=700, SandtigerSharkEntityForge=300, ShortfinMakoSharkEntityForge=300, TigerSharkEntityForge=300}	11	{action_escape=131, action_feed=630, action_habitat=28, action_social=16, bounded_living_scans=3393, death_AmericanLobsterEntityForge_mob_by_BlacktipReefSharkEntityForge=1, death_AmericanLobsterEntityForge_mob_by_CommonStingrayEntityForge=8, death_AmericanLobsterEntityForge_mob_by_SandtigerSharkEntityForge=1, death_AtlanticCodEntityForge_mob_by_BlacktipReefSharkEntityForge=5, death_AtlanticCodEntityForge_mob_by_CommonThresherSharkEntityForge=4, death_AtlanticCodEntityForge_mob_by_OceanicWhitetipSharkEntityForge=1, death_AtlanticCodEntityForge_mob_by_SandtigerSharkEntityForge=3, death_AtlanticCodEntityForge_mob_by_TigerSharkEntityForge=1, death_AtlanticSalmonEntityForge_mob_by_BlacktipReefSharkEntityForge=2, death_AtlanticSalmonEntityForge_mob_by_OceanicWhitetipSharkEntityForge=2, death_AtlanticSalmonEntityForge_mob_by_TigerSharkEntityForge=2, death_BlackSeaNettleJellyfishEntityForge_mob_by_GreatWhiteSharkEntityForge=1, death_BlacktipReefSharkEntityForge_mob_by_GreatWhiteSharkEntityForge=1, death_BlacktipReefSharkEntityForge_mob_by_ShortfinMakoSharkEntityForge=1, death_CannonballJellyfishEntityForge_mob_by_GreatWhiteSharkEntityForge=1, death_CaribbeanReefOctopusEntityForge_mob_by_CommonStingrayEntityForge=3, death_CaribbeanReefOctopusEntityForge_mob_by_GreatHammerheadSharkEntityForge=3, death_CommonOctopusEntityForge_mob_by_GreatHammerheadSharkEntityForge=1, death_CommonStingrayEntityForge_mob_by_BlacktipReefSharkEntityForge=2, death_CommonStingrayEntityForge_mob_by_ShortfinMakoSharkEntityForge=1, death_GreenSeaTurtleEntityForge_mob_by_ShortfinMakoSharkEntityForge=1, death_HarborSealEntityForge_mob_by_BlackSeaNettleJellyfishEntityForge=1, death_HarborSealEntityForge_mob_by_GreatWhiteSharkEntityForge=1, death_NautilusEntityForge_mob_by_CommonStingrayEntityForge=3, death_SandtigerSharkEntityForge_mob_by_BlackSeaNettleJellyfishEntityForge=1, living_deaths=51, navigation_calls=48658, sensor_calls=111382}	119	126
24600	1113675360	{AmericanLobsterEntityForge=20, AtlanticCodEntityForge=16, AtlanticSalmonEntityForge=16, BlackSeaNettleJellyfishEntityForge=2, BlacktipReefSharkEntityForge=6, BottlenoseDolphinEntityForge=8, CannonballJellyfishEntityForge=4, CaribbeanReefOctopusEntityForge=4, CommonOctopusEntityForge=6, CommonStingrayEntityForge=6, CommonThresherSharkEntityForge=2, GiantMorayEelEntityForge=8, GreatHammerheadSharkEntityForge=2, GreatWhiteSharkEntityForge=2, GreenSeaTurtleEntityForge=6, HarborSealEntityForge=6, NautilusEntityForge=2, OceanicWhitetipSharkEntityForge=2, OrcaEntityForge=2, SandtigerSharkEntityForge=2, ShortfinMakoSharkEntityForge=2, TigerSharkEntityForge=2}	{AmericanLobsterEntityForge=300, AtlanticCodEntityForge=300, AtlanticSalmonEntityForge=300, BlackSeaNettleJellyfishEntityForge=300, BlacktipReefSharkEntityForge=300, BottlenoseDolphinEntityForge=700, CannonballJellyfishEntityForge=300, CaribbeanReefOctopusEntityForge=300, CommonOctopusEntityForge=300, CommonStingrayEntityForge=300, CommonThresherSharkEntityForge=300, GiantMorayEelEntityForge=300, GreatHammerheadSharkEntityForge=300, GreatWhiteSharkEntityForge=300, GreenSeaTurtleEntityForge=300, HarborSealEntityForge=300, NautilusEntityForge=300, OceanicWhitetipSharkEntityForge=300, OrcaEntityForge=700, SandtigerSharkEntityForge=300, ShortfinMakoSharkEntityForge=300, TigerSharkEntityForge=300}	11	{action_escape=131, action_feed=633, action_habitat=28, action_social=16, bounded_living_scans=3423, death_AmericanLobsterEntityForge_mob_by_BlacktipReefSharkEntityForge=1, death_AmericanLobsterEntityForge_mob_by_CommonStingrayEntityForge=8, death_AmericanLobsterEntityForge_mob_by_SandtigerSharkEntityForge=1, death_AtlanticCodEntityForge_mob_by_BlacktipReefSharkEntityForge=5, death_AtlanticCodEntityForge_mob_by_CommonThresherSharkEntityForge=4, death_AtlanticCodEntityForge_mob_by_OceanicWhitetipSharkEntityForge=1, death_AtlanticCodEntityForge_mob_by_SandtigerSharkEntityForge=3, death_AtlanticCodEntityForge_mob_by_TigerSharkEntityForge=1, death_AtlanticSalmonEntityForge_mob_by_BlacktipReefSharkEntityForge=2, death_AtlanticSalmonEntityForge_mob_by_OceanicWhitetipSharkEntityForge=2, death_AtlanticSalmonEntityForge_mob_by_TigerSharkEntityForge=2, death_BlackSeaNettleJellyfishEntityForge_mob_by_GreatWhiteSharkEntityForge=1, death_BlacktipReefSharkEntityForge_mob_by_GreatWhiteSharkEntityForge=1, death_BlacktipReefSharkEntityForge_mob_by_ShortfinMakoSharkEntityForge=1, death_CannonballJellyfishEntityForge_mob_by_GreatWhiteSharkEntityForge=1, death_CaribbeanReefOctopusEntityForge_mob_by_CommonStingrayEntityForge=3, death_CaribbeanReefOctopusEntityForge_mob_by_GreatHammerheadSharkEntityForge=3, death_CommonOctopusEntityForge_mob_by_GreatHammerheadSharkEntityForge=1, death_CommonStingrayEntityForge_mob_by_BlacktipReefSharkEntityForge=2, death_CommonStingrayEntityForge_mob_by_ShortfinMakoSharkEntityForge=1, death_GreenSeaTurtleEntityForge_mob_by_ShortfinMakoSharkEntityForge=1, death_HarborSealEntityForge_mob_by_BlackSeaNettleJellyfishEntityForge=1, death_HarborSealEntityForge_mob_by_GreatWhiteSharkEntityForge=1, death_NautilusEntityForge_mob_by_CommonStingrayEntityForge=3, death_SandtigerSharkEntityForge_mob_by_BlackSeaNettleJellyfishEntityForge=1, living_deaths=51, navigation_calls=49026, sensor_calls=112258}	124	126
24800	1306613344	{AmericanLobsterEntityForge=20, AtlanticCodEntityForge=16, AtlanticSalmonEntityForge=16, BlackSeaNettleJellyfishEntityForge=2, BlacktipReefSharkEntityForge=6, BottlenoseDolphinEntityForge=8, CannonballJellyfishEntityForge=4, CaribbeanReefOctopusEntityForge=4, CommonOctopusEntityForge=6, CommonStingrayEntityForge=6, CommonThresherSharkEntityForge=2, GiantMorayEelEntityForge=8, GreatHammerheadSharkEntityForge=2, GreatWhiteSharkEntityForge=2, GreenSeaTurtleEntityForge=6, HarborSealEntityForge=6, NautilusEntityForge=2, OceanicWhitetipSharkEntityForge=2, OrcaEntityForge=2, SandtigerSharkEntityForge=2, ShortfinMakoSharkEntityForge=2, TigerSharkEntityForge=2}	{AmericanLobsterEntityForge=300, AtlanticCodEntityForge=300, AtlanticSalmonEntityForge=300, BlackSeaNettleJellyfishEntityForge=300, BlacktipReefSharkEntityForge=300, BottlenoseDolphinEntityForge=700, CannonballJellyfishEntityForge=300, CaribbeanReefOctopusEntityForge=300, CommonOctopusEntityForge=300, CommonStingrayEntityForge=300, CommonThresherSharkEntityForge=300, GiantMorayEelEntityForge=300, GreatHammerheadSharkEntityForge=300, GreatWhiteSharkEntityForge=300, GreenSeaTurtleEntityForge=300, HarborSealEntityForge=300, NautilusEntityForge=300, OceanicWhitetipSharkEntityForge=300, OrcaEntityForge=700, SandtigerSharkEntityForge=300, ShortfinMakoSharkEntityForge=300, TigerSharkEntityForge=300}	11	{action_escape=132, action_feed=636, action_habitat=28, action_social=16, bounded_living_scans=3439, death_AmericanLobsterEntityForge_mob_by_BlacktipReefSharkEntityForge=1, death_AmericanLobsterEntityForge_mob_by_CommonStingrayEntityForge=8, death_AmericanLobsterEntityForge_mob_by_SandtigerSharkEntityForge=1, death_AtlanticCodEntityForge_mob_by_BlacktipReefSharkEntityForge=5, death_AtlanticCodEntityForge_mob_by_CommonThresherSharkEntityForge=4, death_AtlanticCodEntityForge_mob_by_OceanicWhitetipSharkEntityForge=1, death_AtlanticCodEntityForge_mob_by_SandtigerSharkEntityForge=3, death_AtlanticCodEntityForge_mob_by_TigerSharkEntityForge=1, death_AtlanticSalmonEntityForge_mob_by_BlacktipReefSharkEntityForge=2, death_AtlanticSalmonEntityForge_mob_by_OceanicWhitetipSharkEntityForge=2, death_AtlanticSalmonEntityForge_mob_by_TigerSharkEntityForge=2, death_BlackSeaNettleJellyfishEntityForge_mob_by_GreatWhiteSharkEntityForge=1, death_BlacktipReefSharkEntityForge_mob_by_GreatWhiteSharkEntityForge=1, death_BlacktipReefSharkEntityForge_mob_by_ShortfinMakoSharkEntityForge=1, death_CannonballJellyfishEntityForge_mob_by_GreatWhiteSharkEntityForge=1, death_CaribbeanReefOctopusEntityForge_mob_by_CommonStingrayEntityForge=3, death_CaribbeanReefOctopusEntityForge_mob_by_GreatHammerheadSharkEntityForge=3, death_CommonOctopusEntityForge_mob_by_GreatHammerheadSharkEntityForge=1, death_CommonStingrayEntityForge_mob_by_BlacktipReefSharkEntityForge=2, death_CommonStingrayEntityForge_mob_by_ShortfinMakoSharkEntityForge=1, death_GreenSeaTurtleEntityForge_mob_by_ShortfinMakoSharkEntityForge=1, death_HarborSealEntityForge_mob_by_BlackSeaNettleJellyfishEntityForge=1, death_HarborSealEntityForge_mob_by_GreatWhiteSharkEntityForge=1, death_NautilusEntityForge_mob_by_CommonStingrayEntityForge=3, death_SandtigerSharkEntityForge_mob_by_BlackSeaNettleJellyfishEntityForge=1, living_deaths=51, navigation_calls=49417, sensor_calls=113206}	121	126
25000	1499551328	{AmericanLobsterEntityForge=20, AtlanticCodEntityForge=16, AtlanticSalmonEntityForge=16, BlackSeaNettleJellyfishEntityForge=2, BlacktipReefSharkEntityForge=6, BottlenoseDolphinEntityForge=8, CannonballJellyfishEntityForge=4, CaribbeanReefOctopusEntityForge=4, CommonOctopusEntityForge=6, CommonStingrayEntityForge=6, CommonThresherSharkEntityForge=2, GiantMorayEelEntityForge=8, GreatHammerheadSharkEntityForge=2, GreatWhiteSharkEntityForge=2, GreenSeaTurtleEntityForge=6, HarborSealEntityForge=6, NautilusEntityForge=2, OceanicWhitetipSharkEntityForge=2, OrcaEntityForge=2, SandtigerSharkEntityForge=1, ShortfinMakoSharkEntityForge=2, TigerSharkEntityForge=2}	{AmericanLobsterEntityForge=300, AtlanticCodEntityForge=300, AtlanticSalmonEntityForge=298, BlackSeaNettleJellyfishEntityForge=300, BlacktipReefSharkEntityForge=300, BottlenoseDolphinEntityForge=700, CannonballJellyfishEntityForge=300, CaribbeanReefOctopusEntityForge=300, CommonOctopusEntityForge=300, CommonStingrayEntityForge=300, CommonThresherSharkEntityForge=300, GiantMorayEelEntityForge=300, GreatHammerheadSharkEntityForge=300, GreatWhiteSharkEntityForge=300, GreenSeaTurtleEntityForge=300, HarborSealEntityForge=300, NautilusEntityForge=300, OceanicWhitetipSharkEntityForge=300, OrcaEntityForge=700, SandtigerSharkEntityForge=300, ShortfinMakoSharkEntityForge=300, TigerSharkEntityForge=300}	11	{action_escape=134, action_feed=641, action_habitat=29, action_social=16, bounded_living_scans=3477, death_AmericanLobsterEntityForge_mob_by_BlacktipReefSharkEntityForge=1, death_AmericanLobsterEntityForge_mob_by_CommonStingrayEntityForge=8, death_AmericanLobsterEntityForge_mob_by_SandtigerSharkEntityForge=1, death_AtlanticCodEntityForge_mob_by_BlacktipReefSharkEntityForge=5, death_AtlanticCodEntityForge_mob_by_CommonThresherSharkEntityForge=4, death_AtlanticCodEntityForge_mob_by_OceanicWhitetipSharkEntityForge=2, death_AtlanticCodEntityForge_mob_by_SandtigerSharkEntityForge=3, death_AtlanticCodEntityForge_mob_by_TigerSharkEntityForge=1, death_AtlanticSalmonEntityForge_mob_by_BlacktipReefSharkEntityForge=2, death_AtlanticSalmonEntityForge_mob_by_OceanicWhitetipSharkEntityForge=2, death_AtlanticSalmonEntityForge_mob_by_TigerSharkEntityForge=2, death_BlackSeaNettleJellyfishEntityForge_mob_by_GreatWhiteSharkEntityForge=1, death_BlacktipReefSharkEntityForge_mob_by_GreatWhiteSharkEntityForge=1, death_BlacktipReefSharkEntityForge_mob_by_ShortfinMakoSharkEntityForge=1, death_CannonballJellyfishEntityForge_mob_by_GreatWhiteSharkEntityForge=1, death_CaribbeanReefOctopusEntityForge_mob_by_CommonStingrayEntityForge=3, death_CaribbeanReefOctopusEntityForge_mob_by_GreatHammerheadSharkEntityForge=3, death_CommonOctopusEntityForge_mob_by_GreatHammerheadSharkEntityForge=1, death_CommonStingrayEntityForge_mob_by_BlacktipReefSharkEntityForge=2, death_CommonStingrayEntityForge_mob_by_ShortfinMakoSharkEntityForge=1, death_GreenSeaTurtleEntityForge_mob_by_ShortfinMakoSharkEntityForge=1, death_HarborSealEntityForge_mob_by_BlackSeaNettleJellyfishEntityForge=1, death_HarborSealEntityForge_mob_by_GreatWhiteSharkEntityForge=1, death_NautilusEntityForge_mob_by_CommonStingrayEntityForge=3, death_SandtigerSharkEntityForge_mob_by_BlackSeaNettleJellyfishEntityForge=2, living_deaths=53, navigation_calls=49831, sensor_calls=114076}	120	125
25200	1689343584	{AmericanLobsterEntityForge=20, AtlanticCodEntityForge=15, AtlanticSalmonEntityForge=16, BlackSeaNettleJellyfishEntityForge=2, BlacktipReefSharkEntityForge=6, BottlenoseDolphinEntityForge=8, CannonballJellyfishEntityForge=4, CaribbeanReefOctopusEntityForge=4, CommonOctopusEntityForge=6, CommonStingrayEntityForge=6, CommonThresherSharkEntityForge=2, GiantMorayEelEntityForge=8, GreatHammerheadSharkEntityForge=2, GreatWhiteSharkEntityForge=2, GreenSeaTurtleEntityForge=6, HarborSealEntityForge=6, NautilusEntityForge=2, OceanicWhitetipSharkEntityForge=2, OrcaEntityForge=2, SandtigerSharkEntityForge=2, ShortfinMakoSharkEntityForge=2, TigerSharkEntityForge=2}	{AmericanLobsterEntityForge=300, AtlanticCodEntityForge=300, AtlanticSalmonEntityForge=300, BlackSeaNettleJellyfishEntityForge=300, BlacktipReefSharkEntityForge=300, BottlenoseDolphinEntityForge=700, CannonballJellyfishEntityForge=300, CaribbeanReefOctopusEntityForge=300, CommonOctopusEntityForge=300, CommonStingrayEntityForge=300, CommonThresherSharkEntityForge=300, GiantMorayEelEntityForge=300, GreatHammerheadSharkEntityForge=300, GreatWhiteSharkEntityForge=300, GreenSeaTurtleEntityForge=300, HarborSealEntityForge=300, NautilusEntityForge=300, OceanicWhitetipSharkEntityForge=300, OrcaEntityForge=700, SandtigerSharkEntityForge=300, ShortfinMakoSharkEntityForge=300, TigerSharkEntityForge=300}	11	{action_escape=137, action_feed=647, action_habitat=29, action_social=16, bounded_living_scans=3500, death_AmericanLobsterEntityForge_mob_by_BlacktipReefSharkEntityForge=1, death_AmericanLobsterEntityForge_mob_by_CommonStingrayEntityForge=8, death_AmericanLobsterEntityForge_mob_by_SandtigerSharkEntityForge=1, death_AtlanticCodEntityForge_mob_by_BlacktipReefSharkEntityForge=5, death_AtlanticCodEntityForge_mob_by_CommonThresherSharkEntityForge=4, death_AtlanticCodEntityForge_mob_by_OceanicWhitetipSharkEntityForge=2, death_AtlanticCodEntityForge_mob_by_SandtigerSharkEntityForge=3, death_AtlanticCodEntityForge_mob_by_TigerSharkEntityForge=1, death_AtlanticSalmonEntityForge_mob_by_BlacktipReefSharkEntityForge=2, death_AtlanticSalmonEntityForge_mob_by_OceanicWhitetipSharkEntityForge=2, death_AtlanticSalmonEntityForge_mob_by_TigerSharkEntityForge=2, death_BlackSeaNettleJellyfishEntityForge_mob_by_GreatWhiteSharkEntityForge=1, death_BlacktipReefSharkEntityForge_mob_by_GreatWhiteSharkEntityForge=1, death_BlacktipReefSharkEntityForge_mob_by_ShortfinMakoSharkEntityForge=1, death_CannonballJellyfishEntityForge_mob_by_GreatWhiteSharkEntityForge=1, death_CaribbeanReefOctopusEntityForge_mob_by_CommonStingrayEntityForge=3, death_CaribbeanReefOctopusEntityForge_mob_by_GreatHammerheadSharkEntityForge=3, death_CommonOctopusEntityForge_mob_by_GreatHammerheadSharkEntityForge=1, death_CommonStingrayEntityForge_mob_by_BlacktipReefSharkEntityForge=2, death_CommonStingrayEntityForge_mob_by_ShortfinMakoSharkEntityForge=1, death_GreenSeaTurtleEntityForge_mob_by_ShortfinMakoSharkEntityForge=1, death_HarborSealEntityForge_mob_by_BlackSeaNettleJellyfishEntityForge=1, death_HarborSealEntityForge_mob_by_GreatWhiteSharkEntityForge=1, death_NautilusEntityForge_mob_by_CommonStingrayEntityForge=3, death_SandtigerSharkEntityForge_mob_by_BlackSeaNettleJellyfishEntityForge=2, living_deaths=53, navigation_calls=50199, sensor_calls=115023}	120	125
25400	610634240	{AmericanLobsterEntityForge=20, AtlanticCodEntityForge=16, AtlanticSalmonEntityForge=16, BlackSeaNettleJellyfishEntityForge=2, BlacktipReefSharkEntityForge=6, BottlenoseDolphinEntityForge=8, CannonballJellyfishEntityForge=4, CaribbeanReefOctopusEntityForge=4, CommonOctopusEntityForge=6, CommonStingrayEntityForge=6, CommonThresherSharkEntityForge=2, GiantMorayEelEntityForge=8, GreatHammerheadSharkEntityForge=2, GreatWhiteSharkEntityForge=2, GreenSeaTurtleEntityForge=6, HarborSealEntityForge=6, NautilusEntityForge=2, OceanicWhitetipSharkEntityForge=2, OrcaEntityForge=2, SandtigerSharkEntityForge=2, ShortfinMakoSharkEntityForge=2, TigerSharkEntityForge=2}	{AmericanLobsterEntityForge=300, AtlanticCodEntityForge=300, AtlanticSalmonEntityForge=300, BlackSeaNettleJellyfishEntityForge=300, BlacktipReefSharkEntityForge=300, BottlenoseDolphinEntityForge=700, CannonballJellyfishEntityForge=300, CaribbeanReefOctopusEntityForge=300, CommonOctopusEntityForge=300, CommonStingrayEntityForge=300, CommonThresherSharkEntityForge=300, GiantMorayEelEntityForge=300, GreatHammerheadSharkEntityForge=300, GreatWhiteSharkEntityForge=300, GreenSeaTurtleEntityForge=300, HarborSealEntityForge=300, NautilusEntityForge=300, OceanicWhitetipSharkEntityForge=300, OrcaEntityForge=700, SandtigerSharkEntityForge=300, ShortfinMakoSharkEntityForge=300, TigerSharkEntityForge=300}	11	{action_escape=139, action_feed=653, action_habitat=29, action_social=17, bounded_living_scans=3536, death_AmericanLobsterEntityForge_mob_by_BlacktipReefSharkEntityForge=1, death_AmericanLobsterEntityForge_mob_by_CommonStingrayEntityForge=8, death_AmericanLobsterEntityForge_mob_by_SandtigerSharkEntityForge=1, death_AtlanticCodEntityForge_mob_by_BlacktipReefSharkEntityForge=5, death_AtlanticCodEntityForge_mob_by_CommonThresherSharkEntityForge=4, death_AtlanticCodEntityForge_mob_by_OceanicWhitetipSharkEntityForge=2, death_AtlanticCodEntityForge_mob_by_SandtigerSharkEntityForge=3, death_AtlanticCodEntityForge_mob_by_TigerSharkEntityForge=1, death_AtlanticSalmonEntityForge_mob_by_BlacktipReefSharkEntityForge=2, death_AtlanticSalmonEntityForge_mob_by_OceanicWhitetipSharkEntityForge=2, death_AtlanticSalmonEntityForge_mob_by_TigerSharkEntityForge=2, death_BlackSeaNettleJellyfishEntityForge_mob_by_GreatWhiteSharkEntityForge=1, death_BlacktipReefSharkEntityForge_mob_by_GreatWhiteSharkEntityForge=1, death_BlacktipReefSharkEntityForge_mob_by_ShortfinMakoSharkEntityForge=1, death_CannonballJellyfishEntityForge_mob_by_GreatWhiteSharkEntityForge=1, death_CaribbeanReefOctopusEntityForge_mob_by_CommonStingrayEntityForge=3, death_CaribbeanReefOctopusEntityForge_mob_by_GreatHammerheadSharkEntityForge=3, death_CommonOctopusEntityForge_mob_by_GreatHammerheadSharkEntityForge=1, death_CommonStingrayEntityForge_mob_by_BlacktipReefSharkEntityForge=2, death_CommonStingrayEntityForge_mob_by_ShortfinMakoSharkEntityForge=1, death_GreenSeaTurtleEntityForge_mob_by_ShortfinMakoSharkEntityForge=1, death_HarborSealEntityForge_mob_by_BlackSeaNettleJellyfishEntityForge=1, death_HarborSealEntityForge_mob_by_GreatWhiteSharkEntityForge=1, death_NautilusEntityForge_mob_by_CommonStingrayEntityForge=3, death_SandtigerSharkEntityForge_mob_by_BlackSeaNettleJellyfishEntityForge=2, living_deaths=53, navigation_calls=50620, sensor_calls=115900}	121	126
25600	814057984	{AmericanLobsterEntityForge=20, AtlanticCodEntityForge=16, AtlanticSalmonEntityForge=15, BlackSeaNettleJellyfishEntityForge=2, BlacktipReefSharkEntityForge=6, BottlenoseDolphinEntityForge=8, CannonballJellyfishEntityForge=4, CaribbeanReefOctopusEntityForge=4, CommonOctopusEntityForge=6, CommonStingrayEntityForge=6, CommonThresherSharkEntityForge=2, GiantMorayEelEntityForge=8, GreatHammerheadSharkEntityForge=2, GreatWhiteSharkEntityForge=2, GreenSeaTurtleEntityForge=6, HarborSealEntityForge=6, NautilusEntityForge=2, OceanicWhitetipSharkEntityForge=2, OrcaEntityForge=2, SandtigerSharkEntityForge=2, ShortfinMakoSharkEntityForge=2, TigerSharkEntityForge=2}	{AmericanLobsterEntityForge=300, AtlanticCodEntityForge=300, AtlanticSalmonEntityForge=300, BlackSeaNettleJellyfishEntityForge=300, BlacktipReefSharkEntityForge=300, BottlenoseDolphinEntityForge=700, CannonballJellyfishEntityForge=300, CaribbeanReefOctopusEntityForge=300, CommonOctopusEntityForge=300, CommonStingrayEntityForge=300, CommonThresherSharkEntityForge=300, GiantMorayEelEntityForge=300, GreatHammerheadSharkEntityForge=300, GreatWhiteSharkEntityForge=300, GreenSeaTurtleEntityForge=300, HarborSealEntityForge=300, NautilusEntityForge=300, OceanicWhitetipSharkEntityForge=300, OrcaEntityForge=700, SandtigerSharkEntityForge=300, ShortfinMakoSharkEntityForge=300, TigerSharkEntityForge=300}	11	{action_escape=140, action_feed=657, action_habitat=29, action_social=17, bounded_living_scans=3551, death_AmericanLobsterEntityForge_mob_by_BlacktipReefSharkEntityForge=1, death_AmericanLobsterEntityForge_mob_by_CommonStingrayEntityForge=8, death_AmericanLobsterEntityForge_mob_by_SandtigerSharkEntityForge=1, death_AtlanticCodEntityForge_mob_by_BlacktipReefSharkEntityForge=5, death_AtlanticCodEntityForge_mob_by_CommonThresherSharkEntityForge=4, death_AtlanticCodEntityForge_mob_by_OceanicWhitetipSharkEntityForge=2, death_AtlanticCodEntityForge_mob_by_SandtigerSharkEntityForge=3, death_AtlanticCodEntityForge_mob_by_TigerSharkEntityForge=1, death_AtlanticSalmonEntityForge_mob_by_BlacktipReefSharkEntityForge=2, death_AtlanticSalmonEntityForge_mob_by_OceanicWhitetipSharkEntityForge=2, death_AtlanticSalmonEntityForge_mob_by_ShortfinMakoSharkEntityForge=1, death_AtlanticSalmonEntityForge_mob_by_TigerSharkEntityForge=2, death_BlackSeaNettleJellyfishEntityForge_mob_by_GreatWhiteSharkEntityForge=1, death_BlacktipReefSharkEntityForge_mob_by_GreatWhiteSharkEntityForge=1, death_BlacktipReefSharkEntityForge_mob_by_ShortfinMakoSharkEntityForge=1, death_CannonballJellyfishEntityForge_mob_by_GreatWhiteSharkEntityForge=1, death_CaribbeanReefOctopusEntityForge_mob_by_CommonStingrayEntityForge=3, death_CaribbeanReefOctopusEntityForge_mob_by_GreatHammerheadSharkEntityForge=3, death_CommonOctopusEntityForge_mob_by_GreatHammerheadSharkEntityForge=1, death_CommonStingrayEntityForge_mob_by_BlacktipReefSharkEntityForge=2, death_CommonStingrayEntityForge_mob_by_ShortfinMakoSharkEntityForge=1, death_GreenSeaTurtleEntityForge_mob_by_ShortfinMakoSharkEntityForge=1, death_HarborSealEntityForge_mob_by_BlackSeaNettleJellyfishEntityForge=1, death_HarborSealEntityForge_mob_by_GreatWhiteSharkEntityForge=1, death_NautilusEntityForge_mob_by_CommonStingrayEntityForge=3, death_SandtigerSharkEntityForge_mob_by_BlackSeaNettleJellyfishEntityForge=2, living_deaths=54, navigation_calls=51047, sensor_calls=116849}	122	125
25800	1030064640	{AmericanLobsterEntityForge=20, AtlanticCodEntityForge=16, AtlanticSalmonEntityForge=16, BlackSeaNettleJellyfishEntityForge=2, BlacktipReefSharkEntityForge=6, BottlenoseDolphinEntityForge=8, CannonballJellyfishEntityForge=4, CaribbeanReefOctopusEntityForge=4, CommonOctopusEntityForge=6, CommonStingrayEntityForge=6, CommonThresherSharkEntityForge=2, GiantMorayEelEntityForge=8, GreatHammerheadSharkEntityForge=2, GreatWhiteSharkEntityForge=2, GreenSeaTurtleEntityForge=6, HarborSealEntityForge=6, NautilusEntityForge=2, OceanicWhitetipSharkEntityForge=2, OrcaEntityForge=2, SandtigerSharkEntityForge=2, ShortfinMakoSharkEntityForge=2, TigerSharkEntityForge=2}	{AmericanLobsterEntityForge=300, AtlanticCodEntityForge=300, AtlanticSalmonEntityForge=300, BlackSeaNettleJellyfishEntityForge=300, BlacktipReefSharkEntityForge=300, BottlenoseDolphinEntityForge=700, CannonballJellyfishEntityForge=300, CaribbeanReefOctopusEntityForge=300, CommonOctopusEntityForge=300, CommonStingrayEntityForge=300, CommonThresherSharkEntityForge=300, GiantMorayEelEntityForge=300, GreatHammerheadSharkEntityForge=300, GreatWhiteSharkEntityForge=299, GreenSeaTurtleEntityForge=300, HarborSealEntityForge=300, NautilusEntityForge=300, OceanicWhitetipSharkEntityForge=300, OrcaEntityForge=700, SandtigerSharkEntityForge=300, ShortfinMakoSharkEntityForge=300, TigerSharkEntityForge=300}	11	{action_escape=140, action_feed=660, action_habitat=29, action_social=17, bounded_living_scans=3584, death_AmericanLobsterEntityForge_mob_by_BlacktipReefSharkEntityForge=1, death_AmericanLobsterEntityForge_mob_by_CommonStingrayEntityForge=8, death_AmericanLobsterEntityForge_mob_by_SandtigerSharkEntityForge=1, death_AtlanticCodEntityForge_mob_by_BlacktipReefSharkEntityForge=5, death_AtlanticCodEntityForge_mob_by_CommonThresherSharkEntityForge=4, death_AtlanticCodEntityForge_mob_by_OceanicWhitetipSharkEntityForge=2, death_AtlanticCodEntityForge_mob_by_SandtigerSharkEntityForge=3, death_AtlanticCodEntityForge_mob_by_TigerSharkEntityForge=1, death_AtlanticSalmonEntityForge_mob_by_BlacktipReefSharkEntityForge=2, death_AtlanticSalmonEntityForge_mob_by_OceanicWhitetipSharkEntityForge=2, death_AtlanticSalmonEntityForge_mob_by_ShortfinMakoSharkEntityForge=1, death_AtlanticSalmonEntityForge_mob_by_TigerSharkEntityForge=2, death_BlackSeaNettleJellyfishEntityForge_mob_by_GreatWhiteSharkEntityForge=1, death_BlacktipReefSharkEntityForge_mob_by_GreatWhiteSharkEntityForge=1, death_BlacktipReefSharkEntityForge_mob_by_ShortfinMakoSharkEntityForge=1, death_CannonballJellyfishEntityForge_mob_by_GreatWhiteSharkEntityForge=1, death_CaribbeanReefOctopusEntityForge_mob_by_CommonStingrayEntityForge=3, death_CaribbeanReefOctopusEntityForge_mob_by_GreatHammerheadSharkEntityForge=3, death_CommonOctopusEntityForge_mob_by_GreatHammerheadSharkEntityForge=1, death_CommonStingrayEntityForge_mob_by_BlacktipReefSharkEntityForge=2, death_CommonStingrayEntityForge_mob_by_ShortfinMakoSharkEntityForge=1, death_GreenSeaTurtleEntityForge_mob_by_ShortfinMakoSharkEntityForge=1, death_HarborSealEntityForge_mob_by_BlackSeaNettleJellyfishEntityForge=1, death_HarborSealEntityForge_mob_by_GreatWhiteSharkEntityForge=1, death_NautilusEntityForge_mob_by_CommonStingrayEntityForge=3, death_SandtigerSharkEntityForge_mob_by_BlackSeaNettleJellyfishEntityForge=2, living_deaths=54, navigation_calls=51533, sensor_calls=117726}	121	126
26000	1258654208	{AmericanLobsterEntityForge=20, AtlanticCodEntityForge=16, AtlanticSalmonEntityForge=15, BlackSeaNettleJellyfishEntityForge=2, BlacktipReefSharkEntityForge=6, BottlenoseDolphinEntityForge=8, CannonballJellyfishEntityForge=4, CaribbeanReefOctopusEntityForge=4, CommonOctopusEntityForge=6, CommonStingrayEntityForge=6, CommonThresherSharkEntityForge=2, GiantMorayEelEntityForge=8, GreatHammerheadSharkEntityForge=2, GreatWhiteSharkEntityForge=2, GreenSeaTurtleEntityForge=6, HarborSealEntityForge=6, NautilusEntityForge=2, OceanicWhitetipSharkEntityForge=2, OrcaEntityForge=2, SandtigerSharkEntityForge=2, ShortfinMakoSharkEntityForge=2, TigerSharkEntityForge=2}	{AmericanLobsterEntityForge=300, AtlanticCodEntityForge=300, AtlanticSalmonEntityForge=300, BlackSeaNettleJellyfishEntityForge=300, BlacktipReefSharkEntityForge=300, BottlenoseDolphinEntityForge=700, CannonballJellyfishEntityForge=300, CaribbeanReefOctopusEntityForge=300, CommonOctopusEntityForge=300, CommonStingrayEntityForge=300, CommonThresherSharkEntityForge=300, GiantMorayEelEntityForge=300, GreatHammerheadSharkEntityForge=300, GreatWhiteSharkEntityForge=300, GreenSeaTurtleEntityForge=300, HarborSealEntityForge=300, NautilusEntityForge=300, OceanicWhitetipSharkEntityForge=300, OrcaEntityForge=700, SandtigerSharkEntityForge=300, ShortfinMakoSharkEntityForge=300, TigerSharkEntityForge=300}	11	{action_escape=144, action_feed=663, action_habitat=29, action_social=17, bounded_living_scans=3603, death_AmericanLobsterEntityForge_mob_by_BlacktipReefSharkEntityForge=1, death_AmericanLobsterEntityForge_mob_by_CommonStingrayEntityForge=8, death_AmericanLobsterEntityForge_mob_by_SandtigerSharkEntityForge=1, death_AtlanticCodEntityForge_mob_by_BlacktipReefSharkEntityForge=5, death_AtlanticCodEntityForge_mob_by_CommonThresherSharkEntityForge=4, death_AtlanticCodEntityForge_mob_by_OceanicWhitetipSharkEntityForge=2, death_AtlanticCodEntityForge_mob_by_SandtigerSharkEntityForge=3, death_AtlanticCodEntityForge_mob_by_TigerSharkEntityForge=1, death_AtlanticSalmonEntityForge_mob_by_BlacktipReefSharkEntityForge=2, death_AtlanticSalmonEntityForge_mob_by_OceanicWhitetipSharkEntityForge=3, death_AtlanticSalmonEntityForge_mob_by_ShortfinMakoSharkEntityForge=1, death_AtlanticSalmonEntityForge_mob_by_TigerSharkEntityForge=2, death_BlackSeaNettleJellyfishEntityForge_mob_by_GreatWhiteSharkEntityForge=1, death_BlacktipReefSharkEntityForge_mob_by_GreatWhiteSharkEntityForge=1, death_BlacktipReefSharkEntityForge_mob_by_ShortfinMakoSharkEntityForge=1, death_CannonballJellyfishEntityForge_mob_by_GreatWhiteSharkEntityForge=1, death_CaribbeanReefOctopusEntityForge_mob_by_CommonStingrayEntityForge=3, death_CaribbeanReefOctopusEntityForge_mob_by_GreatHammerheadSharkEntityForge=3, death_CommonOctopusEntityForge_mob_by_GreatHammerheadSharkEntityForge=1, death_CommonStingrayEntityForge_mob_by_BlacktipReefSharkEntityForge=2, death_CommonStingrayEntityForge_mob_by_ShortfinMakoSharkEntityForge=1, death_GreenSeaTurtleEntityForge_mob_by_ShortfinMakoSharkEntityForge=1, death_HarborSealEntityForge_mob_by_BlackSeaNettleJellyfishEntityForge=1, death_HarborSealEntityForge_mob_by_GreatWhiteSharkEntityForge=1, death_NautilusEntityForge_mob_by_CommonStingrayEntityForge=3, death_SandtigerSharkEntityForge_mob_by_BlackSeaNettleJellyfishEntityForge=2, living_deaths=55, navigation_calls=52117, sensor_calls=118675}	118	125
26200	1457883648	{AmericanLobsterEntityForge=20, AtlanticCodEntityForge=16, AtlanticSalmonEntityForge=16, BlackSeaNettleJellyfishEntityForge=2, BlacktipReefSharkEntityForge=6, BottlenoseDolphinEntityForge=8, CannonballJellyfishEntityForge=4, CaribbeanReefOctopusEntityForge=4, CommonOctopusEntityForge=6, CommonStingrayEntityForge=6, CommonThresherSharkEntityForge=2, GiantMorayEelEntityForge=8, GreatHammerheadSharkEntityForge=2, GreatWhiteSharkEntityForge=2, GreenSeaTurtleEntityForge=6, HarborSealEntityForge=6, NautilusEntityForge=2, OceanicWhitetipSharkEntityForge=2, OrcaEntityForge=2, SandtigerSharkEntityForge=2, ShortfinMakoSharkEntityForge=2, TigerSharkEntityForge=2}	{AmericanLobsterEntityForge=300, AtlanticCodEntityForge=300, AtlanticSalmonEntityForge=300, BlackSeaNettleJellyfishEntityForge=300, BlacktipReefSharkEntityForge=300, BottlenoseDolphinEntityForge=700, CannonballJellyfishEntityForge=300, CaribbeanReefOctopusEntityForge=300, CommonOctopusEntityForge=300, CommonStingrayEntityForge=300, CommonThresherSharkEntityForge=300, GiantMorayEelEntityForge=300, GreatHammerheadSharkEntityForge=300, GreatWhiteSharkEntityForge=300, GreenSeaTurtleEntityForge=300, HarborSealEntityForge=300, NautilusEntityForge=300, OceanicWhitetipSharkEntityForge=300, OrcaEntityForge=700, SandtigerSharkEntityForge=300, ShortfinMakoSharkEntityForge=300, TigerSharkEntityForge=300}	11	{action_escape=144, action_feed=670, action_habitat=30, action_social=17, bounded_living_scans=3639, death_AmericanLobsterEntityForge_mob_by_BlacktipReefSharkEntityForge=1, death_AmericanLobsterEntityForge_mob_by_CommonStingrayEntityForge=8, death_AmericanLobsterEntityForge_mob_by_SandtigerSharkEntityForge=1, death_AtlanticCodEntityForge_mob_by_BlacktipReefSharkEntityForge=5, death_AtlanticCodEntityForge_mob_by_CommonThresherSharkEntityForge=4, death_AtlanticCodEntityForge_mob_by_GreatWhiteSharkEntityForge=1, death_AtlanticCodEntityForge_mob_by_OceanicWhitetipSharkEntityForge=2, death_AtlanticCodEntityForge_mob_by_SandtigerSharkEntityForge=3, death_AtlanticCodEntityForge_mob_by_TigerSharkEntityForge=1, death_AtlanticSalmonEntityForge_mob_by_BlacktipReefSharkEntityForge=2, death_AtlanticSalmonEntityForge_mob_by_OceanicWhitetipSharkEntityForge=3, death_AtlanticSalmonEntityForge_mob_by_ShortfinMakoSharkEntityForge=1, death_AtlanticSalmonEntityForge_mob_by_TigerSharkEntityForge=2, death_BlackSeaNettleJellyfishEntityForge_mob_by_GreatWhiteSharkEntityForge=1, death_BlacktipReefSharkEntityForge_mob_by_GreatWhiteSharkEntityForge=1, death_BlacktipReefSharkEntityForge_mob_by_ShortfinMakoSharkEntityForge=1, death_CannonballJellyfishEntityForge_mob_by_GreatWhiteSharkEntityForge=1, death_CaribbeanReefOctopusEntityForge_mob_by_CommonStingrayEntityForge=3, death_CaribbeanReefOctopusEntityForge_mob_by_GreatHammerheadSharkEntityForge=3, death_CommonOctopusEntityForge_mob_by_GreatHammerheadSharkEntityForge=1, death_CommonStingrayEntityForge_mob_by_BlacktipReefSharkEntityForge=2, death_CommonStingrayEntityForge_mob_by_ShortfinMakoSharkEntityForge=1, death_GreenSeaTurtleEntityForge_mob_by_ShortfinMakoSharkEntityForge=1, death_HarborSealEntityForge_mob_by_BlackSeaNettleJellyfishEntityForge=1, death_HarborSealEntityForge_mob_by_GreatWhiteSharkEntityForge=1, death_NautilusEntityForge_mob_by_CommonStingrayEntityForge=3, death_SandtigerSharkEntityForge_mob_by_BlackSeaNettleJellyfishEntityForge=2, living_deaths=56, navigation_calls=52534, sensor_calls=119551}	121	126
26400	1657113088	{AmericanLobsterEntityForge=20, AtlanticCodEntityForge=15, AtlanticSalmonEntityForge=16, BlackSeaNettleJellyfishEntityForge=2, BlacktipReefSharkEntityForge=6, BottlenoseDolphinEntityForge=8, CannonballJellyfishEntityForge=4, CaribbeanReefOctopusEntityForge=4, CommonOctopusEntityForge=5, CommonStingrayEntityForge=5, CommonThresherSharkEntityForge=2, GiantMorayEelEntityForge=8, GreatHammerheadSharkEntityForge=2, GreatWhiteSharkEntityForge=2, GreenSeaTurtleEntityForge=6, HarborSealEntityForge=6, NautilusEntityForge=2, OceanicWhitetipSharkEntityForge=2, OrcaEntityForge=2, SandtigerSharkEntityForge=2, ShortfinMakoSharkEntityForge=2, TigerSharkEntityForge=2}	{AmericanLobsterEntityForge=300, AtlanticCodEntityForge=300, AtlanticSalmonEntityForge=300, BlackSeaNettleJellyfishEntityForge=300, BlacktipReefSharkEntityForge=300, BottlenoseDolphinEntityForge=700, CannonballJellyfishEntityForge=300, CaribbeanReefOctopusEntityForge=300, CommonOctopusEntityForge=300, CommonStingrayEntityForge=300, CommonThresherSharkEntityForge=300, GiantMorayEelEntityForge=300, GreatHammerheadSharkEntityForge=300, GreatWhiteSharkEntityForge=300, GreenSeaTurtleEntityForge=300, HarborSealEntityForge=300, NautilusEntityForge=300, OceanicWhitetipSharkEntityForge=300, OrcaEntityForge=700, SandtigerSharkEntityForge=300, ShortfinMakoSharkEntityForge=300, TigerSharkEntityForge=300}	11	{action_escape=144, action_feed=672, action_habitat=30, action_social=17, bounded_living_scans=3657, death_AmericanLobsterEntityForge_mob_by_BlacktipReefSharkEntityForge=1, death_AmericanLobsterEntityForge_mob_by_CommonStingrayEntityForge=8, death_AmericanLobsterEntityForge_mob_by_SandtigerSharkEntityForge=1, death_AtlanticCodEntityForge_mob_by_BlacktipReefSharkEntityForge=5, death_AtlanticCodEntityForge_mob_by_CommonThresherSharkEntityForge=4, death_AtlanticCodEntityForge_mob_by_GreatWhiteSharkEntityForge=1, death_AtlanticCodEntityForge_mob_by_OceanicWhitetipSharkEntityForge=2, death_AtlanticCodEntityForge_mob_by_SandtigerSharkEntityForge=3, death_AtlanticCodEntityForge_mob_by_TigerSharkEntityForge=1, death_AtlanticSalmonEntityForge_mob_by_BlacktipReefSharkEntityForge=2, death_AtlanticSalmonEntityForge_mob_by_OceanicWhitetipSharkEntityForge=3, death_AtlanticSalmonEntityForge_mob_by_ShortfinMakoSharkEntityForge=1, death_AtlanticSalmonEntityForge_mob_by_TigerSharkEntityForge=2, death_BlackSeaNettleJellyfishEntityForge_mob_by_GreatWhiteSharkEntityForge=1, death_BlacktipReefSharkEntityForge_mob_by_GreatWhiteSharkEntityForge=1, death_BlacktipReefSharkEntityForge_mob_by_ShortfinMakoSharkEntityForge=1, death_CannonballJellyfishEntityForge_mob_by_GreatWhiteSharkEntityForge=1, death_CaribbeanReefOctopusEntityForge_mob_by_CommonStingrayEntityForge=3, death_CaribbeanReefOctopusEntityForge_mob_by_GreatHammerheadSharkEntityForge=3, death_CommonOctopusEntityForge_mob_by_GreatHammerheadSharkEntityForge=1, death_CommonOctopusEntityForge_mob_by_SandtigerSharkEntityForge=1, death_CommonStingrayEntityForge_mob_by_BlacktipReefSharkEntityForge=3, death_CommonStingrayEntityForge_mob_by_ShortfinMakoSharkEntityForge=1, death_GreenSeaTurtleEntityForge_mob_by_ShortfinMakoSharkEntityForge=1, death_HarborSealEntityForge_mob_by_BlackSeaNettleJellyfishEntityForge=1, death_HarborSealEntityForge_mob_by_GreatWhiteSharkEntityForge=1, death_NautilusEntityForge_mob_by_CommonStingrayEntityForge=3, death_SandtigerSharkEntityForge_mob_by_BlackSeaNettleJellyfishEntityForge=2, living_deaths=58, navigation_calls=52924, sensor_calls=120499}	118	123
26600	584708600	{AmericanLobsterEntityForge=20, AtlanticCodEntityForge=16, AtlanticSalmonEntityForge=16, BlackSeaNettleJellyfishEntityForge=2, BlacktipReefSharkEntityForge=6, BottlenoseDolphinEntityForge=8, CannonballJellyfishEntityForge=4, CaribbeanReefOctopusEntityForge=4, CommonOctopusEntityForge=6, CommonStingrayEntityForge=6, CommonThresherSharkEntityForge=2, GiantMorayEelEntityForge=8, GreatHammerheadSharkEntityForge=2, GreatWhiteSharkEntityForge=2, GreenSeaTurtleEntityForge=6, HarborSealEntityForge=6, NautilusEntityForge=2, OceanicWhitetipSharkEntityForge=2, OrcaEntityForge=2, SandtigerSharkEntityForge=2, ShortfinMakoSharkEntityForge=2, TigerSharkEntityForge=2}	{AmericanLobsterEntityForge=300, AtlanticCodEntityForge=300, AtlanticSalmonEntityForge=300, BlackSeaNettleJellyfishEntityForge=300, BlacktipReefSharkEntityForge=300, BottlenoseDolphinEntityForge=700, CannonballJellyfishEntityForge=300, CaribbeanReefOctopusEntityForge=300, CommonOctopusEntityForge=300, CommonStingrayEntityForge=300, CommonThresherSharkEntityForge=300, GiantMorayEelEntityForge=300, GreatHammerheadSharkEntityForge=300, GreatWhiteSharkEntityForge=300, GreenSeaTurtleEntityForge=300, HarborSealEntityForge=300, NautilusEntityForge=300, OceanicWhitetipSharkEntityForge=300, OrcaEntityForge=700, SandtigerSharkEntityForge=300, ShortfinMakoSharkEntityForge=300, TigerSharkEntityForge=300}	11	{action_escape=144, action_feed=679, action_habitat=30, action_social=17, bounded_living_scans=3689, death_AmericanLobsterEntityForge_mob_by_BlacktipReefSharkEntityForge=1, death_AmericanLobsterEntityForge_mob_by_CommonStingrayEntityForge=8, death_AmericanLobsterEntityForge_mob_by_SandtigerSharkEntityForge=1, death_AtlanticCodEntityForge_mob_by_BlacktipReefSharkEntityForge=5, death_AtlanticCodEntityForge_mob_by_CommonThresherSharkEntityForge=4, death_AtlanticCodEntityForge_mob_by_GreatWhiteSharkEntityForge=1, death_AtlanticCodEntityForge_mob_by_OceanicWhitetipSharkEntityForge=2, death_AtlanticCodEntityForge_mob_by_SandtigerSharkEntityForge=3, death_AtlanticCodEntityForge_mob_by_TigerSharkEntityForge=1, death_AtlanticSalmonEntityForge_mob_by_BlacktipReefSharkEntityForge=2, death_AtlanticSalmonEntityForge_mob_by_OceanicWhitetipSharkEntityForge=3, death_AtlanticSalmonEntityForge_mob_by_ShortfinMakoSharkEntityForge=1, death_AtlanticSalmonEntityForge_mob_by_TigerSharkEntityForge=2, death_BlackSeaNettleJellyfishEntityForge_mob_by_GreatWhiteSharkEntityForge=1, death_BlacktipReefSharkEntityForge_mob_by_GreatWhiteSharkEntityForge=1, death_BlacktipReefSharkEntityForge_mob_by_ShortfinMakoSharkEntityForge=1, death_CannonballJellyfishEntityForge_mob_by_GreatWhiteSharkEntityForge=1, death_CaribbeanReefOctopusEntityForge_mob_by_CommonStingrayEntityForge=3, death_CaribbeanReefOctopusEntityForge_mob_by_GreatHammerheadSharkEntityForge=3, death_CommonOctopusEntityForge_mob_by_GreatHammerheadSharkEntityForge=1, death_CommonOctopusEntityForge_mob_by_SandtigerSharkEntityForge=1, death_CommonStingrayEntityForge_mob_by_BlacktipReefSharkEntityForge=3, death_CommonStingrayEntityForge_mob_by_ShortfinMakoSharkEntityForge=1, death_GreenSeaTurtleEntityForge_mob_by_ShortfinMakoSharkEntityForge=1, death_HarborSealEntityForge_mob_by_BlackSeaNettleJellyfishEntityForge=1, death_HarborSealEntityForge_mob_by_GreatWhiteSharkEntityForge=1, death_NautilusEntityForge_mob_by_CommonStingrayEntityForge=3, death_SandtigerSharkEntityForge_mob_by_BlackSeaNettleJellyfishEntityForge=2, living_deaths=58, navigation_calls=53321, sensor_calls=121377}	119	126
26800	784986616	{AmericanLobsterEntityForge=19, AtlanticCodEntityForge=16, AtlanticSalmonEntityForge=15, BlackSeaNettleJellyfishEntityForge=2, BlacktipReefSharkEntityForge=5, BottlenoseDolphinEntityForge=8, CannonballJellyfishEntityForge=4, CaribbeanReefOctopusEntityForge=4, CommonOctopusEntityForge=6, CommonStingrayEntityForge=6, CommonThresherSharkEntityForge=2, GiantMorayEelEntityForge=8, GreatHammerheadSharkEntityForge=2, GreatWhiteSharkEntityForge=2, GreenSeaTurtleEntityForge=6, HarborSealEntityForge=6, NautilusEntityForge=2, OceanicWhitetipSharkEntityForge=2, OrcaEntityForge=2, SandtigerSharkEntityForge=2, ShortfinMakoSharkEntityForge=2, TigerSharkEntityForge=2}	{AmericanLobsterEntityForge=300, AtlanticCodEntityForge=300, AtlanticSalmonEntityForge=300, BlackSeaNettleJellyfishEntityForge=300, BlacktipReefSharkEntityForge=300, BottlenoseDolphinEntityForge=700, CannonballJellyfishEntityForge=300, CaribbeanReefOctopusEntityForge=300, CommonOctopusEntityForge=300, CommonStingrayEntityForge=300, CommonThresherSharkEntityForge=300, GiantMorayEelEntityForge=300, GreatHammerheadSharkEntityForge=300, GreatWhiteSharkEntityForge=300, GreenSeaTurtleEntityForge=300, HarborSealEntityForge=300, NautilusEntityForge=300, OceanicWhitetipSharkEntityForge=300, OrcaEntityForge=700, SandtigerSharkEntityForge=300, ShortfinMakoSharkEntityForge=300, TigerSharkEntityForge=300}	11	{action_escape=145, action_feed=688, action_habitat=31, action_social=17, bounded_living_scans=3715, death_AmericanLobsterEntityForge_mob_by_BlacktipReefSharkEntityForge=1, death_AmericanLobsterEntityForge_mob_by_CommonStingrayEntityForge=9, death_AmericanLobsterEntityForge_mob_by_SandtigerSharkEntityForge=1, death_AtlanticCodEntityForge_mob_by_BlacktipReefSharkEntityForge=5, death_AtlanticCodEntityForge_mob_by_CommonThresherSharkEntityForge=4, death_AtlanticCodEntityForge_mob_by_GreatWhiteSharkEntityForge=1, death_AtlanticCodEntityForge_mob_by_OceanicWhitetipSharkEntityForge=2, death_AtlanticCodEntityForge_mob_by_SandtigerSharkEntityForge=3, death_AtlanticCodEntityForge_mob_by_TigerSharkEntityForge=1, death_AtlanticSalmonEntityForge_mob_by_BlacktipReefSharkEntityForge=3, death_AtlanticSalmonEntityForge_mob_by_OceanicWhitetipSharkEntityForge=3, death_AtlanticSalmonEntityForge_mob_by_ShortfinMakoSharkEntityForge=1, death_AtlanticSalmonEntityForge_mob_by_TigerSharkEntityForge=2, death_BlackSeaNettleJellyfishEntityForge_mob_by_GreatWhiteSharkEntityForge=1, death_BlacktipReefSharkEntityForge_mob_by_GreatWhiteSharkEntityForge=1, death_BlacktipReefSharkEntityForge_mob_by_ShortfinMakoSharkEntityForge=2, death_CannonballJellyfishEntityForge_mob_by_GreatWhiteSharkEntityForge=1, death_CaribbeanReefOctopusEntityForge_mob_by_CommonStingrayEntityForge=3, death_CaribbeanReefOctopusEntityForge_mob_by_GreatHammerheadSharkEntityForge=3, death_CommonOctopusEntityForge_mob_by_GreatHammerheadSharkEntityForge=1, death_CommonOctopusEntityForge_mob_by_SandtigerSharkEntityForge=1, death_CommonStingrayEntityForge_mob_by_BlacktipReefSharkEntityForge=3, death_CommonStingrayEntityForge_mob_by_ShortfinMakoSharkEntityForge=1, death_GreenSeaTurtleEntityForge_mob_by_ShortfinMakoSharkEntityForge=1, death_HarborSealEntityForge_mob_by_BlackSeaNettleJellyfishEntityForge=1, death_HarborSealEntityForge_mob_by_GreatWhiteSharkEntityForge=1, death_NautilusEntityForge_mob_by_CommonStingrayEntityForge=3, death_SandtigerSharkEntityForge_mob_by_BlackSeaNettleJellyfishEntityForge=2, living_deaths=61, navigation_calls=53783, sensor_calls=122316}	119	123
27000	996798968	{AmericanLobsterEntityForge=20, AtlanticCodEntityForge=16, AtlanticSalmonEntityForge=16, BlackSeaNettleJellyfishEntityForge=2, BlacktipReefSharkEntityForge=6, BottlenoseDolphinEntityForge=8, CannonballJellyfishEntityForge=4, CaribbeanReefOctopusEntityForge=4, CommonOctopusEntityForge=6, CommonStingrayEntityForge=6, CommonThresherSharkEntityForge=2, GiantMorayEelEntityForge=8, GreatHammerheadSharkEntityForge=2, GreatWhiteSharkEntityForge=2, GreenSeaTurtleEntityForge=6, HarborSealEntityForge=6, NautilusEntityForge=2, OceanicWhitetipSharkEntityForge=2, OrcaEntityForge=2, SandtigerSharkEntityForge=2, ShortfinMakoSharkEntityForge=2, TigerSharkEntityForge=2}	{AmericanLobsterEntityForge=300, AtlanticCodEntityForge=300, AtlanticSalmonEntityForge=300, BlackSeaNettleJellyfishEntityForge=300, BlacktipReefSharkEntityForge=300, BottlenoseDolphinEntityForge=700, CannonballJellyfishEntityForge=300, CaribbeanReefOctopusEntityForge=300, CommonOctopusEntityForge=300, CommonStingrayEntityForge=300, CommonThresherSharkEntityForge=300, GiantMorayEelEntityForge=300, GreatHammerheadSharkEntityForge=300, GreatWhiteSharkEntityForge=300, GreenSeaTurtleEntityForge=300, HarborSealEntityForge=300, NautilusEntityForge=300, OceanicWhitetipSharkEntityForge=300, OrcaEntityForge=700, SandtigerSharkEntityForge=300, ShortfinMakoSharkEntityForge=300, TigerSharkEntityForge=300}	11	{action_escape=145, action_feed=692, action_habitat=31, action_social=17, bounded_living_scans=3747, death_AmericanLobsterEntityForge_mob_by_BlacktipReefSharkEntityForge=1, death_AmericanLobsterEntityForge_mob_by_CommonStingrayEntityForge=9, death_AmericanLobsterEntityForge_mob_by_SandtigerSharkEntityForge=1, death_AtlanticCodEntityForge_mob_by_BlacktipReefSharkEntityForge=5, death_AtlanticCodEntityForge_mob_by_CommonThresherSharkEntityForge=4, death_AtlanticCodEntityForge_mob_by_GreatWhiteSharkEntityForge=1, death_AtlanticCodEntityForge_mob_by_OceanicWhitetipSharkEntityForge=2, death_AtlanticCodEntityForge_mob_by_SandtigerSharkEntityForge=3, death_AtlanticCodEntityForge_mob_by_TigerSharkEntityForge=1, death_AtlanticSalmonEntityForge_mob_by_BlacktipReefSharkEntityForge=3, death_AtlanticSalmonEntityForge_mob_by_OceanicWhitetipSharkEntityForge=3, death_AtlanticSalmonEntityForge_mob_by_ShortfinMakoSharkEntityForge=1, death_AtlanticSalmonEntityForge_mob_by_TigerSharkEntityForge=2, death_BlackSeaNettleJellyfishEntityForge_mob_by_GreatWhiteSharkEntityForge=1, death_BlacktipReefSharkEntityForge_mob_by_GreatWhiteSharkEntityForge=1, death_BlacktipReefSharkEntityForge_mob_by_ShortfinMakoSharkEntityForge=2, death_CannonballJellyfishEntityForge_mob_by_GreatWhiteSharkEntityForge=1, death_CaribbeanReefOctopusEntityForge_mob_by_CommonStingrayEntityForge=3, death_CaribbeanReefOctopusEntityForge_mob_by_GreatHammerheadSharkEntityForge=3, death_CommonOctopusEntityForge_mob_by_GreatHammerheadSharkEntityForge=1, death_CommonOctopusEntityForge_mob_by_SandtigerSharkEntityForge=1, death_CommonStingrayEntityForge_mob_by_BlacktipReefSharkEntityForge=3, death_CommonStingrayEntityForge_mob_by_ShortfinMakoSharkEntityForge=1, death_GreenSeaTurtleEntityForge_mob_by_ShortfinMakoSharkEntityForge=1, death_HarborSealEntityForge_mob_by_BlackSeaNettleJellyfishEntityForge=1, death_HarborSealEntityForge_mob_by_GreatWhiteSharkEntityForge=1, death_NautilusEntityForge_mob_by_CommonStingrayEntityForge=3, death_SandtigerSharkEntityForge_mob_by_BlackSeaNettleJellyfishEntityForge=2, living_deaths=61, navigation_calls=54252, sensor_calls=123195}	120	126
27200	1190785528	{AmericanLobsterEntityForge=20, AtlanticCodEntityForge=16, AtlanticSalmonEntityForge=16, BlackSeaNettleJellyfishEntityForge=2, BlacktipReefSharkEntityForge=6, BottlenoseDolphinEntityForge=8, CannonballJellyfishEntityForge=4, CaribbeanReefOctopusEntityForge=4, CommonOctopusEntityForge=6, CommonStingrayEntityForge=6, CommonThresherSharkEntityForge=2, GiantMorayEelEntityForge=8, GreatHammerheadSharkEntityForge=2, GreatWhiteSharkEntityForge=2, GreenSeaTurtleEntityForge=6, HarborSealEntityForge=6, NautilusEntityForge=2, OceanicWhitetipSharkEntityForge=2, OrcaEntityForge=2, SandtigerSharkEntityForge=2, ShortfinMakoSharkEntityForge=2, TigerSharkEntityForge=2}	{AmericanLobsterEntityForge=300, AtlanticCodEntityForge=300, AtlanticSalmonEntityForge=300, BlackSeaNettleJellyfishEntityForge=300, BlacktipReefSharkEntityForge=300, BottlenoseDolphinEntityForge=700, CannonballJellyfishEntityForge=300, CaribbeanReefOctopusEntityForge=300, CommonOctopusEntityForge=300, CommonStingrayEntityForge=300, CommonThresherSharkEntityForge=300, GiantMorayEelEntityForge=300, GreatHammerheadSharkEntityForge=300, GreatWhiteSharkEntityForge=300, GreenSeaTurtleEntityForge=300, HarborSealEntityForge=300, NautilusEntityForge=300, OceanicWhitetipSharkEntityForge=300, OrcaEntityForge=700, SandtigerSharkEntityForge=300, ShortfinMakoSharkEntityForge=300, TigerSharkEntityForge=300}	11	{action_escape=148, action_feed=698, action_habitat=31, action_social=17, bounded_living_scans=3771, death_AmericanLobsterEntityForge_mob_by_BlacktipReefSharkEntityForge=1, death_AmericanLobsterEntityForge_mob_by_CommonStingrayEntityForge=9, death_AmericanLobsterEntityForge_mob_by_SandtigerSharkEntityForge=1, death_AtlanticCodEntityForge_mob_by_BlacktipReefSharkEntityForge=5, death_AtlanticCodEntityForge_mob_by_CommonThresherSharkEntityForge=4, death_AtlanticCodEntityForge_mob_by_GreatWhiteSharkEntityForge=1, death_AtlanticCodEntityForge_mob_by_OceanicWhitetipSharkEntityForge=2, death_AtlanticCodEntityForge_mob_by_SandtigerSharkEntityForge=3, death_AtlanticCodEntityForge_mob_by_TigerSharkEntityForge=1, death_AtlanticSalmonEntityForge_mob_by_BlacktipReefSharkEntityForge=3, death_AtlanticSalmonEntityForge_mob_by_OceanicWhitetipSharkEntityForge=3, death_AtlanticSalmonEntityForge_mob_by_ShortfinMakoSharkEntityForge=1, death_AtlanticSalmonEntityForge_mob_by_TigerSharkEntityForge=2, death_BlackSeaNettleJellyfishEntityForge_mob_by_GreatWhiteSharkEntityForge=1, death_BlacktipReefSharkEntityForge_mob_by_GreatWhiteSharkEntityForge=1, death_BlacktipReefSharkEntityForge_mob_by_ShortfinMakoSharkEntityForge=2, death_CannonballJellyfishEntityForge_mob_by_GreatWhiteSharkEntityForge=1, death_CaribbeanReefOctopusEntityForge_mob_by_CommonStingrayEntityForge=3, death_CaribbeanReefOctopusEntityForge_mob_by_GreatHammerheadSharkEntityForge=3, death_CommonOctopusEntityForge_mob_by_GreatHammerheadSharkEntityForge=1, death_CommonOctopusEntityForge_mob_by_SandtigerSharkEntityForge=1, death_CommonStingrayEntityForge_mob_by_BlacktipReefSharkEntityForge=3, death_CommonStingrayEntityForge_mob_by_ShortfinMakoSharkEntityForge=1, death_GreenSeaTurtleEntityForge_mob_by_ShortfinMakoSharkEntityForge=1, death_HarborSealEntityForge_mob_by_BlackSeaNettleJellyfishEntityForge=1, death_HarborSealEntityForge_mob_by_GreatWhiteSharkEntityForge=1, death_NautilusEntityForge_mob_by_CommonStingrayEntityForge=3, death_SandtigerSharkEntityForge_mob_by_BlackSeaNettleJellyfishEntityForge=2, living_deaths=61, navigation_calls=54656, sensor_calls=124141}	124	126
27400	1392112120	{AmericanLobsterEntityForge=20, AtlanticCodEntityForge=16, AtlanticSalmonEntityForge=16, BlackSeaNettleJellyfishEntityForge=2, BlacktipReefSharkEntityForge=6, BottlenoseDolphinEntityForge=8, CannonballJellyfishEntityForge=4, CaribbeanReefOctopusEntityForge=4, CommonOctopusEntityForge=6, CommonStingrayEntityForge=6, CommonThresherSharkEntityForge=2, GiantMorayEelEntityForge=8, GreatHammerheadSharkEntityForge=2, GreatWhiteSharkEntityForge=2, GreenSeaTurtleEntityForge=6, HarborSealEntityForge=6, NautilusEntityForge=2, OceanicWhitetipSharkEntityForge=2, OrcaEntityForge=2, SandtigerSharkEntityForge=2, ShortfinMakoSharkEntityForge=2, TigerSharkEntityForge=2}	{AmericanLobsterEntityForge=300, AtlanticCodEntityForge=300, AtlanticSalmonEntityForge=300, BlackSeaNettleJellyfishEntityForge=300, BlacktipReefSharkEntityForge=300, BottlenoseDolphinEntityForge=700, CannonballJellyfishEntityForge=300, CaribbeanReefOctopusEntityForge=300, CommonOctopusEntityForge=300, CommonStingrayEntityForge=300, CommonThresherSharkEntityForge=300, GiantMorayEelEntityForge=300, GreatHammerheadSharkEntityForge=300, GreatWhiteSharkEntityForge=300, GreenSeaTurtleEntityForge=300, HarborSealEntityForge=300, NautilusEntityForge=300, OceanicWhitetipSharkEntityForge=300, OrcaEntityForge=700, SandtigerSharkEntityForge=300, ShortfinMakoSharkEntityForge=300, TigerSharkEntityForge=300}	11	{action_escape=149, action_feed=705, action_habitat=31, action_social=17, bounded_living_scans=3805, death_AmericanLobsterEntityForge_mob_by_BlacktipReefSharkEntityForge=1, death_AmericanLobsterEntityForge_mob_by_CommonStingrayEntityForge=9, death_AmericanLobsterEntityForge_mob_by_SandtigerSharkEntityForge=1, death_AtlanticCodEntityForge_mob_by_BlacktipReefSharkEntityForge=5, death_AtlanticCodEntityForge_mob_by_CommonThresherSharkEntityForge=4, death_AtlanticCodEntityForge_mob_by_GreatWhiteSharkEntityForge=1, death_AtlanticCodEntityForge_mob_by_OceanicWhitetipSharkEntityForge=2, death_AtlanticCodEntityForge_mob_by_SandtigerSharkEntityForge=3, death_AtlanticCodEntityForge_mob_by_TigerSharkEntityForge=1, death_AtlanticSalmonEntityForge_mob_by_BlacktipReefSharkEntityForge=3, death_AtlanticSalmonEntityForge_mob_by_OceanicWhitetipSharkEntityForge=3, death_AtlanticSalmonEntityForge_mob_by_ShortfinMakoSharkEntityForge=1, death_AtlanticSalmonEntityForge_mob_by_TigerSharkEntityForge=2, death_BlackSeaNettleJellyfishEntityForge_mob_by_GreatWhiteSharkEntityForge=1, death_BlacktipReefSharkEntityForge_mob_by_GreatWhiteSharkEntityForge=1, death_BlacktipReefSharkEntityForge_mob_by_ShortfinMakoSharkEntityForge=2, death_CannonballJellyfishEntityForge_mob_by_GreatWhiteSharkEntityForge=1, death_CaribbeanReefOctopusEntityForge_mob_by_CommonStingrayEntityForge=3, death_CaribbeanReefOctopusEntityForge_mob_by_GreatHammerheadSharkEntityForge=3, death_CommonOctopusEntityForge_mob_by_GreatHammerheadSharkEntityForge=1, death_CommonOctopusEntityForge_mob_by_SandtigerSharkEntityForge=1, death_CommonStingrayEntityForge_mob_by_BlacktipReefSharkEntityForge=3, death_CommonStingrayEntityForge_mob_by_ShortfinMakoSharkEntityForge=1, death_GreenSeaTurtleEntityForge_mob_by_ShortfinMakoSharkEntityForge=1, death_HarborSealEntityForge_mob_by_BlackSeaNettleJellyfishEntityForge=1, death_HarborSealEntityForge_mob_by_GreatWhiteSharkEntityForge=1, death_NautilusEntityForge_mob_by_CommonStingrayEntityForge=3, death_SandtigerSharkEntityForge_mob_by_BlackSeaNettleJellyfishEntityForge=2, living_deaths=61, navigation_calls=55052, sensor_calls=125021}	122	126
27600	1596584440	{AmericanLobsterEntityForge=20, AtlanticCodEntityForge=16, AtlanticSalmonEntityForge=16, BlackSeaNettleJellyfishEntityForge=2, BlacktipReefSharkEntityForge=6, BottlenoseDolphinEntityForge=8, CannonballJellyfishEntityForge=4, CaribbeanReefOctopusEntityForge=4, CommonOctopusEntityForge=6, CommonStingrayEntityForge=6, CommonThresherSharkEntityForge=2, GiantMorayEelEntityForge=8, GreatHammerheadSharkEntityForge=2, GreatWhiteSharkEntityForge=2, GreenSeaTurtleEntityForge=6, HarborSealEntityForge=6, NautilusEntityForge=2, OceanicWhitetipSharkEntityForge=2, OrcaEntityForge=2, SandtigerSharkEntityForge=2, ShortfinMakoSharkEntityForge=2, TigerSharkEntityForge=2}	{AmericanLobsterEntityForge=300, AtlanticCodEntityForge=300, AtlanticSalmonEntityForge=300, BlackSeaNettleJellyfishEntityForge=300, BlacktipReefSharkEntityForge=300, BottlenoseDolphinEntityForge=700, CannonballJellyfishEntityForge=300, CaribbeanReefOctopusEntityForge=300, CommonOctopusEntityForge=300, CommonStingrayEntityForge=300, CommonThresherSharkEntityForge=300, GiantMorayEelEntityForge=300, GreatHammerheadSharkEntityForge=300, GreatWhiteSharkEntityForge=300, GreenSeaTurtleEntityForge=300, HarborSealEntityForge=300, NautilusEntityForge=300, OceanicWhitetipSharkEntityForge=300, OrcaEntityForge=700, SandtigerSharkEntityForge=300, ShortfinMakoSharkEntityForge=300, TigerSharkEntityForge=300}	11	{action_escape=150, action_feed=713, action_habitat=31, action_social=18, bounded_living_scans=3831, death_AmericanLobsterEntityForge_mob_by_BlacktipReefSharkEntityForge=1, death_AmericanLobsterEntityForge_mob_by_CommonStingrayEntityForge=9, death_AmericanLobsterEntityForge_mob_by_SandtigerSharkEntityForge=1, death_AtlanticCodEntityForge_mob_by_BlacktipReefSharkEntityForge=5, death_AtlanticCodEntityForge_mob_by_CommonThresherSharkEntityForge=4, death_AtlanticCodEntityForge_mob_by_GreatWhiteSharkEntityForge=1, death_AtlanticCodEntityForge_mob_by_OceanicWhitetipSharkEntityForge=2, death_AtlanticCodEntityForge_mob_by_SandtigerSharkEntityForge=3, death_AtlanticCodEntityForge_mob_by_TigerSharkEntityForge=1, death_AtlanticSalmonEntityForge_mob_by_BlacktipReefSharkEntityForge=3, death_AtlanticSalmonEntityForge_mob_by_OceanicWhitetipSharkEntityForge=3, death_AtlanticSalmonEntityForge_mob_by_ShortfinMakoSharkEntityForge=1, death_AtlanticSalmonEntityForge_mob_by_TigerSharkEntityForge=2, death_BlackSeaNettleJellyfishEntityForge_mob_by_GreatWhiteSharkEntityForge=1, death_BlacktipReefSharkEntityForge_mob_by_GreatWhiteSharkEntityForge=1, death_BlacktipReefSharkEntityForge_mob_by_ShortfinMakoSharkEntityForge=2, death_CannonballJellyfishEntityForge_mob_by_GreatWhiteSharkEntityForge=1, death_CaribbeanReefOctopusEntityForge_mob_by_CommonStingrayEntityForge=3, death_CaribbeanReefOctopusEntityForge_mob_by_GreatHammerheadSharkEntityForge=3, death_CommonOctopusEntityForge_mob_by_GreatHammerheadSharkEntityForge=1, death_CommonOctopusEntityForge_mob_by_SandtigerSharkEntityForge=1, death_CommonStingrayEntityForge_mob_by_BlacktipReefSharkEntityForge=3, death_CommonStingrayEntityForge_mob_by_ShortfinMakoSharkEntityForge=1, death_GreenSeaTurtleEntityForge_mob_by_ShortfinMakoSharkEntityForge=1, death_HarborSealEntityForge_mob_by_BlackSeaNettleJellyfishEntityForge=1, death_HarborSealEntityForge_mob_by_GreatWhiteSharkEntityForge=1, death_NautilusEntityForge_mob_by_CommonStingrayEntityForge=3, death_SandtigerSharkEntityForge_mob_by_BlackSeaNettleJellyfishEntityForge=2, living_deaths=61, navigation_calls=55512, sensor_calls=125967}	124	126
27800	512524288	{AmericanLobsterEntityForge=19, AtlanticCodEntityForge=16, AtlanticSalmonEntityForge=16, BlackSeaNettleJellyfishEntityForge=2, BlacktipReefSharkEntityForge=6, BottlenoseDolphinEntityForge=8, CannonballJellyfishEntityForge=4, CaribbeanReefOctopusEntityForge=4, CommonOctopusEntityForge=6, CommonStingrayEntityForge=6, CommonThresherSharkEntityForge=2, GiantMorayEelEntityForge=8, GreatHammerheadSharkEntityForge=2, GreatWhiteSharkEntityForge=2, GreenSeaTurtleEntityForge=6, HarborSealEntityForge=6, NautilusEntityForge=2, OceanicWhitetipSharkEntityForge=2, OrcaEntityForge=2, SandtigerSharkEntityForge=2, ShortfinMakoSharkEntityForge=2, TigerSharkEntityForge=2}	{AmericanLobsterEntityForge=300, AtlanticCodEntityForge=300, AtlanticSalmonEntityForge=300, BlackSeaNettleJellyfishEntityForge=300, BlacktipReefSharkEntityForge=300, BottlenoseDolphinEntityForge=700, CannonballJellyfishEntityForge=300, CaribbeanReefOctopusEntityForge=300, CommonOctopusEntityForge=300, CommonStingrayEntityForge=300, CommonThresherSharkEntityForge=300, GiantMorayEelEntityForge=300, GreatHammerheadSharkEntityForge=300, GreatWhiteSharkEntityForge=300, GreenSeaTurtleEntityForge=300, HarborSealEntityForge=300, NautilusEntityForge=300, OceanicWhitetipSharkEntityForge=300, OrcaEntityForge=700, SandtigerSharkEntityForge=300, ShortfinMakoSharkEntityForge=300, TigerSharkEntityForge=300}	11	{action_escape=151, action_feed=718, action_habitat=31, action_social=18, bounded_living_scans=3864, death_AmericanLobsterEntityForge_mob_by_BlacktipReefSharkEntityForge=2, death_AmericanLobsterEntityForge_mob_by_CommonStingrayEntityForge=9, death_AmericanLobsterEntityForge_mob_by_SandtigerSharkEntityForge=1, death_AtlanticCodEntityForge_mob_by_BlacktipReefSharkEntityForge=5, death_AtlanticCodEntityForge_mob_by_CommonThresherSharkEntityForge=4, death_AtlanticCodEntityForge_mob_by_GreatWhiteSharkEntityForge=1, death_AtlanticCodEntityForge_mob_by_OceanicWhitetipSharkEntityForge=2, death_AtlanticCodEntityForge_mob_by_SandtigerSharkEntityForge=3, death_AtlanticCodEntityForge_mob_by_TigerSharkEntityForge=1, death_AtlanticSalmonEntityForge_mob_by_BlacktipReefSharkEntityForge=3, death_AtlanticSalmonEntityForge_mob_by_OceanicWhitetipSharkEntityForge=3, death_AtlanticSalmonEntityForge_mob_by_ShortfinMakoSharkEntityForge=1, death_AtlanticSalmonEntityForge_mob_by_TigerSharkEntityForge=2, death_BlackSeaNettleJellyfishEntityForge_mob_by_GreatWhiteSharkEntityForge=1, death_BlacktipReefSharkEntityForge_mob_by_GreatWhiteSharkEntityForge=1, death_BlacktipReefSharkEntityForge_mob_by_ShortfinMakoSharkEntityForge=2, death_CannonballJellyfishEntityForge_mob_by_GreatWhiteSharkEntityForge=1, death_CaribbeanReefOctopusEntityForge_mob_by_CommonStingrayEntityForge=3, death_CaribbeanReefOctopusEntityForge_mob_by_GreatHammerheadSharkEntityForge=3, death_CommonOctopusEntityForge_mob_by_GreatHammerheadSharkEntityForge=1, death_CommonOctopusEntityForge_mob_by_SandtigerSharkEntityForge=1, death_CommonStingrayEntityForge_mob_by_BlacktipReefSharkEntityForge=3, death_CommonStingrayEntityForge_mob_by_ShortfinMakoSharkEntityForge=1, death_GreenSeaTurtleEntityForge_mob_by_ShortfinMakoSharkEntityForge=1, death_HarborSealEntityForge_mob_by_BlackSeaNettleJellyfishEntityForge=1, death_HarborSealEntityForge_mob_by_GreatWhiteSharkEntityForge=1, death_NautilusEntityForge_mob_by_CommonStingrayEntityForge=3, death_SandtigerSharkEntityForge_mob_by_BlackSeaNettleJellyfishEntityForge=2, living_deaths=62, navigation_calls=55965, sensor_calls=126843}	121	125
28000	725385216	{AmericanLobsterEntityForge=20, AtlanticCodEntityForge=16, AtlanticSalmonEntityForge=16, BlackSeaNettleJellyfishEntityForge=2, BlacktipReefSharkEntityForge=6, BottlenoseDolphinEntityForge=8, CannonballJellyfishEntityForge=4, CaribbeanReefOctopusEntityForge=4, CommonOctopusEntityForge=6, CommonStingrayEntityForge=6, CommonThresherSharkEntityForge=2, GiantMorayEelEntityForge=8, GreatHammerheadSharkEntityForge=2, GreatWhiteSharkEntityForge=2, GreenSeaTurtleEntityForge=6, HarborSealEntityForge=6, NautilusEntityForge=2, OceanicWhitetipSharkEntityForge=2, OrcaEntityForge=2, SandtigerSharkEntityForge=2, ShortfinMakoSharkEntityForge=2, TigerSharkEntityForge=2}	{AmericanLobsterEntityForge=300, AtlanticCodEntityForge=300, AtlanticSalmonEntityForge=300, BlackSeaNettleJellyfishEntityForge=300, BlacktipReefSharkEntityForge=300, BottlenoseDolphinEntityForge=700, CannonballJellyfishEntityForge=300, CaribbeanReefOctopusEntityForge=300, CommonOctopusEntityForge=300, CommonStingrayEntityForge=300, CommonThresherSharkEntityForge=300, GiantMorayEelEntityForge=300, GreatHammerheadSharkEntityForge=300, GreatWhiteSharkEntityForge=300, GreenSeaTurtleEntityForge=300, HarborSealEntityForge=300, NautilusEntityForge=300, OceanicWhitetipSharkEntityForge=300, OrcaEntityForge=700, SandtigerSharkEntityForge=300, ShortfinMakoSharkEntityForge=300, TigerSharkEntityForge=300}	11	{action_escape=152, action_feed=723, action_habitat=31, action_social=18, bounded_living_scans=3882, death_AmericanLobsterEntityForge_mob_by_BlacktipReefSharkEntityForge=2, death_AmericanLobsterEntityForge_mob_by_CommonStingrayEntityForge=9, death_AmericanLobsterEntityForge_mob_by_SandtigerSharkEntityForge=1, death_AtlanticCodEntityForge_mob_by_BlacktipReefSharkEntityForge=5, death_AtlanticCodEntityForge_mob_by_CommonThresherSharkEntityForge=4, death_AtlanticCodEntityForge_mob_by_GreatWhiteSharkEntityForge=1, death_AtlanticCodEntityForge_mob_by_OceanicWhitetipSharkEntityForge=2, death_AtlanticCodEntityForge_mob_by_SandtigerSharkEntityForge=3, death_AtlanticCodEntityForge_mob_by_TigerSharkEntityForge=1, death_AtlanticSalmonEntityForge_mob_by_BlacktipReefSharkEntityForge=3, death_AtlanticSalmonEntityForge_mob_by_OceanicWhitetipSharkEntityForge=3, death_AtlanticSalmonEntityForge_mob_by_ShortfinMakoSharkEntityForge=1, death_AtlanticSalmonEntityForge_mob_by_TigerSharkEntityForge=2, death_BlackSeaNettleJellyfishEntityForge_mob_by_GreatWhiteSharkEntityForge=1, death_BlacktipReefSharkEntityForge_mob_by_GreatWhiteSharkEntityForge=1, death_BlacktipReefSharkEntityForge_mob_by_ShortfinMakoSharkEntityForge=2, death_CannonballJellyfishEntityForge_mob_by_GreatWhiteSharkEntityForge=1, death_CaribbeanReefOctopusEntityForge_mob_by_CommonStingrayEntityForge=3, death_CaribbeanReefOctopusEntityForge_mob_by_GreatHammerheadSharkEntityForge=3, death_CommonOctopusEntityForge_mob_by_GreatHammerheadSharkEntityForge=1, death_CommonOctopusEntityForge_mob_by_SandtigerSharkEntityForge=1, death_CommonStingrayEntityForge_mob_by_BlacktipReefSharkEntityForge=3, death_CommonStingrayEntityForge_mob_by_ShortfinMakoSharkEntityForge=1, death_GreenSeaTurtleEntityForge_mob_by_ShortfinMakoSharkEntityForge=1, death_HarborSealEntityForge_mob_by_BlackSeaNettleJellyfishEntityForge=1, death_HarborSealEntityForge_mob_by_GreatWhiteSharkEntityForge=1, death_NautilusEntityForge_mob_by_CommonStingrayEntityForge=3, death_SandtigerSharkEntityForge_mob_by_BlackSeaNettleJellyfishEntityForge=2, living_deaths=62, navigation_calls=56393, sensor_calls=127788}	122	126
28200	919371776	{AmericanLobsterEntityForge=19, AtlanticCodEntityForge=16, AtlanticSalmonEntityForge=16, BlackSeaNettleJellyfishEntityForge=2, BlacktipReefSharkEntityForge=6, BottlenoseDolphinEntityForge=8, CannonballJellyfishEntityForge=4, CaribbeanReefOctopusEntityForge=4, CommonOctopusEntityForge=6, CommonStingrayEntityForge=6, CommonThresherSharkEntityForge=2, GiantMorayEelEntityForge=8, GreatHammerheadSharkEntityForge=2, GreatWhiteSharkEntityForge=2, GreenSeaTurtleEntityForge=6, HarborSealEntityForge=6, NautilusEntityForge=2, OceanicWhitetipSharkEntityForge=2, OrcaEntityForge=2, SandtigerSharkEntityForge=2, ShortfinMakoSharkEntityForge=2, TigerSharkEntityForge=2}	{AmericanLobsterEntityForge=300, AtlanticCodEntityForge=300, AtlanticSalmonEntityForge=300, BlackSeaNettleJellyfishEntityForge=300, BlacktipReefSharkEntityForge=300, BottlenoseDolphinEntityForge=700, CannonballJellyfishEntityForge=300, CaribbeanReefOctopusEntityForge=300, CommonOctopusEntityForge=300, CommonStingrayEntityForge=300, CommonThresherSharkEntityForge=300, GiantMorayEelEntityForge=300, GreatHammerheadSharkEntityForge=300, GreatWhiteSharkEntityForge=300, GreenSeaTurtleEntityForge=300, HarborSealEntityForge=300, NautilusEntityForge=300, OceanicWhitetipSharkEntityForge=300, OrcaEntityForge=700, SandtigerSharkEntityForge=300, ShortfinMakoSharkEntityForge=300, TigerSharkEntityForge=300}	11	{action_escape=154, action_feed=731, action_habitat=31, action_social=19, bounded_living_scans=3918, death_AmericanLobsterEntityForge_mob_by_BlacktipReefSharkEntityForge=2, death_AmericanLobsterEntityForge_mob_by_CommonStingrayEntityForge=9, death_AmericanLobsterEntityForge_mob_by_GreatHammerheadSharkEntityForge=1, death_AmericanLobsterEntityForge_mob_by_SandtigerSharkEntityForge=1, death_AtlanticCodEntityForge_mob_by_BlacktipReefSharkEntityForge=5, death_AtlanticCodEntityForge_mob_by_CommonThresherSharkEntityForge=4, death_AtlanticCodEntityForge_mob_by_GreatWhiteSharkEntityForge=1, death_AtlanticCodEntityForge_mob_by_OceanicWhitetipSharkEntityForge=2, death_AtlanticCodEntityForge_mob_by_SandtigerSharkEntityForge=3, death_AtlanticCodEntityForge_mob_by_TigerSharkEntityForge=1, death_AtlanticSalmonEntityForge_mob_by_BlacktipReefSharkEntityForge=3, death_AtlanticSalmonEntityForge_mob_by_OceanicWhitetipSharkEntityForge=3, death_AtlanticSalmonEntityForge_mob_by_ShortfinMakoSharkEntityForge=1, death_AtlanticSalmonEntityForge_mob_by_TigerSharkEntityForge=2, death_BlackSeaNettleJellyfishEntityForge_mob_by_GreatWhiteSharkEntityForge=1, death_BlacktipReefSharkEntityForge_mob_by_GreatWhiteSharkEntityForge=1, death_BlacktipReefSharkEntityForge_mob_by_ShortfinMakoSharkEntityForge=2, death_CannonballJellyfishEntityForge_mob_by_GreatWhiteSharkEntityForge=1, death_CaribbeanReefOctopusEntityForge_mob_by_CommonStingrayEntityForge=3, death_CaribbeanReefOctopusEntityForge_mob_by_GreatHammerheadSharkEntityForge=3, death_CommonOctopusEntityForge_mob_by_GreatHammerheadSharkEntityForge=1, death_CommonOctopusEntityForge_mob_by_SandtigerSharkEntityForge=1, death_CommonStingrayEntityForge_mob_by_BlacktipReefSharkEntityForge=3, death_CommonStingrayEntityForge_mob_by_ShortfinMakoSharkEntityForge=1, death_GreenSeaTurtleEntityForge_mob_by_ShortfinMakoSharkEntityForge=1, death_HarborSealEntityForge_mob_by_BlackSeaNettleJellyfishEntityForge=1, death_HarborSealEntityForge_mob_by_GreatWhiteSharkEntityForge=1, death_NautilusEntityForge_mob_by_CommonStingrayEntityForge=3, death_SandtigerSharkEntityForge_mob_by_BlackSeaNettleJellyfishEntityForge=2, living_deaths=63, navigation_calls=56789, sensor_calls=128722}	123	125
28400	1112309760	{AmericanLobsterEntityForge=19, AtlanticCodEntityForge=16, AtlanticSalmonEntityForge=16, BlackSeaNettleJellyfishEntityForge=2, BlacktipReefSharkEntityForge=6, BottlenoseDolphinEntityForge=8, CannonballJellyfishEntityForge=4, CaribbeanReefOctopusEntityForge=4, CommonOctopusEntityForge=6, CommonStingrayEntityForge=6, CommonThresherSharkEntityForge=2, GiantMorayEelEntityForge=8, GreatHammerheadSharkEntityForge=2, GreatWhiteSharkEntityForge=2, GreenSeaTurtleEntityForge=6, HarborSealEntityForge=6, NautilusEntityForge=2, OceanicWhitetipSharkEntityForge=2, OrcaEntityForge=2, SandtigerSharkEntityForge=2, ShortfinMakoSharkEntityForge=2, TigerSharkEntityForge=2}	{AmericanLobsterEntityForge=300, AtlanticCodEntityForge=300, AtlanticSalmonEntityForge=300, BlackSeaNettleJellyfishEntityForge=300, BlacktipReefSharkEntityForge=300, BottlenoseDolphinEntityForge=700, CannonballJellyfishEntityForge=300, CaribbeanReefOctopusEntityForge=300, CommonOctopusEntityForge=300, CommonStingrayEntityForge=300, CommonThresherSharkEntityForge=300, GiantMorayEelEntityForge=300, GreatHammerheadSharkEntityForge=300, GreatWhiteSharkEntityForge=300, GreenSeaTurtleEntityForge=300, HarborSealEntityForge=300, NautilusEntityForge=300, OceanicWhitetipSharkEntityForge=300, OrcaEntityForge=700, SandtigerSharkEntityForge=300, ShortfinMakoSharkEntityForge=300, TigerSharkEntityForge=300}	11	{action_escape=156, action_feed=736, action_habitat=31, action_social=19, bounded_living_scans=3940, death_AmericanLobsterEntityForge_mob_by_BlacktipReefSharkEntityForge=3, death_AmericanLobsterEntityForge_mob_by_CommonStingrayEntityForge=9, death_AmericanLobsterEntityForge_mob_by_GreatHammerheadSharkEntityForge=1, death_AmericanLobsterEntityForge_mob_by_SandtigerSharkEntityForge=1, death_AtlanticCodEntityForge_mob_by_BlacktipReefSharkEntityForge=5, death_AtlanticCodEntityForge_mob_by_CommonThresherSharkEntityForge=4, death_AtlanticCodEntityForge_mob_by_GreatWhiteSharkEntityForge=1, death_AtlanticCodEntityForge_mob_by_OceanicWhitetipSharkEntityForge=2, death_AtlanticCodEntityForge_mob_by_SandtigerSharkEntityForge=3, death_AtlanticCodEntityForge_mob_by_TigerSharkEntityForge=1, death_AtlanticSalmonEntityForge_mob_by_BlacktipReefSharkEntityForge=3, death_AtlanticSalmonEntityForge_mob_by_OceanicWhitetipSharkEntityForge=3, death_AtlanticSalmonEntityForge_mob_by_ShortfinMakoSharkEntityForge=1, death_AtlanticSalmonEntityForge_mob_by_TigerSharkEntityForge=2, death_BlackSeaNettleJellyfishEntityForge_mob_by_GreatWhiteSharkEntityForge=1, death_BlacktipReefSharkEntityForge_mob_by_GreatWhiteSharkEntityForge=1, death_BlacktipReefSharkEntityForge_mob_by_ShortfinMakoSharkEntityForge=2, death_CannonballJellyfishEntityForge_mob_by_GreatWhiteSharkEntityForge=1, death_CaribbeanReefOctopusEntityForge_mob_by_CommonStingrayEntityForge=3, death_CaribbeanReefOctopusEntityForge_mob_by_GreatHammerheadSharkEntityForge=3, death_CommonOctopusEntityForge_mob_by_GreatHammerheadSharkEntityForge=1, death_CommonOctopusEntityForge_mob_by_SandtigerSharkEntityForge=1, death_CommonStingrayEntityForge_mob_by_BlacktipReefSharkEntityForge=3, death_CommonStingrayEntityForge_mob_by_ShortfinMakoSharkEntityForge=1, death_GreenSeaTurtleEntityForge_mob_by_ShortfinMakoSharkEntityForge=1, death_HarborSealEntityForge_mob_by_BlackSeaNettleJellyfishEntityForge=1, death_HarborSealEntityForge_mob_by_GreatWhiteSharkEntityForge=1, death_NautilusEntityForge_mob_by_CommonStingrayEntityForge=3, death_SandtigerSharkEntityForge_mob_by_BlackSeaNettleJellyfishEntityForge=2, living_deaths=64, navigation_calls=57209, sensor_calls=129598}	119	125
28600	1324122112	{AmericanLobsterEntityForge=20, AtlanticCodEntityForge=16, AtlanticSalmonEntityForge=16, BlackSeaNettleJellyfishEntityForge=2, BlacktipReefSharkEntityForge=6, BottlenoseDolphinEntityForge=8, CannonballJellyfishEntityForge=4, CaribbeanReefOctopusEntityForge=4, CommonOctopusEntityForge=6, CommonStingrayEntityForge=6, CommonThresherSharkEntityForge=2, GiantMorayEelEntityForge=8, GreatHammerheadSharkEntityForge=2, GreatWhiteSharkEntityForge=2, GreenSeaTurtleEntityForge=6, HarborSealEntityForge=6, NautilusEntityForge=2, OceanicWhitetipSharkEntityForge=2, OrcaEntityForge=2, SandtigerSharkEntityForge=2, ShortfinMakoSharkEntityForge=2, TigerSharkEntityForge=2}	{AmericanLobsterEntityForge=300, AtlanticCodEntityForge=300, AtlanticSalmonEntityForge=300, BlackSeaNettleJellyfishEntityForge=300, BlacktipReefSharkEntityForge=300, BottlenoseDolphinEntityForge=700, CannonballJellyfishEntityForge=300, CaribbeanReefOctopusEntityForge=300, CommonOctopusEntityForge=300, CommonStingrayEntityForge=300, CommonThresherSharkEntityForge=300, GiantMorayEelEntityForge=300, GreatHammerheadSharkEntityForge=300, GreatWhiteSharkEntityForge=300, GreenSeaTurtleEntityForge=300, HarborSealEntityForge=300, NautilusEntityForge=300, OceanicWhitetipSharkEntityForge=300, OrcaEntityForge=700, SandtigerSharkEntityForge=300, ShortfinMakoSharkEntityForge=300, TigerSharkEntityForge=300}	11	{action_escape=158, action_feed=743, action_habitat=31, action_social=19, bounded_living_scans=3973, death_AmericanLobsterEntityForge_mob_by_BlacktipReefSharkEntityForge=3, death_AmericanLobsterEntityForge_mob_by_CommonStingrayEntityForge=9, death_AmericanLobsterEntityForge_mob_by_GreatHammerheadSharkEntityForge=1, death_AmericanLobsterEntityForge_mob_by_SandtigerSharkEntityForge=1, death_AtlanticCodEntityForge_mob_by_BlacktipReefSharkEntityForge=5, death_AtlanticCodEntityForge_mob_by_CommonThresherSharkEntityForge=4, death_AtlanticCodEntityForge_mob_by_GreatWhiteSharkEntityForge=1, death_AtlanticCodEntityForge_mob_by_OceanicWhitetipSharkEntityForge=2, death_AtlanticCodEntityForge_mob_by_SandtigerSharkEntityForge=3, death_AtlanticCodEntityForge_mob_by_TigerSharkEntityForge=1, death_AtlanticSalmonEntityForge_mob_by_BlacktipReefSharkEntityForge=3, death_AtlanticSalmonEntityForge_mob_by_OceanicWhitetipSharkEntityForge=3, death_AtlanticSalmonEntityForge_mob_by_ShortfinMakoSharkEntityForge=1, death_AtlanticSalmonEntityForge_mob_by_TigerSharkEntityForge=2, death_BlackSeaNettleJellyfishEntityForge_mob_by_GreatWhiteSharkEntityForge=1, death_BlacktipReefSharkEntityForge_mob_by_GreatWhiteSharkEntityForge=1, death_BlacktipReefSharkEntityForge_mob_by_ShortfinMakoSharkEntityForge=2, death_CannonballJellyfishEntityForge_mob_by_GreatWhiteSharkEntityForge=1, death_CaribbeanReefOctopusEntityForge_mob_by_CommonStingrayEntityForge=3, death_CaribbeanReefOctopusEntityForge_mob_by_GreatHammerheadSharkEntityForge=3, death_CommonOctopusEntityForge_mob_by_GreatHammerheadSharkEntityForge=1, death_CommonOctopusEntityForge_mob_by_SandtigerSharkEntityForge=1, death_CommonStingrayEntityForge_mob_by_BlacktipReefSharkEntityForge=3, death_CommonStingrayEntityForge_mob_by_ShortfinMakoSharkEntityForge=1, death_GreenSeaTurtleEntityForge_mob_by_ShortfinMakoSharkEntityForge=1, death_HarborSealEntityForge_mob_by_BlackSeaNettleJellyfishEntityForge=1, death_HarborSealEntityForge_mob_by_GreatWhiteSharkEntityForge=1, death_NautilusEntityForge_mob_by_CommonStingrayEntityForge=3, death_SandtigerSharkEntityForge_mob_by_BlackSeaNettleJellyfishEntityForge=2, living_deaths=64, navigation_calls=57680, sensor_calls=130544}	120	126
28800	1528594432	{AmericanLobsterEntityForge=20, AtlanticCodEntityForge=16, AtlanticSalmonEntityForge=16, BlackSeaNettleJellyfishEntityForge=2, BlacktipReefSharkEntityForge=6, BottlenoseDolphinEntityForge=8, CannonballJellyfishEntityForge=4, CaribbeanReefOctopusEntityForge=4, CommonOctopusEntityForge=6, CommonStingrayEntityForge=6, CommonThresherSharkEntityForge=2, GiantMorayEelEntityForge=8, GreatHammerheadSharkEntityForge=2, GreatWhiteSharkEntityForge=2, GreenSeaTurtleEntityForge=6, HarborSealEntityForge=6, NautilusEntityForge=2, OceanicWhitetipSharkEntityForge=2, OrcaEntityForge=2, SandtigerSharkEntityForge=2, ShortfinMakoSharkEntityForge=2, TigerSharkEntityForge=2}	{AmericanLobsterEntityForge=300, AtlanticCodEntityForge=300, AtlanticSalmonEntityForge=300, BlackSeaNettleJellyfishEntityForge=300, BlacktipReefSharkEntityForge=300, BottlenoseDolphinEntityForge=700, CannonballJellyfishEntityForge=300, CaribbeanReefOctopusEntityForge=300, CommonOctopusEntityForge=300, CommonStingrayEntityForge=300, CommonThresherSharkEntityForge=300, GiantMorayEelEntityForge=300, GreatHammerheadSharkEntityForge=300, GreatWhiteSharkEntityForge=300, GreenSeaTurtleEntityForge=300, HarborSealEntityForge=300, NautilusEntityForge=300, OceanicWhitetipSharkEntityForge=300, OrcaEntityForge=700, SandtigerSharkEntityForge=300, ShortfinMakoSharkEntityForge=300, TigerSharkEntityForge=300}	11	{action_escape=160, action_feed=749, action_habitat=31, action_social=19, bounded_living_scans=3998, death_AmericanLobsterEntityForge_mob_by_BlacktipReefSharkEntityForge=3, death_AmericanLobsterEntityForge_mob_by_CommonStingrayEntityForge=9, death_AmericanLobsterEntityForge_mob_by_GreatHammerheadSharkEntityForge=1, death_AmericanLobsterEntityForge_mob_by_SandtigerSharkEntityForge=1, death_AtlanticCodEntityForge_mob_by_BlacktipReefSharkEntityForge=5, death_AtlanticCodEntityForge_mob_by_CommonThresherSharkEntityForge=4, death_AtlanticCodEntityForge_mob_by_GreatWhiteSharkEntityForge=1, death_AtlanticCodEntityForge_mob_by_OceanicWhitetipSharkEntityForge=2, death_AtlanticCodEntityForge_mob_by_SandtigerSharkEntityForge=3, death_AtlanticCodEntityForge_mob_by_TigerSharkEntityForge=1, death_AtlanticSalmonEntityForge_mob_by_BlacktipReefSharkEntityForge=3, death_AtlanticSalmonEntityForge_mob_by_OceanicWhitetipSharkEntityForge=3, death_AtlanticSalmonEntityForge_mob_by_ShortfinMakoSharkEntityForge=1, death_AtlanticSalmonEntityForge_mob_by_TigerSharkEntityForge=2, death_BlackSeaNettleJellyfishEntityForge_mob_by_GreatWhiteSharkEntityForge=1, death_BlacktipReefSharkEntityForge_mob_by_GreatWhiteSharkEntityForge=1, death_BlacktipReefSharkEntityForge_mob_by_ShortfinMakoSharkEntityForge=2, death_CannonballJellyfishEntityForge_mob_by_GreatWhiteSharkEntityForge=1, death_CaribbeanReefOctopusEntityForge_mob_by_CommonStingrayEntityForge=3, death_CaribbeanReefOctopusEntityForge_mob_by_GreatHammerheadSharkEntityForge=3, death_CommonOctopusEntityForge_mob_by_GreatHammerheadSharkEntityForge=1, death_CommonOctopusEntityForge_mob_by_SandtigerSharkEntityForge=1, death_CommonStingrayEntityForge_mob_by_BlacktipReefSharkEntityForge=3, death_CommonStingrayEntityForge_mob_by_ShortfinMakoSharkEntityForge=1, death_GreenSeaTurtleEntityForge_mob_by_ShortfinMakoSharkEntityForge=1, death_HarborSealEntityForge_mob_by_BlackSeaNettleJellyfishEntityForge=1, death_HarborSealEntityForge_mob_by_GreatWhiteSharkEntityForge=1, death_NautilusEntityForge_mob_by_CommonStingrayEntityForge=3, death_SandtigerSharkEntityForge_mob_by_BlackSeaNettleJellyfishEntityForge=2, living_deaths=64, navigation_calls=58149, sensor_calls=131423}	122	126
29000	453007680	{AmericanLobsterEntityForge=20, AtlanticCodEntityForge=16, AtlanticSalmonEntityForge=16, BlackSeaNettleJellyfishEntityForge=2, BlacktipReefSharkEntityForge=6, BottlenoseDolphinEntityForge=8, CannonballJellyfishEntityForge=4, CaribbeanReefOctopusEntityForge=4, CommonOctopusEntityForge=6, CommonStingrayEntityForge=6, CommonThresherSharkEntityForge=2, GiantMorayEelEntityForge=8, GreatHammerheadSharkEntityForge=2, GreatWhiteSharkEntityForge=2, GreenSeaTurtleEntityForge=6, HarborSealEntityForge=6, NautilusEntityForge=2, OceanicWhitetipSharkEntityForge=2, OrcaEntityForge=2, SandtigerSharkEntityForge=2, ShortfinMakoSharkEntityForge=2, TigerSharkEntityForge=2}	{AmericanLobsterEntityForge=300, AtlanticCodEntityForge=300, AtlanticSalmonEntityForge=300, BlackSeaNettleJellyfishEntityForge=300, BlacktipReefSharkEntityForge=300, BottlenoseDolphinEntityForge=700, CannonballJellyfishEntityForge=300, CaribbeanReefOctopusEntityForge=300, CommonOctopusEntityForge=300, CommonStingrayEntityForge=300, CommonThresherSharkEntityForge=300, GiantMorayEelEntityForge=300, GreatHammerheadSharkEntityForge=300, GreatWhiteSharkEntityForge=300, GreenSeaTurtleEntityForge=300, HarborSealEntityForge=300, NautilusEntityForge=300, OceanicWhitetipSharkEntityForge=300, OrcaEntityForge=700, SandtigerSharkEntityForge=300, ShortfinMakoSharkEntityForge=300, TigerSharkEntityForge=300}	11	{action_escape=161, action_feed=754, action_habitat=31, action_social=19, bounded_living_scans=4028, death_AmericanLobsterEntityForge_mob_by_BlacktipReefSharkEntityForge=3, death_AmericanLobsterEntityForge_mob_by_CommonStingrayEntityForge=9, death_AmericanLobsterEntityForge_mob_by_GreatHammerheadSharkEntityForge=1, death_AmericanLobsterEntityForge_mob_by_SandtigerSharkEntityForge=1, death_AtlanticCodEntityForge_mob_by_BlacktipReefSharkEntityForge=5, death_AtlanticCodEntityForge_mob_by_CommonThresherSharkEntityForge=4, death_AtlanticCodEntityForge_mob_by_GreatWhiteSharkEntityForge=1, death_AtlanticCodEntityForge_mob_by_OceanicWhitetipSharkEntityForge=2, death_AtlanticCodEntityForge_mob_by_SandtigerSharkEntityForge=3, death_AtlanticCodEntityForge_mob_by_TigerSharkEntityForge=1, death_AtlanticSalmonEntityForge_mob_by_BlacktipReefSharkEntityForge=3, death_AtlanticSalmonEntityForge_mob_by_OceanicWhitetipSharkEntityForge=3, death_AtlanticSalmonEntityForge_mob_by_ShortfinMakoSharkEntityForge=1, death_AtlanticSalmonEntityForge_mob_by_TigerSharkEntityForge=2, death_BlackSeaNettleJellyfishEntityForge_mob_by_GreatWhiteSharkEntityForge=1, death_BlacktipReefSharkEntityForge_mob_by_GreatWhiteSharkEntityForge=1, death_BlacktipReefSharkEntityForge_mob_by_ShortfinMakoSharkEntityForge=2, death_CannonballJellyfishEntityForge_mob_by_GreatWhiteSharkEntityForge=1, death_CaribbeanReefOctopusEntityForge_mob_by_CommonStingrayEntityForge=3, death_CaribbeanReefOctopusEntityForge_mob_by_GreatHammerheadSharkEntityForge=3, death_CommonOctopusEntityForge_mob_by_GreatHammerheadSharkEntityForge=1, death_CommonOctopusEntityForge_mob_by_SandtigerSharkEntityForge=1, death_CommonStingrayEntityForge_mob_by_BlacktipReefSharkEntityForge=3, death_CommonStingrayEntityForge_mob_by_ShortfinMakoSharkEntityForge=1, death_GreenSeaTurtleEntityForge_mob_by_ShortfinMakoSharkEntityForge=1, death_HarborSealEntityForge_mob_by_BlackSeaNettleJellyfishEntityForge=1, death_HarborSealEntityForge_mob_by_GreatWhiteSharkEntityForge=1, death_NautilusEntityForge_mob_by_CommonStingrayEntityForge=3, death_SandtigerSharkEntityForge_mob_by_BlackSeaNettleJellyfishEntityForge=2, living_deaths=64, navigation_calls=58623, sensor_calls=132369}	122	126
29200	642799936	{AmericanLobsterEntityForge=20, AtlanticCodEntityForge=15, AtlanticSalmonEntityForge=16, BlackSeaNettleJellyfishEntityForge=2, BlacktipReefSharkEntityForge=6, BottlenoseDolphinEntityForge=8, CannonballJellyfishEntityForge=4, CaribbeanReefOctopusEntityForge=4, CommonOctopusEntityForge=6, CommonStingrayEntityForge=6, CommonThresherSharkEntityForge=2, GiantMorayEelEntityForge=8, GreatHammerheadSharkEntityForge=2, GreatWhiteSharkEntityForge=2, GreenSeaTurtleEntityForge=6, HarborSealEntityForge=6, NautilusEntityForge=2, OceanicWhitetipSharkEntityForge=2, OrcaEntityForge=2, SandtigerSharkEntityForge=2, ShortfinMakoSharkEntityForge=2, TigerSharkEntityForge=2}	{AmericanLobsterEntityForge=300, AtlanticCodEntityForge=300, AtlanticSalmonEntityForge=300, BlackSeaNettleJellyfishEntityForge=300, BlacktipReefSharkEntityForge=300, BottlenoseDolphinEntityForge=700, CannonballJellyfishEntityForge=300, CaribbeanReefOctopusEntityForge=300, CommonOctopusEntityForge=300, CommonStingrayEntityForge=300, CommonThresherSharkEntityForge=300, GiantMorayEelEntityForge=300, GreatHammerheadSharkEntityForge=300, GreatWhiteSharkEntityForge=300, GreenSeaTurtleEntityForge=300, HarborSealEntityForge=300, NautilusEntityForge=300, OceanicWhitetipSharkEntityForge=300, OrcaEntityForge=700, SandtigerSharkEntityForge=300, ShortfinMakoSharkEntityForge=300, TigerSharkEntityForge=300}	11	{action_escape=162, action_feed=759, action_habitat=32, action_social=19, bounded_living_scans=4054, death_AmericanLobsterEntityForge_mob_by_BlacktipReefSharkEntityForge=3, death_AmericanLobsterEntityForge_mob_by_CommonStingrayEntityForge=9, death_AmericanLobsterEntityForge_mob_by_GreatHammerheadSharkEntityForge=1, death_AmericanLobsterEntityForge_mob_by_SandtigerSharkEntityForge=1, death_AtlanticCodEntityForge_mob_by_BlacktipReefSharkEntityForge=5, death_AtlanticCodEntityForge_mob_by_CommonThresherSharkEntityForge=4, death_AtlanticCodEntityForge_mob_by_GreatHammerheadSharkEntityForge=1, death_AtlanticCodEntityForge_mob_by_GreatWhiteSharkEntityForge=1, death_AtlanticCodEntityForge_mob_by_OceanicWhitetipSharkEntityForge=2, death_AtlanticCodEntityForge_mob_by_SandtigerSharkEntityForge=3, death_AtlanticCodEntityForge_mob_by_TigerSharkEntityForge=1, death_AtlanticSalmonEntityForge_mob_by_BlacktipReefSharkEntityForge=3, death_AtlanticSalmonEntityForge_mob_by_OceanicWhitetipSharkEntityForge=3, death_AtlanticSalmonEntityForge_mob_by_ShortfinMakoSharkEntityForge=1, death_AtlanticSalmonEntityForge_mob_by_TigerSharkEntityForge=2, death_BlackSeaNettleJellyfishEntityForge_mob_by_GreatWhiteSharkEntityForge=1, death_BlacktipReefSharkEntityForge_mob_by_GreatWhiteSharkEntityForge=1, death_BlacktipReefSharkEntityForge_mob_by_ShortfinMakoSharkEntityForge=2, death_CannonballJellyfishEntityForge_mob_by_GreatWhiteSharkEntityForge=1, death_CaribbeanReefOctopusEntityForge_mob_by_CommonStingrayEntityForge=3, death_CaribbeanReefOctopusEntityForge_mob_by_GreatHammerheadSharkEntityForge=3, death_CommonOctopusEntityForge_mob_by_GreatHammerheadSharkEntityForge=1, death_CommonOctopusEntityForge_mob_by_SandtigerSharkEntityForge=1, death_CommonStingrayEntityForge_mob_by_BlacktipReefSharkEntityForge=3, death_CommonStingrayEntityForge_mob_by_ShortfinMakoSharkEntityForge=1, death_GreenSeaTurtleEntityForge_mob_by_ShortfinMakoSharkEntityForge=1, death_HarborSealEntityForge_mob_by_BlackSeaNettleJellyfishEntityForge=1, death_HarborSealEntityForge_mob_by_GreatWhiteSharkEntityForge=1, death_NautilusEntityForge_mob_by_CommonStingrayEntityForge=3, death_SandtigerSharkEntityForge_mob_by_BlackSeaNettleJellyfishEntityForge=2, living_deaths=65, navigation_calls=59076, sensor_calls=133250}	119	125
29400	836786496	{AmericanLobsterEntityForge=20, AtlanticCodEntityForge=16, AtlanticSalmonEntityForge=16, BlackSeaNettleJellyfishEntityForge=2, BlacktipReefSharkEntityForge=6, BottlenoseDolphinEntityForge=8, CannonballJellyfishEntityForge=4, CaribbeanReefOctopusEntityForge=4, CommonOctopusEntityForge=6, CommonStingrayEntityForge=6, CommonThresherSharkEntityForge=2, GiantMorayEelEntityForge=8, GreatHammerheadSharkEntityForge=2, GreatWhiteSharkEntityForge=2, GreenSeaTurtleEntityForge=6, HarborSealEntityForge=6, NautilusEntityForge=2, OceanicWhitetipSharkEntityForge=2, OrcaEntityForge=2, SandtigerSharkEntityForge=2, ShortfinMakoSharkEntityForge=2, TigerSharkEntityForge=2}	{AmericanLobsterEntityForge=300, AtlanticCodEntityForge=300, AtlanticSalmonEntityForge=300, BlackSeaNettleJellyfishEntityForge=300, BlacktipReefSharkEntityForge=300, BottlenoseDolphinEntityForge=700, CannonballJellyfishEntityForge=300, CaribbeanReefOctopusEntityForge=300, CommonOctopusEntityForge=300, CommonStingrayEntityForge=300, CommonThresherSharkEntityForge=300, GiantMorayEelEntityForge=300, GreatHammerheadSharkEntityForge=300, GreatWhiteSharkEntityForge=300, GreenSeaTurtleEntityForge=300, HarborSealEntityForge=300, NautilusEntityForge=300, OceanicWhitetipSharkEntityForge=300, OrcaEntityForge=700, SandtigerSharkEntityForge=300, ShortfinMakoSharkEntityForge=300, TigerSharkEntityForge=300}	11	{action_escape=164, action_feed=765, action_habitat=32, action_social=19, bounded_living_scans=4083, death_AmericanLobsterEntityForge_mob_by_BlacktipReefSharkEntityForge=3, death_AmericanLobsterEntityForge_mob_by_CommonStingrayEntityForge=9, death_AmericanLobsterEntityForge_mob_by_GreatHammerheadSharkEntityForge=1, death_AmericanLobsterEntityForge_mob_by_SandtigerSharkEntityForge=1, death_AtlanticCodEntityForge_mob_by_BlacktipReefSharkEntityForge=5, death_AtlanticCodEntityForge_mob_by_CommonThresherSharkEntityForge=4, death_AtlanticCodEntityForge_mob_by_GreatHammerheadSharkEntityForge=1, death_AtlanticCodEntityForge_mob_by_GreatWhiteSharkEntityForge=1, death_AtlanticCodEntityForge_mob_by_OceanicWhitetipSharkEntityForge=2, death_AtlanticCodEntityForge_mob_by_SandtigerSharkEntityForge=3, death_AtlanticCodEntityForge_mob_by_TigerSharkEntityForge=1, death_AtlanticSalmonEntityForge_mob_by_BlacktipReefSharkEntityForge=3, death_AtlanticSalmonEntityForge_mob_by_OceanicWhitetipSharkEntityForge=3, death_AtlanticSalmonEntityForge_mob_by_ShortfinMakoSharkEntityForge=1, death_AtlanticSalmonEntityForge_mob_by_TigerSharkEntityForge=2, death_BlackSeaNettleJellyfishEntityForge_mob_by_GreatWhiteSharkEntityForge=1, death_BlacktipReefSharkEntityForge_mob_by_GreatWhiteSharkEntityForge=1, death_BlacktipReefSharkEntityForge_mob_by_ShortfinMakoSharkEntityForge=2, death_CannonballJellyfishEntityForge_mob_by_GreatWhiteSharkEntityForge=1, death_CaribbeanReefOctopusEntityForge_mob_by_CommonStingrayEntityForge=3, death_CaribbeanReefOctopusEntityForge_mob_by_GreatHammerheadSharkEntityForge=3, death_CommonOctopusEntityForge_mob_by_GreatHammerheadSharkEntityForge=1, death_CommonOctopusEntityForge_mob_by_SandtigerSharkEntityForge=1, death_CommonStingrayEntityForge_mob_by_BlacktipReefSharkEntityForge=3, death_CommonStingrayEntityForge_mob_by_ShortfinMakoSharkEntityForge=1, death_GreenSeaTurtleEntityForge_mob_by_ShortfinMakoSharkEntityForge=1, death_HarborSealEntityForge_mob_by_BlackSeaNettleJellyfishEntityForge=1, death_HarborSealEntityForge_mob_by_GreatWhiteSharkEntityForge=1, death_NautilusEntityForge_mob_by_CommonStingrayEntityForge=4, death_SandtigerSharkEntityForge_mob_by_BlackSeaNettleJellyfishEntityForge=2, living_deaths=66, navigation_calls=59532, sensor_calls=134193}	122	126
29600	1032870208	{AmericanLobsterEntityForge=20, AtlanticCodEntityForge=16, AtlanticSalmonEntityForge=16, BlackSeaNettleJellyfishEntityForge=2, BlacktipReefSharkEntityForge=6, BottlenoseDolphinEntityForge=8, CannonballJellyfishEntityForge=4, CaribbeanReefOctopusEntityForge=4, CommonOctopusEntityForge=6, CommonStingrayEntityForge=6, CommonThresherSharkEntityForge=2, GiantMorayEelEntityForge=8, GreatHammerheadSharkEntityForge=2, GreatWhiteSharkEntityForge=2, GreenSeaTurtleEntityForge=6, HarborSealEntityForge=6, NautilusEntityForge=1, OceanicWhitetipSharkEntityForge=2, OrcaEntityForge=2, SandtigerSharkEntityForge=2, ShortfinMakoSharkEntityForge=2, TigerSharkEntityForge=2}	{AmericanLobsterEntityForge=300, AtlanticCodEntityForge=300, AtlanticSalmonEntityForge=300, BlackSeaNettleJellyfishEntityForge=300, BlacktipReefSharkEntityForge=300, BottlenoseDolphinEntityForge=700, CannonballJellyfishEntityForge=300, CaribbeanReefOctopusEntityForge=300, CommonOctopusEntityForge=300, CommonStingrayEntityForge=300, CommonThresherSharkEntityForge=300, GiantMorayEelEntityForge=300, GreatHammerheadSharkEntityForge=300, GreatWhiteSharkEntityForge=300, GreenSeaTurtleEntityForge=300, HarborSealEntityForge=300, NautilusEntityForge=300, OceanicWhitetipSharkEntityForge=300, OrcaEntityForge=700, SandtigerSharkEntityForge=300, ShortfinMakoSharkEntityForge=300, TigerSharkEntityForge=300}	11	{action_escape=164, action_feed=769, action_habitat=32, action_social=19, bounded_living_scans=4100, death_AmericanLobsterEntityForge_mob_by_BlacktipReefSharkEntityForge=3, death_AmericanLobsterEntityForge_mob_by_CommonStingrayEntityForge=9, death_AmericanLobsterEntityForge_mob_by_GreatHammerheadSharkEntityForge=1, death_AmericanLobsterEntityForge_mob_by_SandtigerSharkEntityForge=1, death_AtlanticCodEntityForge_mob_by_BlacktipReefSharkEntityForge=5, death_AtlanticCodEntityForge_mob_by_CommonThresherSharkEntityForge=4, death_AtlanticCodEntityForge_mob_by_GreatHammerheadSharkEntityForge=1, death_AtlanticCodEntityForge_mob_by_GreatWhiteSharkEntityForge=1, death_AtlanticCodEntityForge_mob_by_OceanicWhitetipSharkEntityForge=2, death_AtlanticCodEntityForge_mob_by_SandtigerSharkEntityForge=3, death_AtlanticCodEntityForge_mob_by_TigerSharkEntityForge=1, death_AtlanticSalmonEntityForge_mob_by_BlacktipReefSharkEntityForge=4, death_AtlanticSalmonEntityForge_mob_by_OceanicWhitetipSharkEntityForge=3, death_AtlanticSalmonEntityForge_mob_by_ShortfinMakoSharkEntityForge=1, death_AtlanticSalmonEntityForge_mob_by_TigerSharkEntityForge=2, death_BlackSeaNettleJellyfishEntityForge_mob_by_GreatWhiteSharkEntityForge=1, death_BlacktipReefSharkEntityForge_mob_by_GreatWhiteSharkEntityForge=1, death_BlacktipReefSharkEntityForge_mob_by_ShortfinMakoSharkEntityForge=2, death_CannonballJellyfishEntityForge_mob_by_GreatWhiteSharkEntityForge=1, death_CaribbeanReefOctopusEntityForge_mob_by_CommonStingrayEntityForge=3, death_CaribbeanReefOctopusEntityForge_mob_by_GreatHammerheadSharkEntityForge=3, death_CommonOctopusEntityForge_mob_by_GreatHammerheadSharkEntityForge=1, death_CommonOctopusEntityForge_mob_by_SandtigerSharkEntityForge=1, death_CommonStingrayEntityForge_mob_by_BlacktipReefSharkEntityForge=3, death_CommonStingrayEntityForge_mob_by_ShortfinMakoSharkEntityForge=1, death_GreenSeaTurtleEntityForge_mob_by_ShortfinMakoSharkEntityForge=1, death_HarborSealEntityForge_mob_by_BlackSeaNettleJellyfishEntityForge=1, death_HarborSealEntityForge_mob_by_GreatWhiteSharkEntityForge=1, death_NautilusEntityForge_mob_by_CommonStingrayEntityForge=4, death_SandtigerSharkEntityForge_mob_by_BlackSeaNettleJellyfishEntityForge=2, living_deaths=67, navigation_calls=59916, sensor_calls=135064}	124	125
29800	1237342528	{AmericanLobsterEntityForge=20, AtlanticCodEntityForge=16, AtlanticSalmonEntityForge=15, BlackSeaNettleJellyfishEntityForge=2, BlacktipReefSharkEntityForge=6, BottlenoseDolphinEntityForge=8, CannonballJellyfishEntityForge=3, CaribbeanReefOctopusEntityForge=4, CommonOctopusEntityForge=6, CommonStingrayEntityForge=6, CommonThresherSharkEntityForge=2, GiantMorayEelEntityForge=8, GreatHammerheadSharkEntityForge=2, GreatWhiteSharkEntityForge=2, GreenSeaTurtleEntityForge=6, HarborSealEntityForge=6, NautilusEntityForge=2, OceanicWhitetipSharkEntityForge=2, OrcaEntityForge=2, SandtigerSharkEntityForge=2, ShortfinMakoSharkEntityForge=2, TigerSharkEntityForge=2}	{AmericanLobsterEntityForge=300, AtlanticCodEntityForge=300, AtlanticSalmonEntityForge=300, BlackSeaNettleJellyfishEntityForge=300, BlacktipReefSharkEntityForge=300, BottlenoseDolphinEntityForge=700, CannonballJellyfishEntityForge=300, CaribbeanReefOctopusEntityForge=300, CommonOctopusEntityForge=300, CommonStingrayEntityForge=300, CommonThresherSharkEntityForge=300, GiantMorayEelEntityForge=300, GreatHammerheadSharkEntityForge=300, GreatWhiteSharkEntityForge=300, GreenSeaTurtleEntityForge=300, HarborSealEntityForge=300, NautilusEntityForge=300, OceanicWhitetipSharkEntityForge=300, OrcaEntityForge=700, SandtigerSharkEntityForge=300, ShortfinMakoSharkEntityForge=300, TigerSharkEntityForge=300}	11	{action_escape=164, action_feed=772, action_habitat=33, action_social=19, bounded_living_scans=4128, death_AmericanLobsterEntityForge_mob_by_BlacktipReefSharkEntityForge=3, death_AmericanLobsterEntityForge_mob_by_CommonStingrayEntityForge=9, death_AmericanLobsterEntityForge_mob_by_GreatHammerheadSharkEntityForge=1, death_AmericanLobsterEntityForge_mob_by_SandtigerSharkEntityForge=1, death_AtlanticCodEntityForge_mob_by_BlacktipReefSharkEntityForge=5, death_AtlanticCodEntityForge_mob_by_CommonThresherSharkEntityForge=4, death_AtlanticCodEntityForge_mob_by_GreatHammerheadSharkEntityForge=1, death_AtlanticCodEntityForge_mob_by_GreatWhiteSharkEntityForge=1, death_AtlanticCodEntityForge_mob_by_OceanicWhitetipSharkEntityForge=2, death_AtlanticCodEntityForge_mob_by_SandtigerSharkEntityForge=3, death_AtlanticCodEntityForge_mob_by_TigerSharkEntityForge=1, death_AtlanticSalmonEntityForge_mob_by_BlacktipReefSharkEntityForge=4, death_AtlanticSalmonEntityForge_mob_by_OceanicWhitetipSharkEntityForge=3, death_AtlanticSalmonEntityForge_mob_by_ShortfinMakoSharkEntityForge=1, death_AtlanticSalmonEntityForge_mob_by_TigerSharkEntityForge=2, death_BlackSeaNettleJellyfishEntityForge_mob_by_GreatWhiteSharkEntityForge=1, death_BlacktipReefSharkEntityForge_mob_by_GreatWhiteSharkEntityForge=1, death_BlacktipReefSharkEntityForge_mob_by_ShortfinMakoSharkEntityForge=2, death_CannonballJellyfishEntityForge_mob_by_GreatWhiteSharkEntityForge=1, death_CannonballJellyfishEntityForge_mob_by_TigerSharkEntityForge=1, death_CaribbeanReefOctopusEntityForge_mob_by_CommonStingrayEntityForge=3, death_CaribbeanReefOctopusEntityForge_mob_by_GreatHammerheadSharkEntityForge=3, death_CommonOctopusEntityForge_mob_by_GreatHammerheadSharkEntityForge=1, death_CommonOctopusEntityForge_mob_by_SandtigerSharkEntityForge=1, death_CommonStingrayEntityForge_mob_by_BlacktipReefSharkEntityForge=3, death_CommonStingrayEntityForge_mob_by_ShortfinMakoSharkEntityForge=1, death_GreenSeaTurtleEntityForge_mob_by_ShortfinMakoSharkEntityForge=1, death_HarborSealEntityForge_mob_by_BlackSeaNettleJellyfishEntityForge=1, death_HarborSealEntityForge_mob_by_GreatWhiteSharkEntityForge=1, death_NautilusEntityForge_mob_by_CommonStingrayEntityForge=4, death_SandtigerSharkEntityForge_mob_by_BlackSeaNettleJellyfishEntityForge=2, living_deaths=68, navigation_calls=60352, sensor_calls=136002}	121	124
30000	1436571968	{AmericanLobsterEntityForge=20, AtlanticCodEntityForge=16, AtlanticSalmonEntityForge=16, BlackSeaNettleJellyfishEntityForge=2, BlacktipReefSharkEntityForge=6, BottlenoseDolphinEntityForge=8, CannonballJellyfishEntityForge=4, CaribbeanReefOctopusEntityForge=4, CommonOctopusEntityForge=6, CommonStingrayEntityForge=6, CommonThresherSharkEntityForge=2, GiantMorayEelEntityForge=8, GreatHammerheadSharkEntityForge=2, GreatWhiteSharkEntityForge=2, GreenSeaTurtleEntityForge=6, HarborSealEntityForge=6, NautilusEntityForge=2, OceanicWhitetipSharkEntityForge=2, OrcaEntityForge=2, SandtigerSharkEntityForge=2, ShortfinMakoSharkEntityForge=2, TigerSharkEntityForge=2}	{AmericanLobsterEntityForge=300, AtlanticCodEntityForge=300, AtlanticSalmonEntityForge=300, BlackSeaNettleJellyfishEntityForge=300, BlacktipReefSharkEntityForge=300, BottlenoseDolphinEntityForge=700, CannonballJellyfishEntityForge=300, CaribbeanReefOctopusEntityForge=300, CommonOctopusEntityForge=300, CommonStingrayEntityForge=300, CommonThresherSharkEntityForge=300, GiantMorayEelEntityForge=300, GreatHammerheadSharkEntityForge=300, GreatWhiteSharkEntityForge=300, GreenSeaTurtleEntityForge=300, HarborSealEntityForge=300, NautilusEntityForge=300, OceanicWhitetipSharkEntityForge=300, OrcaEntityForge=700, SandtigerSharkEntityForge=300, ShortfinMakoSharkEntityForge=300, TigerSharkEntityForge=300}	11	{action_escape=164, action_feed=777, action_habitat=33, action_social=19, bounded_living_scans=4152, death_AmericanLobsterEntityForge_mob_by_BlacktipReefSharkEntityForge=3, death_AmericanLobsterEntityForge_mob_by_CommonStingrayEntityForge=9, death_AmericanLobsterEntityForge_mob_by_GreatHammerheadSharkEntityForge=1, death_AmericanLobsterEntityForge_mob_by_SandtigerSharkEntityForge=1, death_AtlanticCodEntityForge_mob_by_BlacktipReefSharkEntityForge=5, death_AtlanticCodEntityForge_mob_by_CommonThresherSharkEntityForge=4, death_AtlanticCodEntityForge_mob_by_GreatHammerheadSharkEntityForge=1, death_AtlanticCodEntityForge_mob_by_GreatWhiteSharkEntityForge=1, death_AtlanticCodEntityForge_mob_by_OceanicWhitetipSharkEntityForge=2, death_AtlanticCodEntityForge_mob_by_SandtigerSharkEntityForge=3, death_AtlanticCodEntityForge_mob_by_TigerSharkEntityForge=1, death_AtlanticSalmonEntityForge_mob_by_BlacktipReefSharkEntityForge=4, death_AtlanticSalmonEntityForge_mob_by_OceanicWhitetipSharkEntityForge=3, death_AtlanticSalmonEntityForge_mob_by_ShortfinMakoSharkEntityForge=1, death_AtlanticSalmonEntityForge_mob_by_TigerSharkEntityForge=2, death_BlackSeaNettleJellyfishEntityForge_mob_by_GreatWhiteSharkEntityForge=1, death_BlacktipReefSharkEntityForge_mob_by_GreatWhiteSharkEntityForge=1, death_BlacktipReefSharkEntityForge_mob_by_ShortfinMakoSharkEntityForge=2, death_CannonballJellyfishEntityForge_mob_by_GreatWhiteSharkEntityForge=1, death_CannonballJellyfishEntityForge_mob_by_TigerSharkEntityForge=1, death_CaribbeanReefOctopusEntityForge_mob_by_CommonStingrayEntityForge=3, death_CaribbeanReefOctopusEntityForge_mob_by_GreatHammerheadSharkEntityForge=3, death_CommonOctopusEntityForge_mob_by_GreatHammerheadSharkEntityForge=1, death_CommonOctopusEntityForge_mob_by_SandtigerSharkEntityForge=1, death_CommonStingrayEntityForge_mob_by_BlacktipReefSharkEntityForge=3, death_CommonStingrayEntityForge_mob_by_ShortfinMakoSharkEntityForge=1, death_GreenSeaTurtleEntityForge_mob_by_ShortfinMakoSharkEntityForge=1, death_HarborSealEntityForge_mob_by_BlackSeaNettleJellyfishEntityForge=1, death_HarborSealEntityForge_mob_by_GreatWhiteSharkEntityForge=1, death_NautilusEntityForge_mob_by_CommonStingrayEntityForge=4, death_SandtigerSharkEntityForge_mob_by_BlackSeaNettleJellyfishEntityForge=2, living_deaths=68, navigation_calls=60727, sensor_calls=136883}	121	126
30200	1637898560	{AmericanLobsterEntityForge=20, AtlanticCodEntityForge=16, AtlanticSalmonEntityForge=16, BlackSeaNettleJellyfishEntityForge=2, BlacktipReefSharkEntityForge=6, BottlenoseDolphinEntityForge=8, CannonballJellyfishEntityForge=4, CaribbeanReefOctopusEntityForge=4, CommonOctopusEntityForge=6, CommonStingrayEntityForge=6, CommonThresherSharkEntityForge=2, GiantMorayEelEntityForge=8, GreatHammerheadSharkEntityForge=2, GreatWhiteSharkEntityForge=2, GreenSeaTurtleEntityForge=6, HarborSealEntityForge=6, NautilusEntityForge=2, OceanicWhitetipSharkEntityForge=2, OrcaEntityForge=2, SandtigerSharkEntityForge=2, ShortfinMakoSharkEntityForge=2, TigerSharkEntityForge=2}	{AmericanLobsterEntityForge=300, AtlanticCodEntityForge=300, AtlanticSalmonEntityForge=300, BlackSeaNettleJellyfishEntityForge=300, BlacktipReefSharkEntityForge=300, BottlenoseDolphinEntityForge=700, CannonballJellyfishEntityForge=300, CaribbeanReefOctopusEntityForge=300, CommonOctopusEntityForge=300, CommonStingrayEntityForge=300, CommonThresherSharkEntityForge=300, GiantMorayEelEntityForge=300, GreatHammerheadSharkEntityForge=300, GreatWhiteSharkEntityForge=300, GreenSeaTurtleEntityForge=300, HarborSealEntityForge=300, NautilusEntityForge=300, OceanicWhitetipSharkEntityForge=300, OrcaEntityForge=700, SandtigerSharkEntityForge=300, ShortfinMakoSharkEntityForge=300, TigerSharkEntityForge=300}	11	{action_escape=165, action_feed=780, action_habitat=33, action_social=20, bounded_living_scans=4180, death_AmericanLobsterEntityForge_mob_by_BlacktipReefSharkEntityForge=3, death_AmericanLobsterEntityForge_mob_by_CommonStingrayEntityForge=9, death_AmericanLobsterEntityForge_mob_by_GreatHammerheadSharkEntityForge=1, death_AmericanLobsterEntityForge_mob_by_SandtigerSharkEntityForge=1, death_AtlanticCodEntityForge_mob_by_BlacktipReefSharkEntityForge=5, death_AtlanticCodEntityForge_mob_by_CommonThresherSharkEntityForge=4, death_AtlanticCodEntityForge_mob_by_GreatHammerheadSharkEntityForge=1, death_AtlanticCodEntityForge_mob_by_GreatWhiteSharkEntityForge=1, death_AtlanticCodEntityForge_mob_by_OceanicWhitetipSharkEntityForge=2, death_AtlanticCodEntityForge_mob_by_SandtigerSharkEntityForge=3, death_AtlanticCodEntityForge_mob_by_TigerSharkEntityForge=1, death_AtlanticSalmonEntityForge_mob_by_BlacktipReefSharkEntityForge=4, death_AtlanticSalmonEntityForge_mob_by_OceanicWhitetipSharkEntityForge=3, death_AtlanticSalmonEntityForge_mob_by_ShortfinMakoSharkEntityForge=1, death_AtlanticSalmonEntityForge_mob_by_TigerSharkEntityForge=2, death_BlackSeaNettleJellyfishEntityForge_mob_by_GreatWhiteSharkEntityForge=1, death_BlacktipReefSharkEntityForge_mob_by_GreatWhiteSharkEntityForge=1, death_BlacktipReefSharkEntityForge_mob_by_ShortfinMakoSharkEntityForge=2, death_CannonballJellyfishEntityForge_mob_by_GreatWhiteSharkEntityForge=1, death_CannonballJellyfishEntityForge_mob_by_TigerSharkEntityForge=1, death_CaribbeanReefOctopusEntityForge_mob_by_CommonStingrayEntityForge=3, death_CaribbeanReefOctopusEntityForge_mob_by_GreatHammerheadSharkEntityForge=3, death_CommonOctopusEntityForge_mob_by_GreatHammerheadSharkEntityForge=1, death_CommonOctopusEntityForge_mob_by_SandtigerSharkEntityForge=1, death_CommonStingrayEntityForge_mob_by_BlacktipReefSharkEntityForge=3, death_CommonStingrayEntityForge_mob_by_ShortfinMakoSharkEntityForge=1, death_GreenSeaTurtleEntityForge_mob_by_ShortfinMakoSharkEntityForge=1, death_HarborSealEntityForge_mob_by_BlackSeaNettleJellyfishEntityForge=1, death_HarborSealEntityForge_mob_by_GreatWhiteSharkEntityForge=1, death_NautilusEntityForge_mob_by_CommonStingrayEntityForge=4, death_SandtigerSharkEntityForge_mob_by_BlackSeaNettleJellyfishEntityForge=2, living_deaths=68, navigation_calls=61171, sensor_calls=137828}	121	126
30400	555043032	{AmericanLobsterEntityForge=20, AtlanticCodEntityForge=16, AtlanticSalmonEntityForge=16, BlackSeaNettleJellyfishEntityForge=2, BlacktipReefSharkEntityForge=6, BottlenoseDolphinEntityForge=8, CannonballJellyfishEntityForge=4, CaribbeanReefOctopusEntityForge=4, CommonOctopusEntityForge=6, CommonStingrayEntityForge=6, CommonThresherSharkEntityForge=2, GiantMorayEelEntityForge=8, GreatHammerheadSharkEntityForge=2, GreatWhiteSharkEntityForge=2, GreenSeaTurtleEntityForge=6, HarborSealEntityForge=6, NautilusEntityForge=2, OceanicWhitetipSharkEntityForge=2, OrcaEntityForge=2, SandtigerSharkEntityForge=2, ShortfinMakoSharkEntityForge=2, TigerSharkEntityForge=2}	{AmericanLobsterEntityForge=300, AtlanticCodEntityForge=300, AtlanticSalmonEntityForge=300, BlackSeaNettleJellyfishEntityForge=300, BlacktipReefSharkEntityForge=300, BottlenoseDolphinEntityForge=700, CannonballJellyfishEntityForge=300, CaribbeanReefOctopusEntityForge=300, CommonOctopusEntityForge=300, CommonStingrayEntityForge=300, CommonThresherSharkEntityForge=300, GiantMorayEelEntityForge=300, GreatHammerheadSharkEntityForge=300, GreatWhiteSharkEntityForge=300, GreenSeaTurtleEntityForge=300, HarborSealEntityForge=300, NautilusEntityForge=300, OceanicWhitetipSharkEntityForge=300, OrcaEntityForge=700, SandtigerSharkEntityForge=300, ShortfinMakoSharkEntityForge=300, TigerSharkEntityForge=300}	11	{action_escape=167, action_feed=786, action_habitat=34, action_social=20, bounded_living_scans=4207, death_AmericanLobsterEntityForge_mob_by_BlacktipReefSharkEntityForge=3, death_AmericanLobsterEntityForge_mob_by_CommonStingrayEntityForge=9, death_AmericanLobsterEntityForge_mob_by_GreatHammerheadSharkEntityForge=1, death_AmericanLobsterEntityForge_mob_by_SandtigerSharkEntityForge=1, death_AtlanticCodEntityForge_mob_by_BlacktipReefSharkEntityForge=5, death_AtlanticCodEntityForge_mob_by_CommonThresherSharkEntityForge=4, death_AtlanticCodEntityForge_mob_by_GreatHammerheadSharkEntityForge=1, death_AtlanticCodEntityForge_mob_by_GreatWhiteSharkEntityForge=1, death_AtlanticCodEntityForge_mob_by_OceanicWhitetipSharkEntityForge=2, death_AtlanticCodEntityForge_mob_by_SandtigerSharkEntityForge=3, death_AtlanticCodEntityForge_mob_by_TigerSharkEntityForge=1, death_AtlanticSalmonEntityForge_mob_by_BlacktipReefSharkEntityForge=4, death_AtlanticSalmonEntityForge_mob_by_OceanicWhitetipSharkEntityForge=3, death_AtlanticSalmonEntityForge_mob_by_ShortfinMakoSharkEntityForge=1, death_AtlanticSalmonEntityForge_mob_by_TigerSharkEntityForge=2, death_BlackSeaNettleJellyfishEntityForge_mob_by_GreatWhiteSharkEntityForge=1, death_BlacktipReefSharkEntityForge_mob_by_GreatWhiteSharkEntityForge=1, death_BlacktipReefSharkEntityForge_mob_by_ShortfinMakoSharkEntityForge=2, death_CannonballJellyfishEntityForge_mob_by_GreatWhiteSharkEntityForge=1, death_CannonballJellyfishEntityForge_mob_by_TigerSharkEntityForge=1, death_CaribbeanReefOctopusEntityForge_mob_by_CommonStingrayEntityForge=3, death_CaribbeanReefOctopusEntityForge_mob_by_GreatHammerheadSharkEntityForge=3, death_CommonOctopusEntityForge_mob_by_GreatHammerheadSharkEntityForge=1, death_CommonOctopusEntityForge_mob_by_SandtigerSharkEntityForge=1, death_CommonStingrayEntityForge_mob_by_BlacktipReefSharkEntityForge=3, death_CommonStingrayEntityForge_mob_by_ShortfinMakoSharkEntityForge=1, death_GreenSeaTurtleEntityForge_mob_by_ShortfinMakoSharkEntityForge=1, death_HarborSealEntityForge_mob_by_BlackSeaNettleJellyfishEntityForge=1, death_HarborSealEntityForge_mob_by_GreatWhiteSharkEntityForge=1, death_NautilusEntityForge_mob_by_CommonStingrayEntityForge=4, death_SandtigerSharkEntityForge_mob_by_BlackSeaNettleJellyfishEntityForge=2, living_deaths=68, navigation_calls=61597, sensor_calls=138709}	124	126
30600	759515352	{AmericanLobsterEntityForge=20, AtlanticCodEntityForge=15, AtlanticSalmonEntityForge=16, BlackSeaNettleJellyfishEntityForge=2, BlacktipReefSharkEntityForge=6, BottlenoseDolphinEntityForge=8, CannonballJellyfishEntityForge=4, CaribbeanReefOctopusEntityForge=4, CommonOctopusEntityForge=6, CommonStingrayEntityForge=6, CommonThresherSharkEntityForge=2, GiantMorayEelEntityForge=8, GreatHammerheadSharkEntityForge=2, GreatWhiteSharkEntityForge=2, GreenSeaTurtleEntityForge=6, HarborSealEntityForge=6, NautilusEntityForge=2, OceanicWhitetipSharkEntityForge=2, OrcaEntityForge=2, SandtigerSharkEntityForge=2, ShortfinMakoSharkEntityForge=2, TigerSharkEntityForge=2}	{AmericanLobsterEntityForge=300, AtlanticCodEntityForge=300, AtlanticSalmonEntityForge=300, BlackSeaNettleJellyfishEntityForge=300, BlacktipReefSharkEntityForge=300, BottlenoseDolphinEntityForge=700, CannonballJellyfishEntityForge=300, CaribbeanReefOctopusEntityForge=300, CommonOctopusEntityForge=300, CommonStingrayEntityForge=300, CommonThresherSharkEntityForge=300, GiantMorayEelEntityForge=300, GreatHammerheadSharkEntityForge=300, GreatWhiteSharkEntityForge=300, GreenSeaTurtleEntityForge=300, HarborSealEntityForge=300, NautilusEntityForge=300, OceanicWhitetipSharkEntityForge=300, OrcaEntityForge=700, SandtigerSharkEntityForge=300, ShortfinMakoSharkEntityForge=300, TigerSharkEntityForge=300}	11	{action_escape=167, action_feed=794, action_habitat=34, action_social=20, bounded_living_scans=4239, death_AmericanLobsterEntityForge_mob_by_BlacktipReefSharkEntityForge=3, death_AmericanLobsterEntityForge_mob_by_CommonStingrayEntityForge=9, death_AmericanLobsterEntityForge_mob_by_GreatHammerheadSharkEntityForge=1, death_AmericanLobsterEntityForge_mob_by_SandtigerSharkEntityForge=1, death_AtlanticCodEntityForge_mob_by_BlacktipReefSharkEntityForge=5, death_AtlanticCodEntityForge_mob_by_CommonThresherSharkEntityForge=5, death_AtlanticCodEntityForge_mob_by_GreatHammerheadSharkEntityForge=1, death_AtlanticCodEntityForge_mob_by_GreatWhiteSharkEntityForge=1, death_AtlanticCodEntityForge_mob_by_OceanicWhitetipSharkEntityForge=2, death_AtlanticCodEntityForge_mob_by_SandtigerSharkEntityForge=3, death_AtlanticCodEntityForge_mob_by_TigerSharkEntityForge=1, death_AtlanticSalmonEntityForge_mob_by_BlacktipReefSharkEntityForge=4, death_AtlanticSalmonEntityForge_mob_by_OceanicWhitetipSharkEntityForge=3, death_AtlanticSalmonEntityForge_mob_by_ShortfinMakoSharkEntityForge=1, death_AtlanticSalmonEntityForge_mob_by_TigerSharkEntityForge=2, death_BlackSeaNettleJellyfishEntityForge_mob_by_GreatWhiteSharkEntityForge=1, death_BlacktipReefSharkEntityForge_mob_by_GreatWhiteSharkEntityForge=1, death_BlacktipReefSharkEntityForge_mob_by_ShortfinMakoSharkEntityForge=2, death_CannonballJellyfishEntityForge_mob_by_GreatWhiteSharkEntityForge=1, death_CannonballJellyfishEntityForge_mob_by_TigerSharkEntityForge=1, death_CaribbeanReefOctopusEntityForge_mob_by_CommonStingrayEntityForge=3, death_CaribbeanReefOctopusEntityForge_mob_by_GreatHammerheadSharkEntityForge=3, death_CommonOctopusEntityForge_mob_by_GreatHammerheadSharkEntityForge=1, death_CommonOctopusEntityForge_mob_by_SandtigerSharkEntityForge=1, death_CommonStingrayEntityForge_mob_by_BlacktipReefSharkEntityForge=3, death_CommonStingrayEntityForge_mob_by_ShortfinMakoSharkEntityForge=1, death_GreenSeaTurtleEntityForge_mob_by_ShortfinMakoSharkEntityForge=1, death_HarborSealEntityForge_mob_by_BlackSeaNettleJellyfishEntityForge=1, death_HarborSealEntityForge_mob_by_GreatWhiteSharkEntityForge=1, death_NautilusEntityForge_mob_by_CommonStingrayEntityForge=4, death_SandtigerSharkEntityForge_mob_by_BlackSeaNettleJellyfishEntityForge=2, living_deaths=69, navigation_calls=62053, sensor_calls=139655}	122	125
30800	951404760	{AmericanLobsterEntityForge=20, AtlanticCodEntityForge=16, AtlanticSalmonEntityForge=16, BlackSeaNettleJellyfishEntityForge=2, BlacktipReefSharkEntityForge=6, BottlenoseDolphinEntityForge=8, CannonballJellyfishEntityForge=4, CaribbeanReefOctopusEntityForge=4, CommonOctopusEntityForge=6, CommonStingrayEntityForge=6, CommonThresherSharkEntityForge=2, GiantMorayEelEntityForge=8, GreatHammerheadSharkEntityForge=2, GreatWhiteSharkEntityForge=2, GreenSeaTurtleEntityForge=6, HarborSealEntityForge=6, NautilusEntityForge=2, OceanicWhitetipSharkEntityForge=2, OrcaEntityForge=2, SandtigerSharkEntityForge=2, ShortfinMakoSharkEntityForge=2, TigerSharkEntityForge=2}	{AmericanLobsterEntityForge=300, AtlanticCodEntityForge=300, AtlanticSalmonEntityForge=300, BlackSeaNettleJellyfishEntityForge=300, BlacktipReefSharkEntityForge=300, BottlenoseDolphinEntityForge=700, CannonballJellyfishEntityForge=300, CaribbeanReefOctopusEntityForge=300, CommonOctopusEntityForge=300, CommonStingrayEntityForge=300, CommonThresherSharkEntityForge=300, GiantMorayEelEntityForge=300, GreatHammerheadSharkEntityForge=300, GreatWhiteSharkEntityForge=298, GreenSeaTurtleEntityForge=300, HarborSealEntityForge=300, NautilusEntityForge=300, OceanicWhitetipSharkEntityForge=300, OrcaEntityForge=700, SandtigerSharkEntityForge=300, ShortfinMakoSharkEntityForge=300, TigerSharkEntityForge=300}	11	{action_escape=170, action_feed=796, action_habitat=34, action_social=20, bounded_living_scans=4263, death_AmericanLobsterEntityForge_mob_by_BlacktipReefSharkEntityForge=3, death_AmericanLobsterEntityForge_mob_by_CommonStingrayEntityForge=9, death_AmericanLobsterEntityForge_mob_by_GreatHammerheadSharkEntityForge=1, death_AmericanLobsterEntityForge_mob_by_SandtigerSharkEntityForge=1, death_AtlanticCodEntityForge_mob_by_BlacktipReefSharkEntityForge=5, death_AtlanticCodEntityForge_mob_by_CommonThresherSharkEntityForge=5, death_AtlanticCodEntityForge_mob_by_GreatHammerheadSharkEntityForge=1, death_AtlanticCodEntityForge_mob_by_GreatWhiteSharkEntityForge=1, death_AtlanticCodEntityForge_mob_by_OceanicWhitetipSharkEntityForge=2, death_AtlanticCodEntityForge_mob_by_SandtigerSharkEntityForge=3, death_AtlanticCodEntityForge_mob_by_TigerSharkEntityForge=1, death_AtlanticSalmonEntityForge_mob_by_BlacktipReefSharkEntityForge=4, death_AtlanticSalmonEntityForge_mob_by_OceanicWhitetipSharkEntityForge=3, death_AtlanticSalmonEntityForge_mob_by_ShortfinMakoSharkEntityForge=1, death_AtlanticSalmonEntityForge_mob_by_TigerSharkEntityForge=2, death_BlackSeaNettleJellyfishEntityForge_mob_by_GreatWhiteSharkEntityForge=1, death_BlacktipReefSharkEntityForge_mob_by_GreatWhiteSharkEntityForge=1, death_BlacktipReefSharkEntityForge_mob_by_ShortfinMakoSharkEntityForge=2, death_CannonballJellyfishEntityForge_mob_by_GreatWhiteSharkEntityForge=1, death_CannonballJellyfishEntityForge_mob_by_TigerSharkEntityForge=1, death_CaribbeanReefOctopusEntityForge_mob_by_CommonStingrayEntityForge=3, death_CaribbeanReefOctopusEntityForge_mob_by_GreatHammerheadSharkEntityForge=3, death_CommonOctopusEntityForge_mob_by_GreatHammerheadSharkEntityForge=1, death_CommonOctopusEntityForge_mob_by_SandtigerSharkEntityForge=1, death_CommonStingrayEntityForge_mob_by_BlacktipReefSharkEntityForge=3, death_CommonStingrayEntityForge_mob_by_ShortfinMakoSharkEntityForge=1, death_GreenSeaTurtleEntityForge_mob_by_ShortfinMakoSharkEntityForge=1, death_HarborSealEntityForge_mob_by_BlackSeaNettleJellyfishEntityForge=1, death_HarborSealEntityForge_mob_by_GreatWhiteSharkEntityForge=1, death_NautilusEntityForge_mob_by_CommonStingrayEntityForge=4, death_SandtigerSharkEntityForge_mob_by_BlackSeaNettleJellyfishEntityForge=2, living_deaths=69, navigation_calls=62488, sensor_calls=140536}	119	126
31000	1151682776	{AmericanLobsterEntityForge=20, AtlanticCodEntityForge=16, AtlanticSalmonEntityForge=16, BlackSeaNettleJellyfishEntityForge=2, BlacktipReefSharkEntityForge=6, BottlenoseDolphinEntityForge=8, CannonballJellyfishEntityForge=4, CaribbeanReefOctopusEntityForge=4, CommonOctopusEntityForge=6, CommonStingrayEntityForge=6, CommonThresherSharkEntityForge=2, GiantMorayEelEntityForge=8, GreatHammerheadSharkEntityForge=2, GreatWhiteSharkEntityForge=2, GreenSeaTurtleEntityForge=6, HarborSealEntityForge=6, NautilusEntityForge=2, OceanicWhitetipSharkEntityForge=2, OrcaEntityForge=2, SandtigerSharkEntityForge=2, ShortfinMakoSharkEntityForge=2, TigerSharkEntityForge=2}	{AmericanLobsterEntityForge=300, AtlanticCodEntityForge=300, AtlanticSalmonEntityForge=300, BlackSeaNettleJellyfishEntityForge=300, BlacktipReefSharkEntityForge=300, BottlenoseDolphinEntityForge=700, CannonballJellyfishEntityForge=300, CaribbeanReefOctopusEntityForge=300, CommonOctopusEntityForge=300, CommonStingrayEntityForge=300, CommonThresherSharkEntityForge=300, GiantMorayEelEntityForge=300, GreatHammerheadSharkEntityForge=300, GreatWhiteSharkEntityForge=300, GreenSeaTurtleEntityForge=300, HarborSealEntityForge=300, NautilusEntityForge=300, OceanicWhitetipSharkEntityForge=300, OrcaEntityForge=700, SandtigerSharkEntityForge=300, ShortfinMakoSharkEntityForge=300, TigerSharkEntityForge=300}	11	{action_escape=170, action_feed=804, action_habitat=35, action_social=20, bounded_living_scans=4294, death_AmericanLobsterEntityForge_mob_by_BlacktipReefSharkEntityForge=3, death_AmericanLobsterEntityForge_mob_by_CommonStingrayEntityForge=9, death_AmericanLobsterEntityForge_mob_by_GreatHammerheadSharkEntityForge=1, death_AmericanLobsterEntityForge_mob_by_SandtigerSharkEntityForge=1, death_AtlanticCodEntityForge_mob_by_BlacktipReefSharkEntityForge=5, death_AtlanticCodEntityForge_mob_by_CommonThresherSharkEntityForge=5, death_AtlanticCodEntityForge_mob_by_GreatHammerheadSharkEntityForge=1, death_AtlanticCodEntityForge_mob_by_GreatWhiteSharkEntityForge=1, death_AtlanticCodEntityForge_mob_by_OceanicWhitetipSharkEntityForge=2, death_AtlanticCodEntityForge_mob_by_SandtigerSharkEntityForge=3, death_AtlanticCodEntityForge_mob_by_TigerSharkEntityForge=1, death_AtlanticSalmonEntityForge_mob_by_BlacktipReefSharkEntityForge=4, death_AtlanticSalmonEntityForge_mob_by_OceanicWhitetipSharkEntityForge=3, death_AtlanticSalmonEntityForge_mob_by_ShortfinMakoSharkEntityForge=1, death_AtlanticSalmonEntityForge_mob_by_TigerSharkEntityForge=2, death_BlackSeaNettleJellyfishEntityForge_mob_by_GreatWhiteSharkEntityForge=1, death_BlacktipReefSharkEntityForge_mob_by_GreatWhiteSharkEntityForge=1, death_BlacktipReefSharkEntityForge_mob_by_ShortfinMakoSharkEntityForge=2, death_CannonballJellyfishEntityForge_mob_by_GreatWhiteSharkEntityForge=1, death_CannonballJellyfishEntityForge_mob_by_TigerSharkEntityForge=1, death_CaribbeanReefOctopusEntityForge_mob_by_CommonStingrayEntityForge=3, death_CaribbeanReefOctopusEntityForge_mob_by_GreatHammerheadSharkEntityForge=3, death_CommonOctopusEntityForge_mob_by_GreatHammerheadSharkEntityForge=1, death_CommonOctopusEntityForge_mob_by_SandtigerSharkEntityForge=1, death_CommonStingrayEntityForge_mob_by_BlacktipReefSharkEntityForge=3, death_CommonStingrayEntityForge_mob_by_ShortfinMakoSharkEntityForge=1, death_GreenSeaTurtleEntityForge_mob_by_ShortfinMakoSharkEntityForge=1, death_HarborSealEntityForge_mob_by_BlackSeaNettleJellyfishEntityForge=1, death_HarborSealEntityForge_mob_by_GreatWhiteSharkEntityForge=1, death_NautilusEntityForge_mob_by_CommonStingrayEntityForge=4, death_SandtigerSharkEntityForge_mob_by_BlackSeaNettleJellyfishEntityForge=2, living_deaths=69, navigation_calls=62946, sensor_calls=141481}	122	126
31200	1346717912	{AmericanLobsterEntityForge=20, AtlanticCodEntityForge=16, AtlanticSalmonEntityForge=16, BlackSeaNettleJellyfishEntityForge=2, BlacktipReefSharkEntityForge=6, BottlenoseDolphinEntityForge=8, CannonballJellyfishEntityForge=4, CaribbeanReefOctopusEntityForge=4, CommonOctopusEntityForge=6, CommonStingrayEntityForge=6, CommonThresherSharkEntityForge=2, GiantMorayEelEntityForge=8, GreatHammerheadSharkEntityForge=2, GreatWhiteSharkEntityForge=2, GreenSeaTurtleEntityForge=6, HarborSealEntityForge=6, NautilusEntityForge=2, OceanicWhitetipSharkEntityForge=2, OrcaEntityForge=2, SandtigerSharkEntityForge=2, ShortfinMakoSharkEntityForge=2, TigerSharkEntityForge=2}	{AmericanLobsterEntityForge=300, AtlanticCodEntityForge=300, AtlanticSalmonEntityForge=300, BlackSeaNettleJellyfishEntityForge=300, BlacktipReefSharkEntityForge=300, BottlenoseDolphinEntityForge=700, CannonballJellyfishEntityForge=300, CaribbeanReefOctopusEntityForge=300, CommonOctopusEntityForge=300, CommonStingrayEntityForge=300, CommonThresherSharkEntityForge=300, GiantMorayEelEntityForge=300, GreatHammerheadSharkEntityForge=300, GreatWhiteSharkEntityForge=300, GreenSeaTurtleEntityForge=300, HarborSealEntityForge=300, NautilusEntityForge=300, OceanicWhitetipSharkEntityForge=300, OrcaEntityForge=700, SandtigerSharkEntityForge=300, ShortfinMakoSharkEntityForge=300, TigerSharkEntityForge=300}	11	{action_escape=172, action_feed=807, action_habitat=35, action_social=20, bounded_living_scans=4315, death_AmericanLobsterEntityForge_mob_by_BlacktipReefSharkEntityForge=3, death_AmericanLobsterEntityForge_mob_by_CommonStingrayEntityForge=9, death_AmericanLobsterEntityForge_mob_by_GreatHammerheadSharkEntityForge=1, death_AmericanLobsterEntityForge_mob_by_SandtigerSharkEntityForge=1, death_AtlanticCodEntityForge_mob_by_BlacktipReefSharkEntityForge=5, death_AtlanticCodEntityForge_mob_by_CommonThresherSharkEntityForge=5, death_AtlanticCodEntityForge_mob_by_GreatHammerheadSharkEntityForge=1, death_AtlanticCodEntityForge_mob_by_GreatWhiteSharkEntityForge=1, death_AtlanticCodEntityForge_mob_by_OceanicWhitetipSharkEntityForge=2, death_AtlanticCodEntityForge_mob_by_SandtigerSharkEntityForge=3, death_AtlanticCodEntityForge_mob_by_TigerSharkEntityForge=1, death_AtlanticSalmonEntityForge_mob_by_BlacktipReefSharkEntityForge=4, death_AtlanticSalmonEntityForge_mob_by_OceanicWhitetipSharkEntityForge=3, death_AtlanticSalmonEntityForge_mob_by_ShortfinMakoSharkEntityForge=1, death_AtlanticSalmonEntityForge_mob_by_TigerSharkEntityForge=2, death_BlackSeaNettleJellyfishEntityForge_mob_by_GreatWhiteSharkEntityForge=1, death_BlacktipReefSharkEntityForge_mob_by_GreatWhiteSharkEntityForge=1, death_BlacktipReefSharkEntityForge_mob_by_ShortfinMakoSharkEntityForge=2, death_CannonballJellyfishEntityForge_mob_by_GreatWhiteSharkEntityForge=1, death_CannonballJellyfishEntityForge_mob_by_TigerSharkEntityForge=1, death_CaribbeanReefOctopusEntityForge_mob_by_CommonStingrayEntityForge=3, death_CaribbeanReefOctopusEntityForge_mob_by_GreatHammerheadSharkEntityForge=3, death_CommonOctopusEntityForge_mob_by_GreatHammerheadSharkEntityForge=1, death_CommonOctopusEntityForge_mob_by_SandtigerSharkEntityForge=1, death_CommonStingrayEntityForge_mob_by_BlacktipReefSharkEntityForge=3, death_CommonStingrayEntityForge_mob_by_ShortfinMakoSharkEntityForge=1, death_GreenSeaTurtleEntityForge_mob_by_ShortfinMakoSharkEntityForge=1, death_HarborSealEntityForge_mob_by_BlackSeaNettleJellyfishEntityForge=1, death_HarborSealEntityForge_mob_by_GreatWhiteSharkEntityForge=1, death_NautilusEntityForge_mob_by_CommonStingrayEntityForge=4, death_SandtigerSharkEntityForge_mob_by_BlackSeaNettleJellyfishEntityForge=2, living_deaths=69, navigation_calls=63358, sensor_calls=142361}	122	126
31400	1542801624	{AmericanLobsterEntityForge=20, AtlanticCodEntityForge=16, AtlanticSalmonEntityForge=16, BlackSeaNettleJellyfishEntityForge=2, BlacktipReefSharkEntityForge=6, BottlenoseDolphinEntityForge=8, CannonballJellyfishEntityForge=4, CaribbeanReefOctopusEntityForge=4, CommonOctopusEntityForge=6, CommonStingrayEntityForge=6, CommonThresherSharkEntityForge=2, GiantMorayEelEntityForge=8, GreatHammerheadSharkEntityForge=2, GreatWhiteSharkEntityForge=2, GreenSeaTurtleEntityForge=6, HarborSealEntityForge=6, NautilusEntityForge=2, OceanicWhitetipSharkEntityForge=2, OrcaEntityForge=2, SandtigerSharkEntityForge=2, ShortfinMakoSharkEntityForge=2, TigerSharkEntityForge=2}	{AmericanLobsterEntityForge=300, AtlanticCodEntityForge=300, AtlanticSalmonEntityForge=300, BlackSeaNettleJellyfishEntityForge=300, BlacktipReefSharkEntityForge=300, BottlenoseDolphinEntityForge=700, CannonballJellyfishEntityForge=300, CaribbeanReefOctopusEntityForge=300, CommonOctopusEntityForge=300, CommonStingrayEntityForge=300, CommonThresherSharkEntityForge=300, GiantMorayEelEntityForge=300, GreatHammerheadSharkEntityForge=300, GreatWhiteSharkEntityForge=298, GreenSeaTurtleEntityForge=300, HarborSealEntityForge=300, NautilusEntityForge=300, OceanicWhitetipSharkEntityForge=300, OrcaEntityForge=700, SandtigerSharkEntityForge=300, ShortfinMakoSharkEntityForge=300, TigerSharkEntityForge=300}	11	{action_escape=174, action_feed=809, action_habitat=35, action_social=20, bounded_living_scans=4343, death_AmericanLobsterEntityForge_mob_by_BlacktipReefSharkEntityForge=3, death_AmericanLobsterEntityForge_mob_by_CommonStingrayEntityForge=9, death_AmericanLobsterEntityForge_mob_by_GreatHammerheadSharkEntityForge=1, death_AmericanLobsterEntityForge_mob_by_SandtigerSharkEntityForge=1, death_AtlanticCodEntityForge_mob_by_BlacktipReefSharkEntityForge=5, death_AtlanticCodEntityForge_mob_by_CommonThresherSharkEntityForge=5, death_AtlanticCodEntityForge_mob_by_GreatHammerheadSharkEntityForge=1, death_AtlanticCodEntityForge_mob_by_GreatWhiteSharkEntityForge=1, death_AtlanticCodEntityForge_mob_by_OceanicWhitetipSharkEntityForge=2, death_AtlanticCodEntityForge_mob_by_SandtigerSharkEntityForge=3, death_AtlanticCodEntityForge_mob_by_TigerSharkEntityForge=1, death_AtlanticSalmonEntityForge_mob_by_BlacktipReefSharkEntityForge=4, death_AtlanticSalmonEntityForge_mob_by_OceanicWhitetipSharkEntityForge=3, death_AtlanticSalmonEntityForge_mob_by_ShortfinMakoSharkEntityForge=1, death_AtlanticSalmonEntityForge_mob_by_TigerSharkEntityForge=2, death_BlackSeaNettleJellyfishEntityForge_mob_by_GreatWhiteSharkEntityForge=1, death_BlacktipReefSharkEntityForge_mob_by_GreatWhiteSharkEntityForge=1, death_BlacktipReefSharkEntityForge_mob_by_ShortfinMakoSharkEntityForge=2, death_CannonballJellyfishEntityForge_mob_by_GreatWhiteSharkEntityForge=1, death_CannonballJellyfishEntityForge_mob_by_TigerSharkEntityForge=1, death_CaribbeanReefOctopusEntityForge_mob_by_CommonStingrayEntityForge=3, death_CaribbeanReefOctopusEntityForge_mob_by_GreatHammerheadSharkEntityForge=3, death_CommonOctopusEntityForge_mob_by_GreatHammerheadSharkEntityForge=1, death_CommonOctopusEntityForge_mob_by_SandtigerSharkEntityForge=1, death_CommonStingrayEntityForge_mob_by_BlacktipReefSharkEntityForge=3, death_CommonStingrayEntityForge_mob_by_ShortfinMakoSharkEntityForge=1, death_GreenSeaTurtleEntityForge_mob_by_ShortfinMakoSharkEntityForge=1, death_HarborSealEntityForge_mob_by_BlackSeaNettleJellyfishEntityForge=1, death_HarborSealEntityForge_mob_by_GreatWhiteSharkEntityForge=1, death_NautilusEntityForge_mob_by_CommonStingrayEntityForge=4, death_SandtigerSharkEntityForge_mob_by_BlackSeaNettleJellyfishEntityForge=2, living_deaths=69, navigation_calls=63797, sensor_calls=143306}	120	126
31600	454145808	{AmericanLobsterEntityForge=20, AtlanticCodEntityForge=16, AtlanticSalmonEntityForge=16, BlackSeaNettleJellyfishEntityForge=2, BlacktipReefSharkEntityForge=6, BottlenoseDolphinEntityForge=8, CannonballJellyfishEntityForge=4, CaribbeanReefOctopusEntityForge=4, CommonOctopusEntityForge=6, CommonStingrayEntityForge=6, CommonThresherSharkEntityForge=2, GiantMorayEelEntityForge=8, GreatHammerheadSharkEntityForge=2, GreatWhiteSharkEntityForge=2, GreenSeaTurtleEntityForge=6, HarborSealEntityForge=6, NautilusEntityForge=2, OceanicWhitetipSharkEntityForge=2, OrcaEntityForge=2, SandtigerSharkEntityForge=2, ShortfinMakoSharkEntityForge=2, TigerSharkEntityForge=2}	{AmericanLobsterEntityForge=300, AtlanticCodEntityForge=300, AtlanticSalmonEntityForge=300, BlackSeaNettleJellyfishEntityForge=300, BlacktipReefSharkEntityForge=300, BottlenoseDolphinEntityForge=700, CannonballJellyfishEntityForge=300, CaribbeanReefOctopusEntityForge=300, CommonOctopusEntityForge=300, CommonStingrayEntityForge=300, CommonThresherSharkEntityForge=300, GiantMorayEelEntityForge=300, GreatHammerheadSharkEntityForge=300, GreatWhiteSharkEntityForge=300, GreenSeaTurtleEntityForge=300, HarborSealEntityForge=300, NautilusEntityForge=300, OceanicWhitetipSharkEntityForge=300, OrcaEntityForge=700, SandtigerSharkEntityForge=300, ShortfinMakoSharkEntityForge=300, TigerSharkEntityForge=300}	11	{action_escape=174, action_feed=813, action_habitat=35, action_social=20, bounded_living_scans=4365, death_AmericanLobsterEntityForge_mob_by_BlacktipReefSharkEntityForge=3, death_AmericanLobsterEntityForge_mob_by_CommonStingrayEntityForge=9, death_AmericanLobsterEntityForge_mob_by_GreatHammerheadSharkEntityForge=1, death_AmericanLobsterEntityForge_mob_by_SandtigerSharkEntityForge=1, death_AtlanticCodEntityForge_mob_by_BlacktipReefSharkEntityForge=5, death_AtlanticCodEntityForge_mob_by_CommonThresherSharkEntityForge=5, death_AtlanticCodEntityForge_mob_by_GreatHammerheadSharkEntityForge=1, death_AtlanticCodEntityForge_mob_by_GreatWhiteSharkEntityForge=1, death_AtlanticCodEntityForge_mob_by_OceanicWhitetipSharkEntityForge=2, death_AtlanticCodEntityForge_mob_by_SandtigerSharkEntityForge=3, death_AtlanticCodEntityForge_mob_by_TigerSharkEntityForge=1, death_AtlanticSalmonEntityForge_mob_by_BlacktipReefSharkEntityForge=4, death_AtlanticSalmonEntityForge_mob_by_OceanicWhitetipSharkEntityForge=3, death_AtlanticSalmonEntityForge_mob_by_ShortfinMakoSharkEntityForge=1, death_AtlanticSalmonEntityForge_mob_by_TigerSharkEntityForge=2, death_BlackSeaNettleJellyfishEntityForge_mob_by_GreatWhiteSharkEntityForge=1, death_BlacktipReefSharkEntityForge_mob_by_GreatWhiteSharkEntityForge=1, death_BlacktipReefSharkEntityForge_mob_by_ShortfinMakoSharkEntityForge=2, death_CannonballJellyfishEntityForge_mob_by_GreatWhiteSharkEntityForge=1, death_CannonballJellyfishEntityForge_mob_by_TigerSharkEntityForge=1, death_CaribbeanReefOctopusEntityForge_mob_by_CommonStingrayEntityForge=3, death_CaribbeanReefOctopusEntityForge_mob_by_GreatHammerheadSharkEntityForge=3, death_CommonOctopusEntityForge_mob_by_GreatHammerheadSharkEntityForge=1, death_CommonOctopusEntityForge_mob_by_SandtigerSharkEntityForge=1, death_CommonStingrayEntityForge_mob_by_BlacktipReefSharkEntityForge=3, death_CommonStingrayEntityForge_mob_by_ShortfinMakoSharkEntityForge=1, death_GreenSeaTurtleEntityForge_mob_by_ShortfinMakoSharkEntityForge=1, death_HarborSealEntityForge_mob_by_BlackSeaNettleJellyfishEntityForge=1, death_HarborSealEntityForge_mob_by_GreatWhiteSharkEntityForge=1, death_NautilusEntityForge_mob_by_CommonStingrayEntityForge=4, death_SandtigerSharkEntityForge_mob_by_BlackSeaNettleJellyfishEntityForge=2, living_deaths=69, navigation_calls=64248, sensor_calls=144186}	123	126
31800	646035216	{AmericanLobsterEntityForge=20, AtlanticCodEntityForge=16, AtlanticSalmonEntityForge=16, BlackSeaNettleJellyfishEntityForge=2, BlacktipReefSharkEntityForge=6, BottlenoseDolphinEntityForge=8, CannonballJellyfishEntityForge=4, CaribbeanReefOctopusEntityForge=4, CommonOctopusEntityForge=6, CommonStingrayEntityForge=6, CommonThresherSharkEntityForge=2, GiantMorayEelEntityForge=8, GreatHammerheadSharkEntityForge=2, GreatWhiteSharkEntityForge=2, GreenSeaTurtleEntityForge=6, HarborSealEntityForge=6, NautilusEntityForge=2, OceanicWhitetipSharkEntityForge=2, OrcaEntityForge=2, SandtigerSharkEntityForge=2, ShortfinMakoSharkEntityForge=2, TigerSharkEntityForge=2}	{AmericanLobsterEntityForge=300, AtlanticCodEntityForge=300, AtlanticSalmonEntityForge=300, BlackSeaNettleJellyfishEntityForge=300, BlacktipReefSharkEntityForge=300, BottlenoseDolphinEntityForge=700, CannonballJellyfishEntityForge=300, CaribbeanReefOctopusEntityForge=300, CommonOctopusEntityForge=300, CommonStingrayEntityForge=300, CommonThresherSharkEntityForge=300, GiantMorayEelEntityForge=300, GreatHammerheadSharkEntityForge=300, GreatWhiteSharkEntityForge=300, GreenSeaTurtleEntityForge=300, HarborSealEntityForge=300, NautilusEntityForge=300, OceanicWhitetipSharkEntityForge=300, OrcaEntityForge=700, SandtigerSharkEntityForge=300, ShortfinMakoSharkEntityForge=300, TigerSharkEntityForge=300}	11	{action_escape=176, action_feed=819, action_habitat=35, action_social=20, bounded_living_scans=4397, death_AmericanLobsterEntityForge_mob_by_BlacktipReefSharkEntityForge=3, death_AmericanLobsterEntityForge_mob_by_CommonStingrayEntityForge=9, death_AmericanLobsterEntityForge_mob_by_GreatHammerheadSharkEntityForge=1, death_AmericanLobsterEntityForge_mob_by_SandtigerSharkEntityForge=1, death_AtlanticCodEntityForge_mob_by_BlacktipReefSharkEntityForge=5, death_AtlanticCodEntityForge_mob_by_CommonThresherSharkEntityForge=5, death_AtlanticCodEntityForge_mob_by_GreatHammerheadSharkEntityForge=1, death_AtlanticCodEntityForge_mob_by_GreatWhiteSharkEntityForge=1, death_AtlanticCodEntityForge_mob_by_OceanicWhitetipSharkEntityForge=2, death_AtlanticCodEntityForge_mob_by_SandtigerSharkEntityForge=3, death_AtlanticCodEntityForge_mob_by_TigerSharkEntityForge=1, death_AtlanticSalmonEntityForge_mob_by_BlacktipReefSharkEntityForge=4, death_AtlanticSalmonEntityForge_mob_by_OceanicWhitetipSharkEntityForge=3, death_AtlanticSalmonEntityForge_mob_by_ShortfinMakoSharkEntityForge=1, death_AtlanticSalmonEntityForge_mob_by_TigerSharkEntityForge=2, death_BlackSeaNettleJellyfishEntityForge_mob_by_GreatWhiteSharkEntityForge=1, death_BlacktipReefSharkEntityForge_mob_by_GreatWhiteSharkEntityForge=1, death_BlacktipReefSharkEntityForge_mob_by_ShortfinMakoSharkEntityForge=2, death_CannonballJellyfishEntityForge_mob_by_GreatWhiteSharkEntityForge=1, death_CannonballJellyfishEntityForge_mob_by_TigerSharkEntityForge=1, death_CaribbeanReefOctopusEntityForge_mob_by_CommonStingrayEntityForge=3, death_CaribbeanReefOctopusEntityForge_mob_by_GreatHammerheadSharkEntityForge=3, death_CommonOctopusEntityForge_mob_by_GreatHammerheadSharkEntityForge=1, death_CommonOctopusEntityForge_mob_by_SandtigerSharkEntityForge=1, death_CommonStingrayEntityForge_mob_by_BlacktipReefSharkEntityForge=3, death_CommonStingrayEntityForge_mob_by_ShortfinMakoSharkEntityForge=1, death_GreenSeaTurtleEntityForge_mob_by_ShortfinMakoSharkEntityForge=1, death_HarborSealEntityForge_mob_by_BlackSeaNettleJellyfishEntityForge=1, death_HarborSealEntityForge_mob_by_GreatWhiteSharkEntityForge=1, death_NautilusEntityForge_mob_by_CommonStingrayEntityForge=4, death_SandtigerSharkEntityForge_mob_by_BlackSeaNettleJellyfishEntityForge=2, living_deaths=69, navigation_calls=64709, sensor_calls=145132}	121	126
32000	842118928	{AmericanLobsterEntityForge=20, AtlanticCodEntityForge=16, AtlanticSalmonEntityForge=16, BlackSeaNettleJellyfishEntityForge=2, BlacktipReefSharkEntityForge=6, BottlenoseDolphinEntityForge=8, CannonballJellyfishEntityForge=4, CaribbeanReefOctopusEntityForge=4, CommonOctopusEntityForge=6, CommonStingrayEntityForge=6, CommonThresherSharkEntityForge=2, GiantMorayEelEntityForge=8, GreatHammerheadSharkEntityForge=2, GreatWhiteSharkEntityForge=2, GreenSeaTurtleEntityForge=6, HarborSealEntityForge=6, NautilusEntityForge=2, OceanicWhitetipSharkEntityForge=2, OrcaEntityForge=2, SandtigerSharkEntityForge=2, ShortfinMakoSharkEntityForge=2, TigerSharkEntityForge=2}	{AmericanLobsterEntityForge=300, AtlanticCodEntityForge=300, AtlanticSalmonEntityForge=300, BlackSeaNettleJellyfishEntityForge=300, BlacktipReefSharkEntityForge=300, BottlenoseDolphinEntityForge=700, CannonballJellyfishEntityForge=300, CaribbeanReefOctopusEntityForge=300, CommonOctopusEntityForge=300, CommonStingrayEntityForge=300, CommonThresherSharkEntityForge=300, GiantMorayEelEntityForge=300, GreatHammerheadSharkEntityForge=300, GreatWhiteSharkEntityForge=300, GreenSeaTurtleEntityForge=300, HarborSealEntityForge=300, NautilusEntityForge=300, OceanicWhitetipSharkEntityForge=300, OrcaEntityForge=700, SandtigerSharkEntityForge=300, ShortfinMakoSharkEntityForge=300, TigerSharkEntityForge=300}	11	{action_escape=176, action_feed=824, action_habitat=35, action_social=20, bounded_living_scans=4416, death_AmericanLobsterEntityForge_mob_by_BlacktipReefSharkEntityForge=3, death_AmericanLobsterEntityForge_mob_by_CommonStingrayEntityForge=9, death_AmericanLobsterEntityForge_mob_by_GreatHammerheadSharkEntityForge=1, death_AmericanLobsterEntityForge_mob_by_SandtigerSharkEntityForge=1, death_AtlanticCodEntityForge_mob_by_BlacktipReefSharkEntityForge=5, death_AtlanticCodEntityForge_mob_by_CommonThresherSharkEntityForge=5, death_AtlanticCodEntityForge_mob_by_GreatHammerheadSharkEntityForge=1, death_AtlanticCodEntityForge_mob_by_GreatWhiteSharkEntityForge=1, death_AtlanticCodEntityForge_mob_by_OceanicWhitetipSharkEntityForge=2, death_AtlanticCodEntityForge_mob_by_SandtigerSharkEntityForge=3, death_AtlanticCodEntityForge_mob_by_TigerSharkEntityForge=1, death_AtlanticSalmonEntityForge_mob_by_BlacktipReefSharkEntityForge=4, death_AtlanticSalmonEntityForge_mob_by_OceanicWhitetipSharkEntityForge=3, death_AtlanticSalmonEntityForge_mob_by_ShortfinMakoSharkEntityForge=1, death_AtlanticSalmonEntityForge_mob_by_TigerSharkEntityForge=2, death_BlackSeaNettleJellyfishEntityForge_mob_by_GreatWhiteSharkEntityForge=1, death_BlacktipReefSharkEntityForge_mob_by_GreatWhiteSharkEntityForge=1, death_BlacktipReefSharkEntityForge_mob_by_ShortfinMakoSharkEntityForge=2, death_CannonballJellyfishEntityForge_mob_by_GreatWhiteSharkEntityForge=1, death_CannonballJellyfishEntityForge_mob_by_TigerSharkEntityForge=1, death_CaribbeanReefOctopusEntityForge_mob_by_CommonStingrayEntityForge=3, death_CaribbeanReefOctopusEntityForge_mob_by_GreatHammerheadSharkEntityForge=3, death_CommonOctopusEntityForge_mob_by_GreatHammerheadSharkEntityForge=1, death_CommonOctopusEntityForge_mob_by_SandtigerSharkEntityForge=1, death_CommonStingrayEntityForge_mob_by_BlacktipReefSharkEntityForge=3, death_CommonStingrayEntityForge_mob_by_ShortfinMakoSharkEntityForge=1, death_GreenSeaTurtleEntityForge_mob_by_ShortfinMakoSharkEntityForge=1, death_HarborSealEntityForge_mob_by_BlackSeaNettleJellyfishEntityForge=1, death_HarborSealEntityForge_mob_by_GreatWhiteSharkEntityForge=1, death_NautilusEntityForge_mob_by_CommonStingrayEntityForge=4, death_SandtigerSharkEntityForge_mob_by_BlackSeaNettleJellyfishEntityForge=2, living_deaths=69, navigation_calls=65200, sensor_calls=146013}	124	126
32200	1028765456	{AmericanLobsterEntityForge=19, AtlanticCodEntityForge=16, AtlanticSalmonEntityForge=16, BlackSeaNettleJellyfishEntityForge=2, BlacktipReefSharkEntityForge=6, BottlenoseDolphinEntityForge=8, CannonballJellyfishEntityForge=4, CaribbeanReefOctopusEntityForge=4, CommonOctopusEntityForge=6, CommonStingrayEntityForge=6, CommonThresherSharkEntityForge=2, GiantMorayEelEntityForge=8, GreatHammerheadSharkEntityForge=2, GreatWhiteSharkEntityForge=2, GreenSeaTurtleEntityForge=6, HarborSealEntityForge=6, NautilusEntityForge=2, OceanicWhitetipSharkEntityForge=2, OrcaEntityForge=2, SandtigerSharkEntityForge=2, ShortfinMakoSharkEntityForge=2, TigerSharkEntityForge=2}	{AmericanLobsterEntityForge=300, AtlanticCodEntityForge=300, AtlanticSalmonEntityForge=300, BlackSeaNettleJellyfishEntityForge=300, BlacktipReefSharkEntityForge=300, BottlenoseDolphinEntityForge=700, CannonballJellyfishEntityForge=300, CaribbeanReefOctopusEntityForge=300, CommonOctopusEntityForge=300, CommonStingrayEntityForge=300, CommonThresherSharkEntityForge=300, GiantMorayEelEntityForge=300, GreatHammerheadSharkEntityForge=300, GreatWhiteSharkEntityForge=300, GreenSeaTurtleEntityForge=300, HarborSealEntityForge=300, NautilusEntityForge=300, OceanicWhitetipSharkEntityForge=300, OrcaEntityForge=700, SandtigerSharkEntityForge=300, ShortfinMakoSharkEntityForge=300, TigerSharkEntityForge=300}	11	{action_escape=177, action_feed=830, action_habitat=35, action_social=20, bounded_living_scans=4449, death_AmericanLobsterEntityForge_mob_by_BlacktipReefSharkEntityForge=4, death_AmericanLobsterEntityForge_mob_by_CommonStingrayEntityForge=9, death_AmericanLobsterEntityForge_mob_by_GreatHammerheadSharkEntityForge=1, death_AmericanLobsterEntityForge_mob_by_SandtigerSharkEntityForge=1, death_AtlanticCodEntityForge_mob_by_BlacktipReefSharkEntityForge=5, death_AtlanticCodEntityForge_mob_by_CommonThresherSharkEntityForge=5, death_AtlanticCodEntityForge_mob_by_GreatHammerheadSharkEntityForge=1, death_AtlanticCodEntityForge_mob_by_GreatWhiteSharkEntityForge=1, death_AtlanticCodEntityForge_mob_by_OceanicWhitetipSharkEntityForge=2, death_AtlanticCodEntityForge_mob_by_SandtigerSharkEntityForge=3, death_AtlanticCodEntityForge_mob_by_TigerSharkEntityForge=1, death_AtlanticSalmonEntityForge_mob_by_BlacktipReefSharkEntityForge=4, death_AtlanticSalmonEntityForge_mob_by_OceanicWhitetipSharkEntityForge=3, death_AtlanticSalmonEntityForge_mob_by_ShortfinMakoSharkEntityForge=1, death_AtlanticSalmonEntityForge_mob_by_TigerSharkEntityForge=2, death_BlackSeaNettleJellyfishEntityForge_mob_by_GreatWhiteSharkEntityForge=1, death_BlacktipReefSharkEntityForge_mob_by_GreatWhiteSharkEntityForge=1, death_BlacktipReefSharkEntityForge_mob_by_ShortfinMakoSharkEntityForge=2, death_CannonballJellyfishEntityForge_mob_by_GreatWhiteSharkEntityForge=1, death_CannonballJellyfishEntityForge_mob_by_TigerSharkEntityForge=1, death_CaribbeanReefOctopusEntityForge_mob_by_CommonStingrayEntityForge=3, death_CaribbeanReefOctopusEntityForge_mob_by_GreatHammerheadSharkEntityForge=3, death_CommonOctopusEntityForge_mob_by_GreatHammerheadSharkEntityForge=1, death_CommonOctopusEntityForge_mob_by_SandtigerSharkEntityForge=1, death_CommonStingrayEntityForge_mob_by_BlacktipReefSharkEntityForge=3, death_CommonStingrayEntityForge_mob_by_ShortfinMakoSharkEntityForge=1, death_GreenSeaTurtleEntityForge_mob_by_ShortfinMakoSharkEntityForge=1, death_HarborSealEntityForge_mob_by_BlackSeaNettleJellyfishEntityForge=1, death_HarborSealEntityForge_mob_by_GreatWhiteSharkEntityForge=1, death_NautilusEntityForge_mob_by_CommonStingrayEntityForge=4, death_SandtigerSharkEntityForge_mob_by_BlackSeaNettleJellyfishEntityForge=2, living_deaths=70, navigation_calls=65642, sensor_calls=146953}	120	125
32400	1220654864	{AmericanLobsterEntityForge=20, AtlanticCodEntityForge=16, AtlanticSalmonEntityForge=16, BlackSeaNettleJellyfishEntityForge=2, BlacktipReefSharkEntityForge=6, BottlenoseDolphinEntityForge=8, CannonballJellyfishEntityForge=4, CaribbeanReefOctopusEntityForge=4, CommonOctopusEntityForge=6, CommonStingrayEntityForge=6, CommonThresherSharkEntityForge=2, GiantMorayEelEntityForge=8, GreatHammerheadSharkEntityForge=2, GreatWhiteSharkEntityForge=2, GreenSeaTurtleEntityForge=6, HarborSealEntityForge=6, NautilusEntityForge=2, OceanicWhitetipSharkEntityForge=2, OrcaEntityForge=2, SandtigerSharkEntityForge=2, ShortfinMakoSharkEntityForge=2, TigerSharkEntityForge=2}	{AmericanLobsterEntityForge=300, AtlanticCodEntityForge=300, AtlanticSalmonEntityForge=300, BlackSeaNettleJellyfishEntityForge=300, BlacktipReefSharkEntityForge=300, BottlenoseDolphinEntityForge=700, CannonballJellyfishEntityForge=300, CaribbeanReefOctopusEntityForge=300, CommonOctopusEntityForge=300, CommonStingrayEntityForge=300, CommonThresherSharkEntityForge=300, GiantMorayEelEntityForge=300, GreatHammerheadSharkEntityForge=300, GreatWhiteSharkEntityForge=300, GreenSeaTurtleEntityForge=300, HarborSealEntityForge=300, NautilusEntityForge=300, OceanicWhitetipSharkEntityForge=300, OrcaEntityForge=700, SandtigerSharkEntityForge=300, ShortfinMakoSharkEntityForge=300, TigerSharkEntityForge=300}	11	{action_escape=179, action_feed=837, action_habitat=35, action_social=20, bounded_living_scans=4476, death_AmericanLobsterEntityForge_mob_by_BlacktipReefSharkEntityForge=4, death_AmericanLobsterEntityForge_mob_by_CommonStingrayEntityForge=9, death_AmericanLobsterEntityForge_mob_by_GreatHammerheadSharkEntityForge=1, death_AmericanLobsterEntityForge_mob_by_SandtigerSharkEntityForge=1, death_AtlanticCodEntityForge_mob_by_BlacktipReefSharkEntityForge=5, death_AtlanticCodEntityForge_mob_by_CommonThresherSharkEntityForge=5, death_AtlanticCodEntityForge_mob_by_GreatHammerheadSharkEntityForge=1, death_AtlanticCodEntityForge_mob_by_GreatWhiteSharkEntityForge=1, death_AtlanticCodEntityForge_mob_by_OceanicWhitetipSharkEntityForge=2, death_AtlanticCodEntityForge_mob_by_SandtigerSharkEntityForge=3, death_AtlanticCodEntityForge_mob_by_TigerSharkEntityForge=1, death_AtlanticSalmonEntityForge_mob_by_BlacktipReefSharkEntityForge=4, death_AtlanticSalmonEntityForge_mob_by_OceanicWhitetipSharkEntityForge=3, death_AtlanticSalmonEntityForge_mob_by_ShortfinMakoSharkEntityForge=1, death_AtlanticSalmonEntityForge_mob_by_TigerSharkEntityForge=2, death_BlackSeaNettleJellyfishEntityForge_mob_by_GreatWhiteSharkEntityForge=1, death_BlacktipReefSharkEntityForge_mob_by_GreatWhiteSharkEntityForge=1, death_BlacktipReefSharkEntityForge_mob_by_ShortfinMakoSharkEntityForge=2, death_CannonballJellyfishEntityForge_mob_by_GreatWhiteSharkEntityForge=1, death_CannonballJellyfishEntityForge_mob_by_TigerSharkEntityForge=1, death_CaribbeanReefOctopusEntityForge_mob_by_CommonStingrayEntityForge=3, death_CaribbeanReefOctopusEntityForge_mob_by_GreatHammerheadSharkEntityForge=3, death_CommonOctopusEntityForge_mob_by_GreatHammerheadSharkEntityForge=1, death_CommonOctopusEntityForge_mob_by_SandtigerSharkEntityForge=1, death_CommonStingrayEntityForge_mob_by_BlacktipReefSharkEntityForge=3, death_CommonStingrayEntityForge_mob_by_ShortfinMakoSharkEntityForge=1, death_GreenSeaTurtleEntityForge_mob_by_ShortfinMakoSharkEntityForge=1, death_HarborSealEntityForge_mob_by_BlackSeaNettleJellyfishEntityForge=1, death_HarborSealEntityForge_mob_by_GreatWhiteSharkEntityForge=1, death_NautilusEntityForge_mob_by_CommonStingrayEntityForge=4, death_SandtigerSharkEntityForge_mob_by_BlackSeaNettleJellyfishEntityForge=2, living_deaths=70, navigation_calls=66102, sensor_calls=147894}	123	126
32600	1418835728	{AmericanLobsterEntityForge=20, AtlanticCodEntityForge=16, AtlanticSalmonEntityForge=16, BlackSeaNettleJellyfishEntityForge=2, BlacktipReefSharkEntityForge=6, BottlenoseDolphinEntityForge=8, CannonballJellyfishEntityForge=4, CaribbeanReefOctopusEntityForge=4, CommonOctopusEntityForge=6, CommonStingrayEntityForge=6, CommonThresherSharkEntityForge=2, GiantMorayEelEntityForge=8, GreatHammerheadSharkEntityForge=2, GreatWhiteSharkEntityForge=2, GreenSeaTurtleEntityForge=6, HarborSealEntityForge=6, NautilusEntityForge=2, OceanicWhitetipSharkEntityForge=2, OrcaEntityForge=2, SandtigerSharkEntityForge=2, ShortfinMakoSharkEntityForge=2, TigerSharkEntityForge=2}	{AmericanLobsterEntityForge=300, AtlanticCodEntityForge=300, AtlanticSalmonEntityForge=300, BlackSeaNettleJellyfishEntityForge=300, BlacktipReefSharkEntityForge=300, BottlenoseDolphinEntityForge=700, CannonballJellyfishEntityForge=300, CaribbeanReefOctopusEntityForge=300, CommonOctopusEntityForge=300, CommonStingrayEntityForge=300, CommonThresherSharkEntityForge=300, GiantMorayEelEntityForge=300, GreatHammerheadSharkEntityForge=300, GreatWhiteSharkEntityForge=300, GreenSeaTurtleEntityForge=300, HarborSealEntityForge=300, NautilusEntityForge=300, OceanicWhitetipSharkEntityForge=300, OrcaEntityForge=700, SandtigerSharkEntityForge=300, ShortfinMakoSharkEntityForge=300, TigerSharkEntityForge=300}	11	{action_escape=181, action_feed=839, action_habitat=35, action_social=20, bounded_living_scans=4503, death_AmericanLobsterEntityForge_mob_by_BlacktipReefSharkEntityForge=4, death_AmericanLobsterEntityForge_mob_by_CommonStingrayEntityForge=9, death_AmericanLobsterEntityForge_mob_by_GreatHammerheadSharkEntityForge=1, death_AmericanLobsterEntityForge_mob_by_SandtigerSharkEntityForge=1, death_AtlanticCodEntityForge_mob_by_BlacktipReefSharkEntityForge=5, death_AtlanticCodEntityForge_mob_by_CommonThresherSharkEntityForge=5, death_AtlanticCodEntityForge_mob_by_GreatHammerheadSharkEntityForge=1, death_AtlanticCodEntityForge_mob_by_GreatWhiteSharkEntityForge=1, death_AtlanticCodEntityForge_mob_by_OceanicWhitetipSharkEntityForge=2, death_AtlanticCodEntityForge_mob_by_SandtigerSharkEntityForge=3, death_AtlanticCodEntityForge_mob_by_TigerSharkEntityForge=1, death_AtlanticSalmonEntityForge_mob_by_BlacktipReefSharkEntityForge=4, death_AtlanticSalmonEntityForge_mob_by_OceanicWhitetipSharkEntityForge=3, death_AtlanticSalmonEntityForge_mob_by_ShortfinMakoSharkEntityForge=1, death_AtlanticSalmonEntityForge_mob_by_TigerSharkEntityForge=2, death_BlackSeaNettleJellyfishEntityForge_mob_by_GreatWhiteSharkEntityForge=1, death_BlacktipReefSharkEntityForge_mob_by_GreatWhiteSharkEntityForge=1, death_BlacktipReefSharkEntityForge_mob_by_ShortfinMakoSharkEntityForge=2, death_CannonballJellyfishEntityForge_mob_by_GreatWhiteSharkEntityForge=1, death_CannonballJellyfishEntityForge_mob_by_TigerSharkEntityForge=1, death_CaribbeanReefOctopusEntityForge_mob_by_CommonStingrayEntityForge=3, death_CaribbeanReefOctopusEntityForge_mob_by_GreatHammerheadSharkEntityForge=3, death_CommonOctopusEntityForge_mob_by_GreatHammerheadSharkEntityForge=1, death_CommonOctopusEntityForge_mob_by_SandtigerSharkEntityForge=1, death_CommonStingrayEntityForge_mob_by_BlacktipReefSharkEntityForge=3, death_CommonStingrayEntityForge_mob_by_ShortfinMakoSharkEntityForge=1, death_GreenSeaTurtleEntityForge_mob_by_ShortfinMakoSharkEntityForge=1, death_HarborSealEntityForge_mob_by_BlackSeaNettleJellyfishEntityForge=1, death_HarborSealEntityForge_mob_by_GreatWhiteSharkEntityForge=1, death_NautilusEntityForge_mob_by_CommonStingrayEntityForge=4, death_SandtigerSharkEntityForge_mob_by_BlackSeaNettleJellyfishEntityForge=2, living_deaths=70, navigation_calls=66596, sensor_calls=148777}	118	126
32800	1615968016	{AmericanLobsterEntityForge=20, AtlanticCodEntityForge=16, AtlanticSalmonEntityForge=16, BlackSeaNettleJellyfishEntityForge=2, BlacktipReefSharkEntityForge=6, BottlenoseDolphinEntityForge=8, CannonballJellyfishEntityForge=4, CaribbeanReefOctopusEntityForge=3, CommonOctopusEntityForge=6, CommonStingrayEntityForge=6, CommonThresherSharkEntityForge=2, GiantMorayEelEntityForge=8, GreatHammerheadSharkEntityForge=2, GreatWhiteSharkEntityForge=2, GreenSeaTurtleEntityForge=6, HarborSealEntityForge=6, NautilusEntityForge=2, OceanicWhitetipSharkEntityForge=2, OrcaEntityForge=2, SandtigerSharkEntityForge=2, ShortfinMakoSharkEntityForge=2, TigerSharkEntityForge=2}	{AmericanLobsterEntityForge=300, AtlanticCodEntityForge=300, AtlanticSalmonEntityForge=300, BlackSeaNettleJellyfishEntityForge=300, BlacktipReefSharkEntityForge=300, BottlenoseDolphinEntityForge=700, CannonballJellyfishEntityForge=300, CaribbeanReefOctopusEntityForge=300, CommonOctopusEntityForge=300, CommonStingrayEntityForge=300, CommonThresherSharkEntityForge=300, GiantMorayEelEntityForge=300, GreatHammerheadSharkEntityForge=300, GreatWhiteSharkEntityForge=300, GreenSeaTurtleEntityForge=300, HarborSealEntityForge=300, NautilusEntityForge=300, OceanicWhitetipSharkEntityForge=300, OrcaEntityForge=700, SandtigerSharkEntityForge=300, ShortfinMakoSharkEntityForge=300, TigerSharkEntityForge=300}	11	{action_escape=182, action_feed=846, action_habitat=35, action_social=20, bounded_living_scans=4528, death_AmericanLobsterEntityForge_mob_by_BlacktipReefSharkEntityForge=4, death_AmericanLobsterEntityForge_mob_by_CommonStingrayEntityForge=9, death_AmericanLobsterEntityForge_mob_by_GreatHammerheadSharkEntityForge=1, death_AmericanLobsterEntityForge_mob_by_SandtigerSharkEntityForge=1, death_AtlanticCodEntityForge_mob_by_BlacktipReefSharkEntityForge=5, death_AtlanticCodEntityForge_mob_by_CommonThresherSharkEntityForge=5, death_AtlanticCodEntityForge_mob_by_GreatHammerheadSharkEntityForge=1, death_AtlanticCodEntityForge_mob_by_GreatWhiteSharkEntityForge=1, death_AtlanticCodEntityForge_mob_by_OceanicWhitetipSharkEntityForge=2, death_AtlanticCodEntityForge_mob_by_SandtigerSharkEntityForge=3, death_AtlanticCodEntityForge_mob_by_TigerSharkEntityForge=1, death_AtlanticSalmonEntityForge_mob_by_BlacktipReefSharkEntityForge=4, death_AtlanticSalmonEntityForge_mob_by_OceanicWhitetipSharkEntityForge=3, death_AtlanticSalmonEntityForge_mob_by_ShortfinMakoSharkEntityForge=1, death_AtlanticSalmonEntityForge_mob_by_TigerSharkEntityForge=2, death_BlackSeaNettleJellyfishEntityForge_mob_by_GreatWhiteSharkEntityForge=1, death_BlacktipReefSharkEntityForge_mob_by_GreatWhiteSharkEntityForge=1, death_BlacktipReefSharkEntityForge_mob_by_ShortfinMakoSharkEntityForge=2, death_CannonballJellyfishEntityForge_mob_by_GreatWhiteSharkEntityForge=1, death_CannonballJellyfishEntityForge_mob_by_TigerSharkEntityForge=1, death_CaribbeanReefOctopusEntityForge_mob_by_CommonStingrayEntityForge=4, death_CaribbeanReefOctopusEntityForge_mob_by_GreatHammerheadSharkEntityForge=3, death_CommonOctopusEntityForge_mob_by_GreatHammerheadSharkEntityForge=1, death_CommonOctopusEntityForge_mob_by_SandtigerSharkEntityForge=1, death_CommonStingrayEntityForge_mob_by_BlacktipReefSharkEntityForge=3, death_CommonStingrayEntityForge_mob_by_ShortfinMakoSharkEntityForge=1, death_GreenSeaTurtleEntityForge_mob_by_ShortfinMakoSharkEntityForge=1, death_HarborSealEntityForge_mob_by_BlackSeaNettleJellyfishEntityForge=1, death_HarborSealEntityForge_mob_by_GreatWhiteSharkEntityForge=1, death_NautilusEntityForge_mob_by_CommonStingrayEntityForge=4, death_SandtigerSharkEntityForge_mob_by_BlackSeaNettleJellyfishEntityForge=2, living_deaths=71, navigation_calls=67070, sensor_calls=149713}	121	125
33000	536319936	{AmericanLobsterEntityForge=20, AtlanticCodEntityForge=16, AtlanticSalmonEntityForge=16, BlackSeaNettleJellyfishEntityForge=2, BlacktipReefSharkEntityForge=6, BottlenoseDolphinEntityForge=8, CannonballJellyfishEntityForge=4, CaribbeanReefOctopusEntityForge=4, CommonOctopusEntityForge=6, CommonStingrayEntityForge=6, CommonThresherSharkEntityForge=2, GiantMorayEelEntityForge=8, GreatHammerheadSharkEntityForge=2, GreatWhiteSharkEntityForge=2, GreenSeaTurtleEntityForge=6, HarborSealEntityForge=6, NautilusEntityForge=2, OceanicWhitetipSharkEntityForge=2, OrcaEntityForge=2, SandtigerSharkEntityForge=2, ShortfinMakoSharkEntityForge=2, TigerSharkEntityForge=2}	{AmericanLobsterEntityForge=300, AtlanticCodEntityForge=300, AtlanticSalmonEntityForge=300, BlackSeaNettleJellyfishEntityForge=300, BlacktipReefSharkEntityForge=300, BottlenoseDolphinEntityForge=700, CannonballJellyfishEntityForge=300, CaribbeanReefOctopusEntityForge=300, CommonOctopusEntityForge=300, CommonStingrayEntityForge=300, CommonThresherSharkEntityForge=300, GiantMorayEelEntityForge=300, GreatHammerheadSharkEntityForge=300, GreatWhiteSharkEntityForge=300, GreenSeaTurtleEntityForge=300, HarborSealEntityForge=300, NautilusEntityForge=300, OceanicWhitetipSharkEntityForge=300, OrcaEntityForge=700, SandtigerSharkEntityForge=300, ShortfinMakoSharkEntityForge=300, TigerSharkEntityForge=300}	11	{action_escape=182, action_feed=855, action_habitat=36, action_social=20, bounded_living_scans=4564, death_AmericanLobsterEntityForge_mob_by_BlacktipReefSharkEntityForge=4, death_AmericanLobsterEntityForge_mob_by_CommonStingrayEntityForge=9, death_AmericanLobsterEntityForge_mob_by_GreatHammerheadSharkEntityForge=1, death_AmericanLobsterEntityForge_mob_by_SandtigerSharkEntityForge=1, death_AtlanticCodEntityForge_mob_by_BlacktipReefSharkEntityForge=5, death_AtlanticCodEntityForge_mob_by_CommonThresherSharkEntityForge=5, death_AtlanticCodEntityForge_mob_by_GreatHammerheadSharkEntityForge=1, death_AtlanticCodEntityForge_mob_by_GreatWhiteSharkEntityForge=1, death_AtlanticCodEntityForge_mob_by_OceanicWhitetipSharkEntityForge=2, death_AtlanticCodEntityForge_mob_by_SandtigerSharkEntityForge=3, death_AtlanticCodEntityForge_mob_by_TigerSharkEntityForge=1, death_AtlanticSalmonEntityForge_mob_by_BlacktipReefSharkEntityForge=4, death_AtlanticSalmonEntityForge_mob_by_OceanicWhitetipSharkEntityForge=3, death_AtlanticSalmonEntityForge_mob_by_ShortfinMakoSharkEntityForge=1, death_AtlanticSalmonEntityForge_mob_by_TigerSharkEntityForge=2, death_BlackSeaNettleJellyfishEntityForge_mob_by_GreatWhiteSharkEntityForge=1, death_BlacktipReefSharkEntityForge_mob_by_GreatWhiteSharkEntityForge=1, death_BlacktipReefSharkEntityForge_mob_by_ShortfinMakoSharkEntityForge=2, death_CannonballJellyfishEntityForge_mob_by_GreatWhiteSharkEntityForge=1, death_CannonballJellyfishEntityForge_mob_by_TigerSharkEntityForge=1, death_CaribbeanReefOctopusEntityForge_mob_by_CommonStingrayEntityForge=4, death_CaribbeanReefOctopusEntityForge_mob_by_GreatHammerheadSharkEntityForge=3, death_CommonOctopusEntityForge_mob_by_GreatHammerheadSharkEntityForge=1, death_CommonOctopusEntityForge_mob_by_SandtigerSharkEntityForge=1, death_CommonStingrayEntityForge_mob_by_BlacktipReefSharkEntityForge=3, death_CommonStingrayEntityForge_mob_by_ShortfinMakoSharkEntityForge=1, death_GreenSeaTurtleEntityForge_mob_by_ShortfinMakoSharkEntityForge=1, death_HarborSealEntityForge_mob_by_BlackSeaNettleJellyfishEntityForge=1, death_HarborSealEntityForge_mob_by_GreatWhiteSharkEntityForge=1, death_NautilusEntityForge_mob_by_CommonStingrayEntityForge=4, death_SandtigerSharkEntityForge_mob_by_BlackSeaNettleJellyfishEntityForge=2, living_deaths=71, navigation_calls=67476, sensor_calls=150595}	122	126
33200	725063616	{AmericanLobsterEntityForge=20, AtlanticCodEntityForge=16, AtlanticSalmonEntityForge=16, BlackSeaNettleJellyfishEntityForge=2, BlacktipReefSharkEntityForge=6, BottlenoseDolphinEntityForge=8, CannonballJellyfishEntityForge=4, CaribbeanReefOctopusEntityForge=4, CommonOctopusEntityForge=6, CommonStingrayEntityForge=6, CommonThresherSharkEntityForge=2, GiantMorayEelEntityForge=8, GreatHammerheadSharkEntityForge=2, GreatWhiteSharkEntityForge=2, GreenSeaTurtleEntityForge=6, HarborSealEntityForge=6, NautilusEntityForge=2, OceanicWhitetipSharkEntityForge=2, OrcaEntityForge=2, SandtigerSharkEntityForge=2, ShortfinMakoSharkEntityForge=2, TigerSharkEntityForge=2}	{AmericanLobsterEntityForge=300, AtlanticCodEntityForge=300, AtlanticSalmonEntityForge=300, BlackSeaNettleJellyfishEntityForge=300, BlacktipReefSharkEntityForge=300, BottlenoseDolphinEntityForge=700, CannonballJellyfishEntityForge=300, CaribbeanReefOctopusEntityForge=300, CommonOctopusEntityForge=300, CommonStingrayEntityForge=300, CommonThresherSharkEntityForge=300, GiantMorayEelEntityForge=300, GreatHammerheadSharkEntityForge=300, GreatWhiteSharkEntityForge=300, GreenSeaTurtleEntityForge=300, HarborSealEntityForge=300, NautilusEntityForge=300, OceanicWhitetipSharkEntityForge=300, OrcaEntityForge=700, SandtigerSharkEntityForge=300, ShortfinMakoSharkEntityForge=300, TigerSharkEntityForge=300}	11	{action_escape=183, action_feed=857, action_habitat=36, action_social=20, bounded_living_scans=4586, death_AmericanLobsterEntityForge_mob_by_BlacktipReefSharkEntityForge=4, death_AmericanLobsterEntityForge_mob_by_CommonStingrayEntityForge=9, death_AmericanLobsterEntityForge_mob_by_GreatHammerheadSharkEntityForge=1, death_AmericanLobsterEntityForge_mob_by_SandtigerSharkEntityForge=1, death_AtlanticCodEntityForge_mob_by_BlacktipReefSharkEntityForge=5, death_AtlanticCodEntityForge_mob_by_CommonThresherSharkEntityForge=5, death_AtlanticCodEntityForge_mob_by_GreatHammerheadSharkEntityForge=1, death_AtlanticCodEntityForge_mob_by_GreatWhiteSharkEntityForge=1, death_AtlanticCodEntityForge_mob_by_OceanicWhitetipSharkEntityForge=2, death_AtlanticCodEntityForge_mob_by_SandtigerSharkEntityForge=3, death_AtlanticCodEntityForge_mob_by_TigerSharkEntityForge=1, death_AtlanticSalmonEntityForge_mob_by_BlacktipReefSharkEntityForge=4, death_AtlanticSalmonEntityForge_mob_by_OceanicWhitetipSharkEntityForge=3, death_AtlanticSalmonEntityForge_mob_by_ShortfinMakoSharkEntityForge=1, death_AtlanticSalmonEntityForge_mob_by_TigerSharkEntityForge=2, death_BlackSeaNettleJellyfishEntityForge_mob_by_GreatWhiteSharkEntityForge=1, death_BlacktipReefSharkEntityForge_mob_by_GreatWhiteSharkEntityForge=1, death_BlacktipReefSharkEntityForge_mob_by_ShortfinMakoSharkEntityForge=2, death_CannonballJellyfishEntityForge_mob_by_GreatWhiteSharkEntityForge=1, death_CannonballJellyfishEntityForge_mob_by_TigerSharkEntityForge=1, death_CaribbeanReefOctopusEntityForge_mob_by_CommonStingrayEntityForge=4, death_CaribbeanReefOctopusEntityForge_mob_by_GreatHammerheadSharkEntityForge=3, death_CommonOctopusEntityForge_mob_by_GreatHammerheadSharkEntityForge=1, death_CommonOctopusEntityForge_mob_by_SandtigerSharkEntityForge=1, death_CommonStingrayEntityForge_mob_by_BlacktipReefSharkEntityForge=3, death_CommonStingrayEntityForge_mob_by_ShortfinMakoSharkEntityForge=1, death_GreenSeaTurtleEntityForge_mob_by_ShortfinMakoSharkEntityForge=1, death_HarborSealEntityForge_mob_by_BlackSeaNettleJellyfishEntityForge=1, death_HarborSealEntityForge_mob_by_GreatWhiteSharkEntityForge=1, death_NautilusEntityForge_mob_by_CommonStingrayEntityForge=4, death_SandtigerSharkEntityForge_mob_by_BlackSeaNettleJellyfishEntityForge=2, living_deaths=71, navigation_calls=67865, sensor_calls=151538}	121	126
33400	919050176	{AmericanLobsterEntityForge=20, AtlanticCodEntityForge=16, AtlanticSalmonEntityForge=16, BlackSeaNettleJellyfishEntityForge=2, BlacktipReefSharkEntityForge=6, BottlenoseDolphinEntityForge=8, CannonballJellyfishEntityForge=4, CaribbeanReefOctopusEntityForge=4, CommonOctopusEntityForge=6, CommonStingrayEntityForge=6, CommonThresherSharkEntityForge=2, GiantMorayEelEntityForge=8, GreatHammerheadSharkEntityForge=2, GreatWhiteSharkEntityForge=2, GreenSeaTurtleEntityForge=6, HarborSealEntityForge=6, NautilusEntityForge=2, OceanicWhitetipSharkEntityForge=2, OrcaEntityForge=2, SandtigerSharkEntityForge=2, ShortfinMakoSharkEntityForge=2, TigerSharkEntityForge=2}	{AmericanLobsterEntityForge=300, AtlanticCodEntityForge=300, AtlanticSalmonEntityForge=300, BlackSeaNettleJellyfishEntityForge=300, BlacktipReefSharkEntityForge=300, BottlenoseDolphinEntityForge=700, CannonballJellyfishEntityForge=300, CaribbeanReefOctopusEntityForge=300, CommonOctopusEntityForge=300, CommonStingrayEntityForge=300, CommonThresherSharkEntityForge=300, GiantMorayEelEntityForge=300, GreatHammerheadSharkEntityForge=300, GreatWhiteSharkEntityForge=300, GreenSeaTurtleEntityForge=300, HarborSealEntityForge=300, NautilusEntityForge=300, OceanicWhitetipSharkEntityForge=300, OrcaEntityForge=700, SandtigerSharkEntityForge=300, ShortfinMakoSharkEntityForge=300, TigerSharkEntityForge=300}	11	{action_escape=183, action_feed=861, action_habitat=37, action_social=20, bounded_living_scans=4617, death_AmericanLobsterEntityForge_mob_by_BlacktipReefSharkEntityForge=4, death_AmericanLobsterEntityForge_mob_by_CommonStingrayEntityForge=9, death_AmericanLobsterEntityForge_mob_by_GreatHammerheadSharkEntityForge=1, death_AmericanLobsterEntityForge_mob_by_SandtigerSharkEntityForge=1, death_AtlanticCodEntityForge_mob_by_BlacktipReefSharkEntityForge=5, death_AtlanticCodEntityForge_mob_by_CommonThresherSharkEntityForge=5, death_AtlanticCodEntityForge_mob_by_GreatHammerheadSharkEntityForge=1, death_AtlanticCodEntityForge_mob_by_GreatWhiteSharkEntityForge=1, death_AtlanticCodEntityForge_mob_by_OceanicWhitetipSharkEntityForge=2, death_AtlanticCodEntityForge_mob_by_SandtigerSharkEntityForge=3, death_AtlanticCodEntityForge_mob_by_TigerSharkEntityForge=1, death_AtlanticSalmonEntityForge_mob_by_BlacktipReefSharkEntityForge=4, death_AtlanticSalmonEntityForge_mob_by_OceanicWhitetipSharkEntityForge=3, death_AtlanticSalmonEntityForge_mob_by_ShortfinMakoSharkEntityForge=1, death_AtlanticSalmonEntityForge_mob_by_TigerSharkEntityForge=2, death_BlackSeaNettleJellyfishEntityForge_mob_by_GreatWhiteSharkEntityForge=1, death_BlacktipReefSharkEntityForge_mob_by_GreatWhiteSharkEntityForge=1, death_BlacktipReefSharkEntityForge_mob_by_ShortfinMakoSharkEntityForge=2, death_CannonballJellyfishEntityForge_mob_by_GreatWhiteSharkEntityForge=1, death_CannonballJellyfishEntityForge_mob_by_TigerSharkEntityForge=1, death_CaribbeanReefOctopusEntityForge_mob_by_CommonStingrayEntityForge=4, death_CaribbeanReefOctopusEntityForge_mob_by_GreatHammerheadSharkEntityForge=3, death_CommonOctopusEntityForge_mob_by_GreatHammerheadSharkEntityForge=1, death_CommonOctopusEntityForge_mob_by_SandtigerSharkEntityForge=1, death_CommonStingrayEntityForge_mob_by_BlacktipReefSharkEntityForge=3, death_CommonStingrayEntityForge_mob_by_ShortfinMakoSharkEntityForge=1, death_GreenSeaTurtleEntityForge_mob_by_ShortfinMakoSharkEntityForge=1, death_HarborSealEntityForge_mob_by_BlackSeaNettleJellyfishEntityForge=1, death_HarborSealEntityForge_mob_by_GreatWhiteSharkEntityForge=1, death_NautilusEntityForge_mob_by_CommonStingrayEntityForge=4, death_SandtigerSharkEntityForge_mob_by_BlackSeaNettleJellyfishEntityForge=2, living_deaths=71, navigation_calls=68281, sensor_calls=152422}	119	126
33600	1113036736	{AmericanLobsterEntityForge=20, AtlanticCodEntityForge=16, AtlanticSalmonEntityForge=16, BlackSeaNettleJellyfishEntityForge=2, BlacktipReefSharkEntityForge=6, BottlenoseDolphinEntityForge=8, CannonballJellyfishEntityForge=4, CaribbeanReefOctopusEntityForge=4, CommonOctopusEntityForge=6, CommonStingrayEntityForge=6, CommonThresherSharkEntityForge=2, GiantMorayEelEntityForge=8, GreatHammerheadSharkEntityForge=2, GreatWhiteSharkEntityForge=2, GreenSeaTurtleEntityForge=6, HarborSealEntityForge=6, NautilusEntityForge=2, OceanicWhitetipSharkEntityForge=2, OrcaEntityForge=2, SandtigerSharkEntityForge=2, ShortfinMakoSharkEntityForge=2, TigerSharkEntityForge=2}	{AmericanLobsterEntityForge=300, AtlanticCodEntityForge=300, AtlanticSalmonEntityForge=300, BlackSeaNettleJellyfishEntityForge=300, BlacktipReefSharkEntityForge=300, BottlenoseDolphinEntityForge=700, CannonballJellyfishEntityForge=300, CaribbeanReefOctopusEntityForge=300, CommonOctopusEntityForge=300, CommonStingrayEntityForge=300, CommonThresherSharkEntityForge=300, GiantMorayEelEntityForge=300, GreatHammerheadSharkEntityForge=300, GreatWhiteSharkEntityForge=299, GreenSeaTurtleEntityForge=300, HarborSealEntityForge=300, NautilusEntityForge=300, OceanicWhitetipSharkEntityForge=300, OrcaEntityForge=700, SandtigerSharkEntityForge=300, ShortfinMakoSharkEntityForge=300, TigerSharkEntityForge=300}	11	{action_escape=185, action_feed=868, action_habitat=37, action_social=20, bounded_living_scans=4643, death_AmericanLobsterEntityForge_mob_by_BlacktipReefSharkEntityForge=4, death_AmericanLobsterEntityForge_mob_by_CommonStingrayEntityForge=9, death_AmericanLobsterEntityForge_mob_by_GreatHammerheadSharkEntityForge=1, death_AmericanLobsterEntityForge_mob_by_SandtigerSharkEntityForge=1, death_AtlanticCodEntityForge_mob_by_BlacktipReefSharkEntityForge=5, death_AtlanticCodEntityForge_mob_by_CommonThresherSharkEntityForge=5, death_AtlanticCodEntityForge_mob_by_GreatHammerheadSharkEntityForge=1, death_AtlanticCodEntityForge_mob_by_GreatWhiteSharkEntityForge=1, death_AtlanticCodEntityForge_mob_by_OceanicWhitetipSharkEntityForge=2, death_AtlanticCodEntityForge_mob_by_SandtigerSharkEntityForge=3, death_AtlanticCodEntityForge_mob_by_TigerSharkEntityForge=1, death_AtlanticSalmonEntityForge_mob_by_BlacktipReefSharkEntityForge=4, death_AtlanticSalmonEntityForge_mob_by_OceanicWhitetipSharkEntityForge=3, death_AtlanticSalmonEntityForge_mob_by_ShortfinMakoSharkEntityForge=1, death_AtlanticSalmonEntityForge_mob_by_TigerSharkEntityForge=2, death_BlackSeaNettleJellyfishEntityForge_mob_by_GreatWhiteSharkEntityForge=1, death_BlacktipReefSharkEntityForge_mob_by_GreatWhiteSharkEntityForge=1, death_BlacktipReefSharkEntityForge_mob_by_ShortfinMakoSharkEntityForge=2, death_CannonballJellyfishEntityForge_mob_by_GreatWhiteSharkEntityForge=1, death_CannonballJellyfishEntityForge_mob_by_TigerSharkEntityForge=1, death_CaribbeanReefOctopusEntityForge_mob_by_CommonStingrayEntityForge=4, death_CaribbeanReefOctopusEntityForge_mob_by_GreatHammerheadSharkEntityForge=3, death_CommonOctopusEntityForge_mob_by_GreatHammerheadSharkEntityForge=1, death_CommonOctopusEntityForge_mob_by_SandtigerSharkEntityForge=1, death_CommonStingrayEntityForge_mob_by_BlacktipReefSharkEntityForge=3, death_CommonStingrayEntityForge_mob_by_ShortfinMakoSharkEntityForge=1, death_GreenSeaTurtleEntityForge_mob_by_ShortfinMakoSharkEntityForge=1, death_HarborSealEntityForge_mob_by_BlackSeaNettleJellyfishEntityForge=1, death_HarborSealEntityForge_mob_by_GreatWhiteSharkEntityForge=1, death_NautilusEntityForge_mob_by_CommonStingrayEntityForge=4, death_SandtigerSharkEntityForge_mob_by_BlackSeaNettleJellyfishEntityForge=2, living_deaths=71, navigation_calls=68638, sensor_calls=153364}	121	126
33800	1304926144	{AmericanLobsterEntityForge=20, AtlanticCodEntityForge=16, AtlanticSalmonEntityForge=16, BlackSeaNettleJellyfishEntityForge=2, BlacktipReefSharkEntityForge=6, BottlenoseDolphinEntityForge=8, CannonballJellyfishEntityForge=4, CaribbeanReefOctopusEntityForge=4, CommonOctopusEntityForge=6, CommonStingrayEntityForge=6, CommonThresherSharkEntityForge=2, GiantMorayEelEntityForge=8, GreatHammerheadSharkEntityForge=2, GreatWhiteSharkEntityForge=2, GreenSeaTurtleEntityForge=6, HarborSealEntityForge=6, NautilusEntityForge=2, OceanicWhitetipSharkEntityForge=2, OrcaEntityForge=2, SandtigerSharkEntityForge=2, ShortfinMakoSharkEntityForge=2, TigerSharkEntityForge=2}	{AmericanLobsterEntityForge=300, AtlanticCodEntityForge=300, AtlanticSalmonEntityForge=300, BlackSeaNettleJellyfishEntityForge=300, BlacktipReefSharkEntityForge=300, BottlenoseDolphinEntityForge=700, CannonballJellyfishEntityForge=300, CaribbeanReefOctopusEntityForge=300, CommonOctopusEntityForge=300, CommonStingrayEntityForge=300, CommonThresherSharkEntityForge=300, GiantMorayEelEntityForge=300, GreatHammerheadSharkEntityForge=300, GreatWhiteSharkEntityForge=299, GreenSeaTurtleEntityForge=300, HarborSealEntityForge=300, NautilusEntityForge=300, OceanicWhitetipSharkEntityForge=300, OrcaEntityForge=700, SandtigerSharkEntityForge=300, ShortfinMakoSharkEntityForge=300, TigerSharkEntityForge=300}	11	{action_escape=186, action_feed=874, action_habitat=37, action_social=20, bounded_living_scans=4677, death_AmericanLobsterEntityForge_mob_by_BlacktipReefSharkEntityForge=4, death_AmericanLobsterEntityForge_mob_by_CommonStingrayEntityForge=9, death_AmericanLobsterEntityForge_mob_by_GreatHammerheadSharkEntityForge=1, death_AmericanLobsterEntityForge_mob_by_SandtigerSharkEntityForge=1, death_AtlanticCodEntityForge_mob_by_BlacktipReefSharkEntityForge=5, death_AtlanticCodEntityForge_mob_by_CommonThresherSharkEntityForge=5, death_AtlanticCodEntityForge_mob_by_GreatHammerheadSharkEntityForge=1, death_AtlanticCodEntityForge_mob_by_GreatWhiteSharkEntityForge=1, death_AtlanticCodEntityForge_mob_by_OceanicWhitetipSharkEntityForge=2, death_AtlanticCodEntityForge_mob_by_SandtigerSharkEntityForge=3, death_AtlanticCodEntityForge_mob_by_TigerSharkEntityForge=1, death_AtlanticSalmonEntityForge_mob_by_BlacktipReefSharkEntityForge=4, death_AtlanticSalmonEntityForge_mob_by_OceanicWhitetipSharkEntityForge=3, death_AtlanticSalmonEntityForge_mob_by_ShortfinMakoSharkEntityForge=1, death_AtlanticSalmonEntityForge_mob_by_TigerSharkEntityForge=2, death_BlackSeaNettleJellyfishEntityForge_mob_by_GreatWhiteSharkEntityForge=1, death_BlacktipReefSharkEntityForge_mob_by_GreatWhiteSharkEntityForge=1, death_BlacktipReefSharkEntityForge_mob_by_ShortfinMakoSharkEntityForge=2, death_CannonballJellyfishEntityForge_mob_by_GreatWhiteSharkEntityForge=1, death_CannonballJellyfishEntityForge_mob_by_TigerSharkEntityForge=1, death_CaribbeanReefOctopusEntityForge_mob_by_CommonStingrayEntityForge=4, death_CaribbeanReefOctopusEntityForge_mob_by_GreatHammerheadSharkEntityForge=3, death_CommonOctopusEntityForge_mob_by_GreatHammerheadSharkEntityForge=1, death_CommonOctopusEntityForge_mob_by_SandtigerSharkEntityForge=1, death_CommonStingrayEntityForge_mob_by_BlacktipReefSharkEntityForge=3, death_CommonStingrayEntityForge_mob_by_ShortfinMakoSharkEntityForge=1, death_GreenSeaTurtleEntityForge_mob_by_ShortfinMakoSharkEntityForge=1, death_HarborSealEntityForge_mob_by_BlackSeaNettleJellyfishEntityForge=1, death_HarborSealEntityForge_mob_by_GreatWhiteSharkEntityForge=1, death_NautilusEntityForge_mob_by_CommonStingrayEntityForge=4, death_SandtigerSharkEntityForge_mob_by_BlackSeaNettleJellyfishEntityForge=2, living_deaths=71, navigation_calls=68952, sensor_calls=154246}	120	126
34000	1498912704	{AmericanLobsterEntityForge=19, AtlanticCodEntityForge=16, AtlanticSalmonEntityForge=16, BlackSeaNettleJellyfishEntityForge=2, BlacktipReefSharkEntityForge=6, BottlenoseDolphinEntityForge=8, CannonballJellyfishEntityForge=4, CaribbeanReefOctopusEntityForge=4, CommonOctopusEntityForge=6, CommonStingrayEntityForge=6, CommonThresherSharkEntityForge=2, GiantMorayEelEntityForge=8, GreatHammerheadSharkEntityForge=2, GreatWhiteSharkEntityForge=2, GreenSeaTurtleEntityForge=6, HarborSealEntityForge=6, NautilusEntityForge=2, OceanicWhitetipSharkEntityForge=2, OrcaEntityForge=2, SandtigerSharkEntityForge=2, ShortfinMakoSharkEntityForge=2, TigerSharkEntityForge=2}	{AmericanLobsterEntityForge=300, AtlanticCodEntityForge=300, AtlanticSalmonEntityForge=300, BlackSeaNettleJellyfishEntityForge=300, BlacktipReefSharkEntityForge=300, BottlenoseDolphinEntityForge=700, CannonballJellyfishEntityForge=300, CaribbeanReefOctopusEntityForge=300, CommonOctopusEntityForge=300, CommonStingrayEntityForge=300, CommonThresherSharkEntityForge=300, GiantMorayEelEntityForge=300, GreatHammerheadSharkEntityForge=300, GreatWhiteSharkEntityForge=300, GreenSeaTurtleEntityForge=300, HarborSealEntityForge=300, NautilusEntityForge=300, OceanicWhitetipSharkEntityForge=300, OrcaEntityForge=700, SandtigerSharkEntityForge=300, ShortfinMakoSharkEntityForge=300, TigerSharkEntityForge=300}	11	{action_escape=187, action_feed=877, action_habitat=38, action_social=20, bounded_living_scans=4698, death_AmericanLobsterEntityForge_mob_by_BlacktipReefSharkEntityForge=4, death_AmericanLobsterEntityForge_mob_by_CommonStingrayEntityForge=10, death_AmericanLobsterEntityForge_mob_by_GreatHammerheadSharkEntityForge=1, death_AmericanLobsterEntityForge_mob_by_SandtigerSharkEntityForge=1, death_AtlanticCodEntityForge_mob_by_BlacktipReefSharkEntityForge=5, death_AtlanticCodEntityForge_mob_by_CommonThresherSharkEntityForge=5, death_AtlanticCodEntityForge_mob_by_GreatHammerheadSharkEntityForge=1, death_AtlanticCodEntityForge_mob_by_GreatWhiteSharkEntityForge=1, death_AtlanticCodEntityForge_mob_by_OceanicWhitetipSharkEntityForge=2, death_AtlanticCodEntityForge_mob_by_SandtigerSharkEntityForge=3, death_AtlanticCodEntityForge_mob_by_TigerSharkEntityForge=1, death_AtlanticSalmonEntityForge_mob_by_BlacktipReefSharkEntityForge=4, death_AtlanticSalmonEntityForge_mob_by_OceanicWhitetipSharkEntityForge=3, death_AtlanticSalmonEntityForge_mob_by_ShortfinMakoSharkEntityForge=1, death_AtlanticSalmonEntityForge_mob_by_TigerSharkEntityForge=2, death_BlackSeaNettleJellyfishEntityForge_mob_by_GreatWhiteSharkEntityForge=1, death_BlacktipReefSharkEntityForge_mob_by_GreatWhiteSharkEntityForge=1, death_BlacktipReefSharkEntityForge_mob_by_ShortfinMakoSharkEntityForge=2, death_CannonballJellyfishEntityForge_mob_by_GreatWhiteSharkEntityForge=1, death_CannonballJellyfishEntityForge_mob_by_TigerSharkEntityForge=1, death_CaribbeanReefOctopusEntityForge_mob_by_CommonStingrayEntityForge=4, death_CaribbeanReefOctopusEntityForge_mob_by_GreatHammerheadSharkEntityForge=3, death_CommonOctopusEntityForge_mob_by_GreatHammerheadSharkEntityForge=1, death_CommonOctopusEntityForge_mob_by_SandtigerSharkEntityForge=1, death_CommonStingrayEntityForge_mob_by_BlacktipReefSharkEntityForge=3, death_CommonStingrayEntityForge_mob_by_ShortfinMakoSharkEntityForge=1, death_GreenSeaTurtleEntityForge_mob_by_ShortfinMakoSharkEntityForge=1, death_HarborSealEntityForge_mob_by_BlackSeaNettleJellyfishEntityForge=1, death_HarborSealEntityForge_mob_by_GreatWhiteSharkEntityForge=1, death_NautilusEntityForge_mob_by_CommonStingrayEntityForge=4, death_SandtigerSharkEntityForge_mob_by_BlackSeaNettleJellyfishEntityForge=2, living_deaths=72, navigation_calls=69323, sensor_calls=155182}	123	125
34200	1700239296	{AmericanLobsterEntityForge=20, AtlanticCodEntityForge=16, AtlanticSalmonEntityForge=16, BlackSeaNettleJellyfishEntityForge=2, BlacktipReefSharkEntityForge=6, BottlenoseDolphinEntityForge=8, CannonballJellyfishEntityForge=4, CaribbeanReefOctopusEntityForge=4, CommonOctopusEntityForge=6, CommonStingrayEntityForge=6, CommonThresherSharkEntityForge=2, GiantMorayEelEntityForge=8, GreatHammerheadSharkEntityForge=2, GreatWhiteSharkEntityForge=2, GreenSeaTurtleEntityForge=6, HarborSealEntityForge=6, NautilusEntityForge=2, OceanicWhitetipSharkEntityForge=2, OrcaEntityForge=2, SandtigerSharkEntityForge=2, ShortfinMakoSharkEntityForge=2, TigerSharkEntityForge=2}	{AmericanLobsterEntityForge=300, AtlanticCodEntityForge=300, AtlanticSalmonEntityForge=300, BlackSeaNettleJellyfishEntityForge=300, BlacktipReefSharkEntityForge=300, BottlenoseDolphinEntityForge=700, CannonballJellyfishEntityForge=300, CaribbeanReefOctopusEntityForge=300, CommonOctopusEntityForge=300, CommonStingrayEntityForge=300, CommonThresherSharkEntityForge=300, GiantMorayEelEntityForge=300, GreatHammerheadSharkEntityForge=300, GreatWhiteSharkEntityForge=300, GreenSeaTurtleEntityForge=300, HarborSealEntityForge=300, NautilusEntityForge=300, OceanicWhitetipSharkEntityForge=300, OrcaEntityForge=700, SandtigerSharkEntityForge=300, ShortfinMakoSharkEntityForge=300, TigerSharkEntityForge=300}	11	{action_escape=188, action_feed=881, action_habitat=38, action_social=21, bounded_living_scans=4728, death_AmericanLobsterEntityForge_mob_by_BlacktipReefSharkEntityForge=4, death_AmericanLobsterEntityForge_mob_by_CommonStingrayEntityForge=10, death_AmericanLobsterEntityForge_mob_by_GreatHammerheadSharkEntityForge=1, death_AmericanLobsterEntityForge_mob_by_SandtigerSharkEntityForge=1, death_AtlanticCodEntityForge_mob_by_BlacktipReefSharkEntityForge=5, death_AtlanticCodEntityForge_mob_by_CommonThresherSharkEntityForge=5, death_AtlanticCodEntityForge_mob_by_GreatHammerheadSharkEntityForge=1, death_AtlanticCodEntityForge_mob_by_GreatWhiteSharkEntityForge=1, death_AtlanticCodEntityForge_mob_by_OceanicWhitetipSharkEntityForge=2, death_AtlanticCodEntityForge_mob_by_SandtigerSharkEntityForge=3, death_AtlanticCodEntityForge_mob_by_TigerSharkEntityForge=1, death_AtlanticSalmonEntityForge_mob_by_BlacktipReefSharkEntityForge=4, death_AtlanticSalmonEntityForge_mob_by_OceanicWhitetipSharkEntityForge=3, death_AtlanticSalmonEntityForge_mob_by_ShortfinMakoSharkEntityForge=1, death_AtlanticSalmonEntityForge_mob_by_TigerSharkEntityForge=2, death_BlackSeaNettleJellyfishEntityForge_mob_by_GreatWhiteSharkEntityForge=1, death_BlacktipReefSharkEntityForge_mob_by_GreatWhiteSharkEntityForge=1, death_BlacktipReefSharkEntityForge_mob_by_ShortfinMakoSharkEntityForge=2, death_CannonballJellyfishEntityForge_mob_by_GreatWhiteSharkEntityForge=1, death_CannonballJellyfishEntityForge_mob_by_TigerSharkEntityForge=1, death_CaribbeanReefOctopusEntityForge_mob_by_CommonStingrayEntityForge=4, death_CaribbeanReefOctopusEntityForge_mob_by_GreatHammerheadSharkEntityForge=3, death_CommonOctopusEntityForge_mob_by_GreatHammerheadSharkEntityForge=1, death_CommonOctopusEntityForge_mob_by_SandtigerSharkEntityForge=1, death_CommonStingrayEntityForge_mob_by_BlacktipReefSharkEntityForge=3, death_CommonStingrayEntityForge_mob_by_ShortfinMakoSharkEntityForge=1, death_GreenSeaTurtleEntityForge_mob_by_ShortfinMakoSharkEntityForge=1, death_HarborSealEntityForge_mob_by_BlackSeaNettleJellyfishEntityForge=1, death_HarborSealEntityForge_mob_by_GreatWhiteSharkEntityForge=1, death_NautilusEntityForge_mob_by_CommonStingrayEntityForge=4, death_SandtigerSharkEntityForge_mob_by_BlackSeaNettleJellyfishEntityForge=2, living_deaths=72, navigation_calls=69702, sensor_calls=156065}	122	126
34400	617324880	{AmericanLobsterEntityForge=20, AtlanticCodEntityForge=16, AtlanticSalmonEntityForge=16, BlackSeaNettleJellyfishEntityForge=2, BlacktipReefSharkEntityForge=6, BottlenoseDolphinEntityForge=8, CannonballJellyfishEntityForge=4, CaribbeanReefOctopusEntityForge=4, CommonOctopusEntityForge=6, CommonStingrayEntityForge=6, CommonThresherSharkEntityForge=2, GiantMorayEelEntityForge=8, GreatHammerheadSharkEntityForge=2, GreatWhiteSharkEntityForge=2, GreenSeaTurtleEntityForge=6, HarborSealEntityForge=6, NautilusEntityForge=2, OceanicWhitetipSharkEntityForge=2, OrcaEntityForge=2, SandtigerSharkEntityForge=2, ShortfinMakoSharkEntityForge=2, TigerSharkEntityForge=2}	{AmericanLobsterEntityForge=300, AtlanticCodEntityForge=300, AtlanticSalmonEntityForge=300, BlackSeaNettleJellyfishEntityForge=300, BlacktipReefSharkEntityForge=300, BottlenoseDolphinEntityForge=700, CannonballJellyfishEntityForge=300, CaribbeanReefOctopusEntityForge=300, CommonOctopusEntityForge=300, CommonStingrayEntityForge=300, CommonThresherSharkEntityForge=300, GiantMorayEelEntityForge=300, GreatHammerheadSharkEntityForge=300, GreatWhiteSharkEntityForge=300, GreenSeaTurtleEntityForge=300, HarborSealEntityForge=300, NautilusEntityForge=300, OceanicWhitetipSharkEntityForge=300, OrcaEntityForge=700, SandtigerSharkEntityForge=300, ShortfinMakoSharkEntityForge=300, TigerSharkEntityForge=300}	11	{action_escape=189, action_feed=890, action_habitat=38, action_social=21, bounded_living_scans=4755, death_AmericanLobsterEntityForge_mob_by_BlacktipReefSharkEntityForge=4, death_AmericanLobsterEntityForge_mob_by_CommonStingrayEntityForge=10, death_AmericanLobsterEntityForge_mob_by_GreatHammerheadSharkEntityForge=1, death_AmericanLobsterEntityForge_mob_by_SandtigerSharkEntityForge=1, death_AtlanticCodEntityForge_mob_by_BlacktipReefSharkEntityForge=5, death_AtlanticCodEntityForge_mob_by_CommonThresherSharkEntityForge=5, death_AtlanticCodEntityForge_mob_by_GreatHammerheadSharkEntityForge=1, death_AtlanticCodEntityForge_mob_by_GreatWhiteSharkEntityForge=1, death_AtlanticCodEntityForge_mob_by_OceanicWhitetipSharkEntityForge=2, death_AtlanticCodEntityForge_mob_by_SandtigerSharkEntityForge=3, death_AtlanticCodEntityForge_mob_by_TigerSharkEntityForge=1, death_AtlanticSalmonEntityForge_mob_by_BlacktipReefSharkEntityForge=4, death_AtlanticSalmonEntityForge_mob_by_OceanicWhitetipSharkEntityForge=3, death_AtlanticSalmonEntityForge_mob_by_ShortfinMakoSharkEntityForge=1, death_AtlanticSalmonEntityForge_mob_by_TigerSharkEntityForge=2, death_BlackSeaNettleJellyfishEntityForge_mob_by_GreatWhiteSharkEntityForge=1, death_BlacktipReefSharkEntityForge_mob_by_GreatWhiteSharkEntityForge=1, death_BlacktipReefSharkEntityForge_mob_by_ShortfinMakoSharkEntityForge=2, death_CannonballJellyfishEntityForge_mob_by_GreatWhiteSharkEntityForge=1, death_CannonballJellyfishEntityForge_mob_by_TigerSharkEntityForge=1, death_CaribbeanReefOctopusEntityForge_mob_by_CommonStingrayEntityForge=4, death_CaribbeanReefOctopusEntityForge_mob_by_GreatHammerheadSharkEntityForge=3, death_CommonOctopusEntityForge_mob_by_GreatHammerheadSharkEntityForge=1, death_CommonOctopusEntityForge_mob_by_SandtigerSharkEntityForge=1, death_CommonStingrayEntityForge_mob_by_BlacktipReefSharkEntityForge=3, death_CommonStingrayEntityForge_mob_by_ShortfinMakoSharkEntityForge=1, death_GreenSeaTurtleEntityForge_mob_by_ShortfinMakoSharkEntityForge=1, death_HarborSealEntityForge_mob_by_BlackSeaNettleJellyfishEntityForge=1, death_HarborSealEntityForge_mob_by_GreatWhiteSharkEntityForge=1, death_NautilusEntityForge_mob_by_CommonStingrayEntityForge=4, death_SandtigerSharkEntityForge_mob_by_BlackSeaNettleJellyfishEntityForge=2, living_deaths=72, navigation_calls=70228, sensor_calls=157008}	124	126
34600	811311440	{AmericanLobsterEntityForge=20, AtlanticCodEntityForge=16, AtlanticSalmonEntityForge=16, BlackSeaNettleJellyfishEntityForge=2, BlacktipReefSharkEntityForge=6, BottlenoseDolphinEntityForge=8, CannonballJellyfishEntityForge=4, CaribbeanReefOctopusEntityForge=4, CommonOctopusEntityForge=6, CommonStingrayEntityForge=6, CommonThresherSharkEntityForge=2, GiantMorayEelEntityForge=8, GreatHammerheadSharkEntityForge=2, GreatWhiteSharkEntityForge=2, GreenSeaTurtleEntityForge=6, HarborSealEntityForge=6, NautilusEntityForge=2, OceanicWhitetipSharkEntityForge=2, OrcaEntityForge=2, SandtigerSharkEntityForge=2, ShortfinMakoSharkEntityForge=2, TigerSharkEntityForge=2}	{AmericanLobsterEntityForge=300, AtlanticCodEntityForge=300, AtlanticSalmonEntityForge=300, BlackSeaNettleJellyfishEntityForge=300, BlacktipReefSharkEntityForge=300, BottlenoseDolphinEntityForge=700, CannonballJellyfishEntityForge=300, CaribbeanReefOctopusEntityForge=300, CommonOctopusEntityForge=300, CommonStingrayEntityForge=300, CommonThresherSharkEntityForge=300, GiantMorayEelEntityForge=300, GreatHammerheadSharkEntityForge=300, GreatWhiteSharkEntityForge=300, GreenSeaTurtleEntityForge=300, HarborSealEntityForge=300, NautilusEntityForge=300, OceanicWhitetipSharkEntityForge=300, OrcaEntityForge=689, SandtigerSharkEntityForge=300, ShortfinMakoSharkEntityForge=300, TigerSharkEntityForge=300}	11	{action_escape=191, action_feed=895, action_habitat=39, action_social=22, bounded_living_scans=4793, death_AmericanLobsterEntityForge_mob_by_BlacktipReefSharkEntityForge=4, death_AmericanLobsterEntityForge_mob_by_CommonStingrayEntityForge=10, death_AmericanLobsterEntityForge_mob_by_GreatHammerheadSharkEntityForge=1, death_AmericanLobsterEntityForge_mob_by_SandtigerSharkEntityForge=1, death_AtlanticCodEntityForge_mob_by_BlacktipReefSharkEntityForge=5, death_AtlanticCodEntityForge_mob_by_CommonThresherSharkEntityForge=5, death_AtlanticCodEntityForge_mob_by_GreatHammerheadSharkEntityForge=1, death_AtlanticCodEntityForge_mob_by_GreatWhiteSharkEntityForge=1, death_AtlanticCodEntityForge_mob_by_OceanicWhitetipSharkEntityForge=2, death_AtlanticCodEntityForge_mob_by_SandtigerSharkEntityForge=3, death_AtlanticCodEntityForge_mob_by_TigerSharkEntityForge=1, death_AtlanticSalmonEntityForge_mob_by_BlacktipReefSharkEntityForge=4, death_AtlanticSalmonEntityForge_mob_by_OceanicWhitetipSharkEntityForge=3, death_AtlanticSalmonEntityForge_mob_by_ShortfinMakoSharkEntityForge=1, death_AtlanticSalmonEntityForge_mob_by_TigerSharkEntityForge=2, death_BlackSeaNettleJellyfishEntityForge_mob_by_GreatWhiteSharkEntityForge=1, death_BlacktipReefSharkEntityForge_mob_by_GreatWhiteSharkEntityForge=1, death_BlacktipReefSharkEntityForge_mob_by_ShortfinMakoSharkEntityForge=2, death_CannonballJellyfishEntityForge_mob_by_GreatWhiteSharkEntityForge=1, death_CannonballJellyfishEntityForge_mob_by_TigerSharkEntityForge=1, death_CaribbeanReefOctopusEntityForge_mob_by_CommonStingrayEntityForge=4, death_CaribbeanReefOctopusEntityForge_mob_by_GreatHammerheadSharkEntityForge=3, death_CommonOctopusEntityForge_mob_by_GreatHammerheadSharkEntityForge=1, death_CommonOctopusEntityForge_mob_by_SandtigerSharkEntityForge=1, death_CommonStingrayEntityForge_mob_by_BlacktipReefSharkEntityForge=3, death_CommonStingrayEntityForge_mob_by_ShortfinMakoSharkEntityForge=1, death_GreenSeaTurtleEntityForge_mob_by_ShortfinMakoSharkEntityForge=1, death_HarborSealEntityForge_mob_by_BlackSeaNettleJellyfishEntityForge=1, death_HarborSealEntityForge_mob_by_GreatWhiteSharkEntityForge=1, death_NautilusEntityForge_mob_by_CommonStingrayEntityForge=4, death_SandtigerSharkEntityForge_mob_by_BlackSeaNettleJellyfishEntityForge=2, living_deaths=72, navigation_calls=70783, sensor_calls=157891}	120	126
34800	1012638032	{AmericanLobsterEntityForge=20, AtlanticCodEntityForge=16, AtlanticSalmonEntityForge=16, BlackSeaNettleJellyfishEntityForge=2, BlacktipReefSharkEntityForge=6, BottlenoseDolphinEntityForge=8, CannonballJellyfishEntityForge=4, CaribbeanReefOctopusEntityForge=4, CommonOctopusEntityForge=6, CommonStingrayEntityForge=6, CommonThresherSharkEntityForge=2, GiantMorayEelEntityForge=8, GreatHammerheadSharkEntityForge=2, GreatWhiteSharkEntityForge=2, GreenSeaTurtleEntityForge=6, HarborSealEntityForge=6, NautilusEntityForge=2, OceanicWhitetipSharkEntityForge=2, OrcaEntityForge=2, SandtigerSharkEntityForge=2, ShortfinMakoSharkEntityForge=2, TigerSharkEntityForge=2}	{AmericanLobsterEntityForge=300, AtlanticCodEntityForge=300, AtlanticSalmonEntityForge=300, BlackSeaNettleJellyfishEntityForge=300, BlacktipReefSharkEntityForge=300, BottlenoseDolphinEntityForge=700, CannonballJellyfishEntityForge=300, CaribbeanReefOctopusEntityForge=300, CommonOctopusEntityForge=300, CommonStingrayEntityForge=300, CommonThresherSharkEntityForge=300, GiantMorayEelEntityForge=300, GreatHammerheadSharkEntityForge=300, GreatWhiteSharkEntityForge=300, GreenSeaTurtleEntityForge=300, HarborSealEntityForge=300, NautilusEntityForge=300, OceanicWhitetipSharkEntityForge=300, OrcaEntityForge=700, SandtigerSharkEntityForge=300, ShortfinMakoSharkEntityForge=300, TigerSharkEntityForge=300}	11	{action_escape=192, action_feed=903, action_habitat=39, action_social=22, bounded_living_scans=4815, death_AmericanLobsterEntityForge_mob_by_BlacktipReefSharkEntityForge=4, death_AmericanLobsterEntityForge_mob_by_CommonStingrayEntityForge=10, death_AmericanLobsterEntityForge_mob_by_GreatHammerheadSharkEntityForge=1, death_AmericanLobsterEntityForge_mob_by_SandtigerSharkEntityForge=1, death_AtlanticCodEntityForge_mob_by_BlacktipReefSharkEntityForge=5, death_AtlanticCodEntityForge_mob_by_CommonThresherSharkEntityForge=5, death_AtlanticCodEntityForge_mob_by_GreatHammerheadSharkEntityForge=1, death_AtlanticCodEntityForge_mob_by_GreatWhiteSharkEntityForge=1, death_AtlanticCodEntityForge_mob_by_OceanicWhitetipSharkEntityForge=2, death_AtlanticCodEntityForge_mob_by_SandtigerSharkEntityForge=3, death_AtlanticCodEntityForge_mob_by_TigerSharkEntityForge=1, death_AtlanticSalmonEntityForge_mob_by_BlacktipReefSharkEntityForge=4, death_AtlanticSalmonEntityForge_mob_by_OceanicWhitetipSharkEntityForge=3, death_AtlanticSalmonEntityForge_mob_by_ShortfinMakoSharkEntityForge=1, death_AtlanticSalmonEntityForge_mob_by_TigerSharkEntityForge=2, death_BlackSeaNettleJellyfishEntityForge_mob_by_GreatWhiteSharkEntityForge=1, death_BlacktipReefSharkEntityForge_mob_by_GreatWhiteSharkEntityForge=1, death_BlacktipReefSharkEntityForge_mob_by_ShortfinMakoSharkEntityForge=2, death_CannonballJellyfishEntityForge_mob_by_GreatWhiteSharkEntityForge=1, death_CannonballJellyfishEntityForge_mob_by_TigerSharkEntityForge=1, death_CaribbeanReefOctopusEntityForge_mob_by_CommonStingrayEntityForge=4, death_CaribbeanReefOctopusEntityForge_mob_by_GreatHammerheadSharkEntityForge=3, death_CommonOctopusEntityForge_mob_by_GreatHammerheadSharkEntityForge=1, death_CommonOctopusEntityForge_mob_by_SandtigerSharkEntityForge=1, death_CommonStingrayEntityForge_mob_by_BlacktipReefSharkEntityForge=3, death_CommonStingrayEntityForge_mob_by_ShortfinMakoSharkEntityForge=1, death_GreenSeaTurtleEntityForge_mob_by_ShortfinMakoSharkEntityForge=1, death_HarborSealEntityForge_mob_by_BlackSeaNettleJellyfishEntityForge=1, death_HarborSealEntityForge_mob_by_GreatWhiteSharkEntityForge=1, death_NautilusEntityForge_mob_by_CommonStingrayEntityForge=4, death_SandtigerSharkEntityForge_mob_by_BlackSeaNettleJellyfishEntityForge=2, living_deaths=72, navigation_calls=71226, sensor_calls=158836}	122	126
35000	1204527440	{AmericanLobsterEntityForge=20, AtlanticCodEntityForge=16, AtlanticSalmonEntityForge=16, BlackSeaNettleJellyfishEntityForge=2, BlacktipReefSharkEntityForge=6, BottlenoseDolphinEntityForge=8, CannonballJellyfishEntityForge=4, CaribbeanReefOctopusEntityForge=4, CommonOctopusEntityForge=6, CommonStingrayEntityForge=6, CommonThresherSharkEntityForge=2, GiantMorayEelEntityForge=8, GreatHammerheadSharkEntityForge=2, GreatWhiteSharkEntityForge=2, GreenSeaTurtleEntityForge=6, HarborSealEntityForge=6, NautilusEntityForge=2, OceanicWhitetipSharkEntityForge=2, OrcaEntityForge=2, SandtigerSharkEntityForge=2, ShortfinMakoSharkEntityForge=2, TigerSharkEntityForge=2}	{AmericanLobsterEntityForge=300, AtlanticCodEntityForge=300, AtlanticSalmonEntityForge=300, BlackSeaNettleJellyfishEntityForge=300, BlacktipReefSharkEntityForge=300, BottlenoseDolphinEntityForge=700, CannonballJellyfishEntityForge=300, CaribbeanReefOctopusEntityForge=300, CommonOctopusEntityForge=300, CommonStingrayEntityForge=300, CommonThresherSharkEntityForge=300, GiantMorayEelEntityForge=300, GreatHammerheadSharkEntityForge=300, GreatWhiteSharkEntityForge=300, GreenSeaTurtleEntityForge=300, HarborSealEntityForge=300, NautilusEntityForge=300, OceanicWhitetipSharkEntityForge=300, OrcaEntityForge=700, SandtigerSharkEntityForge=300, ShortfinMakoSharkEntityForge=300, TigerSharkEntityForge=300}	11	{action_escape=193, action_feed=908, action_habitat=40, action_social=22, bounded_living_scans=4851, death_AmericanLobsterEntityForge_mob_by_BlacktipReefSharkEntityForge=4, death_AmericanLobsterEntityForge_mob_by_CommonStingrayEntityForge=10, death_AmericanLobsterEntityForge_mob_by_GreatHammerheadSharkEntityForge=1, death_AmericanLobsterEntityForge_mob_by_SandtigerSharkEntityForge=1, death_AtlanticCodEntityForge_mob_by_BlacktipReefSharkEntityForge=5, death_AtlanticCodEntityForge_mob_by_CommonThresherSharkEntityForge=5, death_AtlanticCodEntityForge_mob_by_GreatHammerheadSharkEntityForge=1, death_AtlanticCodEntityForge_mob_by_GreatWhiteSharkEntityForge=1, death_AtlanticCodEntityForge_mob_by_OceanicWhitetipSharkEntityForge=2, death_AtlanticCodEntityForge_mob_by_SandtigerSharkEntityForge=3, death_AtlanticCodEntityForge_mob_by_TigerSharkEntityForge=1, death_AtlanticSalmonEntityForge_mob_by_BlacktipReefSharkEntityForge=4, death_AtlanticSalmonEntityForge_mob_by_OceanicWhitetipSharkEntityForge=3, death_AtlanticSalmonEntityForge_mob_by_ShortfinMakoSharkEntityForge=1, death_AtlanticSalmonEntityForge_mob_by_TigerSharkEntityForge=2, death_BlackSeaNettleJellyfishEntityForge_mob_by_GreatWhiteSharkEntityForge=1, death_BlacktipReefSharkEntityForge_mob_by_GreatWhiteSharkEntityForge=1, death_BlacktipReefSharkEntityForge_mob_by_ShortfinMakoSharkEntityForge=2, death_CannonballJellyfishEntityForge_mob_by_GreatWhiteSharkEntityForge=1, death_CannonballJellyfishEntityForge_mob_by_TigerSharkEntityForge=1, death_CaribbeanReefOctopusEntityForge_mob_by_CommonStingrayEntityForge=4, death_CaribbeanReefOctopusEntityForge_mob_by_GreatHammerheadSharkEntityForge=3, death_CommonOctopusEntityForge_mob_by_GreatHammerheadSharkEntityForge=1, death_CommonOctopusEntityForge_mob_by_SandtigerSharkEntityForge=1, death_CommonStingrayEntityForge_mob_by_BlacktipReefSharkEntityForge=3, death_CommonStingrayEntityForge_mob_by_ShortfinMakoSharkEntityForge=1, death_GreenSeaTurtleEntityForge_mob_by_ShortfinMakoSharkEntityForge=1, death_HarborSealEntityForge_mob_by_BlackSeaNettleJellyfishEntityForge=1, death_HarborSealEntityForge_mob_by_GreatWhiteSharkEntityForge=1, death_NautilusEntityForge_mob_by_CommonStingrayEntityForge=4, death_SandtigerSharkEntityForge_mob_by_BlackSeaNettleJellyfishEntityForge=2, living_deaths=72, navigation_calls=71615, sensor_calls=159718}	124	126
35200	1396416848	{AmericanLobsterEntityForge=20, AtlanticCodEntityForge=16, AtlanticSalmonEntityForge=16, BlackSeaNettleJellyfishEntityForge=2, BlacktipReefSharkEntityForge=6, BottlenoseDolphinEntityForge=8, CannonballJellyfishEntityForge=4, CaribbeanReefOctopusEntityForge=4, CommonOctopusEntityForge=6, CommonStingrayEntityForge=6, CommonThresherSharkEntityForge=2, GiantMorayEelEntityForge=8, GreatHammerheadSharkEntityForge=2, GreatWhiteSharkEntityForge=2, GreenSeaTurtleEntityForge=6, HarborSealEntityForge=6, NautilusEntityForge=2, OceanicWhitetipSharkEntityForge=2, OrcaEntityForge=2, SandtigerSharkEntityForge=2, ShortfinMakoSharkEntityForge=2, TigerSharkEntityForge=2}	{AmericanLobsterEntityForge=300, AtlanticCodEntityForge=300, AtlanticSalmonEntityForge=300, BlackSeaNettleJellyfishEntityForge=300, BlacktipReefSharkEntityForge=300, BottlenoseDolphinEntityForge=700, CannonballJellyfishEntityForge=300, CaribbeanReefOctopusEntityForge=300, CommonOctopusEntityForge=300, CommonStingrayEntityForge=300, CommonThresherSharkEntityForge=300, GiantMorayEelEntityForge=300, GreatHammerheadSharkEntityForge=300, GreatWhiteSharkEntityForge=298, GreenSeaTurtleEntityForge=300, HarborSealEntityForge=300, NautilusEntityForge=300, OceanicWhitetipSharkEntityForge=300, OrcaEntityForge=700, SandtigerSharkEntityForge=300, ShortfinMakoSharkEntityForge=300, TigerSharkEntityForge=300}	11	{action_escape=194, action_feed=910, action_habitat=41, action_social=22, bounded_living_scans=4875, death_AmericanLobsterEntityForge_mob_by_BlacktipReefSharkEntityForge=4, death_AmericanLobsterEntityForge_mob_by_CommonStingrayEntityForge=10, death_AmericanLobsterEntityForge_mob_by_GreatHammerheadSharkEntityForge=1, death_AmericanLobsterEntityForge_mob_by_SandtigerSharkEntityForge=1, death_AtlanticCodEntityForge_mob_by_BlacktipReefSharkEntityForge=5, death_AtlanticCodEntityForge_mob_by_CommonThresherSharkEntityForge=5, death_AtlanticCodEntityForge_mob_by_GreatHammerheadSharkEntityForge=1, death_AtlanticCodEntityForge_mob_by_GreatWhiteSharkEntityForge=1, death_AtlanticCodEntityForge_mob_by_OceanicWhitetipSharkEntityForge=2, death_AtlanticCodEntityForge_mob_by_SandtigerSharkEntityForge=3, death_AtlanticCodEntityForge_mob_by_TigerSharkEntityForge=1, death_AtlanticSalmonEntityForge_mob_by_BlacktipReefSharkEntityForge=4, death_AtlanticSalmonEntityForge_mob_by_OceanicWhitetipSharkEntityForge=3, death_AtlanticSalmonEntityForge_mob_by_ShortfinMakoSharkEntityForge=1, death_AtlanticSalmonEntityForge_mob_by_TigerSharkEntityForge=2, death_BlackSeaNettleJellyfishEntityForge_mob_by_GreatWhiteSharkEntityForge=1, death_BlacktipReefSharkEntityForge_mob_by_GreatWhiteSharkEntityForge=1, death_BlacktipReefSharkEntityForge_mob_by_ShortfinMakoSharkEntityForge=2, death_CannonballJellyfishEntityForge_mob_by_GreatWhiteSharkEntityForge=1, death_CannonballJellyfishEntityForge_mob_by_TigerSharkEntityForge=1, death_CaribbeanReefOctopusEntityForge_mob_by_CommonStingrayEntityForge=4, death_CaribbeanReefOctopusEntityForge_mob_by_GreatHammerheadSharkEntityForge=3, death_CommonOctopusEntityForge_mob_by_GreatHammerheadSharkEntityForge=1, death_CommonOctopusEntityForge_mob_by_SandtigerSharkEntityForge=1, death_CommonStingrayEntityForge_mob_by_BlacktipReefSharkEntityForge=3, death_CommonStingrayEntityForge_mob_by_ShortfinMakoSharkEntityForge=1, death_GreenSeaTurtleEntityForge_mob_by_ShortfinMakoSharkEntityForge=1, death_HarborSealEntityForge_mob_by_BlackSeaNettleJellyfishEntityForge=1, death_HarborSealEntityForge_mob_by_GreatWhiteSharkEntityForge=1, death_NautilusEntityForge_mob_by_CommonStingrayEntityForge=4, death_SandtigerSharkEntityForge_mob_by_BlackSeaNettleJellyfishEntityForge=2, living_deaths=72, navigation_calls=71999, sensor_calls=160662}	121	126
35400	1586209104	{AmericanLobsterEntityForge=20, AtlanticCodEntityForge=16, AtlanticSalmonEntityForge=15, BlackSeaNettleJellyfishEntityForge=2, BlacktipReefSharkEntityForge=6, BottlenoseDolphinEntityForge=8, CannonballJellyfishEntityForge=4, CaribbeanReefOctopusEntityForge=4, CommonOctopusEntityForge=6, CommonStingrayEntityForge=6, CommonThresherSharkEntityForge=2, GiantMorayEelEntityForge=8, GreatHammerheadSharkEntityForge=2, GreatWhiteSharkEntityForge=2, GreenSeaTurtleEntityForge=6, HarborSealEntityForge=6, NautilusEntityForge=2, OceanicWhitetipSharkEntityForge=2, OrcaEntityForge=2, SandtigerSharkEntityForge=2, ShortfinMakoSharkEntityForge=2, TigerSharkEntityForge=2}	{AmericanLobsterEntityForge=300, AtlanticCodEntityForge=300, AtlanticSalmonEntityForge=300, BlackSeaNettleJellyfishEntityForge=300, BlacktipReefSharkEntityForge=300, BottlenoseDolphinEntityForge=700, CannonballJellyfishEntityForge=300, CaribbeanReefOctopusEntityForge=300, CommonOctopusEntityForge=300, CommonStingrayEntityForge=300, CommonThresherSharkEntityForge=300, GiantMorayEelEntityForge=300, GreatHammerheadSharkEntityForge=300, GreatWhiteSharkEntityForge=300, GreenSeaTurtleEntityForge=300, HarborSealEntityForge=300, NautilusEntityForge=300, OceanicWhitetipSharkEntityForge=300, OrcaEntityForge=700, SandtigerSharkEntityForge=300, ShortfinMakoSharkEntityForge=300, TigerSharkEntityForge=300}	11	{action_escape=194, action_feed=916, action_habitat=41, action_social=22, bounded_living_scans=4904, death_AmericanLobsterEntityForge_mob_by_BlacktipReefSharkEntityForge=4, death_AmericanLobsterEntityForge_mob_by_CommonStingrayEntityForge=10, death_AmericanLobsterEntityForge_mob_by_GreatHammerheadSharkEntityForge=1, death_AmericanLobsterEntityForge_mob_by_SandtigerSharkEntityForge=1, death_AtlanticCodEntityForge_mob_by_BlacktipReefSharkEntityForge=5, death_AtlanticCodEntityForge_mob_by_CommonThresherSharkEntityForge=5, death_AtlanticCodEntityForge_mob_by_GreatHammerheadSharkEntityForge=1, death_AtlanticCodEntityForge_mob_by_GreatWhiteSharkEntityForge=1, death_AtlanticCodEntityForge_mob_by_OceanicWhitetipSharkEntityForge=2, death_AtlanticCodEntityForge_mob_by_SandtigerSharkEntityForge=3, death_AtlanticCodEntityForge_mob_by_TigerSharkEntityForge=1, death_AtlanticSalmonEntityForge_mob_by_BlacktipReefSharkEntityForge=5, death_AtlanticSalmonEntityForge_mob_by_OceanicWhitetipSharkEntityForge=3, death_AtlanticSalmonEntityForge_mob_by_ShortfinMakoSharkEntityForge=1, death_AtlanticSalmonEntityForge_mob_by_TigerSharkEntityForge=2, death_BlackSeaNettleJellyfishEntityForge_mob_by_GreatWhiteSharkEntityForge=1, death_BlacktipReefSharkEntityForge_mob_by_GreatWhiteSharkEntityForge=1, death_BlacktipReefSharkEntityForge_mob_by_ShortfinMakoSharkEntityForge=2, death_CannonballJellyfishEntityForge_mob_by_GreatWhiteSharkEntityForge=1, death_CannonballJellyfishEntityForge_mob_by_TigerSharkEntityForge=1, death_CaribbeanReefOctopusEntityForge_mob_by_CommonStingrayEntityForge=4, death_CaribbeanReefOctopusEntityForge_mob_by_GreatHammerheadSharkEntityForge=3, death_CommonOctopusEntityForge_mob_by_GreatHammerheadSharkEntityForge=1, death_CommonOctopusEntityForge_mob_by_SandtigerSharkEntityForge=1, death_CommonStingrayEntityForge_mob_by_BlacktipReefSharkEntityForge=3, death_CommonStingrayEntityForge_mob_by_ShortfinMakoSharkEntityForge=1, death_GreenSeaTurtleEntityForge_mob_by_ShortfinMakoSharkEntityForge=1, death_HarborSealEntityForge_mob_by_BlackSeaNettleJellyfishEntityForge=1, death_HarborSealEntityForge_mob_by_GreatWhiteSharkEntityForge=1, death_NautilusEntityForge_mob_by_CommonStingrayEntityForge=4, death_SandtigerSharkEntityForge_mob_by_BlackSeaNettleJellyfishEntityForge=2, living_deaths=73, navigation_calls=72374, sensor_calls=161543}	121	125
35600	508944736	{AmericanLobsterEntityForge=19, AtlanticCodEntityForge=16, AtlanticSalmonEntityForge=16, BlackSeaNettleJellyfishEntityForge=2, BlacktipReefSharkEntityForge=6, BottlenoseDolphinEntityForge=8, CannonballJellyfishEntityForge=4, CaribbeanReefOctopusEntityForge=4, CommonOctopusEntityForge=6, CommonStingrayEntityForge=6, CommonThresherSharkEntityForge=2, GiantMorayEelEntityForge=8, GreatHammerheadSharkEntityForge=2, GreatWhiteSharkEntityForge=2, GreenSeaTurtleEntityForge=6, HarborSealEntityForge=6, NautilusEntityForge=2, OceanicWhitetipSharkEntityForge=2, OrcaEntityForge=2, SandtigerSharkEntityForge=2, ShortfinMakoSharkEntityForge=2, TigerSharkEntityForge=2}	{AmericanLobsterEntityForge=300, AtlanticCodEntityForge=300, AtlanticSalmonEntityForge=300, BlackSeaNettleJellyfishEntityForge=300, BlacktipReefSharkEntityForge=300, BottlenoseDolphinEntityForge=700, CannonballJellyfishEntityForge=300, CaribbeanReefOctopusEntityForge=300, CommonOctopusEntityForge=300, CommonStingrayEntityForge=300, CommonThresherSharkEntityForge=300, GiantMorayEelEntityForge=300, GreatHammerheadSharkEntityForge=300, GreatWhiteSharkEntityForge=300, GreenSeaTurtleEntityForge=300, HarborSealEntityForge=300, NautilusEntityForge=300, OceanicWhitetipSharkEntityForge=300, OrcaEntityForge=700, SandtigerSharkEntityForge=300, ShortfinMakoSharkEntityForge=300, TigerSharkEntityForge=300}	11	{action_escape=195, action_feed=926, action_habitat=43, action_social=22, bounded_living_scans=4934, death_AmericanLobsterEntityForge_mob_by_BlacktipReefSharkEntityForge=4, death_AmericanLobsterEntityForge_mob_by_CommonStingrayEntityForge=10, death_AmericanLobsterEntityForge_mob_by_GreatHammerheadSharkEntityForge=1, death_AmericanLobsterEntityForge_mob_by_SandtigerSharkEntityForge=2, death_AtlanticCodEntityForge_mob_by_BlacktipReefSharkEntityForge=5, death_AtlanticCodEntityForge_mob_by_CommonThresherSharkEntityForge=5, death_AtlanticCodEntityForge_mob_by_GreatHammerheadSharkEntityForge=1, death_AtlanticCodEntityForge_mob_by_GreatWhiteSharkEntityForge=1, death_AtlanticCodEntityForge_mob_by_OceanicWhitetipSharkEntityForge=2, death_AtlanticCodEntityForge_mob_by_SandtigerSharkEntityForge=3, death_AtlanticCodEntityForge_mob_by_TigerSharkEntityForge=1, death_AtlanticSalmonEntityForge_mob_by_BlacktipReefSharkEntityForge=5, death_AtlanticSalmonEntityForge_mob_by_OceanicWhitetipSharkEntityForge=3, death_AtlanticSalmonEntityForge_mob_by_ShortfinMakoSharkEntityForge=1, death_AtlanticSalmonEntityForge_mob_by_TigerSharkEntityForge=2, death_BlackSeaNettleJellyfishEntityForge_mob_by_GreatWhiteSharkEntityForge=1, death_BlacktipReefSharkEntityForge_mob_by_GreatWhiteSharkEntityForge=1, death_BlacktipReefSharkEntityForge_mob_by_ShortfinMakoSharkEntityForge=2, death_CannonballJellyfishEntityForge_mob_by_GreatWhiteSharkEntityForge=1, death_CannonballJellyfishEntityForge_mob_by_TigerSharkEntityForge=1, death_CaribbeanReefOctopusEntityForge_mob_by_CommonStingrayEntityForge=4, death_CaribbeanReefOctopusEntityForge_mob_by_GreatHammerheadSharkEntityForge=3, death_CommonOctopusEntityForge_mob_by_GreatHammerheadSharkEntityForge=1, death_CommonOctopusEntityForge_mob_by_SandtigerSharkEntityForge=1, death_CommonStingrayEntityForge_mob_by_BlacktipReefSharkEntityForge=3, death_CommonStingrayEntityForge_mob_by_ShortfinMakoSharkEntityForge=1, death_GreenSeaTurtleEntityForge_mob_by_ShortfinMakoSharkEntityForge=1, death_HarborSealEntityForge_mob_by_BlackSeaNettleJellyfishEntityForge=1, death_HarborSealEntityForge_mob_by_GreatWhiteSharkEntityForge=1, death_NautilusEntityForge_mob_by_CommonStingrayEntityForge=4, death_SandtigerSharkEntityForge_mob_by_BlackSeaNettleJellyfishEntityForge=2, living_deaths=74, navigation_calls=72848, sensor_calls=162477}	121	125
35800	715514208	{AmericanLobsterEntityForge=20, AtlanticCodEntityForge=16, AtlanticSalmonEntityForge=16, BlackSeaNettleJellyfishEntityForge=2, BlacktipReefSharkEntityForge=6, BottlenoseDolphinEntityForge=8, CannonballJellyfishEntityForge=4, CaribbeanReefOctopusEntityForge=4, CommonOctopusEntityForge=6, CommonStingrayEntityForge=6, CommonThresherSharkEntityForge=2, GiantMorayEelEntityForge=8, GreatHammerheadSharkEntityForge=2, GreatWhiteSharkEntityForge=2, GreenSeaTurtleEntityForge=6, HarborSealEntityForge=6, NautilusEntityForge=2, OceanicWhitetipSharkEntityForge=2, OrcaEntityForge=2, SandtigerSharkEntityForge=2, ShortfinMakoSharkEntityForge=2, TigerSharkEntityForge=2}	{AmericanLobsterEntityForge=300, AtlanticCodEntityForge=300, AtlanticSalmonEntityForge=300, BlackSeaNettleJellyfishEntityForge=300, BlacktipReefSharkEntityForge=300, BottlenoseDolphinEntityForge=700, CannonballJellyfishEntityForge=300, CaribbeanReefOctopusEntityForge=300, CommonOctopusEntityForge=300, CommonStingrayEntityForge=300, CommonThresherSharkEntityForge=300, GiantMorayEelEntityForge=300, GreatHammerheadSharkEntityForge=300, GreatWhiteSharkEntityForge=300, GreenSeaTurtleEntityForge=300, HarborSealEntityForge=300, NautilusEntityForge=300, OceanicWhitetipSharkEntityForge=300, OrcaEntityForge=700, SandtigerSharkEntityForge=300, ShortfinMakoSharkEntityForge=300, TigerSharkEntityForge=300}	11	{action_escape=195, action_feed=933, action_habitat=44, action_social=22, bounded_living_scans=4968, death_AmericanLobsterEntityForge_mob_by_BlacktipReefSharkEntityForge=4, death_AmericanLobsterEntityForge_mob_by_CommonStingrayEntityForge=10, death_AmericanLobsterEntityForge_mob_by_GreatHammerheadSharkEntityForge=1, death_AmericanLobsterEntityForge_mob_by_SandtigerSharkEntityForge=2, death_AtlanticCodEntityForge_mob_by_BlacktipReefSharkEntityForge=5, death_AtlanticCodEntityForge_mob_by_CommonThresherSharkEntityForge=5, death_AtlanticCodEntityForge_mob_by_GreatHammerheadSharkEntityForge=1, death_AtlanticCodEntityForge_mob_by_GreatWhiteSharkEntityForge=1, death_AtlanticCodEntityForge_mob_by_OceanicWhitetipSharkEntityForge=2, death_AtlanticCodEntityForge_mob_by_SandtigerSharkEntityForge=3, death_AtlanticCodEntityForge_mob_by_TigerSharkEntityForge=1, death_AtlanticSalmonEntityForge_mob_by_BlacktipReefSharkEntityForge=5, death_AtlanticSalmonEntityForge_mob_by_OceanicWhitetipSharkEntityForge=3, death_AtlanticSalmonEntityForge_mob_by_ShortfinMakoSharkEntityForge=1, death_AtlanticSalmonEntityForge_mob_by_TigerSharkEntityForge=2, death_BlackSeaNettleJellyfishEntityForge_mob_by_GreatWhiteSharkEntityForge=1, death_BlacktipReefSharkEntityForge_mob_by_GreatWhiteSharkEntityForge=1, death_BlacktipReefSharkEntityForge_mob_by_ShortfinMakoSharkEntityForge=2, death_CannonballJellyfishEntityForge_mob_by_GreatWhiteSharkEntityForge=1, death_CannonballJellyfishEntityForge_mob_by_TigerSharkEntityForge=1, death_CaribbeanReefOctopusEntityForge_mob_by_CommonStingrayEntityForge=4, death_CaribbeanReefOctopusEntityForge_mob_by_GreatHammerheadSharkEntityForge=3, death_CommonOctopusEntityForge_mob_by_GreatHammerheadSharkEntityForge=1, death_CommonOctopusEntityForge_mob_by_SandtigerSharkEntityForge=1, death_CommonStingrayEntityForge_mob_by_BlacktipReefSharkEntityForge=3, death_CommonStingrayEntityForge_mob_by_ShortfinMakoSharkEntityForge=1, death_GreenSeaTurtleEntityForge_mob_by_ShortfinMakoSharkEntityForge=1, death_HarborSealEntityForge_mob_by_BlackSeaNettleJellyfishEntityForge=1, death_HarborSealEntityForge_mob_by_GreatWhiteSharkEntityForge=1, death_NautilusEntityForge_mob_by_CommonStingrayEntityForge=4, death_SandtigerSharkEntityForge_mob_by_BlackSeaNettleJellyfishEntityForge=2, living_deaths=74, navigation_calls=73276, sensor_calls=163359}	120	126
36000	922083680	{AmericanLobsterEntityForge=20, AtlanticCodEntityForge=16, AtlanticSalmonEntityForge=16, BlackSeaNettleJellyfishEntityForge=2, BlacktipReefSharkEntityForge=6, BottlenoseDolphinEntityForge=8, CannonballJellyfishEntityForge=4, CaribbeanReefOctopusEntityForge=4, CommonOctopusEntityForge=6, CommonStingrayEntityForge=6, CommonThresherSharkEntityForge=2, GiantMorayEelEntityForge=8, GreatHammerheadSharkEntityForge=2, GreatWhiteSharkEntityForge=2, GreenSeaTurtleEntityForge=6, HarborSealEntityForge=6, NautilusEntityForge=2, OceanicWhitetipSharkEntityForge=2, OrcaEntityForge=2, SandtigerSharkEntityForge=2, ShortfinMakoSharkEntityForge=2, TigerSharkEntityForge=2}	{AmericanLobsterEntityForge=300, AtlanticCodEntityForge=300, AtlanticSalmonEntityForge=300, BlackSeaNettleJellyfishEntityForge=300, BlacktipReefSharkEntityForge=300, BottlenoseDolphinEntityForge=700, CannonballJellyfishEntityForge=300, CaribbeanReefOctopusEntityForge=300, CommonOctopusEntityForge=300, CommonStingrayEntityForge=300, CommonThresherSharkEntityForge=300, GiantMorayEelEntityForge=300, GreatHammerheadSharkEntityForge=300, GreatWhiteSharkEntityForge=300, GreenSeaTurtleEntityForge=300, HarborSealEntityForge=300, NautilusEntityForge=300, OceanicWhitetipSharkEntityForge=300, OrcaEntityForge=700, SandtigerSharkEntityForge=300, ShortfinMakoSharkEntityForge=300, TigerSharkEntityForge=300}	11	{action_escape=197, action_feed=937, action_habitat=44, action_social=22, bounded_living_scans=4988, death_AmericanLobsterEntityForge_mob_by_BlacktipReefSharkEntityForge=4, death_AmericanLobsterEntityForge_mob_by_CommonStingrayEntityForge=10, death_AmericanLobsterEntityForge_mob_by_GreatHammerheadSharkEntityForge=1, death_AmericanLobsterEntityForge_mob_by_SandtigerSharkEntityForge=2, death_AtlanticCodEntityForge_mob_by_BlacktipReefSharkEntityForge=5, death_AtlanticCodEntityForge_mob_by_CommonThresherSharkEntityForge=5, death_AtlanticCodEntityForge_mob_by_GreatHammerheadSharkEntityForge=1, death_AtlanticCodEntityForge_mob_by_GreatWhiteSharkEntityForge=1, death_AtlanticCodEntityForge_mob_by_OceanicWhitetipSharkEntityForge=2, death_AtlanticCodEntityForge_mob_by_SandtigerSharkEntityForge=3, death_AtlanticCodEntityForge_mob_by_TigerSharkEntityForge=1, death_AtlanticSalmonEntityForge_mob_by_BlacktipReefSharkEntityForge=5, death_AtlanticSalmonEntityForge_mob_by_OceanicWhitetipSharkEntityForge=3, death_AtlanticSalmonEntityForge_mob_by_ShortfinMakoSharkEntityForge=1, death_AtlanticSalmonEntityForge_mob_by_TigerSharkEntityForge=2, death_BlackSeaNettleJellyfishEntityForge_mob_by_GreatWhiteSharkEntityForge=1, death_BlacktipReefSharkEntityForge_mob_by_GreatWhiteSharkEntityForge=1, death_BlacktipReefSharkEntityForge_mob_by_ShortfinMakoSharkEntityForge=2, death_CannonballJellyfishEntityForge_mob_by_GreatWhiteSharkEntityForge=1, death_CannonballJellyfishEntityForge_mob_by_TigerSharkEntityForge=1, death_CaribbeanReefOctopusEntityForge_mob_by_CommonStingrayEntityForge=4, death_CaribbeanReefOctopusEntityForge_mob_by_GreatHammerheadSharkEntityForge=3, death_CommonOctopusEntityForge_mob_by_GreatHammerheadSharkEntityForge=1, death_CommonOctopusEntityForge_mob_by_SandtigerSharkEntityForge=1, death_CommonStingrayEntityForge_mob_by_BlacktipReefSharkEntityForge=3, death_CommonStingrayEntityForge_mob_by_ShortfinMakoSharkEntityForge=1, death_GreenSeaTurtleEntityForge_mob_by_ShortfinMakoSharkEntityForge=1, death_HarborSealEntityForge_mob_by_BlackSeaNettleJellyfishEntityForge=1, death_HarborSealEntityForge_mob_by_GreatWhiteSharkEntityForge=1, death_NautilusEntityForge_mob_by_CommonStingrayEntityForge=4, death_SandtigerSharkEntityForge_mob_by_BlackSeaNettleJellyfishEntityForge=2, living_deaths=74, navigation_calls=73779, sensor_calls=164303}	124	126
